event_slug,city,quality,factor,horizon_seconds,slice_name,slice_value,token_count,coverage,zero_rate,ic,nonzero_hit_rate,top_bottom,crossing_markout_diagnostic
highest-temperature-in-buenos-aires-on-june-12-2026,Buenos Aires,degraded,bid_ask_liquidity_asymmetry,30,overall,all,11,0.9967530796549496,0.8187667871089078,0.0890866718849444,0.7005403097271908,0.0013849215126918873,-0.02134122068225457
highest-temperature-in-buenos-aires-on-june-12-2026,Buenos Aires,degraded,bid_ask_liquidity_asymmetry,120,overall,all,11,0.9911613689592692,0.7164896133482018,0.1670289943862496,0.712645543364761,0.002698682318713572,-0.021085850863930892
highest-temperature-in-buenos-aires-on-june-12-2026,Buenos Aires,degraded,bid_ask_liquidity_asymmetry,600,overall,all,11,0.9536971154918706,0.5485886502868973,0.21106029077616073,0.6650006007998095,0.005545777763691636,-0.019961806045519084
highest-temperature-in-buenos-aires-on-june-12-2026,Buenos Aires,degraded,depth_concentration,30,overall,all,11,0.9967530796549496,0.8187667871089078,0.04846529323287869,0.5827239359260994,-0.0027248600499797018,-0.021907167275254266
highest-temperature-in-buenos-aires-on-june-12-2026,Buenos Aires,degraded,depth_concentration,120,overall,all,11,0.9911613689592692,0.7164896133482018,0.09557088876747262,0.6639439210896674,-0.003968805159011201,-0.0220236016673887
highest-temperature-in-buenos-aires-on-june-12-2026,Buenos Aires,degraded,depth_concentration,600,overall,all,11,0.9536971154918706,0.5485886502868973,0.14057237641683204,0.5770342016980788,-0.004965258089743716,-0.02151003211348584
highest-temperature-in-buenos-aires-on-june-12-2026,Buenos Aires,degraded,depth_imbalance_1,30,activity_bucket,high,11,1.0,0.8372373237157723,0.06869717379886794,0.6260869565217392,-0.002926346801346799,-0.020049269601993127
highest-temperature-in-buenos-aires-on-june-12-2026,Buenos Aires,degraded,depth_imbalance_1,30,activity_bucket,low,11,0.9857672922209292,0.8527585174648443,0.10725751052947828,0.6590475765885003,0.0019442184989858608,-0.018647720070196824
highest-temperature-in-buenos-aires-on-june-12-2026,Buenos Aires,degraded,depth_imbalance_1,30,activity_bucket,medium,11,0.9985931343735586,0.8113000909484621,0.13359457561291557,0.6662626256380925,0.002110104004024475,-0.021266887665006173
highest-temperature-in-buenos-aires-on-june-12-2026,Buenos Aires,degraded,depth_imbalance_1,30,lifecycle_bucket,early,11,0.9967530796549496,0.8187667871089078,0.13019858951826357,0.6693407064130232,0.0021959660034254476,-0.02085835042622987
highest-temperature-in-buenos-aires-on-june-12-2026,Buenos Aires,degraded,depth_imbalance_1,30,overall,all,11,0.9967530796549496,0.8187667871089078,0.13019858951826357,0.6693407064130232,0.0021959660034254476,-0.02085835042622987
highest-temperature-in-buenos-aires-on-june-12-2026,Buenos Aires,degraded,depth_imbalance_1,30,price_bucket,"[0,0.04)",5,0.9954758296879884,0.9583794998763493,0.16785379490634605,0.8338058089508543,0.00037924671841630536,-0.0033464399071696112
highest-temperature-in-buenos-aires-on-june-12-2026,Buenos Aires,degraded,depth_imbalance_1,30,price_bucket,"[0.04,0.20)",4,0.9975569296753128,0.7682239623708298,0.08663381559381507,0.514380956702514,0.002878372535097809,-0.026085030049838757
highest-temperature-in-buenos-aires-on-june-12-2026,Buenos Aires,degraded,depth_imbalance_1,30,price_bucket,"[0.20,0.80]",3,0.9983900273024942,0.5929471830470249,0.11252877080716624,0.5501919518938142,0.0033307872270505446,-0.04617163204269947
highest-temperature-in-buenos-aires-on-june-12-2026,Buenos Aires,degraded,depth_imbalance_1,30,spread_bucket,medium,11,0.9979373759712467,0.8455076470830737,0.13033272653336497,0.5880069850218645,0.000779369704579897,-0.01757718354965032
highest-temperature-in-buenos-aires-on-june-12-2026,Buenos Aires,degraded,depth_imbalance_1,30,spread_bucket,tight,11,0.9925394764201826,0.8887643152641455,0.07676862901095176,0.5788243745774172,0.004356782155859533,-0.008128977507606215
highest-temperature-in-buenos-aires-on-june-12-2026,Buenos Aires,degraded,depth_imbalance_1,30,spread_bucket,wide,11,0.9997952497952499,0.7223594081023574,0.1791796719373677,0.6317062243213963,0.0020158352531974458,-0.0367730790634194
highest-temperature-in-buenos-aires-on-june-12-2026,Buenos Aires,degraded,depth_imbalance_1,60,activity_bucket,high,11,1.0,0.7380364816761652,-0.12916108945497587,0.6791666666666667,-0.004142255892255891,-0.021288412748726327
highest-temperature-in-buenos-aires-on-june-12-2026,Buenos Aires,degraded,depth_imbalance_1,60,activity_bucket,low,11,0.9857672922209292,0.8111679501070381,0.11960866440504908,0.6789629763878702,0.0020888350803740683,-0.018675712902161853
highest-temperature-in-buenos-aires-on-june-12-2026,Buenos Aires,degraded,depth_imbalance_1,60,activity_bucket,medium,11,0.9982153957686731,0.7702798188847201,0.1482875389633366,0.6820223120006621,0.0018452022224935956,-0.021197125882962898
highest-temperature-in-buenos-aires-on-june-12-2026,Buenos Aires,degraded,depth_imbalance_1,60,lifecycle_bucket,early,11,0.9964303254860415,0.7760102186727372,0.14214434156746755,0.6857363290400493,0.0020632646731913425,-0.02084245913677852
highest-temperature-in-buenos-aires-on-june-12-2026,Buenos Aires,degraded,depth_imbalance_1,60,price_bucket,"[0,0.04)",5,0.9954758296879884,0.9434885056910879,0.2044762233572154,0.8549622926093514,0.00045551219281272085,-0.0033325759585876844
highest-temperature-in-buenos-aires-on-june-12-2026,Buenos Aires,degraded,depth_imbalance_1,60,price_bucket,"[0.04,0.20)",4,0.9975569296753128,0.7097185077704194,0.101669312741566,0.5330966304650515,0.0025538876745139953,-0.026030265447182913
highest-temperature-in-buenos-aires-on-june-12-2026,Buenos Aires,degraded,depth_imbalance_1,60,price_bucket,"[0.20,0.80]",3,0.9972065953498314,0.5217225161669606,0.06792245748671678,0.5563327549995434,0.002885419248963102,-0.0465267381439213
highest-temperature-in-buenos-aires-on-june-12-2026,Buenos Aires,degraded,depth_imbalance_1,60,spread_bucket,medium,11,0.9969668162818258,0.8160275944506291,0.08430341867140533,0.5671003083674316,0.0006345547101071059,-0.01776068893119067
highest-temperature-in-buenos-aires-on-june-12-2026,Buenos Aires,degraded,depth_imbalance_1,60,spread_bucket,tight,11,0.9925394764201826,0.8367052433124347,0.05878913460058634,0.595253682487725,0.004074016440283104,-0.007558306660663685
highest-temperature-in-buenos-aires-on-june-12-2026,Buenos Aires,degraded,depth_imbalance_1,60,spread_bucket,wide,11,0.9997952497952499,0.6758662164371614,0.2110832880725108,0.6442374764987905,0.0011870305420277102,-0.03711036677963297
highest-temperature-in-buenos-aires-on-june-12-2026,Buenos Aires,degraded,depth_imbalance_1,120,activity_bucket,high,11,1.0,0.6745999802599654,-0.013793336975205042,0.6895511583011583,0.004958341200163633,-0.019836352557259927
highest-temperature-in-buenos-aires-on-june-12-2026,Buenos Aires,degraded,depth_imbalance_1,120,activity_bucket,low,11,0.9728400830453497,0.7826383274659203,0.12502625531253914,0.6463617300920027,0.0025846352314363493,-0.018821795882246854
highest-temperature-in-buenos-aires-on-june-12-2026,Buenos Aires,degraded,depth_imbalance_1,120,activity_bucket,medium,11,0.9937786916788833,0.7070551923374898,0.22494235603642895,0.7129149097548192,0.0036148243119126177,-0.021265722817088703
highest-temperature-in-buenos-aires-on-june-12-2026,Buenos Aires,degraded,depth_imbalance_1,120,lifecycle_bucket,early,11,0.9911613689592692,0.7164896133482018,0.22066670926797868,0.7071258429310842,0.0035791271179494073,-0.02083269862628366
highest-temperature-in-buenos-aires-on-june-12-2026,Buenos Aires,degraded,depth_imbalance_1,120,overall,all,11,0.9911613689592692,0.7164896133482018,0.22066670926797868,0.7071258429310842,0.0035791271179494073,-0.02083269862628366
highest-temperature-in-buenos-aires-on-june-12-2026,Buenos Aires,degraded,depth_imbalance_1,120,price_bucket,"[0,0.04)",5,0.991342480602398,0.9093457447138787,0.3811497722893586,0.9163203463203462,0.0007385719401814292,-0.003285636731061542
highest-temperature-in-buenos-aires-on-june-12-2026,Buenos Aires,degraded,depth_imbalance_1,120,price_bucket,"[0.04,0.20)",4,0.9912166130358002,0.6635933818213324,0.1102791688740884,0.516030829349686,0.004711207365912419,-0.02626288670030868
highest-temperature-in-buenos-aires-on-june-12-2026,Buenos Aires,degraded,depth_imbalance_1,120,price_bucket,"[0.20,0.80]",3,0.9932297587470001,0.37369361936193624,0.0006798852478888673,0.5495633508637122,0.0025915270520335976,-0.04699926557366946
highest-temperature-in-buenos-aires-on-june-12-2026,Buenos Aires,degraded,depth_imbalance_1,120,spread_bucket,medium,11,0.9938885811482627,0.7935709171856267,0.10688126061947392,0.5936274720431697,0.0014134712461448622,-0.0175883132852521
highest-temperature-in-buenos-aires-on-june-12-2026,Buenos Aires,degraded,depth_imbalance_1,120,spread_bucket,tight,11,0.9806476871860558,0.8027838881322769,0.030314579715050388,0.6203741814889865,0.005750246644606133,-0.006746253581990991
highest-temperature-in-buenos-aires-on-june-12-2026,Buenos Aires,degraded,depth_imbalance_1,120,spread_bucket,wide,11,0.998976248976249,0.5540022697724244,0.35873389385181503,0.6654190216146006,0.006306140038532886,-0.03782535301255715
highest-temperature-in-buenos-aires-on-june-12-2026,Buenos Aires,degraded,depth_imbalance_1,300,activity_bucket,high,11,1.0,0.5796340256885218,0.3324013998582917,0.7202226345083488,0.004429713804713811,-0.014151368490283112
highest-temperature-in-buenos-aires-on-june-12-2026,Buenos Aires,degraded,depth_imbalance_1,300,activity_bucket,low,11,0.9450719261264083,0.6815447056486463,0.16025495063717365,0.6447105211268034,0.003936640899808449,-0.019305297443801647
highest-temperature-in-buenos-aires-on-june-12-2026,Buenos Aires,degraded,depth_imbalance_1,300,activity_bucket,medium,11,0.9865615917186201,0.6211847151854699,0.2995412276289109,0.6988857587553047,0.0058857186882885805,-0.020752701433067056
highest-temperature-in-buenos-aires-on-june-12-2026,Buenos Aires,degraded,depth_imbalance_1,300,lifecycle_bucket,early,11,0.9813973038230427,0.6266730127329955,0.29934562064919357,0.6949231121267959,0.006402346069392697,-0.02036364856491034
highest-temperature-in-buenos-aires-on-june-12-2026,Buenos Aires,degraded,depth_imbalance_1,300,price_bucket,"[0,0.04)",5,0.9849730593837505,0.8518451142697329,0.5054015600600164,0.9065914368335148,0.000951950329259759,-0.0032543476555587938
highest-temperature-in-buenos-aires-on-june-12-2026,Buenos Aires,degraded,depth_imbalance_1,300,price_bucket,"[0.04,0.20)",4,0.9776290316757908,0.583572810472296,0.09851619780457543,0.4669425654125954,0.00960520654740183,-0.025760522850165706
highest-temperature-in-buenos-aires-on-june-12-2026,Buenos Aires,degraded,depth_imbalance_1,300,price_bucket,"[0.20,0.80]",3,0.9839002730249415,0.217483164983165,0.046138644375809716,0.5701231176631313,0.0036336587636511424,-0.04692727097144902
highest-temperature-in-buenos-aires-on-june-12-2026,Buenos Aires,degraded,depth_imbalance_1,300,spread_bucket,medium,11,0.9820528049836283,0.7414437067746994,0.059704204025040064,0.5384619541036438,0.0035487415864138444,-0.0174384861939049
highest-temperature-in-buenos-aires-on-june-12-2026,Buenos Aires,degraded,depth_imbalance_1,300,spread_bucket,tight,11,0.9634144915180184,0.7364291238458819,0.1597906578645399,0.636328477868112,0.01346519485461665,-0.0034940865758111587
highest-temperature-in-buenos-aires-on-june-12-2026,Buenos Aires,degraded,depth_imbalance_1,300,spread_bucket,wide,11,0.9987714987714987,0.4074265674882168,0.45182858062696063,0.6774279138556026,0.00680350029539998,-0.03926415449091936
highest-temperature-in-buenos-aires-on-june-12-2026,Buenos Aires,degraded,depth_imbalance_1,600,activity_bucket,high,11,1.0,0.5561980530590009,0.39030491931045525,0.7317156527682843,0.008274410774410783,-0.01298776955901279
highest-temperature-in-buenos-aires-on-june-12-2026,Buenos Aires,degraded,depth_imbalance_1,600,activity_bucket,low,11,0.8927404677389742,0.5934098101183353,0.2069349481192262,0.6664006368336007,0.0012708375332959355,-0.0190932793738916
highest-temperature-in-buenos-aires-on-june-12-2026,Buenos Aires,degraded,depth_imbalance_1,600,activity_bucket,medium,11,0.9613265787106354,0.5430748554827636,0.3458421393267162,0.6961490051855973,0.006906942588671781,-0.019690612652440372
highest-temperature-in-buenos-aires-on-june-12-2026,Buenos Aires,degraded,depth_imbalance_1,600,lifecycle_bucket,early,11,0.9536971154918706,0.5485886502868973,0.337315305448702,0.6944600425615572,0.007007409569212458,-0.019461261352872097
highest-temperature-in-buenos-aires-on-june-12-2026,Buenos Aires,degraded,depth_imbalance_1,600,overall,all,11,0.9536971154918706,0.5485886502868973,0.337315305448702,0.6944600425615572,0.007007409569212458,-0.019461261352872097
highest-temperature-in-buenos-aires-on-june-12-2026,Buenos Aires,degraded,depth_imbalance_1,600,price_bucket,"[0,0.04)",5,0.9502145074453099,0.758142859570141,0.5126431201062011,0.8640799947472507,0.0012245355173972107,-0.00317226090800009
highest-temperature-in-buenos-aires-on-june-12-2026,Buenos Aires,degraded,depth_imbalance_1,600,price_bucket,"[0.04,0.20)",4,0.9499514504643101,0.5257316503038804,0.21166576480759877,0.5425464753438167,0.010907211867719632,-0.023743471306976866
highest-temperature-in-buenos-aires-on-june-12-2026,Buenos Aires,degraded,depth_imbalance_1,600,price_bucket,"[0.20,0.80]",3,0.9726464958560449,0.16670523040513055,0.033752047378093696,0.5636736894698086,0.0034784610817550124,-0.047735335125041016
highest-temperature-in-buenos-aires-on-june-12-2026,Buenos Aires,degraded,depth_imbalance_1,600,spread_bucket,medium,11,0.9547713236315054,0.6668143370955901,0.09963643278628252,0.5571954521339846,0.006069384441956395,-0.01631431343771586
highest-temperature-in-buenos-aires-on-june-12-2026,Buenos Aires,degraded,depth_imbalance_1,600,spread_bucket,tight,11,0.9200382399889889,0.6780170682721262,0.17196828603801384,0.6614407089653523,0.013294686641610801,-0.0019200319145191126
highest-temperature-in-buenos-aires-on-june-12-2026,Buenos Aires,degraded,depth_imbalance_1,600,spread_bucket,wide,11,0.9863854911024723,0.3144109895695234,0.4000274261499724,0.6657549711467161,0.002408080896650396,-0.03870134628283575
highest-temperature-in-buenos-aires-on-june-12-2026,Buenos Aires,degraded,depth_imbalance_1,900,activity_bucket,high,11,1.0,0.41164850235625394,-0.09100366107199213,0.6003584020220233,0.009974787792252757,-0.012153754181704007
highest-temperature-in-buenos-aires-on-june-12-2026,Buenos Aires,degraded,depth_imbalance_1,900,activity_bucket,low,11,0.8588338119095072,0.5311362635008502,0.21099966351839028,0.6385782372964278,0.0036167780710113923,-0.01950894617259895
highest-temperature-in-buenos-aires-on-june-12-2026,Buenos Aires,degraded,depth_imbalance_1,900,activity_bucket,medium,11,0.9575095197463156,0.47682512885022615,0.23520716132297767,0.6326314151470569,0.002979836389607452,-0.018781213012822904
highest-temperature-in-buenos-aires-on-june-12-2026,Buenos Aires,degraded,depth_imbalance_1,900,lifecycle_bucket,early,11,0.9458538267150864,0.4693376240018464,0.216593579907079,0.616356256872426,0.003212362683463536,-0.018750006104603586
highest-temperature-in-buenos-aires-on-june-12-2026,Buenos Aires,degraded,depth_imbalance_1,900,price_bucket,"[0,0.04)",5,0.9464030769574746,0.6571799659271622,0.34463674883212975,0.7123862676866283,0.0013515221467096364,-0.003173247001155663
highest-temperature-in-buenos-aires-on-june-12-2026,Buenos Aires,degraded,depth_imbalance_1,900,price_bucket,"[0.04,0.20)",4,0.9386008102180222,0.4310248057715344,0.14355724707247167,0.49223135994948847,0.010416910631361024,-0.023964854021583618
highest-temperature-in-buenos-aires-on-june-12-2026,Buenos Aires,degraded,depth_imbalance_1,900,price_bucket,"[0.20,0.80]",3,0.9633651052749196,0.17211705831157528,-0.07424009308485868,0.580431135771693,-0.010329065819617808,-0.04565022105103638
highest-temperature-in-buenos-aires-on-june-12-2026,Buenos Aires,degraded,depth_imbalance_1,900,spread_bucket,medium,11,0.9476276340378088,0.5591479862928249,-0.03069572991536342,0.5021552389440029,0.004632315800131842,-0.016225058246169998
highest-temperature-in-buenos-aires-on-june-12-2026,Buenos Aires,degraded,depth_imbalance_1,900,spread_bucket,tight,11,0.904405412799174,0.5966616613439996,-0.06305126519019896,0.7117076988159319,0.0061181811934710745,0.0008193081705338067
highest-temperature-in-buenos-aires-on-june-12-2026,Buenos Aires,degraded,depth_imbalance_1,900,spread_bucket,wide,11,0.9856503771598111,0.27268954593552724,0.38122332596816766,0.6144433153646219,0.002334483173204821,-0.03894901233522768
highest-temperature-in-buenos-aires-on-june-12-2026,Buenos Aires,degraded,depth_imbalance_3,30,overall,all,11,0.9967530796549496,0.8187667871089078,0.040582254266253844,0.4890925059294901,0.003836656685495016,-0.021145852355070386
highest-temperature-in-buenos-aires-on-june-12-2026,Buenos Aires,degraded,depth_imbalance_3,120,overall,all,11,0.9911613689592692,0.7164896133482018,0.05761650087003818,0.48455714765750757,0.005431584020123342,-0.02114645667497135
highest-temperature-in-buenos-aires-on-june-12-2026,Buenos Aires,degraded,depth_imbalance_3,600,overall,all,11,0.9536971154918706,0.5485886502868973,0.1441524512036592,0.6230948126879061,0.009816736170703817,-0.019282020606615536
highest-temperature-in-buenos-aires-on-june-12-2026,Buenos Aires,degraded,depth_imbalance_5,30,overall,all,11,0.9967530796549496,0.8187667871089078,0.033224650843319915,0.4441457747496816,0.002632775603734724,-0.021155242640166574
highest-temperature-in-buenos-aires-on-june-12-2026,Buenos Aires,degraded,depth_imbalance_5,120,overall,all,11,0.9911613689592692,0.7164896133482018,0.045357298151405816,0.46185369420261907,0.00315130122762238,-0.02128848981562468
highest-temperature-in-buenos-aires-on-june-12-2026,Buenos Aires,degraded,depth_imbalance_5,600,overall,all,11,0.9536971154918706,0.5485886502868973,0.09596767415295927,0.5858112499451198,0.006429889850942052,-0.020551371739205026
highest-temperature-in-buenos-aires-on-june-12-2026,Buenos Aires,degraded,depth_slope,30,overall,all,11,0.9967530796549496,0.8187667871089078,-0.04688195041567975,0.4139347111785252,0.003471018148488542,-0.021096686196604143
highest-temperature-in-buenos-aires-on-june-12-2026,Buenos Aires,degraded,depth_slope,120,overall,all,11,0.9911613689592692,0.7164896133482018,-0.13827918134393935,0.35505524234436386,0.004698549763839815,-0.020542645621049956
highest-temperature-in-buenos-aires-on-june-12-2026,Buenos Aires,degraded,depth_slope,600,overall,all,11,0.9536971154918706,0.5485886502868973,-0.16525982126728797,0.4835697656996224,0.005138093121843611,-0.019607937836558384
highest-temperature-in-buenos-aires-on-june-12-2026,Buenos Aires,degraded,distance_to_zero_one,30,overall,all,11,0.9967530796549496,0.8187667871089078,-0.2713643728991835,0.5827239359260994,-0.02177186255888161,-0.021907167275254266
highest-temperature-in-buenos-aires-on-june-12-2026,Buenos Aires,degraded,distance_to_zero_one,120,overall,all,11,0.9911613689592692,0.7164896133482018,-0.4092845787803389,0.6639439210896674,-0.039059700204273406,-0.0220236016673887
highest-temperature-in-buenos-aires-on-june-12-2026,Buenos Aires,degraded,distance_to_zero_one,600,overall,all,11,0.9536971154918706,0.5485886502868973,-0.5680120042710225,0.5770342016980788,-0.05296435376692957,-0.02151003211348584
highest-temperature-in-buenos-aires-on-june-12-2026,Buenos Aires,degraded,microprice_minus_mid,30,activity_bucket,high,11,1.0,0.8372373237157723,0.24934165780289916,0.6260869565217392,-0.00431240981240981,-0.02005048489275478
highest-temperature-in-buenos-aires-on-june-12-2026,Buenos Aires,degraded,microprice_minus_mid,30,activity_bucket,low,11,0.9857672922209292,0.8527585174648443,0.13115049058530834,0.6565593512263747,0.0006530559165953497,-0.01857958699487216
highest-temperature-in-buenos-aires-on-june-12-2026,Buenos Aires,degraded,microprice_minus_mid,30,activity_bucket,medium,11,0.9985931343735586,0.8113000909484621,0.09659060401560131,0.6672259901733918,-0.0005021354895425115,-0.021238240130755117
highest-temperature-in-buenos-aires-on-june-12-2026,Buenos Aires,degraded,microprice_minus_mid,30,lifecycle_bucket,early,11,0.9967530796549496,0.8187667871089078,0.09863100045893711,0.669734720662865,-0.00012659487453767562,-0.020830199540246126
highest-temperature-in-buenos-aires-on-june-12-2026,Buenos Aires,degraded,microprice_minus_mid,30,overall,all,11,0.9967530796549496,0.8187667871089078,0.09863100045893711,0.669734720662865,-0.00012659487453767562,-0.020830199540246126
highest-temperature-in-buenos-aires-on-june-12-2026,Buenos Aires,degraded,microprice_minus_mid,30,price_bucket,"[0,0.04)",5,0.9954758296879884,0.9583794998763493,0.18141392242922144,0.8338058089508543,0.000413936581469367,-0.003348152852900274
highest-temperature-in-buenos-aires-on-june-12-2026,Buenos Aires,degraded,microprice_minus_mid,30,price_bucket,"[0.04,0.20)",4,0.9975569296753128,0.7682239623708298,-0.012924714810512735,0.5158256756186006,-0.005171126502068746,-0.026005473931220137
highest-temperature-in-buenos-aires-on-june-12-2026,Buenos Aires,degraded,microprice_minus_mid,30,price_bucket,"[0.20,0.80]",3,0.9983900273024942,0.5929471830470249,0.2200430044686195,0.5501919518938142,0.009193860097853019,-0.04617163204269947
highest-temperature-in-buenos-aires-on-june-12-2026,Buenos Aires,degraded,microprice_minus_mid,30,spread_bucket,medium,11,0.9979373759712467,0.8455076470830737,0.09002050897852144,0.5889673049965201,0.0010506567728026024,-0.01751540247358353
highest-temperature-in-buenos-aires-on-june-12-2026,Buenos Aires,degraded,microprice_minus_mid,30,spread_bucket,tight,11,0.9925394764201826,0.8887643152641455,0.12160919149915708,0.5775948663806959,0.003492145677440047,-0.008167440150414372
highest-temperature-in-buenos-aires-on-june-12-2026,Buenos Aires,degraded,microprice_minus_mid,30,spread_bucket,wide,11,0.9997952497952499,0.7223594081023574,0.2340839128282422,0.6317062243213963,0.0038845298434130996,-0.0367730790634194
highest-temperature-in-buenos-aires-on-june-12-2026,Buenos Aires,degraded,microprice_minus_mid,60,activity_bucket,high,11,1.0,0.7380364816761652,0.21640375798515485,0.6791666666666667,-0.004386621315192741,-0.021289628039487977
highest-temperature-in-buenos-aires-on-june-12-2026,Buenos Aires,degraded,microprice_minus_mid,60,activity_bucket,low,11,0.9857672922209292,0.8111679501070381,0.15180824972895202,0.6764097848985084,-0.00045300658151260277,-0.018607908133199975
highest-temperature-in-buenos-aires-on-june-12-2026,Buenos Aires,degraded,microprice_minus_mid,60,activity_bucket,medium,11,0.9982153957686731,0.7702798188847201,0.09396397270149776,0.6810137281764846,-0.0015075444688457667,-0.021173284806270364
highest-temperature-in-buenos-aires-on-june-12-2026,Buenos Aires,degraded,microprice_minus_mid,60,lifecycle_bucket,early,11,0.9964303254860415,0.7760102186727372,0.09295653981858383,0.684473702777423,-0.0010085627920121225,-0.020818324345987918
highest-temperature-in-buenos-aires-on-june-12-2026,Buenos Aires,degraded,microprice_minus_mid,60,price_bucket,"[0,0.04)",5,0.9954758296879884,0.9434885056910879,0.21618092537069158,0.8549622926093514,0.0004895911076741891,-0.0033344719113408547
highest-temperature-in-buenos-aires-on-june-12-2026,Buenos Aires,degraded,microprice_minus_mid,60,price_bucket,"[0.04,0.20)",4,0.9975569296753128,0.7097185077704194,-0.05671556610477494,0.5284670008354219,-0.007659569147512528,-0.025961524831567297
highest-temperature-in-buenos-aires-on-june-12-2026,Buenos Aires,degraded,microprice_minus_mid,60,price_bucket,"[0.20,0.80]",3,0.9972065953498314,0.5217225161669606,0.20774120002858099,0.5563327549995434,0.00997853610023162,-0.0465267381439213
highest-temperature-in-buenos-aires-on-june-12-2026,Buenos Aires,degraded,microprice_minus_mid,60,spread_bucket,medium,11,0.9969668162818258,0.8160275944506291,0.11379701362668833,0.5634076774689184,0.0009170201555737474,-0.017702699094939964
highest-temperature-in-buenos-aires-on-june-12-2026,Buenos Aires,degraded,microprice_minus_mid,60,spread_bucket,tight,11,0.9925394764201826,0.8367052433124347,0.12794189682908896,0.5937811693987198,0.0027238589863511306,-0.007604039871094736
highest-temperature-in-buenos-aires-on-june-12-2026,Buenos Aires,degraded,microprice_minus_mid,60,spread_bucket,wide,11,0.9997952497952499,0.6758662164371614,0.2544097228698652,0.6442374764987905,0.0040425590335183125,-0.03711036677963297
highest-temperature-in-buenos-aires-on-june-12-2026,Buenos Aires,degraded,microprice_minus_mid,120,activity_bucket,high,11,1.0,0.6745999802599654,0.1824222140799962,0.6895511583011583,-0.001178957150252209,-0.019837817138434227
highest-temperature-in-buenos-aires-on-june-12-2026,Buenos Aires,degraded,microprice_minus_mid,120,activity_bucket,low,11,0.9728400830453497,0.7826383274659203,0.15175629644909328,0.6440840513437357,-0.00038922384236998763,-0.018765603717561207
highest-temperature-in-buenos-aires-on-june-12-2026,Buenos Aires,degraded,microprice_minus_mid,120,activity_bucket,medium,11,0.9937786916788833,0.7070551923374898,0.1273339200462202,0.7105611689657915,-0.0019101865623074776,-0.02124071449298361
highest-temperature-in-buenos-aires-on-june-12-2026,Buenos Aires,degraded,microprice_minus_mid,120,lifecycle_bucket,early,11,0.9911613689592692,0.7164896133482018,0.13588565806554323,0.7048980303316783,-0.0012678613199776246,-0.02081135289306609
highest-temperature-in-buenos-aires-on-june-12-2026,Buenos Aires,degraded,microprice_minus_mid,120,overall,all,11,0.9911613689592692,0.7164896133482018,0.13588565806554323,0.7048980303316783,-0.0012678613199776246,-0.02081135289306609
highest-temperature-in-buenos-aires-on-june-12-2026,Buenos Aires,degraded,microprice_minus_mid,120,price_bucket,"[0,0.04)",5,0.991342480602398,0.9093457447138787,0.38903287350395266,0.9163203463203462,0.0007822402947767692,-0.0032881266674334416
highest-temperature-in-buenos-aires-on-june-12-2026,Buenos Aires,degraded,microprice_minus_mid,120,price_bucket,"[0.04,0.20)",4,0.9912166130358002,0.6635933818213324,-0.09175088530409248,0.5078621831518643,-0.00705137460733001,-0.02620107351349549
highest-temperature-in-buenos-aires-on-june-12-2026,Buenos Aires,degraded,microprice_minus_mid,120,price_bucket,"[0.20,0.80]",3,0.9932297587470001,0.37369361936193624,0.0809300855324058,0.5495633508637122,0.00949582217764752,-0.04699926557366946
highest-temperature-in-buenos-aires-on-june-12-2026,Buenos Aires,degraded,microprice_minus_mid,120,spread_bucket,medium,11,0.9938885811482627,0.7935709171856267,0.18944169848279818,0.5858518392675369,0.0009488501325118457,-0.017529242542330428
highest-temperature-in-buenos-aires-on-june-12-2026,Buenos Aires,degraded,microprice_minus_mid,120,spread_bucket,tight,11,0.9806476871860558,0.8027838881322769,0.11058213249160753,0.6188494516237754,0.003007003070786548,-0.006808037618447565
highest-temperature-in-buenos-aires-on-june-12-2026,Buenos Aires,degraded,microprice_minus_mid,120,spread_bucket,wide,11,0.998976248976249,0.5540022697724244,0.3498598588510451,0.6654190216146006,0.004660121788641955,-0.03782535301255715
highest-temperature-in-buenos-aires-on-june-12-2026,Buenos Aires,degraded,microprice_minus_mid,300,activity_bucket,high,11,1.0,0.5796340256885218,-0.05286621742218752,0.7202226345083488,-0.0074987472844615655,-0.014153250632898596
highest-temperature-in-buenos-aires-on-june-12-2026,Buenos Aires,degraded,microprice_minus_mid,300,activity_bucket,low,11,0.9450719261264083,0.6815447056486463,0.17839283767429423,0.6419591741131613,-0.0038434721889866632,-0.019253283060340187
highest-temperature-in-buenos-aires-on-june-12-2026,Buenos Aires,degraded,microprice_minus_mid,300,activity_bucket,medium,11,0.9865615917186201,0.6211847151854699,0.13358790538322624,0.6965810212392995,-0.00695431759453596,-0.020735997320877494
highest-temperature-in-buenos-aires-on-june-12-2026,Buenos Aires,degraded,microprice_minus_mid,300,lifecycle_bucket,early,11,0.9813973038230427,0.6266730127329955,0.1502390849716309,0.692654408299072,-0.006317953721789954,-0.020351676613835964
highest-temperature-in-buenos-aires-on-june-12-2026,Buenos Aires,degraded,microprice_minus_mid,300,price_bucket,"[0,0.04)",5,0.9849730593837505,0.8518451142697329,0.5110277229813638,0.9065914368335148,0.000998857302132645,-0.0032578228552586582
highest-temperature-in-buenos-aires-on-june-12-2026,Buenos Aires,degraded,microprice_minus_mid,300,price_bucket,"[0.04,0.20)",4,0.9776290316757908,0.583572810472296,-0.20129364177977016,0.45862398471094123,-0.012766868934322531,-0.025723255985086343
highest-temperature-in-buenos-aires-on-june-12-2026,Buenos Aires,degraded,microprice_minus_mid,300,price_bucket,"[0.20,0.80]",3,0.9839002730249415,0.217483164983165,-0.014815833879836269,0.5701231176631313,0.014158184310662686,-0.04692727097144902
highest-temperature-in-buenos-aires-on-june-12-2026,Buenos Aires,degraded,microprice_minus_mid,300,spread_bucket,medium,11,0.9820528049836283,0.7414437067746994,0.21136606311831896,0.5319018931006834,0.0032220997794544957,-0.017372981143399847
highest-temperature-in-buenos-aires-on-june-12-2026,Buenos Aires,degraded,microprice_minus_mid,300,spread_bucket,tight,11,0.9634144915180184,0.7364291238458819,0.09215850971230025,0.6343562524042305,0.005058869865024843,-0.0035896607046901883
highest-temperature-in-buenos-aires-on-june-12-2026,Buenos Aires,degraded,microprice_minus_mid,300,spread_bucket,wide,11,0.9987714987714987,0.4074265674882168,0.4188139242150724,0.6774279138556026,0.005856229880802002,-0.03926415449091936
highest-temperature-in-buenos-aires-on-june-12-2026,Buenos Aires,degraded,microprice_minus_mid,600,activity_bucket,high,11,1.0,0.5561980530590009,-0.0073163452798621674,0.7317156527682843,-0.004606508570794277,-0.012989651701628274
highest-temperature-in-buenos-aires-on-june-12-2026,Buenos Aires,degraded,microprice_minus_mid,600,activity_bucket,low,11,0.8927404677389742,0.5934098101183353,0.149164639069861,0.6653427607757246,-0.006168948285228502,-0.019069198077351593
highest-temperature-in-buenos-aires-on-june-12-2026,Buenos Aires,degraded,microprice_minus_mid,600,activity_bucket,medium,11,0.9613265787106354,0.5430748554827636,0.13509564721346876,0.6935930844478584,-0.009624141703364236,-0.019690835761733836
highest-temperature-in-buenos-aires-on-june-12-2026,Buenos Aires,degraded,microprice_minus_mid,600,lifecycle_bucket,early,11,0.9536971154918706,0.5485886502868973,0.14616492002784592,0.6923306614591338,-0.008153561202816722,-0.019459702095612305
highest-temperature-in-buenos-aires-on-june-12-2026,Buenos Aires,degraded,microprice_minus_mid,600,overall,all,11,0.9536971154918706,0.5485886502868973,0.14616492002784592,0.6923306614591338,-0.008153561202816722,-0.019459702095612305
highest-temperature-in-buenos-aires-on-june-12-2026,Buenos Aires,degraded,microprice_minus_mid,600,price_bucket,"[0,0.04)",5,0.9502145074453099,0.758142859570141,0.5197215459627215,0.8640799947472507,0.0020509910996301035,-0.0031762298308802574
highest-temperature-in-buenos-aires-on-june-12-2026,Buenos Aires,degraded,microprice_minus_mid,600,price_bucket,"[0.04,0.20)",4,0.9499514504643101,0.5257316503038804,-0.1922860941364404,0.5347387446349307,-0.015384746955503313,-0.023734222195912237
highest-temperature-in-buenos-aires-on-june-12-2026,Buenos Aires,degraded,microprice_minus_mid,600,price_bucket,"[0.20,0.80]",3,0.9726464958560449,0.16670523040513055,-0.08142526219099845,0.5636736894698086,0.012495645223733356,-0.047735335125041016
highest-temperature-in-buenos-aires-on-june-12-2026,Buenos Aires,degraded,microprice_minus_mid,600,spread_bucket,medium,11,0.9547713236315054,0.6668143370955901,0.21995213313721046,0.550172305764411,0.005794772378476996,-0.016256343800850483
highest-temperature-in-buenos-aires-on-june-12-2026,Buenos Aires,degraded,microprice_minus_mid,600,spread_bucket,tight,11,0.9200382399889889,0.6780170682721262,0.056291058663794774,0.6603730522314201,0.0050970012924923735,-0.0019745119367185
highest-temperature-in-buenos-aires-on-june-12-2026,Buenos Aires,degraded,microprice_minus_mid,600,spread_bucket,wide,11,0.9863854911024723,0.3144109895695234,0.3888100892492508,0.6657549711467161,0.00018379859767115957,-0.03870134628283575
highest-temperature-in-buenos-aires-on-june-12-2026,Buenos Aires,degraded,microprice_minus_mid,900,activity_bucket,high,11,1.0,0.41164850235625394,0.0570892162759792,0.6003584020220233,-0.0036110091603249067,-0.012154364943214991
highest-temperature-in-buenos-aires-on-june-12-2026,Buenos Aires,degraded,microprice_minus_mid,900,activity_bucket,low,11,0.8588338119095072,0.5311362635008502,0.05915368063682114,0.6381656064490143,-0.006297537386332494,-0.019498469640661438
highest-temperature-in-buenos-aires-on-june-12-2026,Buenos Aires,degraded,microprice_minus_mid,900,activity_bucket,medium,11,0.9575095197463156,0.47682512885022615,0.029411984354973518,0.6308111988516957,-0.008663198790017083,-0.018787357462874514
highest-temperature-in-buenos-aires-on-june-12-2026,Buenos Aires,degraded,microprice_minus_mid,900,lifecycle_bucket,early,11,0.9458538267150864,0.4693376240018464,0.020751357364183542,0.6148812537661015,-0.007774197778494324,-0.018751851186062665
highest-temperature-in-buenos-aires-on-june-12-2026,Buenos Aires,degraded,microprice_minus_mid,900,price_bucket,"[0,0.04)",5,0.9464030769574746,0.6571799659271622,0.35168073881237705,0.7123862676866283,0.0022109493867988055,-0.003174932410314637
highest-temperature-in-buenos-aires-on-june-12-2026,Buenos Aires,degraded,microprice_minus_mid,900,price_bucket,"[0.04,0.20)",4,0.9386008102180222,0.4310248057715344,-0.30747594960710023,0.48682301522629867,-0.012211517397530701,-0.023967821234147375
highest-temperature-in-buenos-aires-on-june-12-2026,Buenos Aires,degraded,microprice_minus_mid,900,price_bucket,"[0.20,0.80]",3,0.9633651052749196,0.17211705831157528,-0.12463099602515552,0.580431135771693,0.004660781277280573,-0.04565022105103638
highest-temperature-in-buenos-aires-on-june-12-2026,Buenos Aires,degraded,microprice_minus_mid,900,spread_bucket,medium,11,0.9476276340378088,0.5591479862928249,0.15443819156737226,0.49580876171047417,0.0052612236100463405,-0.01619197669767365
highest-temperature-in-buenos-aires-on-june-12-2026,Buenos Aires,degraded,microprice_minus_mid,900,spread_bucket,tight,11,0.904405412799174,0.5966616613439996,0.013498096130654183,0.7111643476795239,0.005880575696338555,0.0007971523800453975
highest-temperature-in-buenos-aires-on-june-12-2026,Buenos Aires,degraded,microprice_minus_mid,900,spread_bucket,wide,11,0.9856503771598111,0.27268954593552724,0.3883729132452542,0.6144433153646219,-0.000900806232084281,-0.03894901233522768
highest-temperature-in-buenos-aires-on-june-12-2026,Buenos Aires,degraded,spread,30,overall,all,11,0.9967530796549496,0.8187667871089078,0.028516096123283916,0.5827239359260994,-0.004658147410303059,-0.021907167275254266
highest-temperature-in-buenos-aires-on-june-12-2026,Buenos Aires,degraded,spread,120,overall,all,11,0.9911613689592692,0.7164896133482018,0.043782985329175156,0.6639439210896674,-0.007727437385981209,-0.0220236016673887
highest-temperature-in-buenos-aires-on-june-12-2026,Buenos Aires,degraded,spread,600,overall,all,11,0.9536971154918706,0.5485886502868973,-0.02998947721206444,0.5770342016980788,-0.016270622496814244,-0.02151003211348584
highest-temperature-in-buenos-aires-on-june-12-2026,Buenos Aires,degraded,tick_size_regime,30,overall,all,11,0.9967530796549496,0.8187667871089078,,0.5827239359260994,,-0.021907167275254266
highest-temperature-in-buenos-aires-on-june-12-2026,Buenos Aires,degraded,tick_size_regime,120,overall,all,11,0.9911613689592692,0.7164896133482018,,0.6639439210896674,,-0.0220236016673887
highest-temperature-in-buenos-aires-on-june-12-2026,Buenos Aires,degraded,tick_size_regime,600,overall,all,11,0.9536971154918706,0.5485886502868973,,0.5770342016980788,,-0.02151003211348584
highest-temperature-in-buenos-aires-on-june-12-2026,Buenos Aires,degraded,top_level_depth,30,overall,all,11,0.9967530796549496,0.8187667871089078,0.05242393399046324,0.5827239359260994,-0.00268703082124663,-0.021907167275254266
highest-temperature-in-buenos-aires-on-june-12-2026,Buenos Aires,degraded,top_level_depth,120,overall,all,11,0.9911613689592692,0.7164896133482018,0.06657460818721762,0.6639439210896674,-0.0014405724895596836,-0.0220236016673887
highest-temperature-in-buenos-aires-on-june-12-2026,Buenos Aires,degraded,top_level_depth,600,overall,all,11,0.9536971154918706,0.5485886502868973,0.09933234163707416,0.5770342016980788,-0.0018287675045383896,-0.02151003211348584
highest-temperature-in-chicago-on-june-4-2026,Chicago,clean,bid_ask_liquidity_asymmetry,30,overall,all,2,0.7116279069767442,0.9992101105845181,0.0607336460390317,1.0,3.012048192771084e-06,-0.00174960505529226
highest-temperature-in-chicago-on-june-4-2026,Chicago,clean,bid_ask_liquidity_asymmetry,120,overall,all,2,0.6248062015503876,0.9912140575079873,0.21283729056870088,0.6363636363636364,2.7453764100989945e-05,-0.0017503993610223651
highest-temperature-in-chicago-on-june-4-2026,Chicago,clean,bid_ask_liquidity_asymmetry,600,overall,all,2,0.4604651162790698,0.9915824915824916,0.1563078140375836,0.2,2.2024096385542168e-05,-0.0015058922558922557
highest-temperature-in-chicago-on-june-4-2026,Chicago,clean,depth_concentration,30,overall,all,2,0.7116279069767442,0.9992101105845181,-0.0607336460390317,1.0,-1.8656716417910448e-06,-0.00174960505529226
highest-temperature-in-chicago-on-june-4-2026,Chicago,clean,depth_concentration,120,overall,all,2,0.6248062015503876,0.9912140575079873,-0.21283729056870088,0.6363636363636364,-2.2583511016346836e-05,-0.0017503993610223651
highest-temperature-in-chicago-on-june-4-2026,Chicago,clean,depth_concentration,600,overall,all,2,0.4604651162790698,0.9915824915824916,-0.1563078140375836,0.2,-3.1128603557554694e-05,-0.0015058922558922557
highest-temperature-in-chicago-on-june-4-2026,Chicago,clean,depth_imbalance_1,30,activity_bucket,low,2,0.7469040247678018,0.9984423676012462,-0.08591913258142411,0.0,,-0.0017507788161993778
highest-temperature-in-chicago-on-june-4-2026,Chicago,clean,depth_imbalance_1,30,activity_bucket,medium,2,0.702420767638159,1.0,,,0.0,-0.0017500000000000007
highest-temperature-in-chicago-on-june-4-2026,Chicago,clean,depth_imbalance_1,30,lifecycle_bucket,late,1,0.4418604651162791,1.0,,,0.0,-0.0020000000000000018
highest-temperature-in-chicago-on-june-4-2026,Chicago,clean,depth_imbalance_1,30,lifecycle_bucket,mid,1,0.9813953488372092,0.9984202211690363,-0.06259697425726443,0.0,-3.3557046979865773e-06,-0.0015007898894154816
highest-temperature-in-chicago-on-june-4-2026,Chicago,clean,depth_imbalance_1,30,overall,all,2,0.7116279069767442,0.9992101105845181,-0.06259697425726443,0.0,-1.6778523489932886e-06,-0.0017503949447077417
highest-temperature-in-chicago-on-june-4-2026,Chicago,clean,depth_imbalance_1,30,price_bucket,"(0.96,1]",1,0.4418604651162791,1.0,,,0.0,-0.0020000000000000018
highest-temperature-in-chicago-on-june-4-2026,Chicago,clean,depth_imbalance_1,30,price_bucket,"[0,0.04)",1,0.9813953488372092,0.9984202211690363,-0.06259697425726443,0.0,-3.3557046979865773e-06,-0.0015007898894154816
highest-temperature-in-chicago-on-june-4-2026,Chicago,clean,depth_imbalance_1,30,spread_bucket,medium,2,0.6785714285714286,1.0,,,,-0.001750000000000001
highest-temperature-in-chicago-on-june-4-2026,Chicago,clean,depth_imbalance_1,30,spread_bucket,tight,2,0.8333333333333333,0.9976744186046511,-0.046493142596245214,0.0,,-0.0017511627906976754
highest-temperature-in-chicago-on-june-4-2026,Chicago,clean,depth_imbalance_1,30,spread_bucket,wide,2,0.6149501661129568,1.0,,,,-0.001750000000000001
highest-temperature-in-chicago-on-june-4-2026,Chicago,clean,depth_imbalance_1,60,activity_bucket,low,2,0.4969040247678019,0.9875389408099688,0.026724363144449485,0.5,0.0,-0.0015031152647975077
highest-temperature-in-chicago-on-june-4-2026,Chicago,clean,depth_imbalance_1,60,activity_bucket,medium,2,0.4767080745341615,0.9837133550488599,-0.012895410324496525,0.4,-6.578947368421053e-06,-0.0015048859934853418
highest-temperature-in-chicago-on-june-4-2026,Chicago,clean,depth_imbalance_1,60,lifecycle_bucket,late,1,0.0,,,,,
highest-temperature-in-chicago-on-june-4-2026,Chicago,clean,depth_imbalance_1,60,lifecycle_bucket,mid,1,0.9736434108527132,0.9856687898089171,0.00638865328086367,0.4444444444444444,-3.2679738562091506e-06,-0.001503980891719745
highest-temperature-in-chicago-on-june-4-2026,Chicago,clean,depth_imbalance_1,60,price_bucket,"(0.96,1]",1,0.0,,,,,
highest-temperature-in-chicago-on-june-4-2026,Chicago,clean,depth_imbalance_1,60,price_bucket,"[0,0.04)",1,0.9736434108527132,0.9856687898089171,0.00638865328086367,0.4444444444444444,-3.2679738562091506e-06,-0.001503980891719745
highest-temperature-in-chicago-on-june-4-2026,Chicago,clean,depth_imbalance_1,60,spread_bucket,medium,2,0.5,1.0,,,,-0.0015
highest-temperature-in-chicago-on-june-4-2026,Chicago,clean,depth_imbalance_1,60,spread_bucket,tight,2,0.5,0.9767441860465116,-0.1049472695274933,0.0,,-0.0015116279069767443
highest-temperature-in-chicago-on-june-4-2026,Chicago,clean,depth_imbalance_1,60,spread_bucket,wide,2,0.4604651162790698,0.9797979797979798,1.0,1.0,,-0.0015
highest-temperature-in-chicago-on-june-4-2026,Chicago,clean,depth_imbalance_1,120,activity_bucket,low,2,0.6188080495356036,0.9905956112852665,-0.04727185352787915,0.3333333333333333,-1.2987012987012988e-05,-0.0017531347962382454
highest-temperature-in-chicago-on-june-4-2026,Chicago,clean,depth_imbalance_1,120,activity_bucket,medium,2,0.6177337155598025,0.99185667752443,-0.012895410324496525,0.4,-3.2894736842105265e-06,-0.0017524429967426718
highest-temperature-in-chicago-on-june-4-2026,Chicago,clean,depth_imbalance_1,120,lifecycle_bucket,late,1,0.27906976744186046,1.0,,,0.0,-0.0020000000000000018
highest-temperature-in-chicago-on-june-4-2026,Chicago,clean,depth_imbalance_1,120,lifecycle_bucket,mid,1,0.9705426356589147,0.9824281150159745,-0.03134591375532011,0.36363636363636365,-9.803921568627451e-06,-0.0015055910543130989
highest-temperature-in-chicago-on-june-4-2026,Chicago,clean,depth_imbalance_1,120,overall,all,2,0.6248062015503876,0.9912140575079873,-0.03134591375532011,0.36363636363636365,-4.901960784313726e-06,-0.0017527955271565503
highest-temperature-in-chicago-on-june-4-2026,Chicago,clean,depth_imbalance_1,120,price_bucket,"(0.96,1]",1,0.27906976744186046,1.0,,,0.0,-0.0020000000000000018
highest-temperature-in-chicago-on-june-4-2026,Chicago,clean,depth_imbalance_1,120,price_bucket,"[0,0.04)",1,0.9705426356589147,0.9824281150159745,-0.03134591375532011,0.36363636363636365,-9.803921568627451e-06,-0.0015055910543130989
highest-temperature-in-chicago-on-june-4-2026,Chicago,clean,depth_imbalance_1,120,spread_bucket,medium,2,0.7857142857142857,1.0,,,,-0.001750000000000001
highest-temperature-in-chicago-on-june-4-2026,Chicago,clean,depth_imbalance_1,120,spread_bucket,tight,2,0.6333333333333333,0.9837209302325581,-0.12477085223627181,0.0,,-0.0017581395348837219
highest-temperature-in-chicago-on-june-4-2026,Chicago,clean,depth_imbalance_1,120,spread_bucket,wide,2,0.4558139534883721,0.9795918367346939,1.0,1.0,,-0.0014999999999999998
highest-temperature-in-chicago-on-june-4-2026,Chicago,clean,depth_imbalance_1,300,activity_bucket,low,2,0.6126160990712075,0.9968253968253968,0.15778250684990192,1.0,1.2987012987012988e-05,-0.0017500000000000007
highest-temperature-in-chicago-on-june-4-2026,Chicago,clean,depth_imbalance_1,300,activity_bucket,medium,2,0.49303232998885177,0.9966777408637874,0.1713171166836893,1.0,1.3157894736842106e-05,-0.0017500000000000007
highest-temperature-in-chicago-on-june-4-2026,Chicago,clean,depth_imbalance_1,300,lifecycle_bucket,late,1,0.06976744186046512,1.0,,,,-0.0020000000000000018
highest-temperature-in-chicago-on-june-4-2026,Chicago,clean,depth_imbalance_1,300,lifecycle_bucket,mid,1,0.9550387596899225,0.9935064935064936,0.16379362866316666,1.0,1.3071895424836602e-05,-0.0014999999999999998
highest-temperature-in-chicago-on-june-4-2026,Chicago,clean,depth_imbalance_1,300,price_bucket,"(0.96,1]",1,0.06976744186046512,1.0,,,,-0.0020000000000000018
highest-temperature-in-chicago-on-june-4-2026,Chicago,clean,depth_imbalance_1,300,price_bucket,"[0,0.04)",1,0.9550387596899225,0.9935064935064936,0.16379362866316666,1.0,1.3071895424836602e-05,-0.0014999999999999998
highest-temperature-in-chicago-on-june-4-2026,Chicago,clean,depth_imbalance_1,300,spread_bucket,medium,2,0.5,1.0,,,,-0.0015
highest-temperature-in-chicago-on-june-4-2026,Chicago,clean,depth_imbalance_1,300,spread_bucket,tight,2,0.6,1.0,,,,-0.001750000000000001
highest-temperature-in-chicago-on-june-4-2026,Chicago,clean,depth_imbalance_1,300,spread_bucket,wide,2,0.4325581395348837,0.978494623655914,1.0,1.0,,-0.0014999999999999998
highest-temperature-in-chicago-on-june-4-2026,Chicago,clean,depth_imbalance_1,600,activity_bucket,low,2,0.47523219814241485,0.990228013029316,0.08121951672181597,0.6666666666666666,6.493506493506494e-06,-0.001501628664495114
highest-temperature-in-chicago-on-june-4-2026,Chicago,clean,depth_imbalance_1,600,activity_bucket,medium,2,0.44565217391304346,0.9930313588850174,0.17299699404392524,1.0,1.3157894736842106e-05,-0.0014999999999999998
highest-temperature-in-chicago-on-june-4-2026,Chicago,clean,depth_imbalance_1,600,lifecycle_bucket,late,1,0.0,,,,,
highest-temperature-in-chicago-on-june-4-2026,Chicago,clean,depth_imbalance_1,600,lifecycle_bucket,mid,1,0.9209302325581395,0.9915824915824916,0.12052132982979545,0.8,9.803921568627451e-06,-0.0015008417508417507
highest-temperature-in-chicago-on-june-4-2026,Chicago,clean,depth_imbalance_1,600,overall,all,2,0.4604651162790698,0.9915824915824916,0.12052132982979545,0.8,9.803921568627451e-06,-0.0015008417508417507
highest-temperature-in-chicago-on-june-4-2026,Chicago,clean,depth_imbalance_1,600,price_bucket,"(0.96,1]",1,0.0,,,,,
highest-temperature-in-chicago-on-june-4-2026,Chicago,clean,depth_imbalance_1,600,price_bucket,"[0,0.04)",1,0.9209302325581395,0.9915824915824916,0.12052132982979545,0.8,9.803921568627451e-06,-0.0015008417508417507
highest-temperature-in-chicago-on-june-4-2026,Chicago,clean,depth_imbalance_1,600,spread_bucket,medium,2,0.5,1.0,,,,-0.0015
highest-temperature-in-chicago-on-june-4-2026,Chicago,clean,depth_imbalance_1,600,spread_bucket,tight,2,0.5,0.9953488372093023,-0.046493142596245214,0.0,,-0.0015023255813953486
highest-temperature-in-chicago-on-june-4-2026,Chicago,clean,depth_imbalance_1,600,spread_bucket,wide,2,0.3813953488372093,0.975609756097561,1.0,1.0,,-0.0014999999999999996
highest-temperature-in-chicago-on-june-4-2026,Chicago,clean,depth_imbalance_1,900,activity_bucket,low,2,0.46439628482972134,0.9866666666666667,0.029087673451732236,0.5,0.0,-0.001503333333333333
highest-temperature-in-chicago-on-june-4-2026,Chicago,clean,depth_imbalance_1,900,activity_bucket,medium,2,0.42857142857142855,0.9855072463768116,0.034991640159159294,0.5,0.0,-0.0015036231884057968
highest-temperature-in-chicago-on-june-4-2026,Chicago,clean,depth_imbalance_1,900,lifecycle_bucket,late,1,0.0,,,,,
highest-temperature-in-chicago-on-june-4-2026,Chicago,clean,depth_imbalance_1,900,lifecycle_bucket,mid,1,0.8930232558139535,0.9861111111111112,0.03176377630744672,0.5,0.0,-0.001503472222222222
highest-temperature-in-chicago-on-june-4-2026,Chicago,clean,depth_imbalance_1,900,price_bucket,"(0.96,1]",1,0.0,,,,,
highest-temperature-in-chicago-on-june-4-2026,Chicago,clean,depth_imbalance_1,900,price_bucket,"[0,0.04)",1,0.8930232558139535,0.9861111111111112,0.03176377630744672,0.5,0.0,-0.001503472222222222
highest-temperature-in-chicago-on-june-4-2026,Chicago,clean,depth_imbalance_1,900,spread_bucket,medium,2,0.5,1.0,,,,-0.0015
highest-temperature-in-chicago-on-june-4-2026,Chicago,clean,depth_imbalance_1,900,spread_bucket,tight,2,0.5,0.9813953488372092,-0.09364499202340512,0.0,,-0.0015093023255813953
highest-temperature-in-chicago-on-june-4-2026,Chicago,clean,depth_imbalance_1,900,spread_bucket,wide,2,0.3395348837209302,0.9726027397260274,1.0,1.0,,-0.0014999999999999998
highest-temperature-in-chicago-on-june-4-2026,Chicago,clean,depth_imbalance_3,30,overall,all,2,0.7116279069767442,0.9992101105845181,-0.06259697425726443,0.0,-1.6778523489932886e-06,-0.0017503949447077417
highest-temperature-in-chicago-on-june-4-2026,Chicago,clean,depth_imbalance_3,120,overall,all,2,0.6248062015503876,0.9912140575079873,-0.03134591375532011,0.36363636363636365,-4.901960784313726e-06,-0.0017527955271565503
highest-temperature-in-chicago-on-june-4-2026,Chicago,clean,depth_imbalance_3,600,overall,all,2,0.4604651162790698,0.9915824915824916,0.12052132982979545,0.8,9.803921568627451e-06,-0.0015008417508417507
highest-temperature-in-chicago-on-june-4-2026,Chicago,clean,depth_imbalance_5,30,overall,all,2,0.7116279069767442,0.9992101105845181,-0.06640177806075447,0.0,-1.7482517482517483e-06,-0.0017503949447077417
highest-temperature-in-chicago-on-june-4-2026,Chicago,clean,depth_imbalance_5,120,overall,all,2,0.6248062015503876,0.9912140575079873,-0.055307242750601435,0.36363636363636365,-5.102040816326531e-06,-0.0017527955271565503
highest-temperature-in-chicago-on-june-4-2026,Chicago,clean,depth_imbalance_5,600,overall,all,2,0.4604651162790698,0.9915824915824916,0.09837947644344149,0.8,1.0204081632653061e-05,-0.0015008417508417507
highest-temperature-in-chicago-on-june-4-2026,Chicago,clean,depth_slope,30,overall,all,2,0.7116279069767442,0.9992101105845181,0.02340754233366108,0.0,9.92063492063492e-07,-0.0017503949447077417
highest-temperature-in-chicago-on-june-4-2026,Chicago,clean,depth_slope,120,overall,all,2,0.6248062015503876,0.9912140575079873,0.13260068346191786,0.36363636363636365,5.376344086021506e-06,-0.0017527955271565503
highest-temperature-in-chicago-on-june-4-2026,Chicago,clean,depth_slope,600,overall,all,2,0.4604651162790698,0.9915824915824916,0.1379771449527413,0.8,1.2987012987012988e-05,-0.0015008417508417507
highest-temperature-in-chicago-on-june-4-2026,Chicago,clean,distance_to_zero_one,30,overall,all,2,0.7116279069767442,0.9992101105845181,,1.0,,-0.00174960505529226
highest-temperature-in-chicago-on-june-4-2026,Chicago,clean,distance_to_zero_one,120,overall,all,2,0.6248062015503876,0.9912140575079873,-0.6064227634840812,0.6363636363636364,,-0.0017503993610223651
highest-temperature-in-chicago-on-june-4-2026,Chicago,clean,distance_to_zero_one,600,overall,all,2,0.4604651162790698,0.9915824915824916,-0.8951810277885962,0.2,,-0.0015058922558922557
highest-temperature-in-chicago-on-june-4-2026,Chicago,clean,microprice_minus_mid,30,activity_bucket,low,2,0.7469040247678018,0.9984423676012462,-0.08591913258142411,0.0,,-0.0017507788161993778
highest-temperature-in-chicago-on-june-4-2026,Chicago,clean,microprice_minus_mid,30,activity_bucket,medium,2,0.702420767638159,1.0,,,0.0,-0.0017500000000000007
highest-temperature-in-chicago-on-june-4-2026,Chicago,clean,microprice_minus_mid,30,lifecycle_bucket,late,1,0.4418604651162791,1.0,,,0.0,-0.0020000000000000018
highest-temperature-in-chicago-on-june-4-2026,Chicago,clean,microprice_minus_mid,30,lifecycle_bucket,mid,1,0.9813953488372092,0.9984202211690363,-0.06259697425726443,0.0,-3.3557046979865773e-06,-0.0015007898894154816
highest-temperature-in-chicago-on-june-4-2026,Chicago,clean,microprice_minus_mid,30,overall,all,2,0.7116279069767442,0.9992101105845181,-0.06259697425726443,0.0,-1.6778523489932886e-06,-0.0017503949447077417
highest-temperature-in-chicago-on-june-4-2026,Chicago,clean,microprice_minus_mid,30,price_bucket,"(0.96,1]",1,0.4418604651162791,1.0,,,0.0,-0.0020000000000000018
highest-temperature-in-chicago-on-june-4-2026,Chicago,clean,microprice_minus_mid,30,price_bucket,"[0,0.04)",1,0.9813953488372092,0.9984202211690363,-0.06259697425726443,0.0,-3.3557046979865773e-06,-0.0015007898894154816
highest-temperature-in-chicago-on-june-4-2026,Chicago,clean,microprice_minus_mid,30,spread_bucket,medium,2,0.6785714285714286,1.0,,,,-0.001750000000000001
highest-temperature-in-chicago-on-june-4-2026,Chicago,clean,microprice_minus_mid,30,spread_bucket,tight,2,0.8333333333333333,0.9976744186046511,-0.046493142596245214,0.0,,-0.0017511627906976754
highest-temperature-in-chicago-on-june-4-2026,Chicago,clean,microprice_minus_mid,30,spread_bucket,wide,2,0.6149501661129568,1.0,,,,-0.001750000000000001
highest-temperature-in-chicago-on-june-4-2026,Chicago,clean,microprice_minus_mid,60,activity_bucket,low,2,0.4969040247678019,0.9875389408099688,0.026724363144449485,0.5,0.0,-0.0015031152647975077
highest-temperature-in-chicago-on-june-4-2026,Chicago,clean,microprice_minus_mid,60,activity_bucket,medium,2,0.4767080745341615,0.9837133550488599,-0.012895410324496525,0.4,-6.578947368421053e-06,-0.0015048859934853418
highest-temperature-in-chicago-on-june-4-2026,Chicago,clean,microprice_minus_mid,60,lifecycle_bucket,late,1,0.0,,,,,
highest-temperature-in-chicago-on-june-4-2026,Chicago,clean,microprice_minus_mid,60,lifecycle_bucket,mid,1,0.9736434108527132,0.9856687898089171,0.00638865328086367,0.4444444444444444,-3.2679738562091506e-06,-0.001503980891719745
highest-temperature-in-chicago-on-june-4-2026,Chicago,clean,microprice_minus_mid,60,price_bucket,"(0.96,1]",1,0.0,,,,,
highest-temperature-in-chicago-on-june-4-2026,Chicago,clean,microprice_minus_mid,60,price_bucket,"[0,0.04)",1,0.9736434108527132,0.9856687898089171,0.00638865328086367,0.4444444444444444,-3.2679738562091506e-06,-0.001503980891719745
highest-temperature-in-chicago-on-june-4-2026,Chicago,clean,microprice_minus_mid,60,spread_bucket,medium,2,0.5,1.0,,,,-0.0015
highest-temperature-in-chicago-on-june-4-2026,Chicago,clean,microprice_minus_mid,60,spread_bucket,tight,2,0.5,0.9767441860465116,-0.1049472695274933,0.0,,-0.0015116279069767443
highest-temperature-in-chicago-on-june-4-2026,Chicago,clean,microprice_minus_mid,60,spread_bucket,wide,2,0.4604651162790698,0.9797979797979798,1.0,1.0,,-0.0015
highest-temperature-in-chicago-on-june-4-2026,Chicago,clean,microprice_minus_mid,120,activity_bucket,low,2,0.6188080495356036,0.9905956112852665,-0.04727185352787915,0.3333333333333333,-1.2987012987012988e-05,-0.0017531347962382454
highest-temperature-in-chicago-on-june-4-2026,Chicago,clean,microprice_minus_mid,120,activity_bucket,medium,2,0.6177337155598025,0.99185667752443,-0.012895410324496525,0.4,-3.2894736842105265e-06,-0.0017524429967426718
highest-temperature-in-chicago-on-june-4-2026,Chicago,clean,microprice_minus_mid,120,lifecycle_bucket,late,1,0.27906976744186046,1.0,,,0.0,-0.0020000000000000018
highest-temperature-in-chicago-on-june-4-2026,Chicago,clean,microprice_minus_mid,120,lifecycle_bucket,mid,1,0.9705426356589147,0.9824281150159745,-0.03134591375532011,0.36363636363636365,-9.803921568627451e-06,-0.0015055910543130989
highest-temperature-in-chicago-on-june-4-2026,Chicago,clean,microprice_minus_mid,120,overall,all,2,0.6248062015503876,0.9912140575079873,-0.03134591375532011,0.36363636363636365,-4.901960784313726e-06,-0.0017527955271565503
highest-temperature-in-chicago-on-june-4-2026,Chicago,clean,microprice_minus_mid,120,price_bucket,"(0.96,1]",1,0.27906976744186046,1.0,,,0.0,-0.0020000000000000018
highest-temperature-in-chicago-on-june-4-2026,Chicago,clean,microprice_minus_mid,120,price_bucket,"[0,0.04)",1,0.9705426356589147,0.9824281150159745,-0.03134591375532011,0.36363636363636365,-9.803921568627451e-06,-0.0015055910543130989
highest-temperature-in-chicago-on-june-4-2026,Chicago,clean,microprice_minus_mid,120,spread_bucket,medium,2,0.7857142857142857,1.0,,,,-0.001750000000000001
highest-temperature-in-chicago-on-june-4-2026,Chicago,clean,microprice_minus_mid,120,spread_bucket,tight,2,0.6333333333333333,0.9837209302325581,-0.12477085223627181,0.0,,-0.0017581395348837219
highest-temperature-in-chicago-on-june-4-2026,Chicago,clean,microprice_minus_mid,120,spread_bucket,wide,2,0.4558139534883721,0.9795918367346939,1.0,1.0,,-0.0014999999999999998
highest-temperature-in-chicago-on-june-4-2026,Chicago,clean,microprice_minus_mid,300,activity_bucket,low,2,0.6126160990712075,0.9968253968253968,0.15778250684990192,1.0,1.2987012987012988e-05,-0.0017500000000000007
highest-temperature-in-chicago-on-june-4-2026,Chicago,clean,microprice_minus_mid,300,activity_bucket,medium,2,0.49303232998885177,0.9966777408637874,0.1713171166836893,1.0,1.3157894736842106e-05,-0.0017500000000000007
highest-temperature-in-chicago-on-june-4-2026,Chicago,clean,microprice_minus_mid,300,lifecycle_bucket,late,1,0.06976744186046512,1.0,,,,-0.0020000000000000018
highest-temperature-in-chicago-on-june-4-2026,Chicago,clean,microprice_minus_mid,300,lifecycle_bucket,mid,1,0.9550387596899225,0.9935064935064936,0.16379362866316666,1.0,1.3071895424836602e-05,-0.0014999999999999998
highest-temperature-in-chicago-on-june-4-2026,Chicago,clean,microprice_minus_mid,300,price_bucket,"(0.96,1]",1,0.06976744186046512,1.0,,,,-0.0020000000000000018
highest-temperature-in-chicago-on-june-4-2026,Chicago,clean,microprice_minus_mid,300,price_bucket,"[0,0.04)",1,0.9550387596899225,0.9935064935064936,0.16379362866316666,1.0,1.3071895424836602e-05,-0.0014999999999999998
highest-temperature-in-chicago-on-june-4-2026,Chicago,clean,microprice_minus_mid,300,spread_bucket,medium,2,0.5,1.0,,,,-0.0015
highest-temperature-in-chicago-on-june-4-2026,Chicago,clean,microprice_minus_mid,300,spread_bucket,tight,2,0.6,1.0,,,,-0.001750000000000001
highest-temperature-in-chicago-on-june-4-2026,Chicago,clean,microprice_minus_mid,300,spread_bucket,wide,2,0.4325581395348837,0.978494623655914,1.0,1.0,,-0.0014999999999999998
highest-temperature-in-chicago-on-june-4-2026,Chicago,clean,microprice_minus_mid,600,activity_bucket,low,2,0.47523219814241485,0.990228013029316,0.08121951672181597,0.6666666666666666,6.493506493506494e-06,-0.001501628664495114
highest-temperature-in-chicago-on-june-4-2026,Chicago,clean,microprice_minus_mid,600,activity_bucket,medium,2,0.44565217391304346,0.9930313588850174,0.17299699404392524,1.0,1.3157894736842106e-05,-0.0014999999999999998
highest-temperature-in-chicago-on-june-4-2026,Chicago,clean,microprice_minus_mid,600,lifecycle_bucket,late,1,0.0,,,,,
highest-temperature-in-chicago-on-june-4-2026,Chicago,clean,microprice_minus_mid,600,lifecycle_bucket,mid,1,0.9209302325581395,0.9915824915824916,0.12052132982979545,0.8,9.803921568627451e-06,-0.0015008417508417507
highest-temperature-in-chicago-on-june-4-2026,Chicago,clean,microprice_minus_mid,600,overall,all,2,0.4604651162790698,0.9915824915824916,0.12052132982979545,0.8,9.803921568627451e-06,-0.0015008417508417507
highest-temperature-in-chicago-on-june-4-2026,Chicago,clean,microprice_minus_mid,600,price_bucket,"(0.96,1]",1,0.0,,,,,
highest-temperature-in-chicago-on-june-4-2026,Chicago,clean,microprice_minus_mid,600,price_bucket,"[0,0.04)",1,0.9209302325581395,0.9915824915824916,0.12052132982979545,0.8,9.803921568627451e-06,-0.0015008417508417507
highest-temperature-in-chicago-on-june-4-2026,Chicago,clean,microprice_minus_mid,600,spread_bucket,medium,2,0.5,1.0,,,,-0.0015
highest-temperature-in-chicago-on-june-4-2026,Chicago,clean,microprice_minus_mid,600,spread_bucket,tight,2,0.5,0.9953488372093023,-0.046493142596245214,0.0,,-0.0015023255813953486
highest-temperature-in-chicago-on-june-4-2026,Chicago,clean,microprice_minus_mid,600,spread_bucket,wide,2,0.3813953488372093,0.975609756097561,1.0,1.0,,-0.0014999999999999996
highest-temperature-in-chicago-on-june-4-2026,Chicago,clean,microprice_minus_mid,900,activity_bucket,low,2,0.46439628482972134,0.9866666666666667,0.029087673451732236,0.5,0.0,-0.001503333333333333
highest-temperature-in-chicago-on-june-4-2026,Chicago,clean,microprice_minus_mid,900,activity_bucket,medium,2,0.42857142857142855,0.9855072463768116,0.034991640159159294,0.5,0.0,-0.0015036231884057968
highest-temperature-in-chicago-on-june-4-2026,Chicago,clean,microprice_minus_mid,900,lifecycle_bucket,late,1,0.0,,,,,
highest-temperature-in-chicago-on-june-4-2026,Chicago,clean,microprice_minus_mid,900,lifecycle_bucket,mid,1,0.8930232558139535,0.9861111111111112,0.03176377630744672,0.5,0.0,-0.001503472222222222
highest-temperature-in-chicago-on-june-4-2026,Chicago,clean,microprice_minus_mid,900,price_bucket,"(0.96,1]",1,0.0,,,,,
highest-temperature-in-chicago-on-june-4-2026,Chicago,clean,microprice_minus_mid,900,price_bucket,"[0,0.04)",1,0.8930232558139535,0.9861111111111112,0.03176377630744672,0.5,0.0,-0.001503472222222222
highest-temperature-in-chicago-on-june-4-2026,Chicago,clean,microprice_minus_mid,900,spread_bucket,medium,2,0.5,1.0,,,,-0.0015
highest-temperature-in-chicago-on-june-4-2026,Chicago,clean,microprice_minus_mid,900,spread_bucket,tight,2,0.5,0.9813953488372092,-0.09364499202340512,0.0,,-0.0015093023255813953
highest-temperature-in-chicago-on-june-4-2026,Chicago,clean,microprice_minus_mid,900,spread_bucket,wide,2,0.3395348837209302,0.9726027397260274,1.0,1.0,,-0.0014999999999999998
highest-temperature-in-chicago-on-june-4-2026,Chicago,clean,spread,30,overall,all,2,0.7116279069767442,0.9992101105845181,,1.0,,-0.00174960505529226
highest-temperature-in-chicago-on-june-4-2026,Chicago,clean,spread,120,overall,all,2,0.6248062015503876,0.9912140575079873,-0.6064227634840812,0.6363636363636364,,-0.0017503993610223651
highest-temperature-in-chicago-on-june-4-2026,Chicago,clean,spread,600,overall,all,2,0.4604651162790698,0.9915824915824916,-0.8951810277885962,0.2,,-0.0015058922558922557
highest-temperature-in-chicago-on-june-4-2026,Chicago,clean,tick_size_regime,30,overall,all,2,0.7116279069767442,0.9992101105845181,,1.0,,-0.00174960505529226
highest-temperature-in-chicago-on-june-4-2026,Chicago,clean,tick_size_regime,120,overall,all,2,0.6248062015503876,0.9912140575079873,,0.6363636363636364,,-0.0017503993610223651
highest-temperature-in-chicago-on-june-4-2026,Chicago,clean,tick_size_regime,600,overall,all,2,0.4604651162790698,0.9915824915824916,,0.2,,-0.0015058922558922557
highest-temperature-in-chicago-on-june-4-2026,Chicago,clean,top_level_depth,30,overall,all,2,0.7116279069767442,0.9992101105845181,-0.06311645122205502,1.0,0.0,-0.00174960505529226
highest-temperature-in-chicago-on-june-4-2026,Chicago,clean,top_level_depth,120,overall,all,2,0.6248062015503876,0.9912140575079873,-0.23041025382063166,0.6363636363636364,-0.0002528135048231511,-0.0017503993610223651
highest-temperature-in-chicago-on-june-4-2026,Chicago,clean,top_level_depth,600,overall,all,2,0.4604651162790698,0.9915824915824916,-0.1753999116108381,0.2,-0.0005008474576271186,-0.0015058922558922557
highest-temperature-in-denver-on-june-4-2026,Denver,clean,bid_ask_liquidity_asymmetry,30,overall,all,2,0.8655679941552956,0.9436364771237751,0.3029271502347315,0.75,0.00026878232251998144,-0.0014525154484738788
highest-temperature-in-denver-on-june-4-2026,Denver,clean,bid_ask_liquidity_asymmetry,120,overall,all,2,0.8725481541236368,0.9400120636110952,0.3283736596337574,0.7842105263157895,0.00025803755232083135,-0.0014552138438088415
highest-temperature-in-denver-on-june-4-2026,Denver,clean,bid_ask_liquidity_asymmetry,600,overall,all,2,0.7006042571974338,0.8623427798121318,0.4465329133100694,0.5334476843910806,0.0004381244690085944,-0.0014169917210635258
highest-temperature-in-denver-on-june-4-2026,Denver,clean,depth_concentration,30,overall,all,2,0.8655679941552956,0.9436364771237751,0.2381962486399951,0.25,0.0002643820713664058,-0.0015606235565819872
highest-temperature-in-denver-on-june-4-2026,Denver,clean,depth_concentration,120,overall,all,2,0.8725481541236368,0.9400120636110952,0.20648158590490162,0.28421052631578947,0.00024246778804765654,-0.0015604770017035785
highest-temperature-in-denver-on-june-4-2026,Denver,clean,depth_concentration,600,overall,all,2,0.7006042571974338,0.8623427798121318,0.26576905957625985,0.3061749571183533,0.0003995218595925899,-0.0015306280846998895
highest-temperature-in-denver-on-june-4-2026,Denver,clean,depth_imbalance_1,30,activity_bucket,low,2,0.8846153846153846,0.9833333333333334,0.31439015961191336,1.0,0.00011111111111111121,-0.0016541666666666675
highest-temperature-in-denver-on-june-4-2026,Denver,clean,depth_imbalance_1,30,activity_bucket,medium,2,0.8540691237146674,0.91814222851297,0.36904005538452433,1.0,0.00039847541213514293,-0.0014002200204605024
highest-temperature-in-denver-on-june-4-2026,Denver,clean,depth_imbalance_1,30,lifecycle_bucket,late,1,0.7326732673267327,0.8918918918918919,0.541871121560874,1.0,0.0003809523809523813,-0.0017837837837837854
highest-temperature-in-denver-on-june-4-2026,Denver,clean,depth_imbalance_1,30,lifecycle_bucket,mid,1,0.9984627209838586,0.9953810623556582,0.0981847166545032,1.0,1.9161694529172734e-05,-0.0011189376443418017
highest-temperature-in-denver-on-june-4-2026,Denver,clean,depth_imbalance_1,30,overall,all,2,0.8655679941552956,0.9436364771237751,0.32002791910768863,1.0,0.00020005703774077701,-0.0014513607140627935
highest-temperature-in-denver-on-june-4-2026,Denver,clean,depth_imbalance_1,30,price_bucket,"(0.96,1]",1,0.7326732673267327,0.8918918918918919,0.541871121560874,1.0,0.0003809523809523813,-0.0017837837837837854
highest-temperature-in-denver-on-june-4-2026,Denver,clean,depth_imbalance_1,30,price_bucket,"[0,0.04)",1,0.9984627209838586,0.9953810623556582,0.0981847166545032,1.0,1.9161694529172734e-05,-0.0011189376443418017
highest-temperature-in-denver-on-june-4-2026,Denver,clean,depth_imbalance_1,30,spread_bucket,medium,2,0.8636363636363636,1.0,,,0.0,-0.001500000000000001
highest-temperature-in-denver-on-june-4-2026,Denver,clean,depth_imbalance_1,30,spread_bucket,tight,2,1.0,0.8788951265153364,0.641058671964823,1.0,0.0010000000000000009,-0.0012629769750223748
highest-temperature-in-denver-on-june-4-2026,Denver,clean,depth_imbalance_1,30,spread_bucket,wide,2,0.7329878445843282,0.9965245597775718,0.015783849320699542,1.0,3.930817610062893e-06,-0.0016807228915662659
highest-temperature-in-denver-on-june-4-2026,Denver,clean,depth_imbalance_1,60,activity_bucket,low,2,0.8205128205128205,1.0,,,0.0,-0.0016875000000000008
highest-temperature-in-denver-on-june-4-2026,Denver,clean,depth_imbalance_1,60,activity_bucket,medium,2,0.6918552979787197,0.9956756756756757,0.13350705941327615,1.0,1.9076713165792383e-05,-0.0015584169884169895
highest-temperature-in-denver-on-june-4-2026,Denver,clean,depth_imbalance_1,60,lifecycle_bucket,late,1,0.48514851485148514,1.0,,,0.0,-0.0020000000000000018
highest-temperature-in-denver-on-june-4-2026,Denver,clean,depth_imbalance_1,60,lifecycle_bucket,mid,1,0.9966179861644888,0.9913620237544347,0.13340039940223083,1.0,3.8134276248039334e-05,-0.00111715255283048
highest-temperature-in-denver-on-june-4-2026,Denver,clean,depth_imbalance_1,60,price_bucket,"(0.96,1]",1,0.48514851485148514,1.0,,,0.0,-0.0020000000000000018
highest-temperature-in-denver-on-june-4-2026,Denver,clean,depth_imbalance_1,60,price_bucket,"[0,0.04)",1,0.9966179861644888,0.9913620237544347,0.13340039940223083,1.0,3.8134276248039334e-05,-0.00111715255283048
highest-temperature-in-denver-on-june-4-2026,Denver,clean,depth_imbalance_1,60,spread_bucket,medium,2,0.6818181818181819,1.0,,,0.0,-0.001500000000000001
highest-temperature-in-denver-on-june-4-2026,Denver,clean,depth_imbalance_1,60,spread_bucket,tight,2,0.8823529411764706,0.9928538497003228,0.7521486609454373,1.0,0.0,-0.0014964269248501623
highest-temperature-in-denver-on-june-4-2026,Denver,clean,depth_imbalance_1,60,spread_bucket,wide,2,0.6566909051443456,0.994175209692451,0.0015345289194948642,1.0,5.9523809523809525e-06,-0.0016805684995340176
highest-temperature-in-denver-on-june-4-2026,Denver,clean,depth_imbalance_1,120,activity_bucket,low,2,0.8205128205128205,0.98,0.3419261382547755,1.0,0.00016666666666666682,-0.001647500000000001
highest-temperature-in-denver-on-june-4-2026,Denver,clean,depth_imbalance_1,120,activity_bucket,medium,2,0.9075963099594354,0.9240070659989845,0.3871896105115916,1.0,0.00023885950241729943,-0.0014198857399992104
highest-temperature-in-denver-on-june-4-2026,Denver,clean,depth_imbalance_1,120,lifecycle_bucket,late,1,0.7524752475247525,0.8947368421052632,0.5353741123983146,1.0,0.00040000000000000034,-0.0017894736842105278
highest-temperature-in-denver-on-june-4-2026,Denver,clean,depth_imbalance_1,120,lifecycle_bucket,mid,1,0.9926210607225211,0.9852872851169273,0.1725073887656413,1.0,6.592205103656206e-05,-0.001114604305404987
highest-temperature-in-denver-on-june-4-2026,Denver,clean,depth_imbalance_1,120,overall,all,2,0.8725481541236368,0.9400120636110952,0.35394075058197794,1.0,0.0002329610255182812,-0.0014520389948077576
highest-temperature-in-denver-on-june-4-2026,Denver,clean,depth_imbalance_1,120,price_bucket,"(0.96,1]",1,0.7524752475247525,0.8947368421052632,0.5353741123983146,1.0,0.00040000000000000034,-0.0017894736842105278
highest-temperature-in-denver-on-june-4-2026,Denver,clean,depth_imbalance_1,120,price_bucket,"[0,0.04)",1,0.9926210607225211,0.9852872851169273,0.1725073887656413,1.0,6.592205103656206e-05,-0.001114604305404987
highest-temperature-in-denver-on-june-4-2026,Denver,clean,depth_imbalance_1,120,spread_bucket,medium,2,0.8484848484848485,1.0,,,0.0,-0.001500000000000001
highest-temperature-in-denver-on-june-4-2026,Denver,clean,depth_imbalance_1,120,spread_bucket,tight,2,1.0,0.8699048083963876,0.8804207191383107,1.0,0.0010000000000000009,-0.0012584818159629004
highest-temperature-in-denver-on-june-4-2026,Denver,clean,depth_imbalance_1,120,spread_bucket,wide,2,0.7683416540047754,0.9903301886792453,-0.029729906398002312,1.0,8.508914100486225e-06,-0.0016808962264150953
highest-temperature-in-denver-on-june-4-2026,Denver,clean,depth_imbalance_1,300,activity_bucket,low,2,0.782051282051282,0.8522727272727273,0.31535676622174447,1.0,0.0001250000000000001,-0.0015795454545454554
highest-temperature-in-denver-on-june-4-2026,Denver,clean,depth_imbalance_1,300,activity_bucket,medium,2,0.8142691167635683,0.900761073720457,0.43638510216814635,1.0,0.00042930804080701444,-0.0013805251213022392
highest-temperature-in-denver-on-june-4-2026,Denver,clean,depth_imbalance_1,300,lifecycle_bucket,late,1,0.6138613861386139,0.8709677419354839,0.5854950765960114,1.0,0.00047058823529411804,-0.0017419354838709693
highest-temperature-in-denver-on-june-4-2026,Denver,clean,depth_imbalance_1,300,lifecycle_bucket,mid,1,0.9833973866256726,0.9762388619665469,0.20911316794363774,1.0,8.128536029596513e-05,-0.001111224011255276
highest-temperature-in-denver-on-june-4-2026,Denver,clean,depth_imbalance_1,300,price_bucket,"(0.96,1]",1,0.6138613861386139,0.8709677419354839,0.5854950765960114,1.0,0.00047058823529411804,-0.0017419354838709693
highest-temperature-in-denver-on-june-4-2026,Denver,clean,depth_imbalance_1,300,price_bucket,"[0,0.04)",1,0.9833973866256726,0.9762388619665469,0.20911316794363774,1.0,8.128536029596513e-05,-0.001111224011255276
highest-temperature-in-denver-on-june-4-2026,Denver,clean,depth_imbalance_1,300,spread_bucket,medium,2,0.8484848484848485,1.0,,,0.0,-0.001500000000000001
highest-temperature-in-denver-on-june-4-2026,Denver,clean,depth_imbalance_1,300,spread_bucket,tight,2,0.9411764705882353,0.8542185338865836,0.9026332601903166,1.0,0.0010000000000000009,-0.0012271092669432927
highest-temperature-in-denver-on-june-4-2026,Denver,clean,depth_imbalance_1,300,spread_bucket,wide,2,0.6074451920989798,0.9762135922330097,-0.030392279297825012,1.0,2.2572402044293016e-05,-0.001679247572815535
highest-temperature-in-denver-on-june-4-2026,Denver,clean,depth_imbalance_1,600,activity_bucket,low,2,0.7564102564102564,0.775,0.40847142419867577,1.0,0.0006500000000000006,-0.001500000000000001
highest-temperature-in-denver-on-june-4-2026,Denver,clean,depth_imbalance_1,600,activity_bucket,medium,2,0.6763096615311285,0.8416527179977682,0.508196435483668,1.0,0.0005422359590618776,-0.0012646062490036672
highest-temperature-in-denver-on-june-4-2026,Denver,clean,depth_imbalance_1,600,lifecycle_bucket,late,1,0.43564356435643564,0.75,0.7251980859675242,1.0,0.0010129870129870137,-0.0015681818181818195
highest-temperature-in-denver-on-june-4-2026,Denver,clean,depth_imbalance_1,600,lifecycle_bucket,mid,1,0.965564950038432,0.9746855596242636,0.22168168312732206,1.0,8.493586046189695e-05,-0.0011127209043145998
highest-temperature-in-denver-on-june-4-2026,Denver,clean,depth_imbalance_1,600,overall,all,2,0.7006042571974338,0.8623427798121318,0.47343988454742314,1.0,0.0005489614367244554,-0.0013404513612482096
highest-temperature-in-denver-on-june-4-2026,Denver,clean,depth_imbalance_1,600,price_bucket,"(0.96,1]",1,0.43564356435643564,0.75,0.7251980859675242,1.0,0.0010129870129870137,-0.0015681818181818195
highest-temperature-in-denver-on-june-4-2026,Denver,clean,depth_imbalance_1,600,price_bucket,"[0,0.04)",1,0.965564950038432,0.9746855596242636,0.22168168312732206,1.0,8.493586046189695e-05,-0.0011127209043145998
highest-temperature-in-denver-on-june-4-2026,Denver,clean,depth_imbalance_1,600,spread_bucket,medium,2,0.8333333333333333,1.0,,,0.0,-0.001500000000000001
highest-temperature-in-denver-on-june-4-2026,Denver,clean,depth_imbalance_1,600,spread_bucket,tight,2,0.7058823529411764,0.5946947243627742,0.9485188942772379,1.0,0.0016666666666666683,-0.0008152045050385302
highest-temperature-in-denver-on-june-4-2026,Denver,clean,depth_imbalance_1,600,spread_bucket,wide,2,0.5659865422183633,0.9729938271604939,-0.007696204192917317,1.0,2.6937618147448016e-05,-0.0016890432098765442
highest-temperature-in-denver-on-june-4-2026,Denver,clean,depth_imbalance_1,900,activity_bucket,low,2,0.717948717948718,0.7867647058823529,0.26817330582598176,1.0,0.0003928571428571432,-0.0015073529411764714
highest-temperature-in-denver-on-june-4-2026,Denver,clean,depth_imbalance_1,900,activity_bucket,medium,2,0.732283386376839,0.8221660986692632,0.5007555679769993,1.0,0.000559590853471066,-0.0012872393297630646
highest-temperature-in-denver-on-june-4-2026,Denver,clean,depth_imbalance_1,900,lifecycle_bucket,late,1,0.48514851485148514,0.7346938775510204,0.5942141835444751,1.0,0.0007272727272727279,-0.0015714285714285728
highest-temperature-in-denver-on-june-4-2026,Denver,clean,depth_imbalance_1,900,lifecycle_bucket,mid,1,0.9485011529592621,0.9565640194489465,0.2932315141578874,1.0,0.00011955172409550653,-0.0011059157212317669
highest-temperature-in-denver-on-june-4-2026,Denver,clean,depth_imbalance_1,900,price_bucket,"(0.96,1]",1,0.48514851485148514,0.7346938775510204,0.5942141835444751,1.0,0.0007272727272727279,-0.0015714285714285728
highest-temperature-in-denver-on-june-4-2026,Denver,clean,depth_imbalance_1,900,price_bucket,"[0,0.04)",1,0.9485011529592621,0.9565640194489465,0.2932315141578874,1.0,0.00011955172409550653,-0.0011059157212317669
highest-temperature-in-denver-on-june-4-2026,Denver,clean,depth_imbalance_1,900,spread_bucket,medium,2,0.8484848484848485,1.0,,,0.0,-0.001500000000000001
highest-temperature-in-denver-on-june-4-2026,Denver,clean,depth_imbalance_1,900,spread_bucket,tight,2,0.8823529411764706,0.7375518672199171,0.7903136898177032,1.0,0.0010000000000000009,-0.0010899297797638053
highest-temperature-in-denver-on-june-4-2026,Denver,clean,depth_imbalance_1,900,spread_bucket,wide,2,0.42273985239852396,0.8832515002727769,0.029742279896022888,1.0,6.177402323125661e-05,-0.001371249318057829
highest-temperature-in-denver-on-june-4-2026,Denver,clean,depth_imbalance_3,30,overall,all,2,0.8655679941552956,0.9436364771237751,0.2411959526756606,0.25,0.00020664629488158917,-0.0015606235565819872
highest-temperature-in-denver-on-june-4-2026,Denver,clean,depth_imbalance_3,120,overall,all,2,0.8725481541236368,0.9400120636110952,0.22468576049081934,0.21578947368421053,0.00021893670649738632,-0.0015614836611429466
highest-temperature-in-denver-on-june-4-2026,Denver,clean,depth_imbalance_3,600,overall,all,2,0.7006042571974338,0.8623427798121318,0.33170222660598764,0.46655231560891935,0.00045884172174207803,-0.001526568221620762
highest-temperature-in-denver-on-june-4-2026,Denver,clean,depth_imbalance_5,30,overall,all,2,0.8655679941552956,0.9436364771237751,0.23324834286823629,0.25,0.00019943703085904937,-0.0015606235565819872
highest-temperature-in-denver-on-june-4-2026,Denver,clean,depth_imbalance_5,120,overall,all,2,0.8725481541236368,0.9400120636110952,0.211737142328776,0.21578947368421053,0.000171072860962567,-0.0015614836611429466
highest-temperature-in-denver-on-june-4-2026,Denver,clean,depth_imbalance_5,600,overall,all,2,0.7006042571974338,0.8623427798121318,0.26895018328863834,0.46655231560891935,0.0004629660807010556,-0.001526568221620762
highest-temperature-in-denver-on-june-4-2026,Denver,clean,depth_slope,30,overall,all,2,0.8655679941552956,0.9436364771237751,-0.26525062008654104,0.75,-0.0002835986298609714,-0.0014525154484738788
highest-temperature-in-denver-on-june-4-2026,Denver,clean,depth_slope,120,overall,all,2,0.8725481541236368,0.9400120636110952,-0.26542431089985336,0.7157894736842105,-0.0002594381758345089,-0.0014562205032482096
highest-temperature-in-denver-on-june-4-2026,Denver,clean,depth_slope,600,overall,all,2,0.7006042571974338,0.8623427798121318,-0.2228837683624269,0.6938250428816466,-0.00042593245572794276,-0.0014129318579843982
highest-temperature-in-denver-on-june-4-2026,Denver,clean,distance_to_zero_one,30,overall,all,2,0.8655679941552956,0.9436364771237751,0.46035692050998306,0.25,,-0.0015606235565819872
highest-temperature-in-denver-on-june-4-2026,Denver,clean,distance_to_zero_one,120,overall,all,2,0.8725481541236368,0.9400120636110952,0.43436373405250056,0.28421052631578947,,-0.0015604770017035785
highest-temperature-in-denver-on-june-4-2026,Denver,clean,distance_to_zero_one,600,overall,all,2,0.7006042571974338,0.8623427798121318,0.3349761944967301,0.3061749571183533,,-0.0015306280846998895
highest-temperature-in-denver-on-june-4-2026,Denver,clean,microprice_minus_mid,30,activity_bucket,low,2,0.8846153846153846,0.9833333333333334,0.31439015961191336,1.0,0.00011111111111111121,-0.0016541666666666675
highest-temperature-in-denver-on-june-4-2026,Denver,clean,microprice_minus_mid,30,activity_bucket,medium,2,0.8540691237146674,0.91814222851297,0.373108773712895,1.0,0.00039897915158907494,-0.0014002200204605024
highest-temperature-in-denver-on-june-4-2026,Denver,clean,microprice_minus_mid,30,lifecycle_bucket,late,1,0.7326732673267327,0.8918918918918919,0.541871121560874,1.0,0.0003809523809523813,-0.0017837837837837854
highest-temperature-in-denver-on-june-4-2026,Denver,clean,microprice_minus_mid,30,lifecycle_bucket,mid,1,0.9984627209838586,0.9953810623556582,0.10630620442041712,1.0,2.016231543952283e-05,-0.0011189376443418017
highest-temperature-in-denver-on-june-4-2026,Denver,clean,microprice_minus_mid,30,overall,all,2,0.8655679941552956,0.9436364771237751,0.3240886629906456,1.0,0.00020055734819595205,-0.0014513607140627935
highest-temperature-in-denver-on-june-4-2026,Denver,clean,microprice_minus_mid,30,price_bucket,"(0.96,1]",1,0.7326732673267327,0.8918918918918919,0.541871121560874,1.0,0.0003809523809523813,-0.0017837837837837854
highest-temperature-in-denver-on-june-4-2026,Denver,clean,microprice_minus_mid,30,price_bucket,"[0,0.04)",1,0.9984627209838586,0.9953810623556582,0.10630620442041712,1.0,2.016231543952283e-05,-0.0011189376443418017
highest-temperature-in-denver-on-june-4-2026,Denver,clean,microprice_minus_mid,30,spread_bucket,medium,2,0.8636363636363636,1.0,,,0.0,-0.001500000000000001
highest-temperature-in-denver-on-june-4-2026,Denver,clean,microprice_minus_mid,30,spread_bucket,tight,2,1.0,0.8788951265153364,0.641058671964823,1.0,0.0010000000000000009,-0.0012629769750223748
highest-temperature-in-denver-on-june-4-2026,Denver,clean,microprice_minus_mid,30,spread_bucket,wide,2,0.7329878445843282,0.9965245597775718,0.07509714856171396,1.0,5.861664712778429e-06,-0.0016807228915662659
highest-temperature-in-denver-on-june-4-2026,Denver,clean,microprice_minus_mid,60,activity_bucket,low,2,0.8205128205128205,1.0,,,0.0,-0.0016875000000000008
highest-temperature-in-denver-on-june-4-2026,Denver,clean,microprice_minus_mid,60,activity_bucket,medium,2,0.6918552979787197,0.9956756756756757,0.14317558902524385,1.0,1.9897186635833127e-05,-0.0015584169884169895
highest-temperature-in-denver-on-june-4-2026,Denver,clean,microprice_minus_mid,60,lifecycle_bucket,late,1,0.48514851485148514,1.0,,,0.0,-0.0020000000000000018
highest-temperature-in-denver-on-june-4-2026,Denver,clean,microprice_minus_mid,60,lifecycle_bucket,mid,1,0.9966179861644888,0.9913620237544347,0.14304994016813502,1.0,3.9764023336918614e-05,-0.00111715255283048
highest-temperature-in-denver-on-june-4-2026,Denver,clean,microprice_minus_mid,60,price_bucket,"(0.96,1]",1,0.48514851485148514,1.0,,,0.0,-0.0020000000000000018
highest-temperature-in-denver-on-june-4-2026,Denver,clean,microprice_minus_mid,60,price_bucket,"[0,0.04)",1,0.9966179861644888,0.9913620237544347,0.14304994016813502,1.0,3.9764023336918614e-05,-0.00111715255283048
highest-temperature-in-denver-on-june-4-2026,Denver,clean,microprice_minus_mid,60,spread_bucket,medium,2,0.6818181818181819,1.0,,,0.0,-0.001500000000000001
highest-temperature-in-denver-on-june-4-2026,Denver,clean,microprice_minus_mid,60,spread_bucket,tight,2,0.8823529411764706,0.9928538497003228,0.7521486609454373,1.0,0.0,-0.0014964269248501623
highest-temperature-in-denver-on-june-4-2026,Denver,clean,microprice_minus_mid,60,spread_bucket,wide,2,0.6566909051443456,0.994175209692451,0.07678191087544785,1.0,8.792497069167643e-06,-0.0016805684995340176
highest-temperature-in-denver-on-june-4-2026,Denver,clean,microprice_minus_mid,120,activity_bucket,low,2,0.8205128205128205,0.98,0.3419261382547755,1.0,0.00016666666666666682,-0.001647500000000001
highest-temperature-in-denver-on-june-4-2026,Denver,clean,microprice_minus_mid,120,activity_bucket,medium,2,0.9075963099594354,0.9240070659989845,0.39292415783069856,1.0,0.00024013591561531874,-0.0014198857399992104
highest-temperature-in-denver-on-june-4-2026,Denver,clean,microprice_minus_mid,120,lifecycle_bucket,late,1,0.7524752475247525,0.8947368421052632,0.5353741123983146,1.0,0.00040000000000000034,-0.0017894736842105278
highest-temperature-in-denver-on-june-4-2026,Denver,clean,microprice_minus_mid,120,lifecycle_bucket,mid,1,0.9926210607225211,0.9852872851169273,0.18395385027835548,1.0,6.845735145529806e-05,-0.001114604305404987
highest-temperature-in-denver-on-june-4-2026,Denver,clean,microprice_minus_mid,120,overall,all,2,0.8725481541236368,0.9400120636110952,0.359663981338335,1.0,0.0002342286757276492,-0.0014520389948077576
highest-temperature-in-denver-on-june-4-2026,Denver,clean,microprice_minus_mid,120,price_bucket,"(0.96,1]",1,0.7524752475247525,0.8947368421052632,0.5353741123983146,1.0,0.00040000000000000034,-0.0017894736842105278
highest-temperature-in-denver-on-june-4-2026,Denver,clean,microprice_minus_mid,120,price_bucket,"[0,0.04)",1,0.9926210607225211,0.9852872851169273,0.18395385027835548,1.0,6.845735145529806e-05,-0.001114604305404987
highest-temperature-in-denver-on-june-4-2026,Denver,clean,microprice_minus_mid,120,spread_bucket,medium,2,0.8484848484848485,1.0,,,0.0,-0.001500000000000001
highest-temperature-in-denver-on-june-4-2026,Denver,clean,microprice_minus_mid,120,spread_bucket,tight,2,1.0,0.8699048083963876,0.8804207191383107,1.0,0.0010000000000000009,-0.0012584818159629004
highest-temperature-in-denver-on-june-4-2026,Denver,clean,microprice_minus_mid,120,spread_bucket,wide,2,0.7683416540047754,0.9903301886792453,0.06268097169237558,1.0,1.2309495896834701e-05,-0.0016808962264150953
highest-temperature-in-denver-on-june-4-2026,Denver,clean,microprice_minus_mid,300,activity_bucket,low,2,0.782051282051282,0.8522727272727273,0.31535676622174447,1.0,0.0001250000000000001,-0.0015795454545454554
highest-temperature-in-denver-on-june-4-2026,Denver,clean,microprice_minus_mid,300,activity_bucket,medium,2,0.8142691167635683,0.900761073720457,0.4455739639131208,1.0,0.00043190599522141245,-0.0013805251213022392
highest-temperature-in-denver-on-june-4-2026,Denver,clean,microprice_minus_mid,300,lifecycle_bucket,late,1,0.6138613861386139,0.8709677419354839,0.5854950765960114,1.0,0.00047058823529411804,-0.0017419354838709693
highest-temperature-in-denver-on-june-4-2026,Denver,clean,microprice_minus_mid,300,lifecycle_bucket,mid,1,0.9833973866256726,0.9762388619665469,0.2277155556801463,1.0,8.655258955053615e-05,-0.001111224011255276
highest-temperature-in-denver-on-june-4-2026,Denver,clean,microprice_minus_mid,300,price_bucket,"(0.96,1]",1,0.6138613861386139,0.8709677419354839,0.5854950765960114,1.0,0.00047058823529411804,-0.0017419354838709693
highest-temperature-in-denver-on-june-4-2026,Denver,clean,microprice_minus_mid,300,price_bucket,"[0,0.04)",1,0.9833973866256726,0.9762388619665469,0.2277155556801463,1.0,8.655258955053615e-05,-0.001111224011255276
highest-temperature-in-denver-on-june-4-2026,Denver,clean,microprice_minus_mid,300,spread_bucket,medium,2,0.8484848484848485,1.0,,,0.0,-0.001500000000000001
highest-temperature-in-denver-on-june-4-2026,Denver,clean,microprice_minus_mid,300,spread_bucket,tight,2,0.9411764705882353,0.8542185338865836,0.9026332601903166,1.0,0.0010000000000000009,-0.0012271092669432927
highest-temperature-in-denver-on-june-4-2026,Denver,clean,microprice_minus_mid,300,spread_bucket,wide,2,0.6074451920989798,0.9762135922330097,0.09776003249776231,1.0,3.106682297772567e-05,-0.001679247572815535
highest-temperature-in-denver-on-june-4-2026,Denver,clean,microprice_minus_mid,600,activity_bucket,low,2,0.7564102564102564,0.775,0.40847142419867577,1.0,0.0006500000000000006,-0.001500000000000001
highest-temperature-in-denver-on-june-4-2026,Denver,clean,microprice_minus_mid,600,activity_bucket,medium,2,0.6763096615311285,0.8416527179977682,0.5145533443217134,1.0,0.0005441324664344994,-0.0012646062490036672
highest-temperature-in-denver-on-june-4-2026,Denver,clean,microprice_minus_mid,600,lifecycle_bucket,late,1,0.43564356435643564,0.75,0.7251980859675242,1.0,0.0010129870129870137,-0.0015681818181818195
highest-temperature-in-denver-on-june-4-2026,Denver,clean,microprice_minus_mid,600,lifecycle_bucket,mid,1,0.965564950038432,0.9746855596242636,0.2345362548759595,1.0,8.877481177275838e-05,-0.0011127209043145998
highest-temperature-in-denver-on-june-4-2026,Denver,clean,microprice_minus_mid,600,overall,all,2,0.7006042571974338,0.8623427798121318,0.4798671704217419,1.0,0.0005508809123798861,-0.0013404513612482096
highest-temperature-in-denver-on-june-4-2026,Denver,clean,microprice_minus_mid,600,price_bucket,"(0.96,1]",1,0.43564356435643564,0.75,0.7251980859675242,1.0,0.0010129870129870137,-0.0015681818181818195
highest-temperature-in-denver-on-june-4-2026,Denver,clean,microprice_minus_mid,600,price_bucket,"[0,0.04)",1,0.965564950038432,0.9746855596242636,0.2345362548759595,1.0,8.877481177275838e-05,-0.0011127209043145998
highest-temperature-in-denver-on-june-4-2026,Denver,clean,microprice_minus_mid,600,spread_bucket,medium,2,0.8333333333333333,1.0,,,0.0,-0.001500000000000001
highest-temperature-in-denver-on-june-4-2026,Denver,clean,microprice_minus_mid,600,spread_bucket,tight,2,0.7058823529411764,0.5946947243627742,0.9485188942772379,1.0,0.0016666666666666683,-0.0008152045050385302
highest-temperature-in-denver-on-june-4-2026,Denver,clean,microprice_minus_mid,600,spread_bucket,wide,2,0.5659865422183633,0.9729938271604939,0.08613602194842807,1.0,3.341148886283705e-05,-0.0016890432098765442
highest-temperature-in-denver-on-june-4-2026,Denver,clean,microprice_minus_mid,900,activity_bucket,low,2,0.717948717948718,0.7867647058823529,0.26817330582598176,1.0,0.0003928571428571432,-0.0015073529411764714
highest-temperature-in-denver-on-june-4-2026,Denver,clean,microprice_minus_mid,900,activity_bucket,medium,2,0.732283386376839,0.8221660986692632,0.5055547759071916,1.0,0.0005615002165938367,-0.0012872393297630646
highest-temperature-in-denver-on-june-4-2026,Denver,clean,microprice_minus_mid,900,lifecycle_bucket,late,1,0.48514851485148514,0.7346938775510204,0.5942141835444751,1.0,0.0007272727272727279,-0.0015714285714285728
highest-temperature-in-denver-on-june-4-2026,Denver,clean,microprice_minus_mid,900,lifecycle_bucket,mid,1,0.9485011529592621,0.9565640194489465,0.3028654803161197,1.0,0.00012337798637593298,-0.0011059157212317669
highest-temperature-in-denver-on-june-4-2026,Denver,clean,microprice_minus_mid,900,price_bucket,"(0.96,1]",1,0.48514851485148514,0.7346938775510204,0.5942141835444751,1.0,0.0007272727272727279,-0.0015714285714285728
highest-temperature-in-denver-on-june-4-2026,Denver,clean,microprice_minus_mid,900,price_bucket,"[0,0.04)",1,0.9485011529592621,0.9565640194489465,0.3028654803161197,1.0,0.00012337798637593298,-0.0011059157212317669
highest-temperature-in-denver-on-june-4-2026,Denver,clean,microprice_minus_mid,900,spread_bucket,medium,2,0.8484848484848485,1.0,,,0.0,-0.001500000000000001
highest-temperature-in-denver-on-june-4-2026,Denver,clean,microprice_minus_mid,900,spread_bucket,tight,2,0.8823529411764706,0.7375518672199171,0.7903136898177032,1.0,0.0010000000000000009,-0.0010899297797638053
highest-temperature-in-denver-on-june-4-2026,Denver,clean,microprice_minus_mid,900,spread_bucket,wide,2,0.42273985239852396,0.8832515002727769,0.10022536906235338,1.0,6.858147713950762e-05,-0.001371249318057829
highest-temperature-in-denver-on-june-4-2026,Denver,clean,spread,30,overall,all,2,0.8655679941552956,0.9436364771237751,0.46035692050998306,0.25,,-0.0015606235565819872
highest-temperature-in-denver-on-june-4-2026,Denver,clean,spread,120,overall,all,2,0.8725481541236368,0.9400120636110952,0.43436373405250056,0.28421052631578947,,-0.0015604770017035785
highest-temperature-in-denver-on-june-4-2026,Denver,clean,spread,600,overall,all,2,0.7006042571974338,0.8623427798121318,0.3349761944967301,0.3061749571183533,,-0.0015306280846998895
highest-temperature-in-denver-on-june-4-2026,Denver,clean,tick_size_regime,30,overall,all,2,0.8655679941552956,0.9436364771237751,,0.25,,-0.0015606235565819872
highest-temperature-in-denver-on-june-4-2026,Denver,clean,tick_size_regime,120,overall,all,2,0.8725481541236368,0.9400120636110952,,0.28421052631578947,,-0.0015604770017035785
highest-temperature-in-denver-on-june-4-2026,Denver,clean,tick_size_regime,600,overall,all,2,0.7006042571974338,0.8623427798121318,,0.3061749571183533,,-0.0015306280846998895
highest-temperature-in-denver-on-june-4-2026,Denver,clean,top_level_depth,30,overall,all,2,0.8655679941552956,0.9436364771237751,0.2552193366472269,0.25,0.0002192913898658332,-0.0015606235565819872
highest-temperature-in-denver-on-june-4-2026,Denver,clean,top_level_depth,120,overall,all,2,0.8725481541236368,0.9400120636110952,0.25169393088245506,0.28421052631578947,0.00022913936969864166,-0.0015604770017035785
highest-temperature-in-denver-on-june-4-2026,Denver,clean,top_level_depth,600,overall,all,2,0.7006042571974338,0.8623427798121318,0.1839997284835394,0.3061749571183533,0.0004277387000130263,-0.0015306280846998895
highest-temperature-in-houston-on-june-12-2026,Houston,degraded,bid_ask_liquidity_asymmetry,30,overall,all,11,0.9888863580276562,0.7776650116093435,0.037936377964377405,0.49230835044877286,0.00017320595514826485,-0.035744154210295184
highest-temperature-in-houston-on-june-12-2026,Houston,degraded,bid_ask_liquidity_asymmetry,120,overall,all,11,0.9677442896673507,0.6241242998561567,0.02904647007180865,0.4683463921234907,-0.0059420733355579295,-0.03799799913145588
highest-temperature-in-houston-on-june-12-2026,Houston,degraded,bid_ask_liquidity_asymmetry,600,overall,all,11,0.8763754613052334,0.4214781303624014,-0.046378465059356236,0.43738933687907006,-0.009579230699256648,-0.04249177023849737
highest-temperature-in-houston-on-june-12-2026,Houston,degraded,depth_concentration,30,overall,all,11,0.9888863580276562,0.7776650116093435,0.009570817708612867,0.3816107840956958,-0.008857166585510405,-0.03632107667869224
highest-temperature-in-houston-on-june-12-2026,Houston,degraded,depth_concentration,120,overall,all,11,0.9677442896673507,0.6241242998561567,0.05223537453331013,0.4145405471334774,-0.015893167334241322,-0.038738943368845265
highest-temperature-in-houston-on-june-12-2026,Houston,degraded,depth_concentration,600,overall,all,11,0.8763754613052334,0.4214781303624014,0.10880307690888044,0.40697202398923804,-0.014846929688403237,-0.0420464073053653
highest-temperature-in-houston-on-june-12-2026,Houston,degraded,depth_imbalance_1,30,activity_bucket,high,10,0.9349999999999999,0.47285493758466235,-0.1372210657500263,0.4453267143484535,-0.08724726931158192,-0.08635573708567143
highest-temperature-in-houston-on-june-12-2026,Houston,degraded,depth_imbalance_1,30,activity_bucket,low,11,0.9871853734302928,0.824901399494186,-0.05400977641531428,0.5229813150393138,-0.0017280394832165952,-0.028982698647634454
highest-temperature-in-houston-on-june-12-2026,Houston,degraded,depth_imbalance_1,30,activity_bucket,medium,11,0.990544346371269,0.7739842899029761,0.02863826909658431,0.5787004836329653,-0.008737177889014182,-0.037455585305501256
highest-temperature-in-houston-on-june-12-2026,Houston,degraded,depth_imbalance_1,30,lifecycle_bucket,early,11,0.9888863580276562,0.7776650116093435,0.0011952506568284566,0.5660721159390123,-0.007654003475287705,-0.03612206216546217
highest-temperature-in-houston-on-june-12-2026,Houston,degraded,depth_imbalance_1,30,overall,all,11,0.9888863580276562,0.7776650116093435,0.0011952506568284566,0.5660721159390123,-0.007654003475287705,-0.03612206216546217
highest-temperature-in-houston-on-june-12-2026,Houston,degraded,depth_imbalance_1,30,price_bucket,"[0,0.04)",6,0.9944790156403392,0.8583129740668577,0.04359264276518179,0.5809116688619959,0.0032821738412458635,-0.006509777668267983
highest-temperature-in-houston-on-june-12-2026,Houston,degraded,depth_imbalance_1,30,price_bucket,"[0.04,0.20)",9,0.991394850416395,0.4437190631838209,-0.04034889897395236,0.33860959472964636,0.018307413308934904,-0.09600152533876728
highest-temperature-in-houston-on-june-12-2026,Houston,degraded,depth_imbalance_1,30,price_bucket,"[0.20,0.80]",6,0.9977485959292136,0.24893321290208417,0.39093597317111095,0.4301961243944366,-0.052705713416297116,-0.3287135422811862
highest-temperature-in-houston-on-june-12-2026,Houston,degraded,depth_imbalance_1,30,spread_bucket,medium,11,0.995431208499535,0.8239655207272226,0.09246489735036827,0.6857571240519243,5.985309307445149e-05,-0.025547911901726495
highest-temperature-in-houston-on-june-12-2026,Houston,degraded,depth_imbalance_1,30,spread_bucket,tight,11,0.9739528464928288,0.8602289127833217,0.21514596824859006,0.4947383733061482,0.000222439626843848,-0.015597770661354442
highest-temperature-in-houston-on-june-12-2026,Houston,degraded,depth_imbalance_1,30,spread_bucket,wide,11,0.997296637876348,0.650809283463028,0.03977963397006346,0.578927473051115,-0.03069264838393828,-0.06470981603216702
highest-temperature-in-houston-on-june-12-2026,Houston,degraded,depth_imbalance_1,60,activity_bucket,high,10,0.9349999999999999,0.3759490895647547,-0.12161025923763523,0.3589674438464761,-0.08978570974979194,-0.09544121536771152
highest-temperature-in-houston-on-june-12-2026,Houston,degraded,depth_imbalance_1,60,activity_bucket,low,11,0.9847625720201663,0.7754695140982762,-0.03467672550397171,0.49594149183372616,-0.0041858760483175095,-0.02929566214934702
highest-temperature-in-houston-on-june-12-2026,Houston,degraded,depth_imbalance_1,60,activity_bucket,medium,11,0.9897119189461169,0.7101514406854396,0.01699588149985233,0.5837657495864698,-0.012919858014030011,-0.038398374790515534
highest-temperature-in-houston-on-june-12-2026,Houston,degraded,depth_imbalance_1,60,lifecycle_bucket,early,11,0.9878651939009302,0.7171326353473707,-0.022714353551618157,0.5599392907492831,-0.011915750958447659,-0.03713900276241203
highest-temperature-in-houston-on-june-12-2026,Houston,degraded,depth_imbalance_1,60,price_bucket,"[0,0.04)",6,0.9940484829473024,0.7888629635515482,0.014601385375957204,0.5922573522679455,-0.0007994097512083411,-0.006817485473002456
highest-temperature-in-houston-on-june-12-2026,Houston,degraded,depth_imbalance_1,60,price_bucket,"[0.04,0.20)",9,0.9910387250602695,0.35822748771871216,-0.04289370748921398,0.32640294980239454,0.002703059105321457,-0.09956475895837152
highest-temperature-in-houston-on-june-12-2026,Houston,degraded,depth_imbalance_1,60,price_bucket,"[0.20,0.80]",6,0.9968166923434328,0.21718797714086288,0.37745138311898757,0.4151460590288285,-0.0513894196528001,-0.33986165001083385
highest-temperature-in-houston-on-june-12-2026,Houston,degraded,depth_imbalance_1,60,spread_bucket,medium,11,0.9947433679384406,0.8047234651451377,0.09149143376368858,0.723897504216307,5.099600684235791e-05,-0.02545450852750154
highest-temperature-in-houston-on-june-12-2026,Houston,degraded,depth_imbalance_1,60,spread_bucket,tight,11,0.971577487188423,0.8296805482441726,0.18866087293242537,0.4931840136372192,0.0005057677544964339,-0.015560048270785071
highest-temperature-in-houston-on-june-12-2026,Houston,degraded,depth_imbalance_1,60,spread_bucket,wide,11,0.997296637876348,0.519991786551829,0.007127807607801636,0.5660789681832662,-0.048889322993796155,-0.06741579534501647
highest-temperature-in-houston-on-june-12-2026,Houston,degraded,depth_imbalance_1,120,activity_bucket,high,10,0.9190248962655602,0.32332317333680605,-0.18440995701132237,0.42372691388564404,-0.09242071524268018,-0.09602578989132385
highest-temperature-in-houston-on-june-12-2026,Houston,degraded,depth_imbalance_1,120,activity_bucket,low,11,0.9770400853362902,0.7200457252792927,0.03893002950563564,0.6006191860670078,-0.004101490400863067,-0.02921208527860252
highest-temperature-in-houston-on-june-12-2026,Houston,degraded,depth_imbalance_1,120,activity_bucket,medium,11,0.9707724532425904,0.6054494106124598,0.023347886840341867,0.5827398990548477,-0.01626276625807273,-0.03930311516728888
highest-temperature-in-houston-on-june-12-2026,Houston,degraded,depth_imbalance_1,120,lifecycle_bucket,early,11,0.9677442896673507,0.6241242998561567,-0.01796873893755667,0.5643085623260446,-0.013587872541212657,-0.03798672751821078
highest-temperature-in-houston-on-june-12-2026,Houston,degraded,depth_imbalance_1,120,overall,all,11,0.9677442896673507,0.6241242998561567,-0.01796873893755667,0.5643085623260446,-0.013587872541212657,-0.03798672751821078
highest-temperature-in-houston-on-june-12-2026,Houston,degraded,depth_imbalance_1,120,price_bucket,"[0,0.04)",6,0.9832015398671908,0.7329853221917211,-0.01703130049907656,0.5146854036512712,-0.00180782086604271,-0.007220498797311784
highest-temperature-in-houston-on-june-12-2026,Houston,degraded,depth_imbalance_1,120,price_bucket,"[0.04,0.20)",9,0.9778346114354769,0.2832450058538017,-0.039864046806681416,0.3459984583955987,0.0017440795942891434,-0.09915290054595426
highest-temperature-in-houston-on-june-12-2026,Houston,degraded,depth_imbalance_1,120,price_bucket,"[0.20,0.80]",6,0.9895098183063116,0.17369575408882335,0.45412592668996365,0.4203363062058714,-0.062186451197417794,-0.348310463660959
highest-temperature-in-houston-on-june-12-2026,Houston,degraded,depth_imbalance_1,120,spread_bucket,medium,11,0.985095412695438,0.7295708113202114,0.14701702593842259,0.7224575853851049,0.0002662888233276101,-0.025277608730054288
highest-temperature-in-houston-on-june-12-2026,Houston,degraded,depth_imbalance_1,120,spread_bucket,tight,11,0.924822063547601,0.7863323779243121,0.20702650991697863,0.48130970755878966,0.0011099229093854946,-0.015856946189012303
highest-temperature-in-houston-on-june-12-2026,Houston,degraded,depth_imbalance_1,120,spread_bucket,wide,11,0.9933440687063876,0.3727173819475921,-0.007366350984330072,0.5818949844658047,-0.05412550303969892,-0.06837061808263718
highest-temperature-in-houston-on-june-12-2026,Houston,degraded,depth_imbalance_1,300,activity_bucket,high,10,0.8900539419087137,0.1667882790444367,-0.45038608844420813,0.3942217160531114,-0.10282922089431305,-0.09970789708236036
highest-temperature-in-houston-on-june-12-2026,Houston,degraded,depth_imbalance_1,300,activity_bucket,low,11,0.9454190055289277,0.6112617457022738,0.06866840524433239,0.5520946566582793,-0.0034504768455326617,-0.02898344867042441
highest-temperature-in-houston-on-june-12-2026,Houston,degraded,depth_imbalance_1,300,activity_bucket,medium,11,0.9602059498695739,0.48903580781254896,-0.04207776010825989,0.5413033547954873,-0.01754842790988239,-0.0401080648713858
highest-temperature-in-houston-on-june-12-2026,Houston,degraded,depth_imbalance_1,300,lifecycle_bucket,early,11,0.9475707762008798,0.49952230421950056,-0.06946446058578687,0.5360781169589679,-0.01562948978203915,-0.03906168645398179
highest-temperature-in-houston-on-june-12-2026,Houston,degraded,depth_imbalance_1,300,price_bucket,"[0,0.04)",6,0.9777031291336223,0.5683674820639696,0.20902011449688346,0.6123437717172892,-0.0016016553510897803,-0.0074373278409895225
highest-temperature-in-houston-on-june-12-2026,Houston,degraded,depth_imbalance_1,300,price_bucket,"[0.04,0.20)",9,0.959158143084021,0.18683731896934996,-0.07274882112945541,0.30821849626424436,0.0032791951564449815,-0.10035674969404035
highest-temperature-in-houston-on-june-12-2026,Houston,degraded,depth_imbalance_1,300,price_bucket,"[0.20,0.80]",6,0.985099731820442,0.09753350411410155,0.37263896983601824,0.3937091047480658,-0.06873172762271475,-0.34895894996006754
highest-temperature-in-houston-on-june-12-2026,Houston,degraded,depth_imbalance_1,300,spread_bucket,medium,11,0.9786488095295344,0.6584754281372235,0.15600766460476534,0.6975588000046186,0.001494598471609658,-0.02473449183400286
highest-temperature-in-houston-on-june-12-2026,Houston,degraded,depth_imbalance_1,300,spread_bucket,tight,11,0.8715389315572231,0.6679787781982494,0.03616303974966996,0.49354611506655505,-0.0003793127097335983,-0.016543613446058345
highest-temperature-in-houston-on-june-12-2026,Houston,degraded,depth_imbalance_1,300,spread_bucket,wide,11,0.9925535548723954,0.18870312598261627,-0.06935942953703551,0.5547197589096545,-0.05385873814246047,-0.06959475174609832
highest-temperature-in-houston-on-june-12-2026,Houston,degraded,depth_imbalance_1,600,activity_bucket,high,10,0.7663163448857746,0.025974141624000812,-0.2743918816602035,0.3796477455716586,-0.11521903847929389,-0.11308056319212194
highest-temperature-in-houston-on-june-12-2026,Houston,degraded,depth_imbalance_1,600,activity_bucket,low,11,0.8865903927485761,0.5509645593567299,0.026470681726945375,0.5786067547861771,-0.005559296143913341,-0.029357212934203215
highest-temperature-in-houston-on-june-12-2026,Houston,degraded,depth_imbalance_1,600,activity_bucket,medium,11,0.8914482440669197,0.408322492051099,-0.05939724246384945,0.5497532965456975,-0.01693724051595656,-0.041869577621276494
highest-temperature-in-houston-on-june-12-2026,Houston,degraded,depth_imbalance_1,600,lifecycle_bucket,early,11,0.8763754613052334,0.4214781303624014,-0.0826622570693347,0.545193764833305,-0.01992124863303601,-0.04086385446535989
highest-temperature-in-houston-on-june-12-2026,Houston,degraded,depth_imbalance_1,600,overall,all,11,0.8763754613052334,0.4214781303624014,-0.0826622570693347,0.545193764833305,-0.01992124863303601,-0.04086385446535989
highest-temperature-in-houston-on-june-12-2026,Houston,degraded,depth_imbalance_1,600,price_bucket,"[0,0.04)",6,0.7652787282874017,0.6394233006628953,0.1775452640315773,0.6622677667956961,-0.001864113094862118,-0.003068766306315587
highest-temperature-in-houston-on-june-12-2026,Houston,degraded,depth_imbalance_1,600,price_bucket,"[0.04,0.20)",9,0.9241347597609406,0.14222523264788173,-0.07345776372098942,0.32784724304507834,0.003013832770040197,-0.10097566395762847
highest-temperature-in-houston-on-june-12-2026,Houston,degraded,depth_imbalance_1,600,price_bucket,"[0.20,0.80]",6,0.9533241223029206,0.056408340167367704,0.36028360631546785,0.38930962305346545,-0.07242432796966844,-0.347136333365125
highest-temperature-in-houston-on-june-12-2026,Houston,degraded,depth_imbalance_1,600,spread_bucket,medium,11,0.9390421869517191,0.5628835513785194,0.21035220572152052,0.6489547340601866,0.0068048842338760945,-0.023719633541941808
highest-temperature-in-houston-on-june-12-2026,Houston,degraded,depth_imbalance_1,600,spread_bucket,tight,11,0.7187679232712506,0.5857224705460033,-0.03151229026286745,0.4924734480431849,0.0011625191799964657,-0.01813201953869748
highest-temperature-in-houston-on-june-12-2026,Houston,degraded,depth_imbalance_1,600,spread_bucket,wide,11,0.9714010358937895,0.134740852427441,-0.12583270886864922,0.5516119755463028,-0.05920414544831701,-0.07032104794392745
highest-temperature-in-houston-on-june-12-2026,Houston,degraded,depth_imbalance_1,900,activity_bucket,high,10,0.7405902038069364,0.04505000746380057,-0.18124583199951122,0.4564866904209781,-0.12129684095860567,-0.11526716845905402
highest-temperature-in-houston-on-june-12-2026,Houston,degraded,depth_imbalance_1,900,activity_bucket,low,11,0.8421782335465887,0.4632351711005301,0.10314136394660993,0.6782802076527149,-0.003091727415462504,-0.028965332373223022
highest-temperature-in-houston-on-june-12-2026,Houston,degraded,depth_imbalance_1,900,activity_bucket,medium,11,0.8423513241351962,0.348787229928826,0.003984871053813005,0.5953225733739921,-0.021235049426846155,-0.04161823439170567
highest-temperature-in-houston-on-june-12-2026,Houston,degraded,depth_imbalance_1,900,lifecycle_bucket,early,11,0.8241421060080675,0.3626826876070099,-0.029044844224566026,0.5829278647969083,-0.026425827088930053,-0.04111007417776226
highest-temperature-in-houston-on-june-12-2026,Houston,degraded,depth_imbalance_1,900,price_bucket,"[0,0.04)",6,0.723219191274114,0.591435293582128,0.16658172770816485,0.7180204259124727,-0.0021134684121152957,-0.0033275396431084537
highest-temperature-in-houston-on-june-12-2026,Houston,degraded,depth_imbalance_1,900,price_bucket,"[0.04,0.20)",9,0.9001510408237391,0.10735433819282358,-0.1602593597808019,0.3724776664274791,0.00034546787843237655,-0.09431847040384972
highest-temperature-in-houston-on-june-12-2026,Houston,degraded,depth_imbalance_1,900,price_bucket,"[0.20,0.80]",6,0.9328222434157435,0.042712011873688525,0.41916089564677367,0.39312175353508994,-0.06868039238485636,-0.3484527894797176
highest-temperature-in-houston-on-june-12-2026,Houston,degraded,depth_imbalance_1,900,spread_bucket,medium,11,0.8810554171829916,0.4845440945085977,0.12829332557330184,0.7155119786481424,0.01072241476228251,-0.02186018097061369
highest-temperature-in-houston-on-june-12-2026,Houston,degraded,depth_imbalance_1,900,spread_bucket,tight,11,0.6200937528250331,0.5681556979604704,0.23113132134602812,0.5311073208876731,0.0032651358425404686,-0.02005959390599439
highest-temperature-in-houston-on-june-12-2026,Houston,degraded,depth_imbalance_1,900,spread_bucket,wide,11,0.9714010358937895,0.08892306954075883,-0.07564139355337719,0.562522680135002,-0.05570620397524228,-0.06789405013577035
highest-temperature-in-houston-on-june-12-2026,Houston,degraded,depth_imbalance_3,30,overall,all,11,0.9888863580276562,0.7776650116093435,-0.09959018357699613,0.4682475243575403,-0.015811902234515486,-0.03632175958174392
highest-temperature-in-houston-on-june-12-2026,Houston,degraded,depth_imbalance_3,120,overall,all,11,0.9677442896673507,0.6241242998561567,-0.11207728633467573,0.5106168280577218,-0.016568919067457225,-0.0368734335844057
highest-temperature-in-houston-on-june-12-2026,Houston,degraded,depth_imbalance_3,600,overall,all,11,0.8763754613052334,0.4214781303624014,-0.19496888869647125,0.5270352875779636,-0.019436044087012962,-0.03980839901114694
highest-temperature-in-houston-on-june-12-2026,Houston,degraded,depth_imbalance_5,30,overall,all,11,0.9888863580276562,0.7776650116093435,-0.09194989100808701,0.4986740446449709,-0.01609837243331215,-0.03630012394428865
highest-temperature-in-houston-on-june-12-2026,Houston,degraded,depth_imbalance_5,120,overall,all,11,0.9677442896673507,0.6241242998561567,-0.14095234482730207,0.521432258091969,-0.016774895532880724,-0.03687404606742117
highest-temperature-in-houston-on-june-12-2026,Houston,degraded,depth_imbalance_5,600,overall,all,11,0.8763754613052334,0.4214781303624014,-0.17586619214720167,0.5449107883673825,-0.01819503737718414,-0.039778592099457145
highest-temperature-in-houston-on-june-12-2026,Houston,degraded,depth_slope,30,overall,all,11,0.9888863580276562,0.7776650116093435,-0.019875904351102737,0.6188156439198168,-0.00040790193698197775,-0.03250606921267156
highest-temperature-in-houston-on-june-12-2026,Houston,degraded,depth_slope,120,overall,all,11,0.9677442896673507,0.6241242998561567,-0.11023815950043163,0.6132399458705012,0.003213059354209015,-0.03148198667969362
highest-temperature-in-houston-on-june-12-2026,Houston,degraded,depth_slope,600,overall,all,11,0.8763754613052334,0.4214781303624014,-0.06882075356430738,0.6466588908950897,0.006656811862788176,-0.03310802715781275
highest-temperature-in-houston-on-june-12-2026,Houston,degraded,distance_to_zero_one,30,overall,all,11,0.9888863580276562,0.7776650116093435,-0.3290750849380458,0.3816107840956958,-0.047650715535693555,-0.03632107667869224
highest-temperature-in-houston-on-june-12-2026,Houston,degraded,distance_to_zero_one,120,overall,all,11,0.9677442896673507,0.6241242998561567,-0.4549157319681154,0.4145405471334774,-0.07186225548365294,-0.038738943368845265
highest-temperature-in-houston-on-june-12-2026,Houston,degraded,distance_to_zero_one,600,overall,all,11,0.8763754613052334,0.4214781303624014,-0.45088771803547717,0.40697202398923804,-0.06540547058563438,-0.0420464073053653
highest-temperature-in-houston-on-june-12-2026,Houston,degraded,microprice_minus_mid,30,activity_bucket,high,10,0.9349999999999999,0.47285493758466235,-0.20586369422770034,0.4453267143484535,-0.08799396970339572,-0.08635573708567143
highest-temperature-in-houston-on-june-12-2026,Houston,degraded,microprice_minus_mid,30,activity_bucket,low,11,0.9871853734302928,0.824901399494186,0.05127976776632989,0.5229813150393138,-0.0010518664777283118,-0.028982698647634454
highest-temperature-in-houston-on-june-12-2026,Houston,degraded,microprice_minus_mid,30,activity_bucket,medium,11,0.990544346371269,0.7739842899029761,0.06576457404903178,0.5788051274074889,-0.014842342073094695,-0.03744957287217378
highest-temperature-in-houston-on-june-12-2026,Houston,degraded,microprice_minus_mid,30,lifecycle_bucket,early,11,0.9888863580276562,0.7776650116093435,0.04997046317966803,0.5661557365496046,-0.010377009720569702,-0.036117080635872545
highest-temperature-in-houston-on-june-12-2026,Houston,degraded,microprice_minus_mid,30,overall,all,11,0.9888863580276562,0.7776650116093435,0.04997046317966803,0.5661557365496046,-0.010377009720569702,-0.036117080635872545
highest-temperature-in-houston-on-june-12-2026,Houston,degraded,microprice_minus_mid,30,price_bucket,"[0,0.04)",6,0.9944790156403392,0.8583129740668577,0.10899192622803071,0.5809116688619959,0.002837038046934444,-0.006509777668267983
highest-temperature-in-houston-on-june-12-2026,Houston,degraded,microprice_minus_mid,30,price_bucket,"[0.04,0.20)",9,0.991394850416395,0.4437190631838209,0.1828424369531051,0.33860959472964636,0.01841945772356361,-0.09600152533876728
highest-temperature-in-houston-on-june-12-2026,Houston,degraded,microprice_minus_mid,30,price_bucket,"[0.20,0.80]",6,0.9977485959292136,0.24893321290208417,0.27450507861587414,0.4303591470258137,-0.001666074477403448,-0.32870378882753376
highest-temperature-in-houston-on-june-12-2026,Houston,degraded,microprice_minus_mid,30,spread_bucket,medium,11,0.995431208499535,0.8239655207272226,0.10878088939921032,0.6857571240519243,0.00019692137447696272,-0.025547911901726495
highest-temperature-in-houston-on-june-12-2026,Houston,degraded,microprice_minus_mid,30,spread_bucket,tight,11,0.9739528464928288,0.8602289127833217,0.21299736251919404,0.4950696362461068,0.0003031741505581222,-0.015597382757740731
highest-temperature-in-houston-on-june-12-2026,Houston,degraded,microprice_minus_mid,30,spread_bucket,wide,11,0.997296637876348,0.650809283463028,-0.013869906231572492,0.578927473051115,-0.030822839227451607,-0.06470981603216702
highest-temperature-in-houston-on-june-12-2026,Houston,degraded,microprice_minus_mid,60,activity_bucket,high,10,0.9349999999999999,0.3759490895647547,-0.21775793675009106,0.3589674438464761,-0.09181550901679551,-0.09544121536771152
highest-temperature-in-houston-on-june-12-2026,Houston,degraded,microprice_minus_mid,60,activity_bucket,low,11,0.9847625720201663,0.7754695140982762,0.0576166931970945,0.49594149183372616,-0.0028878216312389284,-0.02929566214934702
highest-temperature-in-houston-on-june-12-2026,Houston,degraded,microprice_minus_mid,60,activity_bucket,medium,11,0.9897119189461169,0.7101514406854396,0.05895830463469067,0.5838499233607511,-0.020959600259869624,-0.03839226820546158
highest-temperature-in-houston-on-june-12-2026,Houston,degraded,microprice_minus_mid,60,lifecycle_bucket,early,11,0.9878651939009302,0.7171326353473707,0.02991135407909038,0.5600047605676968,-0.016948054262001615,-0.03713395849039199
highest-temperature-in-houston-on-june-12-2026,Houston,degraded,microprice_minus_mid,60,price_bucket,"[0,0.04)",6,0.9940484829473024,0.7888629635515482,0.0808845477781428,0.5922573522679455,-4.7896202057497683e-05,-0.006817485473002456
highest-temperature-in-houston-on-june-12-2026,Houston,degraded,microprice_minus_mid,60,price_bucket,"[0.04,0.20)",9,0.9910387250602695,0.35822748771871216,0.17533840506626142,0.32640294980239454,0.002729540855738669,-0.09956475895837152
highest-temperature-in-houston-on-june-12-2026,Houston,degraded,microprice_minus_mid,60,price_bucket,"[0.20,0.80]",6,0.9968166923434328,0.21718797714086288,0.4341712649761905,0.4152781131771714,0.005323427907884487,-0.33985175887911184
highest-temperature-in-houston-on-june-12-2026,Houston,degraded,microprice_minus_mid,60,spread_bucket,medium,11,0.9947433679384406,0.8047234651451377,0.12596655904730852,0.723897504216307,0.00013516892109297562,-0.02545450852750154
highest-temperature-in-houston-on-june-12-2026,Houston,degraded,microprice_minus_mid,60,spread_bucket,tight,11,0.971577487188423,0.8296805482441726,0.19212149482246826,0.4934254534967451,0.0007539838591657895,-0.015559919840206741
highest-temperature-in-houston-on-june-12-2026,Houston,degraded,microprice_minus_mid,60,spread_bucket,wide,11,0.997296637876348,0.519991786551829,-0.09408849114969783,0.5660789681832662,-0.04605189300075247,-0.06741579534501647
highest-temperature-in-houston-on-june-12-2026,Houston,degraded,microprice_minus_mid,120,activity_bucket,high,10,0.9190248962655602,0.32332317333680605,-0.13080349856371748,0.42372691388564404,-0.09287800699994413,-0.09602578989132385
highest-temperature-in-houston-on-june-12-2026,Houston,degraded,microprice_minus_mid,120,activity_bucket,low,11,0.9770400853362902,0.7200457252792927,0.13576808640264282,0.6006191860670078,-0.0025361930515003196,-0.02921208527860252
highest-temperature-in-houston-on-june-12-2026,Houston,degraded,microprice_minus_mid,120,activity_bucket,medium,11,0.9707724532425904,0.6054494106124598,0.079475660812404,0.5828016133080876,-0.02232560482875634,-0.039296510680938014
highest-temperature-in-houston-on-june-12-2026,Houston,degraded,microprice_minus_mid,120,lifecycle_bucket,early,11,0.9677442896673507,0.6241242998561567,0.04951973799944398,0.5643579352894098,-0.017545547316377405,-0.037981351204766006
highest-temperature-in-houston-on-june-12-2026,Houston,degraded,microprice_minus_mid,120,overall,all,11,0.9677442896673507,0.6241242998561567,0.04951973799944398,0.5643579352894098,-0.017545547316377405,-0.037981351204766006
highest-temperature-in-houston-on-june-12-2026,Houston,degraded,microprice_minus_mid,120,price_bucket,"[0,0.04)",6,0.9832015398671908,0.7329853221917211,0.035140521630300146,0.5146854036512712,-0.0026407080679436462,-0.007220498797311784
highest-temperature-in-houston-on-june-12-2026,Houston,degraded,microprice_minus_mid,120,price_bucket,"[0.04,0.20)",9,0.9778346114354769,0.2832450058538017,0.18639600445777915,0.3459984583955987,0.002096228760092294,-0.09915290054595426
highest-temperature-in-houston-on-june-12-2026,Houston,degraded,microprice_minus_mid,120,price_bucket,"[0.20,0.80]",6,0.9895098183063116,0.17369575408882335,0.21448940755968668,0.42043990630947153,-0.010051734453852726,-0.34829980184381454
highest-temperature-in-houston-on-june-12-2026,Houston,degraded,microprice_minus_mid,120,spread_bucket,medium,11,0.985095412695438,0.7295708113202114,0.16759011655618855,0.7224575853851049,0.0003870076514594752,-0.025277608730054288
highest-temperature-in-houston-on-june-12-2026,Houston,degraded,microprice_minus_mid,120,spread_bucket,tight,11,0.924822063547601,0.7863323779243121,0.21801928152831943,0.48149285774193984,0.0009640012016239835,-0.015856608004188037
highest-temperature-in-houston-on-june-12-2026,Houston,degraded,microprice_minus_mid,120,spread_bucket,wide,11,0.9933440687063876,0.3727173819475921,-0.10226212078510662,0.5818949844658047,-0.05187707673698125,-0.06837061808263718
highest-temperature-in-houston-on-june-12-2026,Houston,degraded,microprice_minus_mid,300,activity_bucket,high,10,0.8900539419087137,0.1667882790444367,-0.25617449441692774,0.3942217160531114,-0.1029574883864751,-0.09970789708236036
highest-temperature-in-houston-on-june-12-2026,Houston,degraded,microprice_minus_mid,300,activity_bucket,low,11,0.9454190055289277,0.6112617457022738,0.15679332357743847,0.5520946566582793,-0.001011326757782152,-0.02898344867042441
highest-temperature-in-houston-on-june-12-2026,Houston,degraded,microprice_minus_mid,300,activity_bucket,medium,11,0.9602059498695739,0.48903580781254896,0.013654812243373858,0.5412106742827018,-0.025548244464149494,-0.0401033531393338
highest-temperature-in-houston-on-june-12-2026,Houston,degraded,microprice_minus_mid,300,lifecycle_bucket,early,11,0.9475707762008798,0.49952230421950056,0.0004529058955743984,0.5359982627148141,-0.02154840912783341,-0.03905777521795275
highest-temperature-in-houston-on-june-12-2026,Houston,degraded,microprice_minus_mid,300,price_bucket,"[0,0.04)",6,0.9777031291336223,0.5683674820639696,0.23011298177601747,0.6123437717172892,-0.002428937725815468,-0.0074373278409895225
highest-temperature-in-houston-on-june-12-2026,Houston,degraded,microprice_minus_mid,300,price_bucket,"[0.04,0.20)",9,0.959158143084021,0.18683731896934996,0.1710419741359923,0.30821849626424436,0.003650889310556398,-0.10035674969404035
highest-temperature-in-houston-on-june-12-2026,Houston,degraded,microprice_minus_mid,300,price_bucket,"[0.20,0.80]",6,0.985099731820442,0.09753350411410155,0.15742700459248865,0.3935594186377886,-0.01606193913862815,-0.3489509928112288
highest-temperature-in-houston-on-june-12-2026,Houston,degraded,microprice_minus_mid,300,spread_bucket,medium,11,0.9786488095295344,0.6584754281372235,0.1837265201288833,0.6975588000046186,0.002318448132452819,-0.02473449183400286
highest-temperature-in-houston-on-june-12-2026,Houston,degraded,microprice_minus_mid,300,spread_bucket,tight,11,0.8715389315572231,0.6679787781982494,0.16831022893493358,0.4929560285205283,0.0007273445921172155,-0.016552644914811773
highest-temperature-in-houston-on-june-12-2026,Houston,degraded,microprice_minus_mid,300,spread_bucket,wide,11,0.9925535548723954,0.18870312598261627,-0.19393040596223515,0.5547197589096545,-0.051192494928668925,-0.06959475174609832
highest-temperature-in-houston-on-june-12-2026,Houston,degraded,microprice_minus_mid,600,activity_bucket,high,10,0.7663163448857746,0.025974141624000812,-0.3300889963482024,0.3796477455716586,-0.11970759414877064,-0.11308056319212194
highest-temperature-in-houston-on-june-12-2026,Houston,degraded,microprice_minus_mid,600,activity_bucket,low,11,0.8865903927485761,0.5509645593567299,0.17048137561877555,0.5786067547861771,-0.000742391629844137,-0.029357212934203215
highest-temperature-in-houston-on-june-12-2026,Houston,degraded,microprice_minus_mid,600,activity_bucket,medium,11,0.8914482440669197,0.408322492051099,0.01213483533373935,0.5496764272730716,-0.0263199254976372,-0.041864490800179906
highest-temperature-in-houston-on-june-12-2026,Houston,degraded,microprice_minus_mid,600,lifecycle_bucket,early,11,0.8763754613052334,0.4214781303624014,0.0025107889174200452,0.545126027775453,-0.02794594416600796,-0.040859588097298234
highest-temperature-in-houston-on-june-12-2026,Houston,degraded,microprice_minus_mid,600,overall,all,11,0.8763754613052334,0.4214781303624014,0.0025107889174200452,0.545126027775453,-0.02794594416600796,-0.040859588097298234
highest-temperature-in-houston-on-june-12-2026,Houston,degraded,microprice_minus_mid,600,price_bucket,"[0,0.04)",6,0.7652787282874017,0.6394233006628953,0.21031431710990872,0.6622677667956961,-0.0026811485575592093,-0.003068766306315587
highest-temperature-in-houston-on-june-12-2026,Houston,degraded,microprice_minus_mid,600,price_bucket,"[0.04,0.20)",9,0.9241347597609406,0.14222523264788173,0.18085454499082754,0.32784724304507834,0.004256581594816184,-0.10097566395762847
highest-temperature-in-houston-on-june-12-2026,Houston,degraded,microprice_minus_mid,600,price_bucket,"[0.20,0.80]",6,0.9533241223029206,0.056408340167367704,0.14702909903351238,0.38918495297805644,-0.015600584109637028,-0.3471274133426265
highest-temperature-in-houston-on-june-12-2026,Houston,degraded,microprice_minus_mid,600,spread_bucket,medium,11,0.9390421869517191,0.5628835513785194,0.27622216023061297,0.6489547340601866,0.0035510920660493123,-0.023719633541941808
highest-temperature-in-houston-on-june-12-2026,Houston,degraded,microprice_minus_mid,600,spread_bucket,tight,11,0.7187679232712506,0.5857224705460033,0.17414436372547998,0.49182409739383426,0.001977494571798684,-0.018147150255612688
highest-temperature-in-houston-on-june-12-2026,Houston,degraded,microprice_minus_mid,600,spread_bucket,wide,11,0.9714010358937895,0.134740852427441,-0.25146693510569296,0.5516119755463028,-0.05760315339782834,-0.07032104794392745
highest-temperature-in-houston-on-june-12-2026,Houston,degraded,microprice_minus_mid,900,activity_bucket,high,10,0.7405902038069364,0.04505000746380057,-0.24209474152959826,0.4564866904209781,-0.12643701781073904,-0.11526716845905402
highest-temperature-in-houston-on-june-12-2026,Houston,degraded,microprice_minus_mid,900,activity_bucket,low,11,0.8421782335465887,0.4632351711005301,0.2571879959557687,0.6782802076527149,-0.00020200981523036115,-0.028965332373223022
highest-temperature-in-houston-on-june-12-2026,Houston,degraded,microprice_minus_mid,900,activity_bucket,medium,11,0.8423513241351962,0.348787229928826,0.045968580303121766,0.5952385572821509,-0.024344461124909168,-0.041615625159113045
highest-temperature-in-houston-on-june-12-2026,Houston,degraded,microprice_minus_mid,900,lifecycle_bucket,early,11,0.8241421060080675,0.3626826876070099,0.034557788697034436,0.5828543194363252,-0.027865541839844767,-0.04110781138301963
highest-temperature-in-houston-on-june-12-2026,Houston,degraded,microprice_minus_mid,900,price_bucket,"[0,0.04)",6,0.723219191274114,0.591435293582128,0.1642357631458723,0.7180204259124727,-0.0036930470037727916,-0.0033275396431084537
highest-temperature-in-houston-on-june-12-2026,Houston,degraded,microprice_minus_mid,900,price_bucket,"[0.04,0.20)",9,0.9001510408237391,0.10735433819282358,0.12154973484220655,0.3724776664274791,0.003968237614551688,-0.09431847040384972
highest-temperature-in-houston-on-june-12-2026,Houston,degraded,microprice_minus_mid,900,price_bucket,"[0.20,0.80]",6,0.9328222434157435,0.042712011873688525,0.1530491716281297,0.3929858368729842,-0.014857647288608982,-0.3484466633814351
highest-temperature-in-houston-on-june-12-2026,Houston,degraded,microprice_minus_mid,900,spread_bucket,medium,11,0.8810554171829916,0.4845440945085977,0.2503164590121956,0.7155119786481424,0.004544402751774594,-0.02186018097061369
highest-temperature-in-houston-on-june-12-2026,Houston,degraded,microprice_minus_mid,900,spread_bucket,tight,11,0.6200937528250331,0.5681556979604704,0.27762885814561883,0.5306031869897099,0.00402329254514628,-0.020077685267369333
highest-temperature-in-houston-on-june-12-2026,Houston,degraded,microprice_minus_mid,900,spread_bucket,wide,11,0.9714010358937895,0.08892306954075883,-0.25920719234166695,0.562522680135002,-0.05560524057300879,-0.06789405013577035
highest-temperature-in-houston-on-june-12-2026,Houston,degraded,spread,30,overall,all,11,0.9888863580276562,0.7776650116093435,-0.03569627343082444,0.3816107840956958,-0.021855149598160536,-0.03632107667869224
highest-temperature-in-houston-on-june-12-2026,Houston,degraded,spread,120,overall,all,11,0.9677442896673507,0.6241242998561567,-0.018354212380401125,0.4145405471334774,-0.03517411233011631,-0.038738943368845265
highest-temperature-in-houston-on-june-12-2026,Houston,degraded,spread,600,overall,all,11,0.8763754613052334,0.4214781303624014,-0.043978234485360146,0.40697202398923804,-0.03632823651102146,-0.0420464073053653
highest-temperature-in-houston-on-june-12-2026,Houston,degraded,tick_size_regime,30,overall,all,11,0.9888863580276562,0.7776650116093435,,0.3816107840956958,,-0.03632107667869224
highest-temperature-in-houston-on-june-12-2026,Houston,degraded,tick_size_regime,120,overall,all,11,0.9677442896673507,0.6241242998561567,,0.4145405471334774,,-0.038738943368845265
highest-temperature-in-houston-on-june-12-2026,Houston,degraded,tick_size_regime,600,overall,all,11,0.8763754613052334,0.4214781303624014,,0.40697202398923804,,-0.0420464073053653
highest-temperature-in-houston-on-june-12-2026,Houston,degraded,top_level_depth,30,overall,all,11,0.9888863580276562,0.7776650116093435,0.07227013488567834,0.3816107840956958,-0.005295567149962751,-0.03632107667869224
highest-temperature-in-houston-on-june-12-2026,Houston,degraded,top_level_depth,120,overall,all,11,0.9677442896673507,0.6241242998561567,0.10905441909467285,0.4145405471334774,-0.011422538516088982,-0.038738943368845265
highest-temperature-in-houston-on-june-12-2026,Houston,degraded,top_level_depth,600,overall,all,11,0.8763754613052334,0.4214781303624014,0.12339343480237525,0.40697202398923804,-0.013916550934831845,-0.0420464073053653
highest-temperature-in-mexico-city-on-june-12-2026,Mexico City,degraded,bid_ask_liquidity_asymmetry,30,overall,all,11,0.9952578165041409,0.8470990019249798,0.024148818231309776,0.5056677956484589,0.0008428928490634854,-0.03352862312910041
highest-temperature-in-mexico-city-on-june-12-2026,Mexico City,degraded,bid_ask_liquidity_asymmetry,120,overall,all,11,0.9718757331360266,0.7449189992613043,0.09333778999035229,0.49615368257364056,0.0029969331014235144,-0.03374587675167596
highest-temperature-in-mexico-city-on-june-12-2026,Mexico City,degraded,bid_ask_liquidity_asymmetry,600,overall,all,11,0.9248363110702802,0.5528695481907278,0.12938919899319165,0.5939242987099592,0.001773793624444384,-0.034025333885525665
highest-temperature-in-mexico-city-on-june-12-2026,Mexico City,degraded,depth_concentration,30,overall,all,11,0.9952578165041409,0.8470990019249798,0.01598011532483289,0.3888009111166619,0.0017680297316349353,-0.03401216940666145
highest-temperature-in-mexico-city-on-june-12-2026,Mexico City,degraded,depth_concentration,120,overall,all,11,0.9718757331360266,0.7449189992613043,0.053528197696169386,0.40995667070994474,0.0034696000519512616,-0.03500698061192948
highest-temperature-in-mexico-city-on-june-12-2026,Mexico City,degraded,depth_concentration,600,overall,all,11,0.9248363110702802,0.5528695481907278,0.09250822926330787,0.47169661086082476,0.003357655458307152,-0.03631447052753976
highest-temperature-in-mexico-city-on-june-12-2026,Mexico City,degraded,depth_imbalance_1,30,activity_bucket,high,6,1.0,0.7933568489124045,-0.017503621720399914,0.8419117647058824,0.008876577840112209,-0.03515549676660787
highest-temperature-in-mexico-city-on-june-12-2026,Mexico City,degraded,depth_imbalance_1,30,activity_bucket,low,11,0.9907180763014559,0.8468192689422416,0.04887460378607625,0.7566657520882873,-0.00021284682905427886,-0.03225140375055698
highest-temperature-in-mexico-city-on-june-12-2026,Mexico City,degraded,depth_imbalance_1,30,activity_bucket,medium,11,0.995938833178111,0.8344713435196528,0.013725800522922976,0.5734771501989069,0.0007869272156256469,-0.03291135251020371
highest-temperature-in-mexico-city-on-june-12-2026,Mexico City,degraded,depth_imbalance_1,30,lifecycle_bucket,early,11,0.9952578165041409,0.8470990019249798,0.020847091691754607,0.6117369858209848,0.0006953783505529275,-0.03375250402458701
highest-temperature-in-mexico-city-on-june-12-2026,Mexico City,degraded,depth_imbalance_1,30,overall,all,11,0.9952578165041409,0.8470990019249798,0.020847091691754607,0.6117369858209848,0.0006953783505529275,-0.03375250402458701
highest-temperature-in-mexico-city-on-june-12-2026,Mexico City,degraded,depth_imbalance_1,30,price_bucket,"[0,0.04)",7,0.9922886233361833,0.9728344873775914,0.025128305471383217,0.7249589490968801,-1.4636424093732585e-05,-0.00348395905499337
highest-temperature-in-mexico-city-on-june-12-2026,Mexico City,degraded,depth_imbalance_1,30,price_bucket,"[0.04,0.20)",5,0.999089874857793,0.8109010885497021,-0.016438494349673954,0.4984317080125463,-0.002851731337354575,-0.06346188803067122
highest-temperature-in-mexico-city-on-june-12-2026,Mexico City,degraded,depth_imbalance_1,30,price_bucket,"[0.20,0.80]",3,0.9947197135327035,0.7121983603540155,0.037488894001584415,0.5385080178957423,0.003726072967735885,-0.08131756989698045
highest-temperature-in-mexico-city-on-june-12-2026,Mexico City,degraded,depth_imbalance_1,30,spread_bucket,medium,11,0.9956128448665762,0.8889232077799694,0.1804014958645303,0.7682437275985663,0.005291337748339632,-0.02843310230615028
highest-temperature-in-mexico-city-on-june-12-2026,Mexico City,degraded,depth_imbalance_1,30,spread_bucket,tight,11,0.9935519408443901,0.8773947760414397,0.10727864716390875,0.4553471871829511,0.0012979611540097308,-0.018654189123280627
highest-temperature-in-mexico-city-on-june-12-2026,Mexico City,degraded,depth_imbalance_1,30,spread_bucket,wide,11,0.9966109125055366,0.7754504888666169,-0.029950817117091962,0.6420484841648629,0.0004653696104485088,-0.053857933889062966
highest-temperature-in-mexico-city-on-june-12-2026,Mexico City,degraded,depth_imbalance_1,60,activity_bucket,high,6,1.0,0.7695473251028807,-0.08756471052828202,0.8064516129032258,0.009478260869565226,-0.035154027042915925
highest-temperature-in-mexico-city-on-june-12-2026,Mexico City,degraded,depth_imbalance_1,60,activity_bucket,low,11,0.9773307398074443,0.810322797672536,0.07391970125599256,0.7189424916169102,-0.0015274115308304894,-0.03238051066774009
highest-temperature-in-mexico-city-on-june-12-2026,Mexico City,degraded,depth_imbalance_1,60,activity_bucket,medium,11,0.9790330662121449,0.782511115385245,0.020191967621147673,0.5387506179234308,0.0012533429141534556,-0.03304396211014555
highest-temperature-in-mexico-city-on-june-12-2026,Mexico City,degraded,depth_imbalance_1,60,lifecycle_bucket,early,11,0.9796755558451629,0.796924010507923,0.026804356026332334,0.575110751560621,0.0010409664701723782,-0.03386634478026729
highest-temperature-in-mexico-city-on-june-12-2026,Mexico City,degraded,depth_imbalance_1,60,price_bucket,"[0,0.04)",7,0.9642206350968868,0.9516489433896049,-0.0037549827274685143,0.6326839265651814,-3.2119180723190904e-05,-0.003492545123902073
highest-temperature-in-mexico-city-on-june-12-2026,Mexico City,degraded,depth_imbalance_1,60,price_bucket,"[0.04,0.20)",5,0.9959044368600682,0.7170567589684664,-0.044596936864723206,0.4744001831501832,-0.006522114568191108,-0.05715602661413557
highest-temperature-in-mexico-city-on-june-12-2026,Mexico City,degraded,depth_imbalance_1,60,price_bucket,"[0.20,0.80]",3,0.9809962850388382,0.6181286567343123,0.10950436631067954,0.5872441249439272,0.006572610160263494,-0.08089831297454801
highest-temperature-in-mexico-city-on-june-12-2026,Mexico City,degraded,depth_imbalance_1,60,spread_bucket,medium,11,0.983406932280745,0.8601959330252023,0.2203556829820552,0.8076130019227499,0.006831288110842408,-0.028371601811653883
highest-temperature-in-mexico-city-on-june-12-2026,Mexico City,degraded,depth_imbalance_1,60,spread_bucket,tight,11,0.9733105675898742,0.8323913153601413,0.12461719230482776,0.4588826309610558,0.0031110694161459364,-0.01854761534381769
highest-temperature-in-mexico-city-on-june-12-2026,Mexico City,degraded,depth_imbalance_1,60,spread_bucket,wide,11,0.9823145699492835,0.6999956040099423,-0.05154363129482482,0.6111810772353377,8.222324091680319e-06,-0.05439515518472204
highest-temperature-in-mexico-city-on-june-12-2026,Mexico City,degraded,depth_imbalance_1,120,activity_bucket,high,6,1.0,0.7472075249853027,-0.07941347795437065,0.8668941979522184,0.008869565217391316,-0.03502322163433274
highest-temperature-in-mexico-city-on-june-12-2026,Mexico City,degraded,depth_imbalance_1,120,activity_bucket,low,11,0.9644089790952521,0.7481498559154464,0.16605586338050207,0.7299928622842241,-0.00019301089667274213,-0.03216098482224514
highest-temperature-in-mexico-city-on-june-12-2026,Mexico City,degraded,depth_imbalance_1,120,activity_bucket,medium,11,0.9716680994117347,0.7338647856151084,0.03617440377139179,0.5575587416253319,0.0022653947564815376,-0.03286454845535481
highest-temperature-in-mexico-city-on-june-12-2026,Mexico City,degraded,depth_imbalance_1,120,lifecycle_bucket,early,11,0.9718757331360266,0.7449189992613043,0.05629442612503693,0.5977876255329393,0.0021001487137603707,-0.033619730971321794
highest-temperature-in-mexico-city-on-june-12-2026,Mexico City,degraded,depth_imbalance_1,120,overall,all,11,0.9718757331360266,0.7449189992613043,0.05629442612503693,0.5977876255329393,0.0021001487137603707,-0.033619730971321794
highest-temperature-in-mexico-city-on-june-12-2026,Mexico City,degraded,depth_imbalance_1,120,price_bucket,"[0,0.04)",7,0.9490793219293593,0.9310973754676751,-0.007553058133674739,0.6337748467084429,-6.853338057772521e-05,-0.0034833641735400544
highest-temperature-in-mexico-city-on-june-12-2026,Mexico City,degraded,depth_imbalance_1,120,price_bucket,"[0.04,0.20)",5,0.9945392491467576,0.5265885977379517,-0.16969453996475656,0.5033665855135154,-0.028931120388673636,-0.04280976701151763
highest-temperature-in-mexico-city-on-june-12-2026,Mexico City,degraded,depth_imbalance_1,120,price_bucket,"[0.20,0.80]",3,0.9747028273456045,0.5282644237035762,0.16094603122522128,0.6318087411955933,0.008189396888143016,-0.08049857389401073
highest-temperature-in-mexico-city-on-june-12-2026,Mexico City,degraded,depth_imbalance_1,120,spread_bucket,medium,11,0.9775293971931994,0.8164591463280896,0.27000275406914015,0.8720077885193344,0.009540355660055067,-0.02768419063740455
highest-temperature-in-mexico-city-on-june-12-2026,Mexico City,degraded,depth_imbalance_1,120,spread_bucket,tight,11,0.9613580462654411,0.7874697699665174,0.1563230324280602,0.4647561950439648,0.004635601143623557,-0.018416605135529354
highest-temperature-in-mexico-city-on-june-12-2026,Mexico City,degraded,depth_imbalance_1,120,spread_bucket,wide,11,0.976746065546721,0.6317920601066258,-0.03749331001303753,0.6383544231102553,0.0033012920296216003,-0.054331135805084946
highest-temperature-in-mexico-city-on-june-12-2026,Mexico City,degraded,depth_imbalance_1,300,activity_bucket,high,6,1.0,0.7119341563786009,-0.04546286371490884,0.9939467312348669,0.009391304347826129,-0.034288359788359785
highest-temperature-in-mexico-city-on-june-12-2026,Mexico City,degraded,depth_imbalance_1,300,activity_bucket,low,11,0.9226471410855893,0.6517455572682561,0.21380271863479577,0.7274158168191746,0.005092404481125444,-0.03191145667163034
highest-temperature-in-mexico-city-on-june-12-2026,Mexico City,degraded,depth_imbalance_1,300,activity_bucket,medium,11,0.9622683664549864,0.6646089041277912,0.11308157454265264,0.6249245031772905,0.001925818074566646,-0.03271023889589991
highest-temperature-in-mexico-city-on-june-12-2026,Mexico City,degraded,depth_imbalance_1,300,lifecycle_bucket,early,11,0.9576185377870061,0.6651287484895508,0.12603484693017072,0.6610266609023374,0.0016140070318602221,-0.03342218676503347
highest-temperature-in-mexico-city-on-june-12-2026,Mexico City,degraded,depth_imbalance_1,300,price_bucket,"[0,0.04)",7,0.9240467897352685,0.893770232280682,0.07060850830077955,0.6943371461497081,0.00033071297941995116,-0.003308032196662424
highest-temperature-in-mexico-city-on-june-12-2026,Mexico City,degraded,depth_imbalance_1,300,price_bucket,"[0.04,0.20)",5,0.9927189988623436,0.33907828894726283,-0.04914324384199345,0.5449372508523224,-0.009564379891037537,-0.045573966201666115
highest-temperature-in-mexico-city-on-june-12-2026,Mexico City,degraded,depth_imbalance_1,300,price_bucket,"[0.20,0.80]",3,0.961998241897458,0.423452368636104,0.19087254794286104,0.6896178734771731,0.010429890808536709,-0.07821350217565644
highest-temperature-in-mexico-city-on-june-12-2026,Mexico City,degraded,depth_imbalance_1,300,spread_bucket,medium,11,0.9650984694931627,0.7356231052520612,0.2881046066418106,0.9102774301102302,0.008290557749099035,-0.02706743964848748
highest-temperature-in-mexico-city-on-june-12-2026,Mexico City,degraded,depth_imbalance_1,300,spread_bucket,tight,11,0.9364629932079545,0.7728980995062582,0.227075074426157,0.5182735659137188,0.005519283114650942,-0.01785263589928184
highest-temperature-in-mexico-city-on-june-12-2026,Mexico City,degraded,depth_imbalance_1,300,spread_bucket,wide,11,0.9713219188860457,0.48959435597003503,0.0382110256924919,0.675657084503379,1.1011843575114977e-05,-0.054563644072891625
highest-temperature-in-mexico-city-on-june-12-2026,Mexico City,degraded,depth_imbalance_1,600,activity_bucket,high,6,1.0,0.6666666666666666,0.16667415435240052,0.9929453262786596,0.007695652173913046,-0.03327131099353322
highest-temperature-in-mexico-city-on-june-12-2026,Mexico City,degraded,depth_imbalance_1,600,activity_bucket,low,11,0.84337253610842,0.515320330327459,0.26295755426477085,0.7176775417183964,0.00930022730682469,-0.03190978700684102
highest-temperature-in-mexico-city-on-june-12-2026,Mexico City,degraded,depth_imbalance_1,600,activity_bucket,medium,11,0.9371099090489848,0.5645179648403063,0.13320842085106552,0.6552996330940514,0.002594269067677399,-0.03211566045269033
highest-temperature-in-mexico-city-on-june-12-2026,Mexico City,degraded,depth_imbalance_1,600,lifecycle_bucket,early,11,0.9248363110702802,0.5528695481907278,0.15373632235120688,0.6865091051273731,0.0028830261393058237,-0.032625541472345046
highest-temperature-in-mexico-city-on-june-12-2026,Mexico City,degraded,depth_imbalance_1,600,overall,all,11,0.9248363110702802,0.5528695481907278,0.15373632235120688,0.6865091051273731,0.0028830261393058237,-0.032625541472345046
highest-temperature-in-mexico-city-on-june-12-2026,Mexico City,degraded,depth_imbalance_1,600,price_bucket,"[0,0.04)",7,0.8726645920402171,0.827648391302748,0.013374076391122269,0.6696253306227731,-0.00130901824483673,-0.003304111755289559
highest-temperature-in-mexico-city-on-june-12-2026,Mexico City,degraded,depth_imbalance_1,600,price_bucket,"[0.04,0.20)",5,0.98839590443686,0.16930364929680233,0.18800474772393624,0.5784475202030085,-0.01292300684310944,-0.04650659888473537
highest-temperature-in-mexico-city-on-june-12-2026,Mexico City,degraded,depth_imbalance_1,600,price_bucket,"[0.20,0.80]",3,0.9270200485094101,0.31825507994560726,0.3626735058384394,0.7816941673066712,0.022076560782565455,-0.07453108899340304
highest-temperature-in-mexico-city-on-june-12-2026,Mexico City,degraded,depth_imbalance_1,600,spread_bucket,medium,11,0.9248022812086237,0.6443377737167729,0.29822197227057623,0.7860251381334096,0.013787228676923866,-0.024523633691693022
highest-temperature-in-mexico-city-on-june-12-2026,Mexico City,degraded,depth_imbalance_1,600,spread_bucket,tight,11,0.9002955532303514,0.6510023994433379,0.3348306746588527,0.5154429735040711,0.007856744984252283,-0.017777440772695868
highest-temperature-in-mexico-city-on-june-12-2026,Mexico City,degraded,depth_imbalance_1,600,spread_bucket,wide,11,0.9494302477133527,0.36394438377947247,0.08841770746743394,0.6919158892990304,0.004187028831329749,-0.05377538107159075
highest-temperature-in-mexico-city-on-june-12-2026,Mexico City,degraded,depth_imbalance_1,900,activity_bucket,high,6,0.8333333333333334,0.6,-0.008112765387221341,0.9929453262786596,0.010913043478260876,-0.03752698412698413
highest-temperature-in-mexico-city-on-june-12-2026,Mexico City,degraded,depth_imbalance_1,900,activity_bucket,low,11,0.7922157268818794,0.4520273949885684,0.2752749118258817,0.6886010384593099,0.015891452914228527,-0.03216045876629279
highest-temperature-in-mexico-city-on-june-12-2026,Mexico City,degraded,depth_imbalance_1,900,activity_bucket,medium,11,0.8598512320563416,0.5144845064740781,0.12579019083503398,0.6068601613921677,0.0006719478044937763,-0.033220969353566394
highest-temperature-in-mexico-city-on-june-12-2026,Mexico City,degraded,depth_imbalance_1,900,lifecycle_bucket,early,11,0.8535064098178066,0.4992594329876619,0.13998887643969501,0.6460278022270883,0.0009513258086256368,-0.033380402521177105
highest-temperature-in-mexico-city-on-june-12-2026,Mexico City,degraded,depth_imbalance_1,900,price_bucket,"[0,0.04)",7,0.7214989434612067,0.811919880339509,0.00903715562406746,0.5799656002146262,-0.001506384434686205,-0.0033031264846214645
highest-temperature-in-mexico-city-on-june-12-2026,Mexico City,degraded,depth_imbalance_1,900,price_bucket,"[0.04,0.20)",5,0.9772468714448237,0.09720489440512083,-0.030144182935980823,0.5748307882714814,-0.018784171192947237,-0.04856327062396898
highest-temperature-in-mexico-city-on-june-12-2026,Mexico City,degraded,depth_imbalance_1,900,price_bucket,"[0.20,0.80]",3,0.8634421805642409,0.30456115124390254,0.3582595602734167,0.7815294133078864,0.028298655774947584,-0.07313121265559226
highest-temperature-in-mexico-city-on-june-12-2026,Mexico City,degraded,depth_imbalance_1,900,spread_bucket,medium,11,0.7934537801207898,0.6456679170949006,0.24958066090918254,0.7735253435098833,0.005900591912506089,-0.02475912992926209
highest-temperature-in-mexico-city-on-june-12-2026,Mexico City,degraded,depth_imbalance_1,900,spread_bucket,tight,11,0.8564704868165282,0.5487018373885639,0.39711869459864785,0.500672728785178,0.0035624231030120693,-0.01886474266200659
highest-temperature-in-mexico-city-on-june-12-2026,Mexico City,degraded,depth_imbalance_1,900,spread_bucket,wide,11,0.9105183182739135,0.33120459753296644,0.0950698229001643,0.6907588880351148,0.0032679733651159977,-0.05236278719506307
highest-temperature-in-mexico-city-on-june-12-2026,Mexico City,degraded,depth_imbalance_3,30,overall,all,11,0.9952578165041409,0.8470990019249798,0.03278632749248079,0.591501891503403,0.0009544267697617656,-0.03396622975115327
highest-temperature-in-mexico-city-on-june-12-2026,Mexico City,degraded,depth_imbalance_3,120,overall,all,11,0.9718757331360266,0.7449189992613043,0.06025018755955001,0.5027322023071318,0.0031102431597152843,-0.03489497270145722
highest-temperature-in-mexico-city-on-june-12-2026,Mexico City,degraded,depth_imbalance_3,600,overall,all,11,0.9248363110702802,0.5528695481907278,0.12601337754482872,0.49352158457611656,0.007152427525561154,-0.03576700051692086
highest-temperature-in-mexico-city-on-june-12-2026,Mexico City,degraded,depth_imbalance_5,30,overall,all,11,0.9952578165041409,0.8470990019249798,-0.020676380605985704,0.5867320049752759,-0.000940325719685275,-0.03400339624304643
highest-temperature-in-mexico-city-on-june-12-2026,Mexico City,degraded,depth_imbalance_5,120,overall,all,11,0.9718757331360266,0.7449189992613043,-0.018736345156997066,0.5015557261562253,-0.0014035784327425355,-0.03491465546615777
highest-temperature-in-mexico-city-on-june-12-2026,Mexico City,degraded,depth_imbalance_5,600,overall,all,11,0.9248363110702802,0.5528695481907278,0.02681696586139627,0.4970624690902161,0.00020291045496359706,-0.036027697638709666
highest-temperature-in-mexico-city-on-june-12-2026,Mexico City,degraded,depth_slope,30,overall,all,11,0.9952578165041409,0.8470990019249798,-0.019183972972991105,0.5900103507707427,-0.0018237330405067693,-0.03384816938756408
highest-temperature-in-mexico-city-on-june-12-2026,Mexico City,degraded,depth_slope,120,overall,all,11,0.9718757331360266,0.7449189992613043,-0.05902318795960207,0.5013684055793867,-0.004433481069996292,-0.03460074661393904
highest-temperature-in-mexico-city-on-june-12-2026,Mexico City,degraded,depth_slope,600,overall,all,11,0.9248363110702802,0.5528695481907278,-0.04942051966373651,0.4962164835217702,-0.006318680629149708,-0.03461684153106848
highest-temperature-in-mexico-city-on-june-12-2026,Mexico City,degraded,distance_to_zero_one,30,overall,all,11,0.9952578165041409,0.8470990019249798,-0.27497899143509436,0.3888009111166619,-0.00461157226187266,-0.03401216940666145
highest-temperature-in-mexico-city-on-june-12-2026,Mexico City,degraded,distance_to_zero_one,120,overall,all,11,0.9718757331360266,0.7449189992613043,-0.41737490326733684,0.40995667070994474,-0.01099544052766266,-0.03500698061192948
highest-temperature-in-mexico-city-on-june-12-2026,Mexico City,degraded,distance_to_zero_one,600,overall,all,11,0.9248363110702802,0.5528695481907278,-0.6033656871675075,0.47169661086082476,-0.023019274118924404,-0.03631447052753976
highest-temperature-in-mexico-city-on-june-12-2026,Mexico City,degraded,microprice_minus_mid,30,activity_bucket,high,6,1.0,0.7933568489124045,-0.016555898334774638,0.8419117647058824,0.008876577840112209,-0.03515549676660787
highest-temperature-in-mexico-city-on-june-12-2026,Mexico City,degraded,microprice_minus_mid,30,activity_bucket,low,11,0.9907180763014559,0.8468192689422416,0.14684711326112018,0.7566657520882873,0.0011048689460633721,-0.03200622879058312
highest-temperature-in-mexico-city-on-june-12-2026,Mexico City,degraded,microprice_minus_mid,30,activity_bucket,medium,11,0.995938833178111,0.8344713435196528,0.02403292178713563,0.5726690334745271,-0.0008738805654711852,-0.03280114971261969
highest-temperature-in-mexico-city-on-june-12-2026,Mexico City,degraded,microprice_minus_mid,30,lifecycle_bucket,early,11,0.9952578165041409,0.8470990019249798,0.047157579069010386,0.611002575137242,-0.0006345905299792446,-0.033648580283506396
highest-temperature-in-mexico-city-on-june-12-2026,Mexico City,degraded,microprice_minus_mid,30,overall,all,11,0.9952578165041409,0.8470990019249798,0.047157579069010386,0.611002575137242,-0.0006345905299792446,-0.033648580283506396
highest-temperature-in-mexico-city-on-june-12-2026,Mexico City,degraded,microprice_minus_mid,30,price_bucket,"[0,0.04)",7,0.9922886233361833,0.9728344873775914,0.11529761577342665,0.7249589490968801,9.564022436471054e-05,-0.00348395905499337
highest-temperature-in-mexico-city-on-june-12-2026,Mexico City,degraded,microprice_minus_mid,30,price_bucket,"[0.04,0.20)",5,0.999089874857793,0.8109010885497021,0.02317808567909551,0.4968160045083122,-0.0028282331989357935,-0.0634509211622094
highest-temperature-in-mexico-city-on-june-12-2026,Mexico City,degraded,microprice_minus_mid,30,price_bucket,"[0.20,0.80]",3,0.9947197135327035,0.7121983603540155,0.022803084533004694,0.5385080178957423,0.0011296823338963506,-0.0809547942937879
highest-temperature-in-mexico-city-on-june-12-2026,Mexico City,degraded,microprice_minus_mid,30,spread_bucket,medium,11,0.9956128448665762,0.8889232077799694,0.14549895653592665,0.7628673835125448,0.004397980703293238,-0.02844695065178884
highest-temperature-in-mexico-city-on-june-12-2026,Mexico City,degraded,microprice_minus_mid,30,spread_bucket,tight,11,0.9935519408443901,0.8773947760414397,-0.17137062833347597,0.4553471871829511,0.0004204364302962593,-0.0185155320494039
highest-temperature-in-mexico-city-on-june-12-2026,Mexico City,degraded,microprice_minus_mid,30,spread_bucket,wide,11,0.9966109125055366,0.7754504888666169,0.006698230700664432,0.6420484841648629,-0.001305618549694957,-0.053857933889062966
highest-temperature-in-mexico-city-on-june-12-2026,Mexico City,degraded,microprice_minus_mid,60,activity_bucket,high,6,1.0,0.7695473251028807,-0.08632558959066383,0.8064516129032258,0.009478260869565226,-0.035154027042915925
highest-temperature-in-mexico-city-on-june-12-2026,Mexico City,degraded,microprice_minus_mid,60,activity_bucket,low,11,0.9773307398074443,0.810322797672536,0.18543644211966495,0.7189424916169102,0.0006134476062671552,-0.03215158512031809
highest-temperature-in-mexico-city-on-june-12-2026,Mexico City,degraded,microprice_minus_mid,60,activity_bucket,medium,11,0.9790330662121449,0.782511115385245,0.032649284541296834,0.5380930096357648,-0.000705725308429598,-0.032973988062009116
highest-temperature-in-mexico-city-on-june-12-2026,Mexico City,degraded,microprice_minus_mid,60,lifecycle_bucket,early,11,0.9796755558451629,0.796924010507923,0.055829399720465724,0.5745072941043716,0.00018798183863516157,-0.033789796369460216
highest-temperature-in-mexico-city-on-june-12-2026,Mexico City,degraded,microprice_minus_mid,60,price_bucket,"[0,0.04)",7,0.9642206350968868,0.9516489433896049,0.12332722992233398,0.6326839265651814,0.00011386654268007484,-0.003492545123902073
highest-temperature-in-mexico-city-on-june-12-2026,Mexico City,degraded,microprice_minus_mid,60,price_bucket,"[0.04,0.20)",5,0.9959044368600682,0.7170567589684664,-0.004847924520328351,0.4730725767464346,-0.007135730873457974,-0.0571449632140395
highest-temperature-in-mexico-city-on-june-12-2026,Mexico City,degraded,microprice_minus_mid,60,price_bucket,"[0.20,0.80]",3,0.9809962850388382,0.6181286567343123,0.10276363450322833,0.5872441249439272,0.0030941302509923502,-0.08063607446841554
highest-temperature-in-mexico-city-on-june-12-2026,Mexico City,degraded,microprice_minus_mid,60,spread_bucket,medium,11,0.983406932280745,0.8601959330252023,0.1682604562798837,0.8033253699378166,0.005655414226649812,-0.028388514743898016
highest-temperature-in-mexico-city-on-june-12-2026,Mexico City,degraded,microprice_minus_mid,60,spread_bucket,tight,11,0.9733105675898742,0.8323913153601413,-0.14759567105434454,0.4588826309610558,0.001856676670854957,-0.018432227634410367
highest-temperature-in-mexico-city-on-june-12-2026,Mexico City,degraded,microprice_minus_mid,60,spread_bucket,wide,11,0.9823145699492835,0.6999956040099423,0.01376118804191387,0.6111810772353377,-0.000277929564422176,-0.05439515518472204
highest-temperature-in-mexico-city-on-june-12-2026,Mexico City,degraded,microprice_minus_mid,120,activity_bucket,high,6,1.0,0.7472075249853027,-0.08293317096463482,0.8668941979522184,0.008869565217391316,-0.03502322163433274
highest-temperature-in-mexico-city-on-june-12-2026,Mexico City,degraded,microprice_minus_mid,120,activity_bucket,low,11,0.9644089790952521,0.7481498559154464,0.23908760097961493,0.7299928622842241,0.002301019686921142,-0.03194258460384492
highest-temperature-in-mexico-city-on-june-12-2026,Mexico City,degraded,microprice_minus_mid,120,activity_bucket,medium,11,0.9716680994117347,0.7338647856151084,0.0767583616478086,0.5569217956383516,0.0023111949944159436,-0.03278997645646017
highest-temperature-in-mexico-city-on-june-12-2026,Mexico City,degraded,microprice_minus_mid,120,lifecycle_bucket,early,11,0.9718757331360266,0.7449189992613043,0.09836222844692054,0.5972133469212775,0.0016420455113240287,-0.033541783143536404
highest-temperature-in-mexico-city-on-june-12-2026,Mexico City,degraded,microprice_minus_mid,120,overall,all,11,0.9718757331360266,0.7449189992613043,0.09836222844692054,0.5972133469212775,0.0016420455113240287,-0.033541783143536404
highest-temperature-in-mexico-city-on-june-12-2026,Mexico City,degraded,microprice_minus_mid,120,price_bucket,"[0,0.04)",7,0.9490793219293593,0.9310973754676751,0.17821994078603606,0.6337748467084429,0.0002048556370845023,-0.0034833641735400544
highest-temperature-in-mexico-city-on-june-12-2026,Mexico City,degraded,microprice_minus_mid,120,price_bucket,"[0.04,0.20)",5,0.9945392491467576,0.5265885977379517,-0.11345669415739348,0.5021031725678594,-0.028673980460696868,-0.04279776502832927
highest-temperature-in-mexico-city-on-june-12-2026,Mexico City,degraded,microprice_minus_mid,120,price_bucket,"[0.20,0.80]",3,0.9747028273456045,0.5282644237035762,0.1249060488498676,0.6318087411955933,0.0017868095379118063,-0.08023276849744491
highest-temperature-in-mexico-city-on-june-12-2026,Mexico City,degraded,microprice_minus_mid,120,spread_bucket,medium,11,0.9775293971931994,0.8164591463280896,0.22351418314500035,0.868576318089883,0.008294044431768339,-0.027702263592709574
highest-temperature-in-mexico-city-on-june-12-2026,Mexico City,degraded,microprice_minus_mid,120,spread_bucket,tight,11,0.9613580462654411,0.7874697699665174,-0.13506484422354498,0.4647561950439648,0.0026397920206971417,-0.01828157071126063
highest-temperature-in-mexico-city-on-june-12-2026,Mexico City,degraded,microprice_minus_mid,120,spread_bucket,wide,11,0.976746065546721,0.6317920601066258,0.04059526893827929,0.6383544231102553,0.002926879917813144,-0.054331135805084946
highest-temperature-in-mexico-city-on-june-12-2026,Mexico City,degraded,microprice_minus_mid,300,activity_bucket,high,6,1.0,0.7119341563786009,-0.047398984248991194,0.9939467312348669,0.009391304347826129,-0.034288359788359785
highest-temperature-in-mexico-city-on-june-12-2026,Mexico City,degraded,microprice_minus_mid,300,activity_bucket,low,11,0.9226471410855893,0.6517455572682561,0.25173590322102457,0.7274158168191746,0.0026521956377744166,-0.03175946996936159
highest-temperature-in-mexico-city-on-june-12-2026,Mexico City,degraded,microprice_minus_mid,300,activity_bucket,medium,11,0.9622683664549864,0.6646089041277912,0.13697665512844448,0.6243253172436969,0.00039096621493685,-0.03264142730168332
highest-temperature-in-mexico-city-on-june-12-2026,Mexico City,degraded,microprice_minus_mid,300,lifecycle_bucket,early,11,0.9576185377870061,0.6651287484895508,0.14943707958236233,0.6604995827885222,-0.0006366454498360226,-0.03335668623446314
highest-temperature-in-mexico-city-on-june-12-2026,Mexico City,degraded,microprice_minus_mid,300,price_bucket,"[0,0.04)",7,0.9240467897352685,0.893770232280682,0.23534729708674149,0.6943371461497081,0.0011604974373977852,-0.003308032196662424
highest-temperature-in-mexico-city-on-june-12-2026,Mexico City,degraded,microprice_minus_mid,300,price_bucket,"[0.04,0.20)",5,0.9927189988623436,0.33907828894726283,0.00979190912779258,0.5437776790019286,-0.010879832615271751,-0.04555820617027117
highest-temperature-in-mexico-city-on-june-12-2026,Mexico City,degraded,microprice_minus_mid,300,price_bucket,"[0.20,0.80]",3,0.961998241897458,0.423452368636104,0.14425988939693976,0.6896178734771731,0.0024524877379215313,-0.07799960028255681
highest-temperature-in-mexico-city-on-june-12-2026,Mexico City,degraded,microprice_minus_mid,300,spread_bucket,medium,11,0.9650984694931627,0.7356231052520612,0.21664982990309883,0.9074569915899946,0.0066240452274217085,-0.02708682883541921
highest-temperature-in-mexico-city-on-june-12-2026,Mexico City,degraded,microprice_minus_mid,300,spread_bucket,tight,11,0.9364629932079545,0.7728980995062582,-0.09170657974770528,0.5182735659137188,0.0032332381411059683,-0.01774538952030428
highest-temperature-in-mexico-city-on-june-12-2026,Mexico City,degraded,microprice_minus_mid,300,spread_bucket,wide,11,0.9713219188860457,0.48959435597003503,0.09362988841842573,0.675657084503379,-0.003266935757478268,-0.054563644072891625
highest-temperature-in-mexico-city-on-june-12-2026,Mexico City,degraded,microprice_minus_mid,600,activity_bucket,high,6,1.0,0.6666666666666666,0.1609742614912893,0.9929453262786596,0.007695652173913046,-0.03327131099353322
highest-temperature-in-mexico-city-on-june-12-2026,Mexico City,degraded,microprice_minus_mid,600,activity_bucket,low,11,0.84337253610842,0.515320330327459,0.3042783344554142,0.7176775417183964,0.004120170578592247,-0.031888572805805274
highest-temperature-in-mexico-city-on-june-12-2026,Mexico City,degraded,microprice_minus_mid,600,activity_bucket,medium,11,0.9371099090489848,0.5645179648403063,0.18587572710272357,0.6547593567724213,0.0035029101872232444,-0.03208976467183704
highest-temperature-in-mexico-city-on-june-12-2026,Mexico City,degraded,microprice_minus_mid,600,lifecycle_bucket,early,11,0.9248363110702802,0.5528695481907278,0.2002962199603928,0.6860404130509965,0.00201402782324681,-0.03260716596647663
highest-temperature-in-mexico-city-on-june-12-2026,Mexico City,degraded,microprice_minus_mid,600,overall,all,11,0.9248363110702802,0.5528695481907278,0.2002962199603928,0.6860404130509965,0.00201402782324681,-0.03260716596647663
highest-temperature-in-mexico-city-on-june-12-2026,Mexico City,degraded,microprice_minus_mid,600,price_bucket,"[0,0.04)",7,0.8726645920402171,0.827648391302748,0.2317639518359107,0.6696253306227731,-0.0001319216097570396,-0.003304111755289559
highest-temperature-in-mexico-city-on-june-12-2026,Mexico City,degraded,microprice_minus_mid,600,price_bucket,"[0.04,0.20)",5,0.98839590443686,0.16930364929680233,0.302813633534245,0.5774163976349799,-0.006954058034995459,-0.04649178103658419
highest-temperature-in-mexico-city-on-june-12-2026,Mexico City,degraded,microprice_minus_mid,600,price_bucket,"[0.20,0.80]",3,0.9270200485094101,0.31825507994560726,0.2234127143438307,0.7816941673066712,0.0049957364941307135,-0.07448840855213748
highest-temperature-in-mexico-city-on-june-12-2026,Mexico City,degraded,microprice_minus_mid,600,spread_bucket,medium,11,0.9248022812086237,0.6443377737167729,0.20892599358437072,0.7838140692240227,0.012874458307602588,-0.02454307226415071
highest-temperature-in-mexico-city-on-june-12-2026,Mexico City,degraded,microprice_minus_mid,600,spread_bucket,tight,11,0.9002955532303514,0.6510023994433379,0.19126602264651396,0.5154429735040711,0.003091790237393523,-0.017746871902147382
highest-temperature-in-mexico-city-on-june-12-2026,Mexico City,degraded,microprice_minus_mid,600,spread_bucket,wide,11,0.9494302477133527,0.36394438377947247,0.15327945591309777,0.6919158892990304,-0.0005278655167974481,-0.05377538107159075
highest-temperature-in-mexico-city-on-june-12-2026,Mexico City,degraded,microprice_minus_mid,900,activity_bucket,high,6,0.8333333333333334,0.6,-0.008112765387221341,0.9929453262786596,0.010913043478260876,-0.03752698412698413
highest-temperature-in-mexico-city-on-june-12-2026,Mexico City,degraded,microprice_minus_mid,900,activity_bucket,low,11,0.7922157268818794,0.4520273949885684,0.3061968639944209,0.6886010384593099,0.003521738353800966,-0.03216045876629279
highest-temperature-in-mexico-city-on-june-12-2026,Mexico City,degraded,microprice_minus_mid,900,activity_bucket,medium,11,0.8598512320563416,0.5144845064740781,0.19531941298768807,0.6063814912070284,0.0016000339351574635,-0.0332120618993318
highest-temperature-in-mexico-city-on-june-12-2026,Mexico City,degraded,microprice_minus_mid,900,lifecycle_bucket,early,11,0.8535064098178066,0.4992594329876619,0.21281274377499756,0.6456145832201052,0.002487633384426205,-0.033373785215711535
highest-temperature-in-mexico-city-on-june-12-2026,Mexico City,degraded,microprice_minus_mid,900,price_bucket,"[0,0.04)",7,0.7214989434612067,0.811919880339509,0.2563293064481045,0.5799656002146262,-1.6927856148889202e-05,-0.0033031264846214645
highest-temperature-in-mexico-city-on-june-12-2026,Mexico City,degraded,microprice_minus_mid,900,price_bucket,"[0.04,0.20)",5,0.9772468714448237,0.09720489440512083,0.06251363244321746,0.5739217064561186,-0.011146363840965541,-0.04854871255194473
highest-temperature-in-mexico-city-on-june-12-2026,Mexico City,degraded,microprice_minus_mid,900,price_bucket,"[0.20,0.80]",3,0.8634421805642409,0.30456115124390254,0.240411033254363,0.7815294133078864,0.016101813635132578,-0.07313121265559226
highest-temperature-in-mexico-city-on-june-12-2026,Mexico City,degraded,microprice_minus_mid,900,spread_bucket,medium,11,0.7934537801207898,0.6456679170949006,0.25933042001265555,0.7716330582114844,0.01202028013640423,-0.02478219650048614
highest-temperature-in-mexico-city-on-june-12-2026,Mexico City,degraded,microprice_minus_mid,900,spread_bucket,tight,11,0.8564704868165282,0.5487018373885639,0.2026838710392085,0.500672728785178,-0.005380589224514801,-0.01886474266200659
highest-temperature-in-mexico-city-on-june-12-2026,Mexico City,degraded,microprice_minus_mid,900,spread_bucket,wide,11,0.9105183182739135,0.33120459753296644,0.16962930818716407,0.6907588880351148,-0.0003417922215795134,-0.05236278719506307
highest-temperature-in-mexico-city-on-june-12-2026,Mexico City,degraded,spread,30,overall,all,11,0.9952578165041409,0.8470990019249798,-0.04072951120935634,0.3888009111166619,0.0009316640149495731,-0.03401216940666145
highest-temperature-in-mexico-city-on-june-12-2026,Mexico City,degraded,spread,120,overall,all,11,0.9718757331360266,0.7449189992613043,-0.0473897720927987,0.40995667070994474,0.006444593911756854,-0.03500698061192948
highest-temperature-in-mexico-city-on-june-12-2026,Mexico City,degraded,spread,600,overall,all,11,0.9248363110702802,0.5528695481907278,0.01247583076136611,0.47169661086082476,0.008376982209951048,-0.03631447052753976
highest-temperature-in-mexico-city-on-june-12-2026,Mexico City,degraded,tick_size_regime,30,overall,all,11,0.9952578165041409,0.8470990019249798,-0.08440896991668555,0.3888009111166619,,-0.03401216940666145
highest-temperature-in-mexico-city-on-june-12-2026,Mexico City,degraded,tick_size_regime,120,overall,all,11,0.9718757331360266,0.7449189992613043,-0.09331431502908469,0.40995667070994474,,-0.03500698061192948
highest-temperature-in-mexico-city-on-june-12-2026,Mexico City,degraded,tick_size_regime,600,overall,all,11,0.9248363110702802,0.5528695481907278,-0.08084175902882192,0.47169661086082476,,-0.03631447052753976
highest-temperature-in-mexico-city-on-june-12-2026,Mexico City,degraded,top_level_depth,30,overall,all,11,0.9952578165041409,0.8470990019249798,0.006644975686116174,0.3888009111166619,0.000832431952171296,-0.03401216940666145
highest-temperature-in-mexico-city-on-june-12-2026,Mexico City,degraded,top_level_depth,120,overall,all,11,0.9718757331360266,0.7449189992613043,0.057006460597114804,0.40995667070994474,0.0025013599151498356,-0.03500698061192948
highest-temperature-in-mexico-city-on-june-12-2026,Mexico City,degraded,top_level_depth,600,overall,all,11,0.9248363110702802,0.5528695481907278,0.19569980939719492,0.47169661086082476,0.015903654498179962,-0.03631447052753976
highest-temperature-in-seattle-on-june-5-2026,Seattle,clean,bid_ask_liquidity_asymmetry,30,overall,all,7,0.9962424618601321,0.9656995048415739,0.11764414913777943,0.5042954603909547,1.673225152602838e-05,-0.0014277752928597038
highest-temperature-in-seattle-on-june-5-2026,Seattle,clean,bid_ask_liquidity_asymmetry,120,overall,all,7,0.9931213966587803,0.9380377824855727,0.11932291888019905,0.5782100623646232,-2.0461203508739065e-05,-0.0014210317696272828
highest-temperature-in-seattle-on-june-5-2026,Seattle,clean,bid_ask_liquidity_asymmetry,600,overall,all,7,0.977432979181975,0.8789556698406618,0.18695858940699134,0.6272582855007846,6.155441309028347e-05,-0.001404768855444065
highest-temperature-in-seattle-on-june-5-2026,Seattle,clean,depth_concentration,30,overall,all,7,0.9962424618601321,0.9656995048415739,-0.06381741853744573,0.44913528897775673,-3.5411633601822176e-05,-0.0014307824356334371
highest-temperature-in-seattle-on-june-5-2026,Seattle,clean,depth_concentration,120,overall,all,7,0.9931213966587803,0.9380377824855727,-0.07073309521378522,0.530405934599942,-6.4521835045167e-05,-0.0014278381696411486
highest-temperature-in-seattle-on-june-5-2026,Seattle,clean,depth_concentration,600,overall,all,7,0.977432979181975,0.8789556698406618,-0.11642506040125923,0.5720341803134542,-0.00020261880400944418,-0.0014205655878945767
highest-temperature-in-seattle-on-june-5-2026,Seattle,clean,depth_imbalance_1,30,activity_bucket,high,7,0.9828668437819109,0.9311059328943562,0.02589834068679477,0.546986859719861,-2.30273937792348e-06,-0.001556502869479359
highest-temperature-in-seattle-on-june-5-2026,Seattle,clean,depth_imbalance_1,30,activity_bucket,low,7,0.9975842060336946,0.9772048945008953,0.03895082058729308,0.5162071846282373,4.312006972960863e-05,-0.001402515188305126
highest-temperature-in-seattle-on-june-5-2026,Seattle,clean,depth_imbalance_1,30,activity_bucket,medium,7,0.9970716962037444,0.9651834361399553,0.09001513423092089,0.5523884508968643,5.509731337668116e-05,-0.001436987734765262
highest-temperature-in-seattle-on-june-5-2026,Seattle,clean,depth_imbalance_1,30,lifecycle_bucket,early,5,0.9932372913614529,0.9530751865201763,0.16928843356791673,0.6394564665796724,0.00013916026381035146,-0.0019347265962650294
highest-temperature-in-seattle-on-june-5-2026,Seattle,clean,depth_imbalance_1,30,lifecycle_bucket,late,2,0.9954982013053191,0.9868012422360248,0.14888234792701108,0.5294117647058824,2.037037037037037e-05,-0.001072981366459655
highest-temperature-in-seattle-on-june-5-2026,Seattle,clean,depth_imbalance_1,30,lifecycle_bucket,mid,7,0.9963524224367836,0.9596372810549443,0.07491885335868775,0.4739466705241316,2.2990151958329016e-05,-0.0013852870443774943
highest-temperature-in-seattle-on-june-5-2026,Seattle,clean,depth_imbalance_1,30,overall,all,7,0.9962424618601321,0.9656995048415739,0.07749774365325182,0.5548853881187846,3.715261750659217e-05,-0.0014359919702931622
highest-temperature-in-seattle-on-june-5-2026,Seattle,clean,depth_imbalance_1,30,price_bucket,"(0.96,1]",1,0.9974506704736654,0.9396820528548792,0.03599068355133758,0.45879354290569246,9.563171152061285e-05,-0.0026449260529144056
highest-temperature-in-seattle-on-june-5-2026,Seattle,clean,depth_imbalance_1,30,price_bucket,"[0,0.04)",6,0.9960410937578766,0.9700357468393563,0.08441558700357087,0.5709006956543,2.7406101837588728e-05,-0.0012345029565229548
highest-temperature-in-seattle-on-june-5-2026,Seattle,clean,depth_imbalance_1,30,spread_bucket,medium,7,0.9996069093129133,0.9913497959922836,0.09609995267910759,0.5210416666666666,0.00013464430537956612,-0.0013831183666183707
highest-temperature-in-seattle-on-june-5-2026,Seattle,clean,depth_imbalance_1,30,spread_bucket,tight,7,0.9969328364346348,0.9778975592696059,0.13721904719399627,0.7862655916967844,5.8192627756849e-05,-0.0008034509505734902
highest-temperature-in-seattle-on-june-5-2026,Seattle,clean,depth_imbalance_1,30,spread_bucket,wide,7,0.9921883670416521,0.9276350750932822,0.12886468447217078,0.6291179611822745,6.27694478446058e-05,-0.002075178450893317
highest-temperature-in-seattle-on-june-5-2026,Seattle,clean,depth_imbalance_1,60,activity_bucket,high,7,0.979081465223708,0.8626151668006744,0.09991483758903676,0.5612680878498529,0.0001576093073353199,-0.0015428356397946535
highest-temperature-in-seattle-on-june-5-2026,Seattle,clean,depth_imbalance_1,60,activity_bucket,low,7,0.9972269530337676,0.9710521242442702,0.042315255270542876,0.5053000008357151,5.395197561895515e-05,-0.0013994631051521091
highest-temperature-in-seattle-on-june-5-2026,Seattle,clean,depth_imbalance_1,60,activity_bucket,medium,7,0.9958241234713748,0.9556397106558945,0.09480662170106682,0.5515977637983048,7.69068694358292e-05,-0.0014319341664445514
highest-temperature-in-seattle-on-june-5-2026,Seattle,clean,depth_imbalance_1,60,lifecycle_bucket,early,5,0.9867475819562109,0.9362649430434657,0.18582049854883106,0.6456597130247324,0.00018755048905988813,-0.0019272858306980472
highest-temperature-in-seattle-on-june-5-2026,Seattle,clean,depth_imbalance_1,60,lifecycle_bucket,late,2,0.9954982013053191,0.9813664596273293,0.2090679760444579,0.6666666666666666,3.3333333333333335e-05,-0.0010702639751553069
highest-temperature-in-seattle-on-june-5-2026,Seattle,clean,depth_imbalance_1,60,lifecycle_bucket,mid,7,0.9957609850892067,0.9426908245982931,0.06908957319896006,0.4989653986102489,4.4280913578550697e-05,-0.0013830567498338772
highest-temperature-in-seattle-on-june-5-2026,Seattle,clean,depth_imbalance_1,60,price_bucket,"(0.96,1]",1,0.9949523275378576,0.9090396638310956,0.06813907192804791,0.4844895657078398,0.00019570871052245771,-0.0026239482864765236
highest-temperature-in-seattle-on-june-5-2026,Seattle,clean,depth_imbalance_1,60,price_bucket,"[0,0.04)",6,0.9948608488865833,0.9584740802479009,0.07975400815048528,0.5996320143170288,4.0527606704062566e-05,-0.0012328644144856459
highest-temperature-in-seattle-on-june-5-2026,Seattle,clean,depth_imbalance_1,60,spread_bucket,medium,7,0.9992164558988863,0.9877189698751435,0.0671735310716817,0.45735839406725487,0.00013109861585950595,-0.0013839904365770088
highest-temperature-in-seattle-on-june-5-2026,Seattle,clean,depth_imbalance_1,60,spread_bucket,tight,7,0.9968015801703738,0.964012508378619,0.17183122912393684,0.7678875353679345,7.816743391846636e-05,-0.000803141601297493
highest-temperature-in-seattle-on-june-5-2026,Seattle,clean,depth_imbalance_1,60,spread_bucket,wide,7,0.9886039185650198,0.9020166052365466,0.1511208427257805,0.6727417664225417,0.00011228530206022147,-0.00206391647445836
highest-temperature-in-seattle-on-june-5-2026,Seattle,clean,depth_imbalance_1,120,activity_bucket,high,7,0.9792544157598547,0.8379538440423554,0.07548847243283723,0.5472932118563055,8.68028732945545e-05,-0.001561160521291892
highest-temperature-in-seattle-on-june-5-2026,Seattle,clean,depth_imbalance_1,120,activity_bucket,low,7,0.9922937910068198,0.9628091667591901,0.042883901168593884,0.520231851754731,9.367425607026e-05,-0.001400557947663358
highest-temperature-in-seattle-on-june-5-2026,Seattle,clean,depth_imbalance_1,120,activity_bucket,medium,7,0.9941911071640541,0.941592036304151,0.11769981614901566,0.6310620003962344,0.0001546745682642296,-0.0014263491865048599
highest-temperature-in-seattle-on-june-5-2026,Seattle,clean,depth_imbalance_1,120,lifecycle_bucket,early,5,0.9831797977662896,0.9133390119603609,0.20418219920385602,0.6645147151918657,0.0003001048001472294,-0.001918388599059773
highest-temperature-in-seattle-on-june-5-2026,Seattle,clean,depth_imbalance_1,120,lifecycle_bucket,late,2,0.993314795191782,0.9627329192546583,0.25773277900089137,0.3958333333333333,3.888888888888889e-05,-0.0010772515527950586
highest-temperature-in-seattle-on-june-5-2026,Seattle,clean,depth_imbalance_1,120,lifecycle_bucket,mid,7,0.9942761864019747,0.9286919199192443,0.07995580342714392,0.5349411127887308,6.831271676799139e-05,-0.0013787172574928706
highest-temperature-in-seattle-on-june-5-2026,Seattle,clean,depth_imbalance_1,120,overall,all,7,0.9931213966587803,0.9380377824855727,0.09369393817223308,0.6184759500982867,0.00011345609838547665,-0.0014270976568730824
highest-temperature-in-seattle-on-june-5-2026,Seattle,clean,depth_imbalance_1,120,price_bucket,"(0.96,1]",1,0.994034568908377,0.8811551087402544,0.08459881094507682,0.4816414686825054,0.0003577917397555954,-0.0026084266201088836
highest-temperature-in-seattle-on-june-5-2026,Seattle,clean,depth_imbalance_1,120,price_bucket,"[0,0.04)",6,0.9929692012838475,0.9475182281097924,0.09520979271009246,0.641281697000917,7.273349149045685e-05,-0.0012302094963337824
highest-temperature-in-seattle-on-june-5-2026,Seattle,clean,depth_imbalance_1,120,spread_bucket,medium,7,0.9988748091616125,0.98363060736972,0.06482788017262331,0.5170889324374767,0.0001361451966167521,-0.0013832213807930388
highest-temperature-in-seattle-on-june-5-2026,Seattle,clean,depth_imbalance_1,120,spread_bucket,tight,7,0.9956432542608848,0.9560475194458878,0.17950853622817536,0.7574192744285934,9.437905304261158e-05,-0.0007996782197459827
highest-temperature-in-seattle-on-june-5-2026,Seattle,clean,depth_imbalance_1,120,spread_bucket,wide,7,0.9848448838083866,0.8738134227353204,0.15942959651006733,0.6875350328602022,0.00019035578614858976,-0.002055255528500205
highest-temperature-in-seattle-on-june-5-2026,Seattle,clean,depth_imbalance_1,300,activity_bucket,high,7,0.979651998521773,0.8181248655076326,0.1023751998978079,0.5367397800677081,0.00016745614807291481,-0.00152601324590873
highest-temperature-in-seattle-on-june-5-2026,Seattle,clean,depth_imbalance_1,300,activity_bucket,low,7,0.9870326697484557,0.940970026022981,0.061194453218839,0.5869455054906368,9.357546233996286e-05,-0.001395776944237624
highest-temperature-in-seattle-on-june-5-2026,Seattle,clean,depth_imbalance_1,300,activity_bucket,medium,7,0.9876340649464739,0.9152602836819925,0.1379272708785199,0.6460995924015712,0.00016325062279639053,-0.0014186201071444743
highest-temperature-in-seattle-on-june-5-2026,Seattle,clean,depth_imbalance_1,300,lifecycle_bucket,early,5,0.9919902476226132,0.8830988464070415,0.18484695083973776,0.6322382157232547,0.000293400444215664,-0.0019189450614770596
highest-temperature-in-seattle-on-june-5-2026,Seattle,clean,depth_imbalance_1,300,lifecycle_bucket,late,2,0.9889479829647078,0.93555900621118,0.27015172085624367,0.3253012048192771,5.3703703703703704e-05,-0.0010846273291925741
highest-temperature-in-seattle-on-june-5-2026,Seattle,clean,depth_imbalance_1,300,lifecycle_bucket,mid,7,0.9892399741017062,0.9071972664603682,0.09188098751105127,0.5565183436705206,0.0001395730254035932,-0.001368199137575545
highest-temperature-in-seattle-on-june-5-2026,Seattle,clean,depth_imbalance_1,300,price_bucket,"(0.96,1]",1,0.9855707948809463,0.8536989136057941,0.11299039154094215,0.4966228226093139,0.00023612518859321294,-0.0025852970117561966
highest-temperature-in-seattle-on-june-5-2026,Seattle,clean,depth_imbalance_1,300,price_bucket,"[0,0.04)",6,0.9884636683406439,0.9235704630122955,0.11099780155993334,0.6535129709678636,8.850789904245711e-05,-0.0012261112714788004
highest-temperature-in-seattle-on-june-5-2026,Seattle,clean,depth_imbalance_1,300,spread_bucket,medium,7,0.9979962889800518,0.9734756600445932,0.054369444194253984,0.5391287146122736,0.00013028275529097368,-0.0013821972020763142
highest-temperature-in-seattle-on-june-5-2026,Seattle,clean,depth_imbalance_1,300,spread_bucket,tight,7,0.99094042254655,0.93032457374324,0.17867494263411549,0.7663493256667222,0.00016317788686970864,-0.0007826847088106345
highest-temperature-in-seattle-on-june-5-2026,Seattle,clean,depth_imbalance_1,300,spread_bucket,wide,7,0.975208624109896,0.8368163743998229,0.16118267286759783,0.6813326888792324,0.00025677218197472576,-0.0020555434641147037
highest-temperature-in-seattle-on-june-5-2026,Seattle,clean,depth_imbalance_1,600,activity_bucket,high,7,0.9817586342795244,0.7764022890876217,0.10018672764630202,0.5513200577828054,0.000176660663791666,-0.0015366952124295263
highest-temperature-in-seattle-on-june-5-2026,Seattle,clean,depth_imbalance_1,600,activity_bucket,low,7,0.9692110234364304,0.900896783035139,0.14727633469381868,0.6530896993609757,0.00020788057628489377,-0.0013770772551210057
highest-temperature-in-seattle-on-june-5-2026,Seattle,clean,depth_imbalance_1,600,activity_bucket,medium,7,0.9762135510936297,0.8803832029212464,0.1853988497711689,0.6935133225925926,0.00030324077401175847,-0.0014048048564032811
highest-temperature-in-seattle-on-june-5-2026,Seattle,clean,depth_imbalance_1,600,lifecycle_bucket,early,5,0.9888154003706209,0.8430667067235842,0.18826363015794323,0.6507233499917625,0.0003408287444015074,-0.001917375596046065
highest-temperature-in-seattle-on-june-5-2026,Seattle,clean,depth_imbalance_1,600,lifecycle_bucket,late,2,0.9821708186254328,0.895800933125972,0.37236591163529237,0.3582089552238806,9.25925925925926e-05,-0.0010882581648522826
highest-temperature-in-seattle-on-june-5-2026,Seattle,clean,depth_imbalance_1,600,lifecycle_bucket,mid,7,0.9777702590655218,0.8708398836781848,0.12562700830075352,0.5992828146863084,0.0003111103625606386,-0.001343393575762196
highest-temperature-in-seattle-on-june-5-2026,Seattle,clean,depth_imbalance_1,600,overall,all,7,0.977432979181975,0.8789556698406618,0.15217630933693832,0.6725765827564663,0.00021076454346899762,-0.0014081218143056032
highest-temperature-in-seattle-on-june-5-2026,Seattle,clean,depth_imbalance_1,600,price_bucket,"(0.96,1]",1,0.9841941569367256,0.8122053566803088,0.12575630941747096,0.5303240099695375,0.00032653483867859393,-0.0025306519371402114
highest-temperature-in-seattle-on-june-5-2026,Seattle,clean,depth_imbalance_1,600,price_bucket,"[0,0.04)",6,0.9763061162228498,0.890080722034054,0.15657964265684954,0.6962853448876211,0.0001914694942673982,-0.0012210334604998352
highest-temperature-in-seattle-on-june-5-2026,Seattle,clean,depth_imbalance_1,600,spread_bucket,medium,7,0.9956201516203674,0.961340001142821,0.04901087492116533,0.536504175618546,0.0001015717949058929,-0.0013872951841564997
highest-temperature-in-seattle-on-june-5-2026,Seattle,clean,depth_imbalance_1,600,spread_bucket,tight,7,0.9827820700148787,0.8978478545685044,0.2515584762636106,0.7543057690655531,0.000368982492084217,-0.0007434770893191134
highest-temperature-in-seattle-on-june-5-2026,Seattle,clean,depth_imbalance_1,600,spread_bucket,wide,7,0.9538833752030654,0.7792411454530146,0.1678442686166987,0.7125657175789447,0.00021951641843790206,-0.002057639190138878
highest-temperature-in-seattle-on-june-5-2026,Seattle,clean,depth_imbalance_1,900,activity_bucket,high,7,0.9894897267164992,0.7287242596454694,0.20133099511462502,0.6174461795514427,0.00021785900718782858,-0.0015488178366095207
highest-temperature-in-seattle-on-june-5-2026,Seattle,clean,depth_imbalance_1,900,activity_bucket,low,7,0.9533506863955947,0.8737937757874956,0.19592584290301687,0.6880071876078676,0.00031087216149781606,-0.0013612480291406647
highest-temperature-in-seattle-on-june-5-2026,Seattle,clean,depth_imbalance_1,900,activity_bucket,medium,7,0.9732529537623742,0.8572270824175422,0.22090428331543643,0.7117015185572845,0.0003344554259893659,-0.0013954589587433816
highest-temperature-in-seattle-on-june-5-2026,Seattle,clean,depth_imbalance_1,900,lifecycle_bucket,early,5,0.9895854738190787,0.8243141341110825,0.21047122646869837,0.6438693867208132,0.0002769113301512737,-0.0019213718121674841
highest-temperature-in-seattle-on-june-5-2026,Seattle,clean,depth_imbalance_1,900,lifecycle_bucket,late,2,0.9751667082874942,0.8478939157566303,0.5125039683959954,0.37948717948717947,0.00014074074074074073,-0.0010920436817472975
highest-temperature-in-seattle-on-june-5-2026,Seattle,clean,depth_imbalance_1,900,lifecycle_bucket,mid,7,0.9730172294985702,0.8400317738197544,0.177289884935267,0.6233369356178149,0.0004567627870696758,-0.001322321422073559
highest-temperature-in-seattle-on-june-5-2026,Seattle,clean,depth_imbalance_1,900,price_bucket,"(0.96,1]",1,0.9900576148472952,0.7997219075084973,0.12194833482593669,0.5328523576397836,0.000527876763658432,-0.0025109300886781
highest-temperature-in-seattle-on-june-5-2026,Seattle,clean,depth_imbalance_1,900,price_bucket,"[0,0.04)",6,0.9710623249013519,0.8578426800565003,0.21798414254739273,0.7232590475754482,0.00025546914107009926,-0.0012102832487494426
highest-temperature-in-seattle-on-june-5-2026,Seattle,clean,depth_imbalance_1,900,spread_bucket,medium,7,0.9944307643039954,0.9556282848762571,0.05136793993356935,0.5024023323615161,0.00011953922321400008,-0.001389960302112848
highest-temperature-in-seattle-on-june-5-2026,Seattle,clean,depth_imbalance_1,900,spread_bucket,tight,7,0.98066777269734,0.8418893479200545,0.37424835463267747,0.768700127245799,0.0005367933868418109,-0.000700737696118976
highest-temperature-in-seattle-on-june-5-2026,Seattle,clean,depth_imbalance_1,900,spread_bucket,wide,7,0.9462126392071137,0.7575555206585409,0.19080148170441505,0.7298651245239165,0.000197932978386155,-0.0020621530525824854
highest-temperature-in-seattle-on-june-5-2026,Seattle,clean,depth_imbalance_3,30,overall,all,7,0.9962424618601321,0.9656995048415739,0.03504315567536,0.5209495528685864,7.1294320250234835e-06,-0.001428762796592694
highest-temperature-in-seattle-on-june-5-2026,Seattle,clean,depth_imbalance_3,120,overall,all,7,0.9931213966587803,0.9380377824855727,0.07180793546012898,0.5349816010967609,2.799584332439909e-05,-0.0014228277921372674
highest-temperature-in-seattle-on-june-5-2026,Seattle,clean,depth_imbalance_3,600,overall,all,7,0.977432979181975,0.8789556698406618,0.13602230415081323,0.49296424077943307,0.0001230183142065261,-0.0014404627508169923
highest-temperature-in-seattle-on-june-5-2026,Seattle,clean,depth_imbalance_5,30,overall,all,7,0.9962424618601321,0.9656995048415739,0.027294577242705353,0.5159387915018928,1.2158079648205576e-06,-0.0014291750991503034
highest-temperature-in-seattle-on-june-5-2026,Seattle,clean,depth_imbalance_5,120,overall,all,7,0.9931213966587803,0.9380377824855727,0.059700247640195096,0.5341999005231853,1.6008086816565255e-05,-0.0014230741973405106
highest-temperature-in-seattle-on-june-5-2026,Seattle,clean,depth_imbalance_5,600,overall,all,7,0.977432979181975,0.8789556698406618,0.09771068158414953,0.49195916914348486,-5.951421680155275e-06,-0.0014419834886882307
highest-temperature-in-seattle-on-june-5-2026,Seattle,clean,depth_slope,30,overall,all,7,0.9962424618601321,0.9656995048415739,0.05531466286523431,0.556133456938689,1.0253653460043263e-05,-0.0014280548495915237
highest-temperature-in-seattle-on-june-5-2026,Seattle,clean,depth_slope,120,overall,all,7,0.9931213966587803,0.9380377824855727,0.07355467962733982,0.49060353399139406,2.3895307929447363e-05,-0.0014208988409173972
highest-temperature-in-seattle-on-june-5-2026,Seattle,clean,depth_slope,600,overall,all,7,0.977432979181975,0.8789556698406618,0.12350670571143767,0.4326702604604615,0.00010278439315539203,-0.0014195389411729609
highest-temperature-in-seattle-on-june-5-2026,Seattle,clean,distance_to_zero_one,30,overall,all,7,0.9962424618601321,0.9656995048415739,-0.07248663009377877,0.44913528897775673,-8.834819636682216e-05,-0.0014307824356334371
highest-temperature-in-seattle-on-june-5-2026,Seattle,clean,distance_to_zero_one,120,overall,all,7,0.9931213966587803,0.9380377824855727,-0.07520657465628433,0.530405934599942,-0.00018460281535063861,-0.0014278381696411486
highest-temperature-in-seattle-on-june-5-2026,Seattle,clean,distance_to_zero_one,600,overall,all,7,0.977432979181975,0.8789556698406618,-0.15226957333124677,0.5720341803134542,-0.000475487994784843,-0.0014205655878945767
highest-temperature-in-seattle-on-june-5-2026,Seattle,clean,microprice_minus_mid,30,activity_bucket,high,7,0.9828668437819109,0.9311059328943562,0.02889476295391073,0.546986859719861,-7.0494942060038425e-06,-0.001556502869479359
highest-temperature-in-seattle-on-june-5-2026,Seattle,clean,microprice_minus_mid,30,activity_bucket,low,7,0.9975842060336946,0.9772048945008953,0.04367081938902363,0.5162071846282373,2.1478546312242457e-05,-0.001402515188305126
highest-temperature-in-seattle-on-june-5-2026,Seattle,clean,microprice_minus_mid,30,activity_bucket,medium,7,0.9970716962037444,0.9651834361399553,0.08989597862332899,0.5524932185423191,8.74150744895226e-05,-0.0014369802728860057
highest-temperature-in-seattle-on-june-5-2026,Seattle,clean,microprice_minus_mid,30,lifecycle_bucket,early,5,0.9932372913614529,0.9530751865201763,0.1472691756316414,0.6390811430248837,0.00012833093423107852,-0.0019347453439074523
highest-temperature-in-seattle-on-june-5-2026,Seattle,clean,microprice_minus_mid,30,lifecycle_bucket,late,2,0.9954982013053191,0.9868012422360248,0.005136221958846413,0.5294117647058824,5.555555555555556e-06,-0.001072981366459655
highest-temperature-in-seattle-on-june-5-2026,Seattle,clean,microprice_minus_mid,30,lifecycle_bucket,mid,7,0.9963524224367836,0.9596372810549443,0.06491936800053015,0.47416791091032046,1.726431125432362e-05,-0.0013852525367035256
highest-temperature-in-seattle-on-june-5-2026,Seattle,clean,microprice_minus_mid,30,overall,all,7,0.9962424618601321,0.9656995048415739,0.07757823926702352,0.554960886832015,4.721230427415979e-05,-0.0014359851375190646
highest-temperature-in-seattle-on-june-5-2026,Seattle,clean,microprice_minus_mid,30,price_bucket,"(0.96,1]",1,0.9974506704736654,0.9396820528548792,0.004030286622689603,0.45932203389830506,0.00010797778996435086,-0.0026448782234957226
highest-temperature-in-seattle-on-june-5-2026,Seattle,clean,microprice_minus_mid,30,price_bucket,"[0,0.04)",6,0.9960410937578766,0.9700357468393563,0.0898362313744125,0.5709006956543,3.708472332579461e-05,-0.0012345029565229548
highest-temperature-in-seattle-on-june-5-2026,Seattle,clean,microprice_minus_mid,30,spread_bucket,medium,7,0.9996069093129133,0.9913497959922836,0.10204467679825674,0.5210416666666666,3.8970928082441906e-05,-0.0013831183666183707
highest-temperature-in-seattle-on-june-5-2026,Seattle,clean,microprice_minus_mid,30,spread_bucket,tight,7,0.9969328364346348,0.9778975592696059,0.09377918180045022,0.7862655916967844,3.9740713620454107e-05,-0.0008034509505734902
highest-temperature-in-seattle-on-june-5-2026,Seattle,clean,microprice_minus_mid,30,spread_bucket,wide,7,0.9921883670416521,0.9276350750932822,0.13413941169499183,0.629210884928656,6.537447931194387e-05,-0.0020750326902721564
highest-temperature-in-seattle-on-june-5-2026,Seattle,clean,microprice_minus_mid,60,activity_bucket,high,7,0.979081465223708,0.8626151668006744,0.0435513820118378,0.5612680878498529,8.965732134694631e-05,-0.0015428356397946535
highest-temperature-in-seattle-on-june-5-2026,Seattle,clean,microprice_minus_mid,60,activity_bucket,low,7,0.9972269530337676,0.9710521242442702,0.044704363172167264,0.5053000008357151,2.5098645497767097e-05,-0.0013994631051521091
highest-temperature-in-seattle-on-june-5-2026,Seattle,clean,microprice_minus_mid,60,activity_bucket,medium,7,0.9958241234713748,0.9556397106558945,0.09444351436641155,0.5517015784789221,0.00011357025591920556,-0.0014319230670035517
highest-temperature-in-seattle-on-june-5-2026,Seattle,clean,microprice_minus_mid,60,lifecycle_bucket,early,5,0.9867475819562109,0.9362649430434657,0.1691884549233032,0.6456597130247324,0.00018229651410964532,-0.0019272960157200934
highest-temperature-in-seattle-on-june-5-2026,Seattle,clean,microprice_minus_mid,60,lifecycle_bucket,late,2,0.9954982013053191,0.9813664596273293,0.08740981701540848,0.6666666666666666,1.8518518518518518e-05,-0.0010702639751553069
highest-temperature-in-seattle-on-june-5-2026,Seattle,clean,microprice_minus_mid,60,lifecycle_bucket,mid,7,0.9957609850892067,0.9426908245982931,0.047568414266305564,0.4991060093429227,3.2752475132419974e-05,-0.0013830225892129222
highest-temperature-in-seattle-on-june-5-2026,Seattle,clean,microprice_minus_mid,60,price_bucket,"(0.96,1]",1,0.9949523275378576,0.9090396638310956,0.02176049407084748,0.48507042253521127,0.00019226524738491217,-0.0026238779174147424
highest-temperature-in-seattle-on-june-5-2026,Seattle,clean,microprice_minus_mid,60,price_bucket,"[0,0.04)",6,0.9948608488865833,0.9584740802479009,0.07827514449812514,0.5996320143170288,4.2591012058989874e-05,-0.0012328644144856459
highest-temperature-in-seattle-on-june-5-2026,Seattle,clean,microprice_minus_mid,60,spread_bucket,medium,7,0.9992164558988863,0.9877189698751435,0.06872771440382588,0.45735839406725487,3.755929053122703e-05,-0.0013839904365770088
highest-temperature-in-seattle-on-june-5-2026,Seattle,clean,microprice_minus_mid,60,spread_bucket,tight,7,0.9968015801703738,0.964012508378619,0.05888753894014278,0.7678875353679345,-2.51302271048051e-06,-0.000803141601297493
highest-temperature-in-seattle-on-june-5-2026,Seattle,clean,microprice_minus_mid,60,spread_bucket,wide,7,0.9886039185650198,0.9020166052365466,0.15751301898043743,0.6728399663168921,0.00012778661585561072,-0.002063760345852373
highest-temperature-in-seattle-on-june-5-2026,Seattle,clean,microprice_minus_mid,120,activity_bucket,high,7,0.9792544157598547,0.8379538440423554,0.013173837144993634,0.5472932118563055,-7.704186346423372e-05,-0.001561160521291892
highest-temperature-in-seattle-on-june-5-2026,Seattle,clean,microprice_minus_mid,120,activity_bucket,low,7,0.9922937910068198,0.9628091667591901,0.05097924193734555,0.520231851754731,3.630830786822429e-05,-0.001400557947663358
highest-temperature-in-seattle-on-june-5-2026,Seattle,clean,microprice_minus_mid,120,activity_bucket,medium,7,0.9941911071640541,0.941592036304151,0.11961952319725062,0.6311393681306525,0.00023848051697300063,-0.0014263386442985688
highest-temperature-in-seattle-on-june-5-2026,Seattle,clean,microprice_minus_mid,120,lifecycle_bucket,early,5,0.9831797977662896,0.9133390119603609,0.20101118449612634,0.6645147151918657,0.0002859432429811033,-0.0019183990499160627
highest-temperature-in-seattle-on-june-5-2026,Seattle,clean,microprice_minus_mid,120,lifecycle_bucket,late,2,0.993314795191782,0.9627329192546583,-0.060294860299922676,0.3958333333333333,8.019028202514443e-06,-0.0010772515527950586
highest-temperature-in-seattle-on-june-5-2026,Seattle,clean,microprice_minus_mid,120,lifecycle_bucket,mid,7,0.9942761864019747,0.9286919199192443,0.05549608423931124,0.535050361223561,7.123418525613062e-05,-0.001378683853640293
highest-temperature-in-seattle-on-june-5-2026,Seattle,clean,microprice_minus_mid,120,overall,all,7,0.9931213966587803,0.9380377824855727,0.08802669410741015,0.6185398700108975,0.00014177925868402483,-0.0014270879363979408
highest-temperature-in-seattle-on-june-5-2026,Seattle,clean,microprice_minus_mid,120,price_bucket,"(0.96,1]",1,0.994034568908377,0.8811551087402544,0.03209989339354903,0.4820889080707812,0.0003457540520217685,-0.0026083585767828926
highest-temperature-in-seattle-on-june-5-2026,Seattle,clean,microprice_minus_mid,120,price_bucket,"[0,0.04)",6,0.9929692012838475,0.9475182281097924,0.09734782755972034,0.641281697000917,0.00010778345979440091,-0.0012302094963337824
highest-temperature-in-seattle-on-june-5-2026,Seattle,clean,microprice_minus_mid,120,spread_bucket,medium,7,0.9988748091616125,0.98363060736972,0.06846689014003723,0.5170889324374767,5.330686004484468e-05,-0.0013832213807930388
highest-temperature-in-seattle-on-june-5-2026,Seattle,clean,microprice_minus_mid,120,spread_bucket,tight,7,0.9956432542608848,0.9560475194458878,0.06409087764336296,0.7574192744285934,1.7401078195152414e-06,-0.0007996782197459827
highest-temperature-in-seattle-on-june-5-2026,Seattle,clean,microprice_minus_mid,120,spread_bucket,wide,7,0.9848448838083866,0.8738134227353204,0.1708290864177761,0.6876101804891196,0.0002091444820508781,-0.002055101002704997
highest-temperature-in-seattle-on-june-5-2026,Seattle,clean,microprice_minus_mid,300,activity_bucket,high,7,0.979651998521773,0.8181248655076326,0.03622511634057294,0.5367397800677081,3.772914344927873e-05,-0.00152601324590873
highest-temperature-in-seattle-on-june-5-2026,Seattle,clean,microprice_minus_mid,300,activity_bucket,low,7,0.9870326697484557,0.940970026022981,0.06500375717013716,0.5869455054906368,5.044871199722305e-05,-0.001395776944237624
highest-temperature-in-seattle-on-june-5-2026,Seattle,clean,microprice_minus_mid,300,activity_bucket,medium,7,0.9876340649464739,0.9152602836819925,0.14059160455693795,0.6461610528001538,0.000250035673132581,-0.0014185939061073574
highest-temperature-in-seattle-on-june-5-2026,Seattle,clean,microprice_minus_mid,300,lifecycle_bucket,early,5,0.9919902476226132,0.8830988464070415,0.1938379927060244,0.6322382157232547,0.00028473692772580965,-0.0019189450614770596
highest-temperature-in-seattle-on-june-5-2026,Seattle,clean,microprice_minus_mid,300,lifecycle_bucket,late,2,0.9889479829647078,0.93555900621118,-0.2111421447002757,0.3253012048192771,-3.909276248725791e-05,-0.0010846273291925741
highest-temperature-in-seattle-on-june-5-2026,Seattle,clean,microprice_minus_mid,300,lifecycle_bucket,mid,7,0.9892399741017062,0.9071972664603682,0.06870947969912657,0.5566137343094243,0.0001821697335435862,-0.0013681490245664074
highest-temperature-in-seattle-on-june-5-2026,Seattle,clean,microprice_minus_mid,300,price_bucket,"(0.96,1]",1,0.9855707948809463,0.8536989136057941,0.05762110104403798,0.4969804618117229,0.00021121610089570964,-0.002585132825850572
highest-temperature-in-seattle-on-june-5-2026,Seattle,clean,microprice_minus_mid,300,price_bucket,"[0,0.04)",6,0.9884636683406439,0.9235704630122955,0.11379806212600947,0.6535129709678636,0.00014820917878732395,-0.0012261112714788004
highest-temperature-in-seattle-on-june-5-2026,Seattle,clean,microprice_minus_mid,300,spread_bucket,medium,7,0.9979962889800518,0.9734756600445932,0.07536272172878539,0.5391287146122736,0.00011134922117368072,-0.0013821972020763142
highest-temperature-in-seattle-on-june-5-2026,Seattle,clean,microprice_minus_mid,300,spread_bucket,tight,7,0.99094042254655,0.93032457374324,0.06357455992204461,0.7663493256667222,4.339599937601756e-05,-0.0007826847088106345
highest-temperature-in-seattle-on-june-5-2026,Seattle,clean,microprice_minus_mid,300,spread_bucket,wide,7,0.975208624109896,0.8368163743998229,0.17557714443485814,0.6813955752414779,0.0002702456727643261,-0.0020553843914515144
highest-temperature-in-seattle-on-june-5-2026,Seattle,clean,microprice_minus_mid,600,activity_bucket,high,7,0.9817586342795244,0.7764022890876217,0.0683423555685108,0.5513200577828054,6.240416322060514e-05,-0.0015366952124295263
highest-temperature-in-seattle-on-june-5-2026,Seattle,clean,microprice_minus_mid,600,activity_bucket,low,7,0.9692110234364304,0.900896783035139,0.14317899413749458,0.6530896993609757,0.00014230435892357193,-0.0013770772551210057
highest-temperature-in-seattle-on-june-5-2026,Seattle,clean,microprice_minus_mid,600,activity_bucket,medium,7,0.9762135510936297,0.8803832029212464,0.18823361085265056,0.6935584621286734,0.0003311245991687185,-0.0014047876691741946
highest-temperature-in-seattle-on-june-5-2026,Seattle,clean,microprice_minus_mid,600,lifecycle_bucket,early,5,0.9888154003706209,0.8430667067235842,0.19771813165662278,0.6507233499917625,0.0003062511043650814,-0.0019173859621896942
highest-temperature-in-seattle-on-june-5-2026,Seattle,clean,microprice_minus_mid,600,lifecycle_bucket,late,2,0.9821708186254328,0.895800933125972,-0.23710889225935022,0.3582089552238806,-6.901121304791031e-05,-0.0010882581648522826
highest-temperature-in-seattle-on-june-5-2026,Seattle,clean,microprice_minus_mid,600,lifecycle_bucket,mid,7,0.9777702590655218,0.8708398836781848,0.09833648408633032,0.5993513967684071,0.0004619051593668833,-0.0013433494711083593
highest-temperature-in-seattle-on-june-5-2026,Seattle,clean,microprice_minus_mid,600,overall,all,7,0.977432979181975,0.8789556698406618,0.14634262286817942,0.6726137245057074,0.00019990255741161568,-0.001408106316959088
highest-temperature-in-seattle-on-june-5-2026,Seattle,clean,microprice_minus_mid,600,price_bucket,"(0.96,1]",1,0.9841941569367256,0.8122053566803088,0.09774961539182322,0.5305840022142264,0.0003275102296768286,-0.0025305434557146038
highest-temperature-in-seattle-on-june-5-2026,Seattle,clean,microprice_minus_mid,600,price_bucket,"[0,0.04)",6,0.9763061162228498,0.890080722034054,0.15444145744757212,0.6962853448876211,0.0001786346120340802,-0.0012210334604998352
highest-temperature-in-seattle-on-june-5-2026,Seattle,clean,microprice_minus_mid,600,spread_bucket,medium,7,0.9956201516203674,0.961340001142821,0.07386439989848875,0.536504175618546,0.0001566638272734013,-0.0013872951841564997
highest-temperature-in-seattle-on-june-5-2026,Seattle,clean,microprice_minus_mid,600,spread_bucket,tight,7,0.9827820700148787,0.8978478545685044,0.09489593336010851,0.7543057690655531,0.0002214073113401251,-0.0007434770893191134
highest-temperature-in-seattle-on-june-5-2026,Seattle,clean,microprice_minus_mid,600,spread_bucket,wide,7,0.9538833752030654,0.7792411454530146,0.20065176123338274,0.7126131468935795,0.00031230124325703075,-0.002057451423075391
highest-temperature-in-seattle-on-june-5-2026,Seattle,clean,microprice_minus_mid,900,activity_bucket,high,7,0.9894897267164992,0.7287242596454694,0.1512543354620304,0.6174461795514427,5.49014933728626e-05,-0.0015488178366095207
highest-temperature-in-seattle-on-june-5-2026,Seattle,clean,microprice_minus_mid,900,activity_bucket,low,7,0.9533506863955947,0.8737937757874956,0.1839273055929793,0.6880071876078676,0.0002406632755858626,-0.0013612480291406647
highest-temperature-in-seattle-on-june-5-2026,Seattle,clean,microprice_minus_mid,900,activity_bucket,medium,7,0.9732529537623742,0.8572270824175422,0.2198272357238891,0.7117643093105596,0.00033500175680484603,-0.0013954631175101535
highest-temperature-in-seattle-on-june-5-2026,Seattle,clean,microprice_minus_mid,900,lifecycle_bucket,early,5,0.9895854738190787,0.8243141341110825,0.2024234622685098,0.643940803073875,0.00022794388124820148,-0.001921372335823495
highest-temperature-in-seattle-on-june-5-2026,Seattle,clean,microprice_minus_mid,900,lifecycle_bucket,late,2,0.9751667082874942,0.8478939157566303,-0.243926275486488,0.37948717948717947,-0.00010113829425756031,-0.0010920436817472975
highest-temperature-in-seattle-on-june-5-2026,Seattle,clean,microprice_minus_mid,900,lifecycle_bucket,mid,7,0.9730172294985702,0.8400317738197544,0.1478525420297764,0.6233970154553099,0.0006776180547711214,-0.0013223365236998397
highest-temperature-in-seattle-on-june-5-2026,Seattle,clean,microprice_minus_mid,900,price_bucket,"(0.96,1]",1,0.9900576148472952,0.7997219075084973,0.09347764678664026,0.5332131822863028,0.0002848746879481424,-0.0025109541728955327
highest-temperature-in-seattle-on-june-5-2026,Seattle,clean,microprice_minus_mid,900,price_bucket,"[0,0.04)",6,0.9710623249013519,0.8578426800565003,0.21033115923374304,0.7232590475754482,0.0002965124691068924,-0.0012102832487494426
highest-temperature-in-seattle-on-june-5-2026,Seattle,clean,microprice_minus_mid,900,spread_bucket,medium,7,0.9944307643039954,0.9556282848762571,0.06810615531492789,0.5024023323615161,0.00015854769108903977,-0.001389960302112848
highest-temperature-in-seattle-on-june-5-2026,Seattle,clean,microprice_minus_mid,900,spread_bucket,tight,7,0.98066777269734,0.8418893479200545,0.19690691528121035,0.768700127245799,0.00033034599837969934,-0.000700737696118976
highest-temperature-in-seattle-on-june-5-2026,Seattle,clean,microprice_minus_mid,900,spread_bucket,wide,7,0.9462126392071137,0.7575555206585409,0.22042403924069662,0.7299329030894358,0.00024951137660848474,-0.0020620191259030384
highest-temperature-in-seattle-on-june-5-2026,Seattle,clean,spread,30,overall,all,7,0.9962424618601321,0.9656995048415739,-0.07576326344171139,0.44913528897775673,-3.545110026617875e-05,-0.0014307824356334371
highest-temperature-in-seattle-on-june-5-2026,Seattle,clean,spread,120,overall,all,7,0.9931213966587803,0.9380377824855727,-0.0784838716793563,0.530405934599942,-0.00013511438847212622,-0.0014278381696411486
highest-temperature-in-seattle-on-june-5-2026,Seattle,clean,spread,600,overall,all,7,0.977432979181975,0.8789556698406618,-0.1762107141171713,0.5720341803134542,-0.0005831357694327599,-0.0014205655878945767
highest-temperature-in-seattle-on-june-5-2026,Seattle,clean,tick_size_regime,30,overall,all,7,0.9962424618601321,0.9656995048415739,,0.44913528897775673,,-0.0014307824356334371
highest-temperature-in-seattle-on-june-5-2026,Seattle,clean,tick_size_regime,120,overall,all,7,0.9931213966587803,0.9380377824855727,,0.530405934599942,,-0.0014278381696411486
highest-temperature-in-seattle-on-june-5-2026,Seattle,clean,tick_size_regime,600,overall,all,7,0.977432979181975,0.8789556698406618,,0.5720341803134542,,-0.0014205655878945767
highest-temperature-in-seattle-on-june-5-2026,Seattle,clean,top_level_depth,30,overall,all,7,0.9962424618601321,0.9656995048415739,-0.022434237115756428,0.44913528897775673,-1.7323103733393965e-05,-0.0014307824356334371
highest-temperature-in-seattle-on-june-5-2026,Seattle,clean,top_level_depth,120,overall,all,7,0.9931213966587803,0.9380377824855727,-0.02771302823565169,0.530405934599942,-5.208488310991813e-05,-0.0014278381696411486
highest-temperature-in-seattle-on-june-5-2026,Seattle,clean,top_level_depth,600,overall,all,7,0.977432979181975,0.8789556698406618,-0.09057435165928236,0.5720341803134542,-0.00017883981166389273,-0.0014205655878945767
