event_slug,city,event_date,cohort,timestamp,lifecycle_bucket,expected_outcomes,observable_outcomes,valid_outcomes,complete_outcomes,sum_mid,sum_deviation,max_bbo_age_seconds,median_bbo_age_seconds,max_spread,median_spread,outcome_source_span_seconds,event_has_tick_size_conflict,sum_best_bid,sum_best_ask
highest-temperature-in-tokyo-on-june-12-2026,Tokyo,2026-06-12,degraded,2026-06-10 04:31:00+00:00,>24h,11,11,10,False,4.9350000000000005,3.9350000000000005,3.927,3.683,0.95,0.95,3.501,False,0.23000000000000004,9.64
highest-temperature-in-tokyo-on-june-12-2026,Tokyo,2026-06-12,degraded,2026-06-10 04:32:00+00:00,>24h,11,11,10,False,4.885,3.885,15.545,12.7645,0.96,0.9299999999999999,10.036,False,0.23000000000000004,9.54
highest-temperature-in-busan-on-june-12-2026,Busan,2026-06-12,degraded,2026-06-10 04:32:00+00:00,>24h,11,10,10,False,4.73,3.7300000000000004,18.691,5.0565,0.91,0.89,18.661,True,0.29000000000000004,9.17
highest-temperature-in-tokyo-on-june-12-2026,Tokyo,2026-06-12,degraded,2026-06-10 04:33:00+00:00,>24h,11,11,11,True,3.495,2.495,15.04,3.621,0.6799999999999999,0.6399999999999999,12.81,False,0.29000000000000004,6.699999999999999
highest-temperature-in-qingdao-on-june-10-2026,Qingdao,2026-06-10,clean,2026-06-08 04:42:00+00:00,>24h,11,10,10,False,3.1165,2.1165,18.424,17.204,0.74,0.73,6.117,True,0.24200000000000002,5.991
highest-temperature-in-qingdao-on-june-10-2026,Qingdao,2026-06-10,clean,2026-06-08 04:41:00+00:00,>24h,11,10,9,False,2.7764999999999995,1.7764999999999995,19.012,18.977,0.76,0.75,18.146,True,0.21200000000000002,5.341
highest-temperature-in-qingdao-on-june-10-2026,Qingdao,2026-06-10,clean,2026-06-08 04:40:00+00:00,>24h,11,10,9,False,2.7764999999999995,1.7764999999999995,43.335,43.321,0.76,0.75,32.224,True,0.21200000000000002,5.341
highest-temperature-in-qingdao-on-june-10-2026,Qingdao,2026-06-10,clean,2026-06-08 04:39:00+00:00,>24h,11,10,7,False,2.3265,1.3264999999999998,19.312,19.229,0.82,0.8099999999999999,0.25,True,0.11199999999999999,4.541
highest-temperature-in-qingdao-on-june-10-2026,Qingdao,2026-06-10,clean,2026-06-08 04:44:00+00:00,>24h,11,10,10,False,2.2344999999999997,1.2344999999999997,69.327,55.3495,0.7,0.31,67.502,True,0.29100000000000004,4.178
highest-temperature-in-qingdao-on-june-10-2026,Qingdao,2026-06-10,clean,2026-06-08 04:43:00+00:00,>24h,11,10,10,False,2.2344999999999997,1.2344999999999997,9.327,9.1965,0.7,0.31,7.339,True,0.29100000000000004,4.178
highest-temperature-in-qingdao-on-june-10-2026,Qingdao,2026-06-10,clean,2026-06-08 04:45:00+00:00,>24h,11,10,10,False,2.2244999999999995,1.2244999999999995,16.5,16.458,0.7,0.31,3.481,True,0.29200000000000004,4.157
highest-temperature-in-qingdao-on-june-10-2026,Qingdao,2026-06-10,clean,2026-06-08 04:47:00+00:00,>24h,11,10,10,False,2.1575,1.1575000000000002,50.648,11.1485,0.71,0.255,47.03,True,0.28500000000000003,4.029999999999999
highest-temperature-in-qingdao-on-june-10-2026,Qingdao,2026-06-10,clean,2026-06-08 04:48:00+00:00,>24h,11,10,10,False,2.1575,1.1575000000000002,110.648,37.083,0.71,0.255,110.632,True,0.28500000000000003,4.029999999999999
highest-temperature-in-qingdao-on-june-10-2026,Qingdao,2026-06-10,clean,2026-06-08 04:46:00+00:00,>24h,11,10,10,False,2.1494999999999997,1.1494999999999997,76.5,38.599000000000004,0.7,0.255,63.457,True,0.29300000000000004,4.006
highest-temperature-in-qingdao-on-june-10-2026,Qingdao,2026-06-10,clean,2026-06-08 04:50:00+00:00,>24h,11,10,10,False,2.1335,1.1335000000000002,89.109,21.122500000000002,0.6900000000000001,0.25,88.292,True,0.30500000000000005,3.9620000000000006
highest-temperature-in-qingdao-on-june-10-2026,Qingdao,2026-06-10,clean,2026-06-08 04:49:00+00:00,>24h,11,10,10,False,2.1335,1.1335000000000002,29.109,27.697000000000003,0.6900000000000001,0.25,21.108,True,0.30500000000000005,3.9620000000000006
highest-temperature-in-ankara-on-june-11-2026,Ankara,2026-06-11,degraded,2026-06-09 05:28:00+00:00,>24h,11,11,9,False,2.104,1.104,71.338,25.639,0.5800000000000001,0.432,50.499,False,0.43600000000000005,3.7720000000000002
highest-temperature-in-busan-on-june-12-2026,Busan,2026-06-12,degraded,2026-06-10 04:33:00+00:00,>24h,11,10,10,False,2.05,1.0499999999999998,30.785,1.044,0.89,0.265,30.444,True,0.31000000000000005,3.7899999999999996
highest-temperature-in-istanbul-on-june-12-2026,Istanbul,2026-06-12,degraded,2026-06-10 05:37:00+00:00,>24h,11,11,11,True,2.0485,1.0485000000000002,11.218,3.729,0.749,0.27,7.652,False,0.31700000000000006,3.7800000000000002
highest-temperature-in-istanbul-on-june-12-2026,Istanbul,2026-06-12,degraded,2026-06-10 05:38:00+00:00,>24h,11,11,11,True,2.0425,1.0425,4.928,4.91,0.731,0.27,3.152,False,0.32300000000000006,3.762
highest-temperature-in-istanbul-on-june-12-2026,Istanbul,2026-06-12,degraded,2026-06-10 05:36:00+00:00,>24h,11,11,9,False,2.0255,1.0255,43.378,15.91,0.719,0.36,29.829,False,0.26,3.7910000000000004
highest-temperature-in-denver-on-june-5-2026,Denver,2026-06-05,clean,2026-06-04 00:03:00+00:00,>24h,11,10,1,False,0.002,-0.998,29.014,29.014,0.002,0.002,0.0,False,0.001,0.003
highest-temperature-in-denver-on-june-5-2026,Denver,2026-06-05,clean,2026-06-04 00:04:00+00:00,>24h,11,10,1,False,0.002,-0.998,12.047,12.047,0.002,0.002,0.0,False,0.001,0.003
highest-temperature-in-denver-on-june-5-2026,Denver,2026-06-05,clean,2026-06-04 00:01:00+00:00,>24h,11,10,1,False,0.002,-0.998,26.082,26.082,0.002,0.002,0.0,False,0.001,0.003
highest-temperature-in-denver-on-june-5-2026,Denver,2026-06-05,clean,2026-06-04 00:02:00+00:00,>24h,11,10,1,False,0.002,-0.998,86.082,86.082,0.002,0.002,0.0,False,0.001,0.003
highest-temperature-in-manila-on-june-11-2026,Manila,2026-06-11,degraded,2026-06-09 04:40:00+00:00,>24h,11,11,9,False,1.9805000000000001,0.9805000000000001,20.19,8.972,0.959,0.23,18.74,False,0.5710000000000001,3.39
highest-temperature-in-amsterdam-on-june-8-2026,Amsterdam,2026-06-08,clean,2026-06-06 23:00:00+00:00,>24h,11,11,1,False,0.0205,-0.9795,35.316,35.316,0.020999999999999998,0.020999999999999998,0.0,False,0.01,0.031
highest-temperature-in-istanbul-on-june-12-2026,Istanbul,2026-06-12,degraded,2026-06-10 05:41:00+00:00,>24h,11,11,11,True,1.973,0.9730000000000001,30.712,30.712,0.6799999999999999,0.26,26.649,False,0.43600000000000005,3.51
highest-temperature-in-istanbul-on-june-12-2026,Istanbul,2026-06-12,degraded,2026-06-10 05:39:00+00:00,>24h,11,11,11,True,1.972,0.972,9.464,9.162,0.709,0.26,4.01,False,0.3340000000000001,3.6100000000000003
highest-temperature-in-singapore-on-june-6-2026,Singapore,2026-06-06,degraded,2026-06-05 04:53:00+00:00,>24h,11,11,6,False,1.9609999999999999,0.9609999999999999,0.059,0.047,0.58,0.55,0.05,False,0.562,3.36
highest-temperature-in-istanbul-on-june-12-2026,Istanbul,2026-06-12,degraded,2026-06-10 05:40:00+00:00,>24h,11,11,11,True,1.953,0.9530000000000001,2.117,2.117,0.689,0.26,0.0,False,0.38600000000000007,3.5199999999999996
highest-temperature-in-busan-on-june-12-2026,Busan,2026-06-12,degraded,2026-06-10 04:34:00+00:00,>24h,11,10,10,False,1.935,0.935,90.785,17.8355,0.89,0.265,88.523,True,0.31000000000000005,3.5599999999999996
highest-temperature-in-manila-on-june-11-2026,Manila,2026-06-11,degraded,2026-06-09 04:39:00+00:00,>24h,11,11,9,False,1.934,0.9339999999999999,54.549,1.253,0.6499999999999999,0.32,53.31,False,0.331,3.537
highest-temperature-in-seoul-on-june-9-2026,Seoul,2026-06-09,clean,2026-06-07 04:35:00+00:00,>24h,11,10,9,False,1.8955000000000002,0.8955000000000002,599.668,15.955,0.98,0.27,583.795,True,0.482,3.309
highest-temperature-in-seoul-on-june-9-2026,Seoul,2026-06-09,clean,2026-06-07 04:37:00+00:00,>24h,11,10,9,False,1.8805,0.8805000000000001,719.668,8.537,0.98,0.27,711.669,True,0.482,3.279
highest-temperature-in-seoul-on-june-9-2026,Seoul,2026-06-09,clean,2026-06-07 04:36:00+00:00,>24h,11,10,9,False,1.8805,0.8805000000000001,659.668,19.0,0.98,0.27,643.959,True,0.482,3.279
highest-temperature-in-busan-on-june-12-2026,Busan,2026-06-12,degraded,2026-06-10 04:35:00+00:00,>24h,11,10,10,False,1.875,0.875,150.785,11.882,0.89,0.265,144.872,True,0.33,3.42
highest-temperature-in-seoul-on-june-9-2026,Seoul,2026-06-09,clean,2026-06-07 04:40:00+00:00,>24h,11,10,9,False,1.8705,0.8705,899.668,48.848,0.98,0.27,891.776,True,0.522,3.219
highest-temperature-in-seoul-on-june-9-2026,Seoul,2026-06-09,clean,2026-06-07 04:39:00+00:00,>24h,11,10,9,False,1.8705,0.8705,839.668,4.417,0.98,0.27,838.058,True,0.522,3.219
highest-temperature-in-seoul-on-june-9-2026,Seoul,2026-06-09,clean,2026-06-07 04:42:00+00:00,>24h,11,10,9,False,1.8705,0.8705,1019.668,1.571,0.98,0.27,1018.108,True,0.522,3.219
highest-temperature-in-seoul-on-june-9-2026,Seoul,2026-06-09,clean,2026-06-07 04:41:00+00:00,>24h,11,10,9,False,1.8705,0.8705,959.668,0.452,0.98,0.27,959.235,True,0.522,3.219
highest-temperature-in-seoul-on-june-9-2026,Seoul,2026-06-09,clean,2026-06-07 04:43:00+00:00,>24h,11,10,9,False,1.8705,0.8705,1079.668,0.894,0.98,0.27,1078.787,True,0.522,3.219
highest-temperature-in-hong-kong-on-june-5-2026,Hong Kong,2026-06-05,clean,2026-06-04 00:00:00+00:00,>24h,11,7,1,False,0.137,-0.863,0.461,0.461,0.234,0.234,0.0,True,0.02,0.254
highest-temperature-in-seoul-on-june-9-2026,Seoul,2026-06-09,clean,2026-06-07 04:38:00+00:00,>24h,11,10,9,False,1.8604999999999998,0.8604999999999998,779.668,18.46,0.98,0.27,778.126,True,0.47200000000000003,3.2489999999999997
highest-temperature-in-busan-on-june-12-2026,Busan,2026-06-12,degraded,2026-06-10 04:36:00+00:00,>24h,11,10,10,False,1.85,0.8500000000000001,210.785,1.212,0.89,0.265,210.204,True,0.32,3.38
highest-temperature-in-shanghai-on-june-10-2026,Shanghai,2026-06-10,clean,2026-06-08 04:28:00+00:00,>24h,11,11,6,False,1.8359999999999999,0.8359999999999999,40.725,11.530000000000001,0.958,0.53,38.237,False,0.222,3.45
highest-temperature-in-qingdao-on-june-10-2026,Qingdao,2026-06-10,clean,2026-06-08 04:51:00+00:00,>24h,11,10,10,False,1.8345,0.8345,30.357,29.33,0.68,0.21000000000000002,29.78,True,0.313,3.3560000000000008
highest-temperature-in-qingdao-on-june-10-2026,Qingdao,2026-06-10,clean,2026-06-08 04:52:00+00:00,>24h,11,10,10,False,1.8295,0.8294999999999999,89.368,89.2985,0.68,0.21000000000000002,66.321,True,0.313,3.346
highest-temperature-in-seoul-on-june-9-2026,Seoul,2026-06-09,clean,2026-06-07 04:32:00+00:00,>24h,11,10,8,False,1.8250000000000002,0.8250000000000002,419.668,48.416,0.98,0.265,407.321,True,0.501,3.149
highest-temperature-in-seoul-on-june-9-2026,Seoul,2026-06-09,clean,2026-06-07 04:44:00+00:00,>24h,11,10,9,False,1.7854999999999999,0.7854999999999999,1139.668,19.006,0.98,0.28,1129.924,True,0.482,3.089
highest-temperature-in-seoul-on-june-9-2026,Seoul,2026-06-09,clean,2026-06-07 04:31:00+00:00,>24h,11,10,7,False,1.78,0.78,359.668,31.543,0.98,0.32,341.156,True,0.42000000000000004,3.14
highest-temperature-in-wuhan-on-june-10-2026,Wuhan,2026-06-10,clean,2026-06-08 04:37:00+00:00,>24h,11,10,2,False,0.22499999999999998,-0.775,31.328,15.8995,0.18,0.095,30.857,True,0.13,0.32
highest-temperature-in-ankara-on-june-11-2026,Ankara,2026-06-11,degraded,2026-06-09 05:29:00+00:00,>24h,11,11,9,False,1.775,0.7749999999999999,17.822,17.678,0.5700000000000001,0.16,11.596,False,0.44600000000000006,3.104
highest-temperature-in-seattle-on-june-10-2026,Seattle,2026-06-10,clean,2026-06-09 02:37:00+00:00,>24h,11,11,8,False,1.762,0.762,24.553,22.0715,0.6599999999999999,0.4755,19.158,False,0.244,3.28
highest-temperature-in-busan-on-june-12-2026,Busan,2026-06-12,degraded,2026-06-10 04:37:00+00:00,>24h,11,10,10,False,1.7400000000000002,0.7400000000000002,270.785,11.8805,0.89,0.235,269.885,True,0.39,3.09
highest-temperature-in-ankara-on-june-11-2026,Ankara,2026-06-11,degraded,2026-06-09 05:27:00+00:00,>24h,11,11,6,False,1.7185000000000001,0.7185000000000001,11.343,11.3275,0.5800000000000001,0.44999999999999996,11.201,False,0.43,3.007
highest-temperature-in-istanbul-on-june-12-2026,Istanbul,2026-06-12,degraded,2026-06-10 05:44:00+00:00,>24h,11,11,11,True,1.714,0.714,6.213,6.213,0.369,0.25,2.04,False,0.5980000000000001,2.83
highest-temperature-in-seoul-on-june-9-2026,Seoul,2026-06-09,clean,2026-06-07 04:34:00+00:00,>24h,11,10,8,False,1.7105000000000001,0.7105000000000001,539.668,11.216999999999999,0.98,0.28,528.498,True,0.432,2.989
highest-temperature-in-seoul-on-june-9-2026,Seoul,2026-06-09,clean,2026-06-07 04:33:00+00:00,>24h,11,10,8,False,1.7105000000000001,0.7105000000000001,479.668,70.546,0.98,0.28,465.684,True,0.432,2.989
highest-temperature-in-busan-on-june-12-2026,Busan,2026-06-12,degraded,2026-06-10 04:38:00+00:00,>24h,11,10,10,False,1.7100000000000002,0.7100000000000002,330.785,51.56,0.89,0.21499999999999997,305.598,True,0.39,3.0300000000000002
highest-temperature-in-shanghai-on-june-10-2026,Shanghai,2026-06-10,clean,2026-06-08 04:29:00+00:00,>24h,11,11,7,False,1.706,0.706,62.984,24.816,0.958,0.19,42.511,False,0.28200000000000003,3.13
highest-temperature-in-beijing-on-june-8-2026,Beijing,2026-06-08,clean,2026-06-06 23:01:00+00:00,>24h,11,11,3,False,0.305,-0.6950000000000001,25.694,18.861,0.21999999999999997,0.09000000000000001,15.335,False,0.14200000000000002,0.46799999999999997
highest-temperature-in-istanbul-on-june-12-2026,Istanbul,2026-06-12,degraded,2026-06-10 05:47:00+00:00,>24h,11,11,11,True,1.694,0.694,50.841,26.081,0.369,0.24000000000000002,48.051,False,0.5680000000000001,2.8200000000000003
highest-temperature-in-panama-city-on-june-9-2026,Panama City,2026-06-09,clean,2026-06-08 01:27:00+00:00,>24h,11,11,3,False,0.31,-0.69,14.313,13.798,0.33999999999999997,0.04000000000000001,2.594,False,0.11,0.51
highest-temperature-in-istanbul-on-june-12-2026,Istanbul,2026-06-12,degraded,2026-06-10 05:48:00+00:00,>24h,11,11,11,True,1.6895000000000002,0.6895000000000002,110.841,38.887,0.359,0.24000000000000002,105.043,False,0.5690000000000001,2.8100000000000005
highest-temperature-in-istanbul-on-june-12-2026,Istanbul,2026-06-12,degraded,2026-06-10 05:46:00+00:00,>24h,11,11,11,True,1.689,0.6890000000000001,126.213,17.468,0.359,0.24000000000000002,124.911,False,0.5680000000000001,2.8100000000000005
highest-temperature-in-istanbul-on-june-12-2026,Istanbul,2026-06-12,degraded,2026-06-10 05:45:00+00:00,>24h,11,11,11,True,1.689,0.6890000000000001,66.213,6.026,0.359,0.24000000000000002,63.679,False,0.5680000000000001,2.8100000000000005
highest-temperature-in-istanbul-on-june-12-2026,Istanbul,2026-06-12,degraded,2026-06-10 05:49:00+00:00,>24h,11,11,11,True,1.669,0.669,24.914,24.573,0.359,0.23,24.373,False,0.5690000000000001,2.769
highest-temperature-in-istanbul-on-june-12-2026,Istanbul,2026-06-12,degraded,2026-06-10 05:50:00+00:00,>24h,11,11,11,True,1.654,0.6539999999999999,84.867,32.268,0.358,0.22,80.75,False,0.5690000000000001,2.739
highest-temperature-in-istanbul-on-june-12-2026,Istanbul,2026-06-12,degraded,2026-06-10 05:51:00+00:00,>24h,11,11,11,True,1.6395,0.6395,69.995,30.612,0.33899999999999997,0.22,68.543,False,0.609,2.67
highest-temperature-in-istanbul-on-june-12-2026,Istanbul,2026-06-12,degraded,2026-06-10 05:42:00+00:00,>24h,11,11,11,True,1.6390000000000002,0.6390000000000002,90.712,1.407,0.369,0.25,90.543,False,0.43800000000000006,2.8400000000000003
highest-temperature-in-hong-kong-on-june-5-2026,Hong Kong,2026-06-05,clean,2026-06-05 05:51:00+00:00,6-24h,11,7,7,False,0.36350000000000005,-0.6365,59274.267,6300.92,0.03899999999999999,0.001,59274.172,True,0.326,0.401
highest-temperature-in-istanbul-on-june-12-2026,Istanbul,2026-06-12,degraded,2026-06-10 05:43:00+00:00,>24h,11,11,11,True,1.6340000000000003,0.6340000000000003,0.948,0.786,0.36,0.25,0.823,False,0.43800000000000006,2.8300000000000005
highest-temperature-in-hong-kong-on-june-5-2026,Hong Kong,2026-06-05,clean,2026-06-05 05:52:00+00:00,6-24h,11,7,7,False,0.368,-0.632,59334.267,6360.92,0.07,0.001,59334.238,True,0.32,0.41600000000000004
highest-temperature-in-hong-kong-on-june-5-2026,Hong Kong,2026-06-05,clean,2026-06-05 05:53:00+00:00,6-24h,11,7,7,False,0.3715,-0.6285000000000001,59394.267,6420.92,0.06300000000000001,0.001,59393.885,True,0.327,0.41600000000000004
highest-temperature-in-buenos-aires-on-june-8-2026,Buenos Aires,2026-06-08,clean,2026-06-07 01:28:00+00:00,>24h,11,10,10,False,1.6145,0.6145,14.879,12.649999999999999,0.381,0.16999999999999998,13.948,True,0.621,2.6080000000000005
highest-temperature-in-hong-kong-on-june-5-2026,Hong Kong,2026-06-05,clean,2026-06-05 05:50:00+00:00,6-24h,11,7,7,False,0.388,-0.612,59214.267,6240.92,0.03999999999999998,0.001,59211.338,True,0.34600000000000003,0.43
highest-temperature-in-hong-kong-on-june-5-2026,Hong Kong,2026-06-05,clean,2026-06-05 05:55:00+00:00,6-24h,11,7,7,False,0.398,-0.602,59514.267,6540.92,0.039999999999999994,0.001,59513.99,True,0.365,0.43100000000000005
highest-temperature-in-seoul-on-june-9-2026,Seoul,2026-06-09,clean,2026-06-07 04:26:00+00:00,>24h,11,10,5,False,1.6,0.6000000000000001,59.668,20.888,0.98,0.39,52.087,True,0.23000000000000004,2.97
highest-temperature-in-hong-kong-on-june-5-2026,Hong Kong,2026-06-05,clean,2026-06-05 05:56:00+00:00,6-24h,11,7,7,False,0.40650000000000003,-0.5934999999999999,59574.267,6600.92,0.053000000000000005,0.001,59573.787,True,0.367,0.44600000000000006
highest-temperature-in-hong-kong-on-june-5-2026,Hong Kong,2026-06-05,clean,2026-06-05 05:54:00+00:00,6-24h,11,7,7,False,0.41050000000000003,-0.5894999999999999,59454.267,6480.92,0.043,0.001,59453.513,True,0.371,0.44999999999999996
highest-temperature-in-hong-kong-on-june-5-2026,Hong Kong,2026-06-05,clean,2026-06-05 05:57:00+00:00,6-24h,11,7,7,False,0.41200000000000003,-0.588,59634.267,6660.92,0.05,0.001,59633.89,True,0.369,0.45500000000000007
highest-temperature-in-hong-kong-on-june-5-2026,Hong Kong,2026-06-05,clean,2026-06-05 05:38:00+00:00,6-24h,11,7,7,False,0.42400000000000004,-0.576,58494.267,5520.92,0.02999999999999997,0.001,58490.224,True,0.397,0.451
highest-temperature-in-busan-on-june-12-2026,Busan,2026-06-12,degraded,2026-06-10 04:43:00+00:00,>24h,11,10,10,False,1.575,0.575,630.785,0.0505,0.89,0.15,630.758,True,0.56,2.59
highest-temperature-in-shanghai-on-june-10-2026,Shanghai,2026-06-10,clean,2026-06-08 04:31:00+00:00,>24h,11,11,11,True,1.573,0.573,34.986,29.269,0.87,0.147,31.684,False,0.41600000000000004,2.73
highest-temperature-in-hong-kong-on-june-5-2026,Hong Kong,2026-06-05,clean,2026-06-05 05:39:00+00:00,6-24h,11,7,7,False,0.4285,-0.5715,58554.267,5580.92,0.020000000000000018,0.001,58553.665,True,0.40599999999999997,0.451
highest-temperature-in-busan-on-june-12-2026,Busan,2026-06-12,degraded,2026-06-10 04:39:00+00:00,>24h,11,10,10,False,1.57,0.5700000000000001,390.785,0.0805,0.89,0.15500000000000003,390.748,True,0.44000000000000006,2.7
highest-temperature-in-manila-on-june-11-2026,Manila,2026-06-11,degraded,2026-06-09 04:41:00+00:00,>24h,11,11,10,False,1.5699999999999998,0.5699999999999998,38.912,3.0885,0.57,0.18,38.834,False,0.6110000000000001,2.5290000000000004
highest-temperature-in-busan-on-june-12-2026,Busan,2026-06-12,degraded,2026-06-10 04:40:00+00:00,>24h,11,10,10,False,1.5650000000000002,0.5650000000000002,450.785,1.8330000000000002,0.89,0.12000000000000001,450.755,True,0.48000000000000004,2.6499999999999995
highest-temperature-in-istanbul-on-june-12-2026,Istanbul,2026-06-12,degraded,2026-06-10 05:52:00+00:00,>24h,11,11,11,True,1.5645,0.5645,35.787,23.474,0.349,0.2,31.83,False,0.5690000000000001,2.5599999999999996
highest-temperature-in-hong-kong-on-june-5-2026,Hong Kong,2026-06-05,clean,2026-06-05 05:00:00+00:00,6-24h,11,7,7,False,0.4365,-0.5635,56214.267,3240.92,0.09999999999999998,0.002,56214.231,True,0.364,0.509
highest-temperature-in-hong-kong-on-june-5-2026,Hong Kong,2026-06-05,clean,2026-06-05 05:49:00+00:00,6-24h,11,7,7,False,0.4375,-0.5625,59154.267,6180.92,0.035,0.001,59154.066,True,0.40700000000000003,0.468
highest-temperature-in-hong-kong-on-june-5-2026,Hong Kong,2026-06-05,clean,2026-06-05 05:40:00+00:00,6-24h,11,7,7,False,0.43799999999999994,-0.562,58614.267,5640.92,0.04200000000000001,0.001,58614.255,True,0.399,0.477
highest-temperature-in-hong-kong-on-june-5-2026,Hong Kong,2026-06-05,clean,2026-06-05 05:42:00+00:00,6-24h,11,7,7,False,0.44299999999999995,-0.557,58734.267,5760.92,0.02999999999999997,0.001,58733.416,True,0.41500000000000004,0.471
highest-temperature-in-hong-kong-on-june-5-2026,Hong Kong,2026-06-05,clean,2026-06-05 05:41:00+00:00,6-24h,11,7,7,False,0.44299999999999995,-0.557,58674.267,5700.92,0.02999999999999997,0.001,58672.946,True,0.41500000000000004,0.471
highest-temperature-in-hong-kong-on-june-5-2026,Hong Kong,2026-06-05,clean,2026-06-05 05:43:00+00:00,6-24h,11,7,7,False,0.44299999999999995,-0.557,58794.267,5820.92,0.02999999999999997,0.001,58793.546,True,0.41500000000000004,0.471
highest-temperature-in-taipei-on-june-8-2026,Taipei,2026-06-08,clean,2026-06-06 23:01:00+00:00,>24h,11,11,3,False,0.44500000000000006,-0.5549999999999999,25.424,3.097,0.2,0.18,25.351,False,0.21000000000000002,0.68
highest-temperature-in-hong-kong-on-june-5-2026,Hong Kong,2026-06-05,clean,2026-06-05 05:48:00+00:00,6-24h,11,7,7,False,0.44599999999999995,-0.554,59094.267,6120.92,0.044,0.001,59093.797,True,0.406,0.486
highest-temperature-in-seoul-on-june-9-2026,Seoul,2026-06-09,clean,2026-06-07 04:28:00+00:00,>24h,11,10,6,False,1.5499999999999998,0.5499999999999998,179.668,21.2655,0.98,0.355,166.499,True,0.26,2.84
highest-temperature-in-seoul-on-june-9-2026,Seoul,2026-06-09,clean,2026-06-07 04:29:00+00:00,>24h,11,10,6,False,1.5499999999999998,0.5499999999999998,239.668,26.52,0.98,0.355,227.011,True,0.26,2.84
highest-temperature-in-hong-kong-on-june-5-2026,Hong Kong,2026-06-05,clean,2026-06-05 05:44:00+00:00,6-24h,11,7,7,False,0.4515,-0.5485,58854.267,5880.92,0.02999999999999997,0.001,58853.024,True,0.42600000000000005,0.477
highest-temperature-in-hong-kong-on-june-5-2026,Hong Kong,2026-06-05,clean,2026-06-05 05:37:00+00:00,6-24h,11,7,7,False,0.4605,-0.5395,58434.267,5460.92,0.031,0.001,58433.339,True,0.427,0.494
highest-temperature-in-hong-kong-on-june-5-2026,Hong Kong,2026-06-05,clean,2026-06-05 06:00:00+00:00,1-6h,11,7,7,False,0.46099999999999997,-0.539,59814.267,6840.92,0.04999999999999999,0.001,59814.225,True,0.41400000000000003,0.508
highest-temperature-in-qingdao-on-june-10-2026,Qingdao,2026-06-10,clean,2026-06-08 04:53:00+00:00,>24h,11,10,10,False,1.539,0.5389999999999999,149.368,134.223,0.68,0.185,148.067,True,0.312,2.7660000000000005
highest-temperature-in-hong-kong-on-june-5-2026,Hong Kong,2026-06-05,clean,2026-06-05 05:45:00+00:00,6-24h,11,7,7,False,0.46299999999999997,-0.537,58914.267,5940.92,0.02999999999999997,0.001,58914.12,True,0.43600000000000005,0.49
highest-temperature-in-tokyo-on-june-12-2026,Tokyo,2026-06-12,degraded,2026-06-10 04:35:00+00:00,>24h,11,11,11,True,1.535,0.5349999999999999,135.04,14.612,0.33,0.24,128.014,False,0.31,2.76
highest-temperature-in-manila-on-june-11-2026,Manila,2026-06-11,degraded,2026-06-09 04:42:00+00:00,>24h,11,11,10,False,1.5349999999999997,0.5349999999999997,69.018,12.747,0.57,0.16499999999999998,68.063,False,0.6110000000000001,2.459
highest-temperature-in-buenos-aires-on-june-8-2026,Buenos Aires,2026-06-08,clean,2026-06-07 01:29:00+00:00,>24h,11,10,10,False,1.5345000000000002,0.5345000000000002,33.743,17.458,0.361,0.16299999999999998,30.118,True,0.641,2.428
highest-temperature-in-qingdao-on-june-10-2026,Qingdao,2026-06-10,clean,2026-06-08 04:58:00+00:00,>24h,11,10,10,False,1.534,0.534,43.98,43.959500000000006,0.6900000000000001,0.18,30.776,True,0.322,2.7460000000000004
highest-temperature-in-hong-kong-on-june-5-2026,Hong Kong,2026-06-05,clean,2026-06-05 03:16:00+00:00,6-24h,11,7,7,False,0.46799999999999997,-0.532,49974.267,3.785,0.02999999999999997,0.008,49974.182,True,0.424,0.512
highest-temperature-in-buenos-aires-on-june-8-2026,Buenos Aires,2026-06-08,clean,2026-06-07 01:27:00+00:00,>24h,11,10,9,False,1.531,0.5309999999999999,70.507,5.382,0.41,0.16999999999999998,68.543,True,0.582,2.48
highest-temperature-in-hong-kong-on-june-5-2026,Hong Kong,2026-06-05,clean,2026-06-05 05:58:00+00:00,6-24h,11,7,7,False,0.4705,-0.5295000000000001,59694.267,6720.92,0.04999999999999999,0.001,59694.26,True,0.419,0.522
highest-temperature-in-qingdao-on-june-10-2026,Qingdao,2026-06-10,clean,2026-06-08 04:54:00+00:00,>24h,11,10,10,False,1.529,0.5289999999999999,209.341,93.6985,0.68,0.185,197.262,True,0.312,2.7460000000000004
highest-temperature-in-qingdao-on-june-10-2026,Qingdao,2026-06-10,clean,2026-06-08 04:55:00+00:00,>24h,11,10,10,False,1.529,0.5289999999999999,269.332,119.565,0.68,0.185,254.068,True,0.312,2.7460000000000004
highest-temperature-in-istanbul-on-june-12-2026,Istanbul,2026-06-12,degraded,2026-06-10 06:08:00+00:00,>24h,11,11,11,True,1.528,0.528,6.339,6.3,0.33899999999999997,0.19999999999999998,2.849,False,0.589,2.467
highest-temperature-in-tokyo-on-june-12-2026,Tokyo,2026-06-12,degraded,2026-06-10 04:34:00+00:00,>24h,11,11,11,True,1.5250000000000001,0.5250000000000001,75.04,3.064,0.33,0.24,74.96,False,0.29000000000000004,2.76
highest-temperature-in-hong-kong-on-june-5-2026,Hong Kong,2026-06-05,clean,2026-06-05 05:59:00+00:00,6-24h,11,7,7,False,0.475,-0.525,59754.267,6780.92,0.06,0.001,59754.26,True,0.42,0.53
highest-temperature-in-buenos-aires-on-june-8-2026,Buenos Aires,2026-06-08,clean,2026-06-07 01:30:00+00:00,>24h,11,10,10,False,1.5245,0.5245,14.311,13.6415,0.34099999999999997,0.16299999999999998,11.955,True,0.661,2.388
highest-temperature-in-qingdao-on-june-10-2026,Qingdao,2026-06-10,clean,2026-06-08 04:57:00+00:00,>24h,11,10,10,False,1.524,0.524,105.079,102.521,0.67,0.18,51.112,True,0.322,2.7260000000000004
highest-temperature-in-qingdao-on-june-10-2026,Qingdao,2026-06-10,clean,2026-06-08 04:56:00+00:00,>24h,11,10,10,False,1.524,0.524,45.079,42.521,0.67,0.18,2.7640000000000002,True,0.322,2.7260000000000004
highest-temperature-in-hong-kong-on-june-5-2026,Hong Kong,2026-06-05,clean,2026-06-05 05:35:00+00:00,6-24h,11,7,7,False,0.479,-0.521,58314.267,5340.92,0.05,0.001,58314.246,True,0.441,0.517
highest-temperature-in-hong-kong-on-june-5-2026,Hong Kong,2026-06-05,clean,2026-06-05 05:34:00+00:00,6-24h,11,7,7,False,0.48050000000000004,-0.5195,58254.267,5280.92,0.05499999999999999,0.001,58254.144,True,0.43,0.531
highest-temperature-in-hong-kong-on-june-5-2026,Hong Kong,2026-06-05,clean,2026-06-05 04:59:00+00:00,6-24h,11,7,7,False,0.48250000000000004,-0.5175,56154.267,3180.92,0.19,0.002,56154.039,True,0.35500000000000004,0.6100000000000001
highest-temperature-in-hong-kong-on-june-5-2026,Hong Kong,2026-06-05,clean,2026-06-05 05:46:00+00:00,6-24h,11,7,7,False,0.48300000000000004,-0.5169999999999999,58974.267,6000.92,0.03,0.001,58974.065,True,0.45,0.516
highest-temperature-in-istanbul-on-june-12-2026,Istanbul,2026-06-12,degraded,2026-06-10 06:22:00+00:00,>24h,11,11,11,True,1.517,0.5169999999999999,66.679,25.231,0.30000000000000004,0.1,41.475,False,0.747,2.2870000000000004
highest-temperature-in-hong-kong-on-june-5-2026,Hong Kong,2026-06-05,clean,2026-06-04 00:01:00+00:00,>24h,11,7,3,False,0.48350000000000004,-0.5165,2.186,1.597,0.227,0.19,0.602,True,0.21500000000000002,0.752
highest-temperature-in-busan-on-june-12-2026,Busan,2026-06-12,degraded,2026-06-10 04:41:00+00:00,>24h,11,10,10,False,1.515,0.5149999999999999,510.785,0.1345,0.89,0.1,510.783,True,0.5,2.53
highest-temperature-in-istanbul-on-june-12-2026,Istanbul,2026-06-12,degraded,2026-06-10 06:21:00+00:00,>24h,11,11,11,True,1.512,0.512,6.679,6.652,0.30000000000000004,0.1,4.094,False,0.747,2.277
highest-temperature-in-tokyo-on-june-12-2026,Tokyo,2026-06-12,degraded,2026-06-10 04:39:00+00:00,>24h,11,11,11,True,1.5100000000000002,0.5100000000000002,375.04,5.17,0.32,0.22,373.6,False,0.39999999999999997,2.62
highest-temperature-in-hong-kong-on-june-5-2026,Hong Kong,2026-06-05,clean,2026-06-05 06:03:00+00:00,1-6h,11,7,7,False,0.491,-0.509,59994.267,7020.92,0.034,0.001,59991.658,True,0.45599999999999996,0.526
highest-temperature-in-istanbul-on-june-12-2026,Istanbul,2026-06-12,degraded,2026-06-10 06:24:00+00:00,>24h,11,11,11,True,1.5070000000000001,0.5070000000000001,32.648,28.0,0.30000000000000004,0.11000000000000001,30.634,False,0.7170000000000001,2.297
highest-temperature-in-hong-kong-on-june-5-2026,Hong Kong,2026-06-05,clean,2026-06-05 05:47:00+00:00,6-24h,11,7,7,False,0.49450000000000005,-0.5055,59034.267,6060.92,0.045,0.001,59034.035,True,0.464,0.525
highest-temperature-in-seoul-on-june-9-2026,Seoul,2026-06-09,clean,2026-06-07 04:30:00+00:00,>24h,11,10,6,False,1.5050000000000001,0.5050000000000001,299.668,34.036500000000004,0.98,0.33499999999999996,297.766,True,0.26,2.75
highest-temperature-in-istanbul-on-june-12-2026,Istanbul,2026-06-12,degraded,2026-06-10 06:14:00+00:00,>24h,11,11,11,True,1.5034999999999998,0.5034999999999998,17.977,8.025,0.309,0.10999999999999999,16.334,False,0.71,2.297
highest-temperature-in-istanbul-on-june-12-2026,Istanbul,2026-06-12,degraded,2026-06-10 06:13:00+00:00,>24h,11,11,11,True,1.5025,0.5025,165.261,19.814,0.309,0.10999999999999999,162.44,False,0.708,2.297
highest-temperature-in-istanbul-on-june-12-2026,Istanbul,2026-06-12,degraded,2026-06-10 06:25:00+00:00,>24h,11,11,11,True,1.5020000000000002,0.5020000000000002,45.064,30.22,0.30000000000000004,0.1,45.053,False,0.7170000000000001,2.2870000000000004
highest-temperature-in-busan-on-june-12-2026,Busan,2026-06-12,degraded,2026-06-10 04:42:00+00:00,>24h,11,10,10,False,1.5,0.5,570.785,3.4735,0.89,0.1,567.756,True,0.54,2.46
highest-temperature-in-tokyo-on-june-12-2026,Tokyo,2026-06-12,degraded,2026-06-10 04:36:00+00:00,>24h,11,11,11,True,1.4999999999999998,0.4999999999999998,195.04,5.171,0.32,0.24,194.53,False,0.34,2.66
highest-temperature-in-hong-kong-on-june-5-2026,Hong Kong,2026-06-05,clean,2026-06-05 06:01:00+00:00,1-6h,11,7,7,False,0.501,-0.499,59874.267,6900.92,0.036000000000000004,0.001,59870.516,True,0.46499999999999997,0.537
highest-temperature-in-hong-kong-on-june-5-2026,Hong Kong,2026-06-05,clean,2026-06-05 06:02:00+00:00,1-6h,11,7,7,False,0.5015000000000001,-0.49849999999999994,59934.267,6960.92,0.035,0.001,59933.94,True,0.46599999999999997,0.537
highest-temperature-in-istanbul-on-june-12-2026,Istanbul,2026-06-12,degraded,2026-06-10 06:15:00+00:00,>24h,11,11,11,True,1.4975,0.49750000000000005,45.016,12.344,0.308,0.10999999999999999,41.565,False,0.709,2.286
highest-temperature-in-istanbul-on-june-12-2026,Istanbul,2026-06-12,degraded,2026-06-10 06:23:00+00:00,>24h,11,11,11,True,1.497,0.4970000000000001,85.217,44.863,0.299,0.11000000000000001,79.927,False,0.7170000000000001,2.277
highest-temperature-in-istanbul-on-june-12-2026,Istanbul,2026-06-12,degraded,2026-06-10 06:16:00+00:00,>24h,11,11,11,True,1.4930000000000003,0.4930000000000003,93.745,15.274,0.30000000000000004,0.10999999999999999,90.747,False,0.709,2.277
highest-temperature-in-hong-kong-on-june-5-2026,Hong Kong,2026-06-05,clean,2026-06-04 00:03:00+00:00,>24h,11,7,3,False,0.509,-0.491,6.253,3.75,0.07,0.047999999999999994,4.285,True,0.445,0.573
highest-temperature-in-hong-kong-on-june-5-2026,Hong Kong,2026-06-05,clean,2026-06-05 03:17:00+00:00,6-24h,11,7,7,False,0.509,-0.491,50034.267,0.03,0.07,0.006999999999999999,50034.26,True,0.424,0.5940000000000001
highest-temperature-in-hong-kong-on-june-5-2026,Hong Kong,2026-06-05,clean,2026-06-04 00:02:00+00:00,>24h,11,7,3,False,0.509,-0.491,3.705,2.751,0.07,0.047999999999999994,2.618,True,0.445,0.573
highest-temperature-in-tokyo-on-june-12-2026,Tokyo,2026-06-12,degraded,2026-06-10 04:38:00+00:00,>24h,11,11,11,True,1.4900000000000002,0.4900000000000002,315.04,80.554,0.32,0.22,303.759,False,0.36000000000000004,2.62
highest-temperature-in-tokyo-on-june-12-2026,Tokyo,2026-06-12,degraded,2026-06-10 04:37:00+00:00,>24h,11,11,11,True,1.4900000000000002,0.4900000000000002,255.04,20.554,0.32,0.22,248.638,False,0.36000000000000004,2.62
highest-temperature-in-hong-kong-on-june-5-2026,Hong Kong,2026-06-05,clean,2026-06-05 05:02:00+00:00,6-24h,11,7,7,False,0.511,-0.489,56334.267,3360.92,0.10999999999999999,0.002,56334.24,True,0.42800000000000005,0.594
highest-temperature-in-hong-kong-on-june-5-2026,Hong Kong,2026-06-05,clean,2026-06-04 00:04:00+00:00,>24h,11,7,3,False,0.5115000000000001,-0.48849999999999993,2.066,0.987,0.07,0.043,2.025,True,0.45,0.573
highest-temperature-in-istanbul-on-june-12-2026,Istanbul,2026-06-12,degraded,2026-06-10 06:26:00+00:00,>24h,11,11,11,True,1.4875,0.48750000000000004,36.793,35.285,0.30000000000000004,0.129,31.502,False,0.6880000000000001,2.2870000000000004
highest-temperature-in-hong-kong-on-june-5-2026,Hong Kong,2026-06-05,clean,2026-06-05 03:18:00+00:00,6-24h,11,7,7,False,0.5129999999999999,-0.4870000000000001,50094.267,1.008,0.077,0.004999999999999999,50094.242,True,0.43,0.596
highest-temperature-in-hong-kong-on-june-5-2026,Hong Kong,2026-06-05,clean,2026-06-05 02:11:00+00:00,6-24h,11,7,7,False,0.515,-0.485,46074.267,0.528,0.020000000000000018,0.006999999999999999,46074.249,True,0.487,0.543
highest-temperature-in-istanbul-on-june-12-2026,Istanbul,2026-06-12,degraded,2026-06-10 06:17:00+00:00,>24h,11,11,11,True,1.4835000000000003,0.48350000000000026,22.492,22.396,0.30000000000000004,0.10999999999999999,13.115,False,0.69,2.277
highest-temperature-in-istanbul-on-june-12-2026,Istanbul,2026-06-12,degraded,2026-06-10 06:18:00+00:00,>24h,11,11,11,True,1.4835000000000003,0.48350000000000026,24.826,1.994,0.30000000000000004,0.10999999999999999,24.583,False,0.69,2.277
highest-temperature-in-hong-kong-on-june-5-2026,Hong Kong,2026-06-05,clean,2026-06-05 05:36:00+00:00,6-24h,11,7,7,False,0.5165000000000001,-0.48349999999999993,58374.267,5400.92,0.08000000000000002,0.001,58374.254,True,0.45,0.583
highest-temperature-in-istanbul-on-june-12-2026,Istanbul,2026-06-12,degraded,2026-06-10 06:19:00+00:00,>24h,11,11,11,True,1.483,0.4830000000000001,46.19,5.994,0.30000000000000004,0.10999999999999999,40.198,False,0.689,2.277
highest-temperature-in-istanbul-on-june-12-2026,Istanbul,2026-06-12,degraded,2026-06-10 06:20:00+00:00,>24h,11,11,11,True,1.483,0.4830000000000001,106.19,65.994,0.30000000000000004,0.10999999999999999,100.038,False,0.689,2.277
highest-temperature-in-istanbul-on-june-12-2026,Istanbul,2026-06-12,degraded,2026-06-10 05:53:00+00:00,>24h,11,11,11,True,1.4795000000000003,0.47950000000000026,39.174,21.564,0.329,0.19999999999999998,21.224,False,0.559,2.4
highest-temperature-in-istanbul-on-june-12-2026,Istanbul,2026-06-12,degraded,2026-06-10 06:27:00+00:00,>24h,11,11,11,True,1.4770000000000003,0.4770000000000003,2.477,0.055,0.30000000000000004,0.148,2.474,False,0.668,2.286
highest-temperature-in-hong-kong-on-june-5-2026,Hong Kong,2026-06-05,clean,2026-06-05 02:13:00+00:00,6-24h,11,7,7,False,0.5245,-0.47550000000000003,46194.267,12.675,0.02999999999999997,0.009000000000000001,46193.303,True,0.487,0.5619999999999999
highest-temperature-in-hong-kong-on-june-5-2026,Hong Kong,2026-06-05,clean,2026-06-05 04:16:00+00:00,6-24h,11,7,7,False,0.5245,-0.47550000000000003,53574.267,600.92,0.010999999999999996,0.002,53574.097,True,0.509,0.5399999999999999
highest-temperature-in-hong-kong-on-june-5-2026,Hong Kong,2026-06-05,clean,2026-06-05 04:18:00+00:00,6-24h,11,7,7,False,0.5245,-0.47550000000000003,53694.267,720.92,0.010999999999999996,0.002,53694.255,True,0.509,0.5399999999999999
highest-temperature-in-hong-kong-on-june-5-2026,Hong Kong,2026-06-05,clean,2026-06-05 04:17:00+00:00,6-24h,11,7,7,False,0.5245,-0.47550000000000003,53634.267,660.92,0.010999999999999996,0.002,53634.189,True,0.509,0.5399999999999999
highest-temperature-in-hong-kong-on-june-5-2026,Hong Kong,2026-06-05,clean,2026-06-05 05:18:00+00:00,6-24h,11,7,7,False,0.5255,-0.47450000000000003,57294.267,4320.92,0.009999999999999953,0.001,57294.235,True,0.515,0.536
highest-temperature-in-hong-kong-on-june-5-2026,Hong Kong,2026-06-05,clean,2026-06-05 05:04:00+00:00,6-24h,11,7,7,False,0.5265,-0.47350000000000003,56454.267,3480.92,0.08000000000000002,0.002,56454.254,True,0.469,0.5840000000000001
highest-temperature-in-istanbul-on-june-12-2026,Istanbul,2026-06-12,degraded,2026-06-10 05:54:00+00:00,>24h,11,11,11,True,1.4735,0.47350000000000003,99.174,8.069,0.329,0.19999999999999998,99.014,False,0.558,2.389
highest-temperature-in-hong-kong-on-june-5-2026,Hong Kong,2026-06-05,clean,2026-06-05 06:07:00+00:00,1-6h,11,7,7,False,0.5265000000000001,-0.4734999999999999,60234.267,7260.92,0.02999999999999997,0.001,60234.259,True,0.495,0.558
highest-temperature-in-hong-kong-on-june-5-2026,Hong Kong,2026-06-05,clean,2026-06-05 06:06:00+00:00,1-6h,11,7,7,False,0.5275000000000001,-0.4724999999999999,60174.267,7200.92,0.02999999999999997,0.001,60174.111,True,0.496,0.5589999999999999
highest-temperature-in-istanbul-on-june-12-2026,Istanbul,2026-06-12,degraded,2026-06-10 06:30:00+00:00,>24h,11,11,11,True,1.471,0.4710000000000001,165.005,63.324,0.30000000000000004,0.128,158.807,False,0.677,2.265
highest-temperature-in-istanbul-on-june-12-2026,Istanbul,2026-06-12,degraded,2026-06-10 06:28:00+00:00,>24h,11,11,11,True,1.471,0.4710000000000001,45.005,44.904,0.30000000000000004,0.13799999999999998,43.019,False,0.667,2.275
highest-temperature-in-hong-kong-on-june-5-2026,Hong Kong,2026-06-05,clean,2026-06-05 05:17:00+00:00,6-24h,11,7,7,False,0.529,-0.471,57234.267,4260.92,0.009999999999999953,0.002,57234.245,True,0.517,0.541
highest-temperature-in-hong-kong-on-june-5-2026,Hong Kong,2026-06-05,clean,2026-06-05 05:05:00+00:00,6-24h,11,7,7,False,0.5295,-0.47050000000000003,56514.267,3540.92,0.06,0.002,56514.068,True,0.486,0.573
highest-temperature-in-istanbul-on-june-12-2026,Istanbul,2026-06-12,degraded,2026-06-10 06:31:00+00:00,>24h,11,11,11,True,1.4705,0.4704999999999999,224.915,50.588,0.30000000000000004,0.129,216.141,False,0.676,2.265
highest-temperature-in-hong-kong-on-june-5-2026,Hong Kong,2026-06-05,clean,2026-06-05 02:12:00+00:00,6-24h,11,7,7,False,0.5305,-0.46950000000000003,46134.267,0.333,0.02999999999999997,0.006999999999999999,46134.225,True,0.497,0.564
highest-temperature-in-hong-kong-on-june-5-2026,Hong Kong,2026-06-05,clean,2026-06-05 02:10:00+00:00,6-24h,11,7,7,False,0.531,-0.469,46014.267,5.966,0.02999999999999997,0.006999999999999999,46014.238,True,0.498,0.564
highest-temperature-in-hong-kong-on-june-5-2026,Hong Kong,2026-06-05,clean,2026-06-05 06:08:00+00:00,1-6h,11,7,7,False,0.5315000000000001,-0.4684999999999999,60294.267,7320.92,0.03999999999999998,0.001,60294.262,True,0.495,0.5680000000000001
highest-temperature-in-istanbul-on-june-12-2026,Istanbul,2026-06-12,degraded,2026-06-10 06:10:00+00:00,>24h,11,11,11,True,1.4674999999999998,0.4674999999999998,53.469,53.354,0.309,0.12,49.296,False,0.6379999999999999,2.297
highest-temperature-in-istanbul-on-june-12-2026,Istanbul,2026-06-12,degraded,2026-06-10 06:12:00+00:00,>24h,11,11,11,True,1.4674999999999998,0.4674999999999998,105.261,18.502,0.309,0.12,102.484,False,0.6379999999999999,2.297
highest-temperature-in-istanbul-on-june-12-2026,Istanbul,2026-06-12,degraded,2026-06-10 06:11:00+00:00,>24h,11,11,11,True,1.4674999999999998,0.4674999999999998,45.277,6.726,0.309,0.12,44.181,False,0.6379999999999999,2.297
highest-temperature-in-hong-kong-on-june-5-2026,Hong Kong,2026-06-05,clean,2026-06-05 06:05:00+00:00,1-6h,11,7,7,False,0.533,-0.46699999999999997,60114.267,7140.92,0.03999999999999998,0.001,60114.266,True,0.496,0.5700000000000001
highest-temperature-in-istanbul-on-june-12-2026,Istanbul,2026-06-12,degraded,2026-06-10 06:29:00+00:00,>24h,11,11,11,True,1.4660000000000002,0.4660000000000002,105.005,42.902,0.30000000000000004,0.128,101.681,False,0.667,2.265
highest-temperature-in-buenos-aires-on-june-8-2026,Buenos Aires,2026-06-08,clean,2026-06-07 01:31:00+00:00,>24h,11,10,10,False,1.4655,0.4655,5.778,3.726,0.34299999999999997,0.138,2.495,True,0.661,2.27
highest-temperature-in-istanbul-on-june-12-2026,Istanbul,2026-06-12,degraded,2026-06-10 06:32:00+00:00,>24h,11,11,11,True,1.4655,0.4655,11.476,9.386,0.30000000000000004,0.11900000000000001,6.177,False,0.676,2.255
highest-temperature-in-hong-kong-on-june-5-2026,Hong Kong,2026-06-05,clean,2026-06-05 04:19:00+00:00,6-24h,11,7,7,False,0.536,-0.46399999999999997,53754.267,780.92,0.03999999999999998,0.002,53754.248,True,0.502,0.57
highest-temperature-in-hong-kong-on-june-5-2026,Hong Kong,2026-06-05,clean,2026-06-05 05:01:00+00:00,6-24h,11,7,7,False,0.5375,-0.4625,56274.267,3300.92,0.14,0.002,56274.136,True,0.44400000000000006,0.631
highest-temperature-in-hong-kong-on-june-5-2026,Hong Kong,2026-06-05,clean,2026-06-05 04:13:00+00:00,6-24h,11,7,7,False,0.5375,-0.4625,53394.267,420.92,0.012999999999999998,0.002,53394.207,True,0.521,0.5539999999999999
highest-temperature-in-hong-kong-on-june-5-2026,Hong Kong,2026-06-05,clean,2026-06-05 05:33:00+00:00,6-24h,11,7,7,False,0.538,-0.46199999999999997,58194.267,5220.92,0.09999999999999998,0.001,58194.028,True,0.466,0.61
highest-temperature-in-hong-kong-on-june-5-2026,Hong Kong,2026-06-05,clean,2026-06-05 05:19:00+00:00,6-24h,11,7,7,False,0.538,-0.46199999999999997,57354.267,4380.92,0.03,0.001,57352.672,True,0.515,0.5609999999999999
highest-temperature-in-hong-kong-on-june-5-2026,Hong Kong,2026-06-05,clean,2026-06-05 05:20:00+00:00,6-24h,11,7,7,False,0.5385,-0.4615,57414.267,4440.92,0.029000000000000005,0.001,57414.261,True,0.516,0.5609999999999999
highest-temperature-in-hong-kong-on-june-5-2026,Hong Kong,2026-06-05,clean,2026-06-05 05:06:00+00:00,6-24h,11,7,7,False,0.5385,-0.4615,56574.267,3600.92,0.07,0.002,56573.815,True,0.494,0.583
highest-temperature-in-hong-kong-on-june-5-2026,Hong Kong,2026-06-05,clean,2026-06-05 05:27:00+00:00,6-24h,11,7,7,False,0.539,-0.46099999999999997,57834.267,4860.92,0.030000000000000027,0.001,57834.219,True,0.517,0.561
highest-temperature-in-hong-kong-on-june-5-2026,Hong Kong,2026-06-05,clean,2026-06-05 05:03:00+00:00,6-24h,11,7,7,False,0.54,-0.45999999999999996,56394.267,3420.92,0.09000000000000002,0.002,56394.255,True,0.476,0.6040000000000001
highest-temperature-in-hong-kong-on-june-5-2026,Hong Kong,2026-06-05,clean,2026-06-05 06:04:00+00:00,1-6h,11,7,7,False,0.5405000000000001,-0.4594999999999999,60054.267,7080.92,0.033,0.001,60054.221,True,0.506,0.575
highest-temperature-in-hong-kong-on-june-5-2026,Hong Kong,2026-06-05,clean,2026-06-05 02:08:00+00:00,6-24h,11,7,7,False,0.542,-0.45799999999999996,45894.267,2.642,0.02999999999999997,0.006999999999999999,45894.199,True,0.508,0.576
highest-temperature-in-hong-kong-on-june-5-2026,Hong Kong,2026-06-05,clean,2026-06-05 05:16:00+00:00,6-24h,11,7,7,False,0.5445,-0.4555,57174.267,4200.92,0.015000000000000001,0.002,57174.211,True,0.527,0.562
highest-temperature-in-hong-kong-on-june-5-2026,Hong Kong,2026-06-05,clean,2026-06-05 02:06:00+00:00,6-24h,11,7,7,False,0.545,-0.45499999999999996,45774.267,0.837,0.04999999999999999,0.006999999999999999,45774.239,True,0.505,0.585
highest-temperature-in-hong-kong-on-june-5-2026,Hong Kong,2026-06-05,clean,2026-06-05 02:07:00+00:00,6-24h,11,7,7,False,0.545,-0.45499999999999996,45834.267,0.005,0.02999999999999997,0.006999999999999999,45834.264,True,0.515,0.575
highest-temperature-in-hong-kong-on-june-5-2026,Hong Kong,2026-06-05,clean,2026-06-05 02:02:00+00:00,6-24h,11,7,7,False,0.5455,-0.4545,45534.267,0.213,0.03999999999999998,0.008,45534.205,True,0.507,0.584
highest-temperature-in-hong-kong-on-june-5-2026,Hong Kong,2026-06-05,clean,2026-06-05 02:09:00+00:00,6-24h,11,7,7,False,0.5465,-0.4535,45954.267,1.315,0.020000000000000018,0.006999999999999999,45953.284,True,0.5179999999999999,0.575
highest-temperature-in-hong-kong-on-june-5-2026,Hong Kong,2026-06-05,clean,2026-06-05 05:29:00+00:00,6-24h,11,7,7,False,0.548,-0.45199999999999996,57954.267,4980.92,0.020000000000000018,0.001,57954.261,True,0.527,0.5690000000000001
highest-temperature-in-hong-kong-on-june-5-2026,Hong Kong,2026-06-05,clean,2026-06-05 04:14:00+00:00,6-24h,11,7,7,False,0.5485,-0.4515,53454.267,480.92,0.030000000000000027,0.002,53454.236,True,0.522,0.575
highest-temperature-in-hong-kong-on-june-5-2026,Hong Kong,2026-06-05,clean,2026-06-05 04:15:00+00:00,6-24h,11,7,7,False,0.5485,-0.4515,53514.267,540.92,0.030000000000000027,0.002,53512.773,True,0.522,0.575
highest-temperature-in-chicago-on-june-9-2026,Chicago,2026-06-09,clean,2026-06-08 01:30:00+00:00,>24h,11,11,8,False,1.451,0.45100000000000007,14.446,7.031000000000001,0.73,0.20900000000000002,13.217,False,0.262,2.64
highest-temperature-in-beijing-on-june-8-2026,Beijing,2026-06-08,clean,2026-06-06 23:02:00+00:00,>24h,11,11,4,False,0.5495,-0.4505,0.146,0.131,0.2,0.04250000000000001,0.133,False,0.402,0.697
highest-temperature-in-hong-kong-on-june-5-2026,Hong Kong,2026-06-05,clean,2026-06-05 05:15:00+00:00,6-24h,11,7,7,False,0.5499999999999999,-0.45000000000000007,57114.267,4140.92,0.009999999999999953,0.002,57113.986,True,0.537,0.5630000000000001
highest-temperature-in-qingdao-on-june-10-2026,Qingdao,2026-06-10,clean,2026-06-08 04:59:00+00:00,>24h,11,10,10,False,1.45,0.44999999999999996,25.771,23.6575,0.5900000000000001,0.175,2.182,True,0.342,2.5580000000000007
highest-temperature-in-hong-kong-on-june-5-2026,Hong Kong,2026-06-05,clean,2026-06-05 01:52:00+00:00,6-24h,11,7,7,False,0.5505,-0.4495,44934.267,2.373,0.02999999999999997,0.007999999999999993,44934.169,True,0.515,0.586
highest-temperature-in-hong-kong-on-june-5-2026,Hong Kong,2026-06-05,clean,2026-06-05 01:57:00+00:00,6-24h,11,7,7,False,0.551,-0.44899999999999995,45234.267,3.614,0.03999999999999998,0.009,45233.638,True,0.507,0.595
highest-temperature-in-seattle-on-june-10-2026,Seattle,2026-06-10,clean,2026-06-09 02:38:00+00:00,>24h,11,11,11,True,1.4485000000000001,0.4485000000000001,84.553,11.385,0.62,0.043,77.944,False,0.392,2.505
highest-temperature-in-hong-kong-on-june-5-2026,Hong Kong,2026-06-05,clean,2026-06-05 05:14:00+00:00,6-24h,11,7,7,False,0.5515,-0.4485,57054.267,4080.92,0.010000000000000002,0.002,57054.118,True,0.537,0.5660000000000001
highest-temperature-in-hong-kong-on-june-5-2026,Hong Kong,2026-06-05,clean,2026-06-05 05:30:00+00:00,6-24h,11,7,7,False,0.552,-0.44799999999999995,58014.267,5040.92,0.020000000000000018,0.001,58014.266,True,0.535,0.5690000000000001
highest-temperature-in-hong-kong-on-june-5-2026,Hong Kong,2026-06-05,clean,2026-06-05 02:14:00+00:00,6-24h,11,7,7,False,0.5525,-0.4475,46254.267,0.482,0.03,0.008,46254.043,True,0.507,0.598
highest-temperature-in-hong-kong-on-june-5-2026,Hong Kong,2026-06-05,clean,2026-06-05 05:21:00+00:00,6-24h,11,7,7,False,0.553,-0.44699999999999995,57474.267,4500.92,0.030000000000000027,0.001,57473.541,True,0.525,0.581
highest-temperature-in-hong-kong-on-june-5-2026,Hong Kong,2026-06-05,clean,2026-06-05 05:31:00+00:00,6-24h,11,7,7,False,0.5535,-0.4465,58074.267,5100.92,0.050000000000000044,0.001,58074.182,True,0.518,0.5890000000000001
highest-temperature-in-hong-kong-on-june-5-2026,Hong Kong,2026-06-05,clean,2026-06-05 05:32:00+00:00,6-24h,11,7,7,False,0.5545,-0.4455,58134.267,5160.92,0.040000000000000036,0.001,58134.0,True,0.528,0.5810000000000001
highest-temperature-in-busan-on-june-12-2026,Busan,2026-06-12,degraded,2026-06-10 04:45:00+00:00,>24h,11,10,10,False,1.445,0.44500000000000006,750.785,0.0925,0.89,0.08,750.767,True,0.7100000000000001,2.1799999999999997
highest-temperature-in-austin-on-june-11-2026,Austin,2026-06-11,degraded,2026-06-10 01:35:00+00:00,>24h,11,11,10,False,1.445,0.44500000000000006,64.307,23.951999999999998,0.36,0.15500000000000003,60.913,False,0.51,2.38
highest-temperature-in-hong-kong-on-june-5-2026,Hong Kong,2026-06-05,clean,2026-06-05 02:04:00+00:00,6-24h,11,7,7,False,0.555,-0.44499999999999995,45654.267,3.49,0.06,0.006999999999999999,45653.924,True,0.507,0.603
highest-temperature-in-hong-kong-on-june-5-2026,Hong Kong,2026-06-05,clean,2026-06-05 01:58:00+00:00,6-24h,11,7,7,False,0.556,-0.44399999999999995,45294.267,5.025,0.02999999999999997,0.009,45292.437,True,0.517,0.595
highest-temperature-in-hong-kong-on-june-5-2026,Hong Kong,2026-06-05,clean,2026-06-05 01:59:00+00:00,6-24h,11,7,7,False,0.556,-0.44399999999999995,45354.267,5.841,0.02999999999999997,0.008,45351.757,True,0.517,0.595
highest-temperature-in-hong-kong-on-june-5-2026,Hong Kong,2026-06-05,clean,2026-06-05 05:28:00+00:00,6-24h,11,7,7,False,0.558,-0.44199999999999995,57894.267,4920.92,0.030000000000000027,0.001,57892.421,True,0.527,0.589
highest-temperature-in-hong-kong-on-june-5-2026,Hong Kong,2026-06-05,clean,2026-06-05 01:51:00+00:00,6-24h,11,7,7,False,0.558,-0.44199999999999995,44874.267,0.593,0.03999999999999998,0.00399999999999999,44874.24,True,0.52,0.596
highest-temperature-in-hong-kong-on-june-5-2026,Hong Kong,2026-06-05,clean,2026-06-05 04:44:00+00:00,6-24h,11,7,7,False,0.5589999999999999,-0.44100000000000006,55254.267,2280.92,0.06,0.0010000000000000009,55254.256,True,0.519,0.5990000000000001
highest-temperature-in-hong-kong-on-june-5-2026,Hong Kong,2026-06-05,clean,2026-06-05 02:03:00+00:00,6-24h,11,7,7,False,0.5605,-0.4395,45594.267,0.424,0.050000000000000044,0.008,45594.242,True,0.5169999999999999,0.604
highest-temperature-in-hong-kong-on-june-5-2026,Hong Kong,2026-06-05,clean,2026-06-05 02:00:00+00:00,6-24h,11,7,7,False,0.561,-0.43899999999999995,45414.267,17.315,0.06,0.008,45410.971,True,0.507,0.615
highest-temperature-in-hong-kong-on-june-5-2026,Hong Kong,2026-06-05,clean,2026-06-05 01:56:00+00:00,6-24h,11,7,7,False,0.561,-0.43899999999999995,45174.267,0.428,0.04999999999999999,0.009,45174.204,True,0.507,0.615
highest-temperature-in-hong-kong-on-june-5-2026,Hong Kong,2026-06-05,clean,2026-06-05 04:43:00+00:00,6-24h,11,7,7,False,0.5619999999999999,-0.43800000000000006,55194.267,2220.92,0.06,0.0010000000000000009,55194.088,True,0.518,0.6060000000000001
highest-temperature-in-istanbul-on-june-12-2026,Istanbul,2026-06-12,degraded,2026-06-10 06:09:00+00:00,>24h,11,11,11,True,1.438,0.43799999999999994,66.339,65.483,0.309,0.159,60.279,False,0.589,2.287
highest-temperature-in-shanghai-on-june-10-2026,Shanghai,2026-06-10,clean,2026-06-08 04:30:00+00:00,>24h,11,11,9,False,1.4365,0.4365000000000001,122.984,44.572,0.88,0.148,115.577,False,0.33299999999999996,2.5399999999999996
highest-temperature-in-hong-kong-on-june-5-2026,Hong Kong,2026-06-05,clean,2026-06-05 02:05:00+00:00,6-24h,11,7,7,False,0.565,-0.43500000000000005,45714.267,0.561,0.06999999999999995,0.006999999999999999,45714.22,True,0.515,0.615
highest-temperature-in-hong-kong-on-june-5-2026,Hong Kong,2026-06-05,clean,2026-06-05 01:55:00+00:00,6-24h,11,7,7,False,0.566,-0.43400000000000005,45114.267,2.826,0.040000000000000036,0.009,45112.736,True,0.5269999999999999,0.605
highest-temperature-in-hong-kong-on-june-5-2026,Hong Kong,2026-06-05,clean,2026-06-05 05:09:00+00:00,6-24h,11,7,7,False,0.5665,-0.4335,56754.267,3780.92,0.08700000000000001,0.0010000000000000009,56754.252,True,0.49,0.643
highest-temperature-in-hong-kong-on-june-5-2026,Hong Kong,2026-06-05,clean,2026-06-05 03:14:00+00:00,6-24h,11,7,7,False,0.5675,-0.4325,49854.267,0.796,0.06,0.008,49854.246,True,0.514,0.621
highest-temperature-in-hong-kong-on-june-5-2026,Hong Kong,2026-06-05,clean,2026-06-05 05:22:00+00:00,6-24h,11,7,7,False,0.5685,-0.4315,57534.267,4560.92,0.020000000000000018,0.001,57534.231,True,0.546,0.591
highest-temperature-in-hong-kong-on-june-5-2026,Hong Kong,2026-06-05,clean,2026-06-05 03:13:00+00:00,6-24h,11,7,7,False,0.5685,-0.4315,49794.267,0.511,0.04999999999999999,0.008,49794.156,True,0.522,0.615
highest-temperature-in-hong-kong-on-june-5-2026,Hong Kong,2026-06-05,clean,2026-06-05 04:12:00+00:00,6-24h,11,7,7,False,0.5695,-0.4305,53334.267,360.92,0.028,0.002,53333.864,True,0.536,0.603
highest-temperature-in-hong-kong-on-june-5-2026,Hong Kong,2026-06-05,clean,2026-06-05 01:34:00+00:00,6-24h,11,7,7,False,0.5705,-0.4295,43854.267,39.209,0.030000000000000027,0.004,43853.629,True,0.5369999999999999,0.604
highest-temperature-in-hong-kong-on-june-5-2026,Hong Kong,2026-06-05,clean,2026-06-05 01:33:00+00:00,6-24h,11,7,7,False,0.5705,-0.4295,43794.267,35.495,0.030000000000000027,0.004,43794.209,True,0.5369999999999999,0.604
highest-temperature-in-hong-kong-on-june-5-2026,Hong Kong,2026-06-05,clean,2026-06-05 03:19:00+00:00,6-24h,11,7,7,False,0.5705,-0.4295,50154.267,0.805,0.07,0.003999999999999999,50154.183,True,0.483,0.658
highest-temperature-in-hong-kong-on-june-5-2026,Hong Kong,2026-06-05,clean,2026-06-04 00:10:00+00:00,>24h,11,7,4,False,0.572,-0.42800000000000005,15.132,0.38749999999999996,0.010000000000000009,0.010000000000000009,14.847,True,0.5539999999999999,0.59
highest-temperature-in-hong-kong-on-june-5-2026,Hong Kong,2026-06-05,clean,2026-06-05 05:24:00+00:00,6-24h,11,7,7,False,0.5725,-0.4275,57654.267,4680.92,0.030000000000000027,0.001,57652.207,True,0.545,0.6000000000000001
highest-temperature-in-hong-kong-on-june-5-2026,Hong Kong,2026-06-05,clean,2026-06-05 04:58:00+00:00,6-24h,11,7,7,False,0.5735,-0.4265,56094.267,3120.92,0.030000000000000027,0.002,56092.696,True,0.528,0.6190000000000001
highest-temperature-in-hong-kong-on-june-5-2026,Hong Kong,2026-06-05,clean,2026-06-05 04:10:00+00:00,6-24h,11,7,7,False,0.5745,-0.4255,53214.267,240.92,0.013999999999999999,0.002,53212.218,True,0.555,0.594
highest-temperature-in-hong-kong-on-june-5-2026,Hong Kong,2026-06-05,clean,2026-06-05 03:08:00+00:00,6-24h,11,7,7,False,0.5745,-0.4255,49494.267,0.398,0.044,0.008,49494.224,True,0.514,0.635
highest-temperature-in-hong-kong-on-june-5-2026,Hong Kong,2026-06-05,clean,2026-06-05 05:10:00+00:00,6-24h,11,7,7,False,0.5754999999999999,-0.4245000000000001,56814.267,3840.92,0.063,0.0010000000000000009,56814.237,True,0.5109999999999999,0.64
highest-temperature-in-hong-kong-on-june-5-2026,Hong Kong,2026-06-05,clean,2026-06-05 01:32:00+00:00,6-24h,11,7,7,False,0.5755,-0.4245,43734.267,2.494,0.030000000000000027,0.004,43734.164,True,0.5369999999999999,0.614
highest-temperature-in-hong-kong-on-june-5-2026,Hong Kong,2026-06-05,clean,2026-06-05 02:01:00+00:00,6-24h,11,7,7,False,0.576,-0.42400000000000004,45474.267,2.81,0.08999999999999997,0.008,45474.216,True,0.507,0.6449999999999999
highest-temperature-in-hong-kong-on-june-5-2026,Hong Kong,2026-06-05,clean,2026-06-05 05:23:00+00:00,6-24h,11,7,7,False,0.5775,-0.4225,57594.267,4620.92,0.06000000000000005,0.001,57594.265,True,0.535,0.6200000000000001
highest-temperature-in-hong-kong-on-june-5-2026,Hong Kong,2026-06-05,clean,2026-06-05 04:46:00+00:00,6-24h,11,7,7,False,0.579,-0.42100000000000004,55374.267,2400.92,0.036,0.002,55374.234,True,0.541,0.617
highest-temperature-in-hong-kong-on-june-5-2026,Hong Kong,2026-06-05,clean,2026-06-05 05:12:00+00:00,6-24h,11,7,7,False,0.58,-0.42000000000000004,56934.267,3960.92,0.02099999999999999,0.002,56934.266,True,0.5609999999999999,0.599
highest-temperature-in-hong-kong-on-june-5-2026,Hong Kong,2026-06-05,clean,2026-06-05 01:53:00+00:00,6-24h,11,7,7,False,0.5805,-0.4195,44994.267,0.539,0.030000000000000027,0.007999999999999993,44994.237,True,0.5449999999999999,0.616
highest-temperature-in-manila-on-june-11-2026,Manila,2026-06-11,degraded,2026-06-09 04:43:00+00:00,>24h,11,11,11,True,1.4189999999999998,0.4189999999999998,93.302,5.925,0.39,0.15,88.284,False,0.6120000000000001,2.226
highest-temperature-in-hong-kong-on-june-5-2026,Hong Kong,2026-06-05,clean,2026-06-05 05:13:00+00:00,6-24h,11,7,7,False,0.5814999999999999,-0.4185000000000001,56994.267,4020.92,0.016,0.002,56992.945,True,0.563,0.6
highest-temperature-in-hong-kong-on-june-5-2026,Hong Kong,2026-06-05,clean,2026-06-05 04:35:00+00:00,6-24h,11,7,7,False,0.5815,-0.4185,54714.267,1740.92,0.03999999999999998,0.001,54713.749,True,0.549,0.6140000000000001
highest-temperature-in-hong-kong-on-june-5-2026,Hong Kong,2026-06-05,clean,2026-06-05 04:56:00+00:00,6-24h,11,7,7,False,0.5815,-0.4185,55974.267,3000.92,0.046,0.002,55968.976,True,0.528,0.635
highest-temperature-in-hong-kong-on-june-5-2026,Hong Kong,2026-06-05,clean,2026-06-04 00:07:00+00:00,>24h,11,7,4,False,0.582,-0.41800000000000004,12.779,6.6965,0.05,0.03,12.196,True,0.524,0.64
highest-temperature-in-hong-kong-on-june-5-2026,Hong Kong,2026-06-05,clean,2026-06-04 00:06:00+00:00,>24h,11,7,4,False,0.582,-0.41800000000000004,1.902,1.89,0.05,0.03,0.624,True,0.524,0.64
highest-temperature-in-hong-kong-on-june-5-2026,Hong Kong,2026-06-05,clean,2026-06-04 00:08:00+00:00,>24h,11,7,4,False,0.582,-0.41800000000000004,14.731,0.045,0.05,0.03,14.686,True,0.524,0.64
highest-temperature-in-hong-kong-on-june-5-2026,Hong Kong,2026-06-05,clean,2026-06-04 00:09:00+00:00,>24h,11,7,4,False,0.582,-0.41800000000000004,14.821,1.3415,0.05,0.03,13.561,True,0.524,0.64
highest-temperature-in-hong-kong-on-june-5-2026,Hong Kong,2026-06-05,clean,2026-06-05 05:25:00+00:00,6-24h,11,7,7,False,0.5820000000000001,-0.4179999999999999,57714.267,4740.92,0.018000000000000002,0.001,57713.747,True,0.5650000000000001,0.599
highest-temperature-in-hong-kong-on-june-5-2026,Hong Kong,2026-06-05,clean,2026-06-05 05:26:00+00:00,6-24h,11,7,7,False,0.5820000000000001,-0.4179999999999999,57774.267,4800.92,0.018000000000000002,0.001,57773.88,True,0.5650000000000001,0.599
highest-temperature-in-hong-kong-on-june-5-2026,Hong Kong,2026-06-05,clean,2026-06-05 03:46:00+00:00,6-24h,11,7,7,False,0.584,-0.41600000000000004,51774.267,0.669,0.07999999999999996,0.007,51774.138,True,0.519,0.649
highest-temperature-in-hong-kong-on-june-5-2026,Hong Kong,2026-06-05,clean,2026-06-05 04:41:00+00:00,6-24h,11,7,7,False,0.584,-0.41600000000000004,55074.267,2100.92,0.07,0.002,55073.386,True,0.52,0.648
highest-temperature-in-hong-kong-on-june-5-2026,Hong Kong,2026-06-05,clean,2026-06-05 01:38:00+00:00,6-24h,11,7,7,False,0.5845,-0.4155,44094.267,5.731,0.03,0.002,44094.253,True,0.5489999999999999,0.62
highest-temperature-in-hong-kong-on-june-5-2026,Hong Kong,2026-06-05,clean,2026-06-05 04:11:00+00:00,6-24h,11,7,7,False,0.5845,-0.4155,53274.267,300.92,0.028,0.002,53274.2,True,0.556,0.613
highest-temperature-in-hong-kong-on-june-5-2026,Hong Kong,2026-06-05,clean,2026-06-05 03:12:00+00:00,6-24h,11,7,7,False,0.5845,-0.4155,49734.267,2.389,0.040000000000000036,0.008,49734.265,True,0.5419999999999999,0.627
highest-temperature-in-hong-kong-on-june-5-2026,Hong Kong,2026-06-05,clean,2026-06-05 04:57:00+00:00,6-24h,11,7,7,False,0.5855,-0.4145,56034.267,3060.92,0.044,0.002,56034.146,True,0.528,0.643
highest-temperature-in-hong-kong-on-june-5-2026,Hong Kong,2026-06-05,clean,2026-06-05 04:20:00+00:00,6-24h,11,7,7,False,0.5860000000000001,-0.4139999999999999,53814.267,840.92,0.019999999999999962,0.002,53814.223,True,0.5640000000000001,0.608
highest-temperature-in-hong-kong-on-june-5-2026,Hong Kong,2026-06-05,clean,2026-06-05 03:06:00+00:00,6-24h,11,7,7,False,0.5865,-0.4135,49374.267,3.391,0.02800000000000001,0.005,49374.256,True,0.5579999999999999,0.615
highest-temperature-in-hong-kong-on-june-5-2026,Hong Kong,2026-06-05,clean,2026-06-04 00:11:00+00:00,>24h,11,7,4,False,0.587,-0.41300000000000003,4.534,1.2,0.026000000000000002,0.015000000000000013,4.509,True,0.5539999999999999,0.62
highest-temperature-in-hong-kong-on-june-5-2026,Hong Kong,2026-06-05,clean,2026-06-05 03:07:00+00:00,6-24h,11,7,7,False,0.5875,-0.4125,49434.267,3.353,0.054000000000000006,0.012,49432.755,True,0.51,0.665
highest-temperature-in-hong-kong-on-june-5-2026,Hong Kong,2026-06-05,clean,2026-06-05 01:35:00+00:00,6-24h,11,7,7,False,0.5875,-0.4125,43914.267,0.359,0.040000000000000036,0.008000000000000007,43914.134,True,0.5379999999999999,0.637
highest-temperature-in-hong-kong-on-june-5-2026,Hong Kong,2026-06-05,clean,2026-06-05 03:05:00+00:00,6-24h,11,7,7,False,0.5885,-0.4115,49314.267,9.59,0.02800000000000001,0.005,49312.244,True,0.5619999999999999,0.615
highest-temperature-in-hong-kong-on-june-5-2026,Hong Kong,2026-06-05,clean,2026-06-05 03:20:00+00:00,6-24h,11,7,7,False,0.5890000000000001,-0.4109999999999999,50214.267,2.295,0.07,0.004999999999999999,50214.156,True,0.51,0.668
highest-temperature-in-hong-kong-on-june-5-2026,Hong Kong,2026-06-05,clean,2026-06-05 03:10:00+00:00,6-24h,11,7,7,False,0.5900000000000001,-0.4099999999999999,49614.267,0.277,0.06,0.008,49614.231,True,0.521,0.659
highest-temperature-in-hong-kong-on-june-5-2026,Hong Kong,2026-06-05,clean,2026-06-05 01:18:00+00:00,6-24h,11,7,7,False,0.5905,-0.4095,42894.267,5.923,0.020000000000000018,0.004,42894.209,True,0.567,0.614
highest-temperature-in-hong-kong-on-june-5-2026,Hong Kong,2026-06-05,clean,2026-06-05 04:55:00+00:00,6-24h,11,7,7,False,0.5915,-0.4085,55914.267,2940.92,0.050000000000000044,0.002,55914.244,True,0.528,0.655
highest-temperature-in-hong-kong-on-june-5-2026,Hong Kong,2026-06-05,clean,2026-06-04 00:12:00+00:00,>24h,11,7,5,False,0.5915,-0.4085,2.956,1.627,0.026000000000000002,0.010000000000000009,2.588,True,0.5549999999999999,0.628
highest-temperature-in-hong-kong-on-june-5-2026,Hong Kong,2026-06-05,clean,2026-06-05 01:39:00+00:00,6-24h,11,7,7,False,0.592,-0.40800000000000003,44154.267,11.005,0.030000000000000027,0.0020000000000000018,44149.533,True,0.5589999999999999,0.625
highest-temperature-in-wuhan-on-june-10-2026,Wuhan,2026-06-10,clean,2026-06-08 04:38:00+00:00,>24h,11,10,9,False,1.4074999999999998,0.40749999999999975,28.224,8.645,0.69,0.159,24.459,True,0.235,2.58
highest-temperature-in-hong-kong-on-june-5-2026,Hong Kong,2026-06-05,clean,2026-06-05 01:16:00+00:00,6-24h,11,7,7,False,0.594,-0.406,42774.267,0.989,0.020000000000000018,0.004,42774.047,True,0.566,0.622
highest-temperature-in-hong-kong-on-june-5-2026,Hong Kong,2026-06-05,clean,2026-06-04 00:13:00+00:00,>24h,11,7,5,False,0.5945,-0.40549999999999997,10.158,1.456,0.020000000000000018,0.010000000000000009,9.725,True,0.5619999999999999,0.627
highest-temperature-in-hong-kong-on-june-5-2026,Hong Kong,2026-06-05,clean,2026-06-04 00:14:00+00:00,>24h,11,7,5,False,0.5945,-0.40549999999999997,2.016,0.719,0.020000000000000018,0.010000000000000009,1.9300000000000002,True,0.5619999999999999,0.627
highest-temperature-in-hong-kong-on-june-5-2026,Hong Kong,2026-06-05,clean,2026-06-04 00:15:00+00:00,>24h,11,7,5,False,0.5945,-0.40549999999999997,12.766,1.795,0.020000000000000018,0.010000000000000009,11.202,True,0.5619999999999999,0.627
highest-temperature-in-hong-kong-on-june-5-2026,Hong Kong,2026-06-05,clean,2026-06-05 01:17:00+00:00,6-24h,11,7,7,False,0.595,-0.405,42834.267,1.001,0.020000000000000018,0.004,42833.292,True,0.566,0.624
highest-temperature-in-hong-kong-on-june-5-2026,Hong Kong,2026-06-05,clean,2026-06-05 04:45:00+00:00,6-24h,11,7,7,False,0.595,-0.405,55314.267,2340.92,0.040000000000000036,0.002,55314.256,True,0.554,0.636
highest-temperature-in-hong-kong-on-june-5-2026,Hong Kong,2026-06-05,clean,2026-06-05 02:15:00+00:00,6-24h,11,7,7,False,0.595,-0.405,46314.267,14.136,0.03999999999999998,0.009000000000000001,46314.206,True,0.5469999999999999,0.643
highest-temperature-in-hong-kong-on-june-5-2026,Hong Kong,2026-06-05,clean,2026-06-05 01:54:00+00:00,6-24h,11,7,7,False,0.5954999999999999,-0.4045000000000001,45054.267,1.083,0.06,0.007999999999999993,45054.165,True,0.5449999999999999,0.646
highest-temperature-in-hong-kong-on-june-5-2026,Hong Kong,2026-06-05,clean,2026-06-05 01:37:00+00:00,6-24h,11,7,7,False,0.5955,-0.40449999999999997,44034.267,1.586,0.030000000000000027,0.0020000000000000018,44034.258,True,0.5589999999999999,0.632
highest-temperature-in-hong-kong-on-june-5-2026,Hong Kong,2026-06-05,clean,2026-06-05 01:36:00+00:00,6-24h,11,7,7,False,0.5955,-0.40449999999999997,43974.267,2.205,0.030000000000000027,0.0020000000000000018,43973.035,True,0.5589999999999999,0.632
highest-temperature-in-hong-kong-on-june-5-2026,Hong Kong,2026-06-05,clean,2026-06-05 04:42:00+00:00,6-24h,11,7,7,False,0.596,-0.404,55134.267,2160.92,0.07,0.002,55133.904,True,0.519,0.673
highest-temperature-in-hong-kong-on-june-5-2026,Hong Kong,2026-06-05,clean,2026-06-05 04:09:00+00:00,6-24h,11,7,7,False,0.5964999999999999,-0.4035000000000001,53154.267,180.92,0.02999999999999997,0.002,53154.232,True,0.5690000000000001,0.624
highest-temperature-in-hong-kong-on-june-5-2026,Hong Kong,2026-06-05,clean,2026-06-05 03:03:00+00:00,6-24h,11,7,7,False,0.598,-0.402,49194.267,0.285,0.02999999999999997,0.005,49194.238,True,0.5609999999999999,0.6349999999999999
highest-temperature-in-hong-kong-on-june-5-2026,Hong Kong,2026-06-05,clean,2026-06-05 03:02:00+00:00,6-24h,11,7,7,False,0.598,-0.402,49134.267,1.093,0.02999999999999997,0.005,49134.183,True,0.5609999999999999,0.6349999999999999
highest-temperature-in-hong-kong-on-june-5-2026,Hong Kong,2026-06-05,clean,2026-06-04 00:17:00+00:00,>24h,11,7,6,False,0.598,-0.402,20.645,11.332,0.020000000000000018,0.010000000000000009,17.359,True,0.564,0.632
highest-temperature-in-hong-kong-on-june-5-2026,Hong Kong,2026-06-05,clean,2026-06-04 00:18:00+00:00,>24h,11,7,6,False,0.598,-0.402,12.118,2.092,0.020000000000000018,0.010000000000000009,11.017,True,0.564,0.632
highest-temperature-in-hong-kong-on-june-5-2026,Hong Kong,2026-06-05,clean,2026-06-05 01:50:00+00:00,6-24h,11,7,7,False,0.598,-0.402,44814.267,0.151,0.07,0.00399999999999999,44814.243,True,0.5399999999999999,0.6559999999999999
highest-temperature-in-hong-kong-on-june-5-2026,Hong Kong,2026-06-05,clean,2026-06-04 00:16:00+00:00,>24h,11,7,6,False,0.598,-0.402,12.238,0.5295000000000001,0.020000000000000018,0.010000000000000009,11.835,True,0.564,0.632
highest-temperature-in-hong-kong-on-june-5-2026,Hong Kong,2026-06-05,clean,2026-06-05 03:11:00+00:00,6-24h,11,7,7,False,0.598,-0.402,49674.267,6.033,0.050000000000000044,0.008,49672.205,True,0.5409999999999999,0.655
highest-temperature-in-hong-kong-on-june-5-2026,Hong Kong,2026-06-05,clean,2026-06-05 02:20:00+00:00,6-24h,11,7,7,False,0.599,-0.401,46614.267,7.083,0.02999999999999997,0.006999999999999999,46611.193,True,0.5589999999999999,0.6389999999999999
highest-temperature-in-hong-kong-on-june-5-2026,Hong Kong,2026-06-05,clean,2026-06-05 02:22:00+00:00,6-24h,11,7,7,False,0.599,-0.401,46734.267,1.5,0.02999999999999997,0.006999999999999999,46732.994,True,0.5589999999999999,0.6389999999999999
highest-temperature-in-hong-kong-on-june-5-2026,Hong Kong,2026-06-05,clean,2026-06-05 02:21:00+00:00,6-24h,11,7,7,False,0.5994999999999999,-0.4005000000000001,46674.267,0.878,0.03,0.006999999999999999,46674.178,True,0.5589999999999999,0.6399999999999999
highest-temperature-in-hong-kong-on-june-5-2026,Hong Kong,2026-06-05,clean,2026-06-05 04:40:00+00:00,6-24h,11,7,7,False,0.5995,-0.40049999999999997,55014.267,2040.92,0.08000000000000002,0.002,55014.145,True,0.516,0.683
highest-temperature-in-hong-kong-on-june-5-2026,Hong Kong,2026-06-05,clean,2026-06-05 02:16:00+00:00,6-24h,11,7,7,False,0.5995,-0.40049999999999997,46374.267,2.277,0.020000000000000018,0.0020000000000000018,46374.184,True,0.576,0.623
highest-temperature-in-seoul-on-june-9-2026,Seoul,2026-06-09,clean,2026-06-07 04:27:00+00:00,>24h,11,10,5,False,1.4,0.3999999999999999,119.668,67.581,0.98,0.38,98.309,True,0.23000000000000004,2.5700000000000003
highest-temperature-in-hong-kong-on-june-5-2026,Hong Kong,2026-06-05,clean,2026-06-05 02:23:00+00:00,6-24h,11,7,7,False,0.6004999999999999,-0.3995000000000001,46794.267,1.074,0.03,0.006999999999999999,46794.203,True,0.5599999999999999,0.6409999999999999
highest-temperature-in-hong-kong-on-june-5-2026,Hong Kong,2026-06-05,clean,2026-06-05 02:17:00+00:00,6-24h,11,7,7,False,0.6004999999999999,-0.3995000000000001,46434.267,0.431,0.03,0.006999999999999999,46434.174,True,0.5589999999999999,0.6419999999999999
highest-temperature-in-hong-kong-on-june-5-2026,Hong Kong,2026-06-05,clean,2026-06-05 01:30:00+00:00,6-24h,11,7,7,False,0.6005,-0.39949999999999997,43614.267,4.866,0.03999999999999998,0.004,43609.856,True,0.567,0.634
highest-temperature-in-qingdao-on-june-10-2026,Qingdao,2026-06-10,clean,2026-06-08 05:09:00+00:00,>24h,11,10,10,False,1.3995,0.39949999999999997,4.86,4.3795,0.529,0.185,1.764,True,0.452,2.347
highest-temperature-in-qingdao-on-june-10-2026,Qingdao,2026-06-10,clean,2026-06-08 05:10:00+00:00,>24h,11,10,10,False,1.3995,0.39949999999999997,41.869,39.31,0.519,0.18,2.6790000000000003,True,0.462,2.337
highest-temperature-in-qingdao-on-june-10-2026,Qingdao,2026-06-10,clean,2026-06-08 05:12:00+00:00,>24h,11,10,10,False,1.3995,0.39949999999999997,159.319,71.113,0.519,0.18,159.234,True,0.462,2.337
highest-temperature-in-qingdao-on-june-10-2026,Qingdao,2026-06-10,clean,2026-06-08 05:11:00+00:00,>24h,11,10,10,False,1.3995,0.39949999999999997,101.869,99.303,0.519,0.18,76.796,True,0.462,2.337
highest-temperature-in-hong-kong-on-june-5-2026,Hong Kong,2026-06-05,clean,2026-06-05 04:54:00+00:00,6-24h,11,7,7,False,0.6015,-0.39849999999999997,55854.267,2880.92,0.050000000000000044,0.002,55853.258,True,0.538,0.665
highest-temperature-in-hong-kong-on-june-5-2026,Hong Kong,2026-06-05,clean,2026-06-05 05:08:00+00:00,6-24h,11,7,7,False,0.6020000000000001,-0.3979999999999999,56694.267,3720.92,0.08000000000000002,0.002,56694.068,True,0.518,0.686
highest-temperature-in-hong-kong-on-june-5-2026,Hong Kong,2026-06-05,clean,2026-06-05 03:37:00+00:00,6-24h,11,7,7,False,0.6025,-0.39749999999999996,51234.267,0.093,0.028999999999999998,0.003,51234.262,True,0.57,0.6349999999999999
highest-temperature-in-hong-kong-on-june-5-2026,Hong Kong,2026-06-05,clean,2026-06-05 03:38:00+00:00,6-24h,11,7,7,False,0.603,-0.397,51294.267,0.142,0.022999999999999993,0.0020000000000000018,51294.221,True,0.577,0.629
highest-temperature-in-hong-kong-on-june-5-2026,Hong Kong,2026-06-05,clean,2026-06-05 03:36:00+00:00,6-24h,11,7,7,False,0.6034999999999999,-0.3965000000000001,51174.267,8.388,0.03,0.003,51173.848,True,0.5619999999999999,0.6449999999999999
highest-temperature-in-hong-kong-on-june-5-2026,Hong Kong,2026-06-05,clean,2026-06-05 02:58:00+00:00,6-24h,11,7,7,False,0.6034999999999999,-0.3965000000000001,48894.267,10.665,0.02999999999999997,0.007,48894.261,True,0.57,0.6369999999999999
highest-temperature-in-hong-kong-on-june-5-2026,Hong Kong,2026-06-05,clean,2026-06-05 03:00:00+00:00,6-24h,11,7,7,False,0.6034999999999999,-0.3965000000000001,49014.267,1.238,0.02999999999999997,0.007,49014.128,True,0.57,0.6369999999999999
highest-temperature-in-hong-kong-on-june-5-2026,Hong Kong,2026-06-05,clean,2026-06-05 03:04:00+00:00,6-24h,11,7,7,False,0.6034999999999999,-0.3965000000000001,49254.267,0.224,0.06,0.005,49254.229,True,0.5519999999999999,0.655
highest-temperature-in-hong-kong-on-june-5-2026,Hong Kong,2026-06-05,clean,2026-06-05 02:59:00+00:00,6-24h,11,7,7,False,0.6034999999999999,-0.3965000000000001,48954.267,4.652,0.02999999999999997,0.007,48953.714,True,0.57,0.6369999999999999
highest-temperature-in-hong-kong-on-june-5-2026,Hong Kong,2026-06-05,clean,2026-06-05 03:40:00+00:00,6-24h,11,7,7,False,0.6035,-0.39649999999999996,51414.267,25.545,0.02099999999999999,0.002,51414.184,True,0.579,0.628
highest-temperature-in-hong-kong-on-june-5-2026,Hong Kong,2026-06-05,clean,2026-06-05 00:26:00+00:00,6-24h,11,7,7,False,0.6035,-0.39649999999999996,39774.267,18.719,0.020000000000000004,0.008,39761.885,True,0.5750000000000001,0.632
highest-temperature-in-hong-kong-on-june-5-2026,Hong Kong,2026-06-05,clean,2026-06-05 03:39:00+00:00,6-24h,11,7,7,False,0.6035,-0.39649999999999996,51354.267,4.307,0.02099999999999999,0.002,51353.754,True,0.579,0.628
highest-temperature-in-hong-kong-on-june-5-2026,Hong Kong,2026-06-05,clean,2026-06-05 03:15:00+00:00,6-24h,11,7,7,False,0.6035,-0.39649999999999996,49914.267,0.044,0.012000000000000004,0.008,49914.256,True,0.582,0.625
highest-temperature-in-hong-kong-on-june-5-2026,Hong Kong,2026-06-05,clean,2026-06-05 01:49:00+00:00,6-24h,11,7,7,False,0.6039999999999999,-0.39600000000000013,44754.267,0.176,0.06,0.0059999999999999915,44754.248,True,0.5499999999999999,0.6579999999999999
highest-temperature-in-hong-kong-on-june-5-2026,Hong Kong,2026-06-05,clean,2026-06-05 02:19:00+00:00,6-24h,11,7,7,False,0.604,-0.396,46554.267,0.538,0.03999999999999998,0.006999999999999999,46553.917,True,0.5589999999999999,0.6489999999999999
highest-temperature-in-hong-kong-on-june-5-2026,Hong Kong,2026-06-05,clean,2026-06-04 00:19:00+00:00,>24h,11,7,6,False,0.604,-0.396,2.052,0.761,0.018000000000000002,0.010000000000000009,1.385,True,0.576,0.632
highest-temperature-in-hong-kong-on-june-5-2026,Hong Kong,2026-06-05,clean,2026-06-05 04:31:00+00:00,6-24h,11,7,7,False,0.6040000000000001,-0.3959999999999999,54474.267,1500.92,0.012000000000000004,0.001,54473.861,True,0.5900000000000001,0.6180000000000001
highest-temperature-in-hong-kong-on-june-5-2026,Hong Kong,2026-06-05,clean,2026-06-05 05:11:00+00:00,6-24h,11,7,7,False,0.6044999999999999,-0.3955000000000001,56874.267,3900.92,0.032,0.002,56874.163,True,0.562,0.647
highest-temperature-in-hong-kong-on-june-5-2026,Hong Kong,2026-06-05,clean,2026-06-05 03:09:00+00:00,6-24h,11,7,7,False,0.6045,-0.39549999999999996,49554.267,3.073,0.08999999999999997,0.008,49554.237,True,0.514,0.695
highest-temperature-in-hong-kong-on-june-5-2026,Hong Kong,2026-06-05,clean,2026-06-04 00:21:00+00:00,>24h,11,7,6,False,0.6045,-0.39549999999999996,34.62,2.762,0.017,0.010000000000000009,34.088,True,0.577,0.632
highest-temperature-in-hong-kong-on-june-5-2026,Hong Kong,2026-06-05,clean,2026-06-05 03:43:00+00:00,6-24h,11,7,7,False,0.6045,-0.39549999999999996,51594.267,0.922,0.03900000000000001,0.007,51594.219,True,0.556,0.6529999999999999
highest-temperature-in-hong-kong-on-june-5-2026,Hong Kong,2026-06-05,clean,2026-06-04 00:22:00+00:00,>24h,11,7,6,False,0.6045,-0.39549999999999996,6.818,4.6434999999999995,0.017,0.010000000000000009,4.413,True,0.577,0.632
highest-temperature-in-hong-kong-on-june-5-2026,Hong Kong,2026-06-05,clean,2026-06-04 00:26:00+00:00,>24h,11,7,6,False,0.6045,-0.39549999999999996,6.173,0.322,0.017,0.010000000000000009,6.124,True,0.577,0.632
highest-temperature-in-hong-kong-on-june-5-2026,Hong Kong,2026-06-05,clean,2026-06-04 00:25:00+00:00,>24h,11,7,6,False,0.6045,-0.39549999999999996,10.309,8.1455,0.017,0.010000000000000009,8.006,True,0.577,0.632
highest-temperature-in-hong-kong-on-june-5-2026,Hong Kong,2026-06-05,clean,2026-06-04 00:24:00+00:00,>24h,11,7,6,False,0.6045,-0.39549999999999996,38.199,2.224,0.017,0.010000000000000009,37.085,True,0.577,0.632
highest-temperature-in-hong-kong-on-june-5-2026,Hong Kong,2026-06-05,clean,2026-06-04 00:27:00+00:00,>24h,11,7,6,False,0.6045,-0.39549999999999996,1.195,1.0785,0.017,0.010000000000000009,0.793,True,0.577,0.632
highest-temperature-in-hong-kong-on-june-5-2026,Hong Kong,2026-06-05,clean,2026-06-04 00:20:00+00:00,>24h,11,7,6,False,0.6045,-0.39549999999999996,1.951,0.8205,0.017,0.010000000000000009,1.461,True,0.577,0.632
highest-temperature-in-hong-kong-on-june-5-2026,Hong Kong,2026-06-05,clean,2026-06-04 00:23:00+00:00,>24h,11,7,6,False,0.6045,-0.39549999999999996,36.225,3.3415,0.017,0.010000000000000009,36.146,True,0.577,0.632
highest-temperature-in-hong-kong-on-june-5-2026,Hong Kong,2026-06-05,clean,2026-06-04 00:29:00+00:00,>24h,11,7,6,False,0.6045,-0.39549999999999996,12.495,9.177,0.017,0.010000000000000009,9.924,True,0.577,0.632
highest-temperature-in-hong-kong-on-june-5-2026,Hong Kong,2026-06-05,clean,2026-06-04 00:28:00+00:00,>24h,11,7,6,False,0.6045,-0.39549999999999996,4.327,2.4085,0.017,0.010000000000000009,3.714,True,0.577,0.632
highest-temperature-in-hong-kong-on-june-5-2026,Hong Kong,2026-06-05,clean,2026-06-05 00:25:00+00:00,6-24h,11,7,7,False,0.605,-0.395,39714.267,6.356,0.020000000000000004,0.006,39710.077,True,0.5780000000000001,0.632
highest-temperature-in-hong-kong-on-june-5-2026,Hong Kong,2026-06-05,clean,2026-06-05 02:28:00+00:00,6-24h,11,7,7,False,0.605,-0.395,47094.267,0.929,0.02999999999999997,0.006999999999999999,47094.205,True,0.568,0.6419999999999999
highest-temperature-in-hong-kong-on-june-5-2026,Hong Kong,2026-06-05,clean,2026-06-04 00:30:00+00:00,>24h,11,7,6,False,0.605,-0.395,12.362,1.9205,0.017,0.010000000000000009,12.327,True,0.58,0.63
highest-temperature-in-hong-kong-on-june-5-2026,Hong Kong,2026-06-05,clean,2026-06-04 00:32:00+00:00,>24h,11,7,6,False,0.605,-0.395,9.07,2.7925,0.017,0.010000000000000009,7.401,True,0.58,0.63
highest-temperature-in-hong-kong-on-june-5-2026,Hong Kong,2026-06-05,clean,2026-06-04 00:31:00+00:00,>24h,11,7,6,False,0.605,-0.395,6.025,1.0145,0.017,0.010000000000000009,5.822,True,0.58,0.63
highest-temperature-in-hong-kong-on-june-5-2026,Hong Kong,2026-06-05,clean,2026-06-05 02:24:00+00:00,6-24h,11,7,7,False,0.605,-0.395,46854.267,0.145,0.02999999999999997,0.006999999999999999,46854.241,True,0.569,0.6409999999999999
highest-temperature-in-hong-kong-on-june-5-2026,Hong Kong,2026-06-05,clean,2026-06-05 02:18:00+00:00,6-24h,11,7,7,False,0.6054999999999999,-0.3945000000000001,46494.267,0.163,0.03999999999999998,0.006999999999999999,46494.208,True,0.5589999999999999,0.6519999999999999
highest-temperature-in-hong-kong-on-june-5-2026,Hong Kong,2026-06-05,clean,2026-06-05 01:31:00+00:00,6-24h,11,7,7,False,0.6054999999999999,-0.3945000000000001,43674.267,5.712,0.030000000000000027,0.004,43674.082,True,0.577,0.634
highest-temperature-in-hong-kong-on-june-5-2026,Hong Kong,2026-06-05,clean,2026-06-04 00:48:00+00:00,>24h,11,7,6,False,0.606,-0.394,1.872,0.12400000000000001,0.014000000000000005,0.010000000000000009,1.8639999999999999,True,0.582,0.63
highest-temperature-in-hong-kong-on-june-5-2026,Hong Kong,2026-06-05,clean,2026-06-04 00:33:00+00:00,>24h,11,7,6,False,0.606,-0.394,0.896,0.522,0.016,0.010000000000000009,0.629,True,0.582,0.63
highest-temperature-in-hong-kong-on-june-5-2026,Hong Kong,2026-06-05,clean,2026-06-05 04:34:00+00:00,6-24h,11,7,7,False,0.6064999999999999,-0.39350000000000007,54654.267,1680.92,0.08000000000000002,0.001,54651.084,True,0.559,0.6540000000000001
highest-temperature-in-hong-kong-on-june-5-2026,Hong Kong,2026-06-05,clean,2026-06-05 02:26:00+00:00,6-24h,11,7,7,False,0.6064999999999999,-0.39350000000000007,46974.267,0.1,0.02999999999999997,0.006999999999999999,46974.227,True,0.57,0.6429999999999999
highest-temperature-in-hong-kong-on-june-5-2026,Hong Kong,2026-06-05,clean,2026-06-05 02:27:00+00:00,6-24h,11,7,7,False,0.6064999999999999,-0.39350000000000007,47034.267,0.031,0.02999999999999997,0.006999999999999999,47034.261,True,0.57,0.6429999999999999
highest-temperature-in-hong-kong-on-june-5-2026,Hong Kong,2026-06-05,clean,2026-06-05 02:25:00+00:00,6-24h,11,7,7,False,0.6064999999999999,-0.39350000000000007,46914.267,0.214,0.02999999999999997,0.006999999999999999,46914.149,True,0.57,0.6429999999999999
highest-temperature-in-hong-kong-on-june-5-2026,Hong Kong,2026-06-05,clean,2026-06-04 00:42:00+00:00,>24h,11,7,6,False,0.6065,-0.39349999999999996,186.934,178.8265,0.015,0.010000000000000009,14.755,True,0.583,0.63
highest-temperature-in-hong-kong-on-june-5-2026,Hong Kong,2026-06-05,clean,2026-06-04 00:40:00+00:00,>24h,11,7,6,False,0.6065,-0.39349999999999996,66.934,58.826499999999996,0.015,0.010000000000000009,14.755,True,0.583,0.63
highest-temperature-in-hong-kong-on-june-5-2026,Hong Kong,2026-06-05,clean,2026-06-04 00:41:00+00:00,>24h,11,7,6,False,0.6065,-0.39349999999999996,126.934,118.82650000000001,0.015,0.010000000000000009,14.755,True,0.583,0.63
highest-temperature-in-hong-kong-on-june-5-2026,Hong Kong,2026-06-05,clean,2026-06-04 00:37:00+00:00,>24h,11,7,6,False,0.6065,-0.39349999999999996,20.256,2.3305,0.015,0.010000000000000009,18.26,True,0.583,0.63
highest-temperature-in-hong-kong-on-june-5-2026,Hong Kong,2026-06-05,clean,2026-06-04 00:36:00+00:00,>24h,11,7,6,False,0.6065,-0.39349999999999996,20.345,3.79,0.015,0.010000000000000009,20.17,True,0.583,0.63
highest-temperature-in-hong-kong-on-june-5-2026,Hong Kong,2026-06-05,clean,2026-06-04 01:05:00+00:00,>24h,11,7,6,False,0.6065,-0.39349999999999996,20.023,3.4595000000000002,0.013000000000000005,0.010000000000000009,20.022,True,0.583,0.63
highest-temperature-in-hong-kong-on-june-5-2026,Hong Kong,2026-06-05,clean,2026-06-04 00:38:00+00:00,>24h,11,7,6,False,0.6065,-0.39349999999999996,39.649,0.4835,0.015,0.010000000000000009,39.443,True,0.583,0.63
highest-temperature-in-hong-kong-on-june-5-2026,Hong Kong,2026-06-05,clean,2026-06-04 01:06:00+00:00,>24h,11,7,6,False,0.6065,-0.39349999999999996,19.788,2.473,0.013000000000000005,0.010000000000000009,19.645,True,0.583,0.63
highest-temperature-in-hong-kong-on-june-5-2026,Hong Kong,2026-06-05,clean,2026-06-04 00:39:00+00:00,>24h,11,7,6,False,0.6065,-0.39349999999999996,6.934,1.5790000000000002,0.015,0.010000000000000009,6.675,True,0.583,0.63
highest-temperature-in-hong-kong-on-june-5-2026,Hong Kong,2026-06-05,clean,2026-06-04 00:44:00+00:00,>24h,11,7,6,False,0.6065,-0.39349999999999996,306.934,298.8265,0.015,0.010000000000000009,14.755,True,0.583,0.63
highest-temperature-in-hong-kong-on-june-5-2026,Hong Kong,2026-06-05,clean,2026-06-05 06:09:00+00:00,1-6h,11,7,7,False,0.6065,-0.39349999999999996,60354.267,7380.92,0.030000000000000027,0.001,60354.237,True,0.575,0.638
highest-temperature-in-hong-kong-on-june-5-2026,Hong Kong,2026-06-05,clean,2026-06-04 00:43:00+00:00,>24h,11,7,6,False,0.6065,-0.39349999999999996,246.934,238.8265,0.015,0.010000000000000009,14.755,True,0.583,0.63
highest-temperature-in-hong-kong-on-june-5-2026,Hong Kong,2026-06-05,clean,2026-06-04 00:45:00+00:00,>24h,11,7,6,False,0.6065,-0.39349999999999996,10.262,7.1850000000000005,0.015,0.010000000000000009,7.944,True,0.583,0.63
highest-temperature-in-hong-kong-on-june-5-2026,Hong Kong,2026-06-05,clean,2026-06-04 00:35:00+00:00,>24h,11,7,6,False,0.6065,-0.39349999999999996,2.996,0.0535,0.015,0.010000000000000009,2.943,True,0.583,0.63
highest-temperature-in-hong-kong-on-june-5-2026,Hong Kong,2026-06-05,clean,2026-06-04 01:03:00+00:00,>24h,11,7,6,False,0.6065,-0.39349999999999996,2.85,2.0860000000000003,0.014000000000000005,0.010000000000000009,2.83,True,0.583,0.63
highest-temperature-in-hong-kong-on-june-5-2026,Hong Kong,2026-06-05,clean,2026-06-04 00:47:00+00:00,>24h,11,7,6,False,0.6065,-0.39349999999999996,3.0,2.2335000000000003,0.014000000000000005,0.010000000000000009,2.645,True,0.583,0.63
highest-temperature-in-hong-kong-on-june-5-2026,Hong Kong,2026-06-05,clean,2026-06-04 00:34:00+00:00,>24h,11,7,6,False,0.6065,-0.39349999999999996,20.187,1.5739999999999998,0.015,0.010000000000000009,19.821,True,0.583,0.63
highest-temperature-in-hong-kong-on-june-5-2026,Hong Kong,2026-06-05,clean,2026-06-04 00:57:00+00:00,>24h,11,7,6,False,0.607,-0.393,41.599,32.197,0.013000000000000005,0.010000000000000009,10.206,True,0.584,0.63
highest-temperature-in-hong-kong-on-june-5-2026,Hong Kong,2026-06-05,clean,2026-06-04 00:56:00+00:00,>24h,11,7,6,False,0.607,-0.393,22.989,1.081,0.013000000000000005,0.010000000000000009,22.65,True,0.584,0.63
highest-temperature-in-hong-kong-on-june-5-2026,Hong Kong,2026-06-05,clean,2026-06-04 00:58:00+00:00,>24h,11,7,6,False,0.607,-0.393,101.599,92.197,0.013000000000000005,0.010000000000000009,10.206,True,0.584,0.63
highest-temperature-in-hong-kong-on-june-5-2026,Hong Kong,2026-06-05,clean,2026-06-04 00:59:00+00:00,>24h,11,7,6,False,0.607,-0.393,161.599,152.197,0.013000000000000005,0.010000000000000009,10.206,True,0.584,0.63
highest-temperature-in-hong-kong-on-june-5-2026,Hong Kong,2026-06-05,clean,2026-06-05 04:47:00+00:00,6-24h,11,7,7,False,0.607,-0.393,55434.267,2460.92,0.07000000000000006,0.002,55434.22,True,0.549,0.665
highest-temperature-in-hong-kong-on-june-5-2026,Hong Kong,2026-06-05,clean,2026-06-05 03:35:00+00:00,6-24h,11,7,7,False,0.607,-0.393,51114.267,0.437,0.03,0.002,51114.265,True,0.566,0.648
highest-temperature-in-hong-kong-on-june-5-2026,Hong Kong,2026-06-05,clean,2026-06-04 00:54:00+00:00,>24h,11,7,6,False,0.607,-0.393,28.023,2.0715,0.013000000000000005,0.010000000000000009,27.94,True,0.584,0.63
highest-temperature-in-hong-kong-on-june-5-2026,Hong Kong,2026-06-05,clean,2026-06-04 00:53:00+00:00,>24h,11,7,6,False,0.607,-0.393,24.769,3.22,0.013000000000000005,0.010000000000000009,23.163,True,0.584,0.63
highest-temperature-in-hong-kong-on-june-5-2026,Hong Kong,2026-06-05,clean,2026-06-04 00:55:00+00:00,>24h,11,7,6,False,0.607,-0.393,40.269,3.2359999999999998,0.013000000000000005,0.010000000000000009,40.237,True,0.584,0.63
highest-temperature-in-hong-kong-on-june-5-2026,Hong Kong,2026-06-05,clean,2026-06-04 00:46:00+00:00,>24h,11,7,6,False,0.607,-0.393,7.721,0.5915,0.014000000000000005,0.010000000000000009,7.717,True,0.584,0.63
highest-temperature-in-hong-kong-on-june-5-2026,Hong Kong,2026-06-05,clean,2026-06-04 00:51:00+00:00,>24h,11,7,6,False,0.607,-0.393,20.426,0.27149999999999996,0.013000000000000005,0.010000000000000009,20.302,True,0.584,0.63
highest-temperature-in-hong-kong-on-june-5-2026,Hong Kong,2026-06-05,clean,2026-06-04 00:50:00+00:00,>24h,11,7,6,False,0.607,-0.393,13.909,0.892,0.013000000000000005,0.010000000000000009,13.878,True,0.584,0.63
highest-temperature-in-hong-kong-on-june-5-2026,Hong Kong,2026-06-05,clean,2026-06-04 00:49:00+00:00,>24h,11,7,6,False,0.607,-0.393,4.249,1.4905,0.013000000000000005,0.010000000000000009,4.025,True,0.584,0.63
highest-temperature-in-hong-kong-on-june-5-2026,Hong Kong,2026-06-05,clean,2026-06-04 01:01:00+00:00,>24h,11,7,6,False,0.607,-0.393,281.599,272.197,0.013000000000000005,0.010000000000000009,10.206,True,0.584,0.63
highest-temperature-in-hong-kong-on-june-5-2026,Hong Kong,2026-06-05,clean,2026-06-04 01:02:00+00:00,>24h,11,7,6,False,0.607,-0.393,45.0,4.6085,0.013000000000000005,0.010000000000000009,43.655,True,0.584,0.63
highest-temperature-in-hong-kong-on-june-5-2026,Hong Kong,2026-06-05,clean,2026-06-04 01:00:00+00:00,>24h,11,7,6,False,0.607,-0.393,221.599,212.197,0.013000000000000005,0.010000000000000009,10.206,True,0.584,0.63
highest-temperature-in-hong-kong-on-june-5-2026,Hong Kong,2026-06-05,clean,2026-06-04 01:04:00+00:00,>24h,11,7,6,False,0.607,-0.393,2.688,1.5739999999999998,0.013000000000000005,0.010000000000000009,1.8820000000000001,True,0.584,0.63
highest-temperature-in-hong-kong-on-june-5-2026,Hong Kong,2026-06-05,clean,2026-06-04 00:52:00+00:00,>24h,11,7,6,False,0.607,-0.393,17.999,0.3935,0.013000000000000005,0.010000000000000009,17.609,True,0.584,0.63
highest-temperature-in-hong-kong-on-june-5-2026,Hong Kong,2026-06-05,clean,2026-06-05 04:21:00+00:00,6-24h,11,7,7,False,0.608,-0.392,53874.267,900.92,0.031,0.002,53874.264,True,0.5780000000000001,0.638
highest-temperature-in-hong-kong-on-june-5-2026,Hong Kong,2026-06-05,clean,2026-06-05 04:22:00+00:00,6-24h,11,7,7,False,0.6085,-0.39149999999999996,53934.267,960.92,0.06000000000000005,0.002,53934.261,True,0.553,0.664
highest-temperature-in-hong-kong-on-june-5-2026,Hong Kong,2026-06-05,clean,2026-06-05 02:44:00+00:00,6-24h,11,7,7,False,0.6094999999999999,-0.39050000000000007,48054.267,5.093,0.018000000000000002,0.009999999999999998,48051.276,True,0.58,0.6389999999999999
highest-temperature-in-hong-kong-on-june-5-2026,Hong Kong,2026-06-05,clean,2026-06-05 03:23:00+00:00,6-24h,11,7,7,False,0.6095,-0.39049999999999996,50394.267,3.088,0.030000000000000027,0.012999999999999998,50394.254,True,0.5619999999999999,0.657
highest-temperature-in-hong-kong-on-june-5-2026,Hong Kong,2026-06-05,clean,2026-06-05 00:23:00+00:00,6-24h,11,7,7,False,0.61,-0.39,39594.267,18.894,0.010000000000000009,0.006,39578.903,True,0.588,0.632
highest-temperature-in-hong-kong-on-june-5-2026,Hong Kong,2026-06-05,clean,2026-06-05 01:07:00+00:00,6-24h,11,7,7,False,0.61,-0.39,42234.267,3.392,0.03899999999999999,0.003,42234.227,True,0.5559999999999999,0.664
highest-temperature-in-hong-kong-on-june-5-2026,Hong Kong,2026-06-05,clean,2026-06-05 04:30:00+00:00,6-24h,11,7,7,False,0.6100000000000001,-0.3899999999999999,54414.267,1440.92,0.020000000000000018,0.0010000000000000009,54413.353,True,0.591,0.629
highest-temperature-in-hong-kong-on-june-5-2026,Hong Kong,2026-06-05,clean,2026-06-05 01:29:00+00:00,6-24h,11,7,7,False,0.6104999999999999,-0.38950000000000007,43554.267,0.132,0.040000000000000036,0.004,43554.261,True,0.577,0.644
highest-temperature-in-hong-kong-on-june-5-2026,Hong Kong,2026-06-05,clean,2026-06-05 04:52:00+00:00,6-24h,11,7,7,False,0.6105,-0.38949999999999996,55734.267,2760.92,0.040000000000000036,0.002,55734.266,True,0.556,0.665
highest-temperature-in-hong-kong-on-june-5-2026,Hong Kong,2026-06-05,clean,2026-06-05 00:22:00+00:00,6-24h,11,7,7,False,0.6105,-0.38949999999999996,39534.267,33.637,0.010000000000000009,0.007,39531.074,True,0.588,0.633
highest-temperature-in-hong-kong-on-june-5-2026,Hong Kong,2026-06-05,clean,2026-06-04 01:07:00+00:00,>24h,11,7,6,False,0.6114999999999999,-0.38850000000000007,7.4,0.558,0.013000000000000005,0.010000000000000009,7.078,True,0.584,0.639
highest-temperature-in-hong-kong-on-june-5-2026,Hong Kong,2026-06-05,clean,2026-06-05 02:47:00+00:00,6-24h,11,7,7,False,0.6119999999999999,-0.3880000000000001,48234.267,4.021,0.018000000000000002,0.007,48232.554,True,0.588,0.636
highest-temperature-in-hong-kong-on-june-5-2026,Hong Kong,2026-06-05,clean,2026-06-05 00:39:00+00:00,6-24h,11,7,7,False,0.6125,-0.38749999999999996,40554.267,0.169,0.020000000000000018,0.005999999999999999,40554.239,True,0.576,0.649
highest-temperature-in-hong-kong-on-june-5-2026,Hong Kong,2026-06-05,clean,2026-06-04 01:10:00+00:00,>24h,11,7,6,False,0.613,-0.387,30.367,2.519,0.013000000000000005,0.010000000000000009,30.355,True,0.587,0.639
highest-temperature-in-hong-kong-on-june-5-2026,Hong Kong,2026-06-05,clean,2026-06-04 01:09:00+00:00,>24h,11,7,6,False,0.613,-0.387,10.283,4.125,0.013000000000000005,0.010000000000000009,9.962,True,0.587,0.639
highest-temperature-in-hong-kong-on-june-5-2026,Hong Kong,2026-06-05,clean,2026-06-04 01:08:00+00:00,>24h,11,7,6,False,0.613,-0.387,17.082,2.0965,0.013000000000000005,0.010000000000000009,17.063,True,0.587,0.639
highest-temperature-in-hong-kong-on-june-5-2026,Hong Kong,2026-06-05,clean,2026-06-04 01:11:00+00:00,>24h,11,7,6,False,0.613,-0.387,10.595,1.8335,0.013000000000000005,0.010000000000000009,10.292,True,0.587,0.639
highest-temperature-in-hong-kong-on-june-5-2026,Hong Kong,2026-06-05,clean,2026-06-04 01:12:00+00:00,>24h,11,7,6,False,0.613,-0.387,2.53,0.5625,0.013000000000000005,0.010000000000000009,2.344,True,0.587,0.639
highest-temperature-in-hong-kong-on-june-5-2026,Hong Kong,2026-06-05,clean,2026-06-05 03:01:00+00:00,6-24h,11,7,7,False,0.6134999999999999,-0.38650000000000007,49074.267,0.467,0.04999999999999999,0.007,49074.085,True,0.57,0.6569999999999999
highest-temperature-in-hong-kong-on-june-5-2026,Hong Kong,2026-06-05,clean,2026-06-05 02:45:00+00:00,6-24h,11,7,7,False,0.6134999999999999,-0.38650000000000007,48114.267,7.987,0.018000000000000002,0.009000000000000001,48114.03,True,0.588,0.6389999999999999
highest-temperature-in-hong-kong-on-june-5-2026,Hong Kong,2026-06-05,clean,2026-06-05 02:46:00+00:00,6-24h,11,7,7,False,0.6134999999999999,-0.38650000000000007,48174.267,0.589,0.018000000000000002,0.009000000000000001,48174.263,True,0.588,0.6389999999999999
highest-temperature-in-hong-kong-on-june-5-2026,Hong Kong,2026-06-05,clean,2026-06-05 02:50:00+00:00,6-24h,11,7,7,False,0.614,-0.386,48414.267,0.479,0.020000000000000018,0.007,48414.254,True,0.582,0.646
highest-temperature-in-hong-kong-on-june-5-2026,Hong Kong,2026-06-05,clean,2026-06-05 03:33:00+00:00,6-24h,11,7,7,False,0.614,-0.386,50994.267,7.037,0.02999999999999997,0.004999999999999999,50994.249,True,0.573,0.6549999999999999
highest-temperature-in-hong-kong-on-june-5-2026,Hong Kong,2026-06-05,clean,2026-06-05 03:32:00+00:00,6-24h,11,7,7,False,0.6144999999999999,-0.38550000000000006,50934.267,1.62,0.02999999999999997,0.004999999999999999,50934.198,True,0.573,0.656
highest-temperature-in-hong-kong-on-june-5-2026,Hong Kong,2026-06-05,clean,2026-06-05 04:27:00+00:00,6-24h,11,7,7,False,0.6145,-0.38549999999999995,54234.267,1260.92,0.029999999999999992,0.002,54234.252,True,0.5850000000000001,0.644
highest-temperature-in-hong-kong-on-june-5-2026,Hong Kong,2026-06-05,clean,2026-06-05 00:24:00+00:00,6-24h,11,7,7,False,0.615,-0.385,39654.267,6.544,0.020000000000000018,0.006,39652.903,True,0.588,0.642
highest-temperature-in-hong-kong-on-june-5-2026,Hong Kong,2026-06-05,clean,2026-06-05 03:42:00+00:00,6-24h,11,7,7,False,0.615,-0.385,51534.267,8.953,0.026000000000000002,0.002,51534.186,True,0.578,0.652
highest-temperature-in-hong-kong-on-june-5-2026,Hong Kong,2026-06-05,clean,2026-06-04 23:36:00+00:00,6-24h,11,7,7,False,0.615,-0.385,36774.267,1.742,0.020000000000000004,0.010000000000000009,36774.116,True,0.5780000000000001,0.6519999999999999
highest-temperature-in-hong-kong-on-june-5-2026,Hong Kong,2026-06-05,clean,2026-06-05 03:41:00+00:00,6-24h,11,7,7,False,0.615,-0.385,51474.267,0.311,0.026000000000000002,0.002,51474.152,True,0.578,0.652
highest-temperature-in-hong-kong-on-june-5-2026,Hong Kong,2026-06-05,clean,2026-06-05 01:47:00+00:00,6-24h,11,7,7,False,0.615,-0.385,44634.267,7.722,0.04999999999999999,0.0049999999999999906,44631.73,True,0.571,0.6589999999999999
highest-temperature-in-hong-kong-on-june-5-2026,Hong Kong,2026-06-05,clean,2026-06-05 02:43:00+00:00,6-24h,11,7,7,False,0.615,-0.385,47994.267,16.964,0.020000000000000018,0.009999999999999998,47978.361,True,0.58,0.65
highest-temperature-in-hong-kong-on-june-5-2026,Hong Kong,2026-06-05,clean,2026-06-05 04:53:00+00:00,6-24h,11,7,7,False,0.6155,-0.38449999999999995,55794.267,2820.92,0.050000000000000044,0.002,55794.256,True,0.556,0.675
highest-temperature-in-hong-kong-on-june-5-2026,Hong Kong,2026-06-05,clean,2026-06-04 23:34:00+00:00,6-24h,11,7,7,False,0.6155,-0.38449999999999995,36654.267,9.022,0.020000000000000004,0.010000000000000009,36653.295,True,0.5780000000000001,0.653
highest-temperature-in-hong-kong-on-june-5-2026,Hong Kong,2026-06-05,clean,2026-06-05 00:21:00+00:00,6-24h,11,7,7,False,0.6155,-0.38449999999999995,39474.267,14.983,0.02,0.007,39469.714,True,0.588,0.643
highest-temperature-in-hong-kong-on-june-5-2026,Hong Kong,2026-06-05,clean,2026-06-05 03:24:00+00:00,6-24h,11,7,7,False,0.6155,-0.38449999999999995,50454.267,17.531,0.026999999999999996,0.006999999999999999,50454.138,True,0.582,0.649
highest-temperature-in-hong-kong-on-june-5-2026,Hong Kong,2026-06-05,clean,2026-06-04 23:32:00+00:00,6-24h,11,7,7,False,0.6155,-0.38449999999999995,36534.267,0.061,0.020000000000000004,0.010000000000000009,36534.25,True,0.5780000000000001,0.653
highest-temperature-in-hong-kong-on-june-5-2026,Hong Kong,2026-06-05,clean,2026-06-04 23:35:00+00:00,6-24h,11,7,7,False,0.6155,-0.38449999999999995,36714.267,0.485,0.020000000000000004,0.010000000000000009,36714.148,True,0.5780000000000001,0.653
highest-temperature-in-hong-kong-on-june-5-2026,Hong Kong,2026-06-05,clean,2026-06-05 01:14:00+00:00,6-24h,11,7,7,False,0.616,-0.384,42654.267,6.122,0.04600000000000001,0.004,42653.004,True,0.568,0.664
highest-temperature-in-hong-kong-on-june-5-2026,Hong Kong,2026-06-05,clean,2026-06-05 01:13:00+00:00,6-24h,11,7,7,False,0.616,-0.384,42594.267,0.503,0.04600000000000001,0.004,42594.251,True,0.568,0.664
highest-temperature-in-hong-kong-on-june-5-2026,Hong Kong,2026-06-05,clean,2026-06-05 03:34:00+00:00,6-24h,11,7,7,False,0.616,-0.384,51054.267,1.995,0.02999999999999997,0.002,51054.254,True,0.58,0.652
highest-temperature-in-hong-kong-on-june-5-2026,Hong Kong,2026-06-05,clean,2026-06-04 23:26:00+00:00,6-24h,11,7,7,False,0.6160000000000001,-0.3839999999999999,36174.267,11.473,0.020000000000000004,0.010000000000000009,36163.087,True,0.5780000000000001,0.6539999999999999
highest-temperature-in-hong-kong-on-june-5-2026,Hong Kong,2026-06-05,clean,2026-06-04 23:29:00+00:00,6-24h,11,7,7,False,0.6160000000000001,-0.3839999999999999,36354.267,17.822,0.020000000000000004,0.010000000000000009,36341.092,True,0.5780000000000001,0.6539999999999999
highest-temperature-in-hong-kong-on-june-5-2026,Hong Kong,2026-06-05,clean,2026-06-04 23:28:00+00:00,6-24h,11,7,7,False,0.6160000000000001,-0.3839999999999999,36294.267,26.167,0.020000000000000004,0.010000000000000009,36287.22,True,0.5780000000000001,0.6539999999999999
highest-temperature-in-hong-kong-on-june-5-2026,Hong Kong,2026-06-05,clean,2026-06-04 23:27:00+00:00,6-24h,11,7,7,False,0.6160000000000001,-0.3839999999999999,36234.267,0.141,0.020000000000000004,0.010000000000000009,36234.189,True,0.5780000000000001,0.6539999999999999
highest-temperature-in-hong-kong-on-june-5-2026,Hong Kong,2026-06-05,clean,2026-06-04 23:22:00+00:00,6-24h,11,7,7,False,0.6160000000000001,-0.3839999999999999,35934.267,2.474,0.020000000000000004,0.010000000000000009,35932.944,True,0.5780000000000001,0.6539999999999999
highest-temperature-in-hong-kong-on-june-5-2026,Hong Kong,2026-06-05,clean,2026-06-04 23:24:00+00:00,6-24h,11,7,7,False,0.6160000000000001,-0.3839999999999999,36054.267,4.691,0.020000000000000004,0.010000000000000009,36050.614,True,0.5780000000000001,0.6539999999999999
highest-temperature-in-hong-kong-on-june-5-2026,Hong Kong,2026-06-05,clean,2026-06-04 23:25:00+00:00,6-24h,11,7,7,False,0.6160000000000001,-0.3839999999999999,36114.267,15.13,0.020000000000000004,0.010000000000000009,36113.897,True,0.5780000000000001,0.6539999999999999
highest-temperature-in-hong-kong-on-june-5-2026,Hong Kong,2026-06-05,clean,2026-06-04 23:31:00+00:00,6-24h,11,7,7,False,0.6160000000000001,-0.3839999999999999,36474.267,10.045,0.020000000000000004,0.010000000000000009,36472.274,True,0.5780000000000001,0.6539999999999999
highest-temperature-in-hong-kong-on-june-5-2026,Hong Kong,2026-06-05,clean,2026-06-04 23:23:00+00:00,6-24h,11,7,7,False,0.6160000000000001,-0.3839999999999999,35994.267,18.223,0.020000000000000004,0.010000000000000009,35976.955,True,0.5780000000000001,0.6539999999999999
highest-temperature-in-hong-kong-on-june-5-2026,Hong Kong,2026-06-05,clean,2026-06-04 23:30:00+00:00,6-24h,11,7,7,False,0.6160000000000001,-0.3839999999999999,36414.267,8.809,0.020000000000000004,0.010000000000000009,36411.26,True,0.5780000000000001,0.6539999999999999
highest-temperature-in-hong-kong-on-june-5-2026,Hong Kong,2026-06-05,clean,2026-06-05 04:50:00+00:00,6-24h,11,7,7,False,0.6160000000000001,-0.3839999999999999,55614.267,2640.92,0.040000000000000036,0.002,55614.261,True,0.557,0.675
highest-temperature-in-hong-kong-on-june-5-2026,Hong Kong,2026-06-05,clean,2026-06-05 03:25:00+00:00,6-24h,11,7,7,False,0.6165,-0.38349999999999995,50514.267,43.593,0.026999999999999996,0.009000000000000001,50514.225,True,0.582,0.651
highest-temperature-in-hong-kong-on-june-5-2026,Hong Kong,2026-06-05,clean,2026-06-05 03:26:00+00:00,6-24h,11,7,7,False,0.6165,-0.38349999999999995,50574.267,103.593,0.026999999999999996,0.009000000000000001,50574.229,True,0.582,0.651
highest-temperature-in-hong-kong-on-june-5-2026,Hong Kong,2026-06-05,clean,2026-06-05 02:48:00+00:00,6-24h,11,7,7,False,0.617,-0.383,48294.267,7.653,0.020000000000000018,0.007,48294.195,True,0.588,0.646
highest-temperature-in-hong-kong-on-june-5-2026,Hong Kong,2026-06-05,clean,2026-06-05 04:48:00+00:00,6-24h,11,7,7,False,0.617,-0.383,55494.267,2520.92,0.050000000000000044,0.002,55494.118,True,0.5690000000000001,0.665
highest-temperature-in-hong-kong-on-june-5-2026,Hong Kong,2026-06-05,clean,2026-06-05 02:49:00+00:00,6-24h,11,7,7,False,0.617,-0.383,48354.267,5.989,0.020000000000000018,0.007,48354.011,True,0.588,0.646
highest-temperature-in-hong-kong-on-june-5-2026,Hong Kong,2026-06-05,clean,2026-06-05 02:51:00+00:00,6-24h,11,7,7,False,0.617,-0.383,48474.267,13.913,0.020000000000000018,0.007,48473.279,True,0.588,0.646
highest-temperature-in-hong-kong-on-june-5-2026,Hong Kong,2026-06-05,clean,2026-06-05 03:21:00+00:00,6-24h,11,7,7,False,0.617,-0.383,50274.267,5.285,0.05,0.019,50270.5,True,0.5459999999999999,0.6880000000000001
highest-temperature-in-hong-kong-on-june-5-2026,Hong Kong,2026-06-05,clean,2026-06-05 02:41:00+00:00,6-24h,11,7,7,False,0.6174999999999999,-0.38250000000000006,47874.267,1.462,0.023,0.009999999999999998,47874.103,True,0.58,0.6549999999999999
highest-temperature-in-hong-kong-on-june-5-2026,Hong Kong,2026-06-05,clean,2026-06-05 02:39:00+00:00,6-24h,11,7,7,False,0.6174999999999999,-0.38250000000000006,47754.267,0.27,0.017,0.009999999999999998,47754.257,True,0.589,0.6459999999999999
highest-temperature-in-hong-kong-on-june-5-2026,Hong Kong,2026-06-05,clean,2026-06-05 02:42:00+00:00,6-24h,11,7,7,False,0.6174999999999999,-0.38250000000000006,47934.267,20.076,0.023,0.009999999999999998,47933.843,True,0.58,0.6549999999999999
highest-temperature-in-hong-kong-on-june-5-2026,Hong Kong,2026-06-05,clean,2026-06-05 04:26:00+00:00,6-24h,11,7,7,False,0.6175,-0.38249999999999995,54174.267,1200.92,0.028000000000000004,0.002,54174.071,True,0.5940000000000001,0.641
highest-temperature-in-hong-kong-on-june-5-2026,Hong Kong,2026-06-05,clean,2026-06-05 00:40:00+00:00,6-24h,11,7,7,False,0.6175,-0.38249999999999995,40614.267,8.561,0.020000000000000004,0.005999999999999999,40608.158,True,0.586,0.649
highest-temperature-in-hong-kong-on-june-5-2026,Hong Kong,2026-06-05,clean,2026-06-05 00:41:00+00:00,6-24h,11,7,7,False,0.6175,-0.38249999999999995,40674.267,1.724,0.020000000000000004,0.005999999999999999,40672.966,True,0.586,0.649
highest-temperature-in-hong-kong-on-june-5-2026,Hong Kong,2026-06-05,clean,2026-06-05 03:52:00+00:00,6-24h,11,7,7,False,0.6175,-0.38249999999999995,52134.267,5.075,0.02999999999999997,0.004,52133.763,True,0.582,0.653
highest-temperature-in-hong-kong-on-june-5-2026,Hong Kong,2026-06-05,clean,2026-06-04 01:17:00+00:00,>24h,11,7,6,False,0.618,-0.382,5.932,0.40049999999999997,0.020000000000000004,0.010000000000000009,5.797,True,0.587,0.649
highest-temperature-in-hong-kong-on-june-5-2026,Hong Kong,2026-06-05,clean,2026-06-04 01:15:00+00:00,>24h,11,7,6,False,0.618,-0.382,7.731,1.663,0.020000000000000004,0.010000000000000009,7.424,True,0.587,0.649
highest-temperature-in-hong-kong-on-june-5-2026,Hong Kong,2026-06-05,clean,2026-06-04 01:16:00+00:00,>24h,11,7,6,False,0.618,-0.382,26.142,0.734,0.020000000000000004,0.010000000000000009,26.057,True,0.587,0.649
highest-temperature-in-hong-kong-on-june-5-2026,Hong Kong,2026-06-05,clean,2026-06-04 01:14:00+00:00,>24h,11,7,6,False,0.618,-0.382,9.969,0.34950000000000003,0.020000000000000004,0.010000000000000009,9.821,True,0.587,0.649
highest-temperature-in-hong-kong-on-june-5-2026,Hong Kong,2026-06-05,clean,2026-06-05 03:51:00+00:00,6-24h,11,7,7,False,0.618,-0.382,52074.267,1.631,0.02999999999999997,0.004,52074.239,True,0.582,0.6539999999999999
highest-temperature-in-hong-kong-on-june-5-2026,Hong Kong,2026-06-05,clean,2026-06-05 00:38:00+00:00,6-24h,11,7,7,False,0.618,-0.382,40494.267,0.581,0.03,0.005999999999999999,40494.087,True,0.577,0.659
highest-temperature-in-hong-kong-on-june-5-2026,Hong Kong,2026-06-05,clean,2026-06-04 01:28:00+00:00,>24h,11,7,6,False,0.6184999999999999,-0.38150000000000006,17.595,6.4985,0.020000000000000004,0.010000000000000009,17.339,True,0.59,0.647
highest-temperature-in-hong-kong-on-june-5-2026,Hong Kong,2026-06-05,clean,2026-06-05 01:06:00+00:00,6-24h,11,7,7,False,0.6184999999999999,-0.38150000000000006,42174.267,3.111,0.020000000000000004,0.003,42174.244,True,0.587,0.6499999999999999
highest-temperature-in-hong-kong-on-june-5-2026,Hong Kong,2026-06-05,clean,2026-06-04 01:29:00+00:00,>24h,11,7,6,False,0.6184999999999999,-0.38150000000000006,20.308,1.6520000000000001,0.020000000000000004,0.010000000000000009,19.975,True,0.59,0.647
highest-temperature-in-hong-kong-on-june-5-2026,Hong Kong,2026-06-05,clean,2026-06-04 01:26:00+00:00,>24h,11,7,6,False,0.6184999999999999,-0.38150000000000006,1.237,0.781,0.020000000000000004,0.010000000000000009,1.2349999999999999,True,0.59,0.647
highest-temperature-in-hong-kong-on-june-5-2026,Hong Kong,2026-06-05,clean,2026-06-04 01:27:00+00:00,>24h,11,7,6,False,0.6184999999999999,-0.38150000000000006,20.118,0.895,0.020000000000000004,0.010000000000000009,20.106,True,0.59,0.647
highest-temperature-in-hong-kong-on-june-5-2026,Hong Kong,2026-06-05,clean,2026-06-05 03:50:00+00:00,6-24h,11,7,7,False,0.6184999999999999,-0.38150000000000006,52014.267,6.118,0.02999999999999997,0.004,52014.243,True,0.582,0.6549999999999999
highest-temperature-in-hong-kong-on-june-5-2026,Hong Kong,2026-06-05,clean,2026-06-04 01:46:00+00:00,>24h,11,7,6,False,0.6185,-0.38149999999999995,0.37,0.11349999999999999,0.04000000000000001,0.011000000000000006,0.339,True,0.5700000000000001,0.667
highest-temperature-in-hong-kong-on-june-5-2026,Hong Kong,2026-06-05,clean,2026-06-04 01:45:00+00:00,>24h,11,7,6,False,0.6185,-0.38149999999999995,4.626,0.506,0.04000000000000001,0.011000000000000006,4.582,True,0.5700000000000001,0.667
highest-temperature-in-hong-kong-on-june-5-2026,Hong Kong,2026-06-05,clean,2026-06-04 01:44:00+00:00,>24h,11,7,6,False,0.6185,-0.38149999999999995,4.624,2.5765000000000002,0.04000000000000001,0.011000000000000006,4.368,True,0.5700000000000001,0.667
highest-temperature-in-hong-kong-on-june-5-2026,Hong Kong,2026-06-05,clean,2026-06-04 01:22:00+00:00,>24h,11,7,6,False,0.619,-0.381,96.299,92.936,0.020000000000000004,0.010000000000000009,3.37,True,0.59,0.648
highest-temperature-in-hong-kong-on-june-5-2026,Hong Kong,2026-06-05,clean,2026-06-04 01:21:00+00:00,>24h,11,7,6,False,0.619,-0.381,36.299,32.936,0.020000000000000004,0.010000000000000009,3.37,True,0.59,0.648
highest-temperature-in-hong-kong-on-june-5-2026,Hong Kong,2026-06-05,clean,2026-06-04 01:23:00+00:00,>24h,11,7,6,False,0.619,-0.381,156.299,152.936,0.020000000000000004,0.010000000000000009,3.37,True,0.59,0.648
highest-temperature-in-hong-kong-on-june-5-2026,Hong Kong,2026-06-05,clean,2026-06-05 03:48:00+00:00,6-24h,11,7,7,False,0.619,-0.381,51894.267,3.427,0.02999999999999997,0.007,51894.195,True,0.579,0.659
highest-temperature-in-hong-kong-on-june-5-2026,Hong Kong,2026-06-05,clean,2026-06-05 03:47:00+00:00,6-24h,11,7,7,False,0.619,-0.381,51834.267,0.377,0.02999999999999997,0.007,51834.264,True,0.579,0.659
highest-temperature-in-hong-kong-on-june-5-2026,Hong Kong,2026-06-05,clean,2026-06-04 01:24:00+00:00,>24h,11,7,6,False,0.619,-0.381,216.299,212.936,0.020000000000000004,0.010000000000000009,3.37,True,0.59,0.648
highest-temperature-in-hong-kong-on-june-5-2026,Hong Kong,2026-06-05,clean,2026-06-05 04:36:00+00:00,6-24h,11,7,7,False,0.619,-0.381,54774.267,1800.92,0.08000000000000007,0.001,54773.827,True,0.5640000000000001,0.6740000000000002
highest-temperature-in-hong-kong-on-june-5-2026,Hong Kong,2026-06-05,clean,2026-06-04 01:25:00+00:00,>24h,11,7,6,False,0.619,-0.381,276.299,272.936,0.020000000000000004,0.010000000000000009,3.37,True,0.59,0.648
highest-temperature-in-hong-kong-on-june-5-2026,Hong Kong,2026-06-05,clean,2026-06-05 00:45:00+00:00,6-24h,11,7,7,False,0.6195,-0.38049999999999995,40914.267,13.911,0.012000000000000004,0.006,40914.221,True,0.598,0.641
highest-temperature-in-hong-kong-on-june-5-2026,Hong Kong,2026-06-05,clean,2026-06-05 04:28:00+00:00,6-24h,11,7,7,False,0.6195,-0.38049999999999995,54294.267,1320.92,0.020000000000000018,0.002,54289.858,True,0.595,0.644
highest-temperature-in-hong-kong-on-june-5-2026,Hong Kong,2026-06-05,clean,2026-06-05 03:29:00+00:00,6-24h,11,7,7,False,0.6195,-0.38049999999999995,50754.267,0.037,0.08999999999999997,0.017,50754.258,True,0.541,0.698
highest-temperature-in-hong-kong-on-june-5-2026,Hong Kong,2026-06-05,clean,2026-06-04 01:19:00+00:00,>24h,11,7,6,False,0.62,-0.38,16.598,3.0815,0.020000000000000004,0.010000000000000009,16.247,True,0.591,0.649
highest-temperature-in-hong-kong-on-june-5-2026,Hong Kong,2026-06-05,clean,2026-06-04 01:20:00+00:00,>24h,11,7,6,False,0.62,-0.38,10.116,1.7795,0.020000000000000004,0.010000000000000009,9.148,True,0.591,0.649
highest-temperature-in-hong-kong-on-june-5-2026,Hong Kong,2026-06-05,clean,2026-06-05 01:48:00+00:00,6-24h,11,7,7,False,0.62,-0.38,44694.267,2.13,0.03999999999999998,0.0049999999999999906,44693.049,True,0.581,0.6589999999999999
highest-temperature-in-hong-kong-on-june-5-2026,Hong Kong,2026-06-05,clean,2026-06-05 01:26:00+00:00,6-24h,11,7,7,False,0.62,-0.38,43374.267,2.907,0.040000000000000036,0.004,43374.225,True,0.586,0.654
highest-temperature-in-hong-kong-on-june-5-2026,Hong Kong,2026-06-05,clean,2026-06-05 00:44:00+00:00,6-24h,11,7,7,False,0.62,-0.38,40854.267,1.058,0.022000000000000002,0.006,40854.206,True,0.588,0.652
highest-temperature-in-hong-kong-on-june-5-2026,Hong Kong,2026-06-05,clean,2026-06-04 01:18:00+00:00,>24h,11,7,6,False,0.62,-0.38,9.251,4.7955000000000005,0.020000000000000004,0.010000000000000009,6.822,True,0.591,0.649
highest-temperature-in-hong-kong-on-june-5-2026,Hong Kong,2026-06-05,clean,2026-06-04 23:37:00+00:00,6-24h,11,7,7,False,0.6200000000000001,-0.3799999999999999,36834.267,2.151,0.020000000000000018,0.015000000000000001,36832.147,True,0.5780000000000001,0.6619999999999999
highest-temperature-in-hong-kong-on-june-5-2026,Hong Kong,2026-06-05,clean,2026-06-05 01:15:00+00:00,6-24h,11,7,7,False,0.6204999999999999,-0.37950000000000006,42714.267,0.509,0.04600000000000001,0.004,42713.999,True,0.568,0.673
highest-temperature-in-hong-kong-on-june-5-2026,Hong Kong,2026-06-05,clean,2026-06-05 00:04:00+00:00,6-24h,11,7,7,False,0.6205,-0.37949999999999995,38454.267,1.674,0.010000000000000009,0.006000000000000002,38453.408,True,0.5990000000000001,0.6420000000000001
highest-temperature-in-hong-kong-on-june-5-2026,Hong Kong,2026-06-05,clean,2026-06-04 23:07:00+00:00,6-24h,11,7,7,False,0.6205,-0.37949999999999995,35034.267,0.08,0.03,0.013999999999999999,35034.248,True,0.575,0.666
highest-temperature-in-hong-kong-on-june-5-2026,Hong Kong,2026-06-05,clean,2026-06-05 03:49:00+00:00,6-24h,11,7,7,False,0.6205,-0.37949999999999995,51954.267,2.098,0.02999999999999997,0.004,51954.203,True,0.582,0.659
highest-temperature-in-hong-kong-on-june-5-2026,Hong Kong,2026-06-05,clean,2026-06-04 23:33:00+00:00,6-24h,11,7,7,False,0.6205,-0.37949999999999995,36594.267,0.901,0.020000000000000018,0.015000000000000001,36594.247,True,0.5780000000000001,0.663
highest-temperature-in-hong-kong-on-june-5-2026,Hong Kong,2026-06-05,clean,2026-06-05 00:34:00+00:00,6-24h,11,7,7,False,0.621,-0.379,40254.267,1.851,0.026000000000000002,0.005999999999999999,40253.81,True,0.5860000000000001,0.656
highest-temperature-in-hong-kong-on-june-5-2026,Hong Kong,2026-06-05,clean,2026-06-05 04:29:00+00:00,6-24h,11,7,7,False,0.621,-0.379,54354.267,1380.92,0.034999999999999996,0.002,54351.674,True,0.5920000000000001,0.65
highest-temperature-in-hong-kong-on-june-5-2026,Hong Kong,2026-06-05,clean,2026-06-04 23:19:00+00:00,6-24h,11,7,7,False,0.6215,-0.37849999999999995,35754.267,4.847,0.020000000000000004,0.010000000000000009,35752.51,True,0.5880000000000001,0.655
highest-temperature-in-hong-kong-on-june-5-2026,Hong Kong,2026-06-05,clean,2026-06-04 00:05:00+00:00,>24h,11,7,4,False,0.6215,-0.37849999999999995,7.08,3.8955,0.07,0.051500000000000004,6.855,True,0.53,0.713
highest-temperature-in-hong-kong-on-june-5-2026,Hong Kong,2026-06-05,clean,2026-06-04 23:18:00+00:00,6-24h,11,7,7,False,0.6215,-0.37849999999999995,35694.267,5.716,0.020000000000000004,0.010000000000000009,35691.904,True,0.5880000000000001,0.655
highest-temperature-in-hong-kong-on-june-5-2026,Hong Kong,2026-06-05,clean,2026-06-04 23:17:00+00:00,6-24h,11,7,7,False,0.6215,-0.37849999999999995,35634.267,4.395,0.020000000000000004,0.010000000000000009,35630.709,True,0.5880000000000001,0.655
highest-temperature-in-hong-kong-on-june-5-2026,Hong Kong,2026-06-05,clean,2026-06-04 23:15:00+00:00,6-24h,11,7,7,False,0.6215,-0.37849999999999995,35514.267,7.324,0.020000000000000004,0.010000000000000009,35511.625,True,0.5880000000000001,0.655
highest-temperature-in-hong-kong-on-june-5-2026,Hong Kong,2026-06-05,clean,2026-06-04 23:20:00+00:00,6-24h,11,7,7,False,0.6215,-0.37849999999999995,35814.267,4.848,0.020000000000000004,0.010000000000000009,35811.665,True,0.5880000000000001,0.655
highest-temperature-in-hong-kong-on-june-5-2026,Hong Kong,2026-06-05,clean,2026-06-04 23:16:00+00:00,6-24h,11,7,7,False,0.6215,-0.37849999999999995,35574.267,5.784,0.020000000000000004,0.010000000000000009,35571.157,True,0.5880000000000001,0.655
highest-temperature-in-hong-kong-on-june-5-2026,Hong Kong,2026-06-05,clean,2026-06-04 01:32:00+00:00,>24h,11,7,6,False,0.622,-0.378,19.341,1.4405000000000001,0.03,0.010000000000000009,19.06,True,0.587,0.657
highest-temperature-in-hong-kong-on-june-5-2026,Hong Kong,2026-06-05,clean,2026-06-04 01:47:00+00:00,>24h,11,7,6,False,0.622,-0.378,10.32,0.7535000000000001,0.04999999999999999,0.011500000000000007,10.283,True,0.5670000000000001,0.677
highest-temperature-in-hong-kong-on-june-5-2026,Hong Kong,2026-06-05,clean,2026-06-05 04:51:00+00:00,6-24h,11,7,7,False,0.6225,-0.37749999999999995,55674.267,2700.92,0.040000000000000036,0.002,55674.25,True,0.5680000000000001,0.677
highest-temperature-in-hong-kong-on-june-5-2026,Hong Kong,2026-06-05,clean,2026-06-05 02:40:00+00:00,6-24h,11,7,7,False,0.6225,-0.37749999999999995,47814.267,0.264,0.020000000000000018,0.009999999999999998,47814.22,True,0.589,0.6559999999999999
highest-temperature-in-istanbul-on-june-12-2026,Istanbul,2026-06-12,degraded,2026-06-10 06:03:00+00:00,>24h,11,11,11,True,1.3770000000000002,0.3770000000000002,292.534,51.429,0.319,0.12,269.957,False,0.588,2.166
highest-temperature-in-istanbul-on-june-12-2026,Istanbul,2026-06-12,degraded,2026-06-10 06:05:00+00:00,>24h,11,11,11,True,1.3770000000000002,0.3770000000000002,298.381,71.456,0.319,0.12,282.411,False,0.588,2.166
highest-temperature-in-istanbul-on-june-12-2026,Istanbul,2026-06-12,degraded,2026-06-10 06:06:00+00:00,>24h,11,11,11,True,1.3770000000000002,0.3770000000000002,6.111,5.755,0.319,0.12,4.8309999999999995,False,0.588,2.166
highest-temperature-in-istanbul-on-june-12-2026,Istanbul,2026-06-12,degraded,2026-06-10 06:04:00+00:00,>24h,11,11,11,True,1.3770000000000002,0.3770000000000002,352.534,57.139,0.319,0.12,351.075,False,0.588,2.166
highest-temperature-in-hong-kong-on-june-5-2026,Hong Kong,2026-06-05,clean,2026-06-04 01:13:00+00:00,>24h,11,7,6,False,0.623,-0.377,9.591,0.539,0.03,0.010000000000000009,9.231,True,0.587,0.659
highest-temperature-in-hong-kong-on-june-5-2026,Hong Kong,2026-06-05,clean,2026-06-05 00:43:00+00:00,6-24h,11,7,7,False,0.623,-0.377,40794.267,0.535,0.020000000000000004,0.010000000000000009,40793.759,True,0.588,0.658
highest-temperature-in-hong-kong-on-june-5-2026,Hong Kong,2026-06-05,clean,2026-06-05 00:42:00+00:00,6-24h,11,7,7,False,0.623,-0.377,40734.267,1.145,0.020000000000000004,0.010000000000000009,40733.444,True,0.587,0.659
highest-temperature-in-hong-kong-on-june-5-2026,Hong Kong,2026-06-05,clean,2026-06-05 03:22:00+00:00,6-24h,11,7,7,False,0.623,-0.377,50334.267,0.77,0.052000000000000005,0.017,50334.265,True,0.5619999999999999,0.684
highest-temperature-in-hong-kong-on-june-5-2026,Hong Kong,2026-06-05,clean,2026-06-05 00:35:00+00:00,6-24h,11,7,7,False,0.623,-0.377,40314.267,6.06,0.030000000000000002,0.005999999999999999,40313.241,True,0.586,0.66
highest-temperature-in-hong-kong-on-june-5-2026,Hong Kong,2026-06-05,clean,2026-06-05 00:36:00+00:00,6-24h,11,7,7,False,0.623,-0.377,40374.267,11.607,0.030000000000000002,0.005999999999999999,40374.26,True,0.586,0.66
highest-temperature-in-hong-kong-on-june-5-2026,Hong Kong,2026-06-05,clean,2026-06-05 02:38:00+00:00,6-24h,11,7,7,False,0.623,-0.377,47694.267,16.447,0.017,0.002,47693.976,True,0.598,0.6479999999999999
highest-temperature-in-hong-kong-on-june-5-2026,Hong Kong,2026-06-05,clean,2026-06-04 01:36:00+00:00,>24h,11,7,6,False,0.6234999999999999,-0.37650000000000006,9.602,0.8580000000000001,0.03,0.010000000000000009,9.353,True,0.59,0.657
highest-temperature-in-hong-kong-on-june-5-2026,Hong Kong,2026-06-05,clean,2026-06-04 01:34:00+00:00,>24h,11,7,6,False,0.6234999999999999,-0.37650000000000006,23.295,3.907,0.03,0.010000000000000009,22.358,True,0.59,0.657
highest-temperature-in-hong-kong-on-june-5-2026,Hong Kong,2026-06-05,clean,2026-06-04 01:42:00+00:00,>24h,11,7,6,False,0.6234999999999999,-0.37650000000000006,271.126,262.38599999999997,0.03,0.010000000000000009,10.896,True,0.59,0.657
highest-temperature-in-hong-kong-on-june-5-2026,Hong Kong,2026-06-05,clean,2026-06-04 01:30:00+00:00,>24h,11,7,6,False,0.6234999999999999,-0.37650000000000006,10.989,0.975,0.03,0.010000000000000009,10.7,True,0.59,0.657
highest-temperature-in-hong-kong-on-june-5-2026,Hong Kong,2026-06-05,clean,2026-06-04 01:38:00+00:00,>24h,11,7,6,False,0.6234999999999999,-0.37650000000000006,31.126,22.386,0.03,0.010000000000000009,10.896,True,0.59,0.657
highest-temperature-in-hong-kong-on-june-5-2026,Hong Kong,2026-06-05,clean,2026-06-04 01:37:00+00:00,>24h,11,7,6,False,0.6234999999999999,-0.37650000000000006,23.0,0.6825,0.03,0.010000000000000009,22.986,True,0.59,0.657
highest-temperature-in-hong-kong-on-june-5-2026,Hong Kong,2026-06-05,clean,2026-06-04 01:41:00+00:00,>24h,11,7,6,False,0.6234999999999999,-0.37650000000000006,211.126,202.38600000000002,0.03,0.010000000000000009,10.896,True,0.59,0.657
highest-temperature-in-hong-kong-on-june-5-2026,Hong Kong,2026-06-05,clean,2026-06-04 01:40:00+00:00,>24h,11,7,6,False,0.6234999999999999,-0.37650000000000006,151.126,142.38600000000002,0.03,0.010000000000000009,10.896,True,0.59,0.657
highest-temperature-in-hong-kong-on-june-5-2026,Hong Kong,2026-06-05,clean,2026-06-04 01:33:00+00:00,>24h,11,7,6,False,0.6234999999999999,-0.37650000000000006,23.808,0.284,0.03,0.010000000000000009,23.622,True,0.59,0.657
highest-temperature-in-hong-kong-on-june-5-2026,Hong Kong,2026-06-05,clean,2026-06-04 01:39:00+00:00,>24h,11,7,6,False,0.6234999999999999,-0.37650000000000006,91.126,82.386,0.03,0.010000000000000009,10.896,True,0.59,0.657
highest-temperature-in-hong-kong-on-june-5-2026,Hong Kong,2026-06-05,clean,2026-06-04 01:35:00+00:00,>24h,11,7,6,False,0.6234999999999999,-0.37650000000000006,22.805,0.8965000000000001,0.03,0.010000000000000009,22.434,True,0.59,0.657
highest-temperature-in-hong-kong-on-june-5-2026,Hong Kong,2026-06-05,clean,2026-06-04 01:31:00+00:00,>24h,11,7,6,False,0.6234999999999999,-0.37650000000000006,29.492,1.1789999999999998,0.03,0.010000000000000009,29.486,True,0.59,0.657
highest-temperature-in-hong-kong-on-june-5-2026,Hong Kong,2026-06-05,clean,2026-06-05 00:29:00+00:00,6-24h,11,7,7,False,0.6235,-0.37649999999999995,39954.267,13.523,0.03,0.008,39950.973,True,0.585,0.6619999999999999
highest-temperature-in-hong-kong-on-june-5-2026,Hong Kong,2026-06-05,clean,2026-06-05 00:30:00+00:00,6-24h,11,7,7,False,0.6235,-0.37649999999999995,40014.267,0.911,0.03,0.008,40014.251,True,0.585,0.6619999999999999
highest-temperature-in-hong-kong-on-june-5-2026,Hong Kong,2026-06-05,clean,2026-06-05 02:37:00+00:00,6-24h,11,7,7,False,0.624,-0.376,47634.267,19.201,0.019000000000000003,0.002,47633.532,True,0.598,0.6499999999999999
highest-temperature-in-hong-kong-on-june-5-2026,Hong Kong,2026-06-05,clean,2026-06-05 01:11:00+00:00,6-24h,11,7,7,False,0.624,-0.376,42474.267,1.966,0.027999999999999997,0.004,42474.003,True,0.595,0.653
highest-temperature-in-hong-kong-on-june-5-2026,Hong Kong,2026-06-05,clean,2026-06-05 04:37:00+00:00,6-24h,11,7,7,False,0.6244999999999999,-0.37550000000000006,54834.267,1860.92,0.040000000000000036,0.001,54834.204,True,0.5940000000000001,0.655
highest-temperature-in-hong-kong-on-june-5-2026,Hong Kong,2026-06-05,clean,2026-06-05 01:08:00+00:00,6-24h,11,7,7,False,0.6244999999999999,-0.37550000000000006,42294.267,17.202,0.030000000000000006,0.003,42294.229,True,0.586,0.663
highest-temperature-in-hong-kong-on-june-5-2026,Hong Kong,2026-06-05,clean,2026-06-05 01:09:00+00:00,6-24h,11,7,7,False,0.6244999999999999,-0.37550000000000006,42354.267,0.023,0.030000000000000006,0.003,42354.259,True,0.586,0.663
highest-temperature-in-austin-on-june-11-2026,Austin,2026-06-11,degraded,2026-06-10 01:39:00+00:00,>24h,11,11,11,True,1.3755,0.37549999999999994,11.88,7.487,0.22,0.13299999999999998,11.766,False,0.73,2.021
highest-temperature-in-hong-kong-on-june-5-2026,Hong Kong,2026-06-05,clean,2026-06-05 04:38:00+00:00,6-24h,11,7,7,False,0.6245,-0.37549999999999994,54894.267,1920.92,0.040000000000000036,0.001,54893.697,True,0.5840000000000001,0.665
highest-temperature-in-hong-kong-on-june-5-2026,Hong Kong,2026-06-05,clean,2026-06-05 01:12:00+00:00,6-24h,11,7,7,False,0.6245,-0.37549999999999994,42534.267,10.36,0.049000000000000016,0.004,42530.872,True,0.575,0.674
highest-temperature-in-hong-kong-on-june-5-2026,Hong Kong,2026-06-05,clean,2026-06-05 03:45:00+00:00,6-24h,11,7,7,False,0.625,-0.375,51714.267,21.966,0.026000000000000002,0.007,51710.237,True,0.59,0.66
highest-temperature-in-chicago-on-june-9-2026,Chicago,2026-06-09,clean,2026-06-08 01:29:00+00:00,>24h,11,11,7,False,1.375,0.375,50.993,46.958,0.73,0.27,49.765,False,0.26,2.4899999999999998
highest-temperature-in-hong-kong-on-june-5-2026,Hong Kong,2026-06-05,clean,2026-06-04 23:11:00+00:00,6-24h,11,7,7,False,0.625,-0.375,35274.267,12.233,0.020000000000000018,0.013999999999999999,35274.169,True,0.5840000000000001,0.666
highest-temperature-in-hong-kong-on-june-5-2026,Hong Kong,2026-06-05,clean,2026-06-05 03:44:00+00:00,6-24h,11,7,7,False,0.625,-0.375,51654.267,1.065,0.026000000000000002,0.007,51654.255,True,0.59,0.66
highest-temperature-in-hong-kong-on-june-5-2026,Hong Kong,2026-06-05,clean,2026-06-04 23:09:00+00:00,6-24h,11,7,7,False,0.625,-0.375,35154.267,7.939,0.020000000000000018,0.013999999999999999,35147.209,True,0.5840000000000001,0.666
highest-temperature-in-hong-kong-on-june-5-2026,Hong Kong,2026-06-05,clean,2026-06-05 03:30:00+00:00,6-24h,11,7,7,False,0.625,-0.375,50814.267,3.374,0.025999999999999995,0.010000000000000009,50814.093,True,0.59,0.66
highest-temperature-in-hong-kong-on-june-5-2026,Hong Kong,2026-06-05,clean,2026-06-05 01:25:00+00:00,6-24h,11,7,7,False,0.625,-0.375,43314.267,2.973,0.030000000000000027,0.004,43314.209,True,0.596,0.654
highest-temperature-in-hong-kong-on-june-5-2026,Hong Kong,2026-06-05,clean,2026-06-04 23:10:00+00:00,6-24h,11,7,7,False,0.625,-0.375,35214.267,0.737,0.020000000000000018,0.013999999999999999,35214.249,True,0.5840000000000001,0.666
highest-temperature-in-hong-kong-on-june-5-2026,Hong Kong,2026-06-05,clean,2026-06-05 01:27:00+00:00,6-24h,11,7,7,False,0.6255,-0.37450000000000006,43434.267,3.933,0.030000000000000027,0.004,43433.984,True,0.597,0.654
highest-temperature-in-hong-kong-on-june-5-2026,Hong Kong,2026-06-05,clean,2026-06-04 23:08:00+00:00,6-24h,11,7,7,False,0.6255,-0.37450000000000006,35094.267,6.121,0.020000000000000018,0.013999999999999999,35089.564,True,0.585,0.666
highest-temperature-in-hong-kong-on-june-5-2026,Hong Kong,2026-06-05,clean,2026-06-05 01:05:00+00:00,6-24h,11,7,7,False,0.6255,-0.37450000000000006,42114.267,0.373,0.038000000000000006,0.003,42114.113,True,0.587,0.6639999999999999
highest-temperature-in-hong-kong-on-june-5-2026,Hong Kong,2026-06-05,clean,2026-06-05 01:28:00+00:00,6-24h,11,7,7,False,0.6255,-0.37450000000000006,43494.267,15.501,0.030000000000000027,0.004,43482.976,True,0.597,0.654
highest-temperature-in-hong-kong-on-june-5-2026,Hong Kong,2026-06-05,clean,2026-06-05 00:47:00+00:00,6-24h,11,7,7,False,0.6255000000000001,-0.37449999999999994,41034.267,1.459,0.020000000000000004,0.006,41033.976,True,0.598,0.653
highest-temperature-in-hong-kong-on-june-5-2026,Hong Kong,2026-06-05,clean,2026-06-05 01:46:00+00:00,6-24h,11,7,7,False,0.6255000000000001,-0.37449999999999994,44574.267,29.427,0.02999999999999997,0.0049999999999999906,44572.195,True,0.591,0.6599999999999999
highest-temperature-in-hong-kong-on-june-5-2026,Hong Kong,2026-06-05,clean,2026-06-05 00:46:00+00:00,6-24h,11,7,7,False,0.6255000000000001,-0.37449999999999994,40974.267,12.177,0.020000000000000004,0.006,40968.252,True,0.598,0.653
highest-temperature-in-hong-kong-on-june-5-2026,Hong Kong,2026-06-05,clean,2026-06-05 00:48:00+00:00,6-24h,11,7,7,False,0.6255000000000001,-0.37449999999999994,41094.267,14.216,0.020000000000000004,0.006,41088.158,True,0.598,0.653
highest-temperature-in-hong-kong-on-june-5-2026,Hong Kong,2026-06-05,clean,2026-06-05 04:33:00+00:00,6-24h,11,7,7,False,0.6255000000000001,-0.37449999999999994,54594.267,1620.92,0.09000000000000002,0.002,54593.74,True,0.56,0.6910000000000001
highest-temperature-in-hong-kong-on-june-5-2026,Hong Kong,2026-06-05,clean,2026-06-05 03:55:00+00:00,6-24h,11,7,7,False,0.626,-0.374,52314.267,22.385,0.030000000000000027,0.006000000000000002,52314.227,True,0.587,0.665
highest-temperature-in-hong-kong-on-june-5-2026,Hong Kong,2026-06-05,clean,2026-06-04 23:21:00+00:00,6-24h,11,7,7,False,0.6260000000000001,-0.3739999999999999,35874.267,13.78,0.020000000000000004,0.010000000000000009,35873.843,True,0.5880000000000001,0.6639999999999999
highest-temperature-in-hong-kong-on-june-5-2026,Hong Kong,2026-06-05,clean,2026-06-05 03:56:00+00:00,6-24h,11,7,7,False,0.6265000000000001,-0.37349999999999994,52374.267,1.93,0.06000000000000005,0.009000000000000001,52374.199,True,0.567,0.686
highest-temperature-in-hong-kong-on-june-5-2026,Hong Kong,2026-06-05,clean,2026-06-05 02:29:00+00:00,6-24h,11,7,7,False,0.627,-0.373,47154.267,5.745,0.020000000000000018,0.008,47148.848,True,0.597,0.657
highest-temperature-in-hong-kong-on-june-5-2026,Hong Kong,2026-06-05,clean,2026-06-05 00:37:00+00:00,6-24h,11,7,7,False,0.6279999999999999,-0.3720000000000001,40434.267,0.079,0.03,0.005999999999999999,40434.252,True,0.5870000000000001,0.669
highest-temperature-in-hong-kong-on-june-5-2026,Hong Kong,2026-06-05,clean,2026-06-05 02:34:00+00:00,6-24h,11,7,7,False,0.628,-0.372,47454.267,0.198,0.02800000000000001,0.012,47454.227,True,0.588,0.6679999999999999
highest-temperature-in-hong-kong-on-june-5-2026,Hong Kong,2026-06-05,clean,2026-06-05 02:53:00+00:00,6-24h,11,7,7,False,0.628,-0.372,48594.267,0.76,0.016,0.007,48594.262,True,0.602,0.654
highest-temperature-in-hong-kong-on-june-5-2026,Hong Kong,2026-06-05,clean,2026-06-05 02:33:00+00:00,6-24h,11,7,7,False,0.6285,-0.37150000000000005,47394.267,4.169,0.02800000000000001,0.010000000000000009,47392.313,True,0.589,0.6679999999999999
highest-temperature-in-hong-kong-on-june-5-2026,Hong Kong,2026-06-05,clean,2026-06-04 01:43:00+00:00,>24h,11,7,6,False,0.6285000000000001,-0.37149999999999994,5.613,1.2085000000000001,0.039999999999999994,0.011000000000000006,5.516,True,0.58,0.677
highest-temperature-in-hong-kong-on-june-5-2026,Hong Kong,2026-06-05,clean,2026-06-04 02:02:00+00:00,>24h,11,7,6,False,0.6285000000000001,-0.37149999999999994,6.391,3.286,0.03,0.008000000000000004,6.013,True,0.588,0.669
highest-temperature-in-hong-kong-on-june-5-2026,Hong Kong,2026-06-05,clean,2026-06-05 00:31:00+00:00,6-24h,11,7,7,False,0.6285000000000001,-0.37149999999999994,40074.267,9.692,0.020000000000000004,0.008,40066.762,True,0.595,0.6619999999999999
highest-temperature-in-hong-kong-on-june-5-2026,Hong Kong,2026-06-05,clean,2026-06-05 00:33:00+00:00,6-24h,11,7,7,False,0.6285000000000001,-0.37149999999999994,40194.267,1.973,0.020000000000000004,0.008,40194.258,True,0.595,0.6619999999999999
highest-temperature-in-hong-kong-on-june-5-2026,Hong Kong,2026-06-05,clean,2026-06-05 00:27:00+00:00,6-24h,11,7,7,False,0.6285000000000001,-0.37149999999999994,39834.267,0.04,0.020000000000000004,0.008,39834.265,True,0.595,0.662
highest-temperature-in-hong-kong-on-june-5-2026,Hong Kong,2026-06-05,clean,2026-06-05 00:32:00+00:00,6-24h,11,7,7,False,0.6285000000000001,-0.37149999999999994,40134.267,9.224,0.020000000000000004,0.008,40126.035,True,0.595,0.6619999999999999
highest-temperature-in-hong-kong-on-june-5-2026,Hong Kong,2026-06-05,clean,2026-06-05 01:10:00+00:00,6-24h,11,7,7,False,0.629,-0.371,42414.267,0.12,0.027999999999999997,0.004,42414.17,True,0.595,0.663
highest-temperature-in-hong-kong-on-june-5-2026,Hong Kong,2026-06-05,clean,2026-06-05 02:35:00+00:00,6-24h,11,7,7,False,0.629,-0.371,47514.267,1.655,0.020000000000000018,0.002,47514.255,True,0.598,0.6599999999999999
highest-temperature-in-hong-kong-on-june-5-2026,Hong Kong,2026-06-05,clean,2026-06-05 03:28:00+00:00,6-24h,11,7,7,False,0.6295000000000001,-0.37049999999999994,50694.267,105.7,0.026999999999999996,0.010000000000000009,50694.127,True,0.591,0.668
highest-temperature-in-hong-kong-on-june-5-2026,Hong Kong,2026-06-05,clean,2026-06-05 04:03:00+00:00,6-24h,11,7,7,False,0.6295000000000001,-0.37049999999999994,52794.267,1.057,0.026999999999999996,0.002,52794.037,True,0.6040000000000001,0.655
highest-temperature-in-hong-kong-on-june-5-2026,Hong Kong,2026-06-05,clean,2026-06-05 04:02:00+00:00,6-24h,11,7,7,False,0.6295000000000001,-0.37049999999999994,52734.267,1.087,0.026999999999999996,0.002,52734.241,True,0.6040000000000001,0.655
highest-temperature-in-hong-kong-on-june-5-2026,Hong Kong,2026-06-05,clean,2026-06-05 02:36:00+00:00,6-24h,11,7,7,False,0.6295000000000001,-0.37049999999999994,47574.267,0.818,0.020000000000000018,0.002,47574.152,True,0.599,0.6599999999999999
highest-temperature-in-hong-kong-on-june-5-2026,Hong Kong,2026-06-05,clean,2026-06-04 23:58:00+00:00,6-24h,11,7,7,False,0.63,-0.37,38094.267,5.59,0.03,0.010000000000000002,38088.796,True,0.5890000000000001,0.671
highest-temperature-in-hong-kong-on-june-5-2026,Hong Kong,2026-06-05,clean,2026-06-05 00:00:00+00:00,6-24h,11,7,7,False,0.63,-0.37,38214.267,5.554,0.03,0.010000000000000002,38210.994,True,0.5890000000000001,0.671
highest-temperature-in-hong-kong-on-june-5-2026,Hong Kong,2026-06-05,clean,2026-06-04 23:59:00+00:00,6-24h,11,7,7,False,0.63,-0.37,38154.267,10.274,0.03,0.010000000000000002,38152.534,True,0.5890000000000001,0.671
highest-temperature-in-hong-kong-on-june-5-2026,Hong Kong,2026-06-05,clean,2026-06-05 01:45:00+00:00,6-24h,11,7,7,False,0.6305,-0.36950000000000005,44514.267,18.481,0.03999999999999998,0.0049999999999999906,44512.286,True,0.591,0.6699999999999999
highest-temperature-in-qingdao-on-june-10-2026,Qingdao,2026-06-10,clean,2026-06-08 05:07:00+00:00,>24h,11,10,10,False,1.3695,0.36949999999999994,297.996,89.5215,0.569,0.185,217.564,True,0.42200000000000004,2.317
highest-temperature-in-qingdao-on-june-10-2026,Qingdao,2026-06-10,clean,2026-06-08 05:08:00+00:00,>24h,11,10,10,False,1.3695,0.36949999999999994,357.996,148.5985,0.569,0.185,344.997,True,0.42200000000000004,2.317
highest-temperature-in-qingdao-on-june-10-2026,Qingdao,2026-06-10,clean,2026-06-08 05:06:00+00:00,>24h,11,10,10,False,1.3695,0.36949999999999994,237.996,29.5215,0.569,0.185,217.564,True,0.42200000000000004,2.317
highest-temperature-in-hong-kong-on-june-5-2026,Hong Kong,2026-06-05,clean,2026-06-05 03:27:00+00:00,6-24h,11,7,7,False,0.6305000000000001,-0.36949999999999994,50634.267,45.7,0.026999999999999996,0.010000000000000009,50633.449,True,0.591,0.67
highest-temperature-in-hong-kong-on-june-5-2026,Hong Kong,2026-06-05,clean,2026-06-05 02:52:00+00:00,6-24h,11,7,7,False,0.6309999999999999,-0.3690000000000001,48534.267,2.673,0.016,0.007,48534.151,True,0.608,0.654
highest-temperature-in-hong-kong-on-june-5-2026,Hong Kong,2026-06-05,clean,2026-06-05 03:54:00+00:00,6-24h,11,7,7,False,0.631,-0.369,52254.267,5.594,0.040000000000000036,0.008,52252.442,True,0.587,0.675
highest-temperature-in-hong-kong-on-june-5-2026,Hong Kong,2026-06-05,clean,2026-06-05 02:32:00+00:00,6-24h,11,7,7,False,0.6315,-0.36850000000000005,47334.267,5.103,0.033,0.010000000000000009,47334.159,True,0.589,0.6739999999999999
highest-temperature-in-hong-kong-on-june-5-2026,Hong Kong,2026-06-05,clean,2026-06-05 04:04:00+00:00,6-24h,11,7,7,False,0.6315,-0.36850000000000005,52854.267,0.347,0.020000000000000004,0.002,52854.249,True,0.605,0.658
highest-temperature-in-hong-kong-on-june-5-2026,Hong Kong,2026-06-05,clean,2026-06-05 02:54:00+00:00,6-24h,11,7,7,False,0.6315000000000001,-0.36849999999999994,48654.267,1.844,0.021000000000000005,0.007,48653.296,True,0.603,0.66
highest-temperature-in-hong-kong-on-june-5-2026,Hong Kong,2026-06-05,clean,2026-06-05 04:08:00+00:00,6-24h,11,7,7,False,0.6315000000000001,-0.36849999999999994,53094.267,120.92,0.017,0.002,53093.189,True,0.608,0.655
highest-temperature-in-hong-kong-on-june-5-2026,Hong Kong,2026-06-05,clean,2026-06-05 02:30:00+00:00,6-24h,11,7,7,False,0.632,-0.368,47214.267,5.279,0.017,0.009000000000000001,47211.012,True,0.606,0.6579999999999999
highest-temperature-in-hong-kong-on-june-5-2026,Hong Kong,2026-06-05,clean,2026-06-05 02:55:00+00:00,6-24h,11,7,7,False,0.6325,-0.36750000000000005,48714.267,5.266,0.011999999999999997,0.007,48710.406,True,0.61,0.6549999999999999
highest-temperature-in-austin-on-june-11-2026,Austin,2026-06-11,degraded,2026-06-10 01:48:00+00:00,>24h,11,11,11,True,1.3675,0.36749999999999994,24.661,12.258,0.19,0.06999999999999999,22.487,False,0.9069999999999999,1.828
highest-temperature-in-hong-kong-on-june-5-2026,Hong Kong,2026-06-05,clean,2026-06-05 06:10:00+00:00,1-6h,11,7,7,False,0.6325000000000001,-0.36749999999999994,60414.267,7440.92,0.03900000000000001,0.001,60414.181,True,0.595,0.67
highest-temperature-in-istanbul-on-june-12-2026,Istanbul,2026-06-12,degraded,2026-06-10 06:07:00+00:00,>24h,11,11,11,True,1.367,0.367,66.111,56.563,0.309,0.10999999999999999,66.018,False,0.588,2.146
highest-temperature-in-hong-kong-on-june-5-2026,Hong Kong,2026-06-05,clean,2026-06-04 02:01:00+00:00,>24h,11,7,6,False,0.6335,-0.36650000000000005,1.436,1.165,0.03,0.011000000000000006,1.436,True,0.59,0.677
highest-temperature-in-hong-kong-on-june-5-2026,Hong Kong,2026-06-05,clean,2026-06-04 01:59:00+00:00,>24h,11,7,6,False,0.6335,-0.36650000000000005,23.391,1.0554999999999999,0.03,0.011000000000000006,23.278,True,0.59,0.677
highest-temperature-in-hong-kong-on-june-5-2026,Hong Kong,2026-06-05,clean,2026-06-04 02:00:00+00:00,>24h,11,7,6,False,0.6335,-0.36650000000000005,29.232,0.176,0.03,0.011000000000000006,29.056,True,0.59,0.677
highest-temperature-in-hong-kong-on-june-5-2026,Hong Kong,2026-06-05,clean,2026-06-04 23:13:00+00:00,6-24h,11,7,7,False,0.6335,-0.36650000000000005,35394.267,0.689,0.020000000000000018,0.017,35394.081,True,0.591,0.676
highest-temperature-in-hong-kong-on-june-5-2026,Hong Kong,2026-06-05,clean,2026-06-05 04:32:00+00:00,6-24h,11,7,7,False,0.6335,-0.36650000000000005,54534.267,1560.92,0.06000000000000005,0.002,54534.174,True,0.581,0.686
highest-temperature-in-hong-kong-on-june-5-2026,Hong Kong,2026-06-05,clean,2026-06-04 01:48:00+00:00,>24h,11,7,6,False,0.6335,-0.36650000000000005,7.431,0.27849999999999997,0.03,0.011000000000000006,7.26,True,0.59,0.677
highest-temperature-in-hong-kong-on-june-5-2026,Hong Kong,2026-06-05,clean,2026-06-04 01:56:00+00:00,>24h,11,7,6,False,0.6335,-0.36650000000000005,0.917,0.6945,0.03,0.011000000000000006,0.826,True,0.59,0.677
highest-temperature-in-hong-kong-on-june-5-2026,Hong Kong,2026-06-05,clean,2026-06-05 00:28:00+00:00,6-24h,11,7,7,False,0.6335000000000001,-0.36649999999999994,39894.267,0.154,0.03,0.008,39894.129,True,0.595,0.6719999999999999
highest-temperature-in-hong-kong-on-june-5-2026,Hong Kong,2026-06-05,clean,2026-06-05 04:00:00+00:00,6-24h,11,7,7,False,0.6335000000000001,-0.36649999999999994,52614.267,5.995,0.025,0.002,52608.458,True,0.597,0.67
highest-temperature-in-hong-kong-on-june-5-2026,Hong Kong,2026-06-05,clean,2026-06-05 01:41:00+00:00,6-24h,11,7,7,False,0.6345000000000001,-0.36549999999999994,44274.267,14.724,0.030000000000000027,0.006999999999999992,44274.191,True,0.599,0.6699999999999999
highest-temperature-in-hong-kong-on-june-5-2026,Hong Kong,2026-06-05,clean,2026-06-04 23:57:00+00:00,6-24h,11,7,7,False,0.635,-0.365,38034.267,1.474,0.020000000000000018,0.010000000000000002,38034.208,True,0.599,0.671
highest-temperature-in-hong-kong-on-june-5-2026,Hong Kong,2026-06-05,clean,2026-06-04 23:39:00+00:00,6-24h,11,7,7,False,0.635,-0.365,36954.267,0.459,0.03,0.015000000000000001,36954.007,True,0.5880000000000001,0.6819999999999999
highest-temperature-in-busan-on-june-12-2026,Busan,2026-06-12,degraded,2026-06-10 04:44:00+00:00,>24h,11,10,10,False,1.365,0.365,690.785,11.2345,0.89,0.09000000000000001,680.96,True,0.5700000000000001,2.16
highest-temperature-in-hong-kong-on-june-5-2026,Hong Kong,2026-06-05,clean,2026-06-04 02:03:00+00:00,>24h,11,7,6,False,0.635,-0.365,3.143,1.479,0.05,0.007500000000000003,2.792,True,0.591,0.679
highest-temperature-in-hong-kong-on-june-5-2026,Hong Kong,2026-06-05,clean,2026-06-05 01:44:00+00:00,6-24h,11,7,7,False,0.635,-0.365,44454.267,2.652,0.030000000000000027,0.0059999999999999915,44454.199,True,0.6,0.6699999999999999
highest-temperature-in-hong-kong-on-june-5-2026,Hong Kong,2026-06-05,clean,2026-06-05 01:43:00+00:00,6-24h,11,7,7,False,0.635,-0.365,44394.267,6.496,0.030000000000000027,0.0059999999999999915,44393.719,True,0.6,0.6699999999999999
highest-temperature-in-hong-kong-on-june-5-2026,Hong Kong,2026-06-05,clean,2026-06-05 04:07:00+00:00,6-24h,11,7,7,False,0.635,-0.365,53034.267,60.92,0.015,0.002,53034.256,True,0.615,0.655
highest-temperature-in-hong-kong-on-june-5-2026,Hong Kong,2026-06-05,clean,2026-06-04 22:44:00+00:00,6-24h,11,7,7,False,0.635,-0.365,33654.267,14.132,0.020000000000000004,0.009999999999999995,33640.468,True,0.6040000000000001,0.6659999999999999
highest-temperature-in-hong-kong-on-june-5-2026,Hong Kong,2026-06-05,clean,2026-06-04 23:12:00+00:00,6-24h,11,7,7,False,0.635,-0.365,35334.267,0.438,0.020000000000000018,0.013999999999999999,35334.019,True,0.5940000000000001,0.676
highest-temperature-in-hong-kong-on-june-5-2026,Hong Kong,2026-06-05,clean,2026-06-05 00:15:00+00:00,6-24h,11,7,7,False,0.635,-0.365,39114.267,12.725,0.011,0.010000000000000002,39110.178,True,0.609,0.661
highest-temperature-in-hong-kong-on-june-5-2026,Hong Kong,2026-06-05,clean,2026-06-04 23:38:00+00:00,6-24h,11,7,7,False,0.635,-0.365,36894.267,0.026,0.03,0.015000000000000001,36894.246,True,0.5880000000000001,0.6819999999999999
highest-temperature-in-hong-kong-on-june-5-2026,Hong Kong,2026-06-05,clean,2026-06-05 00:11:00+00:00,6-24h,11,7,7,False,0.6355000000000001,-0.36449999999999994,38874.267,1.269,0.019999999999999962,0.007999999999999998,38874.241,True,0.6080000000000001,0.663
highest-temperature-in-hong-kong-on-june-5-2026,Hong Kong,2026-06-05,clean,2026-06-05 00:10:00+00:00,6-24h,11,7,7,False,0.6355000000000001,-0.36449999999999994,38814.267,1.828,0.020000000000000004,0.007999999999999998,38814.156,True,0.6080000000000001,0.663
highest-temperature-in-hong-kong-on-june-5-2026,Hong Kong,2026-06-05,clean,2026-06-05 00:08:00+00:00,6-24h,11,7,7,False,0.6355000000000001,-0.36449999999999994,38694.267,0.055,0.020000000000000004,0.006000000000000002,38694.259,True,0.6090000000000001,0.662
highest-temperature-in-hong-kong-on-june-5-2026,Hong Kong,2026-06-05,clean,2026-06-05 00:06:00+00:00,6-24h,11,7,7,False,0.6355000000000001,-0.36449999999999994,38574.267,0.603,0.020000000000000004,0.006000000000000002,38574.218,True,0.6090000000000001,0.662
highest-temperature-in-hong-kong-on-june-5-2026,Hong Kong,2026-06-05,clean,2026-06-05 00:07:00+00:00,6-24h,11,7,7,False,0.6355000000000001,-0.36449999999999994,38634.267,1.753,0.020000000000000004,0.006000000000000002,38633.856,True,0.6090000000000001,0.662
highest-temperature-in-hong-kong-on-june-5-2026,Hong Kong,2026-06-05,clean,2026-06-05 01:42:00+00:00,6-24h,11,7,7,False,0.6355000000000001,-0.36449999999999994,44334.267,6.029,0.030000000000000027,0.0049999999999999906,44333.868,True,0.601,0.6699999999999999
highest-temperature-in-hong-kong-on-june-5-2026,Hong Kong,2026-06-05,clean,2026-06-05 00:12:00+00:00,6-24h,11,7,7,False,0.6355000000000001,-0.36449999999999994,38934.267,12.148,0.019999999999999962,0.007999999999999998,38934.131,True,0.6080000000000001,0.663
highest-temperature-in-hong-kong-on-june-5-2026,Hong Kong,2026-06-05,clean,2026-06-04 02:54:00+00:00,>24h,11,7,6,False,0.636,-0.364,16.243,3.9479999999999995,0.020000000000000018,0.0195,14.616,True,0.594,0.678
highest-temperature-in-hong-kong-on-june-5-2026,Hong Kong,2026-06-05,clean,2026-06-04 02:49:00+00:00,>24h,11,7,6,False,0.636,-0.364,10.132,0.724,0.020000000000000018,0.0195,9.872,True,0.594,0.678
highest-temperature-in-hong-kong-on-june-5-2026,Hong Kong,2026-06-05,clean,2026-06-04 02:48:00+00:00,>24h,11,7,6,False,0.636,-0.364,8.797,3.4284999999999997,0.020000000000000018,0.0195,8.767,True,0.594,0.678
highest-temperature-in-hong-kong-on-june-5-2026,Hong Kong,2026-06-05,clean,2026-06-04 02:52:00+00:00,>24h,11,7,6,False,0.636,-0.364,20.293,0.35250000000000004,0.020000000000000018,0.0195,20.225,True,0.594,0.678
highest-temperature-in-hong-kong-on-june-5-2026,Hong Kong,2026-06-05,clean,2026-06-04 02:50:00+00:00,>24h,11,7,6,False,0.636,-0.364,21.98,9.2655,0.020000000000000018,0.0195,18.088,True,0.594,0.678
highest-temperature-in-hong-kong-on-june-5-2026,Hong Kong,2026-06-05,clean,2026-06-04 02:47:00+00:00,>24h,11,7,6,False,0.636,-0.364,1.375,0.22100000000000003,0.020000000000000018,0.0195,1.321,True,0.594,0.678
highest-temperature-in-hong-kong-on-june-5-2026,Hong Kong,2026-06-05,clean,2026-06-04 02:55:00+00:00,>24h,11,7,6,False,0.636,-0.364,19.486,7.542,0.020000000000000018,0.0195,18.783,True,0.594,0.678
highest-temperature-in-hong-kong-on-june-5-2026,Hong Kong,2026-06-05,clean,2026-06-04 02:53:00+00:00,>24h,11,7,6,False,0.636,-0.364,10.289,1.62,0.020000000000000018,0.0195,8.88,True,0.594,0.678
highest-temperature-in-hong-kong-on-june-5-2026,Hong Kong,2026-06-05,clean,2026-06-05 00:09:00+00:00,6-24h,11,7,7,False,0.636,-0.364,38754.267,0.398,0.020000000000000004,0.009,38753.904,True,0.6080000000000001,0.664
highest-temperature-in-hong-kong-on-june-5-2026,Hong Kong,2026-06-05,clean,2026-06-04 02:51:00+00:00,>24h,11,7,6,False,0.636,-0.364,18.017,0.667,0.020000000000000018,0.0195,18.013,True,0.594,0.678
highest-temperature-in-hong-kong-on-june-5-2026,Hong Kong,2026-06-05,clean,2026-06-05 04:05:00+00:00,6-24h,11,7,7,False,0.6365000000000001,-0.36349999999999993,52914.267,0.097,0.019000000000000003,0.002,52914.262,True,0.615,0.658
highest-temperature-in-hong-kong-on-june-5-2026,Hong Kong,2026-06-05,clean,2026-06-05 01:04:00+00:00,6-24h,11,7,7,False,0.637,-0.363,42054.267,6.147,0.010999999999999996,0.003,42054.244,True,0.618,0.656
highest-temperature-in-hong-kong-on-june-5-2026,Hong Kong,2026-06-05,clean,2026-06-05 04:06:00+00:00,6-24h,11,7,7,False,0.637,-0.363,52974.267,0.92,0.019000000000000003,0.002,52974.257,True,0.615,0.659
highest-temperature-in-hong-kong-on-june-5-2026,Hong Kong,2026-06-05,clean,2026-06-04 23:50:00+00:00,6-24h,11,7,7,False,0.6370000000000001,-0.3629999999999999,37614.267,2.754,0.020000000000000018,0.008,37612.223,True,0.603,0.671
highest-temperature-in-austin-on-june-11-2026,Austin,2026-06-11,degraded,2026-06-10 01:49:00+00:00,>24h,11,11,11,True,1.3625,0.36250000000000004,43.991,24.743,0.19,0.06999999999999999,39.249,False,0.9069999999999999,1.8179999999999998
highest-temperature-in-hong-kong-on-june-5-2026,Hong Kong,2026-06-05,clean,2026-06-05 03:31:00+00:00,6-24h,11,7,7,False,0.638,-0.362,50874.267,0.09,0.03999999999999998,0.006999999999999999,50874.246,True,0.589,0.6869999999999999
highest-temperature-in-hong-kong-on-june-5-2026,Hong Kong,2026-06-05,clean,2026-06-05 00:13:00+00:00,6-24h,11,7,7,False,0.6385,-0.36150000000000004,38994.267,13.394,0.010000000000000009,0.007000000000000001,38992.767,True,0.615,0.662
highest-temperature-in-hong-kong-on-june-5-2026,Hong Kong,2026-06-05,clean,2026-06-04 01:51:00+00:00,>24h,11,7,6,False,0.6385000000000001,-0.36149999999999993,0.374,0.1875,0.03,0.011000000000000006,0.195,True,0.6,0.677
highest-temperature-in-hong-kong-on-june-5-2026,Hong Kong,2026-06-05,clean,2026-06-04 01:54:00+00:00,>24h,11,7,6,False,0.6385000000000001,-0.36149999999999993,5.824,4.736000000000001,0.03,0.011000000000000006,5.556,True,0.6,0.677
highest-temperature-in-hong-kong-on-june-5-2026,Hong Kong,2026-06-05,clean,2026-06-05 00:18:00+00:00,6-24h,11,7,7,False,0.6385000000000001,-0.36149999999999993,39294.267,4.507,0.02,0.009999999999999998,39292.939,True,0.609,0.668
highest-temperature-in-hong-kong-on-june-5-2026,Hong Kong,2026-06-05,clean,2026-06-04 01:52:00+00:00,>24h,11,7,6,False,0.6385000000000001,-0.36149999999999993,13.165,2.618,0.03,0.011000000000000006,11.667,True,0.6,0.677
highest-temperature-in-hong-kong-on-june-5-2026,Hong Kong,2026-06-05,clean,2026-06-04 01:55:00+00:00,>24h,11,7,6,False,0.6385000000000001,-0.36149999999999993,18.838,3.927,0.03,0.011000000000000006,18.771,True,0.6,0.677
highest-temperature-in-hong-kong-on-june-5-2026,Hong Kong,2026-06-05,clean,2026-06-05 00:01:00+00:00,6-24h,11,7,7,False,0.6385000000000001,-0.36149999999999993,38274.267,0.119,0.03,0.010000000000000002,38274.246,True,0.5990000000000001,0.678
highest-temperature-in-hong-kong-on-june-5-2026,Hong Kong,2026-06-05,clean,2026-06-04 01:53:00+00:00,>24h,11,7,6,False,0.6385000000000001,-0.36149999999999993,10.348,6.7125,0.03,0.011000000000000006,9.23,True,0.6,0.677
highest-temperature-in-hong-kong-on-june-5-2026,Hong Kong,2026-06-05,clean,2026-06-04 01:58:00+00:00,>24h,11,7,6,False,0.6385000000000001,-0.36149999999999993,21.481,1.6715,0.03,0.011000000000000006,21.227,True,0.6,0.677
highest-temperature-in-hong-kong-on-june-5-2026,Hong Kong,2026-06-05,clean,2026-06-04 01:50:00+00:00,>24h,11,7,6,False,0.6385000000000001,-0.36149999999999993,4.741,4.4755,0.03,0.011000000000000006,4.498,True,0.6,0.677
highest-temperature-in-hong-kong-on-june-5-2026,Hong Kong,2026-06-05,clean,2026-06-04 01:49:00+00:00,>24h,11,7,6,False,0.6385000000000001,-0.36149999999999993,8.155,2.355,0.03,0.011000000000000006,7.911,True,0.6,0.677
highest-temperature-in-hong-kong-on-june-5-2026,Hong Kong,2026-06-05,clean,2026-06-04 01:57:00+00:00,>24h,11,7,6,False,0.6385000000000001,-0.36149999999999993,5.324,1.9165,0.03,0.011000000000000006,5.109,True,0.6,0.677
highest-temperature-in-hong-kong-on-june-5-2026,Hong Kong,2026-06-05,clean,2026-06-05 04:01:00+00:00,6-24h,11,7,7,False,0.6385000000000001,-0.36149999999999993,52674.267,1.073,0.029000000000000012,0.002,52674.237,True,0.599,0.678
highest-temperature-in-hong-kong-on-june-5-2026,Hong Kong,2026-06-05,clean,2026-06-04 23:14:00+00:00,6-24h,11,7,7,False,0.639,-0.361,35454.267,4.453,0.020000000000000018,0.010000000000000009,35451.314,True,0.6020000000000001,0.676
highest-temperature-in-hong-kong-on-june-5-2026,Hong Kong,2026-06-05,clean,2026-06-04 23:51:00+00:00,6-24h,11,7,7,False,0.639,-0.361,37674.267,1.051,0.03,0.010000000000000009,37674.137,True,0.5980000000000001,0.6799999999999999
highest-temperature-in-hong-kong-on-june-5-2026,Hong Kong,2026-06-05,clean,2026-06-04 23:52:00+00:00,6-24h,11,7,7,False,0.639,-0.361,37734.267,7.519,0.03,0.010000000000000009,37734.258,True,0.5980000000000001,0.6799999999999999
highest-temperature-in-hong-kong-on-june-5-2026,Hong Kong,2026-06-05,clean,2026-06-04 23:55:00+00:00,6-24h,11,7,7,False,0.6390000000000001,-0.3609999999999999,37914.267,5.734,0.01999999999999999,0.009999999999999995,37908.541,True,0.6080000000000001,0.6699999999999999
highest-temperature-in-hong-kong-on-june-5-2026,Hong Kong,2026-06-05,clean,2026-06-04 22:42:00+00:00,6-24h,11,7,7,False,0.6399999999999999,-0.3600000000000001,33534.267,1.837,0.013999999999999999,0.009999999999999995,33534.251,True,0.6140000000000001,0.6659999999999999
highest-temperature-in-hong-kong-on-june-5-2026,Hong Kong,2026-06-05,clean,2026-06-04 23:40:00+00:00,6-24h,11,7,7,False,0.64,-0.36,37014.267,0.405,0.020000000000000018,0.015000000000000001,37014.162,True,0.5980000000000001,0.6819999999999999
highest-temperature-in-hong-kong-on-june-5-2026,Hong Kong,2026-06-05,clean,2026-06-04 23:56:00+00:00,6-24h,11,7,7,False,0.64,-0.36,37974.267,0.021,0.030000000000000013,0.010000000000000002,37974.258,True,0.599,0.681
highest-temperature-in-hong-kong-on-june-5-2026,Hong Kong,2026-06-05,clean,2026-06-05 02:56:00+00:00,6-24h,11,7,7,False,0.6405,-0.35950000000000004,48774.267,11.463,0.018000000000000002,0.0020000000000000018,48773.647,True,0.62,0.661
highest-temperature-in-hong-kong-on-june-5-2026,Hong Kong,2026-06-05,clean,2026-06-05 00:05:00+00:00,6-24h,11,7,7,False,0.6405,-0.35950000000000004,38514.267,1.685,0.010000000000000002,0.006000000000000002,38512.59,True,0.6190000000000001,0.662
highest-temperature-in-hong-kong-on-june-5-2026,Hong Kong,2026-06-05,clean,2026-06-04 02:46:00+00:00,>24h,11,7,6,False,0.6405,-0.35950000000000004,10.569,0.759,0.020000000000000018,0.015000000000000003,10.388,True,0.6029999999999999,0.678
highest-temperature-in-hong-kong-on-june-5-2026,Hong Kong,2026-06-05,clean,2026-06-05 04:49:00+00:00,6-24h,11,7,7,False,0.6405000000000001,-0.35949999999999993,55554.267,2580.92,0.040000000000000036,0.002,55552.114,True,0.5800000000000001,0.701
highest-temperature-in-hong-kong-on-june-5-2026,Hong Kong,2026-06-05,clean,2026-06-04 23:06:00+00:00,6-24h,11,7,7,False,0.6405000000000001,-0.35949999999999993,34974.267,1.136,0.020000000000000018,0.009999999999999995,34973.942,True,0.605,0.6759999999999999
highest-temperature-in-hong-kong-on-june-5-2026,Hong Kong,2026-06-05,clean,2026-06-05 00:14:00+00:00,6-24h,11,7,7,False,0.6405000000000001,-0.35949999999999993,39054.267,2.518,0.020000000000000018,0.010000000000000002,39053.973,True,0.61,0.671
highest-temperature-in-hong-kong-on-june-5-2026,Hong Kong,2026-06-05,clean,2026-06-05 04:23:00+00:00,6-24h,11,7,7,False,0.641,-0.359,53994.267,1020.92,0.040000000000000036,0.002,53994.239,True,0.5910000000000001,0.691
highest-temperature-in-hong-kong-on-june-5-2026,Hong Kong,2026-06-05,clean,2026-06-05 00:20:00+00:00,6-24h,11,7,7,False,0.641,-0.359,39414.267,23.814,0.020000000000000018,0.006,39413.317,True,0.609,0.673
highest-temperature-in-hong-kong-on-june-5-2026,Hong Kong,2026-06-05,clean,2026-06-05 02:31:00+00:00,6-24h,11,7,7,False,0.6415,-0.35850000000000004,47274.267,3.532,0.026000000000000002,0.010000000000000009,47271.409,True,0.607,0.6759999999999999
highest-temperature-in-hong-kong-on-june-5-2026,Hong Kong,2026-06-05,clean,2026-06-04 23:49:00+00:00,6-24h,11,7,7,False,0.642,-0.358,37554.267,15.54,0.03,0.008,37554.236,True,0.603,0.681
highest-temperature-in-hong-kong-on-june-5-2026,Hong Kong,2026-06-05,clean,2026-06-04 23:47:00+00:00,6-24h,11,7,7,False,0.6425000000000001,-0.35749999999999993,37434.267,0.033,0.03,0.009000000000000001,37434.263,True,0.603,0.6819999999999999
highest-temperature-in-hong-kong-on-june-5-2026,Hong Kong,2026-06-05,clean,2026-06-04 23:48:00+00:00,6-24h,11,7,7,False,0.6425000000000001,-0.35749999999999993,37494.267,2.086,0.03,0.009000000000000001,37494.034,True,0.603,0.6819999999999999
highest-temperature-in-hong-kong-on-june-5-2026,Hong Kong,2026-06-05,clean,2026-06-05 03:58:00+00:00,6-24h,11,7,7,False,0.643,-0.357,52494.267,0.708,0.03900000000000001,0.002,52494.104,True,0.6040000000000001,0.6819999999999999
highest-temperature-in-hong-kong-on-june-5-2026,Hong Kong,2026-06-05,clean,2026-06-05 00:19:00+00:00,6-24h,11,7,7,False,0.643,-0.357,39354.267,3.764,0.010000000000000009,0.009000000000000001,39354.013,True,0.619,0.667
highest-temperature-in-hong-kong-on-june-5-2026,Hong Kong,2026-06-05,clean,2026-06-04 23:53:00+00:00,6-24h,11,7,7,False,0.644,-0.356,37794.267,4.136,0.020000000000000018,0.009999999999999995,37791.81,True,0.6080000000000001,0.6799999999999999
highest-temperature-in-hong-kong-on-june-5-2026,Hong Kong,2026-06-05,clean,2026-06-04 23:54:00+00:00,6-24h,11,7,7,False,0.644,-0.356,37854.267,11.117,0.020000000000000018,0.009999999999999995,37843.185,True,0.6080000000000001,0.6799999999999999
highest-temperature-in-hong-kong-on-june-5-2026,Hong Kong,2026-06-05,clean,2026-06-05 04:39:00+00:00,6-24h,11,7,7,False,0.644,-0.356,54954.267,1980.92,0.08000000000000002,0.002,54954.197,True,0.5800000000000001,0.7080000000000001
highest-temperature-in-hong-kong-on-june-5-2026,Hong Kong,2026-06-05,clean,2026-06-05 00:03:00+00:00,6-24h,11,7,7,False,0.644,-0.356,38394.267,5.787,0.03,0.004,38393.037,True,0.6090000000000001,0.679
highest-temperature-in-hong-kong-on-june-5-2026,Hong Kong,2026-06-05,clean,2026-06-04 22:45:00+00:00,6-24h,11,7,7,False,0.645,-0.355,33714.267,16.211,0.03,0.010000000000000009,33705.754,True,0.6040000000000001,0.6859999999999999
highest-temperature-in-hong-kong-on-june-5-2026,Hong Kong,2026-06-05,clean,2026-06-04 22:43:00+00:00,6-24h,11,7,7,False,0.645,-0.355,33594.267,2.083,0.020000000000000004,0.009999999999999995,33594.252,True,0.6140000000000001,0.6759999999999999
highest-temperature-in-hong-kong-on-june-5-2026,Hong Kong,2026-06-05,clean,2026-06-04 22:46:00+00:00,6-24h,11,7,7,False,0.645,-0.355,33774.267,6.238,0.03,0.010000000000000009,33768.353,True,0.6040000000000001,0.6859999999999999
highest-temperature-in-hong-kong-on-june-5-2026,Hong Kong,2026-06-05,clean,2026-06-04 22:47:00+00:00,6-24h,11,7,7,False,0.6455,-0.35450000000000004,33834.267,0.524,0.020000000000000018,0.013999999999999999,33834.255,True,0.605,0.6859999999999999
highest-temperature-in-hong-kong-on-june-5-2026,Hong Kong,2026-06-05,clean,2026-06-04 22:51:00+00:00,6-24h,11,7,7,False,0.6455,-0.35450000000000004,34074.267,1.61,0.020000000000000018,0.013999999999999999,34074.213,True,0.605,0.6859999999999999
highest-temperature-in-hong-kong-on-june-5-2026,Hong Kong,2026-06-05,clean,2026-06-04 22:49:00+00:00,6-24h,11,7,7,False,0.6455,-0.35450000000000004,33954.267,4.083,0.020000000000000018,0.013999999999999999,33951.135,True,0.605,0.6859999999999999
highest-temperature-in-hong-kong-on-june-5-2026,Hong Kong,2026-06-05,clean,2026-06-04 22:48:00+00:00,6-24h,11,7,7,False,0.6455,-0.35450000000000004,33894.267,1.083,0.020000000000000018,0.013999999999999999,33894.262,True,0.605,0.6859999999999999
highest-temperature-in-hong-kong-on-june-5-2026,Hong Kong,2026-06-05,clean,2026-06-04 02:45:00+00:00,>24h,11,7,6,False,0.6455,-0.35450000000000004,15.819,0.059,0.020000000000000018,0.02,15.81,True,0.6029999999999999,0.6880000000000001
highest-temperature-in-austin-on-june-11-2026,Austin,2026-06-11,degraded,2026-06-10 01:47:00+00:00,>24h,11,11,11,True,1.3545,0.35450000000000004,73.94,10.325,0.19,0.07,73.877,False,0.9269999999999999,1.782
highest-temperature-in-hong-kong-on-june-5-2026,Hong Kong,2026-06-05,clean,2026-06-04 23:42:00+00:00,6-24h,11,7,7,False,0.6455000000000001,-0.3544999999999999,37134.267,10.144,0.030000000000000013,0.006,37129.937,True,0.6080000000000001,0.683
highest-temperature-in-hong-kong-on-june-5-2026,Hong Kong,2026-06-05,clean,2026-06-04 23:41:00+00:00,6-24h,11,7,7,False,0.6455000000000001,-0.3544999999999999,37074.267,6.907,0.030000000000000013,0.006,37070.802,True,0.6080000000000001,0.683
highest-temperature-in-austin-on-june-11-2026,Austin,2026-06-11,degraded,2026-06-10 01:41:00+00:00,>24h,11,11,11,True,1.3544999999999998,0.3544999999999998,17.996,17.991,0.19,0.13,12.001,False,0.791,1.918
highest-temperature-in-austin-on-june-11-2026,Austin,2026-06-11,degraded,2026-06-10 01:44:00+00:00,>24h,11,11,11,True,1.3544999999999998,0.3544999999999998,80.945,0.717,0.19,0.13,80.245,False,0.811,1.898
highest-temperature-in-hong-kong-on-june-5-2026,Hong Kong,2026-06-05,clean,2026-06-05 00:02:00+00:00,6-24h,11,7,7,False,0.646,-0.354,38334.267,0.641,0.03,0.006999999999999999,38334.25,True,0.6090000000000001,0.683
highest-temperature-in-austin-on-june-11-2026,Austin,2026-06-11,degraded,2026-06-10 01:45:00+00:00,>24h,11,11,11,True,1.3539999999999999,0.35399999999999987,140.945,19.99,0.19,0.13,138.757,False,0.811,1.897
highest-temperature-in-hong-kong-on-june-5-2026,Hong Kong,2026-06-05,clean,2026-06-04 22:50:00+00:00,6-24h,11,7,7,False,0.6460000000000001,-0.35399999999999987,34014.267,4.475,0.020000000000000018,0.015,34010.113,True,0.605,0.6869999999999999
highest-temperature-in-hong-kong-on-june-5-2026,Hong Kong,2026-06-05,clean,2026-06-05 03:59:00+00:00,6-24h,11,7,7,False,0.6465000000000001,-0.3534999999999999,52554.267,5.896,0.019000000000000003,0.002,52554.246,True,0.625,0.668
highest-temperature-in-hong-kong-on-june-5-2026,Hong Kong,2026-06-05,clean,2026-06-05 03:57:00+00:00,6-24h,11,7,7,False,0.649,-0.351,52434.267,0.657,0.030000000000000027,0.009000000000000001,52434.053,True,0.5980000000000001,0.7
highest-temperature-in-hong-kong-on-june-5-2026,Hong Kong,2026-06-05,clean,2026-06-05 00:49:00+00:00,6-24h,11,7,7,False,0.649,-0.351,41154.267,2.128,0.010000000000000009,0.006,41154.162,True,0.629,0.669
highest-temperature-in-hong-kong-on-june-5-2026,Hong Kong,2026-06-05,clean,2026-06-05 04:25:00+00:00,6-24h,11,7,7,False,0.649,-0.351,54114.267,1140.92,0.030000000000000027,0.002,54111.153,True,0.6210000000000001,0.677
highest-temperature-in-austin-on-june-11-2026,Austin,2026-06-11,degraded,2026-06-10 01:37:00+00:00,>24h,11,11,11,True,1.3505,0.35050000000000003,22.236,18.034,0.21,0.15000000000000002,21.711,False,0.6900000000000002,2.011
highest-temperature-in-austin-on-june-11-2026,Austin,2026-06-11,degraded,2026-06-10 01:34:00+00:00,>24h,11,11,9,False,1.35,0.3500000000000001,24.463,17.104,0.36,0.15000000000000002,20.736,False,0.5,2.2
highest-temperature-in-hong-kong-on-june-5-2026,Hong Kong,2026-06-05,clean,2026-06-04 23:43:00+00:00,6-24h,11,7,7,False,0.65,-0.35,37194.267,0.522,0.030000000000000013,0.006999999999999999,37194.255,True,0.607,0.6930000000000001
highest-temperature-in-hong-kong-on-june-5-2026,Hong Kong,2026-06-05,clean,2026-06-04 02:42:00+00:00,>24h,11,7,6,False,0.6505,-0.34950000000000003,6.093,0.6799999999999999,0.040000000000000036,0.012,5.958,True,0.602,0.699
highest-temperature-in-hong-kong-on-june-5-2026,Hong Kong,2026-06-05,clean,2026-06-04 02:41:00+00:00,>24h,11,7,6,False,0.6505,-0.34950000000000003,10.361,2.4444999999999997,0.040000000000000036,0.012,10.013,True,0.602,0.699
highest-temperature-in-hong-kong-on-june-5-2026,Hong Kong,2026-06-05,clean,2026-06-04 02:40:00+00:00,>24h,11,7,6,False,0.6505,-0.34950000000000003,1.005,0.8554999999999999,0.040000000000000036,0.012,0.622,True,0.602,0.699
highest-temperature-in-austin-on-june-11-2026,Austin,2026-06-11,degraded,2026-06-10 01:43:00+00:00,>24h,11,11,11,True,1.3494999999999997,0.3494999999999997,137.992,35.588,0.19,0.13,127.48,False,0.791,1.908
highest-temperature-in-austin-on-june-11-2026,Austin,2026-06-11,degraded,2026-06-10 01:42:00+00:00,>24h,11,11,11,True,1.3494999999999997,0.3494999999999997,77.992,29.81,0.19,0.13,76.997,False,0.791,1.908
highest-temperature-in-hong-kong-on-june-5-2026,Hong Kong,2026-06-05,clean,2026-06-04 22:30:00+00:00,6-24h,11,7,7,False,0.651,-0.349,32814.267,6.778,0.03,0.010000000000000009,32811.061,True,0.6040000000000001,0.698
highest-temperature-in-hong-kong-on-june-5-2026,Hong Kong,2026-06-05,clean,2026-06-04 23:45:00+00:00,6-24h,11,7,7,False,0.652,-0.348,37314.267,5.93,0.030000000000000013,0.009000000000000001,37314.186,True,0.613,0.6910000000000001
highest-temperature-in-hong-kong-on-june-5-2026,Hong Kong,2026-06-05,clean,2026-06-04 23:44:00+00:00,6-24h,11,7,7,False,0.652,-0.348,37254.267,9.35,0.030000000000000013,0.009000000000000001,37248.395,True,0.613,0.6910000000000001
highest-temperature-in-hong-kong-on-june-5-2026,Hong Kong,2026-06-05,clean,2026-06-04 23:46:00+00:00,6-24h,11,7,7,False,0.6525000000000001,-0.3474999999999999,37374.267,9.594,0.030000000000000013,0.009000000000000001,37370.86,True,0.613,0.692
highest-temperature-in-hong-kong-on-june-5-2026,Hong Kong,2026-06-05,clean,2026-06-05 00:50:00+00:00,6-24h,11,7,7,False,0.6529999999999999,-0.3470000000000001,41214.267,11.935,0.010000000000000009,0.0020000000000000018,41208.429,True,0.6379999999999999,0.6679999999999999
highest-temperature-in-hong-kong-on-june-5-2026,Hong Kong,2026-06-05,clean,2026-06-05 00:51:00+00:00,6-24h,11,7,7,False,0.653,-0.347,41274.267,0.926,0.010000000000000009,0.003,41273.881,True,0.6359999999999999,0.6699999999999999
highest-temperature-in-hong-kong-on-june-5-2026,Hong Kong,2026-06-05,clean,2026-06-04 22:02:00+00:00,6-24h,11,7,7,False,0.6535,-0.34650000000000003,31134.267,7.052,0.01999999999999999,0.010000000000000009,31130.632,True,0.6229999999999999,0.6839999999999999
highest-temperature-in-hong-kong-on-june-5-2026,Hong Kong,2026-06-05,clean,2026-06-04 22:03:00+00:00,6-24h,11,7,7,False,0.6535,-0.34650000000000003,31194.267,9.357,0.01999999999999999,0.010000000000000009,31193.711,True,0.6229999999999999,0.6839999999999999
highest-temperature-in-hong-kong-on-june-5-2026,Hong Kong,2026-06-05,clean,2026-06-05 02:57:00+00:00,6-24h,11,7,7,False,0.6535,-0.34650000000000003,48834.267,1.102,0.030000000000000027,0.007,48834.137,True,0.62,0.6869999999999999
highest-temperature-in-hong-kong-on-june-5-2026,Hong Kong,2026-06-05,clean,2026-06-05 00:17:00+00:00,6-24h,11,7,7,False,0.6535000000000001,-0.3464999999999999,39234.267,0.399,0.010000000000000009,0.009999999999999998,39234.253,True,0.629,0.678
highest-temperature-in-hong-kong-on-june-5-2026,Hong Kong,2026-06-05,clean,2026-06-05 01:40:00+00:00,6-24h,11,7,7,False,0.6535000000000001,-0.3464999999999999,44214.267,0.067,0.050000000000000044,0.0049999999999999906,44214.245,True,0.609,0.698
highest-temperature-in-hong-kong-on-june-5-2026,Hong Kong,2026-06-05,clean,2026-06-04 22:39:00+00:00,6-24h,11,7,7,False,0.6539999999999999,-0.3460000000000001,33354.267,0.027,0.03,0.009999999999999995,33354.256,True,0.6140000000000001,0.694
highest-temperature-in-hong-kong-on-june-5-2026,Hong Kong,2026-06-05,clean,2026-06-05 00:16:00+00:00,6-24h,11,7,7,False,0.654,-0.346,39174.267,1.586,0.011,0.010000000000000002,39174.232,True,0.629,0.679
highest-temperature-in-hong-kong-on-june-5-2026,Hong Kong,2026-06-05,clean,2026-06-04 22:35:00+00:00,6-24h,11,7,7,False,0.6545,-0.34550000000000003,33114.267,14.711,0.02999999999999997,0.010000000000000009,33110.054,True,0.6140000000000001,0.695
highest-temperature-in-hong-kong-on-june-5-2026,Hong Kong,2026-06-05,clean,2026-06-05 01:03:00+00:00,6-24h,11,7,7,False,0.6545,-0.34550000000000003,41994.267,1.051,0.04400000000000001,0.003,41994.257,True,0.609,0.7
highest-temperature-in-hong-kong-on-june-5-2026,Hong Kong,2026-06-05,clean,2026-06-04 22:34:00+00:00,6-24h,11,7,7,False,0.655,-0.345,33054.267,0.658,0.02999999999999997,0.010000000000000009,33053.837,True,0.6140000000000001,0.696
highest-temperature-in-hong-kong-on-june-5-2026,Hong Kong,2026-06-05,clean,2026-06-05 05:07:00+00:00,6-24h,11,7,7,False,0.655,-0.345,56634.267,3660.92,0.07999999999999996,0.001999999999999988,56634.183,True,0.585,0.725
highest-temperature-in-hong-kong-on-june-5-2026,Hong Kong,2026-06-05,clean,2026-06-05 00:52:00+00:00,6-24h,11,7,7,False,0.655,-0.345,41334.267,0.482,0.019999999999999962,0.003,41334.24,True,0.626,0.6839999999999999
highest-temperature-in-hong-kong-on-june-5-2026,Hong Kong,2026-06-05,clean,2026-06-04 22:33:00+00:00,6-24h,11,7,7,False,0.6555,-0.34450000000000003,32994.267,9.001,0.02999999999999997,0.010000000000000009,32990.445,True,0.6140000000000001,0.697
highest-temperature-in-hong-kong-on-june-5-2026,Hong Kong,2026-06-05,clean,2026-06-04 22:32:00+00:00,6-24h,11,7,7,False,0.6555,-0.34450000000000003,32934.267,9.802,0.02999999999999997,0.010000000000000009,32931.638,True,0.6140000000000001,0.697
highest-temperature-in-hong-kong-on-june-5-2026,Hong Kong,2026-06-05,clean,2026-06-04 23:00:00+00:00,6-24h,11,7,7,False,0.6555,-0.34450000000000003,34614.267,5.4,0.020000000000000004,0.009999999999999995,34613.207,True,0.625,0.6859999999999999
highest-temperature-in-hong-kong-on-june-5-2026,Hong Kong,2026-06-05,clean,2026-06-04 22:36:00+00:00,6-24h,11,7,7,False,0.6555,-0.34450000000000003,33174.267,0.353,0.02999999999999997,0.010000000000000009,33174.261,True,0.6140000000000001,0.697
highest-temperature-in-hong-kong-on-june-5-2026,Hong Kong,2026-06-05,clean,2026-06-04 22:31:00+00:00,6-24h,11,7,7,False,0.6555,-0.34450000000000003,32874.267,28.755,0.02999999999999997,0.010000000000000009,32870.7,True,0.6140000000000001,0.697
highest-temperature-in-hong-kong-on-june-5-2026,Hong Kong,2026-06-05,clean,2026-06-04 22:37:00+00:00,6-24h,11,7,7,False,0.6555,-0.34450000000000003,33234.267,0.751,0.02999999999999997,0.010000000000000009,33234.171,True,0.6140000000000001,0.697
highest-temperature-in-hong-kong-on-june-5-2026,Hong Kong,2026-06-05,clean,2026-06-04 02:39:00+00:00,>24h,11,7,6,False,0.6555,-0.34450000000000003,20.049,0.1575,0.030000000000000027,0.012,20.049,True,0.612,0.699
highest-temperature-in-hong-kong-on-june-5-2026,Hong Kong,2026-06-05,clean,2026-06-05 04:24:00+00:00,6-24h,11,7,7,False,0.6575000000000001,-0.3424999999999999,54054.267,1080.92,0.022,0.002,54054.112,True,0.6240000000000001,0.6910000000000001
highest-temperature-in-hong-kong-on-june-5-2026,Hong Kong,2026-06-05,clean,2026-06-04 22:00:00+00:00,6-24h,11,7,7,False,0.6579999999999999,-0.3420000000000001,31014.267,47.243,0.020000000000000018,0.010000000000000009,31012.008,True,0.624,0.692
highest-temperature-in-hong-kong-on-june-5-2026,Hong Kong,2026-06-05,clean,2026-06-04 21:56:00+00:00,6-24h,11,7,7,False,0.6579999999999999,-0.3420000000000001,30774.267,2.158,0.020000000000000018,0.010000000000000009,30773.064,True,0.624,0.692
highest-temperature-in-hong-kong-on-june-5-2026,Hong Kong,2026-06-05,clean,2026-06-04 21:55:00+00:00,6-24h,11,7,7,False,0.6579999999999999,-0.3420000000000001,30714.267,20.919,0.020000000000000018,0.010000000000000009,30711.154,True,0.624,0.692
highest-temperature-in-hong-kong-on-june-5-2026,Hong Kong,2026-06-05,clean,2026-06-04 21:59:00+00:00,6-24h,11,7,7,False,0.6579999999999999,-0.3420000000000001,30954.267,9.842,0.020000000000000018,0.010000000000000009,30954.204,True,0.624,0.692
highest-temperature-in-hong-kong-on-june-5-2026,Hong Kong,2026-06-05,clean,2026-06-04 21:57:00+00:00,6-24h,11,7,7,False,0.6579999999999999,-0.3420000000000001,30834.267,37.595,0.020000000000000018,0.010000000000000009,30832.814,True,0.624,0.692
highest-temperature-in-hong-kong-on-june-5-2026,Hong Kong,2026-06-05,clean,2026-06-04 21:58:00+00:00,6-24h,11,7,7,False,0.6579999999999999,-0.3420000000000001,30894.267,32.229,0.020000000000000018,0.010000000000000009,30891.71,True,0.624,0.692
highest-temperature-in-hong-kong-on-june-5-2026,Hong Kong,2026-06-05,clean,2026-06-04 22:04:00+00:00,6-24h,11,7,7,False,0.6585,-0.3415,31254.267,2.0,0.03,0.010000000000000009,31254.019,True,0.6229999999999999,0.694
highest-temperature-in-hong-kong-on-june-5-2026,Hong Kong,2026-06-05,clean,2026-06-04 22:01:00+00:00,6-24h,11,7,7,False,0.6585,-0.3415,31074.267,13.453,0.020000000000000018,0.010000000000000009,31071.954,True,0.6229999999999999,0.694
highest-temperature-in-taipei-on-june-8-2026,Taipei,2026-06-08,clean,2026-06-06 23:05:00+00:00,>24h,11,11,8,False,1.3415,0.3414999999999999,79.071,20.2095,0.478,0.1,77.418,False,0.644,2.039
highest-temperature-in-taipei-on-june-8-2026,Taipei,2026-06-08,clean,2026-06-06 23:04:00+00:00,>24h,11,11,8,False,1.3415,0.3414999999999999,19.077,17.6,0.478,0.1,16.975,False,0.644,2.039
highest-temperature-in-hong-kong-on-june-5-2026,Hong Kong,2026-06-05,clean,2026-06-04 02:32:00+00:00,>24h,11,7,6,False,0.6589999999999999,-0.3410000000000001,0.955,0.4255,0.039999999999999994,0.017500000000000012,0.952,True,0.599,0.719
highest-temperature-in-hong-kong-on-june-5-2026,Hong Kong,2026-06-05,clean,2026-06-04 22:38:00+00:00,6-24h,11,7,7,False,0.659,-0.34099999999999997,33294.267,0.328,0.030000000000000013,0.009999999999999995,33294.216,True,0.6240000000000001,0.694
highest-temperature-in-austin-on-june-11-2026,Austin,2026-06-11,degraded,2026-06-10 01:36:00+00:00,>24h,11,11,10,False,1.3400000000000003,0.3400000000000003,124.307,9.971499999999999,0.36,0.15000000000000002,121.69,False,0.52,2.16
highest-temperature-in-hong-kong-on-june-5-2026,Hong Kong,2026-06-05,clean,2026-06-04 22:40:00+00:00,6-24h,11,7,7,False,0.6599999999999999,-0.3400000000000001,33414.267,4.612,0.030000000000000013,0.009999999999999995,33411.399,True,0.6240000000000001,0.696
highest-temperature-in-hong-kong-on-june-5-2026,Hong Kong,2026-06-05,clean,2026-06-04 02:04:00+00:00,>24h,11,7,6,False,0.6599999999999999,-0.3400000000000001,1.179,0.237,0.05,0.012499999999999994,1.042,True,0.601,0.719
highest-temperature-in-hong-kong-on-june-5-2026,Hong Kong,2026-06-05,clean,2026-06-04 02:17:00+00:00,>24h,11,7,6,False,0.6599999999999999,-0.3400000000000001,2.754,0.2485,0.05,0.021999999999999995,2.753,True,0.591,0.729
highest-temperature-in-hong-kong-on-june-5-2026,Hong Kong,2026-06-05,clean,2026-06-04 22:56:00+00:00,6-24h,11,7,7,False,0.6599999999999999,-0.3400000000000001,34374.267,0.922,0.030000000000000013,0.013999999999999999,34373.461,True,0.6140000000000001,0.706
highest-temperature-in-hong-kong-on-june-5-2026,Hong Kong,2026-06-05,clean,2026-06-05 03:53:00+00:00,6-24h,11,7,7,False,0.66,-0.33999999999999997,52194.267,0.624,0.07000000000000006,0.007,52194.123,True,0.609,0.7110000000000001
highest-temperature-in-hong-kong-on-june-5-2026,Hong Kong,2026-06-05,clean,2026-06-05 01:19:00+00:00,6-24h,11,7,7,False,0.66,-0.33999999999999997,42954.267,5.669,0.01999999999999999,0.004,42954.256,True,0.6359999999999999,0.6839999999999999
highest-temperature-in-austin-on-june-11-2026,Austin,2026-06-11,degraded,2026-06-10 01:40:00+00:00,>24h,11,11,11,True,1.3395000000000001,0.33950000000000014,71.88,15.993,0.22,0.14,68.032,False,0.741,1.9379999999999997
highest-temperature-in-hong-kong-on-june-5-2026,Hong Kong,2026-06-05,clean,2026-06-04 23:03:00+00:00,6-24h,11,7,7,False,0.6605,-0.3395,34794.267,172.24,0.03,0.009999999999999995,34624.736,True,0.625,0.696
highest-temperature-in-hong-kong-on-june-5-2026,Hong Kong,2026-06-05,clean,2026-06-04 23:04:00+00:00,6-24h,11,7,7,False,0.6605,-0.3395,34854.267,232.24,0.03,0.009999999999999995,34624.736,True,0.625,0.696
highest-temperature-in-hong-kong-on-june-5-2026,Hong Kong,2026-06-05,clean,2026-06-04 02:25:00+00:00,>24h,11,7,6,False,0.6605,-0.3395,5.937,0.024,0.040000000000000036,0.016999999999999998,5.913,True,0.602,0.719
highest-temperature-in-hong-kong-on-june-5-2026,Hong Kong,2026-06-05,clean,2026-06-04 02:26:00+00:00,>24h,11,7,6,False,0.6605,-0.3395,7.989,1.037,0.040000000000000036,0.016999999999999998,7.838,True,0.602,0.719
highest-temperature-in-hong-kong-on-june-5-2026,Hong Kong,2026-06-05,clean,2026-06-04 02:27:00+00:00,>24h,11,7,6,False,0.6605,-0.3395,18.11,13.585,0.040000000000000036,0.016999999999999998,14.364,True,0.602,0.719
highest-temperature-in-hong-kong-on-june-5-2026,Hong Kong,2026-06-05,clean,2026-06-04 23:05:00+00:00,6-24h,11,7,7,False,0.6605,-0.3395,34914.267,292.24,0.03,0.009999999999999995,34624.736,True,0.625,0.696
highest-temperature-in-hong-kong-on-june-5-2026,Hong Kong,2026-06-05,clean,2026-06-04 23:02:00+00:00,6-24h,11,7,7,False,0.6605,-0.3395,34734.267,112.24,0.03,0.009999999999999995,34624.736,True,0.625,0.696
highest-temperature-in-hong-kong-on-june-5-2026,Hong Kong,2026-06-05,clean,2026-06-04 23:01:00+00:00,6-24h,11,7,7,False,0.6605,-0.3395,34674.267,52.24,0.03,0.009999999999999995,34624.736,True,0.625,0.696
highest-temperature-in-hong-kong-on-june-5-2026,Hong Kong,2026-06-05,clean,2026-06-04 02:43:00+00:00,>24h,11,7,6,False,0.6605,-0.3395,4.446,2.7235,0.040000000000000036,0.02,4.128,True,0.6029999999999999,0.718
highest-temperature-in-hong-kong-on-june-5-2026,Hong Kong,2026-06-05,clean,2026-06-04 02:24:00+00:00,>24h,11,7,6,False,0.6605,-0.3395,10.289,3.1755,0.040000000000000036,0.016999999999999998,7.628,True,0.602,0.719
highest-temperature-in-hong-kong-on-june-5-2026,Hong Kong,2026-06-05,clean,2026-06-04 02:29:00+00:00,>24h,11,7,6,False,0.6605,-0.3395,6.777,3.574,0.040000000000000036,0.016999999999999998,5.997,True,0.602,0.719
highest-temperature-in-hong-kong-on-june-5-2026,Hong Kong,2026-06-05,clean,2026-06-04 02:30:00+00:00,>24h,11,7,6,False,0.6605,-0.3395,4.026,1.871,0.040000000000000036,0.016999999999999998,3.727,True,0.602,0.719
highest-temperature-in-hong-kong-on-june-5-2026,Hong Kong,2026-06-05,clean,2026-06-04 02:23:00+00:00,>24h,11,7,6,False,0.6605,-0.3395,3.28,1.1035,0.040000000000000036,0.016999999999999998,2.961,True,0.602,0.719
highest-temperature-in-hong-kong-on-june-5-2026,Hong Kong,2026-06-05,clean,2026-06-04 02:28:00+00:00,>24h,11,7,6,False,0.6605,-0.3395,9.814,0.895,0.040000000000000036,0.016999999999999998,8.997,True,0.602,0.719
highest-temperature-in-hong-kong-on-june-5-2026,Hong Kong,2026-06-05,clean,2026-06-04 02:21:00+00:00,>24h,11,7,6,False,0.6605,-0.3395,0.726,0.2015,0.040000000000000036,0.016999999999999998,0.562,True,0.602,0.719
highest-temperature-in-hong-kong-on-june-5-2026,Hong Kong,2026-06-05,clean,2026-06-04 02:22:00+00:00,>24h,11,7,6,False,0.6605,-0.3395,10.131,1.4365,0.040000000000000036,0.016999999999999998,9.952,True,0.602,0.719
highest-temperature-in-hong-kong-on-june-5-2026,Hong Kong,2026-06-05,clean,2026-06-04 02:20:00+00:00,>24h,11,7,6,False,0.6605,-0.3395,4.06,1.0265,0.040000000000000036,0.016999999999999998,3.961,True,0.602,0.719
highest-temperature-in-hong-kong-on-june-5-2026,Hong Kong,2026-06-05,clean,2026-06-04 02:44:00+00:00,>24h,11,7,6,False,0.6605,-0.3395,17.628,0.6515,0.040000000000000036,0.02,17.541,True,0.6029999999999999,0.718
highest-temperature-in-hong-kong-on-june-5-2026,Hong Kong,2026-06-05,clean,2026-06-04 22:55:00+00:00,6-24h,11,7,7,False,0.6605000000000001,-0.3394999999999999,34314.267,1.227,0.03,0.013999999999999999,34314.252,True,0.615,0.706
highest-temperature-in-hong-kong-on-june-5-2026,Hong Kong,2026-06-05,clean,2026-06-05 06:37:00+00:00,1-6h,11,7,7,False,0.6615,-0.3385,62034.267,9060.92,0.034999999999999996,0.001,62034.23,True,0.626,0.697
highest-temperature-in-hong-kong-on-june-5-2026,Hong Kong,2026-06-05,clean,2026-06-04 21:51:00+00:00,6-24h,11,7,7,False,0.6619999999999999,-0.3380000000000001,30474.267,2.215,0.03,0.010000000000000002,30473.802,True,0.624,0.7
highest-temperature-in-hong-kong-on-june-5-2026,Hong Kong,2026-06-05,clean,2026-06-04 21:52:00+00:00,6-24h,11,7,7,False,0.6625,-0.3375,30534.267,1.09,0.03,0.010000000000000009,30534.104,True,0.6229999999999999,0.702
highest-temperature-in-hong-kong-on-june-5-2026,Hong Kong,2026-06-05,clean,2026-06-04 21:53:00+00:00,6-24h,11,7,7,False,0.6625,-0.3375,30594.267,1.825,0.03,0.010000000000000009,30592.64,True,0.6229999999999999,0.702
highest-temperature-in-hong-kong-on-june-5-2026,Hong Kong,2026-06-05,clean,2026-06-04 09:04:00+00:00,>24h,11,7,6,False,0.663,-0.33699999999999997,13.815,0.9355,0.020000000000000004,0.010000000000000009,13.555,True,0.635,0.691
highest-temperature-in-hong-kong-on-june-5-2026,Hong Kong,2026-06-05,clean,2026-06-04 09:05:00+00:00,>24h,11,7,6,False,0.663,-0.33699999999999997,14.93,0.651,0.020000000000000004,0.010000000000000009,14.805,True,0.635,0.691
highest-temperature-in-hong-kong-on-june-5-2026,Hong Kong,2026-06-05,clean,2026-06-04 21:54:00+00:00,6-24h,11,7,7,False,0.663,-0.33699999999999997,30654.267,3.393,0.03,0.010000000000000009,30651.12,True,0.624,0.702
highest-temperature-in-hong-kong-on-june-5-2026,Hong Kong,2026-06-05,clean,2026-06-04 09:06:00+00:00,>24h,11,7,6,False,0.663,-0.33699999999999997,22.949,3.752,0.020000000000000004,0.010000000000000009,21.675,True,0.635,0.691
highest-temperature-in-hong-kong-on-june-5-2026,Hong Kong,2026-06-05,clean,2026-06-04 22:22:00+00:00,6-24h,11,7,7,False,0.6635,-0.3365,32334.267,5.249,0.02999999999999997,0.009999999999999995,32333.546,True,0.627,0.7
highest-temperature-in-hong-kong-on-june-5-2026,Hong Kong,2026-06-05,clean,2026-06-04 22:18:00+00:00,6-24h,11,7,7,False,0.6635,-0.3365,32094.267,19.506,0.02999999999999997,0.009999999999999995,32090.929,True,0.627,0.7
highest-temperature-in-hong-kong-on-june-5-2026,Hong Kong,2026-06-05,clean,2026-06-04 22:19:00+00:00,6-24h,11,7,7,False,0.6635,-0.3365,32154.267,16.707,0.02999999999999997,0.009999999999999995,32149.693,True,0.627,0.7
highest-temperature-in-hong-kong-on-june-5-2026,Hong Kong,2026-06-05,clean,2026-06-04 22:20:00+00:00,6-24h,11,7,7,False,0.6635,-0.3365,32214.267,11.693,0.02999999999999997,0.009999999999999995,32213.41,True,0.627,0.7
highest-temperature-in-hong-kong-on-june-5-2026,Hong Kong,2026-06-05,clean,2026-06-04 22:17:00+00:00,6-24h,11,7,7,False,0.6635,-0.3365,32034.267,8.628,0.02999999999999997,0.009999999999999995,32034.244,True,0.627,0.7
highest-temperature-in-hong-kong-on-june-5-2026,Hong Kong,2026-06-05,clean,2026-06-04 22:21:00+00:00,6-24h,11,7,7,False,0.6635,-0.3365,32274.267,0.868,0.02999999999999997,0.009999999999999995,32273.474,True,0.627,0.7
highest-temperature-in-hong-kong-on-june-5-2026,Hong Kong,2026-06-05,clean,2026-06-04 22:23:00+00:00,6-24h,11,7,7,False,0.6635,-0.3365,32394.267,8.644,0.02999999999999997,0.009999999999999995,32390.169,True,0.627,0.7
highest-temperature-in-hong-kong-on-june-5-2026,Hong Kong,2026-06-05,clean,2026-06-04 22:05:00+00:00,6-24h,11,7,7,False,0.6635,-0.3365,31314.267,8.752,0.020000000000000004,0.010000000000000009,31314.239,True,0.6329999999999999,0.694
highest-temperature-in-hong-kong-on-june-5-2026,Hong Kong,2026-06-05,clean,2026-06-05 06:31:00+00:00,1-6h,11,7,7,False,0.664,-0.33599999999999997,61674.267,8700.92,0.06000000000000005,0.001,61673.475,True,0.627,0.7010000000000001
highest-temperature-in-hong-kong-on-june-5-2026,Hong Kong,2026-06-05,clean,2026-06-05 06:32:00+00:00,1-6h,11,7,7,False,0.664,-0.33599999999999997,61734.267,8760.92,0.08000000000000007,0.001,61733.909,True,0.617,0.7110000000000001
highest-temperature-in-hong-kong-on-june-5-2026,Hong Kong,2026-06-05,clean,2026-06-04 02:06:00+00:00,>24h,11,7,6,False,0.665,-0.33499999999999996,28.462,3.5085,0.05,0.007500000000000003,26.968,True,0.6109999999999999,0.719
highest-temperature-in-hong-kong-on-june-5-2026,Hong Kong,2026-06-05,clean,2026-06-04 22:41:00+00:00,6-24h,11,7,7,False,0.665,-0.33499999999999996,33474.267,0.023,0.020000000000000018,0.009999999999999995,33474.251,True,0.6339999999999999,0.696
highest-temperature-in-hong-kong-on-june-5-2026,Hong Kong,2026-06-05,clean,2026-06-04 02:07:00+00:00,>24h,11,7,6,False,0.665,-0.33499999999999996,2.15,0.286,0.05,0.007500000000000003,2.014,True,0.6109999999999999,0.719
highest-temperature-in-hong-kong-on-june-5-2026,Hong Kong,2026-06-05,clean,2026-06-04 22:57:00+00:00,6-24h,11,7,7,False,0.6655,-0.3345,34434.267,0.3,0.030000000000000027,0.013999999999999999,34434.159,True,0.615,0.716
highest-temperature-in-hong-kong-on-june-5-2026,Hong Kong,2026-06-05,clean,2026-06-04 22:54:00+00:00,6-24h,11,7,7,False,0.6655,-0.3345,34254.267,6.77,0.020000000000000018,0.013999999999999999,34253.475,True,0.625,0.706
highest-temperature-in-hong-kong-on-june-5-2026,Hong Kong,2026-06-05,clean,2026-06-04 02:33:00+00:00,>24h,11,7,6,False,0.6655,-0.3345,6.221,5.633,0.039999999999999994,0.016999999999999998,3.664,True,0.612,0.719
highest-temperature-in-hong-kong-on-june-5-2026,Hong Kong,2026-06-05,clean,2026-06-04 02:19:00+00:00,>24h,11,7,6,False,0.6655,-0.3345,4.228,0.1955,0.05,0.016999999999999998,4.169,True,0.602,0.729
highest-temperature-in-hong-kong-on-june-5-2026,Hong Kong,2026-06-05,clean,2026-06-04 02:35:00+00:00,>24h,11,7,6,False,0.6655,-0.3345,2.342,1.165,0.039999999999999994,0.016999999999999998,2.299,True,0.612,0.719
highest-temperature-in-hong-kong-on-june-5-2026,Hong Kong,2026-06-05,clean,2026-06-04 02:31:00+00:00,>24h,11,7,6,False,0.6655,-0.3345,9.624,0.6355,0.039999999999999994,0.016999999999999998,9.342,True,0.612,0.719
highest-temperature-in-hong-kong-on-june-5-2026,Hong Kong,2026-06-05,clean,2026-06-04 02:38:00+00:00,>24h,11,7,6,False,0.6655,-0.3345,3.528,1.1515,0.039999999999999994,0.016999999999999998,3.349,True,0.612,0.719
highest-temperature-in-hong-kong-on-june-5-2026,Hong Kong,2026-06-05,clean,2026-06-04 02:34:00+00:00,>24h,11,7,6,False,0.6655,-0.3345,35.403,5.3975,0.039999999999999994,0.016999999999999998,34.675,True,0.612,0.719
highest-temperature-in-hong-kong-on-june-5-2026,Hong Kong,2026-06-05,clean,2026-06-04 02:18:00+00:00,>24h,11,7,6,False,0.6655,-0.3345,2.313,0.6435,0.05,0.016999999999999998,2.196,True,0.602,0.729
highest-temperature-in-hong-kong-on-june-5-2026,Hong Kong,2026-06-05,clean,2026-06-04 02:37:00+00:00,>24h,11,7,6,False,0.6655,-0.3345,9.046,6.8255,0.039999999999999994,0.016999999999999998,5.716,True,0.612,0.719
highest-temperature-in-hong-kong-on-june-5-2026,Hong Kong,2026-06-05,clean,2026-06-04 02:36:00+00:00,>24h,11,7,6,False,0.6655,-0.3345,28.753,5.7285,0.039999999999999994,0.016999999999999998,26.004,True,0.612,0.719
highest-temperature-in-qingdao-on-june-10-2026,Qingdao,2026-06-10,clean,2026-06-08 05:04:00+00:00,>24h,11,10,10,False,1.3345,0.3345,150.993,117.98949999999999,0.569,0.175,142.507,True,0.42200000000000004,2.2470000000000003
highest-temperature-in-hong-kong-on-june-5-2026,Hong Kong,2026-06-05,clean,2026-06-04 22:58:00+00:00,6-24h,11,7,7,False,0.6655,-0.3345,34494.267,4.118,0.030000000000000027,0.013999999999999999,34492.889,True,0.615,0.716
highest-temperature-in-hong-kong-on-june-5-2026,Hong Kong,2026-06-05,clean,2026-06-04 22:59:00+00:00,6-24h,11,7,7,False,0.6655,-0.3345,34554.267,7.39,0.030000000000000027,0.013999999999999999,34548.903,True,0.615,0.716
highest-temperature-in-qingdao-on-june-10-2026,Qingdao,2026-06-10,clean,2026-06-08 05:03:00+00:00,>24h,11,10,10,False,1.3345,0.3345,90.993,57.9895,0.569,0.175,79.617,True,0.42200000000000004,2.2470000000000003
highest-temperature-in-austin-on-june-11-2026,Austin,2026-06-11,degraded,2026-06-10 01:38:00+00:00,>24h,11,11,11,True,1.3345,0.3345,40.99,31.137,0.19,0.14,40.852,False,0.6900000000000002,1.9789999999999996
highest-temperature-in-qingdao-on-june-10-2026,Qingdao,2026-06-10,clean,2026-06-08 05:05:00+00:00,>24h,11,10,10,False,1.3345,0.3345,210.993,177.9895,0.569,0.175,174.582,True,0.42200000000000004,2.2470000000000003
highest-temperature-in-moscow-on-june-4-2026,Moscow,2026-06-04,clean,2026-06-04 10:31:00+00:00,1-6h,11,11,11,True,1.3339999999999999,0.33399999999999985,31204.016,6989.137,0.38,0.002,31203.828,False,1.0190000000000001,1.649
highest-temperature-in-hong-kong-on-june-5-2026,Hong Kong,2026-06-05,clean,2026-06-04 21:41:00+00:00,6-24h,11,7,7,False,0.6669999999999999,-0.3330000000000001,29874.267,8.263,0.030000000000000013,0.008,29871.46,True,0.6289999999999999,0.705
highest-temperature-in-hong-kong-on-june-5-2026,Hong Kong,2026-06-05,clean,2026-06-04 21:42:00+00:00,6-24h,11,7,7,False,0.6669999999999999,-0.3330000000000001,29934.267,6.63,0.030000000000000013,0.008,29934.087,True,0.6289999999999999,0.705
highest-temperature-in-hong-kong-on-june-5-2026,Hong Kong,2026-06-05,clean,2026-06-04 09:03:00+00:00,>24h,11,7,6,False,0.6679999999999999,-0.3320000000000001,16.677,4.381,0.014000000000000002,0.010000000000000002,15.666,True,0.645,0.691
highest-temperature-in-hong-kong-on-june-5-2026,Hong Kong,2026-06-05,clean,2026-06-05 01:01:00+00:00,6-24h,11,7,7,False,0.6685,-0.3315,41874.267,4.447,0.05399999999999999,0.003,41874.206,True,0.608,0.729
highest-temperature-in-hong-kong-on-june-5-2026,Hong Kong,2026-06-05,clean,2026-06-04 22:09:00+00:00,6-24h,11,7,7,False,0.6685,-0.3315,31554.267,0.306,0.014000000000000002,0.010000000000000009,31554.054,True,0.6429999999999999,0.694
highest-temperature-in-hong-kong-on-june-5-2026,Hong Kong,2026-06-05,clean,2026-06-04 22:10:00+00:00,6-24h,11,7,7,False,0.6685,-0.3315,31614.267,0.016,0.014000000000000002,0.010000000000000009,31614.251,True,0.6429999999999999,0.694
highest-temperature-in-hong-kong-on-june-5-2026,Hong Kong,2026-06-05,clean,2026-06-05 01:02:00+00:00,6-24h,11,7,7,False,0.669,-0.33099999999999996,41934.267,16.088,0.05299999999999999,0.003,41934.211,True,0.609,0.729
highest-temperature-in-hong-kong-on-june-5-2026,Hong Kong,2026-06-05,clean,2026-06-04 02:09:00+00:00,>24h,11,7,6,False,0.6699999999999999,-0.33000000000000007,30.212,0.548,0.05,0.012499999999999994,30.173,True,0.6109999999999999,0.729
highest-temperature-in-hong-kong-on-june-5-2026,Hong Kong,2026-06-05,clean,2026-06-04 02:05:00+00:00,>24h,11,7,6,False,0.6699999999999999,-0.33000000000000007,1.556,0.5705,0.05,0.012499999999999994,1.263,True,0.6109999999999999,0.729
highest-temperature-in-hong-kong-on-june-5-2026,Hong Kong,2026-06-05,clean,2026-06-04 02:08:00+00:00,>24h,11,7,6,False,0.6699999999999999,-0.33000000000000007,14.213,0.2005,0.05,0.012499999999999994,14.166,True,0.6109999999999999,0.729
highest-temperature-in-hong-kong-on-june-5-2026,Hong Kong,2026-06-05,clean,2026-06-04 02:11:00+00:00,>24h,11,7,6,False,0.6705,-0.3295,0.984,0.31,0.05,0.011999999999999993,0.911,True,0.612,0.729
highest-temperature-in-hong-kong-on-june-5-2026,Hong Kong,2026-06-05,clean,2026-06-04 02:15:00+00:00,>24h,11,7,6,False,0.6705,-0.3295,30.345,0.22799999999999998,0.05,0.011999999999999993,30.334,True,0.612,0.729
highest-temperature-in-hong-kong-on-june-5-2026,Hong Kong,2026-06-05,clean,2026-06-04 02:12:00+00:00,>24h,11,7,6,False,0.6705,-0.3295,16.378,0.7155,0.05,0.011999999999999993,16.295,True,0.612,0.729
highest-temperature-in-hong-kong-on-june-5-2026,Hong Kong,2026-06-05,clean,2026-06-04 02:14:00+00:00,>24h,11,7,6,False,0.6705,-0.3295,17.446,5.691000000000001,0.05,0.011999999999999993,15.497,True,0.612,0.729
highest-temperature-in-hong-kong-on-june-5-2026,Hong Kong,2026-06-05,clean,2026-06-04 02:13:00+00:00,>24h,11,7,6,False,0.6705,-0.3295,13.999,0.156,0.05,0.011999999999999993,13.927,True,0.612,0.729
highest-temperature-in-hong-kong-on-june-5-2026,Hong Kong,2026-06-05,clean,2026-06-04 02:10:00+00:00,>24h,11,7,6,False,0.6705,-0.3295,9.924,5.4665,0.05,0.011999999999999993,9.822,True,0.612,0.729
highest-temperature-in-hong-kong-on-june-5-2026,Hong Kong,2026-06-05,clean,2026-06-04 02:16:00+00:00,>24h,11,7,6,False,0.6705,-0.3295,28.202,3.2705,0.05,0.011999999999999993,28.023,True,0.612,0.729
highest-temperature-in-hong-kong-on-june-5-2026,Hong Kong,2026-06-05,clean,2026-06-04 22:53:00+00:00,6-24h,11,7,7,False,0.6705000000000001,-0.3294999999999999,34194.267,5.242,0.03,0.013999999999999999,34190.833,True,0.625,0.716
highest-temperature-in-qingdao-on-june-10-2026,Qingdao,2026-06-10,clean,2026-06-08 05:02:00+00:00,>24h,11,10,10,False,1.3295,0.3294999999999999,38.619,38.545500000000004,0.5589999999999999,0.175,20.325,True,0.42200000000000004,2.237
highest-temperature-in-hong-kong-on-june-5-2026,Hong Kong,2026-06-05,clean,2026-06-04 22:52:00+00:00,6-24h,11,7,7,False,0.6705000000000001,-0.3294999999999999,34134.267,5.643,0.030000000000000027,0.013999999999999999,34133.123,True,0.625,0.716
highest-temperature-in-hong-kong-on-june-5-2026,Hong Kong,2026-06-05,clean,2026-06-04 22:29:00+00:00,6-24h,11,7,7,False,0.6715,-0.3285,32754.267,5.102,0.02999999999999997,0.010000000000000009,32753.988,True,0.634,0.709
highest-temperature-in-shenzhen-on-june-9-2026,Shenzhen,2026-06-09,clean,2026-06-07 04:49:00+00:00,>24h,11,11,9,False,1.3285,0.3285,11.256,11.256,0.257,0.14,9.051,False,0.621,2.036
highest-temperature-in-hong-kong-on-june-5-2026,Hong Kong,2026-06-05,clean,2026-06-04 21:43:00+00:00,6-24h,11,7,7,False,0.6719999999999999,-0.32800000000000007,29994.267,29.07,0.030000000000000013,0.008,29992.496,True,0.6289999999999999,0.715
highest-temperature-in-hong-kong-on-june-5-2026,Hong Kong,2026-06-05,clean,2026-06-04 22:27:00+00:00,6-24h,11,7,7,False,0.673,-0.32699999999999996,32634.267,9.06,0.02999999999999997,0.010000000000000009,32634.248,True,0.637,0.709
highest-temperature-in-hong-kong-on-june-5-2026,Hong Kong,2026-06-05,clean,2026-06-04 22:28:00+00:00,6-24h,11,7,7,False,0.673,-0.32699999999999996,32694.267,0.051,0.02999999999999997,0.010000000000000009,32694.248,True,0.637,0.709
highest-temperature-in-istanbul-on-june-12-2026,Istanbul,2026-06-12,degraded,2026-06-10 05:58:00+00:00,>24h,11,11,11,True,1.3265,0.3265,127.287,16.546,0.328,0.1,121.692,False,0.588,2.065
highest-temperature-in-hong-kong-on-june-5-2026,Hong Kong,2026-06-05,clean,2026-06-04 22:08:00+00:00,6-24h,11,7,7,False,0.6735,-0.3265,31494.267,0.064,0.020000000000000018,0.010000000000000009,31494.266,True,0.6429999999999999,0.704
highest-temperature-in-hong-kong-on-june-5-2026,Hong Kong,2026-06-05,clean,2026-06-04 22:14:00+00:00,6-24h,11,7,7,False,0.6735,-0.3265,31854.267,0.283,0.014000000000000002,0.010000000000000009,31854.198,True,0.6469999999999999,0.7
highest-temperature-in-hong-kong-on-june-5-2026,Hong Kong,2026-06-05,clean,2026-06-04 22:07:00+00:00,6-24h,11,7,7,False,0.6735,-0.3265,31434.267,5.872,0.020000000000000018,0.010000000000000009,31434.188,True,0.6429999999999999,0.704
highest-temperature-in-hong-kong-on-june-5-2026,Hong Kong,2026-06-05,clean,2026-06-04 22:06:00+00:00,6-24h,11,7,7,False,0.6735,-0.3265,31374.267,0.081,0.020000000000000018,0.010000000000000009,31374.255,True,0.6429999999999999,0.704
highest-temperature-in-ankara-on-june-11-2026,Ankara,2026-06-11,degraded,2026-06-09 05:30:00+00:00,>24h,11,11,10,False,1.3250000000000002,0.3250000000000002,6.66,5.011,0.34,0.158,4.058,False,0.528,2.122
highest-temperature-in-hong-kong-on-june-5-2026,Hong Kong,2026-06-05,clean,2026-06-05 01:24:00+00:00,6-24h,11,7,7,False,0.675,-0.32499999999999996,43254.267,0.657,0.030000000000000027,0.004,43254.235,True,0.6459999999999999,0.704
highest-temperature-in-hong-kong-on-june-5-2026,Hong Kong,2026-06-05,clean,2026-06-05 00:56:00+00:00,6-24h,11,7,7,False,0.6755,-0.3245,41574.267,1.487,0.020000000000000004,0.003,41574.265,True,0.647,0.704
highest-temperature-in-shenzhen-on-june-9-2026,Shenzhen,2026-06-09,clean,2026-06-07 04:51:00+00:00,>24h,11,11,9,False,1.324,0.32400000000000007,131.256,67.202,0.25,0.14,120.327,False,0.621,2.027
highest-temperature-in-shenzhen-on-june-9-2026,Shenzhen,2026-06-09,clean,2026-06-07 04:50:00+00:00,>24h,11,11,9,False,1.324,0.32400000000000007,71.256,20.33,0.25,0.14,65.041,False,0.621,2.027
highest-temperature-in-hong-kong-on-june-5-2026,Hong Kong,2026-06-05,clean,2026-06-04 04:14:00+00:00,>24h,11,7,6,False,0.6765,-0.3235,7.951,3.01,0.013999999999999999,0.010000000000000002,7.502,True,0.652,0.701
highest-temperature-in-hong-kong-on-june-5-2026,Hong Kong,2026-06-05,clean,2026-06-04 09:08:00+00:00,>24h,11,7,6,False,0.6765,-0.3235,27.362,0.5805,0.017,0.010000000000000002,27.04,True,0.652,0.701
highest-temperature-in-hong-kong-on-june-5-2026,Hong Kong,2026-06-05,clean,2026-06-04 21:44:00+00:00,6-24h,11,7,7,False,0.6769999999999999,-0.32300000000000006,30054.267,9.813,0.030000000000000013,0.008,30053.169,True,0.6389999999999999,0.715
highest-temperature-in-hong-kong-on-june-5-2026,Hong Kong,2026-06-05,clean,2026-06-04 21:45:00+00:00,6-24h,11,7,7,False,0.6769999999999999,-0.32300000000000006,30114.267,26.154,0.030000000000000013,0.008,30112.538,True,0.6389999999999999,0.715
highest-temperature-in-hong-kong-on-june-5-2026,Hong Kong,2026-06-05,clean,2026-06-04 09:07:00+00:00,>24h,11,7,6,False,0.6775,-0.3225,22.654,4.6975,0.015000000000000001,0.010000000000000002,21.356,True,0.654,0.701
highest-temperature-in-hong-kong-on-june-5-2026,Hong Kong,2026-06-05,clean,2026-06-04 04:25:00+00:00,>24h,11,7,6,False,0.6775,-0.3225,0.625,0.202,0.03,0.013000000000000008,0.535,True,0.6329999999999999,0.722
highest-temperature-in-hong-kong-on-june-5-2026,Hong Kong,2026-06-05,clean,2026-06-04 21:50:00+00:00,6-24h,11,7,7,False,0.6775,-0.3225,30414.267,1.804,0.020000000000000018,0.010000000000000009,30413.879,True,0.6429999999999999,0.712
highest-temperature-in-istanbul-on-june-12-2026,Istanbul,2026-06-12,degraded,2026-06-10 06:01:00+00:00,>24h,11,11,11,True,1.322,0.32200000000000006,172.534,124.057,0.319,0.1,162.69,False,0.588,2.056
highest-temperature-in-istanbul-on-june-12-2026,Istanbul,2026-06-12,degraded,2026-06-10 06:02:00+00:00,>24h,11,11,11,True,1.322,0.32200000000000006,232.534,118.381,0.319,0.1,222.097,False,0.588,2.056
highest-temperature-in-istanbul-on-june-12-2026,Istanbul,2026-06-12,degraded,2026-06-10 06:00:00+00:00,>24h,11,11,11,True,1.322,0.32200000000000006,224.139,64.17,0.319,0.1,222.291,False,0.588,2.056
highest-temperature-in-istanbul-on-june-12-2026,Istanbul,2026-06-12,degraded,2026-06-10 05:59:00+00:00,>24h,11,11,11,True,1.322,0.32200000000000006,164.139,4.178,0.319,0.1,160.109,False,0.588,2.056
highest-temperature-in-hong-kong-on-june-5-2026,Hong Kong,2026-06-05,clean,2026-06-04 22:26:00+00:00,6-24h,11,7,7,False,0.6779999999999999,-0.32200000000000006,32574.267,0.721,0.020000000000000018,0.010000000000000009,32574.266,True,0.6469999999999999,0.709
highest-temperature-in-seoul-on-june-9-2026,Seoul,2026-06-09,clean,2026-06-07 04:45:00+00:00,>24h,11,10,9,False,1.3205,0.3205,3.138,3.138,0.35,0.18,2.684,True,0.522,2.1189999999999998
highest-temperature-in-hong-kong-on-june-5-2026,Hong Kong,2026-06-05,clean,2026-06-05 01:22:00+00:00,6-24h,11,7,7,False,0.68,-0.31999999999999995,43134.267,6.115,0.020000000000000018,0.004,43133.544,True,0.6559999999999999,0.704
highest-temperature-in-hong-kong-on-june-5-2026,Hong Kong,2026-06-05,clean,2026-06-05 01:23:00+00:00,6-24h,11,7,7,False,0.68,-0.31999999999999995,43194.267,66.115,0.020000000000000018,0.004,43194.061,True,0.6559999999999999,0.704
highest-temperature-in-hong-kong-on-june-5-2026,Hong Kong,2026-06-05,clean,2026-06-05 01:20:00+00:00,6-24h,11,7,7,False,0.68,-0.31999999999999995,43014.267,0.021,0.020000000000000018,0.004,43014.254,True,0.6559999999999999,0.704
highest-temperature-in-hong-kong-on-june-5-2026,Hong Kong,2026-06-05,clean,2026-06-05 01:21:00+00:00,6-24h,11,7,7,False,0.68,-0.31999999999999995,43074.267,0.94,0.020000000000000018,0.004,43074.215,True,0.6559999999999999,0.704
highest-temperature-in-austin-on-june-11-2026,Austin,2026-06-11,degraded,2026-06-10 01:46:00+00:00,>24h,11,11,11,True,1.3189999999999997,0.31899999999999973,123.188,1.154,0.19,0.13,122.738,False,0.794,1.844
highest-temperature-in-hong-kong-on-june-5-2026,Hong Kong,2026-06-05,clean,2026-06-04 21:46:00+00:00,6-24h,11,7,7,False,0.6819999999999999,-0.31800000000000006,30174.267,0.647,0.020000000000000018,0.008,30173.863,True,0.6489999999999999,0.715
highest-temperature-in-hong-kong-on-june-5-2026,Hong Kong,2026-06-05,clean,2026-06-04 22:25:00+00:00,6-24h,11,7,7,False,0.6829999999999999,-0.31700000000000006,32514.267,8.451,0.014000000000000002,0.010000000000000009,32512.784,True,0.6569999999999999,0.709
highest-temperature-in-istanbul-on-june-12-2026,Istanbul,2026-06-12,degraded,2026-06-10 05:57:00+00:00,>24h,11,11,11,True,1.317,0.31699999999999995,67.287,44.139,0.329,0.1,66.799,False,0.558,2.076
highest-temperature-in-hong-kong-on-june-5-2026,Hong Kong,2026-06-05,clean,2026-06-04 05:09:00+00:00,>24h,11,7,6,False,0.6835,-0.3165,1.788,0.4375,0.020000000000000018,0.0069999999999999975,1.784,True,0.6539999999999999,0.713
highest-temperature-in-hong-kong-on-june-5-2026,Hong Kong,2026-06-05,clean,2026-06-04 05:07:00+00:00,>24h,11,7,6,False,0.6835,-0.3165,5.898,2.056,0.020000000000000018,0.0069999999999999975,5.842,True,0.6539999999999999,0.713
highest-temperature-in-hong-kong-on-june-5-2026,Hong Kong,2026-06-05,clean,2026-06-04 22:12:00+00:00,6-24h,11,7,7,False,0.6835,-0.3165,31734.267,21.449,0.01999999999999999,0.010000000000000009,31731.607,True,0.6529999999999999,0.714
highest-temperature-in-hong-kong-on-june-5-2026,Hong Kong,2026-06-05,clean,2026-06-04 22:11:00+00:00,6-24h,11,7,7,False,0.6835,-0.3165,31674.267,4.006,0.01999999999999999,0.010000000000000009,31673.011,True,0.6529999999999999,0.714
highest-temperature-in-hong-kong-on-june-5-2026,Hong Kong,2026-06-05,clean,2026-06-04 05:11:00+00:00,>24h,11,7,6,False,0.6835,-0.3165,28.718,8.2895,0.020000000000000018,0.0069999999999999975,26.783,True,0.6539999999999999,0.713
highest-temperature-in-hong-kong-on-june-5-2026,Hong Kong,2026-06-05,clean,2026-06-04 05:10:00+00:00,>24h,11,7,6,False,0.6835,-0.3165,0.68,0.22,0.030000000000000027,0.0069999999999999975,0.52,True,0.6539999999999999,0.713
highest-temperature-in-hong-kong-on-june-5-2026,Hong Kong,2026-06-05,clean,2026-06-04 22:24:00+00:00,6-24h,11,7,7,False,0.6835,-0.3165,32454.267,1.367,0.014000000000000002,0.010000000000000009,32454.219,True,0.6569999999999999,0.71
highest-temperature-in-hong-kong-on-june-5-2026,Hong Kong,2026-06-05,clean,2026-06-04 04:18:00+00:00,>24h,11,7,6,False,0.6835,-0.3165,48.381,14.064499999999999,0.040000000000000036,0.016999999999999994,48.363,True,0.625,0.742
highest-temperature-in-hong-kong-on-june-5-2026,Hong Kong,2026-06-05,clean,2026-06-04 04:33:00+00:00,>24h,11,7,6,False,0.6835,-0.3165,13.361,4.2170000000000005,0.050000000000000044,0.007499999999999996,13.339,True,0.635,0.732
highest-temperature-in-hong-kong-on-june-5-2026,Hong Kong,2026-06-05,clean,2026-06-04 22:15:00+00:00,6-24h,11,7,7,False,0.6835,-0.3165,31914.267,0.376,0.030000000000000027,0.010000000000000009,31914.239,True,0.6369999999999999,0.73
highest-temperature-in-hong-kong-on-june-5-2026,Hong Kong,2026-06-05,clean,2026-06-04 04:17:00+00:00,>24h,11,7,6,False,0.6835,-0.3165,9.897,0.793,0.040000000000000036,0.016999999999999994,9.668,True,0.625,0.742
highest-temperature-in-hong-kong-on-june-5-2026,Hong Kong,2026-06-05,clean,2026-06-04 09:14:00+00:00,>24h,11,7,6,False,0.685,-0.31499999999999995,25.381,0.9775,0.020000000000000018,0.008999999999999977,25.365,True,0.66,0.71
highest-temperature-in-hong-kong-on-june-5-2026,Hong Kong,2026-06-05,clean,2026-06-04 09:11:00+00:00,>24h,11,7,6,False,0.6855,-0.3145,5.162,2.7095000000000002,0.020000000000000018,0.009499999999999977,4.9190000000000005,True,0.66,0.711
highest-temperature-in-hong-kong-on-june-5-2026,Hong Kong,2026-06-05,clean,2026-06-05 00:53:00+00:00,6-24h,11,7,7,False,0.6855,-0.3145,41394.267,4.824,0.019999999999999962,0.004,41394.256,True,0.656,0.715
highest-temperature-in-hong-kong-on-june-5-2026,Hong Kong,2026-06-05,clean,2026-06-04 09:12:00+00:00,>24h,11,7,6,False,0.6855,-0.3145,26.333,1.6,0.020000000000000018,0.009499999999999977,25.93,True,0.66,0.711
highest-temperature-in-hong-kong-on-june-5-2026,Hong Kong,2026-06-05,clean,2026-06-04 09:13:00+00:00,>24h,11,7,6,False,0.6855,-0.3145,25.778,1.267,0.020000000000000018,0.009499999999999977,25.359,True,0.66,0.711
highest-temperature-in-hong-kong-on-june-5-2026,Hong Kong,2026-06-05,clean,2026-06-05 00:57:00+00:00,6-24h,11,7,7,False,0.6855,-0.3145,41634.267,13.847,0.020000000000000004,0.003,41626.362,True,0.657,0.714
highest-temperature-in-hong-kong-on-june-5-2026,Hong Kong,2026-06-05,clean,2026-06-05 00:58:00+00:00,6-24h,11,7,7,False,0.6855,-0.3145,41694.267,10.48,0.020000000000000004,0.003,41694.262,True,0.657,0.714
highest-temperature-in-hong-kong-on-june-5-2026,Hong Kong,2026-06-05,clean,2026-06-04 09:15:00+00:00,>24h,11,7,6,False,0.6859999999999999,-0.31400000000000006,19.709,0.5914999999999999,0.020000000000000018,0.008999999999999977,19.669,True,0.6609999999999999,0.711
highest-temperature-in-hong-kong-on-june-5-2026,Hong Kong,2026-06-05,clean,2026-06-04 09:09:00+00:00,>24h,11,7,6,False,0.6865,-0.3135,7.521,2.2755,0.017,0.009999999999999974,6.89,True,0.662,0.711
highest-temperature-in-hong-kong-on-june-5-2026,Hong Kong,2026-06-05,clean,2026-06-04 09:10:00+00:00,>24h,11,7,6,False,0.6865,-0.3135,4.707,1.4465,0.017,0.009999999999999974,3.979,True,0.662,0.711
highest-temperature-in-hong-kong-on-june-5-2026,Hong Kong,2026-06-05,clean,2026-06-04 21:40:00+00:00,6-24h,11,7,7,False,0.6869999999999999,-0.31300000000000006,29814.267,3.904,0.03,0.008,29814.242,True,0.6489999999999999,0.725
highest-temperature-in-hong-kong-on-june-5-2026,Hong Kong,2026-06-05,clean,2026-06-04 04:29:00+00:00,>24h,11,7,6,False,0.6869999999999999,-0.31300000000000006,10.204,0.5715,0.050000000000000044,0.013000000000000001,10.095,True,0.632,0.742
highest-temperature-in-hong-kong-on-june-5-2026,Hong Kong,2026-06-05,clean,2026-06-05 06:30:00+00:00,1-6h,11,7,7,False,0.6875,-0.3125,61614.267,8640.92,0.050000000000000044,0.001,61614.249,True,0.645,0.73
highest-temperature-in-hong-kong-on-june-5-2026,Hong Kong,2026-06-05,clean,2026-06-04 04:28:00+00:00,>24h,11,7,6,False,0.6875,-0.3125,30.258,1.6455000000000002,0.050000000000000044,0.013000000000000001,30.181,True,0.6329999999999999,0.742
highest-temperature-in-hong-kong-on-june-5-2026,Hong Kong,2026-06-05,clean,2026-06-04 05:02:00+00:00,>24h,11,7,6,False,0.6875,-0.3125,2.819,0.4735,0.030000000000000027,0.0069999999999999975,2.653,True,0.6539999999999999,0.721
highest-temperature-in-hong-kong-on-june-5-2026,Hong Kong,2026-06-05,clean,2026-06-04 15:11:00+00:00,6-24h,11,7,7,False,0.6875000000000001,-0.3124999999999999,6474.267,1.818,0.02999999999999997,0.006,6474.253,True,0.651,0.724
highest-temperature-in-hong-kong-on-june-5-2026,Hong Kong,2026-06-05,clean,2026-06-04 05:01:00+00:00,>24h,11,7,6,False,0.688,-0.31200000000000006,7.561,1.4625,0.030000000000000027,0.0069999999999999975,6.719,True,0.6539999999999999,0.722
highest-temperature-in-istanbul-on-june-12-2026,Istanbul,2026-06-12,degraded,2026-06-10 05:56:00+00:00,>24h,11,11,11,True,1.312,0.31200000000000006,7.334,7.276,0.329,0.1,0.077,False,0.558,2.066
highest-temperature-in-hong-kong-on-june-5-2026,Hong Kong,2026-06-05,clean,2026-06-04 04:30:00+00:00,>24h,11,7,6,False,0.6885,-0.3115,1.327,0.9984999999999999,0.050000000000000044,0.007499999999999996,0.644,True,0.6449999999999999,0.732
highest-temperature-in-hong-kong-on-june-5-2026,Hong Kong,2026-06-05,clean,2026-06-04 07:42:00+00:00,>24h,11,7,6,False,0.6885,-0.3115,5.684,1.065,0.009999999999999995,0.007999999999999976,5.634,True,0.667,0.71
highest-temperature-in-hong-kong-on-june-5-2026,Hong Kong,2026-06-05,clean,2026-06-04 22:16:00+00:00,6-24h,11,7,7,False,0.6885,-0.3115,31974.267,0.102,0.030000000000000013,0.010000000000000009,31974.266,True,0.6469999999999999,0.73
highest-temperature-in-hong-kong-on-june-5-2026,Hong Kong,2026-06-05,clean,2026-06-04 05:06:00+00:00,>24h,11,7,6,False,0.6885,-0.3115,0.788,0.262,0.03,0.0069999999999999975,0.633,True,0.6539999999999999,0.723
highest-temperature-in-hong-kong-on-june-5-2026,Hong Kong,2026-06-05,clean,2026-06-04 05:08:00+00:00,>24h,11,7,6,False,0.6885,-0.3115,0.804,0.754,0.020000000000000018,0.0069999999999999975,0.736,True,0.6639999999999999,0.713
highest-temperature-in-hong-kong-on-june-5-2026,Hong Kong,2026-06-05,clean,2026-06-04 05:00:00+00:00,>24h,11,7,6,False,0.6895,-0.3105,14.783,0.384,0.030000000000000027,0.005999999999999998,14.615,True,0.6569999999999999,0.722
highest-temperature-in-hong-kong-on-june-5-2026,Hong Kong,2026-06-05,clean,2026-06-05 01:00:00+00:00,6-24h,11,7,7,False,0.69,-0.31000000000000005,41814.267,0.611,0.03,0.003,41814.199,True,0.655,0.725
highest-temperature-in-hong-kong-on-june-5-2026,Hong Kong,2026-06-05,clean,2026-06-05 00:59:00+00:00,6-24h,11,7,7,False,0.69,-0.31000000000000005,41754.267,9.159,0.020000000000000004,0.003,41748.129,True,0.665,0.715
highest-temperature-in-mexico-city-on-june-6-2026,Mexico City,2026-06-06,degraded,2026-06-05 04:33:00+00:00,>24h,11,11,2,False,0.69,-0.31000000000000005,5.108,2.9244999999999997,0.95,0.6599999999999999,4.367,False,0.03,1.35
highest-temperature-in-hong-kong-on-june-5-2026,Hong Kong,2026-06-05,clean,2026-06-04 21:49:00+00:00,6-24h,11,7,7,False,0.6905,-0.3095,30354.267,3.232,0.020000000000000018,0.004999999999999999,30352.46,True,0.6589999999999999,0.722
highest-temperature-in-hong-kong-on-june-5-2026,Hong Kong,2026-06-05,clean,2026-06-05 00:55:00+00:00,6-24h,11,7,7,False,0.691,-0.30900000000000005,41514.267,0.382,0.019999999999999962,0.004,41514.247,True,0.667,0.715
highest-temperature-in-hong-kong-on-june-5-2026,Hong Kong,2026-06-05,clean,2026-06-04 02:56:00+00:00,>24h,11,7,6,False,0.691,-0.30900000000000005,15.131,0.316,0.020000000000000018,0.014499999999999989,14.904,True,0.654,0.728
highest-temperature-in-istanbul-on-june-12-2026,Istanbul,2026-06-12,degraded,2026-06-10 05:55:00+00:00,>24h,11,11,11,True,1.309,0.30899999999999994,159.174,22.979,0.329,0.1,156.879,False,0.552,2.066
highest-temperature-in-hong-kong-on-june-5-2026,Hong Kong,2026-06-05,clean,2026-06-04 07:40:00+00:00,>24h,11,7,6,False,0.6910000000000001,-0.30899999999999994,9.855,3.6350000000000002,0.009999999999999995,0.007999999999999976,7.55,True,0.672,0.71
highest-temperature-in-hong-kong-on-june-5-2026,Hong Kong,2026-06-05,clean,2026-06-04 09:16:00+00:00,>24h,11,7,6,False,0.6910000000000001,-0.30899999999999994,1.357,0.183,0.010000000000000009,0.008999999999999977,1.301,True,0.6709999999999999,0.711
highest-temperature-in-hong-kong-on-june-5-2026,Hong Kong,2026-06-05,clean,2026-06-04 07:37:00+00:00,>24h,11,7,6,False,0.6910000000000001,-0.30899999999999994,22.815,0.048,0.009999999999999995,0.007999999999999976,22.811,True,0.672,0.71
highest-temperature-in-hong-kong-on-june-5-2026,Hong Kong,2026-06-05,clean,2026-06-04 07:38:00+00:00,>24h,11,7,6,False,0.6910000000000001,-0.30899999999999994,18.753,2.3225,0.009999999999999995,0.007999999999999976,18.268,True,0.672,0.71
highest-temperature-in-hong-kong-on-june-5-2026,Hong Kong,2026-06-05,clean,2026-06-04 07:41:00+00:00,>24h,11,7,6,False,0.6910000000000001,-0.30899999999999994,23.921,1.2015,0.009999999999999995,0.007999999999999976,23.921,True,0.672,0.71
highest-temperature-in-hong-kong-on-june-5-2026,Hong Kong,2026-06-05,clean,2026-06-04 07:39:00+00:00,>24h,11,7,6,False,0.6910000000000001,-0.30899999999999994,2.692,2.3369999999999997,0.009999999999999995,0.007999999999999976,2.597,True,0.672,0.71
highest-temperature-in-hong-kong-on-june-5-2026,Hong Kong,2026-06-05,clean,2026-06-04 07:35:00+00:00,>24h,11,7,6,False,0.6910000000000001,-0.30899999999999994,11.161,10.057,0.009999999999999995,0.007999999999999976,10.668,True,0.672,0.71
highest-temperature-in-hong-kong-on-june-5-2026,Hong Kong,2026-06-05,clean,2026-06-04 07:36:00+00:00,>24h,11,7,6,False,0.6910000000000001,-0.30899999999999994,8.996,0.48250000000000004,0.009999999999999995,0.007999999999999976,8.723,True,0.672,0.71
highest-temperature-in-hong-kong-on-june-5-2026,Hong Kong,2026-06-05,clean,2026-06-04 21:48:00+00:00,6-24h,11,7,7,False,0.6915,-0.3085,30294.267,13.604,0.020000000000000018,0.009000000000000001,30291.412,True,0.6579999999999999,0.725
highest-temperature-in-buenos-aires-on-june-8-2026,Buenos Aires,2026-06-08,clean,2026-06-07 01:32:00+00:00,>24h,11,10,10,False,1.3085,0.3085,13.065,12.2985,0.32,0.12,11.586,True,0.6900000000000001,1.927
highest-temperature-in-hong-kong-on-june-5-2026,Hong Kong,2026-06-05,clean,2026-06-04 09:17:00+00:00,>24h,11,7,6,False,0.6915,-0.3085,2.647,0.531,0.010000000000000009,0.008499999999999978,2.642,True,0.672,0.711
highest-temperature-in-hong-kong-on-june-5-2026,Hong Kong,2026-06-05,clean,2026-06-04 09:18:00+00:00,>24h,11,7,6,False,0.6915,-0.3085,18.665,0.215,0.010000000000000009,0.008499999999999978,18.653,True,0.672,0.711
highest-temperature-in-hong-kong-on-june-5-2026,Hong Kong,2026-06-05,clean,2026-06-04 21:47:00+00:00,6-24h,11,7,7,False,0.692,-0.30800000000000005,30234.267,3.132,0.020000000000000018,0.008,30232.656,True,0.6589999999999999,0.725
highest-temperature-in-hong-kong-on-june-5-2026,Hong Kong,2026-06-05,clean,2026-06-04 07:33:00+00:00,>24h,11,7,6,False,0.6920000000000001,-0.30799999999999994,12.587,0.8385,0.009999999999999995,0.008999999999999977,12.156,True,0.672,0.712
highest-temperature-in-hong-kong-on-june-5-2026,Hong Kong,2026-06-05,clean,2026-06-04 07:34:00+00:00,>24h,11,7,6,False,0.6920000000000001,-0.30799999999999994,11.769,3.2359999999999998,0.009999999999999995,0.008999999999999977,10.801,True,0.672,0.712
highest-temperature-in-hong-kong-on-june-5-2026,Hong Kong,2026-06-05,clean,2026-06-04 07:32:00+00:00,>24h,11,7,6,False,0.6920000000000001,-0.30799999999999994,13.881,1.0234999999999999,0.009999999999999995,0.008999999999999977,13.879,True,0.672,0.712
highest-temperature-in-hong-kong-on-june-5-2026,Hong Kong,2026-06-05,clean,2026-06-04 04:26:00+00:00,>24h,11,7,6,False,0.6924999999999999,-0.3075000000000001,13.191,0.079,0.050000000000000044,0.018,13.187,True,0.6329999999999999,0.752
highest-temperature-in-hong-kong-on-june-5-2026,Hong Kong,2026-06-05,clean,2026-06-04 04:24:00+00:00,>24h,11,7,6,False,0.6924999999999999,-0.3075000000000001,18.877,0.191,0.03,0.013000000000000001,18.84,True,0.6529999999999999,0.732
highest-temperature-in-hong-kong-on-june-5-2026,Hong Kong,2026-06-05,clean,2026-06-04 22:13:00+00:00,6-24h,11,7,7,False,0.6925,-0.3075,31794.267,0.129,0.030000000000000027,0.010000000000000009,31794.253,True,0.6469999999999999,0.738
highest-temperature-in-hong-kong-on-june-5-2026,Hong Kong,2026-06-05,clean,2026-06-05 06:11:00+00:00,1-6h,11,7,7,False,0.6925,-0.3075,60474.267,7500.92,0.037000000000000005,0.001,60474.157,True,0.6559999999999999,0.729
highest-temperature-in-hong-kong-on-june-5-2026,Hong Kong,2026-06-05,clean,2026-06-04 07:31:00+00:00,>24h,11,7,6,False,0.6930000000000001,-0.30699999999999994,8.914,0.1055,0.009999999999999995,0.009999999999999967,8.858,True,0.672,0.714
highest-temperature-in-hong-kong-on-june-5-2026,Hong Kong,2026-06-05,clean,2026-06-04 05:12:00+00:00,>24h,11,7,6,False,0.6935,-0.3065,27.573,0.255,0.030000000000000027,0.0069999999999999975,27.557,True,0.6639999999999999,0.723
highest-temperature-in-hong-kong-on-june-5-2026,Hong Kong,2026-06-05,clean,2026-06-04 04:20:00+00:00,>24h,11,7,6,False,0.6935,-0.3065,29.931,0.235,0.050000000000000044,0.022,29.847,True,0.6249999999999999,0.762
highest-temperature-in-hong-kong-on-june-5-2026,Hong Kong,2026-06-05,clean,2026-06-04 15:22:00+00:00,6-24h,11,7,7,False,0.6940000000000002,-0.3059999999999998,7134.267,4.024,0.020000000000000004,0.007,7132.658,True,0.661,0.727
highest-temperature-in-austin-on-june-11-2026,Austin,2026-06-11,degraded,2026-06-10 01:52:00+00:00,>24h,11,11,11,True,1.3054999999999999,0.3054999999999999,39.901,12.987,0.18,0.10999999999999999,39.901,False,0.8240000000000001,1.787
highest-temperature-in-hong-kong-on-june-5-2026,Hong Kong,2026-06-05,clean,2026-06-04 05:27:00+00:00,>24h,11,7,6,False,0.695,-0.30500000000000005,22.338,1.0554999999999999,0.030000000000000027,0.0059999999999999975,22.246,True,0.6679999999999999,0.722
highest-temperature-in-hong-kong-on-june-5-2026,Hong Kong,2026-06-05,clean,2026-06-04 05:28:00+00:00,>24h,11,7,6,False,0.695,-0.30500000000000005,21.84,1.9815,0.030000000000000027,0.0059999999999999975,20.936,True,0.6679999999999999,0.722
highest-temperature-in-panama-city-on-june-9-2026,Panama City,2026-06-09,clean,2026-06-08 01:32:00+00:00,>24h,11,11,4,False,0.6950000000000001,-0.30499999999999994,45.808,9.667,0.22999999999999998,0.085,44.44,False,0.49,0.9000000000000001
highest-temperature-in-hong-kong-on-june-5-2026,Hong Kong,2026-06-05,clean,2026-06-04 05:18:00+00:00,>24h,11,7,6,False,0.6955,-0.3045,2.126,0.15,0.030000000000000027,0.005999999999999998,2.103,True,0.6679999999999999,0.723
highest-temperature-in-hong-kong-on-june-5-2026,Hong Kong,2026-06-05,clean,2026-06-04 05:21:00+00:00,>24h,11,7,6,False,0.6955,-0.3045,3.84,0.186,0.030000000000000027,0.005999999999999998,3.838,True,0.6679999999999999,0.723
highest-temperature-in-hong-kong-on-june-5-2026,Hong Kong,2026-06-05,clean,2026-06-04 05:20:00+00:00,>24h,11,7,6,False,0.6955,-0.3045,32.458,2.8275,0.030000000000000027,0.005999999999999998,32.13,True,0.6679999999999999,0.723
highest-temperature-in-hong-kong-on-june-5-2026,Hong Kong,2026-06-05,clean,2026-06-04 05:23:00+00:00,>24h,11,7,6,False,0.6955,-0.3045,10.266,0.139,0.030000000000000027,0.005999999999999998,10.165,True,0.6679999999999999,0.723
highest-temperature-in-hong-kong-on-june-5-2026,Hong Kong,2026-06-05,clean,2026-06-04 05:17:00+00:00,>24h,11,7,6,False,0.6955,-0.3045,1.29,0.4995,0.030000000000000027,0.005999999999999998,1.038,True,0.6679999999999999,0.723
highest-temperature-in-hong-kong-on-june-5-2026,Hong Kong,2026-06-05,clean,2026-06-04 05:19:00+00:00,>24h,11,7,6,False,0.6955,-0.3045,1.526,0.28049999999999997,0.030000000000000027,0.005999999999999998,1.447,True,0.6679999999999999,0.723
highest-temperature-in-hong-kong-on-june-5-2026,Hong Kong,2026-06-05,clean,2026-06-04 05:16:00+00:00,>24h,11,7,6,False,0.6955,-0.3045,6.064,0.6970000000000001,0.030000000000000027,0.005999999999999998,5.832,True,0.6679999999999999,0.723
highest-temperature-in-hong-kong-on-june-5-2026,Hong Kong,2026-06-05,clean,2026-06-04 05:26:00+00:00,>24h,11,7,6,False,0.696,-0.30400000000000005,22.641,2.5885000000000002,0.030000000000000027,0.006499999999999999,22.599,True,0.6679999999999999,0.724
highest-temperature-in-hong-kong-on-june-5-2026,Hong Kong,2026-06-05,clean,2026-06-04 05:22:00+00:00,>24h,11,7,6,False,0.696,-0.30400000000000005,9.903,0.3045,0.030000000000000027,0.006499999999999999,9.861,True,0.6679999999999999,0.724
highest-temperature-in-hong-kong-on-june-5-2026,Hong Kong,2026-06-05,clean,2026-06-04 05:24:00+00:00,>24h,11,7,6,False,0.696,-0.30400000000000005,26.519,2.003,0.030000000000000027,0.006499999999999999,26.416,True,0.6679999999999999,0.724
highest-temperature-in-hong-kong-on-june-5-2026,Hong Kong,2026-06-05,clean,2026-06-04 09:02:00+00:00,>24h,11,7,6,False,0.6965,-0.3035,4.687,0.5825,0.031,0.010000000000000009,4.629,True,0.6549999999999999,0.738
highest-temperature-in-hong-kong-on-june-5-2026,Hong Kong,2026-06-05,clean,2026-06-04 05:25:00+00:00,>24h,11,7,6,False,0.6965,-0.3035,25.166,0.20550000000000002,0.030000000000000027,0.006999999999999999,25.156,True,0.6679999999999999,0.725
highest-temperature-in-buenos-aires-on-june-8-2026,Buenos Aires,2026-06-08,clean,2026-06-07 01:33:00+00:00,>24h,11,10,10,False,1.3034999999999999,0.3034999999999999,19.822,9.817,0.32,0.12,19.598,True,0.6900000000000001,1.917
highest-temperature-in-hong-kong-on-june-5-2026,Hong Kong,2026-06-05,clean,2026-06-04 21:38:00+00:00,6-24h,11,7,7,False,0.697,-0.30300000000000005,29694.267,9.883,0.03,0.008,29694.254,True,0.6589999999999999,0.735
highest-temperature-in-hong-kong-on-june-5-2026,Hong Kong,2026-06-05,clean,2026-06-04 21:37:00+00:00,6-24h,11,7,7,False,0.697,-0.30300000000000005,29634.267,10.191,0.03,0.008,29631.065,True,0.6589999999999999,0.735
highest-temperature-in-hong-kong-on-june-5-2026,Hong Kong,2026-06-05,clean,2026-06-04 21:39:00+00:00,6-24h,11,7,7,False,0.697,-0.30300000000000005,29754.267,4.824,0.03,0.008,29750.411,True,0.6589999999999999,0.735
highest-temperature-in-hong-kong-on-june-5-2026,Hong Kong,2026-06-05,clean,2026-06-04 07:30:00+00:00,>24h,11,7,6,False,0.6970000000000001,-0.30299999999999994,6.351,2.5625,0.009999999999999995,0.005999999999999974,6.219,True,0.68,0.714
highest-temperature-in-hong-kong-on-june-5-2026,Hong Kong,2026-06-05,clean,2026-06-04 08:28:00+00:00,>24h,11,7,6,False,0.6970000000000001,-0.30299999999999994,0.504,0.041,0.020000000000000018,0.010000000000000002,0.488,True,0.668,0.7260000000000001
highest-temperature-in-hong-kong-on-june-5-2026,Hong Kong,2026-06-05,clean,2026-06-04 04:27:00+00:00,>24h,11,7,6,False,0.6975,-0.3025,0.22,0.0635,0.050000000000000044,0.018,0.205,True,0.6329999999999999,0.762
highest-temperature-in-hong-kong-on-june-5-2026,Hong Kong,2026-06-05,clean,2026-06-04 07:12:00+00:00,>24h,11,7,6,False,0.6980000000000001,-0.30199999999999994,4.158,1.0565,0.020000000000000018,0.014000000000000002,3.877,True,0.661,0.7350000000000001
highest-temperature-in-hong-kong-on-june-5-2026,Hong Kong,2026-06-05,clean,2026-06-04 07:11:00+00:00,>24h,11,7,6,False,0.6980000000000001,-0.30199999999999994,14.672,0.0775,0.020000000000000018,0.014000000000000002,14.618,True,0.661,0.7350000000000001
highest-temperature-in-hong-kong-on-june-5-2026,Hong Kong,2026-06-05,clean,2026-06-04 07:13:00+00:00,>24h,11,7,6,False,0.6980000000000001,-0.30199999999999994,13.357,0.9994999999999999,0.020000000000000018,0.014000000000000002,13.144,True,0.661,0.7350000000000001
highest-temperature-in-hong-kong-on-june-5-2026,Hong Kong,2026-06-05,clean,2026-06-04 04:21:00+00:00,>24h,11,7,6,False,0.6985,-0.3015,0.37,0.1465,0.050000000000000044,0.026999999999999996,0.256,True,0.6249999999999999,0.772
highest-temperature-in-hong-kong-on-june-5-2026,Hong Kong,2026-06-05,clean,2026-06-04 04:16:00+00:00,>24h,11,7,6,False,0.6985,-0.3015,2.686,0.382,0.06,0.027000000000000003,2.628,True,0.615,0.782
highest-temperature-in-hong-kong-on-june-5-2026,Hong Kong,2026-06-05,clean,2026-06-04 15:21:00+00:00,6-24h,11,7,7,False,0.6985,-0.3015,7074.267,1.995,0.03,0.006,7073.003,True,0.661,0.736
highest-temperature-in-hong-kong-on-june-5-2026,Hong Kong,2026-06-05,clean,2026-06-04 04:32:00+00:00,>24h,11,7,6,False,0.6985,-0.3015,1.307,0.7505000000000001,0.05,0.007499999999999996,1.255,True,0.6449999999999999,0.752
highest-temperature-in-hong-kong-on-june-5-2026,Hong Kong,2026-06-05,clean,2026-06-04 07:43:00+00:00,>24h,11,7,6,False,0.6985,-0.3015,3.382,0.7345,0.03,0.007999999999999976,3.351,True,0.667,0.73
highest-temperature-in-hong-kong-on-june-5-2026,Hong Kong,2026-06-05,clean,2026-06-04 07:44:00+00:00,>24h,11,7,6,False,0.6985,-0.3015,14.825,8.749500000000001,0.03,0.007999999999999976,10.312,True,0.667,0.73
highest-temperature-in-austin-on-june-11-2026,Austin,2026-06-11,degraded,2026-06-10 01:51:00+00:00,>24h,11,11,11,True,1.3010000000000002,0.30100000000000016,6.05,3.495,0.18,0.12,2.615,False,0.8140000000000001,1.7879999999999998
highest-temperature-in-hong-kong-on-june-5-2026,Hong Kong,2026-06-05,clean,2026-06-04 07:47:00+00:00,>24h,11,7,6,False,0.6995,-0.3005,17.28,2.7859999999999996,0.010000000000000009,0.007499999999999979,16.173,True,0.679,0.72
highest-temperature-in-hong-kong-on-june-5-2026,Hong Kong,2026-06-05,clean,2026-06-04 07:46:00+00:00,>24h,11,7,6,False,0.6995,-0.3005,2.016,1.7365,0.010000000000000009,0.007499999999999979,1.7610000000000001,True,0.679,0.72
highest-temperature-in-hong-kong-on-june-5-2026,Hong Kong,2026-06-05,clean,2026-06-04 07:48:00+00:00,>24h,11,7,6,False,0.6995,-0.3005,68.67,4.8015,0.010000000000000009,0.007499999999999979,68.578,True,0.679,0.72
highest-temperature-in-hong-kong-on-june-5-2026,Hong Kong,2026-06-05,clean,2026-06-04 07:49:00+00:00,>24h,11,7,6,False,0.6995,-0.3005,28.454,3.3600000000000003,0.010000000000000009,0.007499999999999979,28.441,True,0.679,0.72
highest-temperature-in-hong-kong-on-june-5-2026,Hong Kong,2026-06-05,clean,2026-06-04 07:50:00+00:00,>24h,11,7,6,False,0.6995,-0.3005,6.409,3.5935,0.010000000000000009,0.007499999999999979,3.533,True,0.679,0.72
highest-temperature-in-hong-kong-on-june-5-2026,Hong Kong,2026-06-05,clean,2026-06-04 04:59:00+00:00,>24h,11,7,6,False,0.6995,-0.3005,6.325,0.3655,0.03,0.005999999999999998,6.101,True,0.6669999999999999,0.732
highest-temperature-in-hong-kong-on-june-5-2026,Hong Kong,2026-06-05,clean,2026-06-04 07:52:00+00:00,>24h,11,7,6,False,0.6995,-0.3005,8.626,3.0835,0.010000000000000009,0.007499999999999979,8.463,True,0.679,0.72
highest-temperature-in-hong-kong-on-june-5-2026,Hong Kong,2026-06-05,clean,2026-06-04 07:51:00+00:00,>24h,11,7,6,False,0.6995,-0.3005,5.377,1.976,0.010000000000000009,0.007499999999999979,4.811,True,0.679,0.72
highest-temperature-in-hong-kong-on-june-5-2026,Hong Kong,2026-06-05,clean,2026-06-04 05:14:00+00:00,>24h,11,7,6,False,0.6995,-0.3005,1.734,0.1145,0.040000000000000036,0.0075,1.63,True,0.6639999999999999,0.735
highest-temperature-in-hong-kong-on-june-5-2026,Hong Kong,2026-06-05,clean,2026-06-04 09:59:00+00:00,>24h,11,7,6,False,0.6995,-0.3005,2.984,2.346,0.06,0.027999999999999987,1.591,True,0.6180000000000001,0.781
highest-temperature-in-hong-kong-on-june-5-2026,Hong Kong,2026-06-05,clean,2026-06-04 04:52:00+00:00,>24h,11,7,6,False,0.7,-0.30000000000000004,38.197,5.314500000000001,0.040000000000000036,0.008,38.066,True,0.6559999999999999,0.744
highest-temperature-in-hong-kong-on-june-5-2026,Hong Kong,2026-06-05,clean,2026-06-04 04:46:00+00:00,>24h,11,7,6,False,0.7,-0.30000000000000004,7.947,0.586,0.040000000000000036,0.008,7.698,True,0.6559999999999999,0.744
highest-temperature-in-hong-kong-on-june-5-2026,Hong Kong,2026-06-05,clean,2026-06-04 05:29:00+00:00,>24h,11,7,6,False,0.7,-0.30000000000000004,1.759,1.3895,0.04999999999999999,0.0060000000000000045,1.353,True,0.6579999999999999,0.7419999999999999
highest-temperature-in-hong-kong-on-june-5-2026,Hong Kong,2026-06-05,clean,2026-06-04 05:15:00+00:00,>24h,11,7,6,False,0.7,-0.30000000000000004,1.793,0.28150000000000003,0.020000000000000018,0.006499999999999998,1.724,True,0.6769999999999999,0.723
highest-temperature-in-hong-kong-on-june-5-2026,Hong Kong,2026-06-05,clean,2026-06-04 08:01:00+00:00,>24h,11,7,6,False,0.7010000000000001,-0.29899999999999993,9.555,2.716,0.01999999999999999,0.006999999999999977,8.753,True,0.678,0.7240000000000001
highest-temperature-in-hong-kong-on-june-5-2026,Hong Kong,2026-06-05,clean,2026-06-04 07:59:00+00:00,>24h,11,7,6,False,0.7010000000000001,-0.29899999999999993,0.45,0.317,0.020000000000000004,0.006999999999999977,0.439,True,0.678,0.724
highest-temperature-in-hong-kong-on-june-5-2026,Hong Kong,2026-06-05,clean,2026-06-04 08:00:00+00:00,>24h,11,7,6,False,0.7010000000000001,-0.29899999999999993,5.083,0.806,0.020000000000000004,0.006999999999999977,4.674,True,0.678,0.724
highest-temperature-in-mexico-city-on-june-6-2026,Mexico City,2026-06-06,degraded,2026-06-05 04:35:00+00:00,>24h,11,11,9,False,1.2985,0.2985,32.222,13.376,0.27,0.13,29.398,False,0.76,1.8370000000000002
highest-temperature-in-hong-kong-on-june-5-2026,Hong Kong,2026-06-05,clean,2026-06-04 04:34:00+00:00,>24h,11,7,6,False,0.7015,-0.2985,0.353,0.2015,0.050000000000000044,0.005499999999999998,0.246,True,0.6549999999999999,0.748
highest-temperature-in-hong-kong-on-june-5-2026,Hong Kong,2026-06-05,clean,2026-06-04 07:29:00+00:00,>24h,11,7,6,False,0.7020000000000001,-0.29799999999999993,7.963,2.2035,0.020000000000000004,0.005999999999999974,6.7,True,0.68,0.724
highest-temperature-in-hong-kong-on-june-5-2026,Hong Kong,2026-06-05,clean,2026-06-04 05:03:00+00:00,>24h,11,7,6,False,0.7025,-0.2975,36.593,0.529,0.030000000000000027,0.0069999999999999975,36.381,True,0.6639999999999999,0.741
highest-temperature-in-hong-kong-on-june-5-2026,Hong Kong,2026-06-05,clean,2026-06-04 05:13:00+00:00,>24h,11,7,6,False,0.7034999999999999,-0.2965000000000001,3.654,0.332,0.02999999999999997,0.0070000000000000045,3.567,True,0.6739999999999999,0.733
highest-temperature-in-hong-kong-on-june-5-2026,Hong Kong,2026-06-05,clean,2026-06-04 04:31:00+00:00,>24h,11,7,6,False,0.7035,-0.2965,0.138,0.087,0.050000000000000044,0.007499999999999996,0.1,True,0.6449999999999999,0.762
highest-temperature-in-hong-kong-on-june-5-2026,Hong Kong,2026-06-05,clean,2026-06-04 15:13:00+00:00,6-24h,11,7,7,False,0.7035,-0.2965,6594.267,1.056,0.03,0.006,6593.886,True,0.661,0.746
highest-temperature-in-hong-kong-on-june-5-2026,Hong Kong,2026-06-05,clean,2026-06-04 15:12:00+00:00,6-24h,11,7,7,False,0.7035,-0.2965,6534.267,2.157,0.03,0.006,6534.082,True,0.661,0.746
highest-temperature-in-hong-kong-on-june-5-2026,Hong Kong,2026-06-05,clean,2026-06-04 15:20:00+00:00,6-24h,11,7,7,False,0.7035,-0.2965,7014.267,8.326,0.01999999999999999,0.006,7014.256,True,0.671,0.736
highest-temperature-in-hong-kong-on-june-5-2026,Hong Kong,2026-06-05,clean,2026-06-04 04:22:00+00:00,>24h,11,7,6,False,0.7035,-0.2965,10.347,2.484,0.050000000000000044,0.027000000000000003,10.234,True,0.6249999999999999,0.782
highest-temperature-in-hong-kong-on-june-5-2026,Hong Kong,2026-06-05,clean,2026-06-04 07:24:00+00:00,>24h,11,7,6,False,0.7035,-0.2965,25.079,1.4429999999999998,0.010000000000000009,0.008999999999999977,25.047,True,0.682,0.725
highest-temperature-in-hong-kong-on-june-5-2026,Hong Kong,2026-06-05,clean,2026-06-04 08:21:00+00:00,>24h,11,7,6,False,0.7035,-0.2965,4.872,0.317,0.03,0.008500000000000004,4.723,True,0.668,0.7390000000000001
highest-temperature-in-hong-kong-on-june-5-2026,Hong Kong,2026-06-05,clean,2026-06-04 08:22:00+00:00,>24h,11,7,6,False,0.7035,-0.2965,13.154,0.819,0.03,0.008500000000000004,13.072,True,0.668,0.7390000000000001
highest-temperature-in-hong-kong-on-june-5-2026,Hong Kong,2026-06-05,clean,2026-06-04 07:23:00+00:00,>24h,11,7,6,False,0.7035,-0.2965,31.539,3.258,0.010000000000000009,0.008999999999999977,31.198,True,0.682,0.725
highest-temperature-in-hong-kong-on-june-5-2026,Hong Kong,2026-06-05,clean,2026-06-04 05:04:00+00:00,>24h,11,7,6,False,0.704,-0.29600000000000004,5.422,2.809,0.030000000000000027,0.006999999999999999,5.406,True,0.6639999999999999,0.744
highest-temperature-in-hong-kong-on-june-5-2026,Hong Kong,2026-06-05,clean,2026-06-04 04:45:00+00:00,>24h,11,7,6,False,0.704,-0.29600000000000004,10.326,6.396,0.040000000000000036,0.0185,9.963,True,0.644,0.764
highest-temperature-in-moscow-on-june-4-2026,Moscow,2026-06-04,clean,2026-06-04 11:02:00+00:00,<1h,11,11,11,True,1.296,0.29600000000000004,33064.016,8849.137,0.38,0.002,33063.971,False,0.9550000000000001,1.6369999999999998
highest-temperature-in-hong-kong-on-june-5-2026,Hong Kong,2026-06-05,clean,2026-06-04 05:05:00+00:00,>24h,11,7,6,False,0.704,-0.29600000000000004,30.114,1.874,0.030000000000000027,0.006999999999999999,29.913,True,0.6639999999999999,0.744
highest-temperature-in-hong-kong-on-june-5-2026,Hong Kong,2026-06-05,clean,2026-06-04 05:34:00+00:00,>24h,11,7,6,False,0.7044999999999999,-0.2955000000000001,1.067,0.34850000000000003,0.02999999999999997,0.014000000000000005,0.928,True,0.664,0.745
highest-temperature-in-hong-kong-on-june-5-2026,Hong Kong,2026-06-05,clean,2026-06-04 05:33:00+00:00,>24h,11,7,6,False,0.7044999999999999,-0.2955000000000001,3.213,0.055,0.02999999999999997,0.014000000000000005,3.209,True,0.664,0.745
highest-temperature-in-seoul-on-june-9-2026,Seoul,2026-06-09,clean,2026-06-07 04:46:00+00:00,>24h,11,10,9,False,1.2955,0.2955000000000001,11.746,11.363,0.33,0.18,7.619,True,0.492,2.0989999999999998
highest-temperature-in-hong-kong-on-june-5-2026,Hong Kong,2026-06-05,clean,2026-06-04 07:45:00+00:00,>24h,11,7,6,False,0.7045,-0.2955,7.316,1.9655,0.020000000000000004,0.007499999999999979,5.477,True,0.679,0.73
highest-temperature-in-hong-kong-on-june-5-2026,Hong Kong,2026-06-05,clean,2026-06-04 10:05:00+00:00,>24h,11,7,6,False,0.705,-0.29500000000000004,12.623,4.0655,0.04000000000000001,0.022999999999999986,10.718,True,0.639,0.771
highest-temperature-in-hong-kong-on-june-5-2026,Hong Kong,2026-06-05,clean,2026-06-04 04:51:00+00:00,>24h,11,7,6,False,0.705,-0.29500000000000004,2.838,0.7205,0.05000000000000002,0.008,2.8369999999999997,True,0.6559999999999999,0.754
highest-temperature-in-hong-kong-on-june-5-2026,Hong Kong,2026-06-05,clean,2026-06-04 10:06:00+00:00,>24h,11,7,6,False,0.705,-0.29500000000000004,23.156,1.3864999999999998,0.04000000000000001,0.022999999999999986,22.792,True,0.639,0.771
highest-temperature-in-hong-kong-on-june-5-2026,Hong Kong,2026-06-05,clean,2026-06-04 21:06:00+00:00,6-24h,11,7,7,False,0.7055,-0.2945,27774.267,8.051,0.01999999999999999,0.004999999999999999,27773.943,True,0.6749999999999999,0.7359999999999999
highest-temperature-in-hong-kong-on-june-5-2026,Hong Kong,2026-06-05,clean,2026-06-04 08:59:00+00:00,>24h,11,7,6,False,0.7055,-0.2945,4.061,2.5895,0.039999999999999994,0.009500000000000005,3.875,True,0.6700000000000002,0.741
highest-temperature-in-hong-kong-on-june-5-2026,Hong Kong,2026-06-05,clean,2026-06-04 21:05:00+00:00,6-24h,11,7,7,False,0.7055,-0.2945,27714.267,9.713,0.01999999999999999,0.004999999999999999,27714.24,True,0.6749999999999999,0.7359999999999999
highest-temperature-in-hong-kong-on-june-5-2026,Hong Kong,2026-06-05,clean,2026-06-04 21:11:00+00:00,6-24h,11,7,7,False,0.7055,-0.2945,28074.267,1.042,0.01999999999999999,0.004999999999999999,28073.292,True,0.6749999999999999,0.7359999999999999
highest-temperature-in-hong-kong-on-june-5-2026,Hong Kong,2026-06-05,clean,2026-06-04 21:10:00+00:00,6-24h,11,7,7,False,0.7055,-0.2945,28014.267,1.131,0.01999999999999999,0.004999999999999999,28014.019,True,0.6749999999999999,0.7359999999999999
highest-temperature-in-hong-kong-on-june-5-2026,Hong Kong,2026-06-05,clean,2026-06-04 10:11:00+00:00,>24h,11,7,6,False,0.706,-0.29400000000000004,12.796,2.427,0.04000000000000001,0.021999999999999985,12.764,True,0.641,0.771
highest-temperature-in-hong-kong-on-june-5-2026,Hong Kong,2026-06-05,clean,2026-06-04 10:00:00+00:00,>24h,11,7,6,False,0.706,-0.29400000000000004,28.014,1.46,0.04999999999999999,0.021999999999999995,27.006,True,0.641,0.771
highest-temperature-in-hong-kong-on-june-5-2026,Hong Kong,2026-06-05,clean,2026-06-04 09:47:00+00:00,>24h,11,7,6,False,0.706,-0.29400000000000004,38.62,7.2425,0.020000000000000004,0.011999999999999992,38.375,True,0.6709999999999999,0.741
highest-temperature-in-hong-kong-on-june-5-2026,Hong Kong,2026-06-05,clean,2026-06-05 00:54:00+00:00,6-24h,11,7,7,False,0.706,-0.29400000000000004,41454.267,15.359,0.02999999999999997,0.004,41451.834,True,0.677,0.735
highest-temperature-in-hong-kong-on-june-5-2026,Hong Kong,2026-06-05,clean,2026-06-04 04:35:00+00:00,>24h,11,7,6,False,0.7064999999999999,-0.2935000000000001,0.508,0.501,0.050000000000000044,0.010499999999999995,0.336,True,0.6549999999999999,0.758
highest-temperature-in-hong-kong-on-june-5-2026,Hong Kong,2026-06-05,clean,2026-06-05 06:36:00+00:00,1-6h,11,7,7,False,0.7065,-0.2935,61974.267,9000.92,0.06000000000000005,0.001,61974.094,True,0.656,0.757
highest-temperature-in-hong-kong-on-june-5-2026,Hong Kong,2026-06-05,clean,2026-06-04 10:18:00+00:00,>24h,11,7,6,False,0.7075,-0.2925,27.912,2.1915,0.07,0.01599999999999998,27.43,True,0.6340000000000001,0.781
highest-temperature-in-hong-kong-on-june-5-2026,Hong Kong,2026-06-05,clean,2026-06-04 21:29:00+00:00,6-24h,11,7,7,False,0.7075,-0.2925,29154.267,1.752,0.02999999999999997,0.008999999999999998,29154.243,True,0.6689999999999999,0.7459999999999999
highest-temperature-in-hong-kong-on-june-5-2026,Hong Kong,2026-06-05,clean,2026-06-04 21:31:00+00:00,6-24h,11,7,7,False,0.7075,-0.2925,29274.267,5.723,0.02999999999999997,0.008999999999999998,29269.345,True,0.6689999999999999,0.7459999999999999
highest-temperature-in-hong-kong-on-june-5-2026,Hong Kong,2026-06-05,clean,2026-06-04 21:33:00+00:00,6-24h,11,7,7,False,0.7075,-0.2925,29394.267,4.875,0.02999999999999997,0.008999999999999998,29389.426,True,0.6689999999999999,0.7459999999999999
highest-temperature-in-hong-kong-on-june-5-2026,Hong Kong,2026-06-05,clean,2026-06-04 21:30:00+00:00,6-24h,11,7,7,False,0.7075,-0.2925,29214.267,15.576,0.02999999999999997,0.008999999999999998,29208.975,True,0.6689999999999999,0.7459999999999999
highest-temperature-in-hong-kong-on-june-5-2026,Hong Kong,2026-06-05,clean,2026-06-04 21:32:00+00:00,6-24h,11,7,7,False,0.7075,-0.2925,29334.267,4.573,0.02999999999999997,0.008999999999999998,29330.784,True,0.6689999999999999,0.7459999999999999
highest-temperature-in-hong-kong-on-june-5-2026,Hong Kong,2026-06-05,clean,2026-06-04 07:58:00+00:00,>24h,11,7,6,False,0.7075,-0.2925,18.853,2.5789999999999997,0.03,0.007499999999999976,18.336,True,0.679,0.736
highest-temperature-in-moscow-on-june-4-2026,Moscow,2026-06-04,clean,2026-06-04 11:59:00+00:00,<1h,11,11,11,True,1.2924999999999998,0.29249999999999976,36484.016,12269.137,0.38,0.002,36483.841,False,0.928,1.657
highest-temperature-in-hong-kong-on-june-5-2026,Hong Kong,2026-06-05,clean,2026-06-04 07:08:00+00:00,>24h,11,7,6,False,0.708,-0.29200000000000004,10.987,1.067,0.020000000000000018,0.013999999999999995,10.87,True,0.671,0.7450000000000001
highest-temperature-in-hong-kong-on-june-5-2026,Hong Kong,2026-06-05,clean,2026-06-04 07:14:00+00:00,>24h,11,7,6,False,0.708,-0.29200000000000004,0.89,0.6315,0.03,0.014000000000000009,0.886,True,0.661,0.7549999999999999
highest-temperature-in-hong-kong-on-june-5-2026,Hong Kong,2026-06-05,clean,2026-06-04 08:14:00+00:00,>24h,11,7,6,False,0.708,-0.29200000000000004,9.038,0.7315,0.03,0.013500000000000002,9.025,True,0.667,0.7490000000000001
highest-temperature-in-hong-kong-on-june-5-2026,Hong Kong,2026-06-05,clean,2026-06-04 10:19:00+00:00,>24h,11,7,6,False,0.708,-0.29200000000000004,2.479,1.6125,0.07,0.01549999999999998,2.291,True,0.635,0.781
highest-temperature-in-hong-kong-on-june-5-2026,Hong Kong,2026-06-05,clean,2026-06-04 07:28:00+00:00,>24h,11,7,6,False,0.7080000000000001,-0.2919999999999999,6.055,1.6624999999999999,0.010000000000000009,0.006999999999999975,5.438,True,0.6900000000000001,0.726
highest-temperature-in-hong-kong-on-june-5-2026,Hong Kong,2026-06-05,clean,2026-06-04 07:18:00+00:00,>24h,11,7,6,False,0.7085,-0.2915,42.74,4.7565,0.01999999999999999,0.008999999999999977,41.538,True,0.682,0.735
highest-temperature-in-hong-kong-on-june-5-2026,Hong Kong,2026-06-05,clean,2026-06-04 07:20:00+00:00,>24h,11,7,6,False,0.7085,-0.2915,27.936,1.9775,0.01999999999999999,0.008999999999999977,27.833,True,0.682,0.735
highest-temperature-in-hong-kong-on-june-5-2026,Hong Kong,2026-06-05,clean,2026-06-04 07:21:00+00:00,>24h,11,7,6,False,0.7085,-0.2915,32.245,2.143,0.01999999999999999,0.008999999999999977,31.102,True,0.682,0.735
highest-temperature-in-hong-kong-on-june-5-2026,Hong Kong,2026-06-05,clean,2026-06-04 08:15:00+00:00,>24h,11,7,6,False,0.7085,-0.2915,2.893,1.318,0.020000000000000018,0.008500000000000004,2.867,True,0.678,0.7390000000000001
highest-temperature-in-hong-kong-on-june-5-2026,Hong Kong,2026-06-05,clean,2026-06-04 08:20:00+00:00,>24h,11,7,6,False,0.7085,-0.2915,5.271,5.221,0.020000000000000018,0.008500000000000004,3.983,True,0.678,0.7390000000000001
highest-temperature-in-hong-kong-on-june-5-2026,Hong Kong,2026-06-05,clean,2026-06-04 07:25:00+00:00,>24h,11,7,6,False,0.7085,-0.2915,8.193,6.695,0.01999999999999999,0.008999999999999977,6.257,True,0.682,0.735
highest-temperature-in-hong-kong-on-june-5-2026,Hong Kong,2026-06-05,clean,2026-06-04 08:19:00+00:00,>24h,11,7,6,False,0.7085,-0.2915,15.863,0.9994999999999999,0.020000000000000018,0.008500000000000004,15.706,True,0.678,0.7390000000000001
highest-temperature-in-hong-kong-on-june-5-2026,Hong Kong,2026-06-05,clean,2026-06-04 15:14:00+00:00,6-24h,11,7,7,False,0.7085,-0.2915,6654.267,0.344,0.02999999999999997,0.006,6654.222,True,0.671,0.746
highest-temperature-in-hong-kong-on-june-5-2026,Hong Kong,2026-06-05,clean,2026-06-04 07:16:00+00:00,>24h,11,7,6,False,0.7085,-0.2915,2.26,1.452,0.01999999999999999,0.008999999999999977,2.2560000000000002,True,0.682,0.735
highest-temperature-in-hong-kong-on-june-5-2026,Hong Kong,2026-06-05,clean,2026-06-04 07:19:00+00:00,>24h,11,7,6,False,0.7085,-0.2915,8.716,0.6184999999999999,0.01999999999999999,0.008999999999999977,8.713,True,0.682,0.735
highest-temperature-in-hong-kong-on-june-5-2026,Hong Kong,2026-06-05,clean,2026-06-04 15:17:00+00:00,6-24h,11,7,7,False,0.7085,-0.2915,6834.267,5.34,0.01999999999999999,0.006,6834.208,True,0.681,0.736
highest-temperature-in-hong-kong-on-june-5-2026,Hong Kong,2026-06-05,clean,2026-06-04 07:17:00+00:00,>24h,11,7,6,False,0.7085,-0.2915,3.406,0.109,0.01999999999999999,0.008999999999999977,3.391,True,0.682,0.735
highest-temperature-in-hong-kong-on-june-5-2026,Hong Kong,2026-06-05,clean,2026-06-04 15:18:00+00:00,6-24h,11,7,7,False,0.7085,-0.2915,6894.267,12.388,0.01999999999999999,0.006,6893.4,True,0.681,0.736
highest-temperature-in-hong-kong-on-june-5-2026,Hong Kong,2026-06-05,clean,2026-06-04 15:19:00+00:00,6-24h,11,7,7,False,0.7085,-0.2915,6954.267,0.473,0.01999999999999999,0.006,6954.212,True,0.681,0.736
highest-temperature-in-hong-kong-on-june-5-2026,Hong Kong,2026-06-05,clean,2026-06-04 07:56:00+00:00,>24h,11,7,6,False,0.7085,-0.2915,36.842,1.0735000000000001,0.03,0.007499999999999976,36.736,True,0.679,0.738
highest-temperature-in-hong-kong-on-june-5-2026,Hong Kong,2026-06-05,clean,2026-06-04 15:15:00+00:00,6-24h,11,7,7,False,0.7085,-0.2915,6714.267,0.574,0.02999999999999997,0.006,6714.137,True,0.671,0.746
highest-temperature-in-hong-kong-on-june-5-2026,Hong Kong,2026-06-05,clean,2026-06-04 15:16:00+00:00,6-24h,11,7,7,False,0.7085,-0.2915,6774.267,4.596,0.02999999999999997,0.006,6773.607,True,0.671,0.746
highest-temperature-in-hong-kong-on-june-5-2026,Hong Kong,2026-06-05,clean,2026-06-04 07:57:00+00:00,>24h,11,7,6,False,0.7085,-0.2915,59.474,2.665,0.03,0.007499999999999976,58.87,True,0.679,0.738
highest-temperature-in-hong-kong-on-june-5-2026,Hong Kong,2026-06-05,clean,2026-06-04 04:13:00+00:00,>24h,11,7,6,False,0.7085,-0.2915,0.364,0.14550000000000002,0.06999999999999999,0.024000000000000018,0.26,True,0.622,0.795
highest-temperature-in-hong-kong-on-june-5-2026,Hong Kong,2026-06-05,clean,2026-06-04 09:46:00+00:00,>24h,11,7,6,False,0.7085,-0.2915,23.122,1.7305,0.020000000000000004,0.011499999999999991,22.502,True,0.676,0.741
highest-temperature-in-hong-kong-on-june-5-2026,Hong Kong,2026-06-05,clean,2026-06-04 07:22:00+00:00,>24h,11,7,6,False,0.7085,-0.2915,92.245,12.8755,0.01999999999999999,0.008999999999999977,91.092,True,0.682,0.735
highest-temperature-in-hong-kong-on-june-5-2026,Hong Kong,2026-06-05,clean,2026-06-04 04:44:00+00:00,>24h,11,7,6,False,0.709,-0.29100000000000004,38.554,1.0695000000000001,0.04000000000000001,0.0185,37.771,True,0.654,0.764
highest-temperature-in-hong-kong-on-june-5-2026,Hong Kong,2026-06-05,clean,2026-06-05 06:38:00+00:00,1-6h,11,7,7,False,0.7090000000000001,-0.2909999999999999,62094.267,9120.92,0.06000000000000005,0.001,62094.205,True,0.652,0.766
highest-temperature-in-hong-kong-on-june-5-2026,Hong Kong,2026-06-05,clean,2026-06-04 07:27:00+00:00,>24h,11,7,6,False,0.7090000000000001,-0.2909999999999999,5.805,2.6955,0.010000000000000009,0.007999999999999976,5.624,True,0.6900000000000001,0.728
highest-temperature-in-hong-kong-on-june-5-2026,Hong Kong,2026-06-05,clean,2026-06-04 04:57:00+00:00,>24h,11,7,6,False,0.7095,-0.2905,1.167,0.2105,0.040000000000000036,0.006499999999999999,1.078,True,0.6669999999999999,0.752
highest-temperature-in-hong-kong-on-june-5-2026,Hong Kong,2026-06-05,clean,2026-06-04 05:38:00+00:00,>24h,11,7,6,False,0.7095,-0.2905,10.996,0.2575,0.04000000000000001,0.014000000000000005,10.975,True,0.664,0.755
highest-temperature-in-hong-kong-on-june-5-2026,Hong Kong,2026-06-05,clean,2026-06-04 07:54:00+00:00,>24h,11,7,6,False,0.7095,-0.2905,38.664,1.024,0.03,0.007499999999999979,38.648,True,0.679,0.74
highest-temperature-in-hong-kong-on-june-5-2026,Hong Kong,2026-06-05,clean,2026-06-04 07:55:00+00:00,>24h,11,7,6,False,0.7095,-0.2905,18.962,3.6035,0.03,0.007499999999999979,18.678,True,0.679,0.74
highest-temperature-in-hong-kong-on-june-5-2026,Hong Kong,2026-06-05,clean,2026-06-04 04:39:00+00:00,>24h,11,7,6,False,0.7095,-0.2905,26.559,2.5500000000000003,0.030000000000000027,0.013499999999999995,26.372,True,0.6649999999999999,0.754
highest-temperature-in-hong-kong-on-june-5-2026,Hong Kong,2026-06-05,clean,2026-06-04 07:53:00+00:00,>24h,11,7,6,False,0.7095,-0.2905,32.881,0.603,0.03,0.007499999999999979,32.817,True,0.679,0.74
highest-temperature-in-hong-kong-on-june-5-2026,Hong Kong,2026-06-05,clean,2026-06-04 05:35:00+00:00,>24h,11,7,6,False,0.7095,-0.2905,0.546,0.399,0.04000000000000001,0.014000000000000005,0.473,True,0.664,0.755
highest-temperature-in-hong-kong-on-june-5-2026,Hong Kong,2026-06-05,clean,2026-06-04 05:39:00+00:00,>24h,11,7,6,False,0.7095,-0.2905,29.183,0.1995,0.04000000000000001,0.014000000000000005,29.098,True,0.664,0.755
highest-temperature-in-qingdao-on-june-10-2026,Qingdao,2026-06-10,clean,2026-06-08 05:01:00+00:00,>24h,11,10,10,False,1.29,0.29000000000000004,1.219,1.174,0.571,0.15499999999999997,0.13,True,0.41200000000000003,2.168
highest-temperature-in-hong-kong-on-june-5-2026,Hong Kong,2026-06-05,clean,2026-06-04 21:24:00+00:00,6-24h,11,7,7,False,0.71,-0.29000000000000004,28854.267,4.428,0.02999999999999997,0.004999999999999999,28851.563,True,0.674,0.7459999999999999
highest-temperature-in-hong-kong-on-june-5-2026,Hong Kong,2026-06-05,clean,2026-06-04 21:23:00+00:00,6-24h,11,7,7,False,0.71,-0.29000000000000004,28794.267,5.415,0.02999999999999997,0.004999999999999999,28788.909,True,0.674,0.7459999999999999
highest-temperature-in-hong-kong-on-june-5-2026,Hong Kong,2026-06-05,clean,2026-06-04 21:22:00+00:00,6-24h,11,7,7,False,0.71,-0.29000000000000004,28734.267,8.489,0.02999999999999997,0.004999999999999999,28728.602,True,0.674,0.7459999999999999
highest-temperature-in-hong-kong-on-june-5-2026,Hong Kong,2026-06-05,clean,2026-06-04 21:21:00+00:00,6-24h,11,7,7,False,0.71,-0.29000000000000004,28674.267,0.679,0.02999999999999997,0.004999999999999999,28673.92,True,0.674,0.7459999999999999
highest-temperature-in-hong-kong-on-june-5-2026,Hong Kong,2026-06-05,clean,2026-06-04 10:01:00+00:00,>24h,11,7,6,False,0.71,-0.29000000000000004,11.75,2.0700000000000003,0.04999999999999999,0.017999999999999995,10.993,True,0.649,0.771
highest-temperature-in-hong-kong-on-june-5-2026,Hong Kong,2026-06-05,clean,2026-06-04 10:02:00+00:00,>24h,11,7,6,False,0.71,-0.29000000000000004,36.317,2.2365,0.039999999999999994,0.017999999999999995,36.299,True,0.649,0.771
highest-temperature-in-hong-kong-on-june-5-2026,Hong Kong,2026-06-05,clean,2026-06-04 10:09:00+00:00,>24h,11,7,6,False,0.71,-0.29000000000000004,4.136,3.9735,0.04000000000000001,0.017999999999999985,3.181,True,0.649,0.771
highest-temperature-in-hong-kong-on-june-5-2026,Hong Kong,2026-06-05,clean,2026-06-04 10:10:00+00:00,>24h,11,7,6,False,0.71,-0.29000000000000004,22.487,2.2024999999999997,0.04000000000000001,0.017999999999999985,21.029,True,0.649,0.771
highest-temperature-in-hong-kong-on-june-5-2026,Hong Kong,2026-06-05,clean,2026-06-04 04:49:00+00:00,>24h,11,7,6,False,0.71,-0.29000000000000004,3.045,2.8645,0.030000000000000027,0.008,3.031,True,0.6759999999999999,0.744
highest-temperature-in-hong-kong-on-june-5-2026,Hong Kong,2026-06-05,clean,2026-06-04 10:04:00+00:00,>24h,11,7,6,False,0.71,-0.29000000000000004,27.735,0.2455,0.05,0.022999999999999986,27.709,True,0.639,0.781
highest-temperature-in-hong-kong-on-june-5-2026,Hong Kong,2026-06-05,clean,2026-06-04 04:50:00+00:00,>24h,11,7,6,False,0.71,-0.29000000000000004,17.819,6.5885,0.04000000000000001,0.008,17.807,True,0.6659999999999999,0.754
highest-temperature-in-hong-kong-on-june-5-2026,Hong Kong,2026-06-05,clean,2026-06-04 04:47:00+00:00,>24h,11,7,6,False,0.71,-0.29000000000000004,11.616,1.264,0.04000000000000001,0.008,11.383,True,0.6659999999999999,0.754
highest-temperature-in-hong-kong-on-june-5-2026,Hong Kong,2026-06-05,clean,2026-06-04 09:42:00+00:00,>24h,11,7,6,False,0.71,-0.29000000000000004,15.793,1.807,0.020000000000000004,0.005999999999999977,15.645,True,0.6880000000000001,0.732
highest-temperature-in-hong-kong-on-june-5-2026,Hong Kong,2026-06-05,clean,2026-06-04 08:39:00+00:00,>24h,11,7,6,False,0.7100000000000001,-0.2899999999999999,11.427,5.9875,0.03,0.014500000000000002,11.275,True,0.6689999999999999,0.751
highest-temperature-in-hong-kong-on-june-5-2026,Hong Kong,2026-06-05,clean,2026-06-04 21:09:00+00:00,6-24h,11,7,7,False,0.7104999999999999,-0.2895000000000001,27954.267,11.714,0.02999999999999997,0.004999999999999999,27953.853,True,0.6749999999999999,0.7459999999999999
highest-temperature-in-hong-kong-on-june-5-2026,Hong Kong,2026-06-05,clean,2026-06-04 21:28:00+00:00,6-24h,11,7,7,False,0.7104999999999999,-0.2895000000000001,29094.267,4.926,0.02999999999999997,0.004999999999999999,29091.196,True,0.6749999999999999,0.7459999999999999
highest-temperature-in-hong-kong-on-june-5-2026,Hong Kong,2026-06-05,clean,2026-06-04 21:07:00+00:00,6-24h,11,7,7,False,0.7104999999999999,-0.2895000000000001,27834.267,11.082,0.02999999999999997,0.004999999999999999,27833.496,True,0.6749999999999999,0.7459999999999999
highest-temperature-in-hong-kong-on-june-5-2026,Hong Kong,2026-06-05,clean,2026-06-04 21:26:00+00:00,6-24h,11,7,7,False,0.7104999999999999,-0.2895000000000001,28974.267,8.529,0.02999999999999997,0.004999999999999999,28969.855,True,0.6749999999999999,0.7459999999999999
highest-temperature-in-hong-kong-on-june-5-2026,Hong Kong,2026-06-05,clean,2026-06-04 09:52:00+00:00,>24h,11,7,6,False,0.7104999999999999,-0.2895000000000001,13.055,1.3645,0.020000000000000018,0.009999999999999995,12.971,True,0.679,0.742
highest-temperature-in-hong-kong-on-june-5-2026,Hong Kong,2026-06-05,clean,2026-06-04 21:08:00+00:00,6-24h,11,7,7,False,0.7104999999999999,-0.2895000000000001,27894.267,24.549,0.02999999999999997,0.004999999999999999,27894.137,True,0.6749999999999999,0.7459999999999999
highest-temperature-in-hong-kong-on-june-5-2026,Hong Kong,2026-06-05,clean,2026-06-04 21:27:00+00:00,6-24h,11,7,7,False,0.7104999999999999,-0.2895000000000001,29034.267,4.303,0.02999999999999997,0.004999999999999999,29030.824,True,0.6749999999999999,0.7459999999999999
highest-temperature-in-hong-kong-on-june-5-2026,Hong Kong,2026-06-05,clean,2026-06-04 09:51:00+00:00,>24h,11,7,6,False,0.7104999999999999,-0.2895000000000001,2.317,0.8445,0.020000000000000018,0.009999999999999995,2.314,True,0.679,0.742
highest-temperature-in-hong-kong-on-june-5-2026,Hong Kong,2026-06-05,clean,2026-06-04 21:25:00+00:00,6-24h,11,7,7,False,0.7104999999999999,-0.2895000000000001,28914.267,2.641,0.02999999999999997,0.004999999999999999,28911.97,True,0.6749999999999999,0.7459999999999999
highest-temperature-in-hong-kong-on-june-5-2026,Hong Kong,2026-06-05,clean,2026-06-04 08:42:00+00:00,>24h,11,7,6,False,0.7105,-0.2895,18.166,5.3685,0.03,0.015000000000000003,13.821,True,0.6689999999999999,0.752
highest-temperature-in-hong-kong-on-june-5-2026,Hong Kong,2026-06-05,clean,2026-06-04 20:48:00+00:00,6-24h,11,7,7,False,0.7105,-0.2895,26694.267,39.873,0.010000000000000009,0.006999999999999999,26693.656,True,0.688,0.733
highest-temperature-in-hong-kong-on-june-5-2026,Hong Kong,2026-06-05,clean,2026-06-04 20:49:00+00:00,6-24h,11,7,7,False,0.7105,-0.2895,26754.267,9.395,0.010000000000000009,0.006999999999999999,26750.952,True,0.688,0.733
highest-temperature-in-hong-kong-on-june-5-2026,Hong Kong,2026-06-05,clean,2026-06-04 09:01:00+00:00,>24h,11,7,6,False,0.7105,-0.2895,18.177,3.2485,0.03,0.009500000000000005,17.427,True,0.68,0.741
highest-temperature-in-hong-kong-on-june-5-2026,Hong Kong,2026-06-05,clean,2026-06-04 08:41:00+00:00,>24h,11,7,6,False,0.7105,-0.2895,21.599,2.5324999999999998,0.03,0.015000000000000003,21.473,True,0.6689999999999999,0.752
highest-temperature-in-hong-kong-on-june-5-2026,Hong Kong,2026-06-05,clean,2026-06-04 08:40:00+00:00,>24h,11,7,6,False,0.7105,-0.2895,3.676,1.958,0.03,0.015000000000000003,3.4779999999999998,True,0.6689999999999999,0.752
highest-temperature-in-hong-kong-on-june-5-2026,Hong Kong,2026-06-05,clean,2026-06-04 09:00:00+00:00,>24h,11,7,6,False,0.7105,-0.2895,6.139,2.0945,0.03,0.009500000000000005,6.021,True,0.68,0.741
highest-temperature-in-hong-kong-on-june-5-2026,Hong Kong,2026-06-05,clean,2026-06-04 06:56:00+00:00,>24h,11,7,6,False,0.7105000000000001,-0.28949999999999987,0.853,0.3365,0.03,0.021499999999999984,0.813,True,0.654,0.7669999999999999
highest-temperature-in-hong-kong-on-june-5-2026,Hong Kong,2026-06-05,clean,2026-06-04 07:26:00+00:00,>24h,11,7,6,False,0.7110000000000001,-0.2889999999999999,7.544,1.6975,0.010000000000000009,0.008499999999999976,7.009,True,0.6900000000000001,0.732
highest-temperature-in-hong-kong-on-june-5-2026,Hong Kong,2026-06-05,clean,2026-06-04 04:06:00+00:00,>24h,11,7,6,False,0.7110000000000001,-0.2889999999999999,6.191,2.468,0.06999999999999999,0.02649999999999999,6.168,True,0.628,0.794
highest-temperature-in-hong-kong-on-june-5-2026,Hong Kong,2026-06-05,clean,2026-06-04 04:36:00+00:00,>24h,11,7,6,False,0.7114999999999999,-0.2885000000000001,18.923,0.8554999999999999,0.050000000000000044,0.010499999999999995,18.65,True,0.6549999999999999,0.768
highest-temperature-in-hong-kong-on-june-5-2026,Hong Kong,2026-06-05,clean,2026-06-04 09:19:00+00:00,>24h,11,7,6,False,0.7115,-0.2885,2.69,1.448,0.03,0.008499999999999978,2.25,True,0.682,0.741
highest-temperature-in-hong-kong-on-june-5-2026,Hong Kong,2026-06-05,clean,2026-06-04 21:36:00+00:00,6-24h,11,7,7,False,0.7124999999999999,-0.2875000000000001,29574.267,14.829,0.020000000000000018,0.008999999999999998,29569.717,True,0.6789999999999999,0.7459999999999999
highest-temperature-in-hong-kong-on-june-5-2026,Hong Kong,2026-06-05,clean,2026-06-04 04:09:00+00:00,>24h,11,7,6,False,0.713,-0.28700000000000003,5.67,2.9154999999999998,0.06999999999999999,0.01750000000000001,5.656,True,0.634,0.792
highest-temperature-in-hong-kong-on-june-5-2026,Hong Kong,2026-06-05,clean,2026-06-04 08:06:00+00:00,>24h,11,7,6,False,0.7130000000000001,-0.2869999999999999,25.5,1.405,0.03,0.008500000000000004,25.489,True,0.677,0.7490000000000001
highest-temperature-in-hong-kong-on-june-5-2026,Hong Kong,2026-06-05,clean,2026-06-04 08:05:00+00:00,>24h,11,7,6,False,0.7130000000000001,-0.2869999999999999,9.298,4.146,0.03,0.008500000000000004,9.289,True,0.677,0.7490000000000001
highest-temperature-in-hong-kong-on-june-5-2026,Hong Kong,2026-06-05,clean,2026-06-04 08:04:00+00:00,>24h,11,7,6,False,0.7130000000000001,-0.2869999999999999,28.681,2.0140000000000002,0.03,0.008500000000000004,28.449,True,0.677,0.7490000000000001
highest-temperature-in-hong-kong-on-june-5-2026,Hong Kong,2026-06-05,clean,2026-06-04 08:07:00+00:00,>24h,11,7,6,False,0.7130000000000001,-0.2869999999999999,4.83,1.8425,0.03,0.008500000000000004,4.79,True,0.677,0.7490000000000001
highest-temperature-in-hong-kong-on-june-5-2026,Hong Kong,2026-06-05,clean,2026-06-04 08:13:00+00:00,>24h,11,7,6,False,0.7130000000000001,-0.2869999999999999,28.397,6.3655,0.03,0.008500000000000004,28.321,True,0.677,0.7490000000000001
highest-temperature-in-hong-kong-on-june-5-2026,Hong Kong,2026-06-05,clean,2026-06-04 08:11:00+00:00,>24h,11,7,6,False,0.7130000000000001,-0.2869999999999999,11.619,3.1944999999999997,0.03,0.008500000000000004,11.538,True,0.677,0.7490000000000001
highest-temperature-in-hong-kong-on-june-5-2026,Hong Kong,2026-06-05,clean,2026-06-04 08:12:00+00:00,>24h,11,7,6,False,0.7130000000000001,-0.2869999999999999,40.398,0.133,0.03,0.008500000000000004,40.325,True,0.677,0.7490000000000001
highest-temperature-in-hong-kong-on-june-5-2026,Hong Kong,2026-06-05,clean,2026-06-04 08:09:00+00:00,>24h,11,7,6,False,0.7130000000000001,-0.2869999999999999,17.525,2.1585,0.03,0.008500000000000004,17.473,True,0.677,0.7490000000000001
highest-temperature-in-hong-kong-on-june-5-2026,Hong Kong,2026-06-05,clean,2026-06-04 08:08:00+00:00,>24h,11,7,6,False,0.7130000000000001,-0.2869999999999999,39.323,3.8925,0.03,0.008500000000000004,39.223,True,0.677,0.7490000000000001
highest-temperature-in-hong-kong-on-june-5-2026,Hong Kong,2026-06-05,clean,2026-06-04 07:10:00+00:00,>24h,11,7,6,False,0.7130000000000001,-0.2869999999999999,2.566,1.2974999999999999,0.03,0.014000000000000002,2.246,True,0.671,0.7550000000000001
highest-temperature-in-hong-kong-on-june-5-2026,Hong Kong,2026-06-05,clean,2026-06-04 08:10:00+00:00,>24h,11,7,6,False,0.7130000000000001,-0.2869999999999999,5.018,3.7415,0.03,0.008500000000000004,4.586,True,0.677,0.7490000000000001
highest-temperature-in-hong-kong-on-june-5-2026,Hong Kong,2026-06-05,clean,2026-06-04 20:50:00+00:00,6-24h,11,7,7,False,0.7135,-0.2865,26814.267,9.086,0.010000000000000009,0.004999999999999999,26811.204,True,0.694,0.733
highest-temperature-in-hong-kong-on-june-5-2026,Hong Kong,2026-06-05,clean,2026-06-04 20:53:00+00:00,6-24h,11,7,7,False,0.7135,-0.2865,26994.267,15.872,0.010000000000000009,0.004999999999999999,26991.104,True,0.694,0.733
highest-temperature-in-hong-kong-on-june-5-2026,Hong Kong,2026-06-05,clean,2026-06-04 20:52:00+00:00,6-24h,11,7,7,False,0.7135,-0.2865,26934.267,37.38,0.010000000000000009,0.004999999999999999,26931.088,True,0.694,0.733
highest-temperature-in-hong-kong-on-june-5-2026,Hong Kong,2026-06-05,clean,2026-06-04 10:22:00+00:00,>24h,11,7,6,False,0.7135,-0.2865,0.74,0.7344999999999999,0.15999999999999998,0.030500000000000006,0.224,True,0.566,0.861
highest-temperature-in-hong-kong-on-june-5-2026,Hong Kong,2026-06-05,clean,2026-06-04 08:17:00+00:00,>24h,11,7,6,False,0.7135,-0.2865,18.399,5.05,0.020000000000000018,0.008500000000000004,18.322,True,0.6880000000000001,0.7390000000000001
highest-temperature-in-hong-kong-on-june-5-2026,Hong Kong,2026-06-05,clean,2026-06-04 08:16:00+00:00,>24h,11,7,6,False,0.7135,-0.2865,9.093,1.3615,0.020000000000000018,0.008500000000000004,9.093,True,0.6880000000000001,0.7390000000000001
highest-temperature-in-hong-kong-on-june-5-2026,Hong Kong,2026-06-05,clean,2026-06-04 07:15:00+00:00,>24h,11,7,6,False,0.7135,-0.2865,3.414,1.1925,0.010000000000000009,0.008999999999999977,3.407,True,0.6920000000000001,0.735
highest-temperature-in-hong-kong-on-june-5-2026,Hong Kong,2026-06-05,clean,2026-06-04 20:51:00+00:00,6-24h,11,7,7,False,0.7135,-0.2865,26874.267,5.222,0.010000000000000009,0.004999999999999999,26871.741,True,0.694,0.733
highest-temperature-in-hong-kong-on-june-5-2026,Hong Kong,2026-06-05,clean,2026-06-04 20:54:00+00:00,6-24h,11,7,7,False,0.7135,-0.2865,27054.267,2.677,0.010000000000000009,0.004999999999999999,27051.973,True,0.694,0.733
highest-temperature-in-chicago-on-june-9-2026,Chicago,2026-06-09,clean,2026-06-08 01:31:00+00:00,>24h,11,11,9,False,1.286,0.28600000000000003,64.562,12.175,0.69,0.17,63.199,False,0.372,2.1999999999999997
highest-temperature-in-hong-kong-on-june-5-2026,Hong Kong,2026-06-05,clean,2026-06-04 04:58:00+00:00,>24h,11,7,6,False,0.7145,-0.2855,6.388,1.9045,0.030000000000000027,0.006499999999999999,6.15,True,0.6769999999999999,0.752
highest-temperature-in-hong-kong-on-june-5-2026,Hong Kong,2026-06-05,clean,2026-06-04 04:41:00+00:00,>24h,11,7,6,False,0.7145,-0.2855,12.57,3.093,0.030000000000000027,0.013499999999999995,12.256,True,0.6749999999999999,0.754
highest-temperature-in-hong-kong-on-june-5-2026,Hong Kong,2026-06-05,clean,2026-06-04 03:18:00+00:00,>24h,11,7,6,False,0.7145,-0.2855,11.771,10.419,0.05000000000000002,0.0325,10.848,True,0.635,0.7939999999999999
highest-temperature-in-austin-on-june-11-2026,Austin,2026-06-11,degraded,2026-06-10 01:53:00+00:00,>24h,11,11,11,True,1.2854999999999999,0.28549999999999986,59.99,41.176,0.19,0.09000000000000001,55.244,False,0.8240000000000001,1.747
highest-temperature-in-hong-kong-on-june-5-2026,Hong Kong,2026-06-05,clean,2026-06-04 21:16:00+00:00,6-24h,11,7,7,False,0.7149999999999999,-0.28500000000000014,28374.267,1.559,0.020000000000000018,0.004999999999999999,28374.238,True,0.6839999999999999,0.7459999999999999
highest-temperature-in-hong-kong-on-june-5-2026,Hong Kong,2026-06-05,clean,2026-06-04 21:14:00+00:00,6-24h,11,7,7,False,0.7149999999999999,-0.28500000000000014,28254.267,0.905,0.020000000000000018,0.004999999999999999,28253.714,True,0.6839999999999999,0.7459999999999999
highest-temperature-in-hong-kong-on-june-5-2026,Hong Kong,2026-06-05,clean,2026-06-04 21:18:00+00:00,6-24h,11,7,7,False,0.7149999999999999,-0.28500000000000014,28494.267,10.693,0.020000000000000018,0.004999999999999999,28494.257,True,0.6839999999999999,0.7459999999999999
highest-temperature-in-hong-kong-on-june-5-2026,Hong Kong,2026-06-05,clean,2026-06-04 21:17:00+00:00,6-24h,11,7,7,False,0.7149999999999999,-0.28500000000000014,28434.267,0.362,0.020000000000000018,0.004999999999999999,28434.007,True,0.6839999999999999,0.7459999999999999
highest-temperature-in-hong-kong-on-june-5-2026,Hong Kong,2026-06-05,clean,2026-06-04 21:19:00+00:00,6-24h,11,7,7,False,0.7149999999999999,-0.28500000000000014,28554.267,19.876,0.020000000000000018,0.004999999999999999,28552.997,True,0.6839999999999999,0.7459999999999999
highest-temperature-in-hong-kong-on-june-5-2026,Hong Kong,2026-06-05,clean,2026-06-04 21:20:00+00:00,6-24h,11,7,7,False,0.7149999999999999,-0.28500000000000014,28614.267,19.842,0.020000000000000018,0.004999999999999999,28614.094,True,0.6839999999999999,0.7459999999999999
highest-temperature-in-hong-kong-on-june-5-2026,Hong Kong,2026-06-05,clean,2026-06-04 21:15:00+00:00,6-24h,11,7,7,False,0.7149999999999999,-0.28500000000000014,28314.267,2.437,0.020000000000000018,0.004999999999999999,28312.336,True,0.6839999999999999,0.7459999999999999
highest-temperature-in-hong-kong-on-june-5-2026,Hong Kong,2026-06-05,clean,2026-06-04 21:13:00+00:00,6-24h,11,7,7,False,0.7149999999999999,-0.28500000000000014,28194.267,2.937,0.020000000000000018,0.004999999999999999,28191.8,True,0.6839999999999999,0.7459999999999999
highest-temperature-in-hong-kong-on-june-5-2026,Hong Kong,2026-06-05,clean,2026-06-04 09:44:00+00:00,>24h,11,7,6,False,0.715,-0.28500000000000003,11.079,3.088,0.020000000000000004,0.005999999999999991,10.947,True,0.6880000000000001,0.742
highest-temperature-in-hong-kong-on-june-5-2026,Hong Kong,2026-06-05,clean,2026-06-04 09:35:00+00:00,>24h,11,7,6,False,0.715,-0.28500000000000003,3.878,1.217,0.03,0.005999999999999977,2.675,True,0.6880000000000001,0.742
highest-temperature-in-hong-kong-on-june-5-2026,Hong Kong,2026-06-05,clean,2026-06-04 09:45:00+00:00,>24h,11,7,6,False,0.715,-0.28500000000000003,23.203,5.378,0.020000000000000004,0.005999999999999991,19.964,True,0.6880000000000001,0.742
highest-temperature-in-hong-kong-on-june-5-2026,Hong Kong,2026-06-05,clean,2026-06-04 10:08:00+00:00,>24h,11,7,6,False,0.715,-0.28500000000000003,1.612,1.5945,0.04000000000000001,0.02299999999999999,1.129,True,0.649,0.781
highest-temperature-in-hong-kong-on-june-5-2026,Hong Kong,2026-06-05,clean,2026-06-04 09:43:00+00:00,>24h,11,7,6,False,0.715,-0.28500000000000003,11.165,1.9235,0.020000000000000004,0.005999999999999991,9.762,True,0.6880000000000001,0.742
highest-temperature-in-hong-kong-on-june-5-2026,Hong Kong,2026-06-05,clean,2026-06-04 20:59:00+00:00,6-24h,11,7,7,False,0.715,-0.28500000000000003,27354.267,4.141,0.019999999999999962,0.009999999999999995,27353.805,True,0.6849999999999999,0.745
highest-temperature-in-hong-kong-on-june-5-2026,Hong Kong,2026-06-05,clean,2026-06-04 10:07:00+00:00,>24h,11,7,6,False,0.715,-0.28500000000000003,31.129,4.54,0.04000000000000001,0.02299999999999999,30.979,True,0.649,0.781
highest-temperature-in-hong-kong-on-june-5-2026,Hong Kong,2026-06-05,clean,2026-06-04 09:36:00+00:00,>24h,11,7,6,False,0.715,-0.28500000000000003,1.693,1.0055,0.03,0.005999999999999977,1.278,True,0.6880000000000001,0.742
highest-temperature-in-hong-kong-on-june-5-2026,Hong Kong,2026-06-05,clean,2026-06-04 09:38:00+00:00,>24h,11,7,6,False,0.715,-0.28500000000000003,24.326,11.0935,0.03,0.005999999999999977,23.536,True,0.6880000000000001,0.742
highest-temperature-in-hong-kong-on-june-5-2026,Hong Kong,2026-06-05,clean,2026-06-04 09:37:00+00:00,>24h,11,7,6,False,0.715,-0.28500000000000003,1.868,1.0855000000000001,0.03,0.005999999999999977,1.314,True,0.6880000000000001,0.742
highest-temperature-in-hong-kong-on-june-5-2026,Hong Kong,2026-06-05,clean,2026-06-04 09:40:00+00:00,>24h,11,7,6,False,0.715,-0.28500000000000003,34.866,0.16999999999999998,0.03,0.005999999999999977,34.771,True,0.6880000000000001,0.742
highest-temperature-in-hong-kong-on-june-5-2026,Hong Kong,2026-06-05,clean,2026-06-04 09:41:00+00:00,>24h,11,7,6,False,0.715,-0.28500000000000003,23.011,1.411,0.03,0.005999999999999977,22.984,True,0.6880000000000001,0.742
highest-temperature-in-hong-kong-on-june-5-2026,Hong Kong,2026-06-05,clean,2026-06-04 04:48:00+00:00,>24h,11,7,6,False,0.715,-0.28500000000000003,3.46,3.1185,0.030000000000000027,0.008,1.613,True,0.6759999999999999,0.754
highest-temperature-in-hong-kong-on-june-5-2026,Hong Kong,2026-06-05,clean,2026-06-04 09:39:00+00:00,>24h,11,7,6,False,0.715,-0.28500000000000003,19.434,1.2530000000000001,0.03,0.005999999999999977,19.12,True,0.6880000000000001,0.742
highest-temperature-in-hong-kong-on-june-5-2026,Hong Kong,2026-06-05,clean,2026-06-04 21:12:00+00:00,6-24h,11,7,7,False,0.7154999999999999,-0.2845000000000001,28134.267,9.375,0.020000000000000018,0.004999999999999999,28134.245,True,0.6849999999999999,0.7459999999999999
highest-temperature-in-hong-kong-on-june-5-2026,Hong Kong,2026-06-05,clean,2026-06-04 08:57:00+00:00,>24h,11,7,6,False,0.7154999999999999,-0.2845000000000001,29.304,0.758,0.039999999999999994,0.009500000000000005,29.059,True,0.6700000000000002,0.761
highest-temperature-in-hong-kong-on-june-5-2026,Hong Kong,2026-06-05,clean,2026-06-04 08:58:00+00:00,>24h,11,7,6,False,0.7154999999999999,-0.2845000000000001,17.206,3.0235000000000003,0.039999999999999994,0.009500000000000005,17.183,True,0.6700000000000002,0.761
highest-temperature-in-hong-kong-on-june-5-2026,Hong Kong,2026-06-05,clean,2026-06-04 20:42:00+00:00,6-24h,11,7,7,False,0.7155,-0.2845,26334.267,4.677,0.03,0.006999999999999999,26332.545,True,0.6779999999999999,0.753
highest-temperature-in-hong-kong-on-june-5-2026,Hong Kong,2026-06-05,clean,2026-06-04 04:11:00+00:00,>24h,11,7,6,False,0.7155,-0.2845,30.001,4.7475000000000005,0.06999999999999999,0.020000000000000007,29.469,True,0.634,0.797
highest-temperature-in-hong-kong-on-june-5-2026,Hong Kong,2026-06-05,clean,2026-06-04 06:34:00+00:00,>24h,11,7,6,False,0.7155,-0.2845,10.677,1.163,0.020000000000000018,0.013000000000000001,10.666,True,0.678,0.753
highest-temperature-in-hong-kong-on-june-5-2026,Hong Kong,2026-06-05,clean,2026-06-04 04:38:00+00:00,>24h,11,7,6,False,0.7165,-0.2835,2.074,0.373,0.040000000000000036,0.010499999999999995,1.909,True,0.6649999999999999,0.768
highest-temperature-in-hong-kong-on-june-5-2026,Hong Kong,2026-06-05,clean,2026-06-04 04:23:00+00:00,>24h,11,7,6,False,0.717,-0.28300000000000003,1.385,0.5905,0.050000000000000044,0.013500000000000002,1.092,True,0.6519999999999999,0.782
highest-temperature-in-hong-kong-on-june-5-2026,Hong Kong,2026-06-05,clean,2026-06-04 10:15:00+00:00,>24h,11,7,6,False,0.717,-0.28300000000000003,22.88,2.5875,0.09,0.01649999999999998,22.328,True,0.633,0.801
highest-temperature-in-hong-kong-on-june-5-2026,Hong Kong,2026-06-05,clean,2026-06-04 08:24:00+00:00,>24h,11,7,6,False,0.7170000000000001,-0.2829999999999999,0.836,0.319,0.03,0.012000000000000004,0.788,True,0.678,0.756
highest-temperature-in-hong-kong-on-june-5-2026,Hong Kong,2026-06-05,clean,2026-06-04 13:30:00+00:00,6-24h,11,7,7,False,0.7170000000000001,-0.2829999999999999,414.267,3.705,0.031000000000000003,0.009999999999999981,414.167,True,0.676,0.758
highest-temperature-in-hong-kong-on-june-5-2026,Hong Kong,2026-06-05,clean,2026-06-04 08:23:00+00:00,>24h,11,7,6,False,0.7170000000000001,-0.2829999999999999,2.964,2.226,0.03,0.012000000000000004,2.354,True,0.678,0.756
highest-temperature-in-hong-kong-on-june-5-2026,Hong Kong,2026-06-05,clean,2026-06-04 05:31:00+00:00,>24h,11,7,6,False,0.7174999999999999,-0.2825000000000001,12.28,1.3365,0.02999999999999997,0.011000000000000006,12.131,True,0.6799999999999999,0.755
highest-temperature-in-hong-kong-on-june-5-2026,Hong Kong,2026-06-05,clean,2026-06-04 21:35:00+00:00,6-24h,11,7,7,False,0.7174999999999999,-0.2825000000000001,29514.267,29.737,0.020000000000000018,0.008999999999999998,29514.265,True,0.6789999999999999,0.7559999999999999
highest-temperature-in-hong-kong-on-june-5-2026,Hong Kong,2026-06-05,clean,2026-06-04 05:32:00+00:00,>24h,11,7,6,False,0.7174999999999999,-0.2825000000000001,0.766,0.265,0.02999999999999997,0.011000000000000006,0.716,True,0.6799999999999999,0.755
highest-temperature-in-hong-kong-on-june-5-2026,Hong Kong,2026-06-05,clean,2026-06-04 03:19:00+00:00,>24h,11,7,6,False,0.7175,-0.2825,12.972,7.8415,0.05000000000000002,0.0295,11.129,True,0.6409999999999999,0.7939999999999999
highest-temperature-in-hong-kong-on-june-5-2026,Hong Kong,2026-06-05,clean,2026-06-04 08:31:00+00:00,>24h,11,7,6,False,0.7175,-0.2825,0.719,0.008,0.03,0.011999999999999997,0.718,True,0.6789999999999999,0.756
highest-temperature-in-hong-kong-on-june-5-2026,Hong Kong,2026-06-05,clean,2026-06-04 10:16:00+00:00,>24h,11,7,6,False,0.7175,-0.2825,4.239,2.5869999999999997,0.09,0.01599999999999998,4.202,True,0.6340000000000001,0.801
highest-temperature-in-hong-kong-on-june-5-2026,Hong Kong,2026-06-05,clean,2026-06-04 10:17:00+00:00,>24h,11,7,6,False,0.7175,-0.2825,25.702,0.106,0.09,0.01599999999999998,25.651,True,0.6340000000000001,0.801
highest-temperature-in-hong-kong-on-june-5-2026,Hong Kong,2026-06-05,clean,2026-06-04 07:09:00+00:00,>24h,11,7,6,False,0.718,-0.28200000000000003,0.989,0.589,0.03,0.014000000000000009,0.951,True,0.671,0.7649999999999999
highest-temperature-in-hong-kong-on-june-5-2026,Hong Kong,2026-06-05,clean,2026-06-04 13:29:00+00:00,6-24h,11,7,7,False,0.718,-0.28200000000000003,354.267,3.911,0.030999999999999996,0.009999999999999981,354.203,True,0.677,0.7590000000000001
highest-temperature-in-hong-kong-on-june-5-2026,Hong Kong,2026-06-05,clean,2026-06-04 04:10:00+00:00,>24h,11,7,6,False,0.718,-0.28200000000000003,13.649,10.7615,0.06999999999999999,0.02250000000000001,13.218,True,0.634,0.802
highest-temperature-in-hong-kong-on-june-5-2026,Hong Kong,2026-06-05,clean,2026-06-04 08:18:00+00:00,>24h,11,7,6,False,0.7184999999999999,-0.2815000000000001,0.263,0.1285,0.020000000000000018,0.008500000000000004,0.263,True,0.6880000000000001,0.7490000000000001
highest-temperature-in-hong-kong-on-june-5-2026,Hong Kong,2026-06-05,clean,2026-06-04 20:46:00+00:00,6-24h,11,7,7,False,0.7185,-0.2815,26574.267,2.588,0.019999999999999962,0.004999999999999999,26574.252,True,0.694,0.743
highest-temperature-in-hong-kong-on-june-5-2026,Hong Kong,2026-06-05,clean,2026-06-04 04:19:00+00:00,>24h,11,7,6,False,0.7185,-0.2815,9.264,0.272,0.06999999999999999,0.027000000000000003,9.021,True,0.6349999999999999,0.802
highest-temperature-in-hong-kong-on-june-5-2026,Hong Kong,2026-06-05,clean,2026-06-04 20:47:00+00:00,6-24h,11,7,7,False,0.7185,-0.2815,26634.267,26.779,0.019999999999999962,0.004999999999999999,26624.782,True,0.694,0.743
highest-temperature-in-hong-kong-on-june-5-2026,Hong Kong,2026-06-05,clean,2026-06-04 09:23:00+00:00,>24h,11,7,6,False,0.7195,-0.28049999999999997,1.592,0.0875,0.020000000000000004,0.005499999999999977,1.528,True,0.6980000000000001,0.741
highest-temperature-in-hong-kong-on-june-5-2026,Hong Kong,2026-06-05,clean,2026-06-04 09:25:00+00:00,>24h,11,7,6,False,0.7195,-0.28049999999999997,4.925,0.1835,0.020000000000000004,0.005499999999999977,4.822,True,0.6980000000000001,0.741
highest-temperature-in-hong-kong-on-june-5-2026,Hong Kong,2026-06-05,clean,2026-06-04 04:42:00+00:00,>24h,11,7,6,False,0.7195,-0.28049999999999997,44.659,1.7835,0.030000000000000027,0.013499999999999995,43.465,True,0.6749999999999999,0.764
highest-temperature-in-hong-kong-on-june-5-2026,Hong Kong,2026-06-05,clean,2026-06-04 20:56:00+00:00,6-24h,11,7,7,False,0.7195,-0.28049999999999997,27174.267,12.09,0.011,0.009999999999999953,27172.874,True,0.695,0.7439999999999999
highest-temperature-in-hong-kong-on-june-5-2026,Hong Kong,2026-06-05,clean,2026-06-04 04:12:00+00:00,>24h,11,7,6,False,0.7195,-0.28049999999999997,10.24,2.868,0.06999999999999999,0.019000000000000013,9.981,True,0.634,0.805
highest-temperature-in-hong-kong-on-june-5-2026,Hong Kong,2026-06-05,clean,2026-06-04 09:24:00+00:00,>24h,11,7,6,False,0.7195,-0.28049999999999997,25.992,0.184,0.020000000000000004,0.005499999999999977,25.926,True,0.6980000000000001,0.741
highest-temperature-in-hong-kong-on-june-5-2026,Hong Kong,2026-06-05,clean,2026-06-04 04:43:00+00:00,>24h,11,7,6,False,0.7195,-0.28049999999999997,10.306,0.7595000000000001,0.030000000000000027,0.013499999999999995,9.92,True,0.6749999999999999,0.764
highest-temperature-in-hong-kong-on-june-5-2026,Hong Kong,2026-06-05,clean,2026-06-04 05:30:00+00:00,>24h,11,7,6,False,0.72,-0.28,6.632,0.3075,0.02999999999999997,0.0060000000000000045,6.527,True,0.688,0.7519999999999999
highest-temperature-in-tokyo-on-june-12-2026,Tokyo,2026-06-12,degraded,2026-06-10 04:42:00+00:00,>24h,11,11,11,True,1.28,0.28,555.04,0.059,0.27,0.13,555.036,False,0.51,2.05
highest-temperature-in-hong-kong-on-june-5-2026,Hong Kong,2026-06-05,clean,2026-06-04 04:53:00+00:00,>24h,11,7,6,False,0.72,-0.28,2.642,1.3665,0.04999999999999999,0.008,2.552,True,0.6759999999999999,0.7639999999999999
highest-temperature-in-hong-kong-on-june-5-2026,Hong Kong,2026-06-05,clean,2026-06-04 20:58:00+00:00,6-24h,11,7,7,False,0.72,-0.28,27294.267,9.11,0.012,0.009999999999999953,27293.295,True,0.695,0.745
highest-temperature-in-hong-kong-on-june-5-2026,Hong Kong,2026-06-05,clean,2026-06-04 20:57:00+00:00,6-24h,11,7,7,False,0.72,-0.28,27234.267,16.243,0.012,0.009999999999999953,27231.895,True,0.695,0.745
highest-temperature-in-hong-kong-on-june-5-2026,Hong Kong,2026-06-05,clean,2026-06-04 10:03:00+00:00,>24h,11,7,6,False,0.72,-0.28,82.352,0.352,0.04000000000000001,0.02799999999999999,82.064,True,0.649,0.791
highest-temperature-in-hong-kong-on-june-5-2026,Hong Kong,2026-06-05,clean,2026-06-04 04:55:00+00:00,>24h,11,7,6,False,0.72,-0.28,11.383,0.207,0.04000000000000001,0.006999999999999999,11.374,True,0.6769999999999999,0.763
highest-temperature-in-hong-kong-on-june-5-2026,Hong Kong,2026-06-05,clean,2026-06-04 08:56:00+00:00,>24h,11,7,6,False,0.7204999999999999,-0.2795000000000001,0.936,0.15849999999999997,0.03,0.009500000000000005,0.914,True,0.68,0.761
highest-temperature-in-hong-kong-on-june-5-2026,Hong Kong,2026-06-05,clean,2026-06-04 06:55:00+00:00,>24h,11,7,6,False,0.7204999999999999,-0.2795000000000001,35.916,0.8170000000000001,0.030000000000000027,0.0215,35.647,True,0.664,0.7769999999999999
highest-temperature-in-hong-kong-on-june-5-2026,Hong Kong,2026-06-05,clean,2026-06-04 06:57:00+00:00,>24h,11,7,6,False,0.7204999999999999,-0.2795000000000001,3.383,2.0465,0.030000000000000027,0.0215,3.346,True,0.664,0.7769999999999999
highest-temperature-in-hong-kong-on-june-5-2026,Hong Kong,2026-06-05,clean,2026-06-04 21:04:00+00:00,6-24h,11,7,7,False,0.7204999999999999,-0.2795000000000001,27654.267,5.634,0.019999999999999962,0.004999999999999999,27653.748,True,0.695,0.7459999999999999
highest-temperature-in-hong-kong-on-june-5-2026,Hong Kong,2026-06-05,clean,2026-06-04 08:43:00+00:00,>24h,11,7,6,False,0.7205,-0.27949999999999997,1.021,0.832,0.020000000000000018,0.010000000000000005,0.857,True,0.689,0.752
highest-temperature-in-hong-kong-on-june-5-2026,Hong Kong,2026-06-05,clean,2026-06-04 20:45:00+00:00,6-24h,11,7,7,False,0.7205,-0.27949999999999997,26514.267,4.313,0.01999999999999999,0.006999999999999999,26512.221,True,0.688,0.753
highest-temperature-in-hong-kong-on-june-5-2026,Hong Kong,2026-06-05,clean,2026-06-04 08:37:00+00:00,>24h,11,7,6,False,0.7205,-0.27949999999999997,24.704,0.915,0.03,0.015,24.648,True,0.6789999999999999,0.762
highest-temperature-in-hong-kong-on-june-5-2026,Hong Kong,2026-06-05,clean,2026-06-04 08:35:00+00:00,>24h,11,7,6,False,0.7205,-0.27949999999999997,0.143,0.034,0.020000000000000018,0.009999999999999988,0.109,True,0.689,0.752
highest-temperature-in-hong-kong-on-june-5-2026,Hong Kong,2026-06-05,clean,2026-06-04 20:44:00+00:00,6-24h,11,7,7,False,0.7205,-0.27949999999999997,26454.267,3.755,0.01999999999999999,0.006999999999999999,26453.589,True,0.688,0.753
highest-temperature-in-hong-kong-on-june-5-2026,Hong Kong,2026-06-05,clean,2026-06-04 20:43:00+00:00,6-24h,11,7,7,False,0.7205,-0.27949999999999997,26394.267,15.118,0.01999999999999999,0.006999999999999999,26384.403,True,0.688,0.753
highest-temperature-in-hong-kong-on-june-5-2026,Hong Kong,2026-06-05,clean,2026-06-04 08:36:00+00:00,>24h,11,7,6,False,0.7205,-0.27949999999999997,10.453,4.0095,0.020000000000000018,0.009999999999999988,10.239,True,0.689,0.752
highest-temperature-in-hong-kong-on-june-5-2026,Hong Kong,2026-06-05,clean,2026-06-04 20:17:00+00:00,6-24h,11,7,7,False,0.7205000000000001,-0.27949999999999986,24834.267,6.702,0.020000000000000018,0.010000000000000009,24831.021,True,0.685,0.756
highest-temperature-in-hong-kong-on-june-5-2026,Hong Kong,2026-06-05,clean,2026-06-04 20:16:00+00:00,6-24h,11,7,7,False,0.7205000000000001,-0.27949999999999986,24774.267,2.786,0.020000000000000018,0.010000000000000009,24771.858,True,0.685,0.756
highest-temperature-in-hong-kong-on-june-5-2026,Hong Kong,2026-06-05,clean,2026-06-04 20:18:00+00:00,6-24h,11,7,7,False,0.7205000000000001,-0.27949999999999986,24894.267,4.509,0.020000000000000018,0.010000000000000009,24893.229,True,0.685,0.756
highest-temperature-in-shenzhen-on-june-9-2026,Shenzhen,2026-06-09,clean,2026-06-07 04:59:00+00:00,>24h,11,11,11,True,1.2790000000000001,0.27900000000000014,60.682,15.998,0.197,0.15,47.423,False,0.561,1.997
highest-temperature-in-shenzhen-on-june-9-2026,Shenzhen,2026-06-09,clean,2026-06-07 04:48:00+00:00,>24h,11,11,9,False,1.2790000000000001,0.27900000000000014,38.045,37.969,0.27999999999999997,0.157,35.844,False,0.47100000000000003,2.087
highest-temperature-in-hong-kong-on-june-5-2026,Hong Kong,2026-06-05,clean,2026-06-04 20:55:00+00:00,6-24h,11,7,7,False,0.721,-0.279,27114.267,7.205,0.014000000000000002,0.009999999999999953,27111.622,True,0.695,0.747
highest-temperature-in-hong-kong-on-june-5-2026,Hong Kong,2026-06-05,clean,2026-06-04 04:54:00+00:00,>24h,11,7,6,False,0.721,-0.279,8.282,2.25,0.04999999999999999,0.008,8.099,True,0.6769999999999999,0.765
highest-temperature-in-hong-kong-on-june-5-2026,Hong Kong,2026-06-05,clean,2026-06-04 08:45:00+00:00,>24h,11,7,6,False,0.7215,-0.27849999999999997,11.507,0.0915,0.010000000000000009,0.009499999999999998,11.497,True,0.701,0.742
highest-temperature-in-hong-kong-on-june-5-2026,Hong Kong,2026-06-05,clean,2026-06-04 08:49:00+00:00,>24h,11,7,6,False,0.7215,-0.27849999999999997,42.309,2.5465,0.010000000000000009,0.009499999999999998,41.024,True,0.701,0.742
highest-temperature-in-hong-kong-on-june-5-2026,Hong Kong,2026-06-05,clean,2026-06-04 08:48:00+00:00,>24h,11,7,6,False,0.7215,-0.27849999999999997,43.886,2.5005,0.010000000000000009,0.009499999999999998,43.69,True,0.701,0.742
highest-temperature-in-hong-kong-on-june-5-2026,Hong Kong,2026-06-05,clean,2026-06-04 08:47:00+00:00,>24h,11,7,6,False,0.7215,-0.27849999999999997,31.206,1.97,0.010000000000000009,0.009499999999999998,31.164,True,0.701,0.742
highest-temperature-in-hong-kong-on-june-5-2026,Hong Kong,2026-06-05,clean,2026-06-04 06:54:00+00:00,>24h,11,7,6,False,0.7215,-0.27849999999999997,36.303,1.448,0.030000000000000027,0.023,36.265,True,0.663,0.78
highest-temperature-in-hong-kong-on-june-5-2026,Hong Kong,2026-06-05,clean,2026-06-04 09:20:00+00:00,>24h,11,7,6,False,0.7215,-0.27849999999999997,0.14,0.10800000000000001,0.03,0.008499999999999978,0.117,True,0.682,0.761
highest-temperature-in-hong-kong-on-june-5-2026,Hong Kong,2026-06-05,clean,2026-06-04 08:46:00+00:00,>24h,11,7,6,False,0.7215,-0.27849999999999997,38.137,0.1175,0.010000000000000009,0.009499999999999998,38.104,True,0.701,0.742
highest-temperature-in-hong-kong-on-june-5-2026,Hong Kong,2026-06-05,clean,2026-06-04 08:26:00+00:00,>24h,11,7,6,False,0.722,-0.278,15.306,1.487,0.03,0.02200000000000001,15.0,True,0.668,0.776
highest-temperature-in-shenzhen-on-june-9-2026,Shenzhen,2026-06-09,clean,2026-06-07 05:00:00+00:00,>24h,11,11,11,True,1.2779999999999998,0.2779999999999998,77.999,31.39,0.197,0.15,72.824,False,0.561,1.9949999999999999
highest-temperature-in-hong-kong-on-june-5-2026,Hong Kong,2026-06-05,clean,2026-06-04 21:34:00+00:00,6-24h,11,7,7,False,0.7224999999999999,-0.2775000000000001,29454.267,17.774,0.030000000000000027,0.008999999999999998,29454.222,True,0.6789999999999999,0.7659999999999999
highest-temperature-in-hong-kong-on-june-5-2026,Hong Kong,2026-06-05,clean,2026-06-04 07:03:00+00:00,>24h,11,7,6,False,0.7224999999999999,-0.2775000000000001,8.451,0.1755,0.020000000000000004,0.009999999999999978,8.43,True,0.6900000000000001,0.7549999999999999
highest-temperature-in-hong-kong-on-june-5-2026,Hong Kong,2026-06-05,clean,2026-06-04 07:01:00+00:00,>24h,11,7,6,False,0.7224999999999999,-0.2775000000000001,2.699,0.1525,0.03,0.019999999999999987,2.669,True,0.67,0.7749999999999999
highest-temperature-in-hong-kong-on-june-5-2026,Hong Kong,2026-06-05,clean,2026-06-04 08:25:00+00:00,>24h,11,7,6,False,0.7224999999999999,-0.2775000000000001,2.6,1.432,0.04000000000000001,0.02000000000000001,2.431,True,0.669,0.776
highest-temperature-in-hong-kong-on-june-5-2026,Hong Kong,2026-06-05,clean,2026-06-04 08:30:00+00:00,>24h,11,7,6,False,0.7225,-0.27749999999999997,6.533,0.635,0.020000000000000018,0.011999999999999997,6.202,True,0.689,0.756
highest-temperature-in-hong-kong-on-june-5-2026,Hong Kong,2026-06-05,clean,2026-06-04 07:04:00+00:00,>24h,11,7,6,False,0.7225,-0.27749999999999997,2.256,0.415,0.010000000000000009,0.009499999999999977,2.245,True,0.7000000000000001,0.745
highest-temperature-in-hong-kong-on-june-5-2026,Hong Kong,2026-06-05,clean,2026-06-04 08:29:00+00:00,>24h,11,7,6,False,0.7225,-0.27749999999999997,1.584,0.9065,0.020000000000000018,0.011999999999999997,1.5590000000000002,True,0.689,0.756
highest-temperature-in-hong-kong-on-june-5-2026,Hong Kong,2026-06-05,clean,2026-06-04 08:32:00+00:00,>24h,11,7,6,False,0.7225,-0.27749999999999997,4.147,1.195,0.020000000000000018,0.011999999999999997,4.009,True,0.689,0.756
highest-temperature-in-hong-kong-on-june-5-2026,Hong Kong,2026-06-05,clean,2026-06-04 08:33:00+00:00,>24h,11,7,6,False,0.7225,-0.27749999999999997,13.338,2.363,0.020000000000000018,0.011999999999999997,12.95,True,0.689,0.756
highest-temperature-in-hong-kong-on-june-5-2026,Hong Kong,2026-06-05,clean,2026-06-04 06:33:00+00:00,>24h,11,7,6,False,0.7225,-0.27749999999999997,16.039,0.2305,0.030000000000000006,0.01800000000000001,16.038,True,0.67,0.775
highest-temperature-in-hong-kong-on-june-5-2026,Hong Kong,2026-06-05,clean,2026-06-05 06:12:00+00:00,1-6h,11,7,7,False,0.723,-0.277,60534.267,7560.92,0.038000000000000006,0.001,60533.45,True,0.6859999999999999,0.76
highest-temperature-in-hong-kong-on-june-5-2026,Hong Kong,2026-06-05,clean,2026-06-04 08:03:00+00:00,>24h,11,7,6,False,0.7230000000000001,-0.2769999999999999,2.113,0.934,0.020000000000000018,0.008499999999999976,1.85,True,0.6970000000000001,0.749
highest-temperature-in-hong-kong-on-june-5-2026,Hong Kong,2026-06-05,clean,2026-06-04 07:05:00+00:00,>24h,11,7,6,False,0.7230000000000001,-0.2769999999999999,14.536,0.976,0.03,0.008999999999999977,14.346,True,0.681,0.7649999999999999
highest-temperature-in-hong-kong-on-june-5-2026,Hong Kong,2026-06-05,clean,2026-06-04 08:02:00+00:00,>24h,11,7,6,False,0.7230000000000001,-0.2769999999999999,3.973,0.0905,0.020000000000000018,0.008499999999999976,3.932,True,0.6970000000000001,0.749
highest-temperature-in-hong-kong-on-june-5-2026,Hong Kong,2026-06-05,clean,2026-06-04 13:28:00+00:00,6-24h,11,7,7,False,0.7230000000000001,-0.2769999999999999,294.267,1.389,0.034999999999999996,0.009999999999999981,294.25,True,0.685,0.7610000000000001
highest-temperature-in-hong-kong-on-june-5-2026,Hong Kong,2026-06-05,clean,2026-06-04 06:59:00+00:00,>24h,11,7,6,False,0.724,-0.276,0.299,0.0605,0.039999999999999994,0.0215,0.296,True,0.662,0.786
highest-temperature-in-hong-kong-on-june-5-2026,Hong Kong,2026-06-05,clean,2026-06-04 13:31:00+00:00,6-24h,11,7,7,False,0.724,-0.276,474.267,0.071,0.037,0.009999999999999981,474.196,True,0.685,0.7630000000000001
highest-temperature-in-hong-kong-on-june-5-2026,Hong Kong,2026-06-05,clean,2026-06-04 05:40:00+00:00,>24h,11,7,6,False,0.7244999999999999,-0.2755000000000001,37.17,1.438,0.04000000000000001,0.014000000000000005,37.072,True,0.674,0.775
highest-temperature-in-hong-kong-on-june-5-2026,Hong Kong,2026-06-05,clean,2026-06-04 05:37:00+00:00,>24h,11,7,6,False,0.7244999999999999,-0.2755000000000001,19.489,0.19,0.04000000000000001,0.014000000000000005,19.476,True,0.674,0.775
highest-temperature-in-hong-kong-on-june-5-2026,Hong Kong,2026-06-05,clean,2026-06-04 09:22:00+00:00,>24h,11,7,6,False,0.7245,-0.27549999999999997,1.574,0.3305,0.020000000000000004,0.005499999999999977,1.472,True,0.6980000000000001,0.751
highest-temperature-in-hong-kong-on-june-5-2026,Hong Kong,2026-06-05,clean,2026-06-04 09:27:00+00:00,>24h,11,7,6,False,0.7245,-0.27549999999999997,5.346,0.49150000000000005,0.03,0.005499999999999977,5.19,True,0.6980000000000001,0.751
highest-temperature-in-hong-kong-on-june-5-2026,Hong Kong,2026-06-05,clean,2026-06-04 09:29:00+00:00,>24h,11,7,6,False,0.7245,-0.27549999999999997,0.811,0.4145,0.03,0.005499999999999977,0.76,True,0.6980000000000001,0.751
highest-temperature-in-hong-kong-on-june-5-2026,Hong Kong,2026-06-05,clean,2026-06-04 09:26:00+00:00,>24h,11,7,6,False,0.7245,-0.27549999999999997,22.368,2.5454999999999997,0.03,0.005499999999999977,21.883,True,0.6980000000000001,0.751
highest-temperature-in-hong-kong-on-june-5-2026,Hong Kong,2026-06-05,clean,2026-06-04 09:28:00+00:00,>24h,11,7,6,False,0.7245,-0.27549999999999997,2.551,0.3275,0.03,0.005499999999999977,2.328,True,0.6980000000000001,0.751
highest-temperature-in-shenzhen-on-june-9-2026,Shenzhen,2026-06-09,clean,2026-06-07 05:01:00+00:00,>24h,11,11,11,True,1.2750000000000001,0.27500000000000013,135.991,26.297,0.197,0.15,134.518,False,0.561,1.989
highest-temperature-in-hong-kong-on-june-5-2026,Hong Kong,2026-06-05,clean,2026-06-04 09:30:00+00:00,>24h,11,7,6,False,0.725,-0.275,3.386,0.024,0.03,0.005999999999999977,3.374,True,0.6980000000000001,0.752
highest-temperature-in-hong-kong-on-june-5-2026,Hong Kong,2026-06-05,clean,2026-06-04 09:50:00+00:00,>24h,11,7,6,False,0.725,-0.275,36.144,2.4185,0.030000000000000027,0.01299999999999999,35.079,True,0.679,0.771
highest-temperature-in-hong-kong-on-june-5-2026,Hong Kong,2026-06-05,clean,2026-06-04 09:31:00+00:00,>24h,11,7,6,False,0.725,-0.275,10.608,1.9515,0.03,0.005999999999999977,9.448,True,0.6980000000000001,0.752
highest-temperature-in-hong-kong-on-june-5-2026,Hong Kong,2026-06-05,clean,2026-06-04 21:00:00+00:00,6-24h,11,7,7,False,0.725,-0.275,27414.267,17.062,0.019999999999999962,0.009999999999999995,27414.243,True,0.695,0.755
highest-temperature-in-hong-kong-on-june-5-2026,Hong Kong,2026-06-05,clean,2026-06-04 04:56:00+00:00,>24h,11,7,6,False,0.725,-0.275,11.028,6.7379999999999995,0.05000000000000002,0.006999999999999999,9.261,True,0.6769999999999999,0.773
highest-temperature-in-hong-kong-on-june-5-2026,Hong Kong,2026-06-05,clean,2026-06-04 08:38:00+00:00,>24h,11,7,6,False,0.7255,-0.27449999999999997,0.091,0.035500000000000004,0.030000000000000013,0.015000000000000006,0.085,True,0.6789999999999999,0.772
highest-temperature-in-hong-kong-on-june-5-2026,Hong Kong,2026-06-05,clean,2026-06-04 21:03:00+00:00,6-24h,11,7,7,False,0.7255,-0.27449999999999997,27594.267,1.438,0.02999999999999997,0.004999999999999999,27593.883,True,0.695,0.7559999999999999
highest-temperature-in-shenzhen-on-june-9-2026,Shenzhen,2026-06-09,clean,2026-06-07 05:02:00+00:00,>24h,11,11,11,True,1.2745,0.27449999999999997,151.39,11.692,0.197,0.15,151.227,False,0.561,1.9880000000000002
highest-temperature-in-hong-kong-on-june-5-2026,Hong Kong,2026-06-05,clean,2026-06-04 06:58:00+00:00,>24h,11,7,6,False,0.7255,-0.27449999999999997,12.339,0.202,0.039999999999999994,0.0215,12.281,True,0.664,0.7869999999999999
highest-temperature-in-hong-kong-on-june-5-2026,Hong Kong,2026-06-05,clean,2026-06-04 08:44:00+00:00,>24h,11,7,6,False,0.7255,-0.27449999999999997,0.994,0.5934999999999999,0.020000000000000004,0.010000000000000005,0.904,True,0.699,0.752
highest-temperature-in-hong-kong-on-june-5-2026,Hong Kong,2026-06-05,clean,2026-06-04 06:53:00+00:00,>24h,11,7,6,False,0.7255,-0.27449999999999997,0.732,0.2875,0.03,0.01800000000000001,0.708,True,0.673,0.778
highest-temperature-in-hong-kong-on-june-5-2026,Hong Kong,2026-06-05,clean,2026-06-04 06:13:00+00:00,>24h,11,7,6,False,0.7255,-0.27449999999999997,12.635,1.67,0.039999999999999994,0.011500000000000007,11.758,True,0.676,0.775
highest-temperature-in-hong-kong-on-june-5-2026,Hong Kong,2026-06-05,clean,2026-06-04 21:02:00+00:00,6-24h,11,7,7,False,0.7255,-0.27449999999999997,27534.267,2.331,0.02999999999999997,0.004999999999999999,27533.745,True,0.695,0.7559999999999999
highest-temperature-in-hong-kong-on-june-5-2026,Hong Kong,2026-06-05,clean,2026-06-04 20:19:00+00:00,6-24h,11,7,7,False,0.7255,-0.27449999999999997,24954.267,3.64,0.020000000000000018,0.013000000000000001,24954.175,True,0.685,0.766
highest-temperature-in-hong-kong-on-june-5-2026,Hong Kong,2026-06-05,clean,2026-06-04 08:51:00+00:00,>24h,11,7,6,False,0.726,-0.274,3.706,0.664,0.01999999999999999,0.010000000000000005,3.695,True,0.7000000000000001,0.752
highest-temperature-in-hong-kong-on-june-5-2026,Hong Kong,2026-06-05,clean,2026-06-04 03:01:00+00:00,>24h,11,7,6,False,0.726,-0.274,0.137,0.07,0.03,0.013999999999999988,0.128,True,0.685,0.767
highest-temperature-in-hong-kong-on-june-5-2026,Hong Kong,2026-06-05,clean,2026-06-04 10:13:00+00:00,>24h,11,7,6,False,0.726,-0.274,0.989,0.8925000000000001,0.07999999999999999,0.021999999999999985,0.909,True,0.641,0.811
highest-temperature-in-hong-kong-on-june-5-2026,Hong Kong,2026-06-05,clean,2026-06-04 04:07:00+00:00,>24h,11,7,6,False,0.726,-0.274,0.829,0.612,0.06999999999999999,0.016500000000000008,0.788,True,0.6479999999999999,0.8039999999999999
highest-temperature-in-hong-kong-on-june-5-2026,Hong Kong,2026-06-05,clean,2026-06-04 03:00:00+00:00,>24h,11,7,6,False,0.726,-0.274,2.089,1.4015,0.03,0.013999999999999988,1.274,True,0.685,0.767
highest-temperature-in-hong-kong-on-june-5-2026,Hong Kong,2026-06-05,clean,2026-06-04 04:08:00+00:00,>24h,11,7,6,False,0.726,-0.274,2.074,0.6665,0.06999999999999999,0.016500000000000008,1.968,True,0.6479999999999999,0.8039999999999999
highest-temperature-in-hong-kong-on-june-5-2026,Hong Kong,2026-06-05,clean,2026-06-04 11:07:00+00:00,>24h,11,7,6,False,0.7264999999999999,-0.2735000000000001,6.331,4.0065,0.03999999999999998,0.012500000000000004,5.773,True,0.6819999999999999,0.7709999999999999
highest-temperature-in-hong-kong-on-june-5-2026,Hong Kong,2026-06-05,clean,2026-06-04 11:08:00+00:00,>24h,11,7,6,False,0.7264999999999999,-0.2735000000000001,8.289,3.868,0.03999999999999998,0.012500000000000004,6.797,True,0.6819999999999999,0.7709999999999999
highest-temperature-in-shenzhen-on-june-9-2026,Shenzhen,2026-06-09,clean,2026-06-07 04:52:00+00:00,>24h,11,11,9,False,1.2735,0.2735000000000001,14.761,12.154,0.247,0.15,7.341,False,0.551,1.9960000000000002
highest-temperature-in-hong-kong-on-june-5-2026,Hong Kong,2026-06-05,clean,2026-06-04 20:37:00+00:00,6-24h,11,7,7,False,0.7265,-0.27349999999999997,26034.267,2.163,0.02999999999999997,0.006999999999999999,26033.418,True,0.689,0.7639999999999999
highest-temperature-in-hong-kong-on-june-5-2026,Hong Kong,2026-06-05,clean,2026-06-04 20:41:00+00:00,6-24h,11,7,7,False,0.7265,-0.27349999999999997,26274.267,2.874,0.019999999999999962,0.006999999999999999,26272.103,True,0.699,0.7539999999999999
highest-temperature-in-hong-kong-on-june-5-2026,Hong Kong,2026-06-05,clean,2026-06-04 20:39:00+00:00,6-24h,11,7,7,False,0.7265,-0.27349999999999997,26154.267,19.359,0.019999999999999962,0.006999999999999999,26151.563,True,0.699,0.7539999999999999
highest-temperature-in-hong-kong-on-june-5-2026,Hong Kong,2026-06-05,clean,2026-06-04 09:21:00+00:00,>24h,11,7,6,False,0.7265,-0.27349999999999997,0.168,0.145,0.03,0.008499999999999978,0.156,True,0.6920000000000001,0.761
highest-temperature-in-hong-kong-on-june-5-2026,Hong Kong,2026-06-05,clean,2026-06-04 11:05:00+00:00,>24h,11,7,6,False,0.7265,-0.27349999999999997,1.496,1.375,0.04000000000000001,0.012500000000000004,0.437,True,0.6819999999999999,0.771
highest-temperature-in-hong-kong-on-june-5-2026,Hong Kong,2026-06-05,clean,2026-06-04 20:40:00+00:00,6-24h,11,7,7,False,0.7265,-0.27349999999999997,26214.267,2.239,0.019999999999999962,0.006999999999999999,26212.538,True,0.699,0.7539999999999999
highest-temperature-in-hong-kong-on-june-5-2026,Hong Kong,2026-06-05,clean,2026-06-04 20:38:00+00:00,6-24h,11,7,7,False,0.7265,-0.27349999999999997,26094.267,7.195,0.019999999999999962,0.006999999999999999,26090.006,True,0.699,0.7539999999999999
highest-temperature-in-hong-kong-on-june-5-2026,Hong Kong,2026-06-05,clean,2026-06-04 04:37:00+00:00,>24h,11,7,6,False,0.7265,-0.27349999999999997,6.446,3.5885000000000002,0.040000000000000036,0.010499999999999995,6.117,True,0.6749999999999999,0.778
highest-temperature-in-hong-kong-on-june-5-2026,Hong Kong,2026-06-05,clean,2026-06-04 06:11:00+00:00,>24h,11,7,6,False,0.727,-0.273,35.852,1.0365,0.039999999999999994,0.011500000000000007,35.511,True,0.6789999999999999,0.775
highest-temperature-in-hong-kong-on-june-5-2026,Hong Kong,2026-06-05,clean,2026-06-04 08:27:00+00:00,>24h,11,7,6,False,0.727,-0.273,18.652,1.74,0.020000000000000018,0.016999999999999994,18.222,True,0.6880000000000001,0.7660000000000001
highest-temperature-in-hong-kong-on-june-5-2026,Hong Kong,2026-06-05,clean,2026-06-04 06:08:00+00:00,>24h,11,7,6,False,0.727,-0.273,12.199,0.751,0.039999999999999994,0.011500000000000007,12.142,True,0.6789999999999999,0.775
highest-temperature-in-hong-kong-on-june-5-2026,Hong Kong,2026-06-05,clean,2026-06-04 06:12:00+00:00,>24h,11,7,6,False,0.727,-0.273,3.875,0.8345,0.039999999999999994,0.011500000000000007,3.86,True,0.6789999999999999,0.775
highest-temperature-in-hong-kong-on-june-5-2026,Hong Kong,2026-06-05,clean,2026-06-04 06:10:00+00:00,>24h,11,7,6,False,0.727,-0.273,13.002,1.086,0.039999999999999994,0.011500000000000007,12.064,True,0.6789999999999999,0.775
highest-temperature-in-hong-kong-on-june-5-2026,Hong Kong,2026-06-05,clean,2026-06-04 06:09:00+00:00,>24h,11,7,6,False,0.727,-0.273,11.55,3.412,0.039999999999999994,0.011500000000000007,11.456,True,0.6789999999999999,0.775
highest-temperature-in-austin-on-june-11-2026,Austin,2026-06-11,degraded,2026-06-10 01:55:00+00:00,>24h,11,11,11,True,1.273,0.2729999999999999,55.906,12.99,0.18,0.07,55.123,False,0.8440000000000001,1.702
highest-temperature-in-hong-kong-on-june-5-2026,Hong Kong,2026-06-05,clean,2026-06-04 06:21:00+00:00,>24h,11,7,6,False,0.7274999999999999,-0.2725000000000001,6.889,4.2615,0.020000000000000018,0.006499999999999991,6.511,True,0.7,0.755
highest-temperature-in-austin-on-june-11-2026,Austin,2026-06-11,degraded,2026-06-10 01:50:00+00:00,>24h,11,11,11,True,1.2725,0.27249999999999996,16.359,14.138,0.18,0.13,16.3,False,0.757,1.7879999999999998
highest-temperature-in-hong-kong-on-june-5-2026,Hong Kong,2026-06-05,clean,2026-06-04 15:02:00+00:00,6-24h,11,7,7,False,0.7275,-0.27249999999999996,5934.267,0.25,0.03,0.006,5934.257,True,0.691,0.7639999999999999
highest-temperature-in-hong-kong-on-june-5-2026,Hong Kong,2026-06-05,clean,2026-06-04 08:34:00+00:00,>24h,11,7,6,False,0.7275,-0.27249999999999996,18.671,4.239,0.020000000000000018,0.016999999999999994,18.622,True,0.689,0.766
highest-temperature-in-shenzhen-on-june-9-2026,Shenzhen,2026-06-09,clean,2026-06-07 04:55:00+00:00,>24h,11,11,11,True,1.272,0.272,31.656,8.526,0.217,0.14,26.172,False,0.557,1.9870000000000003
highest-temperature-in-hong-kong-on-june-5-2026,Hong Kong,2026-06-05,clean,2026-06-04 05:44:00+00:00,>24h,11,7,6,False,0.728,-0.272,28.161,0.893,0.03,0.013999999999999999,28.016,True,0.6809999999999999,0.775
highest-temperature-in-hong-kong-on-june-5-2026,Hong Kong,2026-06-05,clean,2026-06-04 07:07:00+00:00,>24h,11,7,6,False,0.7280000000000001,-0.2719999999999999,10.167,3.7195,0.03,0.008999999999999977,10.095,True,0.6910000000000001,0.765
highest-temperature-in-hong-kong-on-june-5-2026,Hong Kong,2026-06-05,clean,2026-06-04 07:06:00+00:00,>24h,11,7,6,False,0.7280000000000001,-0.2719999999999999,10.232,4.9655000000000005,0.03,0.008999999999999977,10.179,True,0.6910000000000001,0.765
highest-temperature-in-hong-kong-on-june-5-2026,Hong Kong,2026-06-05,clean,2026-06-04 06:37:00+00:00,>24h,11,7,6,False,0.7284999999999999,-0.2715000000000001,0.586,0.5395,0.04000000000000001,0.009000000000000001,0.486,True,0.6869999999999999,0.77
highest-temperature-in-hong-kong-on-june-5-2026,Hong Kong,2026-06-05,clean,2026-06-04 03:21:00+00:00,>24h,11,7,6,False,0.7285,-0.27149999999999996,0.867,0.8240000000000001,0.03999999999999998,0.0295,0.847,True,0.662,0.795
highest-temperature-in-hong-kong-on-june-5-2026,Hong Kong,2026-06-05,clean,2026-06-04 03:20:00+00:00,>24h,11,7,6,False,0.7285,-0.27149999999999996,2.448,0.536,0.03999999999999998,0.0295,2.433,True,0.662,0.795
highest-temperature-in-hong-kong-on-june-5-2026,Hong Kong,2026-06-05,clean,2026-06-04 10:24:00+00:00,>24h,11,7,6,False,0.7285,-0.27149999999999996,23.709,3.099,0.15999999999999998,0.010500000000000004,23.691,True,0.616,0.841
highest-temperature-in-hong-kong-on-june-5-2026,Hong Kong,2026-06-05,clean,2026-06-04 10:25:00+00:00,>24h,11,7,6,False,0.7285,-0.27149999999999996,25.862,2.419,0.15999999999999998,0.010500000000000004,25.637,True,0.616,0.841
highest-temperature-in-moscow-on-june-4-2026,Moscow,2026-06-04,clean,2026-06-04 11:57:00+00:00,<1h,11,11,11,True,1.2714999999999999,0.27149999999999985,36364.016,12149.137,0.38,0.002,36363.986,False,0.9570000000000001,1.5859999999999999
highest-temperature-in-hong-kong-on-june-5-2026,Hong Kong,2026-06-05,clean,2026-06-04 06:36:00+00:00,>24h,11,7,6,False,0.7289999999999999,-0.27100000000000013,42.574,0.0115,0.03,0.011500000000000002,42.57,True,0.6880000000000001,0.77
highest-temperature-in-moscow-on-june-4-2026,Moscow,2026-06-04,clean,2026-06-04 10:52:00+00:00,1-6h,11,11,11,True,1.271,0.2709999999999999,32464.016,8249.137,0.38,0.002,32463.944,False,0.9740000000000001,1.568
highest-temperature-in-hong-kong-on-june-5-2026,Hong Kong,2026-06-05,clean,2026-06-04 05:36:00+00:00,>24h,11,7,6,False,0.7294999999999999,-0.2705000000000001,14.986,0.4215,0.04000000000000001,0.014000000000000005,14.865,True,0.674,0.785
highest-temperature-in-hong-kong-on-june-5-2026,Hong Kong,2026-06-05,clean,2026-06-04 09:58:00+00:00,>24h,11,7,6,False,0.7295,-0.27049999999999996,11.527,1.8195000000000001,0.04000000000000001,0.023000000000000003,10.228,True,0.668,0.791
highest-temperature-in-hong-kong-on-june-5-2026,Hong Kong,2026-06-05,clean,2026-06-04 09:57:00+00:00,>24h,11,7,6,False,0.7295,-0.27049999999999996,2.431,2.0205,0.04000000000000001,0.023000000000000003,2.009,True,0.668,0.791
highest-temperature-in-hong-kong-on-june-5-2026,Hong Kong,2026-06-05,clean,2026-06-04 05:47:00+00:00,>24h,11,7,6,False,0.7295,-0.27049999999999996,3.554,0.6799999999999999,0.01999999999999999,0.006999999999999996,3.5,True,0.7060000000000001,0.753
highest-temperature-in-hong-kong-on-june-5-2026,Hong Kong,2026-06-05,clean,2026-06-04 13:32:00+00:00,6-24h,11,7,7,False,0.7295,-0.27049999999999996,534.267,5.578,0.036000000000000004,0.009999999999999981,534.205,True,0.6859999999999999,0.773
highest-temperature-in-hong-kong-on-june-5-2026,Hong Kong,2026-06-05,clean,2026-06-04 09:49:00+00:00,>24h,11,7,6,False,0.73,-0.27,6.851,2.047,0.030000000000000027,0.01299999999999999,6.18,True,0.689,0.771
highest-temperature-in-hong-kong-on-june-5-2026,Hong Kong,2026-06-05,clean,2026-06-04 09:48:00+00:00,>24h,11,7,6,False,0.73,-0.27,0.658,0.649,0.030000000000000027,0.01299999999999999,0.629,True,0.689,0.771
highest-temperature-in-hong-kong-on-june-5-2026,Hong Kong,2026-06-05,clean,2026-06-04 09:34:00+00:00,>24h,11,7,6,False,0.73,-0.27,6.629,1.411,0.01999999999999999,0.005999999999999977,6.384,True,0.7080000000000001,0.752
highest-temperature-in-austin-on-june-11-2026,Austin,2026-06-11,degraded,2026-06-10 01:54:00+00:00,>24h,11,11,11,True,1.27,0.27,119.99,92.224,0.19,0.07,119.889,False,0.8240000000000001,1.7160000000000002
highest-temperature-in-hong-kong-on-june-5-2026,Hong Kong,2026-06-05,clean,2026-06-04 09:32:00+00:00,>24h,11,7,6,False,0.73,-0.27,22.022,3.9615,0.01999999999999999,0.005999999999999977,21.926,True,0.7080000000000001,0.752
highest-temperature-in-hong-kong-on-june-5-2026,Hong Kong,2026-06-05,clean,2026-06-04 09:33:00+00:00,>24h,11,7,6,False,0.73,-0.27,16.552,0.517,0.01999999999999999,0.005999999999999977,16.474,True,0.7080000000000001,0.752
highest-temperature-in-manila-on-june-11-2026,Manila,2026-06-11,degraded,2026-06-09 04:38:00+00:00,>24h,11,11,3,False,0.7300000000000001,-0.2699999999999999,15.734,8.414,0.82,0.32,15.592,False,0.03,1.4300000000000002
highest-temperature-in-moscow-on-june-4-2026,Moscow,2026-06-04,clean,2026-06-04 11:03:00+00:00,<1h,11,11,11,True,1.2695,0.2695000000000001,33124.016,8909.137,0.38,0.002,33123.998,False,0.9550000000000001,1.584
highest-temperature-in-hong-kong-on-june-5-2026,Hong Kong,2026-06-05,clean,2026-06-04 06:52:00+00:00,>24h,11,7,6,False,0.7304999999999999,-0.2695000000000001,0.098,0.07100000000000001,0.030000000000000027,0.023,0.068,True,0.673,0.788
highest-temperature-in-hong-kong-on-june-5-2026,Hong Kong,2026-06-05,clean,2026-06-04 05:46:00+00:00,>24h,11,7,6,False,0.7305,-0.26949999999999996,16.559,1.142,0.01999999999999999,0.007999999999999997,16.419,True,0.7060000000000001,0.755
highest-temperature-in-hong-kong-on-june-5-2026,Hong Kong,2026-06-05,clean,2026-06-04 20:36:00+00:00,6-24h,11,7,7,False,0.7305,-0.26949999999999996,25974.267,0.477,0.01999999999999999,0.004999999999999999,25974.102,True,0.699,0.7619999999999999
highest-temperature-in-hong-kong-on-june-5-2026,Hong Kong,2026-06-05,clean,2026-06-04 21:01:00+00:00,6-24h,11,7,7,False,0.731,-0.269,27474.267,0.394,0.02999999999999997,0.009999999999999995,27474.124,True,0.695,0.767
highest-temperature-in-hong-kong-on-june-5-2026,Hong Kong,2026-06-05,clean,2026-06-04 10:14:00+00:00,>24h,11,7,6,False,0.731,-0.269,2.903,2.675,0.09,0.021999999999999985,2.46,True,0.641,0.8210000000000001
highest-temperature-in-hong-kong-on-june-5-2026,Hong Kong,2026-06-05,clean,2026-06-04 08:50:00+00:00,>24h,11,7,6,False,0.731,-0.269,7.733,7.5585,0.03,0.009999999999999998,7.622,True,0.7000000000000001,0.762
highest-temperature-in-hong-kong-on-june-5-2026,Hong Kong,2026-06-05,clean,2026-06-04 02:57:00+00:00,>24h,11,7,6,False,0.731,-0.269,2.343,0.61,0.03,0.024499999999999984,2.171,True,0.6740000000000002,0.7879999999999999
highest-temperature-in-hong-kong-on-june-5-2026,Hong Kong,2026-06-05,clean,2026-06-04 20:22:00+00:00,6-24h,11,7,7,False,0.7310000000000001,-0.2689999999999999,25134.267,0.311,0.03,0.015999999999999997,25134.241,True,0.679,0.783
highest-temperature-in-hong-kong-on-june-5-2026,Hong Kong,2026-06-05,clean,2026-06-04 20:21:00+00:00,6-24h,11,7,7,False,0.7315,-0.26849999999999996,25074.267,7.333,0.020000000000000004,0.016999999999999998,25073.157,True,0.6890000000000001,0.7739999999999999
highest-temperature-in-hong-kong-on-june-5-2026,Hong Kong,2026-06-05,clean,2026-06-04 06:06:00+00:00,>24h,11,7,6,False,0.732,-0.268,14.9,0.9005000000000001,0.030000000000000027,0.016499999999999997,14.868,True,0.689,0.775
highest-temperature-in-shenzhen-on-june-9-2026,Shenzhen,2026-06-09,clean,2026-06-07 04:57:00+00:00,>24h,11,11,11,True,1.2675,0.26750000000000007,16.665,13.074,0.206,0.15,16.619,False,0.56,1.975
highest-temperature-in-hong-kong-on-june-5-2026,Hong Kong,2026-06-05,clean,2026-06-04 06:22:00+00:00,>24h,11,7,6,False,0.7324999999999999,-0.26750000000000007,1.206,0.34550000000000003,0.03,0.006499999999999991,0.941,True,0.7,0.765
highest-temperature-in-hong-kong-on-june-5-2026,Hong Kong,2026-06-05,clean,2026-06-04 13:25:00+00:00,6-24h,11,7,7,False,0.7324999999999999,-0.26750000000000007,114.267,10.061,0.04000000000000001,0.020000000000000018,112.896,True,0.667,0.7979999999999999
highest-temperature-in-hong-kong-on-june-5-2026,Hong Kong,2026-06-05,clean,2026-06-04 07:02:00+00:00,>24h,11,7,6,False,0.7324999999999999,-0.26750000000000007,2.595,0.582,0.03,0.014999999999999982,2.427,True,0.6900000000000001,0.7749999999999999
highest-temperature-in-hong-kong-on-june-5-2026,Hong Kong,2026-06-05,clean,2026-06-04 13:33:00+00:00,6-24h,11,7,7,False,0.7324999999999999,-0.26750000000000007,594.267,0.064,0.033999999999999996,0.009999999999999981,594.243,True,0.685,0.7799999999999999
highest-temperature-in-hong-kong-on-june-5-2026,Hong Kong,2026-06-05,clean,2026-06-04 15:09:00+00:00,6-24h,11,7,7,False,0.7325,-0.26749999999999996,6354.267,0.438,0.039999999999999994,0.006,6354.189,True,0.6910000000000001,0.7739999999999999
highest-temperature-in-hong-kong-on-june-5-2026,Hong Kong,2026-06-05,clean,2026-06-04 15:06:00+00:00,6-24h,11,7,7,False,0.7325,-0.26749999999999996,6174.267,0.918,0.03,0.006,6173.828,True,0.701,0.7639999999999999
highest-temperature-in-hong-kong-on-june-5-2026,Hong Kong,2026-06-05,clean,2026-06-04 04:15:00+00:00,>24h,11,7,6,False,0.7325,-0.26749999999999996,3.149,0.383,0.08,0.016000000000000007,2.822,True,0.6549999999999999,0.81
highest-temperature-in-hong-kong-on-june-5-2026,Hong Kong,2026-06-05,clean,2026-06-04 15:04:00+00:00,6-24h,11,7,7,False,0.7325,-0.26749999999999996,6054.267,0.096,0.03,0.006,6054.2,True,0.701,0.7639999999999999
highest-temperature-in-hong-kong-on-june-5-2026,Hong Kong,2026-06-05,clean,2026-06-04 15:23:00+00:00,6-24h,11,7,7,False,0.7329999999999999,-0.2670000000000001,7194.267,4.62,0.03999999999999998,0.010000000000000009,7192.284,True,0.681,0.7849999999999999
highest-temperature-in-hong-kong-on-june-5-2026,Hong Kong,2026-06-05,clean,2026-06-04 15:24:00+00:00,6-24h,11,7,7,False,0.7329999999999999,-0.2670000000000001,7254.267,8.989,0.03999999999999998,0.010000000000000009,7252.526,True,0.6910000000000001,0.7749999999999999
highest-temperature-in-hong-kong-on-june-5-2026,Hong Kong,2026-06-05,clean,2026-06-04 05:43:00+00:00,>24h,11,7,6,False,0.733,-0.267,2.239,0.123,0.02999999999999997,0.013999999999999999,2.201,True,0.691,0.775
highest-temperature-in-hong-kong-on-june-5-2026,Hong Kong,2026-06-05,clean,2026-06-04 10:28:00+00:00,>24h,11,7,6,False,0.7335,-0.26649999999999996,0.963,0.673,0.15,0.010500000000000004,0.775,True,0.626,0.841
highest-temperature-in-hong-kong-on-june-5-2026,Hong Kong,2026-06-05,clean,2026-06-04 03:23:00+00:00,>24h,11,7,6,False,0.7335,-0.26649999999999996,1.529,0.8170000000000001,0.03999999999999998,0.0295,1.3679999999999999,True,0.662,0.805
highest-temperature-in-hong-kong-on-june-5-2026,Hong Kong,2026-06-05,clean,2026-06-04 03:24:00+00:00,>24h,11,7,6,False,0.7335,-0.26649999999999996,5.964,0.9425000000000001,0.03999999999999998,0.0295,5.78,True,0.662,0.805
highest-temperature-in-hong-kong-on-june-5-2026,Hong Kong,2026-06-05,clean,2026-06-04 13:34:00+00:00,6-24h,11,7,7,False,0.7335,-0.26649999999999996,654.267,0.934,0.034,0.009999999999999981,654.111,True,0.6859999999999999,0.781
highest-temperature-in-hong-kong-on-june-5-2026,Hong Kong,2026-06-05,clean,2026-06-04 03:22:00+00:00,>24h,11,7,6,False,0.7335,-0.26649999999999996,3.397,2.6825,0.03999999999999998,0.0295,1.825,True,0.662,0.805
highest-temperature-in-hong-kong-on-june-5-2026,Hong Kong,2026-06-05,clean,2026-06-04 03:25:00+00:00,>24h,11,7,6,False,0.7335,-0.26649999999999996,0.246,0.141,0.03999999999999998,0.024500000000000008,0.219,True,0.672,0.795
highest-temperature-in-hong-kong-on-june-5-2026,Hong Kong,2026-06-05,clean,2026-06-04 20:20:00+00:00,6-24h,11,7,7,False,0.734,-0.266,25014.267,1.043,0.020000000000000004,0.012,25013.878,True,0.694,0.7739999999999999
highest-temperature-in-hong-kong-on-june-5-2026,Hong Kong,2026-06-05,clean,2026-06-04 05:42:00+00:00,>24h,11,7,6,False,0.7344999999999999,-0.26550000000000007,3.598,0.248,0.04000000000000001,0.013999999999999999,3.362,True,0.684,0.785
highest-temperature-in-hong-kong-on-june-5-2026,Hong Kong,2026-06-05,clean,2026-06-04 05:41:00+00:00,>24h,11,7,6,False,0.7344999999999999,-0.26550000000000007,30.191,2.4085,0.04000000000000001,0.014000000000000005,29.741,True,0.684,0.785
highest-temperature-in-hong-kong-on-june-5-2026,Hong Kong,2026-06-05,clean,2026-06-04 04:40:00+00:00,>24h,11,7,6,False,0.7345,-0.26549999999999996,29.61,2.558,0.06,0.013499999999999995,29.316,True,0.6749999999999999,0.794
highest-temperature-in-moscow-on-june-4-2026,Moscow,2026-06-04,clean,2026-06-04 10:37:00+00:00,1-6h,11,11,11,True,1.2649999999999997,0.2649999999999997,31564.016,7349.137,0.38,0.002,31563.985,False,0.95,1.5799999999999998
highest-temperature-in-hong-kong-on-june-5-2026,Hong Kong,2026-06-05,clean,2026-06-04 08:55:00+00:00,>24h,11,7,6,False,0.7354999999999999,-0.26450000000000007,27.148,4.5329999999999995,0.03,0.009500000000000005,25.679,True,0.7000000000000001,0.771
highest-temperature-in-hong-kong-on-june-5-2026,Hong Kong,2026-06-05,clean,2026-06-04 08:54:00+00:00,>24h,11,7,6,False,0.7354999999999999,-0.26450000000000007,28.751,6.8075,0.03,0.009500000000000005,27.942,True,0.7000000000000001,0.771
highest-temperature-in-hong-kong-on-june-5-2026,Hong Kong,2026-06-05,clean,2026-06-04 20:33:00+00:00,6-24h,11,7,7,False,0.7355,-0.26449999999999996,25794.267,4.481,0.02999999999999997,0.004999999999999999,25789.976,True,0.699,0.7719999999999999
highest-temperature-in-hong-kong-on-june-5-2026,Hong Kong,2026-06-05,clean,2026-06-04 20:34:00+00:00,6-24h,11,7,7,False,0.7355,-0.26449999999999996,25854.267,1.045,0.02999999999999997,0.004999999999999999,25853.241,True,0.699,0.7719999999999999
highest-temperature-in-hong-kong-on-june-5-2026,Hong Kong,2026-06-05,clean,2026-06-04 05:45:00+00:00,>24h,11,7,6,False,0.7355,-0.26449999999999996,0.999,0.38749999999999996,0.01999999999999999,0.010000000000000002,0.999,True,0.7060000000000001,0.765
highest-temperature-in-hong-kong-on-june-5-2026,Hong Kong,2026-06-05,clean,2026-06-04 06:35:00+00:00,>24h,11,7,6,False,0.7355,-0.26449999999999996,3.046,0.1185,0.04000000000000001,0.013000000000000001,3.02,True,0.6880000000000001,0.7829999999999999
highest-temperature-in-shenzhen-on-june-9-2026,Shenzhen,2026-06-09,clean,2026-06-07 04:53:00+00:00,>24h,11,11,9,False,1.2645,0.26449999999999996,16.427,16.41,0.238,0.15,15.052,False,0.552,1.9769999999999999
highest-temperature-in-hong-kong-on-june-5-2026,Hong Kong,2026-06-05,clean,2026-06-04 20:35:00+00:00,6-24h,11,7,7,False,0.7355,-0.26449999999999996,25914.267,12.042,0.02999999999999997,0.004999999999999999,25910.834,True,0.699,0.7719999999999999
highest-temperature-in-hong-kong-on-june-5-2026,Hong Kong,2026-06-05,clean,2026-06-04 10:12:00+00:00,>24h,11,7,6,False,0.736,-0.264,10.458,2.6255,0.1,0.021999999999999985,10.429,True,0.641,0.8310000000000001
highest-temperature-in-hong-kong-on-june-5-2026,Hong Kong,2026-06-05,clean,2026-06-04 08:52:00+00:00,>24h,11,7,6,False,0.736,-0.264,20.176,1.9135,0.03,0.010000000000000005,19.018,True,0.7000000000000001,0.772
highest-temperature-in-hong-kong-on-june-5-2026,Hong Kong,2026-06-05,clean,2026-06-04 08:53:00+00:00,>24h,11,7,6,False,0.736,-0.264,19.576,12.681000000000001,0.03,0.010000000000000005,18.642,True,0.7000000000000001,0.772
highest-temperature-in-hong-kong-on-june-5-2026,Hong Kong,2026-06-05,clean,2026-06-04 20:32:00+00:00,6-24h,11,7,7,False,0.736,-0.264,25734.267,9.181,0.02999999999999997,0.005999999999999998,25733.267,True,0.699,0.773
highest-temperature-in-hong-kong-on-june-5-2026,Hong Kong,2026-06-05,clean,2026-06-04 06:41:00+00:00,>24h,11,7,6,False,0.736,-0.264,1.22,0.2375,0.03,0.019499999999999997,1.058,True,0.682,0.79
highest-temperature-in-hong-kong-on-june-5-2026,Hong Kong,2026-06-05,clean,2026-06-05 06:18:00+00:00,1-6h,11,7,7,False,0.7360000000000001,-0.2639999999999999,60894.267,7920.92,0.029999999999999916,0.001,60894.262,True,0.7060000000000001,0.766
highest-temperature-in-hong-kong-on-june-5-2026,Hong Kong,2026-06-05,clean,2026-06-04 11:06:00+00:00,>24h,11,7,6,False,0.7364999999999999,-0.26350000000000007,38.335,1.6195,0.04000000000000001,0.012500000000000004,37.931,True,0.6819999999999999,0.7909999999999999
highest-temperature-in-hong-kong-on-june-5-2026,Hong Kong,2026-06-05,clean,2026-06-04 06:40:00+00:00,>24h,11,7,6,False,0.7364999999999999,-0.26350000000000007,0.563,0.378,0.03,0.019999999999999983,0.558,True,0.682,0.7909999999999999
highest-temperature-in-seattle-on-june-10-2026,Seattle,2026-06-10,clean,2026-06-09 02:40:00+00:00,>24h,11,11,11,True,1.2634999999999998,0.26349999999999985,64.983,36.254,0.52,0.043,61.788,False,0.4940000000000001,2.033
highest-temperature-in-hong-kong-on-june-5-2026,Hong Kong,2026-06-05,clean,2026-06-04 16:39:00+00:00,6-24h,11,7,7,False,0.7365000000000002,-0.26349999999999985,11754.267,5.2,0.020000000000000004,0.006999999999999999,11753.488,True,0.704,0.769
highest-temperature-in-hong-kong-on-june-5-2026,Hong Kong,2026-06-05,clean,2026-06-04 16:38:00+00:00,6-24h,11,7,7,False,0.7365000000000002,-0.26349999999999985,11694.267,0.664,0.020000000000000004,0.006999999999999999,11694.007,True,0.704,0.769
highest-temperature-in-hong-kong-on-june-5-2026,Hong Kong,2026-06-05,clean,2026-06-04 13:27:00+00:00,6-24h,11,7,7,False,0.737,-0.263,234.267,1.498,0.032999999999999995,0.009999999999999981,234.256,True,0.685,0.789
highest-temperature-in-shenzhen-on-june-9-2026,Shenzhen,2026-06-09,clean,2026-06-07 04:56:00+00:00,>24h,11,11,11,True,1.263,0.2629999999999999,91.656,29.505,0.207,0.14,90.303,False,0.559,1.967
highest-temperature-in-hong-kong-on-june-5-2026,Hong Kong,2026-06-05,clean,2026-06-04 20:14:00+00:00,6-24h,11,7,7,False,0.7370000000000001,-0.2629999999999999,24654.267,8.055,0.020000000000000004,0.009999999999999981,24650.327,True,0.7080000000000001,0.766
highest-temperature-in-hong-kong-on-june-5-2026,Hong Kong,2026-06-05,clean,2026-06-04 20:15:00+00:00,6-24h,11,7,7,False,0.7370000000000001,-0.2629999999999999,24714.267,20.529,0.020000000000000004,0.009999999999999981,24712.019,True,0.7080000000000001,0.766
highest-temperature-in-hong-kong-on-june-5-2026,Hong Kong,2026-06-05,clean,2026-06-04 20:13:00+00:00,6-24h,11,7,7,False,0.7370000000000001,-0.2629999999999999,24594.267,1.327,0.020000000000000004,0.009999999999999981,24593.535,True,0.7080000000000001,0.766
highest-temperature-in-hong-kong-on-june-5-2026,Hong Kong,2026-06-05,clean,2026-06-04 15:07:00+00:00,6-24h,11,7,7,False,0.7375,-0.26249999999999996,6234.267,0.188,0.03,0.006,6234.206,True,0.701,0.7739999999999999
highest-temperature-in-hong-kong-on-june-5-2026,Hong Kong,2026-06-05,clean,2026-06-04 15:05:00+00:00,6-24h,11,7,7,False,0.7375,-0.26249999999999996,6114.267,1.893,0.03,0.006,6114.155,True,0.701,0.7739999999999999
highest-temperature-in-hong-kong-on-june-5-2026,Hong Kong,2026-06-05,clean,2026-06-04 06:19:00+00:00,>24h,11,7,6,False,0.7375,-0.26249999999999996,16.978,0.2485,0.030000000000000027,0.006499999999999991,16.935,True,0.7,0.775
highest-temperature-in-hong-kong-on-june-5-2026,Hong Kong,2026-06-05,clean,2026-06-04 15:08:00+00:00,6-24h,11,7,7,False,0.7375,-0.26249999999999996,6294.267,0.945,0.03,0.006,6294.217,True,0.701,0.7739999999999999
highest-temperature-in-hong-kong-on-june-5-2026,Hong Kong,2026-06-05,clean,2026-06-04 06:20:00+00:00,>24h,11,7,6,False,0.7375,-0.26249999999999996,16.915,8.054499999999999,0.030000000000000027,0.006499999999999991,16.84,True,0.7,0.775
highest-temperature-in-mexico-city-on-june-6-2026,Mexico City,2026-06-06,degraded,2026-06-05 04:36:00+00:00,>24h,11,11,9,False,1.2620000000000002,0.26200000000000023,92.222,29.611,0.27,0.13,89.835,False,0.76,1.764
highest-temperature-in-hong-kong-on-june-5-2026,Hong Kong,2026-06-05,clean,2026-06-04 03:44:00+00:00,>24h,11,7,6,False,0.738,-0.262,9.074,4.2145,0.040000000000000036,0.02000000000000001,8.959,True,0.6819999999999999,0.7939999999999999
highest-temperature-in-shenzhen-on-june-9-2026,Shenzhen,2026-06-09,clean,2026-06-07 04:58:00+00:00,>24h,11,11,11,True,1.262,0.262,0.781,0.78,0.206,0.15,0.099,False,0.56,1.964
highest-temperature-in-hong-kong-on-june-5-2026,Hong Kong,2026-06-05,clean,2026-06-04 16:05:00+00:00,6-24h,11,7,7,False,0.738,-0.262,9714.267,1.662,0.03,0.009999999999999995,9714.233,True,0.685,0.791
highest-temperature-in-hong-kong-on-june-5-2026,Hong Kong,2026-06-05,clean,2026-06-04 15:29:00+00:00,6-24h,11,7,7,False,0.7384999999999999,-0.26150000000000007,7554.267,0.033,0.03,0.010000000000000009,7554.258,True,0.692,0.7849999999999999
highest-temperature-in-hong-kong-on-june-5-2026,Hong Kong,2026-06-05,clean,2026-06-04 13:35:00+00:00,6-24h,11,7,7,False,0.7384999999999999,-0.26150000000000007,714.267,8.769,0.023999999999999997,0.009999999999999981,713.967,True,0.696,0.781
highest-temperature-in-hong-kong-on-june-5-2026,Hong Kong,2026-06-05,clean,2026-06-04 03:28:00+00:00,>24h,11,7,6,False,0.7385,-0.26149999999999995,0.128,0.049,0.03999999999999998,0.019500000000000003,0.106,True,0.682,0.795
highest-temperature-in-hong-kong-on-june-5-2026,Hong Kong,2026-06-05,clean,2026-06-04 03:26:00+00:00,>24h,11,7,6,False,0.7385,-0.26149999999999995,0.047,0.0465,0.03999999999999998,0.019500000000000003,0.009,True,0.682,0.795
highest-temperature-in-hong-kong-on-june-5-2026,Hong Kong,2026-06-05,clean,2026-06-04 03:27:00+00:00,>24h,11,7,6,False,0.7385,-0.26149999999999995,3.865,3.426,0.03999999999999998,0.019500000000000003,1.976,True,0.682,0.795
highest-temperature-in-hong-kong-on-june-5-2026,Hong Kong,2026-06-05,clean,2026-06-04 06:32:00+00:00,>24h,11,7,6,False,0.739,-0.261,2.833,0.165,0.030000000000000006,0.02450000000000001,2.8289999999999997,True,0.68,0.798
highest-temperature-in-hong-kong-on-june-5-2026,Hong Kong,2026-06-05,clean,2026-06-04 20:30:00+00:00,6-24h,11,7,7,False,0.739,-0.261,25614.267,0.103,0.02999999999999997,0.009999999999999995,25614.24,True,0.699,0.779
highest-temperature-in-hong-kong-on-june-5-2026,Hong Kong,2026-06-05,clean,2026-06-04 05:50:00+00:00,>24h,11,7,6,False,0.739,-0.261,18.975,1.7925,0.01999999999999999,0.006500000000000002,18.882,True,0.7160000000000001,0.762
highest-temperature-in-hong-kong-on-june-5-2026,Hong Kong,2026-06-05,clean,2026-06-04 03:40:00+00:00,>24h,11,7,6,False,0.739,-0.261,5.888,2.49,0.050000000000000044,0.023500000000000007,3.411,True,0.6739999999999999,0.8039999999999999
highest-temperature-in-hong-kong-on-june-5-2026,Hong Kong,2026-06-05,clean,2026-06-04 20:31:00+00:00,6-24h,11,7,7,False,0.739,-0.261,25674.267,19.247,0.02999999999999997,0.009999999999999995,25673.385,True,0.699,0.779
highest-temperature-in-hong-kong-on-june-5-2026,Hong Kong,2026-06-05,clean,2026-06-04 03:41:00+00:00,>24h,11,7,6,False,0.739,-0.261,0.449,0.448,0.040000000000000036,0.02000000000000001,0.196,True,0.6839999999999999,0.7939999999999999
highest-temperature-in-hong-kong-on-june-5-2026,Hong Kong,2026-06-05,clean,2026-06-04 20:29:00+00:00,6-24h,11,7,7,False,0.739,-0.261,25554.267,3.071,0.02999999999999997,0.009999999999999995,25553.119,True,0.699,0.779
highest-temperature-in-hong-kong-on-june-5-2026,Hong Kong,2026-06-05,clean,2026-06-04 20:28:00+00:00,6-24h,11,7,7,False,0.739,-0.261,25494.267,1.967,0.02999999999999997,0.009999999999999995,25492.41,True,0.699,0.779
highest-temperature-in-hong-kong-on-june-5-2026,Hong Kong,2026-06-05,clean,2026-06-04 07:00:00+00:00,>24h,11,7,6,False,0.7390000000000001,-0.2609999999999999,0.229,0.048,0.03,0.015000000000000003,0.21,True,0.6900000000000001,0.788
highest-temperature-in-hong-kong-on-june-5-2026,Hong Kong,2026-06-05,clean,2026-06-04 16:04:00+00:00,6-24h,11,7,7,False,0.7390000000000001,-0.2609999999999999,9654.267,9.255,0.030000000000000027,0.009999999999999995,9652.955,True,0.6950000000000001,0.783
highest-temperature-in-hong-kong-on-june-5-2026,Hong Kong,2026-06-05,clean,2026-06-04 20:24:00+00:00,6-24h,11,7,7,False,0.7390000000000001,-0.2609999999999999,25254.267,7.027,0.02999999999999997,0.009999999999999995,25253.757,True,0.6990000000000001,0.779
highest-temperature-in-hong-kong-on-june-5-2026,Hong Kong,2026-06-05,clean,2026-06-04 20:23:00+00:00,6-24h,11,7,7,False,0.7395,-0.26049999999999995,25194.267,5.687,0.02999999999999997,0.009999999999999995,25194.178,True,0.6990000000000001,0.7799999999999999
highest-temperature-in-hong-kong-on-june-5-2026,Hong Kong,2026-06-05,clean,2026-06-04 05:48:00+00:00,>24h,11,7,6,False,0.7395,-0.26049999999999995,2.493,0.3295,0.01999999999999999,0.007000000000000003,2.487,True,0.7160000000000001,0.763
highest-temperature-in-shenzhen-on-june-9-2026,Shenzhen,2026-06-09,clean,2026-06-07 04:54:00+00:00,>24h,11,11,9,False,1.26,0.26,13.192,10.81,0.227,0.15,8.812,False,0.553,1.967
highest-temperature-in-hong-kong-on-june-5-2026,Hong Kong,2026-06-05,clean,2026-06-04 05:49:00+00:00,>24h,11,7,6,False,0.74,-0.26,7.039,1.2730000000000001,0.01999999999999999,0.007500000000000003,7.03,True,0.7160000000000001,0.764
highest-temperature-in-hong-kong-on-june-5-2026,Hong Kong,2026-06-05,clean,2026-06-04 03:59:00+00:00,>24h,11,7,6,False,0.741,-0.259,0.136,0.124,0.039999999999999994,0.011500000000000003,0.027,True,0.698,0.7839999999999999
highest-temperature-in-hong-kong-on-june-5-2026,Hong Kong,2026-06-05,clean,2026-06-04 04:00:00+00:00,>24h,11,7,6,False,0.741,-0.259,25.359,11.0415,0.039999999999999994,0.011500000000000003,20.407,True,0.698,0.7839999999999999
highest-temperature-in-hong-kong-on-june-5-2026,Hong Kong,2026-06-05,clean,2026-06-04 06:28:00+00:00,>24h,11,7,6,False,0.7414999999999999,-0.25850000000000006,10.254,4.532500000000001,0.020000000000000018,0.010499999999999992,6.237,True,0.709,0.774
highest-temperature-in-hong-kong-on-june-5-2026,Hong Kong,2026-06-05,clean,2026-06-04 16:40:00+00:00,6-24h,11,7,7,False,0.7415,-0.25849999999999995,11814.267,2.196,0.020000000000000004,0.006999999999999999,11813.8,True,0.714,0.769
highest-temperature-in-hong-kong-on-june-5-2026,Hong Kong,2026-06-05,clean,2026-06-04 11:04:00+00:00,>24h,11,7,6,False,0.7415,-0.25849999999999995,1.689,1.279,0.07,0.012500000000000004,1.3519999999999999,True,0.6819999999999999,0.801
highest-temperature-in-hong-kong-on-june-5-2026,Hong Kong,2026-06-05,clean,2026-06-05 06:35:00+00:00,1-6h,11,7,7,False,0.7415,-0.25849999999999995,61914.267,8940.92,0.08999999999999997,0.001,61913.582,True,0.676,0.8069999999999999
highest-temperature-in-hong-kong-on-june-5-2026,Hong Kong,2026-06-05,clean,2026-06-04 16:41:00+00:00,6-24h,11,7,7,False,0.7415,-0.25849999999999995,11874.267,8.409,0.020000000000000004,0.006999999999999999,11874.066,True,0.714,0.769
highest-temperature-in-seattle-on-june-10-2026,Seattle,2026-06-10,clean,2026-06-09 02:39:00+00:00,>24h,11,11,11,True,1.2585,0.25849999999999995,18.765,18.75,0.53,0.043,15.766,False,0.4840000000000001,2.033
highest-temperature-in-moscow-on-june-4-2026,Moscow,2026-06-04,clean,2026-06-04 11:49:00+00:00,<1h,11,11,11,True,1.258,0.258,35884.016,11669.137,0.38,0.002,35878.518,False,0.987,1.5290000000000001
highest-temperature-in-hong-kong-on-june-5-2026,Hong Kong,2026-06-05,clean,2026-06-04 06:18:00+00:00,>24h,11,7,6,False,0.7424999999999999,-0.25750000000000006,17.625,1.355,0.030000000000000027,0.010499999999999992,16.515,True,0.7,0.785
highest-temperature-in-hong-kong-on-june-5-2026,Hong Kong,2026-06-05,clean,2026-06-04 06:23:00+00:00,>24h,11,7,6,False,0.7424999999999999,-0.25750000000000006,2.992,0.36200000000000004,0.03,0.006499999999999991,2.989,True,0.71,0.775
highest-temperature-in-hong-kong-on-june-5-2026,Hong Kong,2026-06-05,clean,2026-06-04 15:35:00+00:00,6-24h,11,7,7,False,0.7424999999999999,-0.25750000000000006,7914.267,0.162,0.030000000000000027,0.010000000000000009,7914.252,True,0.6930000000000001,0.792
highest-temperature-in-hong-kong-on-june-5-2026,Hong Kong,2026-06-05,clean,2026-06-04 06:39:00+00:00,>24h,11,7,6,False,0.7424999999999999,-0.25750000000000006,2.441,0.47,0.04000000000000001,0.019999999999999983,2.269,True,0.682,0.8029999999999999
highest-temperature-in-hong-kong-on-june-5-2026,Hong Kong,2026-06-05,clean,2026-06-04 13:26:00+00:00,6-24h,11,7,7,False,0.7424999999999999,-0.25750000000000006,174.267,2.572,0.04000000000000001,0.009999999999999981,174.248,True,0.687,0.7979999999999999
highest-temperature-in-hong-kong-on-june-5-2026,Hong Kong,2026-06-05,clean,2026-06-04 06:29:00+00:00,>24h,11,7,6,False,0.7425,-0.25749999999999995,2.233,0.352,0.020000000000000018,0.009999999999999992,1.994,True,0.71,0.775
highest-temperature-in-hong-kong-on-june-5-2026,Hong Kong,2026-06-05,clean,2026-06-04 15:01:00+00:00,6-24h,11,7,7,False,0.7425,-0.25749999999999995,5874.267,1.38,0.04000000000000001,0.006,5874.001,True,0.701,0.7839999999999999
highest-temperature-in-hong-kong-on-june-5-2026,Hong Kong,2026-06-05,clean,2026-06-04 15:03:00+00:00,6-24h,11,7,7,False,0.7425,-0.25749999999999995,5994.267,1.868,0.03,0.006,5994.078,True,0.701,0.7839999999999999
highest-temperature-in-hong-kong-on-june-5-2026,Hong Kong,2026-06-05,clean,2026-06-04 17:04:00+00:00,6-24h,11,7,7,False,0.743,-0.257,13254.267,0.129,0.020000000000000004,0.006999999999999999,13254.258,True,0.716,0.7699999999999999
highest-temperature-in-hong-kong-on-june-5-2026,Hong Kong,2026-06-05,clean,2026-06-04 05:53:00+00:00,>24h,11,7,6,False,0.743,-0.257,14.804,0.6635,0.020000000000000018,0.0060000000000000045,14.701,True,0.7160000000000001,0.77
highest-temperature-in-hong-kong-on-june-5-2026,Hong Kong,2026-06-05,clean,2026-06-04 03:29:00+00:00,>24h,11,7,6,False,0.743,-0.257,2.055,1.8435000000000001,0.04999999999999999,0.019500000000000003,1.717,True,0.6809999999999999,0.805
highest-temperature-in-hong-kong-on-june-5-2026,Hong Kong,2026-06-05,clean,2026-06-04 10:27:00+00:00,>24h,11,7,6,False,0.7435,-0.25649999999999995,21.656,2.053,0.13,0.010500000000000004,21.6,True,0.646,0.841
highest-temperature-in-hong-kong-on-june-5-2026,Hong Kong,2026-06-05,clean,2026-06-04 15:57:00+00:00,6-24h,11,7,7,False,0.7435,-0.25649999999999995,9234.267,3.223,0.030000000000000027,0.009999999999999995,9232.76,True,0.6950000000000001,0.7919999999999999
highest-temperature-in-hong-kong-on-june-5-2026,Hong Kong,2026-06-05,clean,2026-06-04 16:00:00+00:00,6-24h,11,7,7,False,0.7435,-0.25649999999999995,9414.267,2.655,0.030000000000000027,0.009999999999999995,9414.232,True,0.6950000000000001,0.7919999999999999
highest-temperature-in-hong-kong-on-june-5-2026,Hong Kong,2026-06-05,clean,2026-06-04 15:59:00+00:00,6-24h,11,7,7,False,0.7435,-0.25649999999999995,9354.267,0.084,0.030000000000000027,0.009999999999999995,9354.247,True,0.6950000000000001,0.7919999999999999
highest-temperature-in-hong-kong-on-june-5-2026,Hong Kong,2026-06-05,clean,2026-06-04 15:58:00+00:00,6-24h,11,7,7,False,0.7435,-0.25649999999999995,9294.267,6.584,0.030000000000000027,0.009999999999999995,9292.584,True,0.6950000000000001,0.7919999999999999
highest-temperature-in-hong-kong-on-june-5-2026,Hong Kong,2026-06-05,clean,2026-06-04 15:56:00+00:00,6-24h,11,7,7,False,0.7435,-0.25649999999999995,9174.267,17.669,0.030000000000000027,0.009999999999999995,9172.807,True,0.6950000000000001,0.7919999999999999
highest-temperature-in-hong-kong-on-june-5-2026,Hong Kong,2026-06-05,clean,2026-06-04 15:50:00+00:00,6-24h,11,7,7,False,0.7435,-0.25649999999999995,8814.267,15.86,0.030000000000000027,0.009999999999999995,8814.142,True,0.6950000000000001,0.7919999999999999
highest-temperature-in-hong-kong-on-june-5-2026,Hong Kong,2026-06-05,clean,2026-06-04 15:48:00+00:00,6-24h,11,7,7,False,0.7435,-0.25649999999999995,8694.267,0.58,0.030000000000000027,0.009999999999999995,8693.861,True,0.6950000000000001,0.7919999999999999
highest-temperature-in-hong-kong-on-june-5-2026,Hong Kong,2026-06-05,clean,2026-06-04 15:30:00+00:00,6-24h,11,7,7,False,0.7435,-0.25649999999999995,7614.267,0.537,0.02999999999999997,0.010000000000000009,7614.241,True,0.702,0.7849999999999999
highest-temperature-in-hong-kong-on-june-5-2026,Hong Kong,2026-06-05,clean,2026-06-04 15:49:00+00:00,6-24h,11,7,7,False,0.7435,-0.25649999999999995,8754.267,0.361,0.030000000000000027,0.009999999999999995,8754.212,True,0.6950000000000001,0.7919999999999999
highest-temperature-in-hong-kong-on-june-5-2026,Hong Kong,2026-06-05,clean,2026-06-04 15:51:00+00:00,6-24h,11,7,7,False,0.7435,-0.25649999999999995,8874.267,0.854,0.030000000000000027,0.009999999999999995,8874.224,True,0.6950000000000001,0.7919999999999999
highest-temperature-in-hong-kong-on-june-5-2026,Hong Kong,2026-06-05,clean,2026-06-04 09:53:00+00:00,>24h,11,7,6,False,0.7435,-0.25649999999999995,0.319,0.3105,0.10999999999999999,0.024999999999999998,0.1,True,0.635,0.8519999999999999
highest-temperature-in-hong-kong-on-june-5-2026,Hong Kong,2026-06-05,clean,2026-06-04 13:37:00+00:00,6-24h,11,7,7,False,0.7435,-0.25649999999999995,834.267,0.308,0.030000000000000027,0.009999999999999981,834.191,True,0.696,0.791
highest-temperature-in-hong-kong-on-june-5-2026,Hong Kong,2026-06-05,clean,2026-06-04 13:36:00+00:00,6-24h,11,7,7,False,0.7435,-0.25649999999999995,774.267,1.038,0.030000000000000027,0.009999999999999981,774.086,True,0.696,0.791
highest-temperature-in-hong-kong-on-june-5-2026,Hong Kong,2026-06-05,clean,2026-06-04 03:43:00+00:00,>24h,11,7,6,False,0.744,-0.256,10.905,6.436999999999999,0.030000000000000027,0.02000000000000001,9.467,True,0.694,0.7939999999999999
highest-temperature-in-hong-kong-on-june-5-2026,Hong Kong,2026-06-05,clean,2026-06-04 20:27:00+00:00,6-24h,11,7,7,False,0.744,-0.256,25434.267,27.968,0.01999999999999999,0.009999999999999995,25433.335,True,0.709,0.779
highest-temperature-in-hong-kong-on-june-5-2026,Hong Kong,2026-06-05,clean,2026-06-04 03:42:00+00:00,>24h,11,7,6,False,0.744,-0.256,16.312,8.296,0.030000000000000027,0.02000000000000001,15.971,True,0.694,0.7939999999999999
highest-temperature-in-hong-kong-on-june-5-2026,Hong Kong,2026-06-05,clean,2026-06-04 05:52:00+00:00,>24h,11,7,6,False,0.744,-0.256,9.786,0.022,0.020000000000000018,0.006500000000000002,9.764,True,0.7160000000000001,0.772
highest-temperature-in-hong-kong-on-june-5-2026,Hong Kong,2026-06-05,clean,2026-06-04 06:30:00+00:00,>24h,11,7,6,False,0.744,-0.256,3.694,0.6505000000000001,0.01999999999999999,0.009999999999999995,3.5,True,0.713,0.775
highest-temperature-in-hong-kong-on-june-5-2026,Hong Kong,2026-06-05,clean,2026-06-04 05:51:00+00:00,>24h,11,7,6,False,0.744,-0.256,10.009,1.2175,0.020000000000000018,0.006500000000000002,9.677,True,0.7160000000000001,0.772
highest-temperature-in-hong-kong-on-june-5-2026,Hong Kong,2026-06-05,clean,2026-06-04 06:48:00+00:00,>24h,11,7,6,False,0.7444999999999999,-0.25550000000000006,4.085,2.0315000000000003,0.03,0.020000000000000004,3.987,True,0.6930000000000001,0.796
highest-temperature-in-hong-kong-on-june-5-2026,Hong Kong,2026-06-05,clean,2026-06-04 09:56:00+00:00,>24h,11,7,6,False,0.7444999999999999,-0.25550000000000006,1.239,0.647,0.03,0.02300000000000001,1.232,True,0.688,0.801
highest-temperature-in-hong-kong-on-june-5-2026,Hong Kong,2026-06-05,clean,2026-06-04 09:54:00+00:00,>24h,11,7,6,False,0.7444999999999999,-0.25550000000000006,1.729,0.986,0.04999999999999999,0.028000000000000014,1.7149999999999999,True,0.6679999999999999,0.8210000000000001
highest-temperature-in-hong-kong-on-june-5-2026,Hong Kong,2026-06-05,clean,2026-06-04 03:09:00+00:00,>24h,11,7,6,False,0.7444999999999999,-0.25550000000000006,5.494,5.2165,0.03999999999999998,0.013499999999999991,5.39,True,0.694,0.795
highest-temperature-in-hong-kong-on-june-5-2026,Hong Kong,2026-06-05,clean,2026-06-04 03:07:00+00:00,>24h,11,7,6,False,0.745,-0.255,8.018,1.279,0.03999999999999998,0.013999999999999988,7.957,True,0.693,0.797
highest-temperature-in-qingdao-on-june-10-2026,Qingdao,2026-06-10,clean,2026-06-08 05:00:00+00:00,>24h,11,10,10,False,1.255,0.2549999999999999,45.995,42.989,0.571,0.175,30.881,True,0.342,2.168
highest-temperature-in-moscow-on-june-4-2026,Moscow,2026-06-04,clean,2026-06-04 10:57:00+00:00,1-6h,11,11,11,True,1.255,0.2549999999999999,32764.016,8549.137,0.38,0.002,32763.849,False,0.895,1.615
highest-temperature-in-moscow-on-june-4-2026,Moscow,2026-06-04,clean,2026-06-04 10:32:00+00:00,1-6h,11,11,11,True,1.2545000000000002,0.25450000000000017,31264.016,7049.137,0.38,0.002,31263.996,False,1.0190000000000001,1.49
highest-temperature-in-hong-kong-on-june-5-2026,Hong Kong,2026-06-05,clean,2026-06-04 11:11:00+00:00,>24h,11,7,6,False,0.7454999999999999,-0.25450000000000006,12.442,1.8544999999999998,0.040000000000000036,0.0225,12.23,True,0.681,0.8099999999999999
highest-temperature-in-hong-kong-on-june-5-2026,Hong Kong,2026-06-05,clean,2026-06-04 15:44:00+00:00,6-24h,11,7,7,False,0.7455,-0.25449999999999995,8454.267,2.948,0.020000000000000018,0.009999999999999981,8452.189,True,0.7150000000000001,0.7759999999999999
highest-temperature-in-hong-kong-on-june-5-2026,Hong Kong,2026-06-05,clean,2026-06-04 03:08:00+00:00,>24h,11,7,6,False,0.7455,-0.25449999999999995,0.066,0.0625,0.03999999999999998,0.013499999999999991,0.037,True,0.694,0.797
highest-temperature-in-hong-kong-on-june-5-2026,Hong Kong,2026-06-05,clean,2026-06-04 03:03:00+00:00,>24h,11,7,6,False,0.746,-0.254,9.813,2.121,0.03999999999999998,0.013999999999999988,9.806000000000001,True,0.695,0.797
highest-temperature-in-hong-kong-on-june-5-2026,Hong Kong,2026-06-05,clean,2026-06-04 03:04:00+00:00,>24h,11,7,6,False,0.746,-0.254,2.238,2.004,0.03999999999999998,0.013999999999999988,2.084,True,0.695,0.797
highest-temperature-in-hong-kong-on-june-5-2026,Hong Kong,2026-06-05,clean,2026-06-04 03:06:00+00:00,>24h,11,7,6,False,0.746,-0.254,19.712,2.9219999999999997,0.03999999999999998,0.013999999999999988,19.41,True,0.695,0.797
highest-temperature-in-hong-kong-on-june-5-2026,Hong Kong,2026-06-05,clean,2026-06-04 03:05:00+00:00,>24h,11,7,6,False,0.746,-0.254,1.413,1.1675,0.03999999999999998,0.013999999999999988,1.042,True,0.695,0.797
highest-temperature-in-hong-kong-on-june-5-2026,Hong Kong,2026-06-05,clean,2026-06-04 11:09:00+00:00,>24h,11,7,6,False,0.7464999999999999,-0.25350000000000006,0.071,0.016,0.04000000000000001,0.0225,0.062,True,0.6819999999999999,0.8109999999999999
highest-temperature-in-hong-kong-on-june-5-2026,Hong Kong,2026-06-05,clean,2026-06-04 11:49:00+00:00,>24h,11,7,6,False,0.7464999999999999,-0.25350000000000006,13.456,5.275,0.040000000000000036,0.008499999999999997,12.294,True,0.711,0.7819999999999999
highest-temperature-in-hong-kong-on-june-5-2026,Hong Kong,2026-06-05,clean,2026-06-04 11:48:00+00:00,>24h,11,7,6,False,0.7464999999999999,-0.25350000000000006,11.419,1.588,0.040000000000000036,0.008499999999999997,10.342,True,0.711,0.7819999999999999
highest-temperature-in-hong-kong-on-june-5-2026,Hong Kong,2026-06-05,clean,2026-06-04 11:47:00+00:00,>24h,11,7,6,False,0.7464999999999999,-0.25350000000000006,11.551,4.949,0.040000000000000036,0.008499999999999997,8.782,True,0.711,0.7819999999999999
highest-temperature-in-moscow-on-june-4-2026,Moscow,2026-06-04,clean,2026-06-04 11:45:00+00:00,<1h,11,11,11,True,1.2535,0.25350000000000006,35644.016,11429.137,0.38,0.002,35639.341,False,0.92,1.5870000000000002
highest-temperature-in-hong-kong-on-june-5-2026,Hong Kong,2026-06-05,clean,2026-06-04 11:46:00+00:00,>24h,11,7,6,False,0.7464999999999999,-0.25350000000000006,5.41,1.674,0.040000000000000036,0.008499999999999997,5.181,True,0.711,0.7819999999999999
highest-temperature-in-hong-kong-on-june-5-2026,Hong Kong,2026-06-05,clean,2026-06-04 05:59:00+00:00,>24h,11,7,6,False,0.7465,-0.25349999999999995,2.864,0.2445,0.03,0.012000000000000004,2.792,True,0.7080000000000001,0.785
highest-temperature-in-hong-kong-on-june-5-2026,Hong Kong,2026-06-05,clean,2026-06-04 06:01:00+00:00,>24h,11,7,6,False,0.7465,-0.25349999999999995,2.926,0.652,0.03,0.012000000000000004,2.698,True,0.7080000000000001,0.785
highest-temperature-in-hong-kong-on-june-5-2026,Hong Kong,2026-06-05,clean,2026-06-04 06:00:00+00:00,>24h,11,7,6,False,0.7465,-0.25349999999999995,14.858,1.6635,0.03,0.012000000000000004,14.841,True,0.7080000000000001,0.785
highest-temperature-in-hong-kong-on-june-5-2026,Hong Kong,2026-06-05,clean,2026-06-04 06:02:00+00:00,>24h,11,7,6,False,0.7465,-0.25349999999999995,1.343,0.0195,0.03,0.012000000000000004,1.343,True,0.7080000000000001,0.785
highest-temperature-in-hong-kong-on-june-5-2026,Hong Kong,2026-06-05,clean,2026-06-04 06:07:00+00:00,>24h,11,7,6,False,0.747,-0.253,2.017,0.040499999999999994,0.05,0.021500000000000016,2.016,True,0.6789999999999999,0.8150000000000001
highest-temperature-in-hong-kong-on-june-5-2026,Hong Kong,2026-06-05,clean,2026-06-04 12:07:00+00:00,6-24h,11,7,6,False,0.747,-0.253,7.454,6.8115000000000006,0.03999999999999998,0.012500000000000004,7.288,True,0.703,0.791
highest-temperature-in-hong-kong-on-june-5-2026,Hong Kong,2026-06-05,clean,2026-06-04 04:03:00+00:00,>24h,11,7,6,False,0.747,-0.253,9.54,5.642,0.039999999999999994,0.011500000000000003,9.381,True,0.699,0.795
highest-temperature-in-hong-kong-on-june-5-2026,Hong Kong,2026-06-05,clean,2026-06-04 04:02:00+00:00,>24h,11,7,6,False,0.747,-0.253,5.321,2.268,0.039999999999999994,0.011500000000000003,4.998,True,0.699,0.795
highest-temperature-in-hong-kong-on-june-5-2026,Hong Kong,2026-06-05,clean,2026-06-04 15:43:00+00:00,6-24h,11,7,7,False,0.7470000000000001,-0.2529999999999999,8394.267,2.109,0.020000000000000018,0.009999999999999981,8394.177,True,0.7150000000000001,0.779
highest-temperature-in-hong-kong-on-june-5-2026,Hong Kong,2026-06-05,clean,2026-06-04 12:23:00+00:00,6-24h,11,7,6,False,0.7474999999999999,-0.25250000000000006,41.085,3.478,0.01999999999999999,0.007999999999999997,41.035,True,0.722,0.773
highest-temperature-in-hong-kong-on-june-5-2026,Hong Kong,2026-06-05,clean,2026-06-04 06:24:00+00:00,>24h,11,7,6,False,0.7475,-0.25249999999999995,14.18,0.47,0.030000000000000027,0.006499999999999991,13.854,True,0.71,0.785
highest-temperature-in-hong-kong-on-june-5-2026,Hong Kong,2026-06-05,clean,2026-06-04 06:49:00+00:00,>24h,11,7,6,False,0.7475,-0.25249999999999995,7.578,4.705,0.020000000000000018,0.019999999999999997,6.996,True,0.7030000000000001,0.792
highest-temperature-in-hong-kong-on-june-5-2026,Hong Kong,2026-06-05,clean,2026-06-04 06:50:00+00:00,>24h,11,7,6,False,0.7475,-0.25249999999999995,4.211,3.3465,0.03,0.02000000000000001,3.237,True,0.6930000000000001,0.802
highest-temperature-in-hong-kong-on-june-5-2026,Hong Kong,2026-06-05,clean,2026-06-04 16:26:00+00:00,6-24h,11,7,7,False,0.7475,-0.25249999999999995,10974.267,13.797,0.030000000000000027,0.010000000000000009,10972.864,True,0.704,0.791
highest-temperature-in-hong-kong-on-june-5-2026,Hong Kong,2026-06-05,clean,2026-06-04 16:24:00+00:00,6-24h,11,7,7,False,0.7475,-0.25249999999999995,10854.267,7.166,0.030000000000000027,0.010000000000000009,10853.899,True,0.704,0.791
highest-temperature-in-hong-kong-on-june-5-2026,Hong Kong,2026-06-05,clean,2026-06-04 16:25:00+00:00,6-24h,11,7,7,False,0.7475,-0.25249999999999995,10914.267,27.775,0.030000000000000027,0.010000000000000009,10913.775,True,0.704,0.791
highest-temperature-in-hong-kong-on-june-5-2026,Hong Kong,2026-06-05,clean,2026-06-04 16:27:00+00:00,6-24h,11,7,7,False,0.7475,-0.25249999999999995,11034.267,61.403,0.030000000000000027,0.010000000000000009,11034.155,True,0.704,0.791
highest-temperature-in-hong-kong-on-june-5-2026,Hong Kong,2026-06-05,clean,2026-06-04 06:25:00+00:00,>24h,11,7,6,False,0.7475,-0.25249999999999995,4.763,0.2395,0.030000000000000027,0.006499999999999991,4.658,True,0.71,0.785
highest-temperature-in-hong-kong-on-june-5-2026,Hong Kong,2026-06-05,clean,2026-06-04 16:28:00+00:00,6-24h,11,7,7,False,0.748,-0.252,11094.267,20.679,0.030000000000000027,0.010000000000000009,11093.772,True,0.7050000000000001,0.791
highest-temperature-in-hong-kong-on-june-5-2026,Hong Kong,2026-06-05,clean,2026-06-04 17:03:00+00:00,6-24h,11,7,7,False,0.748,-0.252,13194.267,0.711,0.010000000000000009,0.006999999999999999,13194.159,True,0.726,0.7699999999999999
highest-temperature-in-hong-kong-on-june-5-2026,Hong Kong,2026-06-05,clean,2026-06-04 15:42:00+00:00,6-24h,11,7,7,False,0.748,-0.252,8334.267,4.267,0.030000000000000027,0.009999999999999981,8332.138,True,0.7050000000000001,0.791
highest-temperature-in-hong-kong-on-june-5-2026,Hong Kong,2026-06-05,clean,2026-06-04 15:54:00+00:00,6-24h,11,7,7,False,0.7484999999999999,-0.25150000000000006,9054.267,5.952,0.03,0.009999999999999995,9052.52,True,0.7050000000000001,0.7919999999999999
highest-temperature-in-hong-kong-on-june-5-2026,Hong Kong,2026-06-05,clean,2026-06-04 15:25:00+00:00,6-24h,11,7,7,False,0.7484999999999999,-0.25150000000000006,7314.267,2.013,0.020000000000000018,0.010000000000000009,7312.858,True,0.712,0.7850000000000001
highest-temperature-in-hong-kong-on-june-5-2026,Hong Kong,2026-06-05,clean,2026-06-04 16:02:00+00:00,6-24h,11,7,7,False,0.7484999999999999,-0.25150000000000006,9534.267,4.76,0.030000000000000027,0.008999999999999998,9533.325,True,0.7050000000000001,0.7919999999999999
highest-temperature-in-hong-kong-on-june-5-2026,Hong Kong,2026-06-05,clean,2026-06-04 15:55:00+00:00,6-24h,11,7,7,False,0.7484999999999999,-0.25150000000000006,9114.267,1.999,0.03,0.009999999999999995,9113.577,True,0.7050000000000001,0.7919999999999999
highest-temperature-in-hong-kong-on-june-5-2026,Hong Kong,2026-06-05,clean,2026-06-04 15:27:00+00:00,6-24h,11,7,7,False,0.7484999999999999,-0.25150000000000006,7434.267,2.147,0.03,0.010000000000000009,7434.153,True,0.702,0.7949999999999999
highest-temperature-in-hong-kong-on-june-5-2026,Hong Kong,2026-06-05,clean,2026-06-04 16:01:00+00:00,6-24h,11,7,7,False,0.7484999999999999,-0.25150000000000006,9474.267,8.059,0.030000000000000027,0.008999999999999998,9473.859,True,0.7050000000000001,0.7919999999999999
highest-temperature-in-hong-kong-on-june-5-2026,Hong Kong,2026-06-05,clean,2026-06-04 15:45:00+00:00,6-24h,11,7,7,False,0.7484999999999999,-0.25150000000000006,8514.267,1.446,0.020000000000000018,0.009999999999999981,8514.099,True,0.7150000000000001,0.7819999999999999
highest-temperature-in-moscow-on-june-4-2026,Moscow,2026-06-04,clean,2026-06-04 11:06:00+00:00,<1h,11,11,11,True,1.2515,0.25150000000000006,33304.016,9089.137,0.38,0.002,33301.444,False,0.9540000000000001,1.549
highest-temperature-in-hong-kong-on-june-5-2026,Hong Kong,2026-06-05,clean,2026-06-04 15:46:00+00:00,6-24h,11,7,7,False,0.7484999999999999,-0.25150000000000006,8574.267,13.294,0.020000000000000018,0.009999999999999981,8574.24,True,0.7150000000000001,0.7819999999999999
highest-temperature-in-hong-kong-on-june-5-2026,Hong Kong,2026-06-05,clean,2026-06-04 13:38:00+00:00,6-24h,11,7,7,False,0.7484999999999999,-0.25150000000000006,894.267,0.203,0.023999999999999997,0.009999999999999981,894.211,True,0.706,0.791
highest-temperature-in-hong-kong-on-june-5-2026,Hong Kong,2026-06-05,clean,2026-06-04 15:28:00+00:00,6-24h,11,7,7,False,0.7484999999999999,-0.25150000000000006,7494.267,2.239,0.03,0.010000000000000009,7493.628,True,0.702,0.7949999999999999
highest-temperature-in-hong-kong-on-june-5-2026,Hong Kong,2026-06-05,clean,2026-06-04 06:14:00+00:00,>24h,11,7,6,False,0.7484999999999999,-0.25150000000000006,7.501,1.342,0.03,0.010000000000000005,7.485,True,0.7120000000000001,0.785
highest-temperature-in-hong-kong-on-june-5-2026,Hong Kong,2026-06-05,clean,2026-06-04 15:52:00+00:00,6-24h,11,7,7,False,0.7484999999999999,-0.25150000000000006,8934.267,4.597,0.03,0.009999999999999995,8934.253,True,0.7050000000000001,0.7919999999999999
highest-temperature-in-hong-kong-on-june-5-2026,Hong Kong,2026-06-05,clean,2026-06-04 15:53:00+00:00,6-24h,11,7,7,False,0.7484999999999999,-0.25150000000000006,8994.267,9.921,0.03,0.009999999999999995,8994.161,True,0.7050000000000001,0.7919999999999999
highest-temperature-in-hong-kong-on-june-5-2026,Hong Kong,2026-06-05,clean,2026-06-04 10:23:00+00:00,>24h,11,7,6,False,0.7485,-0.25149999999999995,33.803,0.326,0.15999999999999998,0.025499999999999988,33.803,True,0.616,0.881
highest-temperature-in-hong-kong-on-june-5-2026,Hong Kong,2026-06-05,clean,2026-06-04 10:26:00+00:00,>24h,11,7,6,False,0.7485,-0.25149999999999995,25.301,10.0755,0.15999999999999998,0.025499999999999988,20.604,True,0.616,0.881
highest-temperature-in-moscow-on-june-4-2026,Moscow,2026-06-04,clean,2026-06-04 11:00:00+00:00,<1h,11,11,11,True,1.2510000000000001,0.2510000000000001,32944.016,8729.137,0.38,0.002,32943.938,False,0.905,1.597
highest-temperature-in-moscow-on-june-4-2026,Moscow,2026-06-04,clean,2026-06-04 10:33:00+00:00,1-6h,11,11,11,True,1.2510000000000001,0.2510000000000001,31324.016,7109.137,0.38,0.002,31323.992,False,1.017,1.4849999999999999
highest-temperature-in-moscow-on-june-4-2026,Moscow,2026-06-04,clean,2026-06-04 11:01:00+00:00,<1h,11,11,11,True,1.2510000000000001,0.2510000000000001,33004.016,8789.137,0.38,0.002,33004.015,False,0.905,1.597
highest-temperature-in-hong-kong-on-june-5-2026,Hong Kong,2026-06-05,clean,2026-06-04 03:38:00+00:00,>24h,11,7,6,False,0.749,-0.251,13.283,10.15,0.040000000000000036,0.018500000000000003,13.23,True,0.694,0.8039999999999999
highest-temperature-in-hong-kong-on-june-5-2026,Hong Kong,2026-06-05,clean,2026-06-04 03:37:00+00:00,>24h,11,7,6,False,0.749,-0.251,10.303,8.073,0.040000000000000036,0.018500000000000003,9.336,True,0.694,0.8039999999999999
highest-temperature-in-hong-kong-on-june-5-2026,Hong Kong,2026-06-05,clean,2026-06-04 20:25:00+00:00,6-24h,11,7,7,False,0.749,-0.251,25314.267,9.945,0.020000000000000004,0.012,25308.216,True,0.709,0.789
highest-temperature-in-hong-kong-on-june-5-2026,Hong Kong,2026-06-05,clean,2026-06-04 20:26:00+00:00,6-24h,11,7,7,False,0.749,-0.251,25374.267,39.397,0.02999999999999997,0.009999999999999995,25372.185,True,0.709,0.789
highest-temperature-in-moscow-on-june-4-2026,Moscow,2026-06-04,clean,2026-06-04 11:58:00+00:00,<1h,11,11,11,True,1.251,0.2509999999999999,36424.016,12209.137,0.38,0.002,36418.437,False,0.926,1.5759999999999998
highest-temperature-in-moscow-on-june-4-2026,Moscow,2026-06-04,clean,2026-06-04 11:46:00+00:00,<1h,11,11,11,True,1.251,0.2509999999999999,35704.016,11489.137,0.38,0.002,35703.47,False,0.93,1.5720000000000003
highest-temperature-in-hong-kong-on-june-5-2026,Hong Kong,2026-06-05,clean,2026-06-04 03:45:00+00:00,>24h,11,7,6,False,0.7494999999999999,-0.25050000000000006,3.381,2.5244999999999997,0.06,0.02000000000000001,3.147,True,0.6849999999999999,0.814
highest-temperature-in-hong-kong-on-june-5-2026,Hong Kong,2026-06-05,clean,2026-06-04 03:36:00+00:00,>24h,11,7,6,False,0.7494999999999999,-0.25050000000000006,0.616,0.279,0.040000000000000036,0.019000000000000003,0.501,True,0.694,0.805
highest-temperature-in-hong-kong-on-june-5-2026,Hong Kong,2026-06-05,clean,2026-06-04 09:55:00+00:00,>24h,11,7,6,False,0.7494999999999999,-0.25050000000000006,6.08,2.179,0.04000000000000001,0.02300000000000001,4.7780000000000005,True,0.688,0.811
highest-temperature-in-hong-kong-on-june-5-2026,Hong Kong,2026-06-05,clean,2026-06-04 06:47:00+00:00,>24h,11,7,6,False,0.7495,-0.25049999999999994,19.646,2.3265000000000002,0.03,0.022000000000000013,18.828,True,0.6930000000000001,0.806
highest-temperature-in-hong-kong-on-june-5-2026,Hong Kong,2026-06-05,clean,2026-06-04 03:30:00+00:00,>24h,11,7,6,False,0.7495,-0.25049999999999994,1.901,1.693,0.04999999999999999,0.019000000000000003,1.658,True,0.684,0.8150000000000001
highest-temperature-in-hong-kong-on-june-5-2026,Hong Kong,2026-06-05,clean,2026-06-04 03:10:00+00:00,>24h,11,7,6,False,0.7495,-0.25049999999999994,4.557,1.5605,0.04999999999999999,0.013499999999999991,4.333,True,0.694,0.805
highest-temperature-in-hong-kong-on-june-5-2026,Hong Kong,2026-06-05,clean,2026-06-04 16:03:00+00:00,6-24h,11,7,7,False,0.7495,-0.25049999999999994,9594.267,0.036,0.030000000000000027,0.009999999999999995,9594.266,True,0.7050000000000001,0.7939999999999999
highest-temperature-in-hong-kong-on-june-5-2026,Hong Kong,2026-06-05,clean,2026-06-04 03:11:00+00:00,>24h,11,7,6,False,0.7495,-0.25049999999999994,2.404,1.4815,0.04999999999999999,0.013499999999999991,2.124,True,0.694,0.805
highest-temperature-in-hong-kong-on-june-5-2026,Hong Kong,2026-06-05,clean,2026-06-04 06:42:00+00:00,>24h,11,7,6,False,0.7495,-0.25049999999999994,4.936,3.737,0.04000000000000001,0.029499999999999985,4.779,True,0.68,0.819
highest-temperature-in-hong-kong-on-june-5-2026,Hong Kong,2026-06-05,clean,2026-06-04 06:43:00+00:00,>24h,11,7,6,False,0.7495,-0.25049999999999994,24.724,2.0359999999999996,0.04000000000000001,0.029499999999999985,24.46,True,0.68,0.819
highest-temperature-in-hong-kong-on-june-5-2026,Hong Kong,2026-06-05,clean,2026-06-04 20:12:00+00:00,6-24h,11,7,7,False,0.75,-0.25,24534.267,6.018,0.020000000000000004,0.009999999999999981,24529.261,True,0.718,0.7819999999999999
highest-temperature-in-hong-kong-on-june-5-2026,Hong Kong,2026-06-05,clean,2026-06-04 02:59:00+00:00,>24h,11,7,6,False,0.75,-0.25,2.513,0.7565000000000001,0.04000000000000001,0.01949999999999998,2.165,True,0.6930000000000001,0.8069999999999999
highest-temperature-in-kuala-lumpur-on-june-5-2026,Kuala Lumpur,2026-06-05,clean,2026-06-04 00:00:00+00:00,>24h,11,11,3,False,0.75,-0.25,11.892,7.262,0.16999999999999998,0.16999999999999998,10.536,False,0.56,0.9400000000000001
highest-temperature-in-hong-kong-on-june-5-2026,Hong Kong,2026-06-05,clean,2026-06-04 11:44:00+00:00,>24h,11,7,6,False,0.75,-0.25,2.981,2.5215,0.040000000000000036,0.009499999999999998,2.949,True,0.708,0.7919999999999999
highest-temperature-in-hong-kong-on-june-5-2026,Hong Kong,2026-06-05,clean,2026-06-04 02:58:00+00:00,>24h,11,7,6,False,0.75,-0.25,1.539,0.8840000000000001,0.04000000000000001,0.01949999999999998,1.524,True,0.6930000000000001,0.8069999999999999
highest-temperature-in-moscow-on-june-4-2026,Moscow,2026-06-04,clean,2026-06-04 11:37:00+00:00,<1h,11,11,11,True,1.2499999999999998,0.24999999999999978,35164.016,10949.137,0.38,0.002,35164.009,False,0.91,1.59
highest-temperature-in-moscow-on-june-4-2026,Moscow,2026-06-04,clean,2026-06-04 11:38:00+00:00,<1h,11,11,11,True,1.2499999999999998,0.24999999999999978,35224.016,11009.137,0.38,0.002,35222.121,False,0.91,1.59
highest-temperature-in-hong-kong-on-june-5-2026,Hong Kong,2026-06-05,clean,2026-06-04 10:35:00+00:00,>24h,11,7,6,False,0.7505,-0.24950000000000006,6.382,1.545,0.16999999999999998,0.03500000000000002,5.468,True,0.6029999999999999,0.898
highest-temperature-in-hong-kong-on-june-5-2026,Hong Kong,2026-06-05,clean,2026-06-04 06:26:00+00:00,>24h,11,7,6,False,0.7505,-0.24950000000000006,20.141,4.029,0.030000000000000027,0.00849999999999999,20.001,True,0.71,0.791
highest-temperature-in-hong-kong-on-june-5-2026,Hong Kong,2026-06-05,clean,2026-06-04 10:36:00+00:00,>24h,11,7,6,False,0.7505000000000001,-0.24949999999999994,1.408,0.78,0.15999999999999998,0.04000000000000002,1.236,True,0.6029999999999999,0.898
highest-temperature-in-hong-kong-on-june-5-2026,Hong Kong,2026-06-05,clean,2026-06-04 05:56:00+00:00,>24h,11,7,6,False,0.751,-0.249,24.69,1.1375,0.020000000000000018,0.012500000000000004,24.598,True,0.717,0.785
highest-temperature-in-hong-kong-on-june-5-2026,Hong Kong,2026-06-05,clean,2026-06-04 03:02:00+00:00,>24h,11,7,6,False,0.751,-0.249,4.523,1.7225000000000001,0.03,0.013999999999999988,4.209,True,0.705,0.797
highest-temperature-in-hong-kong-on-june-5-2026,Hong Kong,2026-06-05,clean,2026-06-04 05:57:00+00:00,>24h,11,7,6,False,0.751,-0.249,23.587,3.053,0.020000000000000018,0.012500000000000004,23.568,True,0.717,0.785
highest-temperature-in-hong-kong-on-june-5-2026,Hong Kong,2026-06-05,clean,2026-06-04 05:58:00+00:00,>24h,11,7,6,False,0.751,-0.249,24.539,5.709,0.020000000000000018,0.012500000000000004,23.137,True,0.717,0.785
highest-temperature-in-hong-kong-on-june-5-2026,Hong Kong,2026-06-05,clean,2026-06-04 05:55:00+00:00,>24h,11,7,6,False,0.751,-0.249,24.688,0.08,0.020000000000000018,0.012500000000000004,24.651,True,0.717,0.785
highest-temperature-in-hong-kong-on-june-5-2026,Hong Kong,2026-06-05,clean,2026-06-04 05:54:00+00:00,>24h,11,7,6,False,0.751,-0.249,14.812,7.6745,0.020000000000000018,0.012500000000000004,14.766,True,0.717,0.785
highest-temperature-in-moscow-on-june-4-2026,Moscow,2026-06-04,clean,2026-06-04 11:32:00+00:00,<1h,11,11,11,True,1.2489999999999999,0.2489999999999999,34864.016,10649.137,0.38,0.002,34860.074,False,0.908,1.59
highest-temperature-in-moscow-on-june-4-2026,Moscow,2026-06-04,clean,2026-06-04 11:39:00+00:00,<1h,11,11,11,True,1.2489999999999999,0.2489999999999999,35284.016,11069.137,0.38,0.002,35278.746,False,0.91,1.588
highest-temperature-in-hong-kong-on-june-5-2026,Hong Kong,2026-06-05,clean,2026-06-04 11:45:00+00:00,>24h,11,7,6,False,0.7515,-0.24850000000000005,0.946,0.9235,0.040000000000000036,0.008499999999999997,0.927,True,0.711,0.7919999999999999
highest-temperature-in-hong-kong-on-june-5-2026,Hong Kong,2026-06-05,clean,2026-06-05 06:17:00+00:00,1-6h,11,7,7,False,0.7515,-0.24850000000000005,60834.267,7860.92,0.07999999999999996,0.001,60834.096,True,0.687,0.8160000000000001
highest-temperature-in-hong-kong-on-june-5-2026,Hong Kong,2026-06-05,clean,2026-06-04 04:01:00+00:00,>24h,11,7,6,False,0.7515,-0.24850000000000005,3.652,0.3905,0.039999999999999994,0.017000000000000008,3.552,True,0.698,0.805
highest-temperature-in-hong-kong-on-june-5-2026,Hong Kong,2026-06-05,clean,2026-06-04 16:37:00+00:00,6-24h,11,7,7,False,0.7515000000000001,-0.24849999999999994,11634.267,5.498,0.020000000000000018,0.006999999999999999,11633.996,True,0.724,0.779
highest-temperature-in-hong-kong-on-june-5-2026,Hong Kong,2026-06-05,clean,2026-06-04 16:36:00+00:00,6-24h,11,7,7,False,0.7515000000000001,-0.24849999999999994,11574.267,1.071,0.020000000000000018,0.006999999999999999,11573.707,True,0.724,0.779
highest-temperature-in-hong-kong-on-june-5-2026,Hong Kong,2026-06-05,clean,2026-06-04 16:34:00+00:00,6-24h,11,7,7,False,0.7515000000000001,-0.24849999999999994,11454.267,21.112,0.020000000000000018,0.006999999999999999,11453.906,True,0.724,0.779
highest-temperature-in-hong-kong-on-june-5-2026,Hong Kong,2026-06-05,clean,2026-06-04 16:35:00+00:00,6-24h,11,7,7,False,0.7515000000000001,-0.24849999999999994,11514.267,6.742,0.020000000000000018,0.006999999999999999,11514.082,True,0.724,0.779
highest-temperature-in-hong-kong-on-june-5-2026,Hong Kong,2026-06-05,clean,2026-06-04 16:32:00+00:00,6-24h,11,7,7,False,0.7515000000000001,-0.24849999999999994,11334.267,0.29,0.020000000000000018,0.006999999999999999,11334.07,True,0.724,0.779
highest-temperature-in-hong-kong-on-june-5-2026,Hong Kong,2026-06-05,clean,2026-06-04 16:33:00+00:00,6-24h,11,7,7,False,0.7515000000000001,-0.24849999999999994,11394.267,52.587,0.020000000000000018,0.006999999999999999,11388.195,True,0.724,0.779
highest-temperature-in-hong-kong-on-june-5-2026,Hong Kong,2026-06-05,clean,2026-06-04 06:03:00+00:00,>24h,11,7,6,False,0.7515000000000001,-0.24849999999999994,1.632,0.7795,0.03,0.010000000000000009,1.5190000000000001,True,0.7180000000000001,0.785
highest-temperature-in-hong-kong-on-june-5-2026,Hong Kong,2026-06-05,clean,2026-06-04 12:24:00+00:00,6-24h,11,7,6,False,0.752,-0.248,1.478,0.23399999999999999,0.01999999999999999,0.010000000000000002,1.457,True,0.722,0.7819999999999999
highest-temperature-in-moscow-on-june-4-2026,Moscow,2026-06-04,clean,2026-06-04 11:07:00+00:00,<1h,11,11,11,True,1.248,0.248,33364.016,9149.137,0.38,0.002,33363.99,False,0.9500000000000001,1.546
highest-temperature-in-hong-kong-on-june-5-2026,Hong Kong,2026-06-05,clean,2026-06-04 06:05:00+00:00,>24h,11,7,6,False,0.752,-0.248,14.24,5.698,0.020000000000000004,0.011500000000000007,10.853,True,0.719,0.785
highest-temperature-in-moscow-on-june-4-2026,Moscow,2026-06-04,clean,2026-06-04 11:04:00+00:00,<1h,11,11,11,True,1.248,0.248,33184.016,8969.137,0.38,0.002,33183.914,False,0.9550000000000001,1.5410000000000001
highest-temperature-in-hong-kong-on-june-5-2026,Hong Kong,2026-06-05,clean,2026-06-04 12:25:00+00:00,6-24h,11,7,6,False,0.752,-0.248,23.251,8.8355,0.01999999999999999,0.010000000000000002,23.007,True,0.722,0.7819999999999999
highest-temperature-in-hong-kong-on-june-5-2026,Hong Kong,2026-06-05,clean,2026-06-04 12:08:00+00:00,6-24h,11,7,6,False,0.7520000000000001,-0.2479999999999999,0.771,0.41300000000000003,0.02999999999999997,0.012500000000000004,0.721,True,0.713,0.791
highest-temperature-in-hong-kong-on-june-5-2026,Hong Kong,2026-06-05,clean,2026-06-04 06:17:00+00:00,>24h,11,7,6,False,0.7525,-0.24750000000000005,24.889,0.171,0.03,0.01550000000000001,24.879,True,0.71,0.795
highest-temperature-in-hong-kong-on-june-5-2026,Hong Kong,2026-06-05,clean,2026-06-04 12:22:00+00:00,6-24h,11,7,6,False,0.7525,-0.24750000000000005,0.056,0.04,0.020000000000000004,0.008000000000000004,0.049,True,0.722,0.783
highest-temperature-in-moscow-on-june-4-2026,Moscow,2026-06-04,clean,2026-06-04 11:05:00+00:00,<1h,11,11,11,True,1.2475,0.24750000000000005,33244.016,9029.137,0.38,0.002,33243.97,False,0.9540000000000001,1.5410000000000001
highest-temperature-in-hong-kong-on-june-5-2026,Hong Kong,2026-06-05,clean,2026-06-04 15:10:00+00:00,6-24h,11,7,7,False,0.7525000000000001,-0.24749999999999994,6414.267,0.154,0.01999999999999999,0.006,6414.265,True,0.721,0.7839999999999999
highest-temperature-in-hong-kong-on-june-5-2026,Hong Kong,2026-06-05,clean,2026-06-04 11:30:00+00:00,>24h,11,7,6,False,0.7529999999999999,-0.2470000000000001,4.188,2.884,0.010000000000000009,0.006999999999999975,3.85,True,0.734,0.7719999999999999
highest-temperature-in-hong-kong-on-june-5-2026,Hong Kong,2026-06-05,clean,2026-06-05 06:13:00+00:00,1-6h,11,7,7,False,0.753,-0.247,60594.267,7620.92,0.04999999999999993,0.001,60594.25,True,0.7070000000000001,0.7989999999999999
highest-temperature-in-hong-kong-on-june-5-2026,Hong Kong,2026-06-05,clean,2026-06-04 17:02:00+00:00,6-24h,11,7,7,False,0.753,-0.247,13134.267,7.49,0.020000000000000004,0.006999999999999999,13131.876,True,0.726,0.7799999999999999
highest-temperature-in-hong-kong-on-june-5-2026,Hong Kong,2026-06-05,clean,2026-06-04 17:20:00+00:00,6-24h,11,7,7,False,0.753,-0.247,14214.267,10.213,0.020000000000000004,0.006,14214.02,True,0.723,0.783
highest-temperature-in-moscow-on-june-4-2026,Moscow,2026-06-04,clean,2026-06-04 11:36:00+00:00,<1h,11,11,11,True,1.2465000000000002,0.24650000000000016,35104.016,10889.137,0.38,0.002,35103.825,False,0.9,1.593
highest-temperature-in-hong-kong-on-june-5-2026,Hong Kong,2026-06-05,clean,2026-06-04 10:20:00+00:00,>24h,11,7,6,False,0.7535000000000001,-0.24649999999999994,14.659,1.181,0.06,0.01549999999999998,14.561,True,0.6960000000000001,0.8109999999999999
highest-temperature-in-hong-kong-on-june-5-2026,Hong Kong,2026-06-05,clean,2026-06-04 06:51:00+00:00,>24h,11,7,6,False,0.7535000000000001,-0.24649999999999994,0.363,0.0825,0.030000000000000027,0.026000000000000002,0.358,True,0.6930000000000001,0.8140000000000001
highest-temperature-in-hong-kong-on-june-5-2026,Hong Kong,2026-06-05,clean,2026-06-04 15:47:00+00:00,6-24h,11,7,7,False,0.7535000000000001,-0.24649999999999994,8634.267,0.118,0.020000000000000018,0.009999999999999995,8634.266,True,0.7150000000000001,0.7919999999999999
highest-temperature-in-hong-kong-on-june-5-2026,Hong Kong,2026-06-05,clean,2026-06-04 15:34:00+00:00,6-24h,11,7,7,False,0.7535000000000001,-0.24649999999999994,7854.267,5.668,0.030000000000000027,0.010000000000000009,7852.279,True,0.7030000000000001,0.804
highest-temperature-in-hong-kong-on-june-5-2026,Hong Kong,2026-06-05,clean,2026-06-04 15:33:00+00:00,6-24h,11,7,7,False,0.7535000000000001,-0.24649999999999994,7794.267,1.679,0.030000000000000027,0.010000000000000009,7794.247,True,0.7030000000000001,0.804
highest-temperature-in-hong-kong-on-june-5-2026,Hong Kong,2026-06-05,clean,2026-06-04 15:32:00+00:00,6-24h,11,7,7,False,0.7535000000000001,-0.24649999999999994,7734.267,5.387,0.030000000000000027,0.010000000000000009,7732.603,True,0.7030000000000001,0.804
highest-temperature-in-hong-kong-on-june-5-2026,Hong Kong,2026-06-05,clean,2026-06-04 15:31:00+00:00,6-24h,11,7,7,False,0.7535000000000001,-0.24649999999999994,7674.267,2.609,0.030000000000000027,0.010000000000000009,7672.946,True,0.7030000000000001,0.804
highest-temperature-in-hong-kong-on-june-5-2026,Hong Kong,2026-06-05,clean,2026-06-04 15:41:00+00:00,6-24h,11,7,7,False,0.7545,-0.24550000000000005,8274.267,9.182,0.030000000000000027,0.01999999999999999,8273.302,True,0.7050000000000001,0.8039999999999999
highest-temperature-in-hong-kong-on-june-5-2026,Hong Kong,2026-06-05,clean,2026-06-04 06:44:00+00:00,>24h,11,7,6,False,0.7545,-0.24550000000000005,0.8,0.266,0.04000000000000001,0.02449999999999998,0.544,True,0.6900000000000001,0.819
highest-temperature-in-austin-on-june-11-2026,Austin,2026-06-11,degraded,2026-06-10 01:56:00+00:00,>24h,11,11,11,True,1.2454999999999998,0.24549999999999983,59.075,6.373,0.15999999999999998,0.06999999999999999,58.957,False,0.8440000000000001,1.647
highest-temperature-in-hong-kong-on-june-5-2026,Hong Kong,2026-06-05,clean,2026-06-04 10:33:00+00:00,>24h,11,7,6,False,0.7549999999999999,-0.2450000000000001,4.91,2.3665000000000003,0.16,0.025000000000000022,4.634,True,0.622,0.888
highest-temperature-in-hong-kong-on-june-5-2026,Hong Kong,2026-06-05,clean,2026-06-04 10:34:00+00:00,>24h,11,7,6,False,0.7549999999999999,-0.2450000000000001,44.775,2.1635,0.16,0.025000000000000022,44.203,True,0.622,0.888
highest-temperature-in-chongqing-on-june-6-2026,Chongqing,2026-06-06,degraded,2026-06-05 04:46:00+00:00,>24h,11,11,8,False,1.245,0.2450000000000001,29.435,6.076499999999999,0.37,0.18000000000000002,28.474,False,0.46,2.0300000000000002
highest-temperature-in-moscow-on-june-4-2026,Moscow,2026-06-04,clean,2026-06-04 10:56:00+00:00,1-6h,11,11,11,True,1.245,0.2450000000000001,32704.016,8489.137,0.38,0.002,32703.841,False,0.905,1.5850000000000002
highest-temperature-in-hong-kong-on-june-5-2026,Hong Kong,2026-06-05,clean,2026-06-04 15:40:00+00:00,6-24h,11,7,7,False,0.755,-0.245,8214.267,6.877,0.022000000000000002,0.009999999999999981,8213.88,True,0.7150000000000001,0.795
highest-temperature-in-hong-kong-on-june-5-2026,Hong Kong,2026-06-05,clean,2026-06-04 11:43:00+00:00,>24h,11,7,6,False,0.755,-0.245,0.086,0.0805,0.04999999999999999,0.01450000000000001,0.036,True,0.698,0.8119999999999999
highest-temperature-in-hong-kong-on-june-5-2026,Hong Kong,2026-06-05,clean,2026-06-04 03:17:00+00:00,>24h,11,7,6,False,0.755,-0.245,1.045,0.722,0.03999999999999998,0.01299999999999999,1.029,True,0.705,0.805
highest-temperature-in-austin-on-june-11-2026,Austin,2026-06-11,degraded,2026-06-10 01:57:00+00:00,>24h,11,11,11,True,1.2449999999999999,0.24499999999999988,25.999,25.993,0.15999999999999998,0.06999999999999999,22.049,False,0.8440000000000001,1.646
highest-temperature-in-hong-kong-on-june-5-2026,Hong Kong,2026-06-05,clean,2026-06-04 06:46:00+00:00,>24h,11,7,6,False,0.7550000000000001,-0.24499999999999988,0.104,0.0595,0.030000000000000027,0.027000000000000003,0.104,True,0.6940000000000001,0.8160000000000001
highest-temperature-in-hong-kong-on-june-5-2026,Hong Kong,2026-06-05,clean,2026-06-04 03:56:00+00:00,>24h,11,7,6,False,0.7555,-0.24450000000000005,11.715,6.378500000000001,0.039999999999999994,0.012000000000000004,8.675,True,0.707,0.8039999999999999
highest-temperature-in-hong-kong-on-june-5-2026,Hong Kong,2026-06-05,clean,2026-06-04 03:57:00+00:00,>24h,11,7,6,False,0.7555,-0.24450000000000005,5.028,3.2215000000000003,0.039999999999999994,0.012000000000000004,4.7059999999999995,True,0.707,0.8039999999999999
highest-temperature-in-hong-kong-on-june-5-2026,Hong Kong,2026-06-05,clean,2026-06-04 03:51:00+00:00,>24h,11,7,6,False,0.7555,-0.24450000000000005,3.888,1.529,0.050000000000000044,0.017000000000000008,3.108,True,0.697,0.814
highest-temperature-in-hong-kong-on-june-5-2026,Hong Kong,2026-06-05,clean,2026-06-04 03:55:00+00:00,>24h,11,7,6,False,0.7555,-0.24450000000000005,32.438,9.2685,0.039999999999999994,0.012000000000000004,31.86,True,0.707,0.8039999999999999
highest-temperature-in-hong-kong-on-june-5-2026,Hong Kong,2026-06-05,clean,2026-06-04 03:58:00+00:00,>24h,11,7,6,False,0.7555,-0.24450000000000005,64.49,0.33499999999999996,0.039999999999999994,0.012000000000000004,64.462,True,0.707,0.8039999999999999
highest-temperature-in-hong-kong-on-june-5-2026,Hong Kong,2026-06-05,clean,2026-06-04 03:52:00+00:00,>24h,11,7,6,False,0.7555,-0.24450000000000005,6.33,4.7075,0.050000000000000044,0.017000000000000008,6.33,True,0.697,0.814
highest-temperature-in-hong-kong-on-june-5-2026,Hong Kong,2026-06-05,clean,2026-06-04 03:54:00+00:00,>24h,11,7,6,False,0.7555,-0.24450000000000005,4.762,0.758,0.039999999999999994,0.012000000000000004,4.48,True,0.707,0.8039999999999999
highest-temperature-in-hong-kong-on-june-5-2026,Hong Kong,2026-06-05,clean,2026-06-04 03:53:00+00:00,>24h,11,7,6,False,0.7555,-0.24450000000000005,11.231,2.3369999999999997,0.039999999999999994,0.012000000000000004,9.934,True,0.707,0.8039999999999999
highest-temperature-in-hong-kong-on-june-5-2026,Hong Kong,2026-06-05,clean,2026-06-04 03:15:00+00:00,>24h,11,7,6,False,0.7555000000000001,-0.24449999999999994,3.479,2.2005,0.03999999999999998,0.01299999999999999,3.337,True,0.706,0.805
highest-temperature-in-hong-kong-on-june-5-2026,Hong Kong,2026-06-05,clean,2026-06-04 03:16:00+00:00,>24h,11,7,6,False,0.7555000000000001,-0.24449999999999994,5.991,2.8125,0.03999999999999998,0.01299999999999999,5.608,True,0.706,0.805
highest-temperature-in-hong-kong-on-june-5-2026,Hong Kong,2026-06-05,clean,2026-06-04 06:27:00+00:00,>24h,11,7,6,False,0.7555000000000001,-0.24449999999999994,10.746,2.9339999999999997,0.03,0.00849999999999999,10.573,True,0.72,0.791
highest-temperature-in-hong-kong-on-june-5-2026,Hong Kong,2026-06-05,clean,2026-06-04 06:45:00+00:00,>24h,11,7,6,False,0.756,-0.244,2.091,0.1825,0.030000000000000027,0.027999999999999997,2.061,True,0.6940000000000001,0.8180000000000001
highest-temperature-in-hong-kong-on-june-5-2026,Hong Kong,2026-06-05,clean,2026-06-04 04:05:00+00:00,>24h,11,7,6,False,0.756,-0.244,2.88,2.585,0.06,0.01149999999999999,2.638,True,0.698,0.814
highest-temperature-in-hong-kong-on-june-5-2026,Hong Kong,2026-06-05,clean,2026-06-04 16:42:00+00:00,6-24h,11,7,7,False,0.7565,-0.24350000000000005,11934.267,0.046,0.03,0.006999999999999999,11934.244,True,0.724,0.789
highest-temperature-in-moscow-on-june-4-2026,Moscow,2026-06-04,clean,2026-06-04 11:41:00+00:00,<1h,11,11,11,True,1.2435,0.24350000000000005,35404.016,11189.137,0.38,0.002,35403.823,False,0.9,1.5870000000000002
highest-temperature-in-hong-kong-on-june-5-2026,Hong Kong,2026-06-05,clean,2026-06-04 06:04:00+00:00,>24h,11,7,6,False,0.7565000000000001,-0.24349999999999994,4.5,0.651,0.03,0.012000000000000004,4.232,True,0.7180000000000001,0.795
highest-temperature-in-hong-kong-on-june-5-2026,Hong Kong,2026-06-05,clean,2026-06-04 18:52:00+00:00,6-24h,11,7,7,False,0.7565000000000001,-0.24349999999999994,19734.267,1.938,0.020000000000000018,0.002,19732.364,True,0.734,0.779
highest-temperature-in-moscow-on-june-4-2026,Moscow,2026-06-04,clean,2026-06-04 10:45:00+00:00,1-6h,11,11,11,True,1.2434999999999998,0.24349999999999983,32044.016,7829.137,0.38,0.002,32044.003,False,0.8790000000000001,1.608
highest-temperature-in-hong-kong-on-june-5-2026,Hong Kong,2026-06-05,clean,2026-06-04 12:28:00+00:00,6-24h,11,7,6,False,0.7569999999999999,-0.2430000000000001,11.244,2.3770000000000002,0.03,0.010000000000000002,11.149,True,0.722,0.7919999999999999
highest-temperature-in-hong-kong-on-june-5-2026,Hong Kong,2026-06-05,clean,2026-06-04 12:26:00+00:00,6-24h,11,7,6,False,0.7569999999999999,-0.2430000000000001,17.332,2.685,0.03,0.010000000000000002,17.321,True,0.722,0.7919999999999999
highest-temperature-in-hong-kong-on-june-5-2026,Hong Kong,2026-06-05,clean,2026-06-04 12:27:00+00:00,6-24h,11,7,6,False,0.7569999999999999,-0.2430000000000001,49.331,5.666,0.03,0.010000000000000002,49.196,True,0.722,0.7919999999999999
highest-temperature-in-hong-kong-on-june-5-2026,Hong Kong,2026-06-05,clean,2026-06-04 12:06:00+00:00,6-24h,11,7,6,False,0.757,-0.243,10.522,1.3695,0.03999999999999998,0.01750000000000001,9.551,True,0.703,0.811
highest-temperature-in-hong-kong-on-june-5-2026,Hong Kong,2026-06-05,clean,2026-06-05 06:20:00+00:00,1-6h,11,7,7,False,0.757,-0.243,61014.267,8040.92,0.020000000000000018,0.001,61009.179,True,0.742,0.772
highest-temperature-in-hong-kong-on-june-5-2026,Hong Kong,2026-06-05,clean,2026-06-04 06:16:00+00:00,>24h,11,7,6,False,0.7575,-0.24250000000000005,8.258,0.486,0.040000000000000036,0.010500000000000006,8.157,True,0.71,0.805
highest-temperature-in-hong-kong-on-june-5-2026,Hong Kong,2026-06-05,clean,2026-06-04 06:15:00+00:00,>24h,11,7,6,False,0.7575,-0.24250000000000005,19.976,0.2905,0.040000000000000036,0.01550000000000001,19.884,True,0.7,0.8150000000000001
highest-temperature-in-hong-kong-on-june-5-2026,Hong Kong,2026-06-05,clean,2026-06-04 12:21:00+00:00,6-24h,11,7,6,False,0.7575,-0.24250000000000005,1.384,0.039,0.020000000000000018,0.012999999999999994,1.3559999999999999,True,0.722,0.793
highest-temperature-in-hong-kong-on-june-5-2026,Hong Kong,2026-06-05,clean,2026-06-04 17:00:00+00:00,6-24h,11,7,7,False,0.7575000000000001,-0.24249999999999994,13014.267,15.941,0.009999999999999995,0.005999999999999998,13011.872,True,0.736,0.779
highest-temperature-in-hong-kong-on-june-5-2026,Hong Kong,2026-06-05,clean,2026-06-04 12:19:00+00:00,6-24h,11,7,6,False,0.7579999999999999,-0.2420000000000001,2.063,1.061,0.020000000000000018,0.013499999999999995,2.036,True,0.722,0.7939999999999999
highest-temperature-in-hong-kong-on-june-5-2026,Hong Kong,2026-06-05,clean,2026-06-04 12:20:00+00:00,6-24h,11,7,6,False,0.7579999999999999,-0.2420000000000001,23.389,12.954999999999998,0.020000000000000018,0.013499999999999995,23.343,True,0.722,0.7939999999999999
highest-temperature-in-hong-kong-on-june-5-2026,Hong Kong,2026-06-05,clean,2026-06-04 16:06:00+00:00,6-24h,11,7,7,False,0.758,-0.242,9774.267,0.902,0.028,0.009999999999999995,9774.161,True,0.7250000000000001,0.791
highest-temperature-in-hong-kong-on-june-5-2026,Hong Kong,2026-06-05,clean,2026-06-04 16:07:00+00:00,6-24h,11,7,7,False,0.758,-0.242,9834.267,1.554,0.028,0.009999999999999995,9833.734,True,0.7250000000000001,0.791
highest-temperature-in-hong-kong-on-june-5-2026,Hong Kong,2026-06-05,clean,2026-06-04 17:01:00+00:00,6-24h,11,7,7,False,0.758,-0.242,13074.267,3.854,0.009999999999999995,0.006999999999999999,13074.192,True,0.736,0.7799999999999999
highest-temperature-in-hong-kong-on-june-5-2026,Hong Kong,2026-06-05,clean,2026-06-04 17:19:00+00:00,6-24h,11,7,7,False,0.758,-0.242,14154.267,11.425,0.02999999999999997,0.006,14150.423,True,0.723,0.793
highest-temperature-in-hong-kong-on-june-5-2026,Hong Kong,2026-06-05,clean,2026-06-04 12:17:00+00:00,6-24h,11,7,6,False,0.758,-0.242,21.477,1.9765,0.02999999999999997,0.008500000000000004,21.154,True,0.7220000000000001,0.7939999999999999
highest-temperature-in-hong-kong-on-june-5-2026,Hong Kong,2026-06-05,clean,2026-06-04 12:18:00+00:00,6-24h,11,7,6,False,0.758,-0.242,8.831,1.513,0.020000000000000018,0.008500000000000004,8.728,True,0.732,0.784
highest-temperature-in-hong-kong-on-june-5-2026,Hong Kong,2026-06-05,clean,2026-06-04 16:23:00+00:00,6-24h,11,7,7,False,0.758,-0.242,10794.267,1.683,0.030000000000000027,0.010000000000000009,10793.662,True,0.714,0.8019999999999999
highest-temperature-in-hong-kong-on-june-5-2026,Hong Kong,2026-06-05,clean,2026-06-04 16:22:00+00:00,6-24h,11,7,7,False,0.758,-0.242,10734.267,8.244,0.030000000000000027,0.010000000000000009,10733.471,True,0.714,0.8019999999999999
highest-temperature-in-hong-kong-on-june-5-2026,Hong Kong,2026-06-05,clean,2026-06-04 16:16:00+00:00,6-24h,11,7,7,False,0.7585,-0.24150000000000005,10374.267,6.669,0.030000000000000027,0.009000000000000001,10374.172,True,0.7250000000000001,0.792
highest-temperature-in-hong-kong-on-june-5-2026,Hong Kong,2026-06-05,clean,2026-06-04 16:15:00+00:00,6-24h,11,7,7,False,0.7585,-0.24150000000000005,10314.267,0.653,0.030000000000000027,0.009000000000000001,10313.763,True,0.7250000000000001,0.792
highest-temperature-in-hong-kong-on-june-5-2026,Hong Kong,2026-06-05,clean,2026-06-04 15:26:00+00:00,6-24h,11,7,7,False,0.7585,-0.24150000000000005,7374.267,11.708,0.020000000000000018,0.010000000000000009,7373.771,True,0.722,0.7950000000000002
highest-temperature-in-hong-kong-on-june-5-2026,Hong Kong,2026-06-05,clean,2026-06-04 10:21:00+00:00,>24h,11,7,6,False,0.7585000000000001,-0.24149999999999994,15.178,7.453,0.04999999999999999,0.01549999999999998,13.681000000000001,True,0.7060000000000001,0.8109999999999999
highest-temperature-in-hong-kong-on-june-5-2026,Hong Kong,2026-06-05,clean,2026-06-04 18:08:00+00:00,6-24h,11,7,7,False,0.7589999999999999,-0.2410000000000001,17094.267,3.108,0.020000000000000018,0.008,17093.994,True,0.7330000000000001,0.7850000000000001
highest-temperature-in-sao-paulo-on-june-5-2026,Sao Paulo,2026-06-05,clean,2026-06-04 00:00:00+00:00,>24h,11,11,4,False,0.759,-0.241,15.158,10.879,0.428,0.21000000000000002,12.693,False,0.28,1.238
highest-temperature-in-hong-kong-on-june-5-2026,Hong Kong,2026-06-05,clean,2026-06-04 03:39:00+00:00,>24h,11,7,6,False,0.759,-0.241,15.126,0.931,0.07999999999999999,0.018500000000000003,14.887,True,0.6739999999999999,0.844
highest-temperature-in-hong-kong-on-june-5-2026,Hong Kong,2026-06-05,clean,2026-06-04 11:29:00+00:00,>24h,11,7,6,False,0.759,-0.241,7.235,1.1365,0.020000000000000004,0.007999999999999976,7.203,True,0.734,0.7839999999999999
highest-temperature-in-moscow-on-june-4-2026,Moscow,2026-06-04,clean,2026-06-04 11:48:00+00:00,<1h,11,11,11,True,1.2409999999999999,0.24099999999999988,35824.016,11609.137,0.38,0.002,35818.345,False,0.93,1.5520000000000003
highest-temperature-in-hong-kong-on-june-5-2026,Hong Kong,2026-06-05,clean,2026-06-04 15:39:00+00:00,6-24h,11,7,7,False,0.7595,-0.24050000000000005,8154.267,17.645,0.023,0.01999999999999999,8153.407,True,0.714,0.805
highest-temperature-in-hong-kong-on-june-5-2026,Hong Kong,2026-06-05,clean,2026-06-04 03:35:00+00:00,>24h,11,7,6,False,0.7595,-0.24050000000000005,0.782,0.143,0.040000000000000036,0.019000000000000003,0.715,True,0.704,0.8150000000000001
highest-temperature-in-hong-kong-on-june-5-2026,Hong Kong,2026-06-05,clean,2026-06-04 03:31:00+00:00,>24h,11,7,6,False,0.7595,-0.24050000000000005,9.526,5.4375,0.050000000000000044,0.019000000000000003,9.316,True,0.694,0.8250000000000001
highest-temperature-in-toronto-on-june-7-2026,Toronto,2026-06-07,degraded,2026-06-06 23:01:00+00:00,6-24h,11,11,5,False,0.7595000000000001,-0.24049999999999994,25.686,4.827,0.17,0.07999999999999999,21.085,False,0.542,0.9770000000000001
highest-temperature-in-hong-kong-on-june-5-2026,Hong Kong,2026-06-05,clean,2026-06-04 10:30:00+00:00,>24h,11,7,6,False,0.7595000000000001,-0.24049999999999994,9.67,0.673,0.15,0.045000000000000026,9.537,True,0.6109999999999999,0.908
highest-temperature-in-manila-on-june-11-2026,Manila,2026-06-11,degraded,2026-06-09 04:46:00+00:00,>24h,11,11,11,True,1.2404999999999997,0.24049999999999971,54.001,27.155,0.22999999999999998,0.11000000000000001,51.001,False,0.6350000000000001,1.8459999999999999
highest-temperature-in-hong-kong-on-june-5-2026,Hong Kong,2026-06-05,clean,2026-06-05 06:16:00+00:00,1-6h,11,7,7,False,0.76,-0.24,60774.267,7800.92,0.06999999999999995,0.001,60773.78,True,0.7150000000000001,0.8049999999999999
highest-temperature-in-hong-kong-on-june-5-2026,Hong Kong,2026-06-05,clean,2026-06-04 10:32:00+00:00,>24h,11,7,6,False,0.76,-0.24,0.781,0.399,0.16,0.030000000000000027,0.603,True,0.622,0.898
highest-temperature-in-hong-kong-on-june-5-2026,Hong Kong,2026-06-05,clean,2026-06-04 17:05:00+00:00,6-24h,11,7,7,False,0.76,-0.24,13314.267,0.07,0.030000000000000027,0.004,13314.241,True,0.726,0.7939999999999999
highest-temperature-in-karachi-on-june-11-2026,Karachi,2026-06-11,degraded,2026-06-09 05:27:00+00:00,>24h,11,11,4,False,0.7600000000000001,-0.23999999999999988,29.854,25.671,0.63,0.125,23.96,False,0.31,1.21
highest-temperature-in-hong-kong-on-june-5-2026,Hong Kong,2026-06-05,clean,2026-06-04 11:13:00+00:00,>24h,11,7,6,False,0.7605,-0.23950000000000005,0.967,0.6659999999999999,0.03,0.012499999999999976,0.929,True,0.7210000000000001,0.7999999999999999
highest-temperature-in-hong-kong-on-june-5-2026,Hong Kong,2026-06-05,clean,2026-06-04 15:38:00+00:00,6-24h,11,7,7,False,0.7605,-0.23950000000000005,8094.267,5.094,0.025,0.01999999999999999,8093.758,True,0.714,0.807
highest-temperature-in-hong-kong-on-june-5-2026,Hong Kong,2026-06-05,clean,2026-06-04 18:04:00+00:00,6-24h,11,7,7,False,0.7605,-0.23950000000000005,16854.267,0.569,0.020000000000000018,0.010000000000000009,16854.007,True,0.7330000000000001,0.788
highest-temperature-in-hong-kong-on-june-5-2026,Hong Kong,2026-06-05,clean,2026-06-04 16:31:00+00:00,6-24h,11,7,7,False,0.7615,-0.23850000000000005,11274.267,31.37,0.020000000000000018,0.006999999999999999,11268.636,True,0.7339999999999999,0.789
highest-temperature-in-hong-kong-on-june-5-2026,Hong Kong,2026-06-05,clean,2026-06-04 18:49:00+00:00,6-24h,11,7,7,False,0.7615,-0.23850000000000005,19554.267,15.537,0.030000000000000027,0.002,19552.544,True,0.734,0.789
highest-temperature-in-hong-kong-on-june-5-2026,Hong Kong,2026-06-05,clean,2026-06-04 15:36:00+00:00,6-24h,11,7,7,False,0.7615,-0.23850000000000005,7974.267,8.976,0.030000000000000027,0.01999999999999999,7973.981,True,0.704,0.8190000000000001
highest-temperature-in-hong-kong-on-june-5-2026,Hong Kong,2026-06-05,clean,2026-06-04 16:30:00+00:00,6-24h,11,7,7,False,0.7615,-0.23850000000000005,11214.267,17.048,0.020000000000000018,0.006999999999999999,11214.101,True,0.7339999999999999,0.789
highest-temperature-in-moscow-on-june-4-2026,Moscow,2026-06-04,clean,2026-06-04 11:35:00+00:00,<1h,11,11,11,True,1.2385,0.23849999999999993,35044.016,10829.137,0.38,0.002,35041.365,False,0.88,1.5970000000000002
highest-temperature-in-hong-kong-on-june-5-2026,Hong Kong,2026-06-05,clean,2026-06-04 11:25:00+00:00,>24h,11,7,6,False,0.7619999999999999,-0.2380000000000001,5.517,0.2185,0.04000000000000001,0.01649999999999998,5.48,True,0.714,0.8099999999999999
highest-temperature-in-hong-kong-on-june-5-2026,Hong Kong,2026-06-05,clean,2026-06-04 11:26:00+00:00,>24h,11,7,6,False,0.7619999999999999,-0.2380000000000001,40.561,0.7985,0.04000000000000001,0.01649999999999998,40.4,True,0.714,0.8099999999999999
highest-temperature-in-hong-kong-on-june-5-2026,Hong Kong,2026-06-05,clean,2026-06-04 12:52:00+00:00,6-24h,11,7,6,False,0.762,-0.238,0.797,0.5814999999999999,0.030000000000000027,0.010000000000000002,0.312,True,0.728,0.7959999999999999
highest-temperature-in-moscow-on-june-4-2026,Moscow,2026-06-04,clean,2026-06-04 10:41:00+00:00,1-6h,11,11,11,True,1.238,0.238,31804.016,7589.137,0.38,0.002,31804.016,False,0.942,1.534
highest-temperature-in-hong-kong-on-june-5-2026,Hong Kong,2026-06-05,clean,2026-06-04 12:29:00+00:00,6-24h,11,7,6,False,0.762,-0.238,5.499,1.3545,0.01999999999999999,0.010000000000000002,5.442,True,0.732,0.7919999999999999
highest-temperature-in-hong-kong-on-june-5-2026,Hong Kong,2026-06-05,clean,2026-06-04 12:53:00+00:00,6-24h,11,7,6,False,0.762,-0.238,7.335,0.6765,0.030000000000000027,0.010000000000000002,7.087,True,0.728,0.7959999999999999
highest-temperature-in-hong-kong-on-june-5-2026,Hong Kong,2026-06-05,clean,2026-06-05 06:29:00+00:00,1-6h,11,7,7,False,0.7625,-0.23750000000000004,61554.267,8580.92,0.027000000000000003,0.001,61554.263,True,0.7360000000000001,0.7889999999999999
highest-temperature-in-hong-kong-on-june-5-2026,Hong Kong,2026-06-05,clean,2026-06-04 11:37:00+00:00,>24h,11,7,6,False,0.7629999999999999,-0.2370000000000001,10.81,0.259,0.03,0.012000000000000007,10.792,True,0.724,0.8019999999999999
highest-temperature-in-hong-kong-on-june-5-2026,Hong Kong,2026-06-05,clean,2026-06-04 11:35:00+00:00,>24h,11,7,6,False,0.7629999999999999,-0.2370000000000001,35.24,1.4,0.039999999999999994,0.016999999999999998,35.229,True,0.704,0.822
highest-temperature-in-hong-kong-on-june-5-2026,Hong Kong,2026-06-05,clean,2026-06-04 11:34:00+00:00,>24h,11,7,6,False,0.7629999999999999,-0.2370000000000001,18.591,0.5275,0.04000000000000001,0.016999999999999998,18.51,True,0.704,0.822
highest-temperature-in-hong-kong-on-june-5-2026,Hong Kong,2026-06-05,clean,2026-06-04 11:38:00+00:00,>24h,11,7,6,False,0.7629999999999999,-0.2370000000000001,4.49,0.9630000000000001,0.03,0.012000000000000007,4.437,True,0.724,0.8019999999999999
highest-temperature-in-hong-kong-on-june-5-2026,Hong Kong,2026-06-05,clean,2026-06-04 11:33:00+00:00,>24h,11,7,6,False,0.7629999999999999,-0.2370000000000001,2.617,0.8180000000000001,0.04999999999999999,0.021999999999999995,2.565,True,0.694,0.832
highest-temperature-in-hong-kong-on-june-5-2026,Hong Kong,2026-06-05,clean,2026-06-04 11:32:00+00:00,>24h,11,7,6,False,0.7629999999999999,-0.2370000000000001,24.1,1.991,0.04999999999999999,0.021999999999999995,23.24,True,0.694,0.832
highest-temperature-in-hong-kong-on-june-5-2026,Hong Kong,2026-06-05,clean,2026-06-04 17:18:00+00:00,6-24h,11,7,7,False,0.763,-0.237,14094.267,11.682,0.02999999999999997,0.006,14093.181,True,0.733,0.793
highest-temperature-in-moscow-on-june-4-2026,Moscow,2026-06-04,clean,2026-06-04 10:39:00+00:00,1-6h,11,11,11,True,1.2369999999999999,0.23699999999999988,31684.016,7469.137,0.38,0.002,31683.97,False,0.918,1.556
highest-temperature-in-moscow-on-june-4-2026,Moscow,2026-06-04,clean,2026-06-04 10:38:00+00:00,1-6h,11,11,11,True,1.2365000000000002,0.23650000000000015,31624.016,7409.137,0.38,0.002,31624.015,False,0.947,1.526
highest-temperature-in-hong-kong-on-june-5-2026,Hong Kong,2026-06-05,clean,2026-06-04 06:38:00+00:00,>24h,11,7,6,False,0.764,-0.236,7.98,3.2105,0.05,0.03249999999999999,7.846,True,0.682,0.8459999999999999
highest-temperature-in-hong-kong-on-june-5-2026,Hong Kong,2026-06-05,clean,2026-06-04 13:40:00+00:00,6-24h,11,7,7,False,0.764,-0.236,1014.267,0.188,0.030000000000000027,0.009999999999999981,1014.118,True,0.7170000000000001,0.811
highest-temperature-in-hong-kong-on-june-5-2026,Hong Kong,2026-06-05,clean,2026-06-04 13:39:00+00:00,6-24h,11,7,7,False,0.764,-0.236,954.267,0.312,0.030000000000000027,0.009999999999999981,954.187,True,0.7170000000000001,0.811
highest-temperature-in-hong-kong-on-june-5-2026,Hong Kong,2026-06-05,clean,2026-06-04 18:07:00+00:00,6-24h,11,7,7,False,0.764,-0.236,17034.267,5.607,0.010000000000000009,0.008,17031.358,True,0.7430000000000001,0.7850000000000001
highest-temperature-in-hong-kong-on-june-5-2026,Hong Kong,2026-06-05,clean,2026-06-04 18:10:00+00:00,6-24h,11,7,7,False,0.7645,-0.23550000000000004,17214.267,13.417,0.010000000000000009,0.006999999999999999,17201.029,True,0.744,0.7850000000000001
highest-temperature-in-hong-kong-on-june-5-2026,Hong Kong,2026-06-05,clean,2026-06-04 18:09:00+00:00,6-24h,11,7,7,False,0.7645,-0.23550000000000004,17154.267,24.84,0.010000000000000009,0.006999999999999999,17140.274,True,0.744,0.7850000000000001
highest-temperature-in-hong-kong-on-june-5-2026,Hong Kong,2026-06-05,clean,2026-06-04 03:12:00+00:00,>24h,11,7,6,False,0.7645,-0.23550000000000004,0.774,0.197,0.040000000000000036,0.013499999999999991,0.715,True,0.714,0.8150000000000001
highest-temperature-in-hong-kong-on-june-5-2026,Hong Kong,2026-06-05,clean,2026-06-04 18:12:00+00:00,6-24h,11,7,7,False,0.7645,-0.23550000000000004,17334.267,22.758,0.010000000000000009,0.006999999999999999,17331.694,True,0.744,0.7850000000000001
highest-temperature-in-hong-kong-on-june-5-2026,Hong Kong,2026-06-05,clean,2026-06-04 03:14:00+00:00,>24h,11,7,6,False,0.7645,-0.23550000000000004,21.041,7.978999999999999,0.040000000000000036,0.013499999999999991,19.557,True,0.714,0.8150000000000001
highest-temperature-in-hong-kong-on-june-5-2026,Hong Kong,2026-06-05,clean,2026-06-04 03:13:00+00:00,>24h,11,7,6,False,0.7645,-0.23550000000000004,0.319,0.319,0.040000000000000036,0.013499999999999991,0.0,True,0.714,0.8150000000000001
highest-temperature-in-hong-kong-on-june-5-2026,Hong Kong,2026-06-05,clean,2026-06-04 18:17:00+00:00,6-24h,11,7,7,False,0.7645,-0.23550000000000004,17634.267,0.457,0.010000000000000009,0.006999999999999999,17634.243,True,0.744,0.7850000000000001
highest-temperature-in-hong-kong-on-june-5-2026,Hong Kong,2026-06-05,clean,2026-06-04 03:34:00+00:00,>24h,11,7,6,False,0.7645,-0.23550000000000004,0.58,0.1725,0.040000000000000036,0.019000000000000003,0.493,True,0.704,0.8250000000000001
highest-temperature-in-hong-kong-on-june-5-2026,Hong Kong,2026-06-05,clean,2026-06-04 18:11:00+00:00,6-24h,11,7,7,False,0.7645,-0.23550000000000004,17274.267,20.478,0.010000000000000009,0.006999999999999999,17267.59,True,0.744,0.7850000000000001
highest-temperature-in-hong-kong-on-june-5-2026,Hong Kong,2026-06-05,clean,2026-06-04 18:13:00+00:00,6-24h,11,7,7,False,0.7645,-0.23550000000000004,17394.267,33.396,0.010000000000000009,0.006999999999999999,17390.374,True,0.744,0.7850000000000001
highest-temperature-in-hong-kong-on-june-5-2026,Hong Kong,2026-06-05,clean,2026-06-04 03:33:00+00:00,>24h,11,7,6,False,0.7645,-0.23550000000000004,0.106,0.097,0.040000000000000036,0.019000000000000003,0.017,True,0.704,0.8250000000000001
highest-temperature-in-hong-kong-on-june-5-2026,Hong Kong,2026-06-05,clean,2026-06-04 03:32:00+00:00,>24h,11,7,6,False,0.7645,-0.23550000000000004,8.196,4.4990000000000006,0.050000000000000044,0.023999999999999994,7.951,True,0.694,0.8350000000000001
highest-temperature-in-hong-kong-on-june-5-2026,Hong Kong,2026-06-05,clean,2026-06-04 18:16:00+00:00,6-24h,11,7,7,False,0.7645,-0.23550000000000004,17574.267,3.789,0.010000000000000009,0.006999999999999999,17570.803,True,0.744,0.7850000000000001
highest-temperature-in-hong-kong-on-june-5-2026,Hong Kong,2026-06-05,clean,2026-06-04 18:15:00+00:00,6-24h,11,7,7,False,0.7645,-0.23550000000000004,17514.267,0.615,0.010000000000000009,0.006999999999999999,17513.664,True,0.744,0.7850000000000001
highest-temperature-in-hong-kong-on-june-5-2026,Hong Kong,2026-06-05,clean,2026-06-04 18:14:00+00:00,6-24h,11,7,7,False,0.7645,-0.23550000000000004,17454.267,5.062,0.010000000000000009,0.006999999999999999,17453.201,True,0.744,0.7850000000000001
highest-temperature-in-hong-kong-on-june-5-2026,Hong Kong,2026-06-05,clean,2026-06-04 18:20:00+00:00,6-24h,11,7,7,False,0.7645000000000001,-0.23549999999999993,17814.267,13.895,0.020000000000000018,0.006999999999999999,17812.449,True,0.734,0.7950000000000002
highest-temperature-in-hong-kong-on-june-5-2026,Hong Kong,2026-06-05,clean,2026-06-04 18:19:00+00:00,6-24h,11,7,7,False,0.7645000000000001,-0.23549999999999993,17754.267,5.472,0.020000000000000018,0.006999999999999999,17751.594,True,0.734,0.7950000000000002
highest-temperature-in-hong-kong-on-june-5-2026,Hong Kong,2026-06-05,clean,2026-06-04 17:07:00+00:00,6-24h,11,7,7,False,0.765,-0.235,13434.267,12.43,0.020000000000000018,0.004,13433.328,True,0.736,0.7939999999999999
highest-temperature-in-hong-kong-on-june-5-2026,Hong Kong,2026-06-05,clean,2026-06-05 06:19:00+00:00,1-6h,11,7,7,False,0.765,-0.235,60954.267,7980.92,0.07000000000000006,0.001,60954.121,True,0.718,0.812
highest-temperature-in-hong-kong-on-june-5-2026,Hong Kong,2026-06-05,clean,2026-06-04 13:44:00+00:00,6-24h,11,7,7,False,0.765,-0.235,1254.267,14.141,0.025,0.009999999999999981,1252.342,True,0.727,0.803
highest-temperature-in-hong-kong-on-june-5-2026,Hong Kong,2026-06-05,clean,2026-06-04 17:06:00+00:00,6-24h,11,7,7,False,0.765,-0.235,13374.267,7.207,0.020000000000000018,0.004,13370.472,True,0.736,0.7939999999999999
highest-temperature-in-hong-kong-on-june-5-2026,Hong Kong,2026-06-05,clean,2026-06-04 10:31:00+00:00,>24h,11,7,6,False,0.7650000000000001,-0.23499999999999988,26.377,1.516,0.15,0.03150000000000001,26.083,True,0.622,0.9079999999999999
highest-temperature-in-chongqing-on-june-6-2026,Chongqing,2026-06-06,degraded,2026-06-05 04:50:00+00:00,>24h,11,11,8,False,1.2349999999999999,0.23499999999999988,14.546,1.1285,0.30999999999999994,0.045,14.47,False,0.8799999999999999,1.5899999999999999
highest-temperature-in-buenos-aires-on-june-8-2026,Buenos Aires,2026-06-08,clean,2026-06-07 01:26:00+00:00,>24h,11,10,7,False,1.2349999999999999,0.23499999999999988,12.221,10.39,0.36,0.16999999999999998,11.889,True,0.5700000000000001,1.9
highest-temperature-in-moscow-on-june-4-2026,Moscow,2026-06-04,clean,2026-06-04 10:58:00+00:00,1-6h,11,11,11,True,1.2349999999999999,0.23499999999999988,32824.016,8609.137,0.38,0.002,32823.999,False,0.895,1.5750000000000002
highest-temperature-in-kuala-lumpur-on-june-5-2026,Kuala Lumpur,2026-06-05,clean,2026-06-05 08:05:00+00:00,1-6h,11,11,11,True,1.2349999999999999,0.23499999999999988,77469.429,11898.25,0.402,0.003,77469.417,False,0.977,1.493
highest-temperature-in-hong-kong-on-june-5-2026,Hong Kong,2026-06-05,clean,2026-06-04 13:47:00+00:00,6-24h,11,7,7,False,0.7655,-0.23450000000000004,1434.267,0.643,0.024,0.009999999999999981,1433.715,True,0.728,0.803
highest-temperature-in-hong-kong-on-june-5-2026,Hong Kong,2026-06-05,clean,2026-06-04 15:37:00+00:00,6-24h,11,7,7,False,0.7655,-0.23450000000000004,8034.267,5.378,0.030000000000000027,0.025,8032.83,True,0.704,0.8270000000000001
highest-temperature-in-hong-kong-on-june-5-2026,Hong Kong,2026-06-05,clean,2026-06-04 13:42:00+00:00,6-24h,11,7,7,False,0.7655,-0.23450000000000004,1134.267,5.268,0.026000000000000002,0.009999999999999981,1134.254,True,0.727,0.8039999999999999
highest-temperature-in-hong-kong-on-june-5-2026,Hong Kong,2026-06-05,clean,2026-06-04 13:45:00+00:00,6-24h,11,7,7,False,0.7655,-0.23450000000000004,1314.267,0.43,0.024,0.009999999999999981,1314.141,True,0.728,0.803
highest-temperature-in-hong-kong-on-june-5-2026,Hong Kong,2026-06-05,clean,2026-06-04 13:46:00+00:00,6-24h,11,7,7,False,0.7655,-0.23450000000000004,1374.267,0.402,0.024,0.009999999999999981,1374.265,True,0.728,0.803
highest-temperature-in-hong-kong-on-june-5-2026,Hong Kong,2026-06-05,clean,2026-06-04 13:43:00+00:00,6-24h,11,7,7,False,0.7655,-0.23450000000000004,1194.267,0.551,0.026000000000000002,0.009999999999999981,1194.236,True,0.727,0.8039999999999999
highest-temperature-in-hong-kong-on-june-5-2026,Hong Kong,2026-06-05,clean,2026-06-04 13:41:00+00:00,6-24h,11,7,7,False,0.7655,-0.23450000000000004,1074.267,0.638,0.026000000000000002,0.009999999999999981,1073.932,True,0.727,0.8039999999999999
highest-temperature-in-hong-kong-on-june-5-2026,Hong Kong,2026-06-05,clean,2026-06-04 18:06:00+00:00,6-24h,11,7,7,False,0.7655000000000001,-0.23449999999999993,16974.267,7.573,0.010999999999999996,0.010000000000000009,16969.757,True,0.7430000000000001,0.788
highest-temperature-in-hong-kong-on-june-5-2026,Hong Kong,2026-06-05,clean,2026-06-04 18:05:00+00:00,6-24h,11,7,7,False,0.7655000000000001,-0.23449999999999993,16914.267,7.598,0.010999999999999996,0.010000000000000009,16910.7,True,0.7430000000000001,0.788
highest-temperature-in-hong-kong-on-june-5-2026,Hong Kong,2026-06-05,clean,2026-06-04 18:03:00+00:00,6-24h,11,7,7,False,0.7655000000000001,-0.23449999999999993,16794.267,3.575,0.020000000000000018,0.010000000000000009,16792.053,True,0.7330000000000001,0.7979999999999999
highest-temperature-in-hong-kong-on-june-5-2026,Hong Kong,2026-06-05,clean,2026-06-04 13:53:00+00:00,6-24h,11,7,7,False,0.7659999999999999,-0.2340000000000001,1794.267,0.269,0.025,0.009999999999999981,1794.216,True,0.728,0.8039999999999999
highest-temperature-in-hong-kong-on-june-5-2026,Hong Kong,2026-06-05,clean,2026-06-04 13:54:00+00:00,6-24h,11,7,7,False,0.7659999999999999,-0.2340000000000001,1854.267,0.088,0.025,0.009999999999999981,1854.232,True,0.728,0.8039999999999999
highest-temperature-in-hong-kong-on-june-5-2026,Hong Kong,2026-06-05,clean,2026-06-04 13:51:00+00:00,6-24h,11,7,7,False,0.7659999999999999,-0.2340000000000001,1674.267,1.13,0.025,0.009999999999999981,1673.901,True,0.728,0.8039999999999999
highest-temperature-in-hong-kong-on-june-5-2026,Hong Kong,2026-06-05,clean,2026-06-04 13:52:00+00:00,6-24h,11,7,7,False,0.7659999999999999,-0.2340000000000001,1734.267,1.932,0.025,0.009999999999999981,1733.915,True,0.728,0.8039999999999999
highest-temperature-in-hong-kong-on-june-5-2026,Hong Kong,2026-06-05,clean,2026-06-04 04:04:00+00:00,>24h,11,7,6,False,0.766,-0.23399999999999999,5.141,1.3780000000000001,0.06,0.011500000000000003,5.112,True,0.708,0.824
highest-temperature-in-hong-kong-on-june-5-2026,Hong Kong,2026-06-05,clean,2026-06-04 13:05:00+00:00,6-24h,11,7,6,False,0.7665,-0.23350000000000004,34.623,0.76,0.030000000000000027,0.011500000000000003,34.619,True,0.727,0.8059999999999999
highest-temperature-in-hong-kong-on-june-5-2026,Hong Kong,2026-06-05,clean,2026-06-04 11:53:00+00:00,>24h,11,7,6,False,0.7665,-0.23350000000000004,1.867,1.3025,0.050000000000000044,0.018499999999999996,1.285,True,0.701,0.832
highest-temperature-in-hong-kong-on-june-5-2026,Hong Kong,2026-06-05,clean,2026-06-04 13:04:00+00:00,6-24h,11,7,6,False,0.7665,-0.23350000000000004,21.477,7.0685,0.030000000000000027,0.011500000000000003,20.973,True,0.727,0.8059999999999999
highest-temperature-in-hong-kong-on-june-5-2026,Hong Kong,2026-06-05,clean,2026-06-04 16:43:00+00:00,6-24h,11,7,7,False,0.7665,-0.23350000000000004,11994.267,10.796,0.03,0.006999999999999999,11993.589,True,0.7339999999999999,0.799
highest-temperature-in-moscow-on-june-4-2026,Moscow,2026-06-04,clean,2026-06-04 10:50:00+00:00,1-6h,11,11,11,True,1.2335,0.23350000000000004,32344.016,8129.137,0.38,0.002,32344.012,False,0.9890000000000001,1.478
highest-temperature-in-hong-kong-on-june-5-2026,Hong Kong,2026-06-05,clean,2026-06-04 11:15:00+00:00,>24h,11,7,6,False,0.7665,-0.23350000000000004,11.401,3.5825,0.03,0.01699999999999998,9.891,True,0.7230000000000001,0.8099999999999999
highest-temperature-in-hong-kong-on-june-5-2026,Hong Kong,2026-06-05,clean,2026-06-04 13:03:00+00:00,6-24h,11,7,6,False,0.7665,-0.23350000000000004,21.469,0.368,0.030000000000000027,0.011500000000000003,21.415,True,0.727,0.8059999999999999
highest-temperature-in-hong-kong-on-june-5-2026,Hong Kong,2026-06-05,clean,2026-06-04 13:49:00+00:00,6-24h,11,7,7,False,0.7665,-0.23350000000000004,1554.267,2.461,0.026000000000000002,0.009999999999999981,1554.192,True,0.728,0.805
highest-temperature-in-hong-kong-on-june-5-2026,Hong Kong,2026-06-05,clean,2026-06-04 13:50:00+00:00,6-24h,11,7,7,False,0.7665,-0.23350000000000004,1614.267,8.374,0.026000000000000002,0.009999999999999981,1613.135,True,0.728,0.805
highest-temperature-in-hong-kong-on-june-5-2026,Hong Kong,2026-06-05,clean,2026-06-04 13:48:00+00:00,6-24h,11,7,7,False,0.7665,-0.23350000000000004,1494.267,5.093,0.026000000000000002,0.009999999999999981,1493.668,True,0.728,0.805
highest-temperature-in-hong-kong-on-june-5-2026,Hong Kong,2026-06-05,clean,2026-06-04 12:59:00+00:00,6-24h,11,7,6,False,0.7665,-0.23350000000000004,1.031,0.6185,0.030000000000000027,0.011500000000000003,0.46,True,0.727,0.8059999999999999
highest-temperature-in-hong-kong-on-june-5-2026,Hong Kong,2026-06-05,clean,2026-06-04 11:52:00+00:00,>24h,11,7,6,False,0.7665,-0.23350000000000004,33.211,5.395,0.050000000000000044,0.014499999999999996,31.741,True,0.71,0.8230000000000001
highest-temperature-in-hong-kong-on-june-5-2026,Hong Kong,2026-06-05,clean,2026-06-04 13:02:00+00:00,6-24h,11,7,6,False,0.7665,-0.23350000000000004,0.266,0.1105,0.030000000000000027,0.011500000000000003,0.261,True,0.727,0.8059999999999999
highest-temperature-in-hong-kong-on-june-5-2026,Hong Kong,2026-06-05,clean,2026-06-04 12:58:00+00:00,6-24h,11,7,6,False,0.7665,-0.23350000000000004,0.269,0.22799999999999998,0.030000000000000027,0.011500000000000003,0.067,True,0.727,0.8059999999999999
highest-temperature-in-moscow-on-june-4-2026,Moscow,2026-06-04,clean,2026-06-04 11:43:00+00:00,<1h,11,11,11,True,1.2335,0.23350000000000004,35524.016,11309.137,0.38,0.002,35523.813,False,0.88,1.5870000000000002
highest-temperature-in-hong-kong-on-june-5-2026,Hong Kong,2026-06-05,clean,2026-06-04 18:51:00+00:00,6-24h,11,7,7,False,0.7665000000000001,-0.23349999999999993,19674.267,2.002,0.020000000000000018,0.002,19674.264,True,0.744,0.789
highest-temperature-in-hong-kong-on-june-5-2026,Hong Kong,2026-06-05,clean,2026-06-04 12:11:00+00:00,6-24h,11,7,6,False,0.7665000000000001,-0.23349999999999993,33.816,1.567,0.02999999999999997,0.016999999999999994,33.766,True,0.723,0.8099999999999999
highest-temperature-in-hong-kong-on-june-5-2026,Hong Kong,2026-06-05,clean,2026-06-04 12:12:00+00:00,6-24h,11,7,6,False,0.7665000000000001,-0.23349999999999993,6.322,3.8095,0.02999999999999997,0.016999999999999994,6.036,True,0.723,0.8099999999999999
highest-temperature-in-hong-kong-on-june-5-2026,Hong Kong,2026-06-05,clean,2026-06-04 16:58:00+00:00,6-24h,11,7,7,False,0.7665000000000001,-0.23349999999999993,12894.267,36.023,0.02999999999999997,0.006999999999999999,12889.46,True,0.724,0.809
highest-temperature-in-hong-kong-on-june-5-2026,Hong Kong,2026-06-05,clean,2026-06-04 12:10:00+00:00,6-24h,11,7,6,False,0.7665000000000001,-0.23349999999999993,8.814,1.879,0.02999999999999997,0.016999999999999994,8.575,True,0.723,0.8099999999999999
highest-temperature-in-hong-kong-on-june-5-2026,Hong Kong,2026-06-05,clean,2026-06-04 11:14:00+00:00,>24h,11,7,6,False,0.7669999999999999,-0.2330000000000001,11.504,0.9705,0.03,0.01649999999999998,11.486,True,0.724,0.8099999999999999
highest-temperature-in-hong-kong-on-june-5-2026,Hong Kong,2026-06-05,clean,2026-06-04 11:16:00+00:00,>24h,11,7,6,False,0.7669999999999999,-0.2330000000000001,6.171,3.5389999999999997,0.03,0.01649999999999998,4.766,True,0.724,0.8099999999999999
highest-temperature-in-hong-kong-on-june-5-2026,Hong Kong,2026-06-05,clean,2026-06-04 11:17:00+00:00,>24h,11,7,6,False,0.7669999999999999,-0.2330000000000001,1.069,0.7,0.03,0.01649999999999998,1.029,True,0.724,0.8099999999999999
highest-temperature-in-hong-kong-on-june-5-2026,Hong Kong,2026-06-05,clean,2026-06-04 11:18:00+00:00,>24h,11,7,6,False,0.7669999999999999,-0.2330000000000001,0.603,0.2715,0.03,0.01649999999999998,0.38,True,0.724,0.8099999999999999
highest-temperature-in-hong-kong-on-june-5-2026,Hong Kong,2026-06-05,clean,2026-06-04 12:09:00+00:00,6-24h,11,7,6,False,0.767,-0.23299999999999998,9.612,2.9215,0.02999999999999997,0.017499999999999995,9.422,True,0.723,0.811
highest-temperature-in-hong-kong-on-june-5-2026,Hong Kong,2026-06-05,clean,2026-06-04 11:56:00+00:00,>24h,11,7,6,False,0.767,-0.23299999999999998,13.611,2.261,0.050000000000000044,0.018999999999999996,12.76,True,0.701,0.8330000000000001
highest-temperature-in-hong-kong-on-june-5-2026,Hong Kong,2026-06-05,clean,2026-06-04 12:56:00+00:00,6-24h,11,7,6,False,0.767,-0.23299999999999998,30.891,0.9824999999999999,0.030000000000000027,0.011500000000000003,30.836,True,0.728,0.8059999999999999
highest-temperature-in-hong-kong-on-june-5-2026,Hong Kong,2026-06-05,clean,2026-06-04 16:59:00+00:00,6-24h,11,7,7,False,0.767,-0.23299999999999998,12954.267,0.15,0.02999999999999997,0.005999999999999998,12954.262,True,0.725,0.809
highest-temperature-in-hong-kong-on-june-5-2026,Hong Kong,2026-06-05,clean,2026-06-04 12:55:00+00:00,6-24h,11,7,6,False,0.767,-0.23299999999999998,29.858,1.291,0.030000000000000027,0.011500000000000003,29.417,True,0.728,0.8059999999999999
highest-temperature-in-hong-kong-on-june-5-2026,Hong Kong,2026-06-05,clean,2026-06-04 12:54:00+00:00,6-24h,11,7,6,False,0.767,-0.23299999999999998,15.818,1.311,0.030000000000000027,0.011500000000000003,15.426,True,0.728,0.8059999999999999
highest-temperature-in-moscow-on-june-4-2026,Moscow,2026-06-04,clean,2026-06-04 11:42:00+00:00,<1h,11,11,11,True,1.2325000000000002,0.23250000000000015,35464.016,11249.137,0.38,0.002,35463.874,False,0.88,1.5850000000000002
highest-temperature-in-moscow-on-june-4-2026,Moscow,2026-06-04,clean,2026-06-04 10:34:00+00:00,1-6h,11,11,11,True,1.2325,0.23249999999999993,31384.016,7169.137,0.38,0.002,31380.353,False,0.9960000000000001,1.4689999999999999
highest-temperature-in-hong-kong-on-june-5-2026,Hong Kong,2026-06-05,clean,2026-06-04 11:36:00+00:00,>24h,11,7,6,False,0.7679999999999999,-0.2320000000000001,11.283,0.224,0.039999999999999994,0.016999999999999998,11.067,True,0.714,0.822
highest-temperature-in-hong-kong-on-june-5-2026,Hong Kong,2026-06-05,clean,2026-06-04 11:40:00+00:00,>24h,11,7,6,False,0.768,-0.23199999999999998,41.479,1.1715,0.030000000000000027,0.012000000000000007,41.148,True,0.724,0.8119999999999999
highest-temperature-in-hong-kong-on-june-5-2026,Hong Kong,2026-06-05,clean,2026-06-04 12:01:00+00:00,6-24h,11,7,6,False,0.768,-0.23199999999999998,4.571,1.2614999999999998,0.03,0.017499999999999995,4.501,True,0.724,0.8119999999999999
highest-temperature-in-hong-kong-on-june-5-2026,Hong Kong,2026-06-05,clean,2026-06-04 10:29:00+00:00,>24h,11,7,6,False,0.768,-0.23199999999999998,5.932,1.861,0.15,0.03500000000000002,5.931,True,0.628,0.908
highest-temperature-in-hong-kong-on-june-5-2026,Hong Kong,2026-06-05,clean,2026-06-04 16:21:00+00:00,6-24h,11,7,7,False,0.768,-0.23199999999999998,10674.267,27.112,0.030000000000000027,0.010000000000000009,10673.802,True,0.724,0.8119999999999999
highest-temperature-in-hong-kong-on-june-5-2026,Hong Kong,2026-06-05,clean,2026-06-04 16:19:00+00:00,6-24h,11,7,7,False,0.768,-0.23199999999999998,10554.267,1.642,0.030000000000000027,0.010000000000000009,10554.191,True,0.724,0.8119999999999999
highest-temperature-in-hong-kong-on-june-5-2026,Hong Kong,2026-06-05,clean,2026-06-04 16:18:00+00:00,6-24h,11,7,7,False,0.768,-0.23199999999999998,10494.267,8.443,0.030000000000000027,0.010000000000000009,10492.663,True,0.724,0.8119999999999999
highest-temperature-in-moscow-on-june-4-2026,Moscow,2026-06-04,clean,2026-06-04 10:42:00+00:00,1-6h,11,11,11,True,1.232,0.23199999999999998,31864.016,7649.137,0.38,0.002,31864.01,False,0.9410000000000001,1.523
highest-temperature-in-hong-kong-on-june-5-2026,Hong Kong,2026-06-05,clean,2026-06-04 11:39:00+00:00,>24h,11,7,6,False,0.768,-0.23199999999999998,18.905,0.7465,0.030000000000000027,0.012000000000000007,18.891,True,0.724,0.8119999999999999
highest-temperature-in-hong-kong-on-june-5-2026,Hong Kong,2026-06-05,clean,2026-06-05 06:34:00+00:00,1-6h,11,7,7,False,0.768,-0.23199999999999998,61854.267,8880.92,0.07999999999999996,0.001,61854.085,True,0.7050000000000001,0.831
highest-temperature-in-hong-kong-on-june-5-2026,Hong Kong,2026-06-05,clean,2026-06-05 06:33:00+00:00,1-6h,11,7,7,False,0.768,-0.23199999999999998,61794.267,8820.92,0.08999999999999997,0.001,61793.403,True,0.7050000000000001,0.831
highest-temperature-in-hong-kong-on-june-5-2026,Hong Kong,2026-06-05,clean,2026-06-04 16:20:00+00:00,6-24h,11,7,7,False,0.768,-0.23199999999999998,10614.267,4.227,0.030000000000000027,0.010000000000000009,10612.726,True,0.724,0.8119999999999999
highest-temperature-in-hong-kong-on-june-5-2026,Hong Kong,2026-06-05,clean,2026-06-04 12:00:00+00:00,6-24h,11,7,6,False,0.768,-0.23199999999999998,18.356,2.4535,0.03,0.017499999999999995,16.306,True,0.724,0.8119999999999999
highest-temperature-in-hong-kong-on-june-5-2026,Hong Kong,2026-06-05,clean,2026-06-04 11:42:00+00:00,>24h,11,7,6,False,0.768,-0.23199999999999998,21.459,2.041,0.030000000000000027,0.012000000000000007,20.572,True,0.724,0.8119999999999999
highest-temperature-in-hong-kong-on-june-5-2026,Hong Kong,2026-06-05,clean,2026-06-04 16:09:00+00:00,6-24h,11,7,7,False,0.7685,-0.23150000000000004,9954.267,5.653,0.020000000000000018,0.009999999999999995,9952.462,True,0.7350000000000001,0.8019999999999999
highest-temperature-in-hong-kong-on-june-5-2026,Hong Kong,2026-06-05,clean,2026-06-04 06:31:00+00:00,>24h,11,7,6,False,0.7685,-0.23150000000000004,3.964,2.723,0.018000000000000002,0.009999999999999988,3.412,True,0.743,0.794
highest-temperature-in-hong-kong-on-june-5-2026,Hong Kong,2026-06-05,clean,2026-06-04 16:08:00+00:00,6-24h,11,7,7,False,0.7685,-0.23150000000000004,9894.267,0.055,0.030000000000000027,0.009999999999999995,9894.215,True,0.7250000000000001,0.8119999999999999
highest-temperature-in-hong-kong-on-june-5-2026,Hong Kong,2026-06-05,clean,2026-06-04 12:42:00+00:00,6-24h,11,7,6,False,0.7689999999999999,-0.2310000000000001,20.364,12.2625,0.020000000000000018,0.009499999999999995,19.561,True,0.742,0.7959999999999999
highest-temperature-in-hong-kong-on-june-5-2026,Hong Kong,2026-06-05,clean,2026-06-04 12:45:00+00:00,6-24h,11,7,6,False,0.7689999999999999,-0.2310000000000001,61.092,23.7935,0.020000000000000018,0.009499999999999995,61.061,True,0.742,0.7959999999999999
highest-temperature-in-hong-kong-on-june-5-2026,Hong Kong,2026-06-05,clean,2026-06-04 12:40:00+00:00,6-24h,11,7,6,False,0.7689999999999999,-0.2310000000000001,47.351,0.4015,0.020000000000000018,0.009499999999999995,47.282,True,0.742,0.7959999999999999
highest-temperature-in-hong-kong-on-june-5-2026,Hong Kong,2026-06-05,clean,2026-06-04 12:33:00+00:00,6-24h,11,7,6,False,0.7689999999999999,-0.2310000000000001,29.826,10.836500000000001,0.020000000000000018,0.009499999999999995,28.777,True,0.742,0.7959999999999999
highest-temperature-in-hong-kong-on-june-5-2026,Hong Kong,2026-06-05,clean,2026-06-04 03:47:00+00:00,>24h,11,7,6,False,0.7689999999999999,-0.2310000000000001,18.457,0.0555,0.025,0.019999999999999983,18.406,True,0.725,0.813
highest-temperature-in-moscow-on-june-4-2026,Moscow,2026-06-04,clean,2026-06-04 11:11:00+00:00,<1h,11,11,11,True,1.231,0.2310000000000001,33604.016,9389.137,0.38,0.002,33604.016,False,0.912,1.55
highest-temperature-in-hong-kong-on-june-5-2026,Hong Kong,2026-06-05,clean,2026-06-04 03:48:00+00:00,>24h,11,7,6,False,0.7689999999999999,-0.2310000000000001,15.485,10.293,0.025,0.019999999999999983,12.379,True,0.725,0.813
highest-temperature-in-hong-kong-on-june-5-2026,Hong Kong,2026-06-05,clean,2026-06-04 12:34:00+00:00,6-24h,11,7,6,False,0.7689999999999999,-0.2310000000000001,89.826,5.404,0.020000000000000018,0.009499999999999995,89.142,True,0.742,0.7959999999999999
highest-temperature-in-hong-kong-on-june-5-2026,Hong Kong,2026-06-05,clean,2026-06-04 12:37:00+00:00,6-24h,11,7,6,False,0.7689999999999999,-0.2310000000000001,41.26,4.045,0.020000000000000018,0.009499999999999995,41.095,True,0.742,0.7959999999999999
highest-temperature-in-hong-kong-on-june-5-2026,Hong Kong,2026-06-05,clean,2026-06-04 12:35:00+00:00,6-24h,11,7,6,False,0.7689999999999999,-0.2310000000000001,31.388,4.8245000000000005,0.020000000000000018,0.009499999999999995,31.339,True,0.742,0.7959999999999999
highest-temperature-in-hong-kong-on-june-5-2026,Hong Kong,2026-06-05,clean,2026-06-04 12:43:00+00:00,6-24h,11,7,6,False,0.7689999999999999,-0.2310000000000001,10.502,1.2935,0.020000000000000018,0.009499999999999995,10.036,True,0.742,0.7959999999999999
highest-temperature-in-hong-kong-on-june-5-2026,Hong Kong,2026-06-05,clean,2026-06-04 12:39:00+00:00,6-24h,11,7,6,False,0.7689999999999999,-0.2310000000000001,12.729,5.6835,0.020000000000000018,0.009499999999999995,12.696,True,0.742,0.7959999999999999
highest-temperature-in-hong-kong-on-june-5-2026,Hong Kong,2026-06-05,clean,2026-06-04 12:44:00+00:00,6-24h,11,7,6,False,0.7689999999999999,-0.2310000000000001,5.222,1.1244999999999998,0.020000000000000018,0.009499999999999995,4.274,True,0.742,0.7959999999999999
highest-temperature-in-hong-kong-on-june-5-2026,Hong Kong,2026-06-05,clean,2026-06-04 12:41:00+00:00,6-24h,11,7,6,False,0.7689999999999999,-0.2310000000000001,7.333,3.3794999999999997,0.020000000000000018,0.009499999999999995,7.275,True,0.742,0.7959999999999999
highest-temperature-in-hong-kong-on-june-5-2026,Hong Kong,2026-06-05,clean,2026-06-04 12:38:00+00:00,6-24h,11,7,6,False,0.7689999999999999,-0.2310000000000001,101.26,13.1145,0.020000000000000018,0.009499999999999995,97.24,True,0.742,0.7959999999999999
highest-temperature-in-hong-kong-on-june-5-2026,Hong Kong,2026-06-05,clean,2026-06-04 12:36:00+00:00,6-24h,11,7,6,False,0.7689999999999999,-0.2310000000000001,41.45,4.292,0.020000000000000018,0.009499999999999995,41.311,True,0.742,0.7959999999999999
highest-temperature-in-moscow-on-june-4-2026,Moscow,2026-06-04,clean,2026-06-04 10:53:00+00:00,1-6h,11,11,11,True,1.2309999999999999,0.23099999999999987,32524.016,8309.137,0.38,0.002,32523.951,False,0.914,1.548
highest-temperature-in-shenzhen-on-june-9-2026,Shenzhen,2026-06-09,clean,2026-06-07 05:08:00+00:00,>24h,11,11,11,True,1.2305000000000001,0.23050000000000015,14.77,12.144,0.27,0.15,13.273,False,0.473,1.9880000000000002
highest-temperature-in-shenzhen-on-june-9-2026,Shenzhen,2026-06-09,clean,2026-06-07 05:09:00+00:00,>24h,11,11,11,True,1.2305000000000001,0.23050000000000015,74.77,35.61,0.27,0.15,68.633,False,0.473,1.9880000000000002
highest-temperature-in-hong-kong-on-june-5-2026,Hong Kong,2026-06-05,clean,2026-06-04 14:09:00+00:00,6-24h,11,7,7,False,0.7695,-0.23050000000000004,2754.267,545.998,0.03,0.009999999999999981,2213.015,True,0.728,0.811
highest-temperature-in-hong-kong-on-june-5-2026,Hong Kong,2026-06-05,clean,2026-06-04 14:10:00+00:00,6-24h,11,7,7,False,0.7695,-0.23050000000000004,2814.267,605.998,0.03,0.009999999999999981,2213.015,True,0.728,0.811
highest-temperature-in-hong-kong-on-june-5-2026,Hong Kong,2026-06-05,clean,2026-06-04 14:07:00+00:00,6-24h,11,7,7,False,0.7695,-0.23050000000000004,2634.267,425.998,0.03,0.009999999999999981,2213.015,True,0.728,0.811
highest-temperature-in-hong-kong-on-june-5-2026,Hong Kong,2026-06-05,clean,2026-06-04 14:33:00+00:00,6-24h,11,7,7,False,0.7695,-0.23050000000000004,4194.267,1985.998,0.03,0.009999999999999981,2213.015,True,0.728,0.811
highest-temperature-in-hong-kong-on-june-5-2026,Hong Kong,2026-06-05,clean,2026-06-04 14:34:00+00:00,6-24h,11,7,7,False,0.7695,-0.23050000000000004,4254.267,2045.998,0.03,0.009999999999999981,2213.015,True,0.728,0.811
highest-temperature-in-hong-kong-on-june-5-2026,Hong Kong,2026-06-05,clean,2026-06-04 14:08:00+00:00,6-24h,11,7,7,False,0.7695,-0.23050000000000004,2694.267,485.998,0.03,0.009999999999999981,2213.015,True,0.728,0.811
highest-temperature-in-hong-kong-on-june-5-2026,Hong Kong,2026-06-05,clean,2026-06-04 14:32:00+00:00,6-24h,11,7,7,False,0.7695,-0.23050000000000004,4134.267,1925.998,0.03,0.009999999999999981,2213.015,True,0.728,0.811
highest-temperature-in-hong-kong-on-june-5-2026,Hong Kong,2026-06-05,clean,2026-06-04 14:36:00+00:00,6-24h,11,7,7,False,0.7695,-0.23050000000000004,4374.267,2165.998,0.03,0.009999999999999981,2213.015,True,0.728,0.811
highest-temperature-in-hong-kong-on-june-5-2026,Hong Kong,2026-06-05,clean,2026-06-04 14:45:00+00:00,6-24h,11,7,7,False,0.7695,-0.23050000000000004,4914.267,2705.998,0.03,0.009999999999999981,2213.015,True,0.728,0.811
highest-temperature-in-hong-kong-on-june-5-2026,Hong Kong,2026-06-05,clean,2026-06-04 14:47:00+00:00,6-24h,11,7,7,False,0.7695,-0.23050000000000004,5034.267,2825.998,0.03,0.009999999999999981,2213.015,True,0.728,0.811
highest-temperature-in-hong-kong-on-june-5-2026,Hong Kong,2026-06-05,clean,2026-06-04 14:46:00+00:00,6-24h,11,7,7,False,0.7695,-0.23050000000000004,4974.267,2765.998,0.03,0.009999999999999981,2213.015,True,0.728,0.811
highest-temperature-in-hong-kong-on-june-5-2026,Hong Kong,2026-06-05,clean,2026-06-04 14:16:00+00:00,6-24h,11,7,7,False,0.7695,-0.23050000000000004,3174.267,965.998,0.03,0.009999999999999981,2213.015,True,0.728,0.811
highest-temperature-in-hong-kong-on-june-5-2026,Hong Kong,2026-06-05,clean,2026-06-04 14:17:00+00:00,6-24h,11,7,7,False,0.7695,-0.23050000000000004,3234.267,1025.998,0.03,0.009999999999999981,2213.015,True,0.728,0.811
highest-temperature-in-hong-kong-on-june-5-2026,Hong Kong,2026-06-05,clean,2026-06-04 14:18:00+00:00,6-24h,11,7,7,False,0.7695,-0.23050000000000004,3294.267,1085.998,0.03,0.009999999999999981,2213.015,True,0.728,0.811
highest-temperature-in-hong-kong-on-june-5-2026,Hong Kong,2026-06-05,clean,2026-06-04 14:19:00+00:00,6-24h,11,7,7,False,0.7695,-0.23050000000000004,3354.267,1145.998,0.03,0.009999999999999981,2213.015,True,0.728,0.811
highest-temperature-in-hong-kong-on-june-5-2026,Hong Kong,2026-06-05,clean,2026-06-04 14:59:00+00:00,6-24h,11,7,7,False,0.7695,-0.23050000000000004,5754.267,3545.998,0.03,0.009999999999999981,2213.015,True,0.728,0.811
highest-temperature-in-hong-kong-on-june-5-2026,Hong Kong,2026-06-05,clean,2026-06-04 15:00:00+00:00,6-24h,11,7,7,False,0.7695,-0.23050000000000004,5814.267,3605.998,0.03,0.009999999999999981,5814.261,True,0.728,0.811
highest-temperature-in-hong-kong-on-june-5-2026,Hong Kong,2026-06-05,clean,2026-06-04 13:23:00+00:00,6-24h,11,7,7,False,0.7695,-0.23050000000000004,0.288,0.279,0.030000000000000027,0.01999999999999999,0.241,True,0.719,0.82
highest-temperature-in-hong-kong-on-june-5-2026,Hong Kong,2026-06-05,clean,2026-06-04 13:24:00+00:00,6-24h,11,7,7,False,0.7695,-0.23050000000000004,54.267,11.407,0.030000000000000027,0.01999999999999999,48.978,True,0.719,0.82
highest-temperature-in-hong-kong-on-june-5-2026,Hong Kong,2026-06-05,clean,2026-06-04 14:26:00+00:00,6-24h,11,7,7,False,0.7695,-0.23050000000000004,3774.267,1565.998,0.03,0.009999999999999981,2213.015,True,0.728,0.811
highest-temperature-in-hong-kong-on-june-5-2026,Hong Kong,2026-06-05,clean,2026-06-04 14:25:00+00:00,6-24h,11,7,7,False,0.7695,-0.23050000000000004,3714.267,1505.998,0.03,0.009999999999999981,2213.015,True,0.728,0.811
highest-temperature-in-hong-kong-on-june-5-2026,Hong Kong,2026-06-05,clean,2026-06-04 14:35:00+00:00,6-24h,11,7,7,False,0.7695,-0.23050000000000004,4314.267,2105.998,0.03,0.009999999999999981,2213.015,True,0.728,0.811
highest-temperature-in-hong-kong-on-june-5-2026,Hong Kong,2026-06-05,clean,2026-06-04 14:58:00+00:00,6-24h,11,7,7,False,0.7695,-0.23050000000000004,5694.267,3485.998,0.03,0.009999999999999981,2213.015,True,0.728,0.811
highest-temperature-in-hong-kong-on-june-5-2026,Hong Kong,2026-06-05,clean,2026-06-04 14:12:00+00:00,6-24h,11,7,7,False,0.7695,-0.23050000000000004,2934.267,725.998,0.03,0.009999999999999981,2213.015,True,0.728,0.811
highest-temperature-in-hong-kong-on-june-5-2026,Hong Kong,2026-06-05,clean,2026-06-04 14:11:00+00:00,6-24h,11,7,7,False,0.7695,-0.23050000000000004,2874.267,665.998,0.03,0.009999999999999981,2213.015,True,0.728,0.811
highest-temperature-in-hong-kong-on-june-5-2026,Hong Kong,2026-06-05,clean,2026-06-04 14:13:00+00:00,6-24h,11,7,7,False,0.7695,-0.23050000000000004,2994.267,785.998,0.03,0.009999999999999981,2213.015,True,0.728,0.811
highest-temperature-in-hong-kong-on-june-5-2026,Hong Kong,2026-06-05,clean,2026-06-04 14:27:00+00:00,6-24h,11,7,7,False,0.7695,-0.23050000000000004,3834.267,1625.998,0.03,0.009999999999999981,2213.015,True,0.728,0.811
highest-temperature-in-hong-kong-on-june-5-2026,Hong Kong,2026-06-05,clean,2026-06-04 14:38:00+00:00,6-24h,11,7,7,False,0.7695,-0.23050000000000004,4494.267,2285.998,0.03,0.009999999999999981,2213.015,True,0.728,0.811
highest-temperature-in-hong-kong-on-june-5-2026,Hong Kong,2026-06-05,clean,2026-06-04 14:55:00+00:00,6-24h,11,7,7,False,0.7695,-0.23050000000000004,5514.267,3305.998,0.03,0.009999999999999981,2213.015,True,0.728,0.811
highest-temperature-in-hong-kong-on-june-5-2026,Hong Kong,2026-06-05,clean,2026-06-04 14:56:00+00:00,6-24h,11,7,7,False,0.7695,-0.23050000000000004,5574.267,3365.998,0.03,0.009999999999999981,2213.015,True,0.728,0.811
highest-temperature-in-hong-kong-on-june-5-2026,Hong Kong,2026-06-05,clean,2026-06-04 14:57:00+00:00,6-24h,11,7,7,False,0.7695,-0.23050000000000004,5634.267,3425.998,0.03,0.009999999999999981,2213.015,True,0.728,0.811
highest-temperature-in-hong-kong-on-june-5-2026,Hong Kong,2026-06-05,clean,2026-06-04 14:28:00+00:00,6-24h,11,7,7,False,0.7695,-0.23050000000000004,3894.267,1685.998,0.03,0.009999999999999981,2213.015,True,0.728,0.811
highest-temperature-in-hong-kong-on-june-5-2026,Hong Kong,2026-06-05,clean,2026-06-04 14:29:00+00:00,6-24h,11,7,7,False,0.7695,-0.23050000000000004,3954.267,1745.998,0.03,0.009999999999999981,2213.015,True,0.728,0.811
highest-temperature-in-hong-kong-on-june-5-2026,Hong Kong,2026-06-05,clean,2026-06-04 14:42:00+00:00,6-24h,11,7,7,False,0.7695,-0.23050000000000004,4734.267,2525.998,0.03,0.009999999999999981,2213.015,True,0.728,0.811
highest-temperature-in-hong-kong-on-june-5-2026,Hong Kong,2026-06-05,clean,2026-06-04 14:03:00+00:00,6-24h,11,7,7,False,0.7695,-0.23050000000000004,2394.267,185.998,0.03,0.009999999999999981,2213.015,True,0.728,0.811
highest-temperature-in-hong-kong-on-june-5-2026,Hong Kong,2026-06-05,clean,2026-06-04 14:04:00+00:00,6-24h,11,7,7,False,0.7695,-0.23050000000000004,2454.267,245.998,0.03,0.009999999999999981,2213.015,True,0.728,0.811
highest-temperature-in-hong-kong-on-june-5-2026,Hong Kong,2026-06-05,clean,2026-06-04 14:05:00+00:00,6-24h,11,7,7,False,0.7695,-0.23050000000000004,2514.267,305.998,0.03,0.009999999999999981,2213.015,True,0.728,0.811
highest-temperature-in-hong-kong-on-june-5-2026,Hong Kong,2026-06-05,clean,2026-06-04 14:06:00+00:00,6-24h,11,7,7,False,0.7695,-0.23050000000000004,2574.267,365.998,0.03,0.009999999999999981,2213.015,True,0.728,0.811
highest-temperature-in-hong-kong-on-june-5-2026,Hong Kong,2026-06-05,clean,2026-06-04 14:39:00+00:00,6-24h,11,7,7,False,0.7695,-0.23050000000000004,4554.267,2345.998,0.03,0.009999999999999981,2213.015,True,0.728,0.811
highest-temperature-in-hong-kong-on-june-5-2026,Hong Kong,2026-06-05,clean,2026-06-04 14:01:00+00:00,6-24h,11,7,7,False,0.7695,-0.23050000000000004,2274.267,65.998,0.03,0.009999999999999981,2213.015,True,0.728,0.811
highest-temperature-in-hong-kong-on-june-5-2026,Hong Kong,2026-06-05,clean,2026-06-04 14:02:00+00:00,6-24h,11,7,7,False,0.7695,-0.23050000000000004,2334.267,125.998,0.03,0.009999999999999981,2213.015,True,0.728,0.811
highest-temperature-in-hong-kong-on-june-5-2026,Hong Kong,2026-06-05,clean,2026-06-04 14:00:00+00:00,6-24h,11,7,7,False,0.7695,-0.23050000000000004,2214.267,5.998,0.03,0.009999999999999981,2213.015,True,0.728,0.811
highest-temperature-in-hong-kong-on-june-5-2026,Hong Kong,2026-06-05,clean,2026-06-04 14:20:00+00:00,6-24h,11,7,7,False,0.7695,-0.23050000000000004,3414.267,1205.998,0.03,0.009999999999999981,2213.015,True,0.728,0.811
highest-temperature-in-hong-kong-on-june-5-2026,Hong Kong,2026-06-05,clean,2026-06-04 14:21:00+00:00,6-24h,11,7,7,False,0.7695,-0.23050000000000004,3474.267,1265.998,0.03,0.009999999999999981,2213.015,True,0.728,0.811
highest-temperature-in-hong-kong-on-june-5-2026,Hong Kong,2026-06-05,clean,2026-06-04 14:22:00+00:00,6-24h,11,7,7,False,0.7695,-0.23050000000000004,3534.267,1325.998,0.03,0.009999999999999981,2213.015,True,0.728,0.811
highest-temperature-in-hong-kong-on-june-5-2026,Hong Kong,2026-06-05,clean,2026-06-04 14:30:00+00:00,6-24h,11,7,7,False,0.7695,-0.23050000000000004,4014.267,1805.998,0.03,0.009999999999999981,2213.015,True,0.728,0.811
highest-temperature-in-hong-kong-on-june-5-2026,Hong Kong,2026-06-05,clean,2026-06-04 14:31:00+00:00,6-24h,11,7,7,False,0.7695,-0.23050000000000004,4074.267,1865.998,0.03,0.009999999999999981,2213.015,True,0.728,0.811
highest-temperature-in-hong-kong-on-june-5-2026,Hong Kong,2026-06-05,clean,2026-06-04 14:41:00+00:00,6-24h,11,7,7,False,0.7695,-0.23050000000000004,4674.267,2465.998,0.03,0.009999999999999981,2213.015,True,0.728,0.811
highest-temperature-in-hong-kong-on-june-5-2026,Hong Kong,2026-06-05,clean,2026-06-04 14:40:00+00:00,6-24h,11,7,7,False,0.7695,-0.23050000000000004,4614.267,2405.998,0.03,0.009999999999999981,2213.015,True,0.728,0.811
highest-temperature-in-hong-kong-on-june-5-2026,Hong Kong,2026-06-05,clean,2026-06-04 14:44:00+00:00,6-24h,11,7,7,False,0.7695,-0.23050000000000004,4854.267,2645.998,0.03,0.009999999999999981,2213.015,True,0.728,0.811
highest-temperature-in-hong-kong-on-june-5-2026,Hong Kong,2026-06-05,clean,2026-06-04 14:43:00+00:00,6-24h,11,7,7,False,0.7695,-0.23050000000000004,4794.267,2585.998,0.03,0.009999999999999981,2213.015,True,0.728,0.811
highest-temperature-in-hong-kong-on-june-5-2026,Hong Kong,2026-06-05,clean,2026-06-04 14:15:00+00:00,6-24h,11,7,7,False,0.7695,-0.23050000000000004,3114.267,905.998,0.03,0.009999999999999981,2213.015,True,0.728,0.811
highest-temperature-in-hong-kong-on-june-5-2026,Hong Kong,2026-06-05,clean,2026-06-04 14:14:00+00:00,6-24h,11,7,7,False,0.7695,-0.23050000000000004,3054.267,845.998,0.03,0.009999999999999981,2213.015,True,0.728,0.811
highest-temperature-in-hong-kong-on-june-5-2026,Hong Kong,2026-06-05,clean,2026-06-04 14:53:00+00:00,6-24h,11,7,7,False,0.7695,-0.23050000000000004,5394.267,3185.998,0.03,0.009999999999999981,2213.015,True,0.728,0.811
highest-temperature-in-hong-kong-on-june-5-2026,Hong Kong,2026-06-05,clean,2026-06-04 14:54:00+00:00,6-24h,11,7,7,False,0.7695,-0.23050000000000004,5454.267,3245.998,0.03,0.009999999999999981,2213.015,True,0.728,0.811
highest-temperature-in-hong-kong-on-june-5-2026,Hong Kong,2026-06-05,clean,2026-06-04 14:50:00+00:00,6-24h,11,7,7,False,0.7695,-0.23050000000000004,5214.267,3005.998,0.03,0.009999999999999981,2213.015,True,0.728,0.811
highest-temperature-in-hong-kong-on-june-5-2026,Hong Kong,2026-06-05,clean,2026-06-04 14:49:00+00:00,6-24h,11,7,7,False,0.7695,-0.23050000000000004,5154.267,2945.998,0.03,0.009999999999999981,2213.015,True,0.728,0.811
highest-temperature-in-hong-kong-on-june-5-2026,Hong Kong,2026-06-05,clean,2026-06-04 14:48:00+00:00,6-24h,11,7,7,False,0.7695,-0.23050000000000004,5094.267,2885.998,0.03,0.009999999999999981,2213.015,True,0.728,0.811
highest-temperature-in-hong-kong-on-june-5-2026,Hong Kong,2026-06-05,clean,2026-06-04 14:51:00+00:00,6-24h,11,7,7,False,0.7695,-0.23050000000000004,5274.267,3065.998,0.03,0.009999999999999981,2213.015,True,0.728,0.811
highest-temperature-in-hong-kong-on-june-5-2026,Hong Kong,2026-06-05,clean,2026-06-04 14:37:00+00:00,6-24h,11,7,7,False,0.7695,-0.23050000000000004,4434.267,2225.998,0.03,0.009999999999999981,2213.015,True,0.728,0.811
highest-temperature-in-hong-kong-on-june-5-2026,Hong Kong,2026-06-05,clean,2026-06-04 14:52:00+00:00,6-24h,11,7,7,False,0.7695,-0.23050000000000004,5334.267,3125.998,0.03,0.009999999999999981,2213.015,True,0.728,0.811
highest-temperature-in-hong-kong-on-june-5-2026,Hong Kong,2026-06-05,clean,2026-06-04 14:24:00+00:00,6-24h,11,7,7,False,0.7695,-0.23050000000000004,3654.267,1445.998,0.03,0.009999999999999981,2213.015,True,0.728,0.811
highest-temperature-in-hong-kong-on-june-5-2026,Hong Kong,2026-06-05,clean,2026-06-04 14:23:00+00:00,6-24h,11,7,7,False,0.7695,-0.23050000000000004,3594.267,1385.998,0.03,0.009999999999999981,2213.015,True,0.728,0.811
highest-temperature-in-hong-kong-on-june-5-2026,Hong Kong,2026-06-05,clean,2026-06-04 12:16:00+00:00,6-24h,11,7,6,False,0.7695000000000001,-0.23049999999999993,19.496,14.566500000000001,0.03,0.014999999999999993,18.862,True,0.7220000000000001,0.8170000000000001
highest-temperature-in-hong-kong-on-june-5-2026,Hong Kong,2026-06-05,clean,2026-06-04 18:21:00+00:00,6-24h,11,7,7,False,0.7695000000000001,-0.23049999999999993,17874.267,4.731,0.020000000000000004,0.006999999999999999,17870.817,True,0.744,0.7950000000000002
highest-temperature-in-moscow-on-june-4-2026,Moscow,2026-06-04,clean,2026-06-04 11:40:00+00:00,<1h,11,11,11,True,1.2305,0.23049999999999993,35344.016,11129.137,0.38,0.002,35336.299,False,0.89,1.5710000000000002
highest-temperature-in-hong-kong-on-june-5-2026,Hong Kong,2026-06-05,clean,2026-06-04 12:15:00+00:00,6-24h,11,7,6,False,0.7695000000000001,-0.23049999999999993,72.663,2.702,0.03,0.014999999999999993,72.649,True,0.7220000000000001,0.8170000000000001
highest-temperature-in-hong-kong-on-june-5-2026,Hong Kong,2026-06-05,clean,2026-06-04 18:18:00+00:00,6-24h,11,7,7,False,0.7695000000000001,-0.23049999999999993,17694.267,3.838,0.020000000000000018,0.006999999999999999,17690.51,True,0.744,0.7950000000000002
highest-temperature-in-kuala-lumpur-on-june-5-2026,Kuala Lumpur,2026-06-05,clean,2026-06-05 08:04:00+00:00,1-6h,11,11,11,True,1.2304999999999997,0.2304999999999997,77409.429,11838.25,0.401,0.003,77409.407,False,0.977,1.484
highest-temperature-in-kuala-lumpur-on-june-5-2026,Kuala Lumpur,2026-06-05,clean,2026-06-05 08:07:00+00:00,1-6h,11,11,11,True,1.2304999999999997,0.2304999999999997,77589.429,12018.25,0.393,0.003,77588.655,False,0.977,1.484
highest-temperature-in-hong-kong-on-june-5-2026,Hong Kong,2026-06-05,clean,2026-06-04 13:58:00+00:00,6-24h,11,7,7,False,0.7699999999999999,-0.2300000000000001,2094.267,1.307,0.039999999999999994,0.009999999999999981,2094.166,True,0.718,0.822
highest-temperature-in-hong-kong-on-june-5-2026,Hong Kong,2026-06-05,clean,2026-06-04 17:08:00+00:00,6-24h,11,7,7,False,0.7699999999999999,-0.2300000000000001,13494.267,3.144,0.020000000000000018,0.009999999999999981,13494.073,True,0.737,0.803
highest-temperature-in-chongqing-on-june-6-2026,Chongqing,2026-06-06,degraded,2026-06-05 04:51:00+00:00,>24h,11,11,8,False,1.23,0.22999999999999998,27.315,3.4885,0.30000000000000004,0.045,27.091,False,0.8899999999999999,1.57
highest-temperature-in-chongqing-on-june-6-2026,Chongqing,2026-06-06,degraded,2026-06-05 04:49:00+00:00,>24h,11,11,8,False,1.23,0.22999999999999998,27.912,1.5245,0.31999999999999995,0.045,26.572,False,0.8699999999999999,1.5899999999999999
highest-temperature-in-manila-on-june-11-2026,Manila,2026-06-11,degraded,2026-06-09 04:51:00+00:00,>24h,11,11,11,True,1.23,0.22999999999999998,15.065,0.265,0.18,0.11000000000000001,14.871,False,0.715,1.7449999999999999
highest-temperature-in-hong-kong-on-june-5-2026,Hong Kong,2026-06-05,clean,2026-06-04 20:11:00+00:00,6-24h,11,7,7,False,0.77,-0.22999999999999998,24474.267,0.036,0.03,0.010000000000000009,24474.255,True,0.7270000000000001,0.813
highest-temperature-in-hong-kong-on-june-5-2026,Hong Kong,2026-06-05,clean,2026-06-04 12:14:00+00:00,6-24h,11,7,6,False,0.7705,-0.22950000000000004,66.543,7.3985,0.03,0.015999999999999993,65.022,True,0.7220000000000001,0.8190000000000001
highest-temperature-in-hong-kong-on-june-5-2026,Hong Kong,2026-06-05,clean,2026-06-04 11:12:00+00:00,>24h,11,7,6,False,0.7705,-0.22950000000000004,0.612,0.29800000000000004,0.04000000000000001,0.012499999999999976,0.609,True,0.7210000000000001,0.82
highest-temperature-in-moscow-on-june-4-2026,Moscow,2026-06-04,clean,2026-06-04 10:59:00+00:00,1-6h,11,11,11,True,1.229,0.2290000000000001,32884.016,8669.137,0.38,0.002,32883.884,False,0.885,1.5730000000000002
highest-temperature-in-hong-kong-on-june-5-2026,Hong Kong,2026-06-05,clean,2026-06-04 13:59:00+00:00,6-24h,11,7,7,False,0.771,-0.22899999999999998,2154.267,0.52,0.039999999999999994,0.009999999999999981,2154.18,True,0.718,0.824
highest-temperature-in-hong-kong-on-june-5-2026,Hong Kong,2026-06-05,clean,2026-06-04 11:10:00+00:00,>24h,11,7,6,False,0.771,-0.22899999999999998,21.238,12.2305,0.07999999999999999,0.028000000000000004,19.877,True,0.681,0.8610000000000001
highest-temperature-in-hong-kong-on-june-5-2026,Hong Kong,2026-06-05,clean,2026-06-04 11:51:00+00:00,>24h,11,7,6,False,0.771,-0.22899999999999998,0.441,0.358,0.050000000000000044,0.013999999999999995,0.403,True,0.71,0.832
highest-temperature-in-hong-kong-on-june-5-2026,Hong Kong,2026-06-05,clean,2026-06-04 12:13:00+00:00,6-24h,11,7,6,False,0.771,-0.22899999999999998,6.543,3.2584999999999997,0.03,0.016499999999999994,6.203,True,0.7220000000000001,0.82
highest-temperature-in-shenzhen-on-june-9-2026,Shenzhen,2026-06-09,clean,2026-06-07 06:06:00+00:00,>24h,11,11,11,True,1.2285000000000001,0.22850000000000015,75.634,69.537,0.22999999999999998,0.1,70.673,False,0.7130000000000001,1.7440000000000004
highest-temperature-in-shenzhen-on-june-9-2026,Shenzhen,2026-06-09,clean,2026-06-07 06:05:00+00:00,>24h,11,11,11,True,1.2285000000000001,0.22850000000000015,16.043,9.556,0.22999999999999998,0.1,15.727,False,0.7130000000000001,1.7440000000000004
highest-temperature-in-hong-kong-on-june-5-2026,Hong Kong,2026-06-05,clean,2026-06-04 13:57:00+00:00,6-24h,11,7,7,False,0.7715,-0.22850000000000004,2034.267,0.43,0.03,0.01999999999999999,2034.213,True,0.719,0.824
highest-temperature-in-hong-kong-on-june-5-2026,Hong Kong,2026-06-05,clean,2026-06-04 13:00:00+00:00,6-24h,11,7,6,False,0.7715,-0.22850000000000004,0.452,0.3715,0.020000000000000018,0.011500000000000003,0.279,True,0.737,0.8059999999999999
highest-temperature-in-hong-kong-on-june-5-2026,Hong Kong,2026-06-05,clean,2026-06-04 13:07:00+00:00,6-24h,11,7,6,False,0.7715,-0.22850000000000004,0.826,0.509,0.030000000000000027,0.016499999999999994,0.663,True,0.727,0.816
highest-temperature-in-hong-kong-on-june-5-2026,Hong Kong,2026-06-05,clean,2026-06-04 16:46:00+00:00,6-24h,11,7,7,False,0.7715,-0.22850000000000004,12174.267,23.752,0.01999999999999999,0.006999999999999999,12174.263,True,0.744,0.799
highest-temperature-in-hong-kong-on-june-5-2026,Hong Kong,2026-06-05,clean,2026-06-04 16:48:00+00:00,6-24h,11,7,7,False,0.7715,-0.22850000000000004,12294.267,33.113,0.01999999999999999,0.006999999999999999,12293.333,True,0.744,0.799
highest-temperature-in-hong-kong-on-june-5-2026,Hong Kong,2026-06-05,clean,2026-06-04 16:47:00+00:00,6-24h,11,7,7,False,0.7715,-0.22850000000000004,12234.267,1.828,0.01999999999999999,0.006999999999999999,12234.017,True,0.744,0.799
highest-temperature-in-hong-kong-on-june-5-2026,Hong Kong,2026-06-05,clean,2026-06-04 18:50:00+00:00,6-24h,11,7,7,False,0.7715,-0.22850000000000004,19614.267,5.956,0.030000000000000027,0.002,19611.821,True,0.744,0.799
highest-temperature-in-hong-kong-on-june-5-2026,Hong Kong,2026-06-05,clean,2026-06-04 16:49:00+00:00,6-24h,11,7,7,False,0.7715,-0.22850000000000004,12354.267,17.712,0.01999999999999999,0.006999999999999999,12353.449,True,0.744,0.799
highest-temperature-in-hong-kong-on-june-5-2026,Hong Kong,2026-06-05,clean,2026-06-04 16:29:00+00:00,6-24h,11,7,7,False,0.7715,-0.22850000000000004,11154.267,10.93,0.030000000000000027,0.006999999999999999,11153.934,True,0.7339999999999999,0.809
highest-temperature-in-hong-kong-on-june-5-2026,Hong Kong,2026-06-05,clean,2026-06-04 12:57:00+00:00,6-24h,11,7,6,False,0.7715,-0.22850000000000004,0.79,0.5075000000000001,0.020000000000000018,0.011500000000000003,0.475,True,0.737,0.8059999999999999
highest-temperature-in-hong-kong-on-june-5-2026,Hong Kong,2026-06-05,clean,2026-06-04 13:09:00+00:00,6-24h,11,7,6,False,0.7715,-0.22850000000000004,0.186,0.152,0.030000000000000027,0.016499999999999994,0.116,True,0.727,0.816
highest-temperature-in-hong-kong-on-june-5-2026,Hong Kong,2026-06-05,clean,2026-06-04 13:06:00+00:00,6-24h,11,7,6,False,0.7715,-0.22850000000000004,1.433,0.6235,0.030000000000000027,0.016499999999999994,1.38,True,0.727,0.816
highest-temperature-in-hong-kong-on-june-5-2026,Hong Kong,2026-06-05,clean,2026-06-04 13:01:00+00:00,6-24h,11,7,6,False,0.7715,-0.22850000000000004,0.494,0.398,0.020000000000000018,0.011500000000000003,0.278,True,0.737,0.8059999999999999
highest-temperature-in-hong-kong-on-june-5-2026,Hong Kong,2026-06-05,clean,2026-06-04 11:19:00+00:00,>24h,11,7,6,False,0.7719999999999999,-0.2280000000000001,4.247,1.3765,0.039999999999999994,0.01649999999999998,4.241,True,0.724,0.82
highest-temperature-in-hong-kong-on-june-5-2026,Hong Kong,2026-06-05,clean,2026-06-04 11:22:00+00:00,>24h,11,7,6,False,0.7719999999999999,-0.2280000000000001,12.29,0.3625,0.03,0.01649999999999998,12.243,True,0.724,0.82
highest-temperature-in-hong-kong-on-june-5-2026,Hong Kong,2026-06-05,clean,2026-06-04 11:55:00+00:00,>24h,11,7,6,False,0.7719999999999999,-0.2280000000000001,0.539,0.5295000000000001,0.040000000000000036,0.018999999999999996,0.53,True,0.711,0.8330000000000001
highest-temperature-in-hong-kong-on-june-5-2026,Hong Kong,2026-06-05,clean,2026-06-04 13:15:00+00:00,6-24h,11,7,6,False,0.772,-0.22799999999999998,8.816,7.823499999999999,0.040000000000000036,0.020000000000000004,8.782,True,0.718,0.826
highest-temperature-in-hong-kong-on-june-5-2026,Hong Kong,2026-06-05,clean,2026-06-04 12:50:00+00:00,6-24h,11,7,6,False,0.772,-0.22799999999999998,0.079,0.025500000000000002,0.030000000000000027,0.010000000000000002,0.073,True,0.738,0.8059999999999999
highest-temperature-in-hong-kong-on-june-5-2026,Hong Kong,2026-06-05,clean,2026-06-04 12:30:00+00:00,6-24h,11,7,6,False,0.772,-0.22799999999999998,11.246,2.224,0.01999999999999999,0.010000000000000002,11.238,True,0.742,0.8019999999999999
highest-temperature-in-hong-kong-on-june-5-2026,Hong Kong,2026-06-05,clean,2026-06-04 13:18:00+00:00,6-24h,11,7,6,False,0.772,-0.22799999999999998,39.672,15.761,0.040000000000000036,0.020000000000000004,39.531,True,0.718,0.826
highest-temperature-in-hong-kong-on-june-5-2026,Hong Kong,2026-06-05,clean,2026-06-04 12:51:00+00:00,6-24h,11,7,6,False,0.772,-0.22799999999999998,6.898,1.034,0.030000000000000027,0.010000000000000002,6.814,True,0.738,0.8059999999999999
highest-temperature-in-hong-kong-on-june-5-2026,Hong Kong,2026-06-05,clean,2026-06-04 13:17:00+00:00,6-24h,11,7,6,False,0.772,-0.22799999999999998,28.423,0.179,0.040000000000000036,0.020000000000000004,28.351,True,0.718,0.826
highest-temperature-in-hong-kong-on-june-5-2026,Hong Kong,2026-06-05,clean,2026-06-04 12:31:00+00:00,6-24h,11,7,6,False,0.772,-0.22799999999999998,7.201,1.5985,0.01999999999999999,0.010000000000000002,7.114,True,0.742,0.8019999999999999
highest-temperature-in-hong-kong-on-june-5-2026,Hong Kong,2026-06-05,clean,2026-06-04 13:16:00+00:00,6-24h,11,7,6,False,0.772,-0.22799999999999998,30.824,11.934,0.040000000000000036,0.020000000000000004,30.264,True,0.718,0.826
highest-temperature-in-moscow-on-june-4-2026,Moscow,2026-06-04,clean,2026-06-04 11:50:00+00:00,<1h,11,11,11,True,1.2275,0.22750000000000004,35944.016,11729.137,0.38,0.002,35943.88,False,0.916,1.5390000000000001
highest-temperature-in-hong-kong-on-june-5-2026,Hong Kong,2026-06-05,clean,2026-06-04 13:55:00+00:00,6-24h,11,7,7,False,0.7725,-0.22750000000000004,1914.267,0.681,0.03,0.009999999999999981,1914.266,True,0.729,0.816
highest-temperature-in-moscow-on-june-4-2026,Moscow,2026-06-04,clean,2026-06-04 10:43:00+00:00,1-6h,11,11,11,True,1.2274999999999998,0.2274999999999998,31924.016,7709.137,0.38,0.002,31924.006,False,0.897,1.558
highest-temperature-in-hong-kong-on-june-5-2026,Hong Kong,2026-06-05,clean,2026-06-04 17:17:00+00:00,6-24h,11,7,7,False,0.7729999999999999,-0.2270000000000001,14034.267,6.703,0.030000000000000027,0.006,14030.767,True,0.743,0.803
highest-temperature-in-hong-kong-on-june-5-2026,Hong Kong,2026-06-05,clean,2026-06-04 17:15:00+00:00,6-24h,11,7,7,False,0.7729999999999999,-0.2270000000000001,13914.267,7.774,0.030000000000000027,0.006,13910.469,True,0.743,0.803
highest-temperature-in-hong-kong-on-june-5-2026,Hong Kong,2026-06-05,clean,2026-06-04 17:16:00+00:00,6-24h,11,7,7,False,0.7729999999999999,-0.2270000000000001,13974.267,0.411,0.030000000000000027,0.006,13973.909,True,0.743,0.803
highest-temperature-in-hong-kong-on-june-5-2026,Hong Kong,2026-06-05,clean,2026-06-04 17:09:00+00:00,6-24h,11,7,7,False,0.773,-0.22699999999999998,13554.267,4.617,0.020000000000000018,0.006,13553.147,True,0.743,0.803
highest-temperature-in-hong-kong-on-june-5-2026,Hong Kong,2026-06-05,clean,2026-06-04 17:10:00+00:00,6-24h,11,7,7,False,0.773,-0.22699999999999998,13614.267,3.634,0.020000000000000018,0.006,13611.07,True,0.743,0.803
highest-temperature-in-hong-kong-on-june-5-2026,Hong Kong,2026-06-05,clean,2026-06-04 11:41:00+00:00,>24h,11,7,6,False,0.773,-0.22699999999999998,20.304,1.149,0.039999999999999994,0.012000000000000007,19.986,True,0.724,0.822
highest-temperature-in-hong-kong-on-june-5-2026,Hong Kong,2026-06-05,clean,2026-06-04 16:17:00+00:00,6-24h,11,7,7,False,0.7730000000000001,-0.22699999999999987,10434.267,4.949,0.030000000000000027,0.010000000000000002,10432.614,True,0.734,0.8119999999999999
highest-temperature-in-hong-kong-on-june-5-2026,Hong Kong,2026-06-05,clean,2026-06-04 16:14:00+00:00,6-24h,11,7,7,False,0.7730000000000001,-0.22699999999999987,10254.267,33.358,0.030000000000000027,0.01999999999999999,10252.609,True,0.724,0.822
highest-temperature-in-shenzhen-on-june-9-2026,Shenzhen,2026-06-09,clean,2026-06-07 05:05:00+00:00,>24h,11,11,11,True,1.2265000000000001,0.22650000000000015,99.054,11.361,0.27,0.15,91.358,False,0.46499999999999997,1.9880000000000002
highest-temperature-in-shenzhen-on-june-9-2026,Shenzhen,2026-06-09,clean,2026-06-07 05:07:00+00:00,>24h,11,11,11,True,1.2265000000000001,0.22650000000000015,143.399,64.145,0.27,0.15,136.801,False,0.46499999999999997,1.9880000000000002
highest-temperature-in-shenzhen-on-june-9-2026,Shenzhen,2026-06-09,clean,2026-06-07 05:06:00+00:00,>24h,11,11,11,True,1.2265000000000001,0.22650000000000015,83.399,31.569,0.27,0.15,79.565,False,0.46499999999999997,1.9880000000000002
highest-temperature-in-moscow-on-june-4-2026,Moscow,2026-06-04,clean,2026-06-04 11:53:00+00:00,<1h,11,11,11,True,1.2265000000000001,0.22650000000000015,36124.016,11909.137,0.38,0.002,36117.47,False,0.8590000000000001,1.5939999999999999
highest-temperature-in-hong-kong-on-june-5-2026,Hong Kong,2026-06-05,clean,2026-06-04 03:50:00+00:00,>24h,11,7,6,False,0.7739999999999999,-0.2260000000000001,16.224,5.7170000000000005,0.03,0.01999999999999999,16.093,True,0.725,0.823
highest-temperature-in-hong-kong-on-june-5-2026,Hong Kong,2026-06-05,clean,2026-06-04 03:49:00+00:00,>24h,11,7,6,False,0.7739999999999999,-0.2260000000000001,4.671,0.698,0.03,0.01999999999999999,3.974,True,0.725,0.823
highest-temperature-in-hong-kong-on-june-5-2026,Hong Kong,2026-06-05,clean,2026-06-04 12:46:00+00:00,6-24h,11,7,6,False,0.774,-0.22599999999999998,23.078,0.6679999999999999,0.010000000000000009,0.009499999999999995,22.994,True,0.752,0.7959999999999999
highest-temperature-in-hong-kong-on-june-5-2026,Hong Kong,2026-06-05,clean,2026-06-04 12:47:00+00:00,6-24h,11,7,6,False,0.774,-0.22599999999999998,14.64,13.679,0.010000000000000009,0.009499999999999995,13.758,True,0.752,0.7959999999999999
highest-temperature-in-singapore-on-june-6-2026,Singapore,2026-06-06,degraded,2026-06-05 04:54:00+00:00,>24h,11,11,6,False,1.226,0.22599999999999998,6.361,6.352,0.24,0.17400000000000002,3.774,False,0.773,1.6790000000000003
highest-temperature-in-moscow-on-june-4-2026,Moscow,2026-06-04,clean,2026-06-04 11:47:00+00:00,<1h,11,11,11,True,1.2259999999999998,0.22599999999999976,35764.016,11549.137,0.38,0.002,35763.976,False,0.89,1.562
highest-temperature-in-hong-kong-on-june-5-2026,Hong Kong,2026-06-05,clean,2026-06-04 18:58:00+00:00,6-24h,11,7,7,False,0.7745,-0.22550000000000003,20094.267,21.398,0.020000000000000018,0.006999999999999999,20094.236,True,0.744,0.8049999999999999
highest-temperature-in-hong-kong-on-june-5-2026,Hong Kong,2026-06-05,clean,2026-06-04 03:46:00+00:00,>24h,11,7,6,False,0.7745,-0.22550000000000003,1.753,1.693,0.025999999999999995,0.014999999999999979,0.543,True,0.735,0.814
highest-temperature-in-austin-on-june-11-2026,Austin,2026-06-11,degraded,2026-06-10 02:00:00+00:00,>24h,11,11,11,True,1.2254999999999998,0.2254999999999998,141.099,97.994,0.16,0.06999999999999995,133.136,False,0.8240000000000001,1.6270000000000002
highest-temperature-in-austin-on-june-11-2026,Austin,2026-06-11,degraded,2026-06-10 01:59:00+00:00,>24h,11,11,11,True,1.2254999999999998,0.2254999999999998,81.099,37.995,0.16,0.06999999999999995,43.109,False,0.8240000000000001,1.6270000000000002
highest-temperature-in-austin-on-june-11-2026,Austin,2026-06-11,degraded,2026-06-10 01:58:00+00:00,>24h,11,11,11,True,1.2254999999999998,0.2254999999999998,23.014,18.599,0.16,0.06999999999999995,9.649000000000001,False,0.8240000000000001,1.6270000000000002
highest-temperature-in-hong-kong-on-june-5-2026,Hong Kong,2026-06-05,clean,2026-06-04 17:34:00+00:00,6-24h,11,7,7,False,0.775,-0.22499999999999998,15054.267,37.775,0.020000000000000004,0.008,15044.163,True,0.743,0.807
highest-temperature-in-hong-kong-on-june-5-2026,Hong Kong,2026-06-05,clean,2026-06-04 17:33:00+00:00,6-24h,11,7,7,False,0.775,-0.22499999999999998,14994.267,0.376,0.020000000000000004,0.008,14994.175,True,0.743,0.807
highest-temperature-in-hong-kong-on-june-5-2026,Hong Kong,2026-06-05,clean,2026-06-04 20:10:00+00:00,6-24h,11,7,7,False,0.7755000000000001,-0.22449999999999992,24414.267,2.644,0.020000000000000004,0.010000000000000009,24412.261,True,0.7390000000000001,0.8119999999999999
highest-temperature-in-manila-on-june-11-2026,Manila,2026-06-11,degraded,2026-06-09 04:47:00+00:00,>24h,11,11,11,True,1.2244999999999997,0.2244999999999997,10.87,8.024,0.22999999999999998,0.11000000000000001,7.717,False,0.664,1.785
highest-temperature-in-hong-kong-on-june-5-2026,Hong Kong,2026-06-05,clean,2026-06-04 11:50:00+00:00,>24h,11,7,6,False,0.7759999999999999,-0.2240000000000001,7.357,3.7135,0.040000000000000036,0.013999999999999995,7.219,True,0.72,0.832
highest-temperature-in-hong-kong-on-june-5-2026,Hong Kong,2026-06-05,clean,2026-06-04 11:28:00+00:00,>24h,11,7,6,False,0.776,-0.22399999999999998,0.41,0.309,0.03,0.01649999999999998,0.399,True,0.732,0.82
highest-temperature-in-hong-kong-on-june-5-2026,Hong Kong,2026-06-05,clean,2026-06-04 13:10:00+00:00,6-24h,11,7,6,False,0.776,-0.22399999999999998,6.968,0.118,0.030000000000000027,0.020000000000000004,6.862,True,0.727,0.8250000000000001
highest-temperature-in-hong-kong-on-june-5-2026,Hong Kong,2026-06-05,clean,2026-06-04 12:32:00+00:00,6-24h,11,7,6,False,0.776,-0.22399999999999998,1.532,0.6359999999999999,0.012999999999999998,0.010000000000000002,1.486,True,0.752,0.7999999999999999
highest-temperature-in-moscow-on-june-4-2026,Moscow,2026-06-04,clean,2026-06-04 10:40:00+00:00,1-6h,11,11,11,True,1.224,0.22399999999999998,31744.016,7529.137,0.38,0.002,31744.007,False,0.8720000000000001,1.576
highest-temperature-in-shenzhen-on-june-9-2026,Shenzhen,2026-06-09,clean,2026-06-07 06:07:00+00:00,>24h,11,11,11,True,1.2235000000000003,0.22350000000000025,129.545,58.443,0.22999999999999998,0.1,109.814,False,0.7130000000000001,1.7340000000000002
highest-temperature-in-hong-kong-on-june-5-2026,Hong Kong,2026-06-05,clean,2026-06-04 18:56:00+00:00,6-24h,11,7,7,False,0.7765,-0.22350000000000003,19974.267,1.197,0.020000000000000018,0.002,19973.997,True,0.744,0.8089999999999999
highest-temperature-in-hong-kong-on-june-5-2026,Hong Kong,2026-06-05,clean,2026-06-04 18:57:00+00:00,6-24h,11,7,7,False,0.7765,-0.22350000000000003,20034.267,0.261,0.020000000000000018,0.002,20034.222,True,0.744,0.8089999999999999
highest-temperature-in-hong-kong-on-june-5-2026,Hong Kong,2026-06-05,clean,2026-06-04 18:53:00+00:00,6-24h,11,7,7,False,0.7765,-0.22350000000000003,19794.267,0.38,0.030000000000000027,0.002,19794.234,True,0.744,0.8089999999999999
highest-temperature-in-hong-kong-on-june-5-2026,Hong Kong,2026-06-05,clean,2026-06-04 18:34:00+00:00,6-24h,11,7,7,False,0.7765,-0.22350000000000003,18654.267,18.771,0.03,0.002,18654.239,True,0.744,0.8089999999999999
highest-temperature-in-hong-kong-on-june-5-2026,Hong Kong,2026-06-05,clean,2026-06-04 16:44:00+00:00,6-24h,11,7,7,False,0.7765,-0.22350000000000003,12054.267,10.637,0.010000000000000009,0.006999999999999999,12054.039,True,0.7539999999999999,0.799
highest-temperature-in-hong-kong-on-june-5-2026,Hong Kong,2026-06-05,clean,2026-06-04 16:45:00+00:00,6-24h,11,7,7,False,0.7765,-0.22350000000000003,12114.267,20.357,0.010000000000000009,0.006999999999999999,12113.606,True,0.7539999999999999,0.799
highest-temperature-in-hong-kong-on-june-5-2026,Hong Kong,2026-06-05,clean,2026-06-04 13:08:00+00:00,6-24h,11,7,6,False,0.7765,-0.22350000000000003,1.06,0.16549999999999998,0.020000000000000018,0.016499999999999994,1.042,True,0.737,0.816
highest-temperature-in-hong-kong-on-june-5-2026,Hong Kong,2026-06-05,clean,2026-06-04 13:12:00+00:00,6-24h,11,7,6,False,0.7765,-0.22350000000000003,30.627,9.173499999999999,0.050000000000000044,0.020000000000000004,30.519,True,0.717,0.836
highest-temperature-in-shenzhen-on-june-9-2026,Shenzhen,2026-06-09,clean,2026-06-07 06:04:00+00:00,>24h,11,11,11,True,1.2235,0.22350000000000003,49.636,11.825,0.22999999999999998,0.1,49.628,False,0.7030000000000001,1.7440000000000004
highest-temperature-in-hong-kong-on-june-5-2026,Hong Kong,2026-06-05,clean,2026-06-04 18:37:00+00:00,6-24h,11,7,7,False,0.7765000000000001,-0.22349999999999992,18834.267,30.59,0.01999999999999999,0.002,18826.088,True,0.754,0.7989999999999999
highest-temperature-in-hong-kong-on-june-5-2026,Hong Kong,2026-06-05,clean,2026-06-04 18:36:00+00:00,6-24h,11,7,7,False,0.7765000000000001,-0.22349999999999992,18774.267,0.272,0.01999999999999999,0.002,18774.211,True,0.754,0.7989999999999999
highest-temperature-in-shenzhen-on-june-9-2026,Shenzhen,2026-06-09,clean,2026-06-07 05:04:00+00:00,>24h,11,11,11,True,1.223,0.2230000000000001,62.996,45.251,0.27,0.15,54.644,False,0.45799999999999996,1.9880000000000002
highest-temperature-in-hong-kong-on-june-5-2026,Hong Kong,2026-06-05,clean,2026-06-04 11:20:00+00:00,>24h,11,7,6,False,0.7769999999999999,-0.2230000000000001,2.828,1.7335,0.039999999999999994,0.01649999999999998,2.7800000000000002,True,0.724,0.83
highest-temperature-in-hong-kong-on-june-5-2026,Hong Kong,2026-06-05,clean,2026-06-04 11:21:00+00:00,>24h,11,7,6,False,0.7769999999999999,-0.2230000000000001,7.908,3.3005,0.039999999999999994,0.01649999999999998,7.812,True,0.724,0.83
highest-temperature-in-hong-kong-on-june-5-2026,Hong Kong,2026-06-05,clean,2026-06-04 11:23:00+00:00,>24h,11,7,6,False,0.7769999999999999,-0.2230000000000001,5.552,5.263999999999999,0.039999999999999994,0.01649999999999998,4.35,True,0.724,0.83
highest-temperature-in-hong-kong-on-june-5-2026,Hong Kong,2026-06-05,clean,2026-06-04 11:24:00+00:00,>24h,11,7,6,False,0.7769999999999999,-0.2230000000000001,0.301,0.1975,0.039999999999999994,0.01649999999999998,0.265,True,0.724,0.83
highest-temperature-in-hong-kong-on-june-5-2026,Hong Kong,2026-06-05,clean,2026-06-04 12:49:00+00:00,6-24h,11,7,6,False,0.7769999999999999,-0.2230000000000001,21.496,7.8605,0.020000000000000018,0.010000000000000002,20.597,True,0.748,0.8059999999999999
highest-temperature-in-hong-kong-on-june-5-2026,Hong Kong,2026-06-05,clean,2026-06-04 12:48:00+00:00,6-24h,11,7,6,False,0.7769999999999999,-0.2230000000000001,12.465,0.8430000000000001,0.020000000000000018,0.010000000000000002,12.44,True,0.748,0.8059999999999999
highest-temperature-in-moscow-on-june-4-2026,Moscow,2026-06-04,clean,2026-06-04 10:55:00+00:00,1-6h,11,11,11,True,1.223,0.2230000000000001,32644.016,8429.137,0.38,0.002,32644.006,False,0.904,1.542
highest-temperature-in-hong-kong-on-june-5-2026,Hong Kong,2026-06-05,clean,2026-06-04 13:14:00+00:00,6-24h,11,7,6,False,0.777,-0.22299999999999998,2.549,0.792,0.030000000000000027,0.020000000000000004,2.5140000000000002,True,0.728,0.826
highest-temperature-in-hong-kong-on-june-5-2026,Hong Kong,2026-06-05,clean,2026-06-04 13:22:00+00:00,6-24h,11,7,6,False,0.777,-0.22299999999999998,63.47,49.278,0.030000000000000027,0.020000000000000004,62.896,True,0.728,0.826
highest-temperature-in-hong-kong-on-june-5-2026,Hong Kong,2026-06-05,clean,2026-06-04 11:54:00+00:00,>24h,11,7,6,False,0.777,-0.22299999999999998,0.187,0.043,0.04000000000000001,0.018999999999999996,0.182,True,0.721,0.8330000000000001
highest-temperature-in-hong-kong-on-june-5-2026,Hong Kong,2026-06-05,clean,2026-06-04 13:13:00+00:00,6-24h,11,7,6,False,0.777,-0.22299999999999998,2.249,1.3559999999999999,0.030000000000000027,0.020000000000000004,2.216,True,0.728,0.826
highest-temperature-in-hong-kong-on-june-5-2026,Hong Kong,2026-06-05,clean,2026-06-04 13:19:00+00:00,6-24h,11,7,6,False,0.777,-0.22299999999999998,21.492,1.4569999999999999,0.030000000000000027,0.020000000000000004,21.405,True,0.728,0.826
highest-temperature-in-hong-kong-on-june-5-2026,Hong Kong,2026-06-05,clean,2026-06-04 13:20:00+00:00,6-24h,11,7,6,False,0.777,-0.22299999999999998,7.634,6.8045,0.030000000000000027,0.020000000000000004,7.522,True,0.728,0.826
highest-temperature-in-hong-kong-on-june-5-2026,Hong Kong,2026-06-05,clean,2026-06-04 13:21:00+00:00,6-24h,11,7,6,False,0.777,-0.22299999999999998,3.47,2.5725,0.030000000000000027,0.020000000000000004,3.312,True,0.728,0.826
highest-temperature-in-moscow-on-june-4-2026,Moscow,2026-06-04,clean,2026-06-04 10:49:00+00:00,1-6h,11,11,11,True,1.2229999999999999,0.22299999999999986,32284.016,8069.137,0.38,0.002,32282.912,False,0.918,1.528
highest-temperature-in-hong-kong-on-june-5-2026,Hong Kong,2026-06-05,clean,2026-06-04 17:14:00+00:00,6-24h,11,7,7,False,0.778,-0.22199999999999998,13854.267,13.703,0.020000000000000018,0.006,13852.286,True,0.753,0.803
highest-temperature-in-hong-kong-on-june-5-2026,Hong Kong,2026-06-05,clean,2026-06-04 17:12:00+00:00,6-24h,11,7,7,False,0.778,-0.22199999999999998,13734.267,3.713,0.020000000000000018,0.006,13733.825,True,0.753,0.803
highest-temperature-in-hong-kong-on-june-5-2026,Hong Kong,2026-06-05,clean,2026-06-04 17:13:00+00:00,6-24h,11,7,7,False,0.778,-0.22199999999999998,13794.267,0.209,0.020000000000000018,0.006,13794.222,True,0.753,0.803
highest-temperature-in-hong-kong-on-june-5-2026,Hong Kong,2026-06-05,clean,2026-06-04 17:11:00+00:00,6-24h,11,7,7,False,0.778,-0.22199999999999998,13674.267,3.558,0.020000000000000018,0.006,13674.091,True,0.753,0.803
highest-temperature-in-wuhan-on-june-10-2026,Wuhan,2026-06-10,clean,2026-06-08 04:39:00+00:00,>24h,11,10,9,False,1.222,0.22199999999999998,37.234,35.634,0.5499999999999999,0.159,24.782,True,0.42400000000000004,2.02
highest-temperature-in-kuala-lumpur-on-june-5-2026,Kuala Lumpur,2026-06-05,clean,2026-06-05 06:03:00+00:00,1-6h,11,11,11,True,1.2215,0.22150000000000003,70149.429,4578.25,0.26,0.003,70143.641,False,0.8540000000000001,1.589
highest-temperature-in-hong-kong-on-june-5-2026,Hong Kong,2026-06-05,clean,2026-06-04 17:23:00+00:00,6-24h,11,7,7,False,0.7785,-0.22150000000000003,14394.267,10.279,0.010000000000000009,0.004999999999999999,14390.535,True,0.757,0.7999999999999999
highest-temperature-in-hong-kong-on-june-5-2026,Hong Kong,2026-06-05,clean,2026-06-04 17:21:00+00:00,6-24h,11,7,7,False,0.7789999999999999,-0.22100000000000009,14274.267,5.45,0.010000000000000009,0.006,14273.532,True,0.757,0.801
highest-temperature-in-hong-kong-on-june-5-2026,Hong Kong,2026-06-05,clean,2026-06-04 17:22:00+00:00,6-24h,11,7,7,False,0.7789999999999999,-0.22100000000000009,14334.267,13.697,0.010000000000000009,0.006,14330.364,True,0.757,0.801
highest-temperature-in-moscow-on-june-4-2026,Moscow,2026-06-04,clean,2026-06-04 11:12:00+00:00,<1h,11,11,11,True,1.221,0.22100000000000009,33664.016,9449.137,0.38,0.002,33663.934,False,0.912,1.53
highest-temperature-in-hong-kong-on-june-5-2026,Hong Kong,2026-06-05,clean,2026-06-04 18:22:00+00:00,6-24h,11,7,7,False,0.7794999999999999,-0.22050000000000014,17934.267,13.426,0.01999999999999999,0.006999999999999999,17934.14,True,0.754,0.8049999999999999
highest-temperature-in-hong-kong-on-june-5-2026,Hong Kong,2026-06-05,clean,2026-06-04 19:00:00+00:00,6-24h,11,7,7,False,0.7795,-0.22050000000000003,20214.267,2.175,0.020000000000000018,0.006999999999999999,20212.472,True,0.754,0.8049999999999999
highest-temperature-in-hong-kong-on-june-5-2026,Hong Kong,2026-06-05,clean,2026-06-04 19:01:00+00:00,6-24h,11,7,7,False,0.7795,-0.22050000000000003,20274.267,6.939,0.020000000000000018,0.006999999999999999,20271.233,True,0.754,0.8049999999999999
highest-temperature-in-hong-kong-on-june-5-2026,Hong Kong,2026-06-05,clean,2026-06-04 19:04:00+00:00,6-24h,11,7,7,False,0.7795,-0.22050000000000003,20454.267,1.528,0.020000000000000018,0.006999999999999999,20453.905,True,0.754,0.8049999999999999
highest-temperature-in-hong-kong-on-june-5-2026,Hong Kong,2026-06-05,clean,2026-06-04 18:59:00+00:00,6-24h,11,7,7,False,0.7795,-0.22050000000000003,20154.267,5.211,0.020000000000000018,0.006999999999999999,20150.514,True,0.754,0.8049999999999999
highest-temperature-in-hong-kong-on-june-5-2026,Hong Kong,2026-06-05,clean,2026-06-04 19:02:00+00:00,6-24h,11,7,7,False,0.7795,-0.22050000000000003,20334.267,2.559,0.020000000000000018,0.006999999999999999,20333.983,True,0.754,0.8049999999999999
highest-temperature-in-hong-kong-on-june-5-2026,Hong Kong,2026-06-05,clean,2026-06-04 19:03:00+00:00,6-24h,11,7,7,False,0.7795,-0.22050000000000003,20394.267,2.446,0.020000000000000018,0.006999999999999999,20393.345,True,0.754,0.8049999999999999
highest-temperature-in-manila-on-june-11-2026,Manila,2026-06-11,degraded,2026-06-09 04:44:00+00:00,>24h,11,11,11,True,1.2205,0.22049999999999992,5.191,3.022,0.23,0.11000000000000001,4.19,False,0.6450000000000001,1.7959999999999998
highest-temperature-in-hong-kong-on-june-5-2026,Hong Kong,2026-06-05,clean,2026-06-04 17:35:00+00:00,6-24h,11,7,7,False,0.7799999999999999,-0.22000000000000008,15114.267,40.8,0.020000000000000018,0.008,15107.949,True,0.743,0.8170000000000001
highest-temperature-in-kuala-lumpur-on-june-5-2026,Kuala Lumpur,2026-06-05,clean,2026-06-04 00:01:00+00:00,>24h,11,11,3,False,0.78,-0.21999999999999997,14.228,3.827,0.15999999999999998,0.06,12.731,False,0.65,0.91
highest-temperature-in-hong-kong-on-june-5-2026,Hong Kong,2026-06-05,clean,2026-06-04 17:30:00+00:00,6-24h,11,7,7,False,0.7805,-0.21950000000000003,14814.267,28.315,0.020000000000000018,0.008,14810.424,True,0.743,0.818
highest-temperature-in-hong-kong-on-june-5-2026,Hong Kong,2026-06-05,clean,2026-06-04 17:29:00+00:00,6-24h,11,7,7,False,0.7805,-0.21950000000000003,14754.267,30.02,0.020000000000000018,0.008,14750.331,True,0.743,0.818
highest-temperature-in-hong-kong-on-june-5-2026,Hong Kong,2026-06-05,clean,2026-06-04 17:28:00+00:00,6-24h,11,7,7,False,0.7805,-0.21950000000000003,14694.267,23.967,0.020000000000000018,0.008,14677.228,True,0.743,0.818
highest-temperature-in-hong-kong-on-june-5-2026,Hong Kong,2026-06-05,clean,2026-06-04 10:39:00+00:00,>24h,11,7,6,False,0.7805,-0.21950000000000003,11.653,1.7905,0.10999999999999999,0.041,11.354,True,0.6329999999999999,0.9279999999999999
highest-temperature-in-hong-kong-on-june-5-2026,Hong Kong,2026-06-05,clean,2026-06-04 17:32:00+00:00,6-24h,11,7,7,False,0.7805,-0.21950000000000003,14934.267,31.163,0.020000000000000018,0.008,14933.665,True,0.743,0.818
highest-temperature-in-shenzhen-on-june-9-2026,Shenzhen,2026-06-09,clean,2026-06-07 05:03:00+00:00,>24h,11,11,11,True,1.2194999999999998,0.2194999999999998,5.99,2.993,0.27,0.15000000000000002,3.001,False,0.45100000000000007,1.9880000000000002
highest-temperature-in-hong-kong-on-june-5-2026,Hong Kong,2026-06-05,clean,2026-06-04 18:02:00+00:00,6-24h,11,7,7,False,0.781,-0.21899999999999997,16734.267,8.583,0.01999999999999999,0.010000000000000009,16730.341,True,0.7530000000000001,0.809
highest-temperature-in-hong-kong-on-june-5-2026,Hong Kong,2026-06-05,clean,2026-06-04 18:01:00+00:00,6-24h,11,7,7,False,0.781,-0.21899999999999997,16674.267,14.094,0.01999999999999999,0.010000000000000009,16663.545,True,0.7530000000000001,0.809
highest-temperature-in-hong-kong-on-june-5-2026,Hong Kong,2026-06-05,clean,2026-06-04 17:27:00+00:00,6-24h,11,7,7,False,0.781,-0.21899999999999997,14634.267,14.915,0.020000000000000018,0.008,14620.244,True,0.743,0.8190000000000001
highest-temperature-in-hong-kong-on-june-5-2026,Hong Kong,2026-06-05,clean,2026-06-04 17:26:00+00:00,6-24h,11,7,7,False,0.781,-0.21899999999999997,14574.267,16.54,0.020000000000000018,0.008,14560.136,True,0.743,0.8190000000000001
highest-temperature-in-moscow-on-june-4-2026,Moscow,2026-06-04,clean,2026-06-04 11:56:00+00:00,<1h,11,11,11,True,1.2189999999999999,0.21899999999999986,36304.016,12089.137,0.38,0.002,36303.136,False,0.9570000000000001,1.4809999999999999
highest-temperature-in-hong-kong-on-june-5-2026,Hong Kong,2026-06-05,clean,2026-06-04 18:29:00+00:00,6-24h,11,7,7,False,0.7814999999999999,-0.21850000000000014,18354.267,50.291,0.03,0.002,18348.538,True,0.754,0.8089999999999999
highest-temperature-in-hong-kong-on-june-5-2026,Hong Kong,2026-06-05,clean,2026-06-04 18:26:00+00:00,6-24h,11,7,7,False,0.7814999999999999,-0.21850000000000014,18174.267,5.292,0.03,0.002,18174.242,True,0.754,0.8089999999999999
highest-temperature-in-hong-kong-on-june-5-2026,Hong Kong,2026-06-05,clean,2026-06-04 18:27:00+00:00,6-24h,11,7,7,False,0.7814999999999999,-0.21850000000000014,18234.267,1.116,0.03,0.002,18233.451,True,0.754,0.8089999999999999
highest-temperature-in-hong-kong-on-june-5-2026,Hong Kong,2026-06-05,clean,2026-06-04 18:28:00+00:00,6-24h,11,7,7,False,0.7814999999999999,-0.21850000000000014,18294.267,26.155,0.03,0.002,18292.986,True,0.754,0.8089999999999999
highest-temperature-in-hong-kong-on-june-5-2026,Hong Kong,2026-06-05,clean,2026-06-04 18:23:00+00:00,6-24h,11,7,7,False,0.7814999999999999,-0.21850000000000014,17994.267,2.758,0.03,0.002,17992.618,True,0.754,0.8089999999999999
highest-temperature-in-hong-kong-on-june-5-2026,Hong Kong,2026-06-05,clean,2026-06-04 18:00:00+00:00,6-24h,11,7,7,False,0.7815,-0.21850000000000003,16614.267,28.65,0.01999999999999999,0.010000000000000009,16612.045,True,0.754,0.809
highest-temperature-in-hong-kong-on-june-5-2026,Hong Kong,2026-06-05,clean,2026-06-04 18:48:00+00:00,6-24h,11,7,7,False,0.7815,-0.21850000000000003,19494.267,14.268,0.010000000000000009,0.002,19494.221,True,0.764,0.799
highest-temperature-in-hong-kong-on-june-5-2026,Hong Kong,2026-06-05,clean,2026-06-04 11:03:00+00:00,>24h,11,7,6,False,0.7815,-0.21850000000000003,16.49,1.429,0.030000000000000027,0.012500000000000004,16.412,True,0.742,0.8210000000000001
highest-temperature-in-hong-kong-on-june-5-2026,Hong Kong,2026-06-05,clean,2026-06-04 18:42:00+00:00,6-24h,11,7,7,False,0.7815000000000001,-0.21849999999999992,19134.267,7.425,0.020000000000000004,0.002,19133.126,True,0.754,0.8089999999999999
highest-temperature-in-moscow-on-june-4-2026,Moscow,2026-06-04,clean,2026-06-04 11:09:00+00:00,<1h,11,11,11,True,1.2185,0.21849999999999992,33484.016,9269.137,0.38,0.002,33483.976,False,0.88,1.5570000000000002
highest-temperature-in-shenzhen-on-june-9-2026,Shenzhen,2026-06-09,clean,2026-06-07 06:03:00+00:00,>24h,11,11,11,True,1.2185,0.21849999999999992,40.002,9.692,0.22999999999999998,0.1,40.002,False,0.7030000000000001,1.7340000000000002
highest-temperature-in-hong-kong-on-june-5-2026,Hong Kong,2026-06-05,clean,2026-06-04 18:55:00+00:00,6-24h,11,7,7,False,0.7815000000000001,-0.21849999999999992,19914.267,11.78,0.020000000000000018,0.002,19911.72,True,0.754,0.8089999999999999
highest-temperature-in-hong-kong-on-june-5-2026,Hong Kong,2026-06-05,clean,2026-06-04 11:27:00+00:00,>24h,11,7,6,False,0.7819999999999999,-0.21800000000000008,5.225,1.1495,0.039999999999999994,0.01649999999999998,5.076,True,0.734,0.83
highest-temperature-in-hong-kong-on-june-5-2026,Hong Kong,2026-06-05,clean,2026-06-04 17:59:00+00:00,6-24h,11,7,7,False,0.7819999999999999,-0.21800000000000008,16554.267,31.975,0.01999999999999999,0.010000000000000009,16545.618,True,0.754,0.8099999999999999
highest-temperature-in-moscow-on-june-4-2026,Moscow,2026-06-04,clean,2026-06-04 10:47:00+00:00,1-6h,11,11,11,True,1.218,0.21799999999999997,32164.016,7949.137,0.38,0.002,32163.99,False,0.908,1.528
highest-temperature-in-moscow-on-june-4-2026,Moscow,2026-06-04,clean,2026-06-04 10:48:00+00:00,1-6h,11,11,11,True,1.218,0.21799999999999997,32224.016,8009.137,0.38,0.002,32223.97,False,0.908,1.528
highest-temperature-in-hong-kong-on-june-5-2026,Hong Kong,2026-06-05,clean,2026-06-04 11:58:00+00:00,>24h,11,7,6,False,0.782,-0.21799999999999997,63.772,0.747,0.06,0.018999999999999996,63.611,True,0.701,0.8630000000000001
highest-temperature-in-hong-kong-on-june-5-2026,Hong Kong,2026-06-05,clean,2026-06-04 13:56:00+00:00,6-24h,11,7,7,False,0.7825,-0.21750000000000003,1974.267,0.348,0.03,0.009999999999999981,1973.995,True,0.739,0.826
highest-temperature-in-hong-kong-on-june-5-2026,Hong Kong,2026-06-05,clean,2026-06-04 17:58:00+00:00,6-24h,11,7,7,False,0.7825,-0.21750000000000003,16494.267,14.061,0.01999999999999999,0.010000000000000009,16493.849,True,0.754,0.811
highest-temperature-in-hong-kong-on-june-5-2026,Hong Kong,2026-06-05,clean,2026-06-04 17:57:00+00:00,6-24h,11,7,7,False,0.7825,-0.21750000000000003,16434.267,5.942,0.01999999999999999,0.010000000000000009,16430.553,True,0.754,0.811
highest-temperature-in-hong-kong-on-june-5-2026,Hong Kong,2026-06-05,clean,2026-06-04 11:31:00+00:00,>24h,11,7,6,False,0.7829999999999999,-0.21700000000000008,1.492,0.7190000000000001,0.04999999999999999,0.01199999999999998,1.405,True,0.724,0.842
highest-temperature-in-hong-kong-on-june-5-2026,Hong Kong,2026-06-05,clean,2026-06-04 17:56:00+00:00,6-24h,11,7,7,False,0.7829999999999999,-0.21700000000000008,16374.267,11.296,0.010000000000000009,0.008,16374.12,True,0.7619999999999999,0.8039999999999999
highest-temperature-in-hong-kong-on-june-5-2026,Hong Kong,2026-06-05,clean,2026-06-04 17:51:00+00:00,6-24h,11,7,7,False,0.783,-0.21699999999999997,16074.267,3.664,0.020000000000000018,0.008,16073.64,True,0.7519999999999999,0.814
highest-temperature-in-hong-kong-on-june-5-2026,Hong Kong,2026-06-05,clean,2026-06-04 17:52:00+00:00,6-24h,11,7,7,False,0.783,-0.21699999999999997,16134.267,13.121,0.020000000000000018,0.008,16128.87,True,0.7519999999999999,0.814
highest-temperature-in-hong-kong-on-june-5-2026,Hong Kong,2026-06-05,clean,2026-06-04 17:53:00+00:00,6-24h,11,7,7,False,0.783,-0.21699999999999997,16194.267,4.046,0.020000000000000018,0.008,16192.945,True,0.7519999999999999,0.814
highest-temperature-in-shenzhen-on-june-9-2026,Shenzhen,2026-06-09,clean,2026-06-07 05:29:00+00:00,>24h,11,11,11,True,1.2169999999999999,0.21699999999999986,16.251,10.093,0.19999999999999998,0.13999999999999999,15.3,False,0.6160000000000001,1.8180000000000003
highest-temperature-in-shenzhen-on-june-9-2026,Shenzhen,2026-06-09,clean,2026-06-07 05:28:00+00:00,>24h,11,11,11,True,1.2165000000000001,0.21650000000000014,8.335,7.435,0.19999999999999998,0.13999999999999999,2.099,False,0.6150000000000001,1.8180000000000003
highest-temperature-in-kuala-lumpur-on-june-5-2026,Kuala Lumpur,2026-06-05,clean,2026-06-05 06:06:00+00:00,1-6h,11,11,11,True,1.2165000000000001,0.21650000000000014,70329.429,4758.25,0.26,0.003,70323.305,False,0.8540000000000001,1.5789999999999997
highest-temperature-in-kuala-lumpur-on-june-5-2026,Kuala Lumpur,2026-06-05,clean,2026-06-05 06:05:00+00:00,1-6h,11,11,11,True,1.2165000000000001,0.21650000000000014,70269.429,4698.25,0.26,0.003,70257.941,False,0.8540000000000001,1.5789999999999997
highest-temperature-in-kuala-lumpur-on-june-5-2026,Kuala Lumpur,2026-06-05,clean,2026-06-05 06:04:00+00:00,1-6h,11,11,11,True,1.2165000000000001,0.21650000000000014,70209.429,4638.25,0.26,0.003,70205.29,False,0.8540000000000001,1.5789999999999997
highest-temperature-in-kuala-lumpur-on-june-5-2026,Kuala Lumpur,2026-06-05,clean,2026-06-05 06:07:00+00:00,1-6h,11,11,11,True,1.2165000000000001,0.21650000000000014,70389.429,4818.25,0.26,0.003,70375.042,False,0.8540000000000001,1.5789999999999997
highest-temperature-in-hong-kong-on-june-5-2026,Hong Kong,2026-06-05,clean,2026-06-04 11:59:00+00:00,>24h,11,7,6,False,0.7835,-0.21650000000000003,1.184,0.898,0.05000000000000002,0.017999999999999995,0.831,True,0.724,0.8430000000000001
highest-temperature-in-hong-kong-on-june-5-2026,Hong Kong,2026-06-05,clean,2026-06-04 16:11:00+00:00,6-24h,11,7,7,False,0.7835000000000001,-0.21649999999999991,10074.267,6.536,0.03,0.009999999999999995,10073.419,True,0.7450000000000001,0.822
highest-temperature-in-shenzhen-on-june-9-2026,Shenzhen,2026-06-09,clean,2026-06-07 05:30:00+00:00,>24h,11,11,11,True,1.216,0.21599999999999997,34.999,22.92,0.19999999999999998,0.13999999999999999,24.307,False,0.6150000000000001,1.8170000000000004
highest-temperature-in-moscow-on-june-4-2026,Moscow,2026-06-04,clean,2026-06-04 11:34:00+00:00,<1h,11,11,11,True,1.2155,0.21550000000000002,34984.016,10769.137,0.38,0.002,34983.18,False,0.8600000000000001,1.5710000000000002
highest-temperature-in-qingdao-on-june-10-2026,Qingdao,2026-06-10,clean,2026-06-08 05:27:00+00:00,>24h,11,10,10,False,1.2155,0.21550000000000002,128.803,45.4555,0.25,0.13999999999999999,122.135,True,0.603,1.828
highest-temperature-in-qingdao-on-june-10-2026,Qingdao,2026-06-10,clean,2026-06-08 05:26:00+00:00,>24h,11,10,10,False,1.2155,0.21550000000000002,68.803,29.875,0.25,0.13999999999999999,59.806,True,0.603,1.828
highest-temperature-in-qingdao-on-june-10-2026,Qingdao,2026-06-10,clean,2026-06-08 05:24:00+00:00,>24h,11,10,10,False,1.2155,0.21550000000000002,198.964,88.907,0.25,0.13999999999999999,197.78,True,0.603,1.828
highest-temperature-in-qingdao-on-june-10-2026,Qingdao,2026-06-10,clean,2026-06-08 05:20:00+00:00,>24h,11,10,10,False,1.2155,0.21550000000000002,34.531,33.711,0.25,0.13999999999999999,11.487,True,0.603,1.828
highest-temperature-in-qingdao-on-june-10-2026,Qingdao,2026-06-10,clean,2026-06-08 05:23:00+00:00,>24h,11,10,10,False,1.2155,0.21550000000000002,172.476,29.4795,0.25,0.13999999999999999,159.23,True,0.603,1.828
highest-temperature-in-qingdao-on-june-10-2026,Qingdao,2026-06-10,clean,2026-06-08 05:22:00+00:00,>24h,11,10,10,False,1.2155,0.21550000000000002,153.647,113.09649999999999,0.25,0.13999999999999999,129.979,True,0.603,1.828
highest-temperature-in-qingdao-on-june-10-2026,Qingdao,2026-06-10,clean,2026-06-08 05:25:00+00:00,>24h,11,10,10,False,1.2155,0.21550000000000002,148.96,84.05850000000001,0.25,0.13999999999999999,148.278,True,0.603,1.828
highest-temperature-in-qingdao-on-june-10-2026,Qingdao,2026-06-10,clean,2026-06-08 05:21:00+00:00,>24h,11,10,10,False,1.2155,0.21550000000000002,93.656,58.183,0.25,0.13999999999999999,93.471,True,0.603,1.828
highest-temperature-in-shenzhen-on-june-9-2026,Shenzhen,2026-06-09,clean,2026-06-07 05:31:00+00:00,>24h,11,11,11,True,1.2154999999999998,0.2154999999999998,94.999,56.632,0.19999999999999998,0.13999999999999999,73.722,False,0.6150000000000001,1.816
highest-temperature-in-chongqing-on-june-6-2026,Chongqing,2026-06-06,degraded,2026-06-05 04:48:00+00:00,>24h,11,11,8,False,1.215,0.21500000000000008,19.169,7.365,0.24,0.10500000000000001,16.704,False,0.72,1.7100000000000002
highest-temperature-in-hong-kong-on-june-5-2026,Hong Kong,2026-06-05,clean,2026-06-04 17:36:00+00:00,6-24h,11,7,7,False,0.785,-0.21499999999999997,15174.267,25.618,0.020000000000000018,0.008,15163.899,True,0.753,0.8170000000000001
highest-temperature-in-hong-kong-on-june-5-2026,Hong Kong,2026-06-05,clean,2026-06-04 10:41:00+00:00,>24h,11,7,6,False,0.785,-0.21499999999999997,0.781,0.363,0.1,0.0405,0.77,True,0.6529999999999999,0.917
highest-temperature-in-hong-kong-on-june-5-2026,Hong Kong,2026-06-05,clean,2026-06-04 17:31:00+00:00,6-24h,11,7,7,False,0.7855,-0.21450000000000002,14874.267,0.77,0.020000000000000004,0.008,14873.708,True,0.753,0.818
highest-temperature-in-hong-kong-on-june-5-2026,Hong Kong,2026-06-05,clean,2026-06-04 17:25:00+00:00,6-24h,11,7,7,False,0.7859999999999999,-0.21400000000000008,14514.267,4.551,0.030000000000000027,0.008,14513.779,True,0.743,0.8290000000000001
highest-temperature-in-moscow-on-june-4-2026,Moscow,2026-06-04,clean,2026-06-04 11:10:00+00:00,<1h,11,11,11,True,1.214,0.21399999999999997,33544.016,9329.137,0.38,0.002,33544.014,False,0.8410000000000001,1.5870000000000002
highest-temperature-in-hong-kong-on-june-5-2026,Hong Kong,2026-06-05,clean,2026-06-04 16:54:00+00:00,6-24h,11,7,7,False,0.7865,-0.21350000000000002,12654.267,28.774,0.020000000000000018,0.006999999999999999,12649.722,True,0.754,0.8190000000000001
highest-temperature-in-hong-kong-on-june-5-2026,Hong Kong,2026-06-05,clean,2026-06-04 16:52:00+00:00,6-24h,11,7,7,False,0.7865,-0.21350000000000002,12534.267,15.162,0.020000000000000018,0.006999999999999999,12529.313,True,0.754,0.8190000000000001
highest-temperature-in-hong-kong-on-june-5-2026,Hong Kong,2026-06-05,clean,2026-06-04 16:53:00+00:00,6-24h,11,7,7,False,0.7865,-0.21350000000000002,12594.267,3.717,0.020000000000000018,0.006999999999999999,12593.597,True,0.754,0.8190000000000001
highest-temperature-in-hong-kong-on-june-5-2026,Hong Kong,2026-06-05,clean,2026-06-04 18:39:00+00:00,6-24h,11,7,7,False,0.7865,-0.21350000000000002,18954.267,1.323,0.01999999999999999,0.002,18954.046,True,0.764,0.8089999999999999
highest-temperature-in-hong-kong-on-june-5-2026,Hong Kong,2026-06-05,clean,2026-06-04 18:54:00+00:00,6-24h,11,7,7,False,0.7865,-0.21350000000000002,19854.267,4.519,0.030000000000000027,0.002,19851.819,True,0.754,0.819
highest-temperature-in-hong-kong-on-june-5-2026,Hong Kong,2026-06-05,clean,2026-06-04 18:38:00+00:00,6-24h,11,7,7,False,0.7865,-0.21350000000000002,18894.267,1.115,0.01999999999999999,0.002,18893.939,True,0.764,0.8089999999999999
highest-temperature-in-hong-kong-on-june-5-2026,Hong Kong,2026-06-05,clean,2026-06-04 18:41:00+00:00,6-24h,11,7,7,False,0.7865,-0.21350000000000002,19074.267,0.438,0.01999999999999999,0.002,19073.89,True,0.764,0.8089999999999999
highest-temperature-in-hong-kong-on-june-5-2026,Hong Kong,2026-06-05,clean,2026-06-04 19:32:00+00:00,6-24h,11,7,7,False,0.7865,-0.21350000000000002,22134.267,12.783,0.020000000000000018,0.006999999999999999,22134.173,True,0.751,0.8220000000000001
highest-temperature-in-hong-kong-on-june-5-2026,Hong Kong,2026-06-05,clean,2026-06-04 19:33:00+00:00,6-24h,11,7,7,False,0.7865,-0.21350000000000002,22194.267,12.322,0.020000000000000018,0.006999999999999999,22192.666,True,0.751,0.8220000000000001
highest-temperature-in-hong-kong-on-june-5-2026,Hong Kong,2026-06-05,clean,2026-06-04 16:56:00+00:00,6-24h,11,7,7,False,0.7865,-0.21350000000000002,12774.267,12.101,0.020000000000000018,0.006999999999999999,12773.964,True,0.754,0.8190000000000001
highest-temperature-in-hong-kong-on-june-5-2026,Hong Kong,2026-06-05,clean,2026-06-04 18:40:00+00:00,6-24h,11,7,7,False,0.7865,-0.21350000000000002,19014.267,26.629,0.01999999999999999,0.002,19013.06,True,0.764,0.8089999999999999
highest-temperature-in-hong-kong-on-june-5-2026,Hong Kong,2026-06-05,clean,2026-06-04 16:57:00+00:00,6-24h,11,7,7,False,0.7865,-0.21350000000000002,12834.267,55.661,0.020000000000000018,0.006999999999999999,12829.964,True,0.754,0.8190000000000001
highest-temperature-in-hong-kong-on-june-5-2026,Hong Kong,2026-06-05,clean,2026-06-04 16:55:00+00:00,6-24h,11,7,7,False,0.7865,-0.21350000000000002,12714.267,15.129,0.020000000000000018,0.006999999999999999,12709.371,True,0.754,0.8190000000000001
highest-temperature-in-hong-kong-on-june-5-2026,Hong Kong,2026-06-05,clean,2026-06-04 16:50:00+00:00,6-24h,11,7,7,False,0.7865,-0.21350000000000002,12414.267,1.995,0.020000000000000018,0.006999999999999999,12413.559,True,0.754,0.8190000000000001
highest-temperature-in-hong-kong-on-june-5-2026,Hong Kong,2026-06-05,clean,2026-06-04 16:51:00+00:00,6-24h,11,7,7,False,0.7865,-0.21350000000000002,12474.267,1.018,0.020000000000000018,0.006999999999999999,12473.536,True,0.754,0.8190000000000001
highest-temperature-in-moscow-on-june-4-2026,Moscow,2026-06-04,clean,2026-06-04 10:54:00+00:00,1-6h,11,11,11,True,1.213,0.21300000000000008,32584.016,8369.137,0.38,0.002,32584.011,False,0.8440000000000001,1.582
highest-temperature-in-hong-kong-on-june-5-2026,Hong Kong,2026-06-05,clean,2026-06-04 19:07:00+00:00,6-24h,11,7,7,False,0.787,-0.21299999999999997,20634.267,0.623,0.020000000000000018,0.008,20634.231,True,0.761,0.813
highest-temperature-in-hong-kong-on-june-5-2026,Hong Kong,2026-06-05,clean,2026-06-04 19:06:00+00:00,6-24h,11,7,7,False,0.787,-0.21299999999999997,20574.267,0.478,0.020000000000000018,0.008,20574.069,True,0.761,0.813
highest-temperature-in-hong-kong-on-june-5-2026,Hong Kong,2026-06-05,clean,2026-06-04 19:19:00+00:00,6-24h,11,7,7,False,0.787,-0.21299999999999997,21354.267,2.178,0.020000000000000004,0.008,21352.458,True,0.761,0.813
highest-temperature-in-hong-kong-on-june-5-2026,Hong Kong,2026-06-05,clean,2026-06-04 11:57:00+00:00,>24h,11,7,6,False,0.787,-0.21299999999999997,3.791,1.388,0.07,0.018999999999999996,3.248,True,0.701,0.8730000000000001
highest-temperature-in-hong-kong-on-june-5-2026,Hong Kong,2026-06-05,clean,2026-06-04 19:08:00+00:00,6-24h,11,7,7,False,0.787,-0.21299999999999997,20694.267,8.791,0.020000000000000018,0.008,20691.304,True,0.761,0.813
highest-temperature-in-hong-kong-on-june-5-2026,Hong Kong,2026-06-05,clean,2026-06-04 19:18:00+00:00,6-24h,11,7,7,False,0.787,-0.21299999999999997,21294.267,3.459,0.020000000000000004,0.008,21294.195,True,0.761,0.813
highest-temperature-in-hong-kong-on-june-5-2026,Hong Kong,2026-06-05,clean,2026-06-04 19:20:00+00:00,6-24h,11,7,7,False,0.787,-0.21299999999999997,21414.267,2.561,0.020000000000000004,0.008,21412.52,True,0.761,0.813
highest-temperature-in-hong-kong-on-june-5-2026,Hong Kong,2026-06-05,clean,2026-06-04 19:09:00+00:00,6-24h,11,7,7,False,0.787,-0.21299999999999997,20754.267,18.372,0.020000000000000018,0.008,20744.394,True,0.761,0.813
highest-temperature-in-hong-kong-on-june-5-2026,Hong Kong,2026-06-05,clean,2026-06-04 19:17:00+00:00,6-24h,11,7,7,False,0.787,-0.21299999999999997,21234.267,0.695,0.020000000000000004,0.008,21233.923,True,0.761,0.813
highest-temperature-in-hong-kong-on-june-5-2026,Hong Kong,2026-06-05,clean,2026-06-04 19:14:00+00:00,6-24h,11,7,7,False,0.787,-0.21299999999999997,21054.267,3.513,0.020000000000000004,0.008,21054.17,True,0.761,0.813
highest-temperature-in-hong-kong-on-june-5-2026,Hong Kong,2026-06-05,clean,2026-06-04 19:15:00+00:00,6-24h,11,7,7,False,0.787,-0.21299999999999997,21114.267,12.768,0.020000000000000004,0.008,21111.718,True,0.761,0.813
highest-temperature-in-hong-kong-on-june-5-2026,Hong Kong,2026-06-05,clean,2026-06-04 19:16:00+00:00,6-24h,11,7,7,False,0.787,-0.21299999999999997,21174.267,14.007,0.020000000000000004,0.008,21173.139,True,0.761,0.813
highest-temperature-in-shenzhen-on-june-9-2026,Shenzhen,2026-06-09,clean,2026-06-07 05:24:00+00:00,>24h,11,11,11,True,1.2125000000000001,0.21250000000000013,221.299,16.097,0.19999999999999998,0.13999999999999999,212.497,False,0.6070000000000001,1.8180000000000003
highest-temperature-in-shenzhen-on-june-9-2026,Shenzhen,2026-06-09,clean,2026-06-07 05:27:00+00:00,>24h,11,11,11,True,1.2125000000000001,0.21250000000000013,101.113,16.986,0.19999999999999998,0.13999999999999999,89.175,False,0.6070000000000001,1.8180000000000003
highest-temperature-in-shenzhen-on-june-9-2026,Shenzhen,2026-06-09,clean,2026-06-07 05:22:00+00:00,>24h,11,11,11,True,1.2125000000000001,0.21250000000000013,231.314,144.606,0.19999999999999998,0.13999999999999999,197.079,False,0.6070000000000001,1.8180000000000003
highest-temperature-in-shenzhen-on-june-9-2026,Shenzhen,2026-06-09,clean,2026-06-07 05:25:00+00:00,>24h,11,11,11,True,1.2125000000000001,0.21250000000000013,281.299,73.799,0.19999999999999998,0.13999999999999999,280.79,False,0.6070000000000001,1.8180000000000003
highest-temperature-in-shenzhen-on-june-9-2026,Shenzhen,2026-06-09,clean,2026-06-07 05:26:00+00:00,>24h,11,11,11,True,1.2125000000000001,0.21250000000000013,44.477,44.399,0.19999999999999998,0.13999999999999999,41.043,False,0.6070000000000001,1.8180000000000003
highest-temperature-in-shenzhen-on-june-9-2026,Shenzhen,2026-06-09,clean,2026-06-07 05:23:00+00:00,>24h,11,11,11,True,1.2125000000000001,0.21250000000000013,161.299,29.121,0.19999999999999998,0.13999999999999999,157.475,False,0.6070000000000001,1.8180000000000003
highest-temperature-in-shenzhen-on-june-9-2026,Shenzhen,2026-06-09,clean,2026-06-07 05:21:00+00:00,>24h,11,11,11,True,1.2125000000000001,0.21250000000000013,171.314,84.61,0.19999999999999998,0.13999999999999999,156.781,False,0.6070000000000001,1.8180000000000003
highest-temperature-in-wuhan-on-june-10-2026,Wuhan,2026-06-10,clean,2026-06-09 07:54:00+00:00,>24h,11,10,10,False,0.7875,-0.21250000000000002,15.836,7.4535,0.030000000000000027,0.0065000000000000014,15.335,True,0.7210000000000001,0.8540000000000001
highest-temperature-in-hong-kong-on-june-5-2026,Hong Kong,2026-06-05,clean,2026-06-04 19:05:00+00:00,6-24h,11,7,7,False,0.7875,-0.21250000000000002,20514.267,0.48,0.020000000000000018,0.009000000000000001,20514.195,True,0.761,0.8140000000000001
highest-temperature-in-moscow-on-june-4-2026,Moscow,2026-06-04,clean,2026-06-04 11:30:00+00:00,<1h,11,11,11,True,1.2120000000000002,0.2120000000000002,34744.016,10529.137,0.38,0.002,34737.659,False,0.906,1.518
highest-temperature-in-hong-kong-on-june-5-2026,Hong Kong,2026-06-05,clean,2026-06-04 17:48:00+00:00,6-24h,11,7,7,False,0.7879999999999999,-0.21200000000000008,15894.267,5.009,0.03,0.008,15892.793,True,0.7519999999999999,0.824
highest-temperature-in-hong-kong-on-june-5-2026,Hong Kong,2026-06-05,clean,2026-06-04 17:55:00+00:00,6-24h,11,7,7,False,0.7879999999999999,-0.21200000000000008,16314.267,7.846,0.020000000000000004,0.008,16310.015,True,0.7619999999999999,0.814
highest-temperature-in-hong-kong-on-june-5-2026,Hong Kong,2026-06-05,clean,2026-06-04 17:54:00+00:00,6-24h,11,7,7,False,0.7879999999999999,-0.21200000000000008,16254.267,8.985,0.020000000000000004,0.008,16254.166,True,0.7619999999999999,0.814
highest-temperature-in-hong-kong-on-june-5-2026,Hong Kong,2026-06-05,clean,2026-06-04 12:05:00+00:00,6-24h,11,7,6,False,0.7879999999999999,-0.21200000000000008,25.797,6.2285,0.030000000000000027,0.017499999999999995,24.53,True,0.744,0.832
highest-temperature-in-hong-kong-on-june-5-2026,Hong Kong,2026-06-05,clean,2026-06-04 20:07:00+00:00,6-24h,11,7,7,False,0.788,-0.21199999999999997,24234.267,6.78,0.020000000000000018,0.010000000000000009,24232.401,True,0.754,0.822
highest-temperature-in-hong-kong-on-june-5-2026,Hong Kong,2026-06-05,clean,2026-06-04 16:10:00+00:00,6-24h,11,7,7,False,0.788,-0.21199999999999997,10014.267,0.582,0.04000000000000001,0.009999999999999995,10013.73,True,0.744,0.832
highest-temperature-in-hong-kong-on-june-5-2026,Hong Kong,2026-06-05,clean,2026-06-04 20:09:00+00:00,6-24h,11,7,7,False,0.788,-0.21199999999999997,24354.267,21.224,0.020000000000000018,0.010000000000000009,24345.7,True,0.754,0.822
highest-temperature-in-hong-kong-on-june-5-2026,Hong Kong,2026-06-05,clean,2026-06-04 20:08:00+00:00,6-24h,11,7,7,False,0.788,-0.21199999999999997,24294.267,14.318,0.020000000000000018,0.010000000000000009,24292.241,True,0.754,0.822
highest-temperature-in-hong-kong-on-june-5-2026,Hong Kong,2026-06-05,clean,2026-06-04 20:01:00+00:00,6-24h,11,7,7,False,0.788,-0.21199999999999997,23874.267,18.893,0.020000000000000018,0.010000000000000009,23871.531,True,0.754,0.822
highest-temperature-in-hong-kong-on-june-5-2026,Hong Kong,2026-06-05,clean,2026-06-04 20:05:00+00:00,6-24h,11,7,7,False,0.788,-0.21199999999999997,24114.267,10.336,0.020000000000000018,0.010000000000000009,24105.633,True,0.754,0.822
highest-temperature-in-hong-kong-on-june-5-2026,Hong Kong,2026-06-05,clean,2026-06-04 20:03:00+00:00,6-24h,11,7,7,False,0.788,-0.21199999999999997,23994.267,19.635,0.020000000000000018,0.010000000000000009,23991.726,True,0.754,0.822
highest-temperature-in-hong-kong-on-june-5-2026,Hong Kong,2026-06-05,clean,2026-06-04 20:02:00+00:00,6-24h,11,7,7,False,0.788,-0.21199999999999997,23934.267,20.569,0.020000000000000018,0.010000000000000009,23932.047,True,0.754,0.822
highest-temperature-in-hong-kong-on-june-5-2026,Hong Kong,2026-06-05,clean,2026-06-04 16:12:00+00:00,6-24h,11,7,7,False,0.788,-0.21199999999999997,10134.267,9.965,0.01999999999999999,0.009999999999999995,10132.656,True,0.7550000000000001,0.8210000000000001
highest-temperature-in-hong-kong-on-june-5-2026,Hong Kong,2026-06-05,clean,2026-06-04 20:06:00+00:00,6-24h,11,7,7,False,0.788,-0.21199999999999997,24174.267,3.167,0.020000000000000018,0.010000000000000009,24171.642,True,0.754,0.822
highest-temperature-in-hong-kong-on-june-5-2026,Hong Kong,2026-06-05,clean,2026-06-04 19:56:00+00:00,6-24h,11,7,7,False,0.788,-0.21199999999999997,23574.267,4.311,0.020000000000000018,0.010000000000000009,23573.093,True,0.754,0.822
highest-temperature-in-hong-kong-on-june-5-2026,Hong Kong,2026-06-05,clean,2026-06-04 16:13:00+00:00,6-24h,11,7,7,False,0.788,-0.21199999999999997,10194.267,6.34,0.01999999999999999,0.009999999999999995,10194.062,True,0.7550000000000001,0.8210000000000001
highest-temperature-in-hong-kong-on-june-5-2026,Hong Kong,2026-06-05,clean,2026-06-04 20:04:00+00:00,6-24h,11,7,7,False,0.788,-0.21199999999999997,24054.267,12.41,0.020000000000000018,0.010000000000000009,24054.141,True,0.754,0.822
highest-temperature-in-hong-kong-on-june-5-2026,Hong Kong,2026-06-05,clean,2026-06-04 17:24:00+00:00,6-24h,11,7,7,False,0.7885,-0.21150000000000002,14454.267,23.145,0.030000000000000027,0.004999999999999999,14445.835,True,0.747,0.83
highest-temperature-in-hong-kong-on-june-5-2026,Hong Kong,2026-06-05,clean,2026-06-05 07:35:00+00:00,1-6h,11,7,7,False,0.789,-0.21099999999999997,65514.267,12540.92,0.07000000000000006,0.001,65514.195,True,0.746,0.8320000000000001
highest-temperature-in-hong-kong-on-june-5-2026,Hong Kong,2026-06-05,clean,2026-06-05 07:32:00+00:00,1-6h,11,7,7,False,0.789,-0.21099999999999997,65334.267,12360.92,0.09000000000000008,0.001,65334.204,True,0.736,0.8420000000000001
highest-temperature-in-moscow-on-june-4-2026,Moscow,2026-06-04,clean,2026-06-04 11:55:00+00:00,<1h,11,11,11,True,1.2109999999999999,0.21099999999999985,36244.016,12029.137,0.38,0.002,36236.162,False,0.917,1.5049999999999997
highest-temperature-in-moscow-on-june-4-2026,Moscow,2026-06-04,clean,2026-06-04 10:51:00+00:00,1-6h,11,11,11,True,1.2109999999999999,0.21099999999999985,32404.016,8189.137,0.38,0.002,32403.995,False,0.914,1.508
highest-temperature-in-hong-kong-on-june-5-2026,Hong Kong,2026-06-05,clean,2026-06-04 17:37:00+00:00,6-24h,11,7,7,False,0.7895,-0.21050000000000002,15234.267,1.387,0.03,0.008,15233.851,True,0.753,0.826
highest-temperature-in-manila-on-june-11-2026,Manila,2026-06-11,degraded,2026-06-09 04:45:00+00:00,>24h,11,11,11,True,1.2105,0.2104999999999999,23.897,19.76,0.23,0.11000000000000001,17.067,False,0.6350000000000001,1.7859999999999998
highest-temperature-in-qingdao-on-june-10-2026,Qingdao,2026-06-10,clean,2026-06-08 05:19:00+00:00,>24h,11,10,10,False,1.2105,0.2104999999999999,13.451,13.398,0.26,0.13999999999999999,12.195,True,0.593,1.828
highest-temperature-in-qingdao-on-june-10-2026,Qingdao,2026-06-10,clean,2026-06-08 05:28:00+00:00,>24h,11,10,10,False,1.2105,0.2104999999999999,13.804,8.630500000000001,0.26,0.13999999999999999,8.421,True,0.593,1.828
highest-temperature-in-hong-kong-on-june-5-2026,Hong Kong,2026-06-05,clean,2026-06-04 10:42:00+00:00,>24h,11,7,6,False,0.7899999999999999,-0.21000000000000008,1.696,1.066,0.1,0.0405,1.427,True,0.6529999999999999,0.927
highest-temperature-in-shenzhen-on-june-9-2026,Shenzhen,2026-06-09,clean,2026-06-07 04:46:00+00:00,>24h,11,11,4,False,0.79,-0.20999999999999996,3.49,3.49,0.26,0.16499999999999998,0.0,False,0.43000000000000005,1.15
highest-temperature-in-hong-kong-on-june-5-2026,Hong Kong,2026-06-05,clean,2026-06-04 10:40:00+00:00,>24h,11,7,6,False,0.79,-0.20999999999999996,15.916,15.2095,0.10999999999999999,0.0405,13.572,True,0.6529999999999999,0.927
highest-temperature-in-hong-kong-on-june-5-2026,Hong Kong,2026-06-05,clean,2026-06-04 13:11:00+00:00,6-24h,11,7,6,False,0.7905,-0.20950000000000002,6.003,3.2279999999999998,0.021,0.010000000000000009,5.927,True,0.757,0.824
highest-temperature-in-hong-kong-on-june-5-2026,Hong Kong,2026-06-05,clean,2026-06-04 10:38:00+00:00,>24h,11,7,6,False,0.7905,-0.20950000000000002,8.972,0.275,0.14,0.041,8.753,True,0.6229999999999999,0.958
highest-temperature-in-wuhan-on-june-10-2026,Wuhan,2026-06-10,clean,2026-06-09 07:58:00+00:00,>24h,11,10,10,False,0.7909999999999999,-0.20900000000000007,22.092,1.6935,0.04000000000000001,0.006500000000000001,21.095,True,0.7310000000000001,0.8510000000000001
highest-temperature-in-wuhan-on-june-10-2026,Wuhan,2026-06-10,clean,2026-06-09 07:57:00+00:00,>24h,11,10,10,False,0.7909999999999999,-0.20900000000000007,8.683,4.853,0.04000000000000001,0.006500000000000001,6.886,True,0.7310000000000001,0.8510000000000001
highest-temperature-in-hong-kong-on-june-5-2026,Hong Kong,2026-06-05,clean,2026-06-04 18:32:00+00:00,6-24h,11,7,7,False,0.7914999999999999,-0.20850000000000013,18534.267,22.68,0.03,0.002,18533.481,True,0.764,0.819
highest-temperature-in-hong-kong-on-june-5-2026,Hong Kong,2026-06-05,clean,2026-06-04 18:33:00+00:00,6-24h,11,7,7,False,0.7914999999999999,-0.20850000000000013,18594.267,20.172,0.03,0.002,18586.675,True,0.764,0.819
highest-temperature-in-hong-kong-on-june-5-2026,Hong Kong,2026-06-05,clean,2026-06-04 18:35:00+00:00,6-24h,11,7,7,False,0.7914999999999999,-0.20850000000000013,18714.267,2.008,0.020000000000000018,0.002,18714.075,True,0.764,0.819
highest-temperature-in-hong-kong-on-june-5-2026,Hong Kong,2026-06-05,clean,2026-06-04 18:31:00+00:00,6-24h,11,7,7,False,0.7914999999999999,-0.20850000000000013,18474.267,22.876,0.03,0.002,18474.154,True,0.764,0.819
highest-temperature-in-hong-kong-on-june-5-2026,Hong Kong,2026-06-05,clean,2026-06-04 18:30:00+00:00,6-24h,11,7,7,False,0.7914999999999999,-0.20850000000000013,18414.267,46.794,0.03,0.002,18413.225,True,0.764,0.819
highest-temperature-in-moscow-on-june-4-2026,Moscow,2026-06-04,clean,2026-06-04 11:44:00+00:00,<1h,11,11,11,True,1.2085000000000001,0.20850000000000013,35584.016,11369.137,0.38,0.002,35584.0,False,0.8300000000000001,1.5870000000000002
highest-temperature-in-moscow-on-june-4-2026,Moscow,2026-06-04,clean,2026-06-04 11:52:00+00:00,<1h,11,11,11,True,1.2085000000000001,0.20850000000000013,36064.016,11849.137,0.38,0.002,36055.802,False,0.8580000000000001,1.559
highest-temperature-in-hong-kong-on-june-5-2026,Hong Kong,2026-06-05,clean,2026-06-04 18:24:00+00:00,6-24h,11,7,7,False,0.7914999999999999,-0.20850000000000013,18054.267,0.651,0.010000000000000009,0.002,18054.03,True,0.774,0.8089999999999999
highest-temperature-in-hong-kong-on-june-5-2026,Hong Kong,2026-06-05,clean,2026-06-04 18:25:00+00:00,6-24h,11,7,7,False,0.7914999999999999,-0.20850000000000013,18114.267,2.145,0.010000000000000009,0.002,18113.951,True,0.774,0.8089999999999999
highest-temperature-in-hong-kong-on-june-5-2026,Hong Kong,2026-06-05,clean,2026-06-04 18:47:00+00:00,6-24h,11,7,7,False,0.7915,-0.20850000000000002,19434.267,0.873,0.010000000000000009,0.002,19434.075,True,0.774,0.8089999999999999
highest-temperature-in-hong-kong-on-june-5-2026,Hong Kong,2026-06-05,clean,2026-06-04 19:41:00+00:00,6-24h,11,7,7,False,0.7915000000000001,-0.2084999999999999,22674.267,7.971,0.020000000000000018,0.006999999999999999,22671.71,True,0.761,0.8220000000000001
highest-temperature-in-hong-kong-on-june-5-2026,Hong Kong,2026-06-05,clean,2026-06-04 19:31:00+00:00,6-24h,11,7,7,False,0.7915000000000001,-0.2084999999999999,22074.267,9.425,0.020000000000000018,0.006999999999999999,22072.321,True,0.761,0.8220000000000001
highest-temperature-in-hong-kong-on-june-5-2026,Hong Kong,2026-06-05,clean,2026-06-04 19:43:00+00:00,6-24h,11,7,7,False,0.7915000000000001,-0.2084999999999999,22794.267,5.973,0.020000000000000018,0.006999999999999999,22791.74,True,0.7609999999999999,0.822
highest-temperature-in-hong-kong-on-june-5-2026,Hong Kong,2026-06-05,clean,2026-06-04 19:42:00+00:00,6-24h,11,7,7,False,0.7915000000000001,-0.2084999999999999,22734.267,1.237,0.020000000000000018,0.006999999999999999,22733.094,True,0.7609999999999999,0.822
highest-temperature-in-hong-kong-on-june-5-2026,Hong Kong,2026-06-05,clean,2026-06-04 19:49:00+00:00,6-24h,11,7,7,False,0.7915000000000001,-0.2084999999999999,23154.267,28.248,0.020000000000000018,0.006999999999999999,23151.722,True,0.7609999999999999,0.822
highest-temperature-in-hong-kong-on-june-5-2026,Hong Kong,2026-06-05,clean,2026-06-04 19:35:00+00:00,6-24h,11,7,7,False,0.7915000000000001,-0.2084999999999999,22314.267,5.714,0.020000000000000018,0.006999999999999999,22313.297,True,0.761,0.8220000000000001
highest-temperature-in-hong-kong-on-june-5-2026,Hong Kong,2026-06-05,clean,2026-06-04 19:36:00+00:00,6-24h,11,7,7,False,0.7915000000000001,-0.2084999999999999,22374.267,3.753,0.020000000000000018,0.006999999999999999,22372.603,True,0.761,0.8220000000000001
highest-temperature-in-hong-kong-on-june-5-2026,Hong Kong,2026-06-05,clean,2026-06-04 19:39:00+00:00,6-24h,11,7,7,False,0.7915000000000001,-0.2084999999999999,22554.267,12.957,0.030000000000000027,0.006999999999999999,22553.891,True,0.751,0.8320000000000001
highest-temperature-in-hong-kong-on-june-5-2026,Hong Kong,2026-06-05,clean,2026-06-04 19:38:00+00:00,6-24h,11,7,7,False,0.7915000000000001,-0.2084999999999999,22494.267,21.808,0.030000000000000027,0.006999999999999999,22493.064,True,0.751,0.8320000000000001
highest-temperature-in-hong-kong-on-june-5-2026,Hong Kong,2026-06-05,clean,2026-06-04 19:34:00+00:00,6-24h,11,7,7,False,0.7915000000000001,-0.2084999999999999,22254.267,10.24,0.020000000000000018,0.006999999999999999,22249.156,True,0.761,0.8220000000000001
highest-temperature-in-hong-kong-on-june-5-2026,Hong Kong,2026-06-05,clean,2026-06-04 19:10:00+00:00,6-24h,11,7,7,False,0.792,-0.20799999999999996,20814.267,9.595,0.010000000000000009,0.008,20805.627,True,0.7709999999999999,0.813
highest-temperature-in-shenzhen-on-june-9-2026,Shenzhen,2026-06-09,clean,2026-06-07 06:02:00+00:00,>24h,11,11,11,True,1.208,0.20799999999999996,20.147,19.768,0.25,0.1,14.095,False,0.682,1.7340000000000002
highest-temperature-in-hong-kong-on-june-5-2026,Hong Kong,2026-06-05,clean,2026-06-04 19:13:00+00:00,6-24h,11,7,7,False,0.792,-0.20799999999999996,20994.267,0.42,0.010000000000000009,0.008,20994.075,True,0.7709999999999999,0.813
highest-temperature-in-hong-kong-on-june-5-2026,Hong Kong,2026-06-05,clean,2026-06-04 19:26:00+00:00,6-24h,11,7,7,False,0.792,-0.20799999999999996,21774.267,19.75,0.020000000000000018,0.008,21764.814,True,0.761,0.823
highest-temperature-in-hong-kong-on-june-5-2026,Hong Kong,2026-06-05,clean,2026-06-04 19:25:00+00:00,6-24h,11,7,7,False,0.792,-0.20799999999999996,21714.267,2.533,0.020000000000000018,0.008,21714.261,True,0.761,0.823
highest-temperature-in-hong-kong-on-june-5-2026,Hong Kong,2026-06-05,clean,2026-06-04 19:21:00+00:00,6-24h,11,7,7,False,0.792,-0.20799999999999996,21474.267,1.886,0.020000000000000018,0.008,21474.017,True,0.761,0.823
highest-temperature-in-hong-kong-on-june-5-2026,Hong Kong,2026-06-05,clean,2026-06-04 19:22:00+00:00,6-24h,11,7,7,False,0.792,-0.20799999999999996,21534.267,2.461,0.020000000000000018,0.008,21534.24,True,0.761,0.823
highest-temperature-in-hong-kong-on-june-5-2026,Hong Kong,2026-06-05,clean,2026-06-04 19:28:00+00:00,6-24h,11,7,7,False,0.792,-0.20799999999999996,21894.267,15.405,0.020000000000000018,0.008,21893.933,True,0.761,0.823
highest-temperature-in-hong-kong-on-june-5-2026,Hong Kong,2026-06-05,clean,2026-06-04 19:29:00+00:00,6-24h,11,7,7,False,0.792,-0.20799999999999996,21954.267,14.702,0.020000000000000018,0.008,21946.441,True,0.761,0.823
highest-temperature-in-hong-kong-on-june-5-2026,Hong Kong,2026-06-05,clean,2026-06-04 19:30:00+00:00,6-24h,11,7,7,False,0.792,-0.20799999999999996,22014.267,12.354,0.020000000000000018,0.008,22011.802,True,0.761,0.823
highest-temperature-in-hong-kong-on-june-5-2026,Hong Kong,2026-06-05,clean,2026-06-04 19:27:00+00:00,6-24h,11,7,7,False,0.792,-0.20799999999999996,21834.267,5.322,0.020000000000000018,0.008,21834.194,True,0.761,0.823
highest-temperature-in-nyc-on-june-7-2026,NYC,2026-06-07,degraded,2026-06-06 23:01:00+00:00,6-24h,11,9,5,False,0.7925,-0.20750000000000002,19.125,6.654,0.44,0.04999999999999999,18.735,False,0.516,1.069
highest-temperature-in-hong-kong-on-june-5-2026,Hong Kong,2026-06-05,clean,2026-06-04 19:23:00+00:00,6-24h,11,7,7,False,0.7925,-0.20750000000000002,21594.267,4.375,0.020000000000000018,0.009000000000000001,21591.968,True,0.761,0.8240000000000001
highest-temperature-in-hong-kong-on-june-5-2026,Hong Kong,2026-06-05,clean,2026-06-04 19:55:00+00:00,6-24h,11,7,7,False,0.7925,-0.20750000000000002,23514.267,0.78,0.030000000000000027,0.010000000000000009,23514.205,True,0.7529999999999999,0.832
highest-temperature-in-hong-kong-on-june-5-2026,Hong Kong,2026-06-05,clean,2026-06-04 19:24:00+00:00,6-24h,11,7,7,False,0.7925,-0.20750000000000002,21654.267,5.172,0.020000000000000018,0.009000000000000001,21650.463,True,0.761,0.8240000000000001
highest-temperature-in-wuhan-on-june-10-2026,Wuhan,2026-06-10,clean,2026-06-09 07:55:00+00:00,>24h,11,10,10,False,0.7925,-0.20750000000000002,15.646,6.673,0.030000000000000027,0.0065000000000000014,14.839,True,0.7310000000000001,0.8540000000000001
highest-temperature-in-shenzhen-on-june-9-2026,Shenzhen,2026-06-09,clean,2026-06-09 07:46:00+00:00,1-6h,11,11,11,True,1.2074999999999998,0.2074999999999998,131044.297,2729.625,0.17000000000000004,0.001,131044.23,False,1.0289999999999995,1.386
highest-temperature-in-hong-kong-on-june-5-2026,Hong Kong,2026-06-05,clean,2026-06-04 12:03:00+00:00,6-24h,11,7,6,False,0.7929999999999999,-0.20700000000000007,87.445,18.722,0.03,0.012500000000000004,86.212,True,0.754,0.832
highest-temperature-in-hong-kong-on-june-5-2026,Hong Kong,2026-06-05,clean,2026-06-04 12:04:00+00:00,6-24h,11,7,6,False,0.7929999999999999,-0.20700000000000007,2.566,1.3465,0.030000000000000027,0.017499999999999995,2.498,True,0.744,0.842
highest-temperature-in-hong-kong-on-june-5-2026,Hong Kong,2026-06-05,clean,2026-06-04 19:59:00+00:00,6-24h,11,7,7,False,0.7929999999999999,-0.20700000000000007,23754.267,11.409,0.020000000000000004,0.010000000000000009,23753.544,True,0.764,0.822
highest-temperature-in-hong-kong-on-june-5-2026,Hong Kong,2026-06-05,clean,2026-06-04 20:00:00+00:00,6-24h,11,7,7,False,0.7929999999999999,-0.20700000000000007,23814.267,12.377,0.020000000000000004,0.010000000000000009,23808.749,True,0.764,0.822
highest-temperature-in-hong-kong-on-june-5-2026,Hong Kong,2026-06-05,clean,2026-06-04 17:47:00+00:00,6-24h,11,7,7,False,0.7929999999999999,-0.20700000000000007,15834.267,16.613,0.020000000000000004,0.008,15830.153,True,0.7619999999999999,0.824
highest-temperature-in-hong-kong-on-june-5-2026,Hong Kong,2026-06-05,clean,2026-06-04 17:46:00+00:00,6-24h,11,7,7,False,0.7929999999999999,-0.20700000000000007,15774.267,5.64,0.010000000000000009,0.008,15770.032,True,0.7719999999999999,0.814
highest-temperature-in-hong-kong-on-june-5-2026,Hong Kong,2026-06-05,clean,2026-06-04 17:49:00+00:00,6-24h,11,7,7,False,0.7929999999999999,-0.20700000000000007,15954.267,21.875,0.020000000000000004,0.008,15947.683,True,0.7619999999999999,0.824
highest-temperature-in-hong-kong-on-june-5-2026,Hong Kong,2026-06-05,clean,2026-06-04 17:50:00+00:00,6-24h,11,7,7,False,0.7929999999999999,-0.20700000000000007,16014.267,1.051,0.020000000000000004,0.008,16013.511,True,0.7619999999999999,0.824
highest-temperature-in-hong-kong-on-june-5-2026,Hong Kong,2026-06-05,clean,2026-06-04 19:57:00+00:00,6-24h,11,7,7,False,0.7929999999999999,-0.20700000000000007,23634.267,4.568,0.020000000000000004,0.010000000000000009,23632.496,True,0.764,0.822
highest-temperature-in-hong-kong-on-june-5-2026,Hong Kong,2026-06-05,clean,2026-06-04 19:58:00+00:00,6-24h,11,7,7,False,0.7929999999999999,-0.20700000000000007,23694.267,2.379,0.020000000000000004,0.010000000000000009,23693.311,True,0.764,0.822
highest-temperature-in-houston-on-june-12-2026,Houston,2026-06-12,degraded,2026-06-11 02:46:00+00:00,>24h,11,11,11,True,1.2069999999999996,0.20699999999999963,135.328,25.326,0.14,0.03999999999999998,134.732,False,0.9690000000000001,1.4449999999999998
highest-temperature-in-houston-on-june-12-2026,Houston,2026-06-12,degraded,2026-06-11 02:45:00+00:00,>24h,11,11,11,True,1.2069999999999996,0.20699999999999963,75.328,41.606,0.14,0.03999999999999998,71.707,False,0.9690000000000001,1.4449999999999998
highest-temperature-in-houston-on-june-12-2026,Houston,2026-06-12,degraded,2026-06-11 02:48:00+00:00,>24h,11,11,11,True,1.2065,0.2064999999999999,90.7,38.464,0.139,0.03999999999999998,89.559,False,0.9690000000000001,1.444
highest-temperature-in-hong-kong-on-june-5-2026,Hong Kong,2026-06-05,clean,2026-06-04 17:44:00+00:00,6-24h,11,7,7,False,0.7939999999999999,-0.20600000000000007,15654.267,3.081,0.010000000000000009,0.008,15654.257,True,0.773,0.815
highest-temperature-in-hong-kong-on-june-5-2026,Hong Kong,2026-06-05,clean,2026-06-04 17:42:00+00:00,6-24h,11,7,7,False,0.7939999999999999,-0.20600000000000007,15534.267,2.589,0.010000000000000009,0.008,15534.103,True,0.773,0.815
highest-temperature-in-hong-kong-on-june-5-2026,Hong Kong,2026-06-05,clean,2026-06-04 17:43:00+00:00,6-24h,11,7,7,False,0.7939999999999999,-0.20600000000000007,15594.267,1.408,0.010000000000000009,0.008,15594.239,True,0.773,0.815
highest-temperature-in-hong-kong-on-june-5-2026,Hong Kong,2026-06-05,clean,2026-06-04 17:45:00+00:00,6-24h,11,7,7,False,0.7939999999999999,-0.20600000000000007,15714.267,24.046,0.010000000000000009,0.008,15695.686,True,0.773,0.815
highest-temperature-in-hong-kong-on-june-5-2026,Hong Kong,2026-06-05,clean,2026-06-05 07:34:00+00:00,1-6h,11,7,7,False,0.794,-0.20599999999999996,65454.267,12480.92,0.040000000000000036,0.001,65454.193,True,0.766,0.8220000000000001
highest-temperature-in-moscow-on-june-4-2026,Moscow,2026-06-04,clean,2026-06-04 11:13:00+00:00,<1h,11,11,11,True,1.206,0.20599999999999996,33724.016,9509.137,0.38,0.002,33724.013,False,0.902,1.51
highest-temperature-in-hong-kong-on-june-5-2026,Hong Kong,2026-06-05,clean,2026-06-04 17:38:00+00:00,6-24h,11,7,7,False,0.7945,-0.20550000000000002,15294.267,3.018,0.010000000000000009,0.008,15294.196,True,0.773,0.816
highest-temperature-in-hong-kong-on-june-5-2026,Hong Kong,2026-06-05,clean,2026-06-04 17:41:00+00:00,6-24h,11,7,7,False,0.7945,-0.20550000000000002,15474.267,21.679,0.010000000000000009,0.008,15474.229,True,0.773,0.816
highest-temperature-in-hong-kong-on-june-5-2026,Hong Kong,2026-06-05,clean,2026-06-04 17:40:00+00:00,6-24h,11,7,7,False,0.7945,-0.20550000000000002,15414.267,0.466,0.010000000000000009,0.008,15414.031,True,0.773,0.816
highest-temperature-in-hong-kong-on-june-5-2026,Hong Kong,2026-06-05,clean,2026-06-04 17:39:00+00:00,6-24h,11,7,7,False,0.7945,-0.20550000000000002,15354.267,35.135,0.010000000000000009,0.008,15340.259,True,0.773,0.816
highest-temperature-in-austin-on-june-11-2026,Austin,2026-06-11,degraded,2026-06-10 02:03:00+00:00,>24h,11,11,11,True,1.2054999999999996,0.20549999999999957,12.974,8.865,0.14,0.06999999999999999,4.195,False,0.8240000000000001,1.5870000000000002
highest-temperature-in-chicago-on-june-9-2026,Chicago,2026-06-09,clean,2026-06-08 01:28:00+00:00,>24h,11,11,4,False,1.205,0.20500000000000007,29.111,14.296,0.69,0.505,21.744,False,0.22,2.19
highest-temperature-in-manila-on-june-11-2026,Manila,2026-06-11,degraded,2026-06-09 04:50:00+00:00,>24h,11,11,11,True,1.205,0.20500000000000007,13.755,12.327,0.22999999999999998,0.11000000000000001,8.699,False,0.665,1.7449999999999999
highest-temperature-in-chongqing-on-june-6-2026,Chongqing,2026-06-06,degraded,2026-06-05 04:53:00+00:00,>24h,11,11,8,False,1.205,0.20500000000000007,22.451,8.0625,0.30000000000000004,0.05,14.571,False,0.8799999999999999,1.53
highest-temperature-in-ankara-on-june-11-2026,Ankara,2026-06-11,degraded,2026-06-09 05:26:00+00:00,>24h,11,11,3,False,1.205,0.20500000000000007,8.566,8.504,0.51,0.48,0.118,False,0.47000000000000003,1.94
highest-temperature-in-manila-on-june-11-2026,Manila,2026-06-11,degraded,2026-06-09 04:48:00+00:00,>24h,11,11,11,True,1.2049999999999998,0.20499999999999985,30.749,1.01,0.22999999999999998,0.11000000000000001,29.739,False,0.655,1.755
highest-temperature-in-hong-kong-on-june-5-2026,Hong Kong,2026-06-05,clean,2026-06-04 10:37:00+00:00,>24h,11,7,6,False,0.7954999999999999,-0.20450000000000013,6.877,0.5175000000000001,0.15,0.041,6.668,True,0.6229999999999999,0.968
highest-temperature-in-moscow-on-june-4-2026,Moscow,2026-06-04,clean,2026-06-04 11:54:00+00:00,<1h,11,11,11,True,1.2045,0.2044999999999999,36184.016,11969.137,0.38,0.002,36184.003,False,0.897,1.5119999999999998
highest-temperature-in-wuhan-on-june-10-2026,Wuhan,2026-06-10,clean,2026-06-09 07:56:00+00:00,>24h,11,10,10,False,0.7959999999999999,-0.20400000000000007,21.418,3.8019999999999996,0.030000000000000027,0.006500000000000001,21.11,True,0.7410000000000001,0.8510000000000001
highest-temperature-in-kuala-lumpur-on-june-5-2026,Kuala Lumpur,2026-06-05,clean,2026-06-05 07:20:00+00:00,1-6h,11,11,11,True,0.7964999999999999,-0.20350000000000013,74769.429,9198.25,0.18,0.003,74769.418,False,0.583,1.01
highest-temperature-in-hong-kong-on-june-5-2026,Hong Kong,2026-06-05,clean,2026-06-04 18:43:00+00:00,6-24h,11,7,7,False,0.7965,-0.20350000000000001,19194.267,2.511,0.020000000000000004,0.002,19193.513,True,0.774,0.819
highest-temperature-in-hong-kong-on-june-5-2026,Hong Kong,2026-06-05,clean,2026-06-04 19:44:00+00:00,6-24h,11,7,7,False,0.7965,-0.20350000000000001,22854.267,16.453,0.020000000000000004,0.006999999999999999,22854.256,True,0.7709999999999999,0.822
highest-temperature-in-hong-kong-on-june-5-2026,Hong Kong,2026-06-05,clean,2026-06-04 19:51:00+00:00,6-24h,11,7,7,False,0.7965,-0.20350000000000001,23274.267,21.76,0.030000000000000027,0.006999999999999999,23273.17,True,0.7609999999999999,0.832
highest-temperature-in-hong-kong-on-june-5-2026,Hong Kong,2026-06-05,clean,2026-06-04 18:45:00+00:00,6-24h,11,7,7,False,0.7965,-0.20350000000000001,19314.267,8.424,0.020000000000000004,0.002,19312.682,True,0.774,0.819
highest-temperature-in-hong-kong-on-june-5-2026,Hong Kong,2026-06-05,clean,2026-06-04 18:44:00+00:00,6-24h,11,7,7,False,0.7965,-0.20350000000000001,19254.267,0.871,0.020000000000000004,0.002,19253.528,True,0.774,0.819
highest-temperature-in-hong-kong-on-june-5-2026,Hong Kong,2026-06-05,clean,2026-06-04 18:46:00+00:00,6-24h,11,7,7,False,0.7965,-0.20350000000000001,19374.267,8.234,0.020000000000000004,0.002,19374.239,True,0.774,0.819
highest-temperature-in-hong-kong-on-june-5-2026,Hong Kong,2026-06-05,clean,2026-06-04 19:37:00+00:00,6-24h,11,7,7,False,0.7965,-0.20350000000000001,22434.267,8.061,0.020000000000000018,0.006999999999999999,22431.947,True,0.761,0.8320000000000001
highest-temperature-in-hong-kong-on-june-5-2026,Hong Kong,2026-06-05,clean,2026-06-04 19:40:00+00:00,6-24h,11,7,7,False,0.7965,-0.20350000000000001,22614.267,12.47,0.020000000000000018,0.006999999999999999,22608.525,True,0.761,0.8320000000000001
highest-temperature-in-hong-kong-on-june-5-2026,Hong Kong,2026-06-05,clean,2026-06-04 19:50:00+00:00,6-24h,11,7,7,False,0.7965,-0.20350000000000001,23214.267,12.555,0.030000000000000027,0.006999999999999999,23211.547,True,0.7609999999999999,0.832
highest-temperature-in-hong-kong-on-june-5-2026,Hong Kong,2026-06-05,clean,2026-06-04 19:52:00+00:00,6-24h,11,7,7,False,0.7965,-0.20350000000000001,23334.267,40.817,0.030000000000000027,0.006999999999999999,23322.868,True,0.7609999999999999,0.832
highest-temperature-in-wuhan-on-june-10-2026,Wuhan,2026-06-10,clean,2026-06-10 04:44:00+00:00,6-24h,11,10,10,False,0.7969999999999998,-0.20300000000000018,72222.726,2.767,0.07999999999999996,0.003,72221.785,True,0.697,0.897
highest-temperature-in-wuhan-on-june-10-2026,Wuhan,2026-06-10,clean,2026-06-10 04:45:00+00:00,6-24h,11,10,10,False,0.7969999999999998,-0.20300000000000018,72282.726,1.0905,0.06,0.003,72282.714,True,0.707,0.8870000000000001
highest-temperature-in-hong-kong-on-june-5-2026,Hong Kong,2026-06-05,clean,2026-06-04 19:12:00+00:00,6-24h,11,7,7,False,0.7969999999999999,-0.20300000000000007,20934.267,30.245,0.020000000000000004,0.008,20928.584,True,0.7709999999999999,0.823
highest-temperature-in-hong-kong-on-june-5-2026,Hong Kong,2026-06-05,clean,2026-06-04 19:11:00+00:00,6-24h,11,7,7,False,0.7969999999999999,-0.20300000000000007,20874.267,10.754,0.020000000000000004,0.008,20872.214,True,0.7709999999999999,0.823
highest-temperature-in-houston-on-june-12-2026,Houston,2026-06-12,degraded,2026-06-11 02:44:00+00:00,>24h,11,11,11,True,1.2019999999999997,0.20199999999999974,50.884,15.327,0.14,0.03999999999999998,45.825,False,0.9690000000000001,1.435
highest-temperature-in-houston-on-june-12-2026,Houston,2026-06-12,degraded,2026-06-11 02:55:00+00:00,>24h,11,11,11,True,1.2019999999999997,0.20199999999999974,54.213,12.433,0.14,0.03999999999999998,50.455,False,0.9690000000000001,1.435
highest-temperature-in-houston-on-june-12-2026,Houston,2026-06-12,degraded,2026-06-11 02:54:00+00:00,>24h,11,11,11,True,1.2019999999999997,0.20199999999999974,17.281,2.434,0.14,0.03999999999999998,17.189,False,0.9590000000000001,1.4449999999999998
highest-temperature-in-houston-on-june-12-2026,Houston,2026-06-12,degraded,2026-06-11 02:53:00+00:00,>24h,11,11,11,True,1.2019999999999997,0.20199999999999974,79.974,16.076,0.14,0.03999999999999998,69.657,False,0.9690000000000001,1.435
highest-temperature-in-hong-kong-on-june-5-2026,Hong Kong,2026-06-05,clean,2026-06-04 12:02:00+00:00,6-24h,11,7,6,False,0.7985,-0.2015,27.445,1.4605,0.04000000000000001,0.013000000000000005,27.077,True,0.754,0.8430000000000001
highest-temperature-in-houston-on-june-12-2026,Houston,2026-06-12,degraded,2026-06-11 02:52:00+00:00,>24h,11,11,11,True,1.2014999999999998,0.2014999999999998,60.998,25.947,0.139,0.03999999999999998,55.699,False,0.9690000000000001,1.434
highest-temperature-in-houston-on-june-12-2026,Houston,2026-06-12,degraded,2026-06-11 02:51:00+00:00,>24h,11,11,11,True,1.2014999999999998,0.2014999999999998,43.991,6.866,0.139,0.03999999999999998,42.993,False,0.9690000000000001,1.434
highest-temperature-in-houston-on-june-12-2026,Houston,2026-06-12,degraded,2026-06-11 02:47:00+00:00,>24h,11,11,11,True,1.2014999999999998,0.2014999999999998,30.832,30.696,0.139,0.03999999999999998,26.22,False,0.9690000000000001,1.434
highest-temperature-in-hong-kong-on-june-5-2026,Hong Kong,2026-06-05,clean,2026-06-05 07:15:00+00:00,1-6h,11,7,7,False,0.799,-0.20099999999999996,64314.267,11340.92,0.030000000000000027,0.001,64314.172,True,0.775,0.8230000000000001
highest-temperature-in-hong-kong-on-june-5-2026,Hong Kong,2026-06-05,clean,2026-06-05 06:21:00+00:00,1-6h,11,7,7,False,0.799,-0.20099999999999996,61074.267,8100.92,0.010000000000000009,0.001,61073.525,True,0.786,0.812
highest-temperature-in-hong-kong-on-june-5-2026,Hong Kong,2026-06-05,clean,2026-06-05 07:13:00+00:00,1-6h,11,7,7,False,0.7995,-0.2005,64194.267,11220.92,0.06000000000000005,0.001,64192.434,True,0.756,0.8430000000000001
highest-temperature-in-hong-kong-on-june-5-2026,Hong Kong,2026-06-05,clean,2026-06-05 07:14:00+00:00,1-6h,11,7,7,False,0.7995,-0.2005,64254.267,11280.92,0.040000000000000036,0.001,64253.711,True,0.766,0.8330000000000001
highest-temperature-in-hong-kong-on-june-5-2026,Hong Kong,2026-06-05,clean,2026-06-04 10:43:00+00:00,>24h,11,7,6,False,0.7999999999999999,-0.20000000000000007,16.5,1.909,0.11000000000000001,0.0405,15.347,True,0.6729999999999999,0.927
highest-temperature-in-moscow-on-june-4-2026,Moscow,2026-06-04,clean,2026-06-04 11:08:00+00:00,<1h,11,11,11,True,1.1995,0.1995,33424.016,9209.137,0.38,0.002,33423.886,False,0.8500000000000001,1.5490000000000002
highest-temperature-in-kuala-lumpur-on-june-5-2026,Kuala Lumpur,2026-06-05,clean,2026-06-05 05:58:00+00:00,6-24h,11,11,11,True,1.1994999999999998,0.1994999999999998,69849.429,4278.25,0.32999999999999996,0.002,69849.395,False,0.7869999999999999,1.6119999999999997
highest-temperature-in-hong-kong-on-june-5-2026,Hong Kong,2026-06-05,clean,2026-06-04 11:02:00+00:00,>24h,11,7,6,False,0.8009999999999999,-0.19900000000000007,6.932,0.3255,0.04000000000000001,0.01800000000000001,6.789,True,0.741,0.861
highest-temperature-in-wuhan-on-june-10-2026,Wuhan,2026-06-10,clean,2026-06-09 07:52:00+00:00,>24h,11,10,10,False,0.8014999999999998,-0.19850000000000023,4.217,4.1385000000000005,0.04000000000000001,0.006500000000000001,2.004,True,0.7410000000000001,0.8620000000000001
highest-temperature-in-wuhan-on-june-10-2026,Wuhan,2026-06-10,clean,2026-06-09 07:51:00+00:00,>24h,11,10,10,False,0.8014999999999999,-0.19850000000000012,13.495,9.4565,0.030000000000000027,0.006500000000000001,13.41,True,0.7410000000000001,0.8620000000000001
highest-temperature-in-wuhan-on-june-10-2026,Wuhan,2026-06-10,clean,2026-06-09 07:50:00+00:00,>24h,11,10,10,False,0.8014999999999999,-0.19850000000000012,1.053,0.544,0.03999999999999998,0.006500000000000001,0.824,True,0.741,0.8620000000000001
highest-temperature-in-hong-kong-on-june-5-2026,Hong Kong,2026-06-05,clean,2026-06-04 19:48:00+00:00,6-24h,11,7,7,False,0.8015000000000001,-0.1984999999999999,23094.267,5.452,0.020000000000000018,0.006999999999999999,23091.872,True,0.7709999999999999,0.832
highest-temperature-in-hong-kong-on-june-5-2026,Hong Kong,2026-06-05,clean,2026-06-04 19:46:00+00:00,6-24h,11,7,7,False,0.8015000000000001,-0.1984999999999999,22974.267,10.305,0.020000000000000018,0.006999999999999999,22969.163,True,0.7709999999999999,0.832
highest-temperature-in-hong-kong-on-june-5-2026,Hong Kong,2026-06-05,clean,2026-06-04 19:45:00+00:00,6-24h,11,7,7,False,0.8015000000000001,-0.1984999999999999,22914.267,17.428,0.020000000000000018,0.006999999999999999,22911.075,True,0.7709999999999999,0.832
highest-temperature-in-hong-kong-on-june-5-2026,Hong Kong,2026-06-05,clean,2026-06-04 19:47:00+00:00,6-24h,11,7,7,False,0.8015000000000001,-0.1984999999999999,23034.267,0.929,0.020000000000000018,0.006999999999999999,23034.147,True,0.7709999999999999,0.832
highest-temperature-in-wuhan-on-june-10-2026,Wuhan,2026-06-10,clean,2026-06-10 04:43:00+00:00,6-24h,11,10,10,False,0.8019999999999999,-0.19800000000000006,72162.726,1.2570000000000001,0.07999999999999996,0.003,72162.481,True,0.6869999999999999,0.9169999999999999
highest-temperature-in-moscow-on-june-4-2026,Moscow,2026-06-04,clean,2026-06-04 10:46:00+00:00,1-6h,11,11,11,True,1.198,0.19799999999999995,32104.016,7889.137,0.38,0.002,32104.015,False,0.8480000000000001,1.548
highest-temperature-in-moscow-on-june-4-2026,Moscow,2026-06-04,clean,2026-06-04 11:25:00+00:00,<1h,11,11,11,True,1.1975000000000002,0.19750000000000023,34444.016,10229.137,0.38,0.002,34443.928,False,0.8490000000000001,1.546
highest-temperature-in-wuhan-on-june-10-2026,Wuhan,2026-06-10,clean,2026-06-08 04:40:00+00:00,>24h,11,10,10,False,1.1975,0.1975,9.611,9.5435,0.52,0.1545,9.506,True,0.465,1.9300000000000002
highest-temperature-in-wuhan-on-june-10-2026,Wuhan,2026-06-10,clean,2026-06-08 04:41:00+00:00,>24h,11,10,10,False,1.1975,0.1975,2.884,2.8600000000000003,0.5,0.1545,0.139,True,0.47500000000000003,1.92
highest-temperature-in-hong-kong-on-june-5-2026,Hong Kong,2026-06-05,clean,2026-06-05 06:15:00+00:00,1-6h,11,7,7,False,0.8029999999999999,-0.19700000000000006,60714.267,7740.92,0.030000000000000027,0.001,60713.12,True,0.7749999999999999,0.831
highest-temperature-in-houston-on-june-12-2026,Houston,2026-06-12,degraded,2026-06-11 02:43:00+00:00,>24h,11,11,11,True,1.1969999999999998,0.19699999999999984,31.144,31.054,0.14,0.03999999999999998,24.929,False,0.9590000000000001,1.435
highest-temperature-in-hong-kong-on-june-5-2026,Hong Kong,2026-06-05,clean,2026-06-05 07:24:00+00:00,1-6h,11,7,7,False,0.8035,-0.1965,64854.267,11880.92,0.09000000000000008,0.001,64848.808,True,0.745,0.8620000000000001
highest-temperature-in-hong-kong-on-june-5-2026,Hong Kong,2026-06-05,clean,2026-06-05 07:23:00+00:00,1-6h,11,7,7,False,0.8035,-0.1965,64794.267,11820.92,0.09000000000000008,0.001,64794.247,True,0.745,0.8620000000000001
highest-temperature-in-mexico-city-on-june-6-2026,Mexico City,2026-06-06,degraded,2026-06-05 04:39:00+00:00,>24h,11,11,9,False,1.1965,0.1964999999999999,11.979,4.89,0.159,0.12,10.438,False,0.78,1.613
highest-temperature-in-houston-on-june-12-2026,Houston,2026-06-12,degraded,2026-06-11 02:50:00+00:00,>24h,11,11,11,True,1.1964999999999997,0.19649999999999967,141.585,75.309,0.139,0.03999999999999998,141.262,False,0.9590000000000001,1.434
highest-temperature-in-houston-on-june-12-2026,Houston,2026-06-12,degraded,2026-06-11 02:49:00+00:00,>24h,11,11,11,True,1.1964999999999997,0.19649999999999967,150.696,15.326,0.139,0.03999999999999998,139.734,False,0.9590000000000001,1.434
highest-temperature-in-houston-on-june-12-2026,Houston,2026-06-12,degraded,2026-06-11 02:56:00+00:00,>24h,11,11,11,True,1.1964999999999997,0.19649999999999967,44.854,31.994,0.139,0.03999999999999998,42.867,False,0.9690000000000001,1.424
highest-temperature-in-hong-kong-on-june-5-2026,Hong Kong,2026-06-05,clean,2026-06-05 06:14:00+00:00,1-6h,11,7,7,False,0.8039999999999999,-0.19600000000000006,60654.267,7680.92,0.06000000000000005,0.001,60654.222,True,0.7569999999999999,0.851
highest-temperature-in-wuhan-on-june-10-2026,Wuhan,2026-06-10,clean,2026-06-10 04:42:00+00:00,6-24h,11,10,10,False,0.8039999999999999,-0.19600000000000006,72102.726,3.63,0.09,0.005,72102.505,True,0.6869999999999999,0.9210000000000002
highest-temperature-in-hong-kong-on-june-5-2026,Hong Kong,2026-06-05,clean,2026-06-04 10:44:00+00:00,>24h,11,7,6,False,0.8039999999999999,-0.19600000000000006,1.16,0.813,0.11000000000000001,0.039999999999999994,1.081,True,0.6819999999999999,0.9259999999999999
highest-temperature-in-hong-kong-on-june-5-2026,Hong Kong,2026-06-05,clean,2026-06-04 10:48:00+00:00,>24h,11,7,6,False,0.8039999999999999,-0.19600000000000006,9.786,1.1960000000000002,0.09,0.039999999999999994,9.777,True,0.694,0.9139999999999999
highest-temperature-in-moscow-on-june-4-2026,Moscow,2026-06-04,clean,2026-06-04 11:15:00+00:00,<1h,11,11,11,True,1.196,0.19599999999999995,33844.016,9629.137,0.38,0.002,33844.0,False,0.89,1.502
highest-temperature-in-hong-kong-on-june-5-2026,Hong Kong,2026-06-05,clean,2026-06-05 07:09:00+00:00,1-6h,11,7,7,False,0.804,-0.19599999999999995,63954.267,10980.92,0.050000000000000044,0.001,63954.073,True,0.765,0.8430000000000001
highest-temperature-in-houston-on-june-12-2026,Houston,2026-06-12,degraded,2026-06-11 03:05:00+00:00,>24h,11,11,11,True,1.1959999999999997,0.19599999999999973,30.869,15.321,0.138,0.030000000000000027,18.81,False,0.9690000000000001,1.423
highest-temperature-in-hong-kong-on-june-5-2026,Hong Kong,2026-06-05,clean,2026-06-05 07:10:00+00:00,1-6h,11,7,7,False,0.8045,-0.1955,64014.267,11040.92,0.050000000000000044,0.001,64014.24,True,0.766,0.8430000000000001
highest-temperature-in-hong-kong-on-june-5-2026,Hong Kong,2026-06-05,clean,2026-06-04 10:47:00+00:00,>24h,11,7,6,False,0.8045,-0.1955,1.654,1.3315000000000001,0.09,0.039999999999999994,1.383,True,0.694,0.915
highest-temperature-in-wuhan-on-june-10-2026,Wuhan,2026-06-10,clean,2026-06-10 04:41:00+00:00,6-24h,11,10,10,False,0.8049999999999998,-0.19500000000000017,72042.726,0.683,0.08000000000000002,0.006,72042.649,True,0.6869999999999999,0.9230000000000002
highest-temperature-in-chongqing-on-june-6-2026,Chongqing,2026-06-06,degraded,2026-06-05 04:52:00+00:00,>24h,11,11,8,False,1.195,0.19500000000000006,46.649,20.878,0.30000000000000004,0.045,30.933,False,0.8799999999999999,1.51
highest-temperature-in-chongqing-on-june-6-2026,Chongqing,2026-06-06,degraded,2026-06-05 04:43:00+00:00,>24h,11,11,4,False,0.8049999999999999,-0.19500000000000006,0.337,0.3365,0.76,0.23,0.012,False,0.12000000000000001,1.49
highest-temperature-in-hong-kong-on-june-5-2026,Hong Kong,2026-06-05,clean,2026-06-04 10:46:00+00:00,>24h,11,7,6,False,0.8049999999999999,-0.19500000000000006,1.076,0.199,0.09,0.039999999999999994,1.051,True,0.694,0.9159999999999999
highest-temperature-in-manila-on-june-11-2026,Manila,2026-06-11,degraded,2026-06-09 04:49:00+00:00,>24h,11,11,11,True,1.1949999999999998,0.19499999999999984,29.043,23.986,0.22999999999999998,0.11000000000000001,28.683,False,0.655,1.7349999999999999
highest-temperature-in-hong-kong-on-june-5-2026,Hong Kong,2026-06-05,clean,2026-06-04 10:55:00+00:00,>24h,11,7,6,False,0.8054999999999999,-0.19450000000000012,9.341,0.749,0.059,0.05,9.318,True,0.699,0.912
highest-temperature-in-hong-kong-on-june-5-2026,Hong Kong,2026-06-05,clean,2026-06-04 10:50:00+00:00,>24h,11,7,6,False,0.8055,-0.1945,2.144,1.419,0.06,0.044000000000000004,0.744,True,0.705,0.906
highest-temperature-in-hong-kong-on-june-5-2026,Hong Kong,2026-06-05,clean,2026-06-04 11:01:00+00:00,>24h,11,7,6,False,0.8055,-0.1945,0.5,0.3505,0.04999999999999999,0.02000000000000001,0.304,True,0.738,0.873
highest-temperature-in-kuala-lumpur-on-june-5-2026,Kuala Lumpur,2026-06-05,clean,2026-06-05 06:00:00+00:00,1-6h,11,11,11,True,1.1945,0.1944999999999999,69969.429,4398.25,0.32,0.002,69968.621,False,0.7869999999999999,1.6019999999999999
highest-temperature-in-kuala-lumpur-on-june-5-2026,Kuala Lumpur,2026-06-05,clean,2026-06-05 05:59:00+00:00,6-24h,11,11,11,True,1.1945,0.1944999999999999,69909.429,4338.25,0.32,0.002,69908.692,False,0.7869999999999999,1.6019999999999999
highest-temperature-in-ankara-on-june-11-2026,Ankara,2026-06-11,degraded,2026-06-09 05:31:00+00:00,>24h,11,11,10,False,1.1940000000000002,0.19400000000000017,33.728,6.2715,0.34,0.15200000000000002,32.642,False,0.538,1.85
highest-temperature-in-hong-kong-on-june-5-2026,Hong Kong,2026-06-05,clean,2026-06-04 19:53:00+00:00,6-24h,11,7,7,False,0.8065,-0.1935,23394.267,7.24,0.030000000000000027,0.006999999999999999,23392.584,True,0.7709999999999999,0.842
highest-temperature-in-hong-kong-on-june-5-2026,Hong Kong,2026-06-05,clean,2026-06-04 19:54:00+00:00,6-24h,11,7,7,False,0.8065,-0.1935,23454.267,0.413,0.030000000000000027,0.006999999999999999,23454.244,True,0.7709999999999999,0.842
highest-temperature-in-shenzhen-on-june-9-2026,Shenzhen,2026-06-09,clean,2026-06-09 08:08:00+00:00,1-6h,11,11,11,True,1.1934999999999998,0.19349999999999978,132364.297,20.954,0.20000000000000007,0.001,132364.227,False,1.0109999999999997,1.376
highest-temperature-in-ankara-on-june-11-2026,Ankara,2026-06-11,degraded,2026-06-09 05:33:00+00:00,>24h,11,11,10,False,1.1930000000000003,0.19300000000000028,91.713,45.032000000000004,0.32000000000000006,0.14700000000000002,74.348,False,0.5780000000000001,1.808
highest-temperature-in-ankara-on-june-11-2026,Ankara,2026-06-11,degraded,2026-06-09 05:32:00+00:00,>24h,11,11,10,False,1.1930000000000003,0.19300000000000028,46.086,31.712,0.32000000000000006,0.14700000000000002,40.93,False,0.5780000000000001,1.808
highest-temperature-in-wuhan-on-june-10-2026,Wuhan,2026-06-10,clean,2026-06-10 04:46:00+00:00,6-24h,11,10,10,False,0.8069999999999998,-0.19300000000000017,72342.726,1.1065,0.09999999999999998,0.003,72342.696,True,0.697,0.917
highest-temperature-in-hong-kong-on-june-5-2026,Hong Kong,2026-06-05,clean,2026-06-05 07:21:00+00:00,1-6h,11,7,7,False,0.807,-0.19299999999999995,64674.267,11700.92,0.06000000000000005,0.001,64674.228,True,0.765,0.8490000000000001
highest-temperature-in-wuhan-on-june-10-2026,Wuhan,2026-06-10,clean,2026-06-09 09:31:00+00:00,>24h,11,10,10,False,0.8075,-0.1925,3042.726,0.536,0.07,0.009000000000000001,3042.72,True,0.741,0.8740000000000001
highest-temperature-in-hong-kong-on-june-5-2026,Hong Kong,2026-06-05,clean,2026-06-05 07:16:00+00:00,1-6h,11,7,7,False,0.8075,-0.1925,64374.267,11400.92,0.015000000000000003,0.001,64374.106,True,0.792,0.8230000000000001
highest-temperature-in-hong-kong-on-june-5-2026,Hong Kong,2026-06-05,clean,2026-06-05 07:17:00+00:00,1-6h,11,7,7,False,0.8075,-0.1925,64434.267,11460.92,0.015000000000000003,0.001,64434.137,True,0.792,0.8230000000000001
highest-temperature-in-wuhan-on-june-10-2026,Wuhan,2026-06-10,clean,2026-06-09 07:53:00+00:00,>24h,11,10,10,False,0.8075,-0.1925,1.81,0.40549999999999997,0.030000000000000027,0.0065000000000000014,1.5070000000000001,True,0.7510000000000001,0.8640000000000001
highest-temperature-in-moscow-on-june-4-2026,Moscow,2026-06-04,clean,2026-06-04 11:24:00+00:00,<1h,11,11,11,True,1.1925,0.1924999999999999,34384.016,10169.137,0.38,0.002,34384.011,False,0.8390000000000001,1.546
highest-temperature-in-moscow-on-june-4-2026,Moscow,2026-06-04,clean,2026-06-04 11:22:00+00:00,<1h,11,11,11,True,1.1925,0.1924999999999999,34264.016,10049.137,0.38,0.002,34261.37,False,0.809,1.576
highest-temperature-in-houston-on-june-12-2026,Houston,2026-06-12,degraded,2026-06-11 02:29:00+00:00,>24h,11,11,11,True,1.1925,0.1924999999999999,112.851,4.647,0.14,0.04999999999999999,109.016,False,0.92,1.465
highest-temperature-in-houston-on-june-12-2026,Houston,2026-06-12,degraded,2026-06-11 02:30:00+00:00,>24h,11,11,11,True,1.1925,0.1924999999999999,156.098,64.616,0.14,0.04999999999999999,153.689,False,0.92,1.465
highest-temperature-in-wuhan-on-june-10-2026,Wuhan,2026-06-10,clean,2026-06-10 04:40:00+00:00,6-24h,11,10,10,False,0.8084999999999998,-0.19150000000000023,71982.726,0.393,0.08000000000000002,0.007000000000000001,71982.67,True,0.724,0.8930000000000001
highest-temperature-in-wuhan-on-june-10-2026,Wuhan,2026-06-10,clean,2026-06-09 08:22:00+00:00,>24h,11,10,10,False,0.8084999999999999,-0.19150000000000011,0.437,0.055,0.04999999999999999,0.008,0.4,True,0.7480000000000001,0.869
highest-temperature-in-wuhan-on-june-10-2026,Wuhan,2026-06-10,clean,2026-06-09 08:20:00+00:00,>24h,11,10,10,False,0.8084999999999999,-0.19150000000000011,4.963,1.1695000000000002,0.04999999999999999,0.008,4.775,True,0.7480000000000001,0.869
highest-temperature-in-wuhan-on-june-10-2026,Wuhan,2026-06-10,clean,2026-06-09 08:23:00+00:00,>24h,11,10,10,False,0.8084999999999999,-0.19150000000000011,1.348,0.57,0.04999999999999999,0.008,0.973,True,0.7480000000000001,0.869
highest-temperature-in-wuhan-on-june-10-2026,Wuhan,2026-06-10,clean,2026-06-09 08:21:00+00:00,>24h,11,10,10,False,0.8084999999999999,-0.19150000000000011,6.331,0.027,0.04999999999999999,0.008,6.306,True,0.7480000000000001,0.869
highest-temperature-in-kuala-lumpur-on-june-5-2026,Kuala Lumpur,2026-06-05,clean,2026-06-05 08:28:00+00:00,1-6h,11,11,11,True,0.8084999999999999,-0.19150000000000011,78849.429,13278.25,0.482,0.002,78849.37,False,0.535,1.0819999999999999
highest-temperature-in-houston-on-june-12-2026,Houston,2026-06-12,degraded,2026-06-11 02:58:00+00:00,>24h,11,11,11,True,1.1914999999999998,0.19149999999999978,85.311,42.725,0.139,0.03999999999999998,84.35,False,0.9590000000000001,1.424
highest-temperature-in-wuhan-on-june-10-2026,Wuhan,2026-06-10,clean,2026-06-09 08:24:00+00:00,>24h,11,10,10,False,0.8089999999999999,-0.19100000000000006,16.388,13.006499999999999,0.04999999999999999,0.0075,13.208,True,0.7490000000000001,0.869
highest-temperature-in-wuhan-on-june-10-2026,Wuhan,2026-06-10,clean,2026-06-09 09:32:00+00:00,>24h,11,10,10,False,0.8089999999999999,-0.19100000000000006,3102.726,1.3195,0.07,0.009000000000000005,3102.637,True,0.742,0.8760000000000001
highest-temperature-in-wuhan-on-june-10-2026,Wuhan,2026-06-10,clean,2026-06-09 09:34:00+00:00,>24h,11,10,10,False,0.8089999999999999,-0.19100000000000006,3222.726,5.2725,0.07,0.009000000000000005,3218.191,True,0.742,0.8760000000000001
highest-temperature-in-wuhan-on-june-10-2026,Wuhan,2026-06-10,clean,2026-06-09 09:33:00+00:00,>24h,11,10,10,False,0.8089999999999999,-0.19100000000000006,3162.726,2.75,0.07,0.009000000000000005,3161.692,True,0.742,0.8760000000000001
highest-temperature-in-hong-kong-on-june-5-2026,Hong Kong,2026-06-05,clean,2026-06-04 10:45:00+00:00,>24h,11,7,6,False,0.8089999999999999,-0.19100000000000006,7.407,2.2975,0.1,0.039999999999999994,6.904,True,0.692,0.9259999999999999
highest-temperature-in-hong-kong-on-june-5-2026,Hong Kong,2026-06-05,clean,2026-06-05 07:11:00+00:00,1-6h,11,7,7,False,0.809,-0.19099999999999995,64074.267,11100.92,0.06000000000000005,0.001,64074.215,True,0.765,0.8530000000000001
highest-temperature-in-houston-on-june-12-2026,Houston,2026-06-12,degraded,2026-06-11 03:02:00+00:00,>24h,11,11,11,True,1.1909999999999996,0.19099999999999961,284.792,159.116,0.138,0.03999999999999998,135.031,False,0.9590000000000001,1.423
highest-temperature-in-houston-on-june-12-2026,Houston,2026-06-12,degraded,2026-06-11 03:04:00+00:00,>24h,11,11,11,True,1.1909999999999996,0.19099999999999961,404.792,279.116,0.138,0.03999999999999998,135.031,False,0.9590000000000001,1.423
highest-temperature-in-houston-on-june-12-2026,Houston,2026-06-12,degraded,2026-06-11 03:03:00+00:00,>24h,11,11,11,True,1.1909999999999996,0.19099999999999961,344.792,219.116,0.138,0.03999999999999998,135.031,False,0.9590000000000001,1.423
highest-temperature-in-houston-on-june-12-2026,Houston,2026-06-12,degraded,2026-06-11 03:00:00+00:00,>24h,11,11,11,True,1.1909999999999996,0.19099999999999961,164.792,39.116,0.138,0.03999999999999998,135.031,False,0.9590000000000001,1.423
highest-temperature-in-houston-on-june-12-2026,Houston,2026-06-12,degraded,2026-06-11 02:59:00+00:00,>24h,11,11,11,True,1.1909999999999996,0.19099999999999961,104.792,37.858,0.138,0.03999999999999998,101.814,False,0.9590000000000001,1.423
highest-temperature-in-houston-on-june-12-2026,Houston,2026-06-12,degraded,2026-06-11 03:01:00+00:00,>24h,11,11,11,True,1.1909999999999996,0.19099999999999961,224.792,99.116,0.138,0.03999999999999998,135.031,False,0.9590000000000001,1.423
highest-temperature-in-moscow-on-june-4-2026,Moscow,2026-06-04,clean,2026-06-04 11:27:00+00:00,<1h,11,11,11,True,1.1905000000000001,0.1905000000000001,34564.016,10349.137,0.38,0.002,34563.983,False,0.8590000000000001,1.5220000000000002
highest-temperature-in-hong-kong-on-june-5-2026,Hong Kong,2026-06-05,clean,2026-06-05 07:12:00+00:00,1-6h,11,7,7,False,0.8095,-0.1905,64134.267,11160.92,0.040000000000000036,0.001,64134.228,True,0.786,0.8330000000000001
highest-temperature-in-hong-kong-on-june-5-2026,Hong Kong,2026-06-05,clean,2026-06-04 10:52:00+00:00,>24h,11,7,6,False,0.8095,-0.1905,0.577,0.349,0.030000000000000002,0.020000000000000004,0.506,True,0.7579999999999999,0.861
highest-temperature-in-hong-kong-on-june-5-2026,Hong Kong,2026-06-05,clean,2026-06-04 10:56:00+00:00,>24h,11,7,6,False,0.8095,-0.1905,16.662,1.3159999999999998,0.04999999999999999,0.04000000000000001,16.505,True,0.719,0.9
highest-temperature-in-wuhan-on-june-10-2026,Wuhan,2026-06-10,clean,2026-06-09 08:25:00+00:00,>24h,11,10,10,False,0.8095000000000001,-0.1904999999999999,23.131,10.43,0.04999999999999999,0.007,22.287,True,0.7490000000000001,0.87
highest-temperature-in-shenzhen-on-june-9-2026,Shenzhen,2026-06-09,clean,2026-06-07 07:17:00+00:00,>24h,11,11,11,True,1.1905,0.1904999999999999,29.391,29.365,0.11000000000000001,0.019999999999999962,11.193,False,0.986,1.395
highest-temperature-in-kuala-lumpur-on-june-5-2026,Kuala Lumpur,2026-06-05,clean,2026-06-05 06:02:00+00:00,1-6h,11,11,11,True,1.1905,0.1904999999999999,70089.429,4518.25,0.32,0.002,70088.828,False,0.7789999999999999,1.6019999999999999
highest-temperature-in-houston-on-june-12-2026,Houston,2026-06-12,degraded,2026-06-11 02:31:00+00:00,>24h,11,11,11,True,1.1905,0.1904999999999999,155.012,14.61,0.14,0.04999999999999999,152.834,False,0.919,1.462
highest-temperature-in-houston-on-june-12-2026,Houston,2026-06-12,degraded,2026-06-11 02:32:00+00:00,>24h,11,11,11,True,1.1905,0.1904999999999999,184.647,14.872,0.14,0.04999999999999999,184.256,False,0.919,1.462
highest-temperature-in-austin-on-june-11-2026,Austin,2026-06-11,degraded,2026-06-10 02:02:00+00:00,>24h,11,11,11,True,1.1904999999999997,0.19049999999999967,34.724,8.059,0.14,0.06999999999999999,33.166,False,0.794,1.5870000000000002
highest-temperature-in-houston-on-june-12-2026,Houston,2026-06-12,degraded,2026-06-11 02:01:00+00:00,>24h,11,11,11,True,1.19,0.18999999999999995,50.305,35.332,0.16499999999999998,0.07,46.699,False,0.836,1.5439999999999998
highest-temperature-in-houston-on-june-12-2026,Houston,2026-06-12,degraded,2026-06-11 01:57:00+00:00,>24h,11,11,11,True,1.19,0.18999999999999995,70.045,4.126,0.16099999999999998,0.07,68.387,False,0.828,1.5519999999999998
highest-temperature-in-houston-on-june-12-2026,Houston,2026-06-12,degraded,2026-06-11 03:06:00+00:00,>24h,11,11,11,True,1.1899999999999997,0.18999999999999972,16.777,9.56,0.136,0.030000000000000027,13.045,False,0.9690000000000001,1.411
highest-temperature-in-houston-on-june-12-2026,Houston,2026-06-12,degraded,2026-06-11 03:10:00+00:00,>24h,11,11,11,True,1.1899999999999997,0.18999999999999972,249.506,9.136,0.136,0.030000000000000027,248.037,False,0.9690000000000001,1.411
highest-temperature-in-houston-on-june-12-2026,Houston,2026-06-12,degraded,2026-06-11 03:07:00+00:00,>24h,11,11,11,True,1.1899999999999997,0.18999999999999972,71.097,41.564,0.136,0.030000000000000027,45.769,False,0.9690000000000001,1.411
highest-temperature-in-houston-on-june-12-2026,Houston,2026-06-12,degraded,2026-06-11 03:08:00+00:00,>24h,11,11,11,True,1.1899999999999997,0.18999999999999972,131.097,85.332,0.136,0.030000000000000027,127.402,False,0.9690000000000001,1.411
highest-temperature-in-houston-on-june-12-2026,Houston,2026-06-12,degraded,2026-06-11 03:09:00+00:00,>24h,11,11,11,True,1.1899999999999997,0.18999999999999972,191.097,63.695,0.136,0.030000000000000027,187.482,False,0.9690000000000001,1.411
highest-temperature-in-hong-kong-on-june-5-2026,Hong Kong,2026-06-05,clean,2026-06-04 10:53:00+00:00,>24h,11,7,6,False,0.8105,-0.1895,19.769,7.313000000000001,0.030000000000000002,0.020000000000000004,16.801,True,0.7579999999999999,0.863
highest-temperature-in-moscow-on-june-4-2026,Moscow,2026-06-04,clean,2026-06-04 11:17:00+00:00,<1h,11,11,11,True,1.1895,0.1895,33964.016,9749.137,0.38,0.002,33963.976,False,0.86,1.519
highest-temperature-in-wuhan-on-june-10-2026,Wuhan,2026-06-10,clean,2026-06-09 08:19:00+00:00,>24h,11,10,10,False,0.8105,-0.1895,0.569,0.16999999999999998,0.04999999999999999,0.0085,0.531,True,0.7490000000000001,0.872
highest-temperature-in-moscow-on-june-4-2026,Moscow,2026-06-04,clean,2026-06-04 11:51:00+00:00,<1h,11,11,11,True,1.1890000000000003,0.18900000000000028,36004.016,11789.137,0.38,0.002,36003.978,False,0.8190000000000001,1.559
highest-temperature-in-houston-on-june-12-2026,Houston,2026-06-12,degraded,2026-06-11 02:00:00+00:00,>24h,11,11,11,True,1.1889999999999998,0.18899999999999983,134.498,2.058,0.16299999999999998,0.07,133.468,False,0.836,1.5419999999999998
highest-temperature-in-shenzhen-on-june-9-2026,Shenzhen,2026-06-09,clean,2026-06-07 06:44:00+00:00,>24h,11,11,11,True,1.1889999999999998,0.18899999999999983,5.446,5.411,0.21999999999999997,0.067,3.993,False,0.7240000000000001,1.6540000000000001
highest-temperature-in-shenzhen-on-june-9-2026,Shenzhen,2026-06-09,clean,2026-06-07 06:45:00+00:00,>24h,11,11,11,True,1.1889999999999998,0.18899999999999983,5.751,5.653,0.19999999999999998,0.06,4.6850000000000005,False,0.7440000000000001,1.6340000000000001
highest-temperature-in-moscow-on-june-4-2026,Moscow,2026-06-04,clean,2026-06-04 10:16:00+00:00,1-6h,11,11,11,True,1.1889999999999998,0.18899999999999983,30304.016,6089.137,0.15000000000000008,0.002,30304.001,False,0.978,1.4
highest-temperature-in-houston-on-june-12-2026,Houston,2026-06-12,degraded,2026-06-11 01:59:00+00:00,>24h,11,11,11,True,1.1889999999999998,0.18899999999999983,98.426,25.326,0.16099999999999998,0.07,89.414,False,0.838,1.5399999999999998
highest-temperature-in-houston-on-june-12-2026,Houston,2026-06-12,degraded,2026-06-11 01:58:00+00:00,>24h,11,11,11,True,1.1889999999999998,0.18899999999999983,39.022,30.557,0.16099999999999998,0.07,38.757,False,0.838,1.5399999999999998
highest-temperature-in-houston-on-june-12-2026,Houston,2026-06-12,degraded,2026-06-11 02:22:00+00:00,>24h,11,11,11,True,1.1884999999999997,0.18849999999999967,82.657,9.291,0.14,0.04999999999999999,81.307,False,0.8990000000000001,1.4780000000000002
highest-temperature-in-shenzhen-on-june-9-2026,Shenzhen,2026-06-09,clean,2026-06-07 05:56:00+00:00,>24h,11,11,11,True,1.1880000000000002,0.18800000000000017,2.63,2.6,0.158,0.1,2.542,False,0.7320000000000001,1.6440000000000003
highest-temperature-in-shenzhen-on-june-9-2026,Shenzhen,2026-06-09,clean,2026-06-07 06:43:00+00:00,>24h,11,11,11,True,1.188,0.18799999999999994,4.222,4.143,0.22,0.067,3.959,False,0.7140000000000001,1.6620000000000001
highest-temperature-in-shenzhen-on-june-9-2026,Shenzhen,2026-06-09,clean,2026-06-07 06:48:00+00:00,>24h,11,11,11,True,1.188,0.18799999999999994,11.319,11.118,0.21000000000000002,0.06,10.713,False,0.7440000000000001,1.632
highest-temperature-in-hong-kong-on-june-5-2026,Hong Kong,2026-06-05,clean,2026-06-05 07:37:00+00:00,1-6h,11,7,7,False,0.812,-0.18799999999999994,65634.267,12660.92,0.020000000000000018,0.001,65634.211,True,0.795,0.8290000000000001
highest-temperature-in-houston-on-june-12-2026,Houston,2026-06-12,degraded,2026-06-11 02:06:00+00:00,>24h,11,11,11,True,1.1879999999999997,0.18799999999999972,287.644,264.634,0.16299999999999998,0.07,32.029,False,0.836,1.5399999999999998
highest-temperature-in-houston-on-june-12-2026,Houston,2026-06-12,degraded,2026-06-11 02:03:00+00:00,>24h,11,11,11,True,1.1879999999999997,0.18799999999999972,107.644,84.634,0.16299999999999998,0.07,32.029,False,0.836,1.5399999999999998
highest-temperature-in-houston-on-june-12-2026,Houston,2026-06-12,degraded,2026-06-11 02:05:00+00:00,>24h,11,11,11,True,1.1879999999999997,0.18799999999999972,227.644,204.634,0.16299999999999998,0.07,32.029,False,0.836,1.5399999999999998
highest-temperature-in-houston-on-june-12-2026,Houston,2026-06-12,degraded,2026-06-11 02:04:00+00:00,>24h,11,11,11,True,1.1879999999999997,0.18799999999999972,167.644,144.634,0.16299999999999998,0.07,32.029,False,0.836,1.5399999999999998
highest-temperature-in-houston-on-june-12-2026,Houston,2026-06-12,degraded,2026-06-11 02:02:00+00:00,>24h,11,11,11,True,1.1879999999999997,0.18799999999999972,47.644,24.634,0.16299999999999998,0.07,32.029,False,0.836,1.5399999999999998
highest-temperature-in-houston-on-june-12-2026,Houston,2026-06-12,degraded,2026-06-11 02:07:00+00:00,>24h,11,11,11,True,1.1879999999999997,0.18799999999999972,347.644,324.634,0.16299999999999998,0.07,32.029,False,0.836,1.5399999999999998
highest-temperature-in-hong-kong-on-june-5-2026,Hong Kong,2026-06-05,clean,2026-06-05 07:02:00+00:00,1-6h,11,7,7,False,0.8125,-0.1875,63534.267,10560.92,0.040000000000000036,0.001,63534.237,True,0.785,0.8400000000000001
highest-temperature-in-hong-kong-on-june-5-2026,Hong Kong,2026-06-05,clean,2026-06-05 07:01:00+00:00,1-6h,11,7,7,False,0.8125,-0.1875,63474.267,10500.92,0.040000000000000036,0.001,63473.706,True,0.785,0.8400000000000001
highest-temperature-in-hong-kong-on-june-5-2026,Hong Kong,2026-06-05,clean,2026-06-05 07:20:00+00:00,1-6h,11,7,7,False,0.8125,-0.1875,64614.267,11640.92,0.06000000000000005,0.001,64613.325,True,0.772,0.8530000000000001
highest-temperature-in-houston-on-june-12-2026,Houston,2026-06-12,degraded,2026-06-11 02:23:00+00:00,>24h,11,11,11,True,1.1874999999999998,0.18749999999999978,13.679,11.068,0.14,0.04999999999999999,10.913,False,0.9090000000000001,1.4660000000000002
highest-temperature-in-houston-on-june-12-2026,Houston,2026-06-12,degraded,2026-06-11 02:25:00+00:00,>24h,11,11,11,True,1.1874999999999998,0.18749999999999978,42.388,42.316,0.14,0.04999999999999999,39.035,False,0.9090000000000001,1.4660000000000002
highest-temperature-in-houston-on-june-12-2026,Houston,2026-06-12,degraded,2026-06-11 02:24:00+00:00,>24h,11,11,11,True,1.1874999999999998,0.18749999999999978,71.144,43.979,0.14,0.04999999999999999,63.319,False,0.9090000000000001,1.4660000000000002
highest-temperature-in-houston-on-june-12-2026,Houston,2026-06-12,degraded,2026-06-11 02:26:00+00:00,>24h,11,11,11,True,1.1874999999999998,0.18749999999999978,102.388,13.67,0.14,0.04999999999999999,98.865,False,0.9090000000000001,1.4660000000000002
highest-temperature-in-wuhan-on-june-10-2026,Wuhan,2026-06-10,clean,2026-06-09 07:28:00+00:00,>24h,11,10,10,False,0.813,-0.18700000000000006,18.139,8.17,0.06,0.007000000000000001,16.145,True,0.7210000000000001,0.9049999999999999
highest-temperature-in-wuhan-on-june-10-2026,Wuhan,2026-06-10,clean,2026-06-09 07:27:00+00:00,>24h,11,10,10,False,0.813,-0.18700000000000006,1.137,0.275,0.05000000000000002,0.007000000000000001,0.939,True,0.7210000000000001,0.9049999999999999
highest-temperature-in-wuhan-on-june-10-2026,Wuhan,2026-06-10,clean,2026-06-09 08:02:00+00:00,>24h,11,10,10,False,0.8130000000000001,-0.18699999999999994,40.616,0.909,0.06,0.007500000000000001,40.571,True,0.7310000000000001,0.895
highest-temperature-in-houston-on-june-12-2026,Houston,2026-06-12,degraded,2026-06-11 02:28:00+00:00,>24h,11,11,11,True,1.1869999999999998,0.18699999999999983,60.69,35.334,0.14,0.03999999999999998,59.578,False,0.9190000000000002,1.455
highest-temperature-in-houston-on-june-12-2026,Houston,2026-06-12,degraded,2026-06-11 02:27:00+00:00,>24h,11,11,11,True,1.1869999999999998,0.18699999999999983,45.088,0.672,0.14,0.03999999999999998,44.771,False,0.9190000000000002,1.455
highest-temperature-in-mexico-city-on-june-6-2026,Mexico City,2026-06-06,degraded,2026-06-05 04:37:00+00:00,>24h,11,11,9,False,1.1869999999999998,0.18699999999999983,103.945,17.419,0.159,0.13,102.767,False,0.76,1.614
highest-temperature-in-shenzhen-on-june-9-2026,Shenzhen,2026-06-09,clean,2026-06-07 05:10:00+00:00,>24h,11,11,11,True,1.1865,0.1865000000000001,29.106,19.001,0.27,0.15,25.288,False,0.485,1.8880000000000001
highest-temperature-in-mexico-city-on-june-6-2026,Mexico City,2026-06-06,degraded,2026-06-05 04:38:00+00:00,>24h,11,11,9,False,1.1865,0.1865000000000001,6.994,6.976,0.159,0.13,6.654,False,0.76,1.613
highest-temperature-in-kuala-lumpur-on-june-5-2026,Kuala Lumpur,2026-06-05,clean,2026-06-05 08:27:00+00:00,1-6h,11,11,11,True,0.8134999999999999,-0.1865000000000001,78789.429,13218.25,0.482,0.003,78788.52,False,0.534,1.0929999999999997
highest-temperature-in-wuhan-on-june-10-2026,Wuhan,2026-06-10,clean,2026-06-08 04:42:00+00:00,>24h,11,10,10,False,1.1864999999999999,0.1864999999999999,11.343,10.527999999999999,0.48,0.1545,0.865,True,0.47300000000000003,1.9
highest-temperature-in-wuhan-on-june-10-2026,Wuhan,2026-06-10,clean,2026-06-08 04:43:00+00:00,>24h,11,10,10,False,1.1864999999999999,0.1864999999999999,35.885,14.433,0.47,0.14,33.694,True,0.503,1.87
highest-temperature-in-shenzhen-on-june-9-2026,Shenzhen,2026-06-09,clean,2026-06-07 05:46:00+00:00,>24h,11,11,11,True,1.1864999999999999,0.1864999999999999,66.73,66.637,0.26,0.109,65.414,False,0.6249999999999999,1.7480000000000002
highest-temperature-in-houston-on-june-12-2026,Houston,2026-06-12,degraded,2026-06-11 02:57:00+00:00,>24h,11,11,11,True,1.1864999999999999,0.1864999999999999,25.311,2.732,0.139,0.03999999999999998,23.007,False,0.9490000000000001,1.424
highest-temperature-in-moscow-on-june-4-2026,Moscow,2026-06-04,clean,2026-06-04 11:18:00+00:00,<1h,11,11,11,True,1.1864999999999999,0.1864999999999999,34024.016,9809.137,0.38,0.002,34023.832,False,0.8290000000000001,1.544
highest-temperature-in-wuhan-on-june-10-2026,Wuhan,2026-06-10,clean,2026-06-09 08:01:00+00:00,>24h,11,10,10,False,0.814,-0.18600000000000005,0.421,0.334,0.03999999999999998,0.007500000000000001,0.179,True,0.7510000000000001,0.877
highest-temperature-in-hong-kong-on-june-5-2026,Hong Kong,2026-06-05,clean,2026-06-04 10:57:00+00:00,>24h,11,7,6,False,0.814,-0.18600000000000005,2.993,0.837,0.04999999999999999,0.03500000000000001,2.833,True,0.729,0.899
highest-temperature-in-hong-kong-on-june-5-2026,Hong Kong,2026-06-05,clean,2026-06-05 07:33:00+00:00,1-6h,11,7,7,False,0.8140000000000001,-0.18599999999999994,65394.267,12420.92,0.020000000000000018,0.001,65394.254,True,0.796,0.8320000000000001
highest-temperature-in-hong-kong-on-june-5-2026,Hong Kong,2026-06-05,clean,2026-06-05 07:36:00+00:00,1-6h,11,7,7,False,0.8140000000000001,-0.18599999999999994,65574.267,12600.92,0.020000000000000018,0.001,65571.958,True,0.796,0.8320000000000001
highest-temperature-in-manila-on-june-11-2026,Manila,2026-06-11,degraded,2026-06-11 03:06:00+00:00,6-24h,11,11,11,True,1.185,0.18500000000000005,39842.386,1.88,0.050000000000000044,0.001,39841.616,False,1.1329999999999998,1.2369999999999999
highest-temperature-in-kuala-lumpur-on-june-5-2026,Kuala Lumpur,2026-06-05,clean,2026-06-05 06:01:00+00:00,1-6h,11,11,11,True,1.185,0.18500000000000005,70029.429,4458.25,0.33,0.002,70029.145,False,0.768,1.6019999999999999
highest-temperature-in-wuhan-on-june-10-2026,Wuhan,2026-06-10,clean,2026-06-09 09:24:00+00:00,>24h,11,10,10,False,0.8150000000000001,-0.18499999999999994,2622.726,4.42,0.06999999999999998,0.0065,2621.347,True,0.751,0.879
highest-temperature-in-houston-on-june-12-2026,Houston,2026-06-12,degraded,2026-06-11 02:39:00+00:00,>24h,11,11,11,True,1.1849999999999998,0.18499999999999983,81.996,44.658,0.14,0.04999999999999999,64.278,False,0.909,1.4609999999999999
highest-temperature-in-manila-on-june-11-2026,Manila,2026-06-11,degraded,2026-06-09 04:53:00+00:00,>24h,11,11,11,True,1.1849999999999998,0.18499999999999983,14.242,14.214,0.18,0.10000000000000003,13.748,False,0.735,1.635
highest-temperature-in-moscow-on-june-4-2026,Moscow,2026-06-04,clean,2026-06-04 10:35:00+00:00,1-6h,11,11,11,True,1.1849999999999998,0.18499999999999983,31444.016,7229.137,0.38,0.002,31443.997,False,0.917,1.4529999999999998
highest-temperature-in-shenzhen-on-june-9-2026,Shenzhen,2026-06-09,clean,2026-06-07 05:53:00+00:00,>24h,11,11,11,True,1.1845,0.1845000000000001,42.151,41.988,0.16,0.109,37.056,False,0.695,1.6740000000000002
highest-temperature-in-moscow-on-june-4-2026,Moscow,2026-06-04,clean,2026-06-04 11:33:00+00:00,<1h,11,11,11,True,1.1845,0.1845000000000001,34924.016,10709.137,0.38,0.002,34922.218,False,0.808,1.5610000000000002
highest-temperature-in-kuala-lumpur-on-june-5-2026,Kuala Lumpur,2026-06-05,clean,2026-06-05 05:57:00+00:00,6-24h,11,11,11,True,1.1844999999999999,0.1844999999999999,69789.429,4218.25,0.33999999999999997,0.002,69789.382,False,0.747,1.6219999999999999
highest-temperature-in-moscow-on-june-4-2026,Moscow,2026-06-04,clean,2026-06-04 10:44:00+00:00,1-6h,11,11,11,True,1.1844999999999999,0.1844999999999999,31984.016,7769.137,0.38,0.002,31983.992,False,0.811,1.558
highest-temperature-in-houston-on-june-12-2026,Houston,2026-06-12,degraded,2026-06-11 02:42:00+00:00,>24h,11,11,11,True,1.1844999999999997,0.18449999999999966,127.986,19.996,0.135,0.04999999999999999,124.979,False,0.909,1.46
highest-temperature-in-houston-on-june-12-2026,Houston,2026-06-12,degraded,2026-06-11 02:14:00+00:00,>24h,11,11,11,True,1.1844999999999997,0.18449999999999966,39.686,29.01,0.14500000000000002,0.04999999999999999,39.6,False,0.8970000000000001,1.4720000000000002
highest-temperature-in-houston-on-june-12-2026,Houston,2026-06-12,degraded,2026-06-11 02:41:00+00:00,>24h,11,11,11,True,1.1844999999999997,0.18449999999999966,67.986,0.562,0.135,0.04999999999999999,67.705,False,0.909,1.46
highest-temperature-in-houston-on-june-12-2026,Houston,2026-06-12,degraded,2026-06-11 02:18:00+00:00,>24h,11,11,11,True,1.1839999999999997,0.18399999999999972,187.667,129.81,0.14500000000000002,0.04999999999999999,114.706,False,0.9070000000000001,1.461
highest-temperature-in-houston-on-june-12-2026,Houston,2026-06-12,degraded,2026-06-11 02:20:00+00:00,>24h,11,11,11,True,1.1839999999999997,0.18399999999999972,307.667,249.81,0.14500000000000002,0.04999999999999999,114.706,False,0.9070000000000001,1.461
highest-temperature-in-houston-on-june-12-2026,Houston,2026-06-12,degraded,2026-06-11 02:19:00+00:00,>24h,11,11,11,True,1.1839999999999997,0.18399999999999972,247.667,189.81,0.14500000000000002,0.04999999999999999,114.706,False,0.9070000000000001,1.461
highest-temperature-in-houston-on-june-12-2026,Houston,2026-06-12,degraded,2026-06-11 02:16:00+00:00,>24h,11,11,11,True,1.1839999999999997,0.18399999999999972,67.667,41.476,0.14500000000000002,0.04999999999999999,65.542,False,0.9070000000000001,1.461
highest-temperature-in-houston-on-june-12-2026,Houston,2026-06-12,degraded,2026-06-11 02:17:00+00:00,>24h,11,11,11,True,1.1839999999999997,0.18399999999999972,127.667,69.81,0.14500000000000002,0.04999999999999999,114.706,False,0.9070000000000001,1.461
highest-temperature-in-houston-on-june-12-2026,Houston,2026-06-12,degraded,2026-06-11 02:21:00+00:00,>24h,11,11,11,True,1.1839999999999997,0.18399999999999972,367.667,255.332,0.14500000000000002,0.04999999999999999,355.64,False,0.8970000000000001,1.471
highest-temperature-in-ankara-on-june-11-2026,Ankara,2026-06-11,degraded,2026-06-09 05:59:00+00:00,>24h,11,11,11,True,1.1834999999999998,0.18349999999999977,4.426,3.061,0.12999999999999998,0.01999999999999999,4.237,False,0.98,1.387
highest-temperature-in-shenzhen-on-june-9-2026,Shenzhen,2026-06-09,clean,2026-06-07 05:57:00+00:00,>24h,11,11,11,True,1.1830000000000003,0.18300000000000027,60.088,57.567,0.158,0.09,46.708,False,0.7320000000000001,1.6340000000000001
highest-temperature-in-shenzhen-on-june-9-2026,Shenzhen,2026-06-09,clean,2026-06-09 01:45:00+00:00,6-24h,11,11,11,True,1.183,0.18300000000000005,109384.297,1.336,0.23000000000000004,0.01,109384.092,False,0.9530000000000001,1.4129999999999998
highest-temperature-in-wuhan-on-june-10-2026,Wuhan,2026-06-10,clean,2026-06-08 14:45:00+00:00,>24h,11,10,10,False,0.817,-0.18300000000000005,10.481,3.3275,0.1,0.013500000000000005,9.696,True,0.671,0.9630000000000001
highest-temperature-in-hong-kong-on-june-5-2026,Hong Kong,2026-06-05,clean,2026-06-05 07:05:00+00:00,1-6h,11,7,7,False,0.8170000000000001,-0.18299999999999994,63714.267,10740.92,0.030000000000000027,0.001,63711.584,True,0.795,0.8390000000000001
highest-temperature-in-wuhan-on-june-10-2026,Wuhan,2026-06-10,clean,2026-06-10 04:50:00+00:00,6-24h,11,10,10,False,0.8170000000000001,-0.18299999999999994,72582.726,5.8505,0.07,0.007000000000000001,72579.382,True,0.697,0.937
highest-temperature-in-shenzhen-on-june-9-2026,Shenzhen,2026-06-09,clean,2026-06-07 06:49:00+00:00,>24h,11,11,11,True,1.1824999999999999,0.18249999999999988,58.682,58.544,0.2,0.06,41.534,False,0.7440000000000001,1.6210000000000002
highest-temperature-in-moscow-on-june-4-2026,Moscow,2026-06-04,clean,2026-06-04 11:26:00+00:00,<1h,11,11,11,True,1.1820000000000002,0.18200000000000016,34504.016,10289.137,0.38,0.002,34504.013,False,0.8490000000000001,1.5150000000000001
highest-temperature-in-hong-kong-on-june-5-2026,Hong Kong,2026-06-05,clean,2026-06-05 06:39:00+00:00,1-6h,11,7,7,False,0.8180000000000001,-0.18199999999999994,62154.267,9180.92,0.020000000000000018,0.001,62154.15,True,0.795,0.841
highest-temperature-in-hong-kong-on-june-5-2026,Hong Kong,2026-06-05,clean,2026-06-05 07:04:00+00:00,1-6h,11,7,7,False,0.8180000000000001,-0.18199999999999994,63654.267,10680.92,0.030000000000000027,0.001,63654.136,True,0.795,0.8410000000000001
highest-temperature-in-wuhan-on-june-10-2026,Wuhan,2026-06-10,clean,2026-06-09 08:36:00+00:00,>24h,11,10,10,False,0.8184999999999999,-0.1815000000000001,3.41,0.976,0.06,0.008999999999999977,2.9779999999999998,True,0.7500000000000001,0.887
highest-temperature-in-hong-kong-on-june-5-2026,Hong Kong,2026-06-05,clean,2026-06-04 10:59:00+00:00,>24h,11,7,6,False,0.8184999999999999,-0.1815000000000001,29.776,0.8460000000000001,0.04999999999999999,0.030000000000000013,29.718,True,0.738,0.899
highest-temperature-in-hong-kong-on-june-5-2026,Hong Kong,2026-06-05,clean,2026-06-04 11:00:00+00:00,>24h,11,7,6,False,0.8184999999999999,-0.1815000000000001,0.36,0.192,0.04999999999999999,0.030000000000000013,0.322,True,0.738,0.899
highest-temperature-in-hong-kong-on-june-5-2026,Hong Kong,2026-06-05,clean,2026-06-04 10:51:00+00:00,>24h,11,7,6,False,0.8184999999999999,-0.1815000000000001,1.338,0.1585,0.04000000000000001,0.020000000000000004,1.323,True,0.7579999999999999,0.879
highest-temperature-in-hong-kong-on-june-5-2026,Hong Kong,2026-06-05,clean,2026-06-04 10:58:00+00:00,>24h,11,7,6,False,0.8184999999999999,-0.1815000000000001,6.626,1.2165,0.04999999999999999,0.030000000000000013,5.551,True,0.738,0.899
highest-temperature-in-hong-kong-on-june-5-2026,Hong Kong,2026-06-05,clean,2026-06-04 10:49:00+00:00,>24h,11,7,6,False,0.819,-0.18100000000000005,25.92,1.3495,0.09,0.043500000000000004,25.872,True,0.694,0.944
highest-temperature-in-shenzhen-on-june-9-2026,Shenzhen,2026-06-09,clean,2026-06-07 05:47:00+00:00,>24h,11,11,11,True,1.181,0.18100000000000005,46.931,45.877,0.27,0.109,45.818,False,0.615,1.7470000000000003
highest-temperature-in-austin-on-june-11-2026,Austin,2026-06-11,degraded,2026-06-10 02:01:00+00:00,>24h,11,11,11,True,1.1804999999999999,0.18049999999999988,8.582,3.399,0.17,0.06999999999999999,5.236,False,0.754,1.6070000000000002
highest-temperature-in-houston-on-june-12-2026,Houston,2026-06-12,degraded,2026-06-11 02:33:00+00:00,>24h,11,11,11,True,1.1804999999999997,0.18049999999999966,42.375,13.135,0.14,0.04999999999999999,29.833,False,0.909,1.452
highest-temperature-in-chongqing-on-june-6-2026,Chongqing,2026-06-06,degraded,2026-06-05 04:47:00+00:00,>24h,11,11,8,False,1.1800000000000002,0.18000000000000016,7.806,7.523,0.27,0.14,7.726,False,0.55,1.81
highest-temperature-in-shenzhen-on-june-9-2026,Shenzhen,2026-06-09,clean,2026-06-07 05:54:00+00:00,>24h,11,11,11,True,1.1800000000000002,0.18000000000000016,102.151,97.149,0.16,0.108,100.856,False,0.696,1.6640000000000004
highest-temperature-in-wuhan-on-june-10-2026,Wuhan,2026-06-10,clean,2026-06-09 08:26:00+00:00,>24h,11,10,10,False,0.82,-0.18000000000000005,0.844,0.666,0.03,0.007,0.787,True,0.7690000000000001,0.871
highest-temperature-in-wuhan-on-june-10-2026,Wuhan,2026-06-10,clean,2026-06-09 08:32:00+00:00,>24h,11,10,10,False,0.82,-0.18000000000000005,48.778,9.829,0.05000000000000002,0.008,46.045,True,0.7580000000000001,0.882
highest-temperature-in-chongqing-on-june-6-2026,Chongqing,2026-06-06,degraded,2026-06-05 04:54:00+00:00,>24h,11,11,8,False,1.18,0.17999999999999994,25.421,15.665500000000002,0.31000000000000005,0.05,24.785,False,0.8699999999999999,1.49
highest-temperature-in-manila-on-june-11-2026,Manila,2026-06-11,degraded,2026-06-09 04:52:00+00:00,>24h,11,11,11,True,1.18,0.17999999999999994,20.111,17.49,0.18,0.11000000000000001,18.758,False,0.715,1.645
highest-temperature-in-kuala-lumpur-on-june-5-2026,Kuala Lumpur,2026-06-05,clean,2026-06-05 07:25:00+00:00,1-6h,11,11,11,True,0.8200000000000001,-0.17999999999999994,75069.429,9498.25,0.22999999999999998,0.003,75067.461,False,0.58,1.06
highest-temperature-in-kuala-lumpur-on-june-5-2026,Kuala Lumpur,2026-06-05,clean,2026-06-05 07:24:00+00:00,1-6h,11,11,11,True,0.8200000000000001,-0.17999999999999994,75009.429,9438.25,0.22999999999999998,0.003,75009.405,False,0.58,1.06
highest-temperature-in-houston-on-june-12-2026,Houston,2026-06-12,degraded,2026-06-11 02:36:00+00:00,>24h,11,11,11,True,1.1799999999999997,0.17999999999999972,194.774,148.748,0.14,0.04999999999999999,62.143,False,0.909,1.451
highest-temperature-in-houston-on-june-12-2026,Houston,2026-06-12,degraded,2026-06-11 02:38:00+00:00,>24h,11,11,11,True,1.1799999999999997,0.17999999999999972,314.774,252.631,0.14,0.04999999999999999,292.781,False,0.909,1.451
highest-temperature-in-houston-on-june-12-2026,Houston,2026-06-12,degraded,2026-06-11 02:34:00+00:00,>24h,11,11,11,True,1.1799999999999997,0.17999999999999972,74.774,28.748,0.14,0.04999999999999999,62.143,False,0.909,1.451
highest-temperature-in-houston-on-june-12-2026,Houston,2026-06-12,degraded,2026-06-11 02:11:00+00:00,>24h,11,11,11,True,1.1799999999999997,0.17999999999999972,100.2,16.272,0.15,0.04999999999999999,100.098,False,0.8870000000000001,1.473
highest-temperature-in-ankara-on-june-11-2026,Ankara,2026-06-11,degraded,2026-06-09 06:29:00+00:00,>24h,11,11,11,True,1.1799999999999997,0.17999999999999972,1.611,1.545,0.10000000000000003,0.040000000000000036,1.6,False,0.972,1.3880000000000001
highest-temperature-in-houston-on-june-12-2026,Houston,2026-06-12,degraded,2026-06-11 02:35:00+00:00,>24h,11,11,11,True,1.1799999999999997,0.17999999999999972,134.774,88.748,0.14,0.04999999999999999,62.143,False,0.909,1.451
highest-temperature-in-houston-on-june-12-2026,Houston,2026-06-12,degraded,2026-06-11 02:37:00+00:00,>24h,11,11,11,True,1.1799999999999997,0.17999999999999972,254.774,208.748,0.14,0.04999999999999999,62.143,False,0.909,1.451
highest-temperature-in-wuhan-on-june-10-2026,Wuhan,2026-06-10,clean,2026-06-09 08:33:00+00:00,>24h,11,10,10,False,0.8204999999999999,-0.1795000000000001,40.569,5.392,0.05000000000000002,0.0075,36.757,True,0.7590000000000001,0.882
highest-temperature-in-moscow-on-june-4-2026,Moscow,2026-06-04,clean,2026-06-04 11:16:00+00:00,<1h,11,11,11,True,1.1795,0.1795,33904.016,9689.137,0.38,0.002,33903.954,False,0.84,1.519
highest-temperature-in-moscow-on-june-4-2026,Moscow,2026-06-04,clean,2026-06-04 11:14:00+00:00,<1h,11,11,11,True,1.1795,0.1795,33784.016,9569.137,0.38,0.002,33783.812,False,0.83,1.5290000000000001
highest-temperature-in-houston-on-june-12-2026,Houston,2026-06-12,degraded,2026-06-11 02:13:00+00:00,>24h,11,11,11,True,1.1794999999999998,0.17949999999999977,136.282,71.416,0.15,0.04999999999999999,134.889,False,0.8870000000000001,1.472
highest-temperature-in-houston-on-june-12-2026,Houston,2026-06-12,degraded,2026-06-11 02:08:00+00:00,>24h,11,11,11,True,1.1794999999999998,0.17949999999999977,15.014,14.954,0.15000000000000002,0.04999999999999999,13.725,False,0.856,1.5030000000000003
highest-temperature-in-houston-on-june-12-2026,Houston,2026-06-12,degraded,2026-06-11 02:40:00+00:00,>24h,11,11,11,True,1.1794999999999998,0.17949999999999977,12.999,12.985,0.135,0.03999999999999998,10.2,False,0.919,1.44
highest-temperature-in-houston-on-june-12-2026,Houston,2026-06-12,degraded,2026-06-11 02:15:00+00:00,>24h,11,11,11,True,1.1794999999999998,0.17949999999999977,25.202,15.627,0.14500000000000002,0.04999999999999999,20.477,False,0.8970000000000001,1.4620000000000002
highest-temperature-in-houston-on-june-12-2026,Houston,2026-06-12,degraded,2026-06-11 02:12:00+00:00,>24h,11,11,11,True,1.1794999999999998,0.17949999999999977,76.282,26.547,0.15,0.04999999999999999,70.948,False,0.8870000000000001,1.472
highest-temperature-in-houston-on-june-12-2026,Houston,2026-06-12,degraded,2026-06-11 03:11:00+00:00,>24h,11,11,11,True,1.1794999999999998,0.17949999999999977,56.573,16.479,0.135,0.030000000000000027,56.299,False,0.9590000000000001,1.4
highest-temperature-in-houston-on-june-12-2026,Houston,2026-06-12,degraded,2026-06-11 02:09:00+00:00,>24h,11,11,11,True,1.1789999999999998,0.17899999999999983,75.009,49.703,0.15000000000000002,0.04999999999999999,69.675,False,0.856,1.5020000000000002
highest-temperature-in-houston-on-june-12-2026,Houston,2026-06-12,degraded,2026-06-11 02:10:00+00:00,>24h,11,11,11,True,1.1789999999999998,0.17899999999999983,40.21,29.418,0.15,0.04999999999999999,39.823,False,0.886,1.472
highest-temperature-in-shenzhen-on-june-9-2026,Shenzhen,2026-06-09,clean,2026-06-07 06:42:00+00:00,>24h,11,11,11,True,1.1784999999999999,0.17849999999999988,23.273,23.243,0.21999999999999997,0.067,14.705,False,0.7240000000000001,1.6330000000000002
highest-temperature-in-houston-on-june-12-2026,Houston,2026-06-12,degraded,2026-06-11 03:13:00+00:00,>24h,11,11,11,True,1.1784999999999999,0.17849999999999988,13.75,13.75,0.133,0.030000000000000027,7.185,False,0.9690000000000001,1.388
highest-temperature-in-shenzhen-on-june-9-2026,Shenzhen,2026-06-09,clean,2026-06-07 06:47:00+00:00,>24h,11,11,11,True,1.1784999999999999,0.17849999999999988,12.238,12.205,0.17000000000000004,0.067,11.629,False,0.7540000000000001,1.6030000000000004
highest-temperature-in-shenzhen-on-june-9-2026,Shenzhen,2026-06-09,clean,2026-06-07 06:46:00+00:00,>24h,11,11,11,True,1.1784999999999999,0.17849999999999988,17.968,16.233,0.19999999999999998,0.05600000000000001,6.415,False,0.7440000000000001,1.6130000000000002
highest-temperature-in-shenzhen-on-june-9-2026,Shenzhen,2026-06-09,clean,2026-06-07 05:58:00+00:00,>24h,11,11,11,True,1.1780000000000002,0.17800000000000016,43.985,43.95,0.158,0.07999999999999999,42.364,False,0.7320000000000001,1.6240000000000003
highest-temperature-in-wuhan-on-june-10-2026,Wuhan,2026-06-10,clean,2026-06-10 04:48:00+00:00,6-24h,11,10,10,False,0.822,-0.17800000000000005,72462.726,0.878,0.07,0.007000000000000001,72462.72,True,0.707,0.937
highest-temperature-in-hong-kong-on-june-5-2026,Hong Kong,2026-06-05,clean,2026-06-05 07:00:00+00:00,1-6h,11,7,7,False,0.8220000000000001,-0.17799999999999994,63414.267,10440.92,0.040000000000000036,0.001,63414.139,True,0.795,0.8490000000000001
highest-temperature-in-hong-kong-on-june-5-2026,Hong Kong,2026-06-05,clean,2026-06-05 07:03:00+00:00,1-6h,11,7,7,False,0.8220000000000001,-0.17799999999999994,63594.267,10620.92,0.020000000000000018,0.001,63594.051,True,0.805,0.8390000000000001
highest-temperature-in-moscow-on-june-4-2026,Moscow,2026-06-04,clean,2026-06-04 11:20:00+00:00,<1h,11,11,11,True,1.1775000000000002,0.1775000000000002,34144.016,9929.137,0.38,0.002,34143.721,False,0.809,1.546
highest-temperature-in-moscow-on-june-4-2026,Moscow,2026-06-04,clean,2026-06-04 11:21:00+00:00,<1h,11,11,11,True,1.1775000000000002,0.1775000000000002,34204.016,9989.137,0.38,0.002,34203.854,False,0.809,1.546
highest-temperature-in-moscow-on-june-4-2026,Moscow,2026-06-04,clean,2026-06-04 11:23:00+00:00,<1h,11,11,11,True,1.1775000000000002,0.1775000000000002,34324.016,10109.137,0.38,0.002,34318.949,False,0.809,1.546
highest-temperature-in-shenzhen-on-june-9-2026,Shenzhen,2026-06-09,clean,2026-06-09 11:42:00+00:00,<1h,11,11,11,True,0.8224999999999999,-0.1775000000000001,145204.297,11692.914,0.398,0.001,145203.949,False,0.615,1.0299999999999998
highest-temperature-in-kuala-lumpur-on-june-5-2026,Kuala Lumpur,2026-06-05,clean,2026-06-05 07:23:00+00:00,1-6h,11,11,11,True,0.8225,-0.1775,74949.429,9378.25,0.26,0.003,74947.51,False,0.595,1.05
highest-temperature-in-hong-kong-on-june-5-2026,Hong Kong,2026-06-05,clean,2026-06-05 07:06:00+00:00,1-6h,11,7,7,False,0.8225,-0.1775,63774.267,10800.92,0.030000000000000027,0.001,63773.219,True,0.795,0.8500000000000001
highest-temperature-in-hong-kong-on-june-5-2026,Hong Kong,2026-06-05,clean,2026-06-05 07:18:00+00:00,1-6h,11,7,7,False,0.8225,-0.1775,64494.267,11520.92,0.040000000000000036,0.001,64488.649,True,0.792,0.8530000000000001
highest-temperature-in-hong-kong-on-june-5-2026,Hong Kong,2026-06-05,clean,2026-06-05 07:19:00+00:00,1-6h,11,7,7,False,0.8225,-0.1775,64554.267,11580.92,0.040000000000000036,0.001,64551.357,True,0.792,0.8530000000000001
highest-temperature-in-wuhan-on-june-10-2026,Wuhan,2026-06-10,clean,2026-06-09 08:34:00+00:00,>24h,11,10,10,False,0.823,-0.17700000000000005,11.505,9.5645,0.05000000000000002,0.008999999999999977,10.794,True,0.7600000000000001,0.886
highest-temperature-in-kuala-lumpur-on-june-5-2026,Kuala Lumpur,2026-06-05,clean,2026-06-05 06:08:00+00:00,1-6h,11,11,11,True,1.177,0.17700000000000005,70449.429,4878.25,0.26,0.0010000000000000009,70447.369,False,0.8440000000000001,1.5099999999999998
highest-temperature-in-shenzhen-on-june-9-2026,Shenzhen,2026-06-09,clean,2026-06-07 06:51:00+00:00,>24h,11,11,11,True,1.1769999999999998,0.17699999999999982,13.191,13.139,0.16999999999999998,0.067,9.774000000000001,False,0.754,1.5999999999999999
highest-temperature-in-hong-kong-on-june-5-2026,Hong Kong,2026-06-05,clean,2026-06-05 07:08:00+00:00,1-6h,11,7,7,False,0.8234999999999999,-0.1765000000000001,63894.267,10920.92,0.06999999999999995,0.001,63894.038,True,0.775,0.872
highest-temperature-in-wuhan-on-june-10-2026,Wuhan,2026-06-10,clean,2026-06-09 08:35:00+00:00,>24h,11,10,10,False,0.8234999999999999,-0.1765000000000001,38.029,6.498,0.05000000000000002,0.008999999999999977,38.001,True,0.7600000000000001,0.887
highest-temperature-in-wuhan-on-june-10-2026,Wuhan,2026-06-10,clean,2026-06-08 14:46:00+00:00,>24h,11,10,10,False,0.8235,-0.1765,4.447,2.065,0.1,0.013000000000000005,2.498,True,0.6839999999999999,0.9630000000000001
highest-temperature-in-wuhan-on-june-10-2026,Wuhan,2026-06-10,clean,2026-06-09 09:02:00+00:00,>24h,11,10,10,False,0.824,-0.17600000000000005,1302.726,0.454,0.07,0.006,1302.455,True,0.761,0.887
highest-temperature-in-wuhan-on-june-10-2026,Wuhan,2026-06-10,clean,2026-06-09 04:33:00+00:00,>24h,11,10,10,False,0.824,-0.17600000000000005,17.216,10.977,0.03,0.006000000000000002,16.434,True,0.775,0.8730000000000001
highest-temperature-in-hong-kong-on-june-5-2026,Hong Kong,2026-06-05,clean,2026-06-05 07:31:00+00:00,1-6h,11,7,7,False,0.8240000000000001,-0.17599999999999993,65274.267,12300.92,0.039999999999999925,0.001,65274.192,True,0.796,0.852
highest-temperature-in-wuhan-on-june-10-2026,Wuhan,2026-06-10,clean,2026-06-08 10:29:00+00:00,>24h,11,10,10,False,0.8240000000000001,-0.17599999999999993,48.215,5.5809999999999995,0.12000000000000002,0.036,47.485,True,0.637,1.0110000000000001
highest-temperature-in-shenzhen-on-june-9-2026,Shenzhen,2026-06-09,clean,2026-06-07 07:19:00+00:00,>24h,11,11,11,True,1.1755000000000002,0.1755000000000002,0.121,0.077,0.11000000000000001,0.019999999999999962,0.044,False,0.996,1.355
highest-temperature-in-tokyo-on-june-12-2026,Tokyo,2026-06-12,degraded,2026-06-10 04:40:00+00:00,>24h,11,11,11,True,1.1750000000000003,0.17500000000000027,435.04,0.053,0.19,0.13,435.024,False,0.5,1.85
highest-temperature-in-chongqing-on-june-6-2026,Chongqing,2026-06-06,degraded,2026-06-05 05:01:00+00:00,>24h,11,11,8,False,1.1750000000000003,0.17500000000000027,34.069,2.4735,0.2,0.03499999999999999,34.063,False,0.9099999999999999,1.44
highest-temperature-in-wuhan-on-june-10-2026,Wuhan,2026-06-10,clean,2026-06-09 04:34:00+00:00,>24h,11,10,10,False,0.825,-0.17500000000000004,7.762,6.801,0.03,0.006000000000000002,7.75,True,0.775,0.8750000000000001
highest-temperature-in-wuhan-on-june-10-2026,Wuhan,2026-06-10,clean,2026-06-09 08:41:00+00:00,>24h,11,10,10,False,0.825,-0.17500000000000004,42.726,5.4085,0.06,0.0085,42.715,True,0.7580000000000001,0.892
highest-temperature-in-tokyo-on-june-12-2026,Tokyo,2026-06-12,degraded,2026-06-10 04:41:00+00:00,>24h,11,11,11,True,1.175,0.17500000000000004,495.04,0.087,0.24,0.1,495.033,False,0.5,1.8500000000000003
highest-temperature-in-wuhan-on-june-10-2026,Wuhan,2026-06-10,clean,2026-06-09 08:00:00+00:00,>24h,11,10,10,False,0.825,-0.17500000000000004,6.828,5.3004999999999995,0.04999999999999999,0.006500000000000001,4.959,True,0.7610000000000001,0.889
highest-temperature-in-ankara-on-june-11-2026,Ankara,2026-06-11,degraded,2026-06-09 06:26:00+00:00,>24h,11,11,11,True,1.1749999999999998,0.17499999999999982,10.389,10.294,0.11000000000000001,0.02999999999999997,9.139,False,0.9620000000000001,1.388
highest-temperature-in-ankara-on-june-11-2026,Ankara,2026-06-11,degraded,2026-06-09 06:24:00+00:00,>24h,11,11,11,True,1.1749999999999996,0.1749999999999996,7.46,7.437,0.12000000000000002,0.02999999999999997,7.441,False,0.9520000000000001,1.398
highest-temperature-in-kuala-lumpur-on-june-5-2026,Kuala Lumpur,2026-06-05,clean,2026-06-05 07:54:00+00:00,1-6h,11,11,11,True,1.1749999999999996,0.1749999999999996,76809.429,11238.25,0.3400000000000001,0.003,76809.379,False,0.884,1.4660000000000002
highest-temperature-in-ankara-on-june-11-2026,Ankara,2026-06-11,degraded,2026-06-09 06:28:00+00:00,>24h,11,11,11,True,1.1749999999999996,0.1749999999999996,35.664,0.542,0.12,0.02999999999999997,35.237,False,0.962,1.388
highest-temperature-in-shenzhen-on-june-9-2026,Shenzhen,2026-06-09,clean,2026-06-09 02:34:00+00:00,6-24h,11,11,11,True,1.1745,0.1745000000000001,112324.297,0.206,0.18,0.030000000000000006,112324.234,False,0.8540000000000001,1.4949999999999999
highest-temperature-in-hong-kong-on-june-5-2026,Hong Kong,2026-06-05,clean,2026-06-05 07:07:00+00:00,1-6h,11,7,7,False,0.8255,-0.1745,63834.267,10860.92,0.030000000000000027,0.001,63831.599,True,0.803,0.8480000000000001
highest-temperature-in-wuhan-on-june-10-2026,Wuhan,2026-06-10,clean,2026-06-08 10:31:00+00:00,>24h,11,10,10,False,0.8255,-0.1745,0.935,0.7765,0.11000000000000001,0.0375,0.907,True,0.64,1.0110000000000001
highest-temperature-in-wuhan-on-june-10-2026,Wuhan,2026-06-10,clean,2026-06-09 08:40:00+00:00,>24h,11,10,10,False,0.8255,-0.1745,15.298,4.923500000000001,0.06,0.009000000000000001,14.778,True,0.7580000000000001,0.893
highest-temperature-in-taipei-on-june-8-2026,Taipei,2026-06-08,clean,2026-06-07 23:39:00+00:00,6-24h,11,11,11,True,1.1740000000000004,0.17400000000000038,1773.239,1.157,0.06,0.012,1773.21,False,1.0799999999999996,1.268
highest-temperature-in-wuhan-on-june-10-2026,Wuhan,2026-06-10,clean,2026-06-09 08:38:00+00:00,>24h,11,10,10,False,0.826,-0.17400000000000004,11.53,2.05,0.06,0.0085,10.975,True,0.7590000000000001,0.893
highest-temperature-in-wuhan-on-june-10-2026,Wuhan,2026-06-10,clean,2026-06-09 08:39:00+00:00,>24h,11,10,10,False,0.826,-0.17400000000000004,43.68,4.9704999999999995,0.06,0.0085,43.61,True,0.7590000000000001,0.893
highest-temperature-in-houston-on-june-12-2026,Houston,2026-06-12,degraded,2026-06-11 03:12:00+00:00,>24h,11,11,11,True,1.1739999999999997,0.1739999999999997,113.202,44.929,0.134,0.030000000000000027,112.833,False,0.9590000000000001,1.3889999999999998
highest-temperature-in-moscow-on-june-4-2026,Moscow,2026-06-04,clean,2026-06-04 11:31:00+00:00,<1h,11,11,11,True,1.1735000000000002,0.1735000000000002,34804.016,10589.137,0.38,0.002,34802.573,False,0.8360000000000001,1.5110000000000001
highest-temperature-in-shenzhen-on-june-9-2026,Shenzhen,2026-06-09,clean,2026-06-07 05:59:00+00:00,>24h,11,11,11,True,1.1735000000000002,0.1735000000000002,103.962,38.239,0.157,0.07999999999999999,97.636,False,0.7330000000000001,1.614
highest-temperature-in-wuhan-on-june-10-2026,Wuhan,2026-06-10,clean,2026-06-09 09:11:00+00:00,>24h,11,10,10,False,0.8265,-0.1735,1842.726,2.0545,0.07,0.008,1842.726,True,0.761,0.892
highest-temperature-in-wuhan-on-june-10-2026,Wuhan,2026-06-10,clean,2026-06-09 08:42:00+00:00,>24h,11,10,10,False,0.8265,-0.1735,102.726,7.0045,0.06,0.008999999999999977,101.946,True,0.7590000000000001,0.894
highest-temperature-in-wuhan-on-june-10-2026,Wuhan,2026-06-10,clean,2026-06-09 09:13:00+00:00,>24h,11,10,10,False,0.8265,-0.1735,1962.726,4.5375,0.04999999999999999,0.008,1961.031,True,0.771,0.882
highest-temperature-in-hong-kong-on-june-5-2026,Hong Kong,2026-06-05,clean,2026-06-05 07:25:00+00:00,1-6h,11,7,7,False,0.8265,-0.1735,64914.267,11940.92,0.040000000000000036,0.001,64912.755,True,0.795,0.8580000000000001
highest-temperature-in-wuhan-on-june-10-2026,Wuhan,2026-06-10,clean,2026-06-10 04:49:00+00:00,6-24h,11,10,10,False,0.8270000000000001,-0.17299999999999993,72522.726,9.925,0.07,0.007000000000000001,72522.675,True,0.717,0.937
highest-temperature-in-kuala-lumpur-on-june-5-2026,Kuala Lumpur,2026-06-05,clean,2026-06-05 06:36:00+00:00,1-6h,11,11,11,True,1.1725,0.1725000000000001,72129.429,6558.25,0.19200000000000006,0.003,72129.428,False,0.8750000000000001,1.4700000000000002
highest-temperature-in-wuhan-on-june-10-2026,Wuhan,2026-06-10,clean,2026-06-09 08:45:00+00:00,>24h,11,10,10,False,0.8275,-0.1725,282.726,0.602,0.07999999999999999,0.009500000000000001,282.549,True,0.7390000000000001,0.916
highest-temperature-in-wuhan-on-june-10-2026,Wuhan,2026-06-10,clean,2026-06-09 08:46:00+00:00,>24h,11,10,10,False,0.8275,-0.1725,342.726,0.7045,0.07999999999999999,0.009500000000000001,342.601,True,0.7390000000000001,0.916
highest-temperature-in-wuhan-on-june-10-2026,Wuhan,2026-06-10,clean,2026-06-09 08:18:00+00:00,>24h,11,10,10,False,0.8275,-0.1725,33.382,3.5175,0.03,0.007500000000000001,30.848,True,0.779,0.876
highest-temperature-in-wuhan-on-june-10-2026,Wuhan,2026-06-10,clean,2026-06-09 09:10:00+00:00,>24h,11,10,10,False,0.8275,-0.1725,1782.726,3.3615000000000004,0.07,0.008,1781.807,True,0.762,0.893
highest-temperature-in-wuhan-on-june-10-2026,Wuhan,2026-06-10,clean,2026-06-09 09:09:00+00:00,>24h,11,10,10,False,0.8275,-0.1725,1722.726,5.0305,0.07,0.008,1722.216,True,0.762,0.893
highest-temperature-in-wuhan-on-june-10-2026,Wuhan,2026-06-10,clean,2026-06-09 09:08:00+00:00,>24h,11,10,10,False,0.8275,-0.1725,1662.726,1.2675,0.04999999999999999,0.008,1661.514,True,0.772,0.883
highest-temperature-in-wuhan-on-june-10-2026,Wuhan,2026-06-10,clean,2026-06-09 09:07:00+00:00,>24h,11,10,10,False,0.8275,-0.1725,1602.726,0.833,0.07,0.008,1602.467,True,0.762,0.893
highest-temperature-in-hong-kong-on-june-5-2026,Hong Kong,2026-06-05,clean,2026-06-05 06:40:00+00:00,1-6h,11,7,7,False,0.8275,-0.1725,62214.267,9240.92,0.030000000000000027,0.001,62214.203,True,0.795,0.8600000000000001
highest-temperature-in-wuhan-on-june-10-2026,Wuhan,2026-06-10,clean,2026-06-08 14:43:00+00:00,>24h,11,10,10,False,0.8275,-0.1725,10.48,4.649,0.07,0.012000000000000004,10.158,True,0.724,0.9310000000000002
highest-temperature-in-wuhan-on-june-10-2026,Wuhan,2026-06-10,clean,2026-06-08 14:47:00+00:00,>24h,11,10,10,False,0.8275,-0.1725,31.834,3.4145000000000003,0.1,0.013500000000000005,29.7,True,0.692,0.9630000000000001
highest-temperature-in-wuhan-on-june-10-2026,Wuhan,2026-06-10,clean,2026-06-09 08:17:00+00:00,>24h,11,10,10,False,0.8275,-0.1725,14.221,2.8529999999999998,0.03,0.007500000000000001,14.171,True,0.779,0.876
highest-temperature-in-moscow-on-june-4-2026,Moscow,2026-06-04,clean,2026-06-04 11:19:00+00:00,<1h,11,11,11,True,1.1724999999999999,0.17249999999999988,34084.016,9869.137,0.38,0.002,34084.006,False,0.809,1.536
highest-temperature-in-wuhan-on-june-10-2026,Wuhan,2026-06-10,clean,2026-06-08 19:46:00+00:00,>24h,11,10,10,False,0.828,-0.17200000000000004,26.724,7.6175,0.12999999999999998,0.017,24.551,True,0.6340000000000001,1.022
highest-temperature-in-hong-kong-on-june-5-2026,Hong Kong,2026-06-05,clean,2026-06-05 07:30:00+00:00,1-6h,11,7,7,False,0.8280000000000001,-0.17199999999999993,65214.267,12240.92,0.039999999999999925,0.001,65213.77,True,0.796,0.86
highest-temperature-in-shenzhen-on-june-9-2026,Shenzhen,2026-06-09,clean,2026-06-07 05:55:00+00:00,>24h,11,11,11,True,1.1715000000000002,0.1715000000000002,3.764,1.245,0.16,0.108,2.586,False,0.6890000000000001,1.6540000000000001
highest-temperature-in-wuhan-on-june-10-2026,Wuhan,2026-06-10,clean,2026-06-09 09:36:00+00:00,>24h,11,10,10,False,0.8285,-0.17149999999999999,3342.726,3.9135,0.07,0.008,3342.664,True,0.765,0.892
highest-temperature-in-hong-kong-on-june-5-2026,Hong Kong,2026-06-05,clean,2026-06-05 07:22:00+00:00,1-6h,11,7,7,False,0.8285,-0.17149999999999999,64734.267,11760.92,0.040000000000000036,0.001,64734.113,True,0.795,0.8620000000000001
highest-temperature-in-wuhan-on-june-10-2026,Wuhan,2026-06-10,clean,2026-06-09 09:37:00+00:00,>24h,11,10,10,False,0.8285,-0.17149999999999999,3402.726,1.799,0.07,0.008,3401.841,True,0.765,0.892
highest-temperature-in-shenzhen-on-june-9-2026,Shenzhen,2026-06-09,clean,2026-06-07 05:48:00+00:00,>24h,11,11,11,True,1.1710000000000003,0.17100000000000026,106.922,48.15,0.24999999999999997,0.109,95.399,False,0.615,1.7270000000000003
highest-temperature-in-wuhan-on-june-10-2026,Wuhan,2026-06-10,clean,2026-06-09 09:03:00+00:00,>24h,11,10,10,False,0.829,-0.17100000000000004,1362.726,8.1365,0.12000000000000002,0.006,1362.421,True,0.741,0.917
highest-temperature-in-moscow-on-june-4-2026,Moscow,2026-06-04,clean,2026-06-04 11:29:00+00:00,<1h,11,11,11,True,1.171,0.17100000000000004,34684.016,10469.137,0.38,0.002,34683.53,False,0.8280000000000001,1.514
highest-temperature-in-moscow-on-june-4-2026,Moscow,2026-06-04,clean,2026-06-04 11:28:00+00:00,<1h,11,11,11,True,1.1705,0.1705000000000001,34624.016,10409.137,0.38,0.002,34623.979,False,0.8280000000000001,1.5130000000000001
highest-temperature-in-wuhan-on-june-10-2026,Wuhan,2026-06-10,clean,2026-06-09 05:05:00+00:00,>24h,11,10,10,False,0.8294999999999999,-0.1705000000000001,6.721,2.0965,0.03,0.006000000000000002,6.498,True,0.784,0.8750000000000001
highest-temperature-in-wuhan-on-june-10-2026,Wuhan,2026-06-10,clean,2026-06-09 05:06:00+00:00,>24h,11,10,10,False,0.8294999999999999,-0.1705000000000001,4.855,2.112,0.03,0.006000000000000002,4.855,True,0.784,0.8750000000000001
highest-temperature-in-wuhan-on-june-10-2026,Wuhan,2026-06-10,clean,2026-06-09 09:04:00+00:00,>24h,11,10,10,False,0.8295,-0.17049999999999998,1422.726,1.6604999999999999,0.12000000000000002,0.006,1421.288,True,0.741,0.918
highest-temperature-in-wuhan-on-june-10-2026,Wuhan,2026-06-10,clean,2026-06-09 04:32:00+00:00,>24h,11,10,10,False,0.8295,-0.17049999999999998,11.468,1.8719999999999999,0.03,0.006000000000000002,9.604,True,0.775,0.8840000000000001
highest-temperature-in-wuhan-on-june-10-2026,Wuhan,2026-06-10,clean,2026-06-09 04:35:00+00:00,>24h,11,10,10,False,0.8295,-0.17049999999999998,9.8,7.4135,0.03,0.006000000000000002,8.597,True,0.785,0.8740000000000001
highest-temperature-in-shenzhen-on-june-9-2026,Shenzhen,2026-06-09,clean,2026-06-07 05:32:00+00:00,>24h,11,11,11,True,1.1704999999999999,0.17049999999999987,27.82,7.266,0.31,0.13999999999999999,27.435,False,0.525,1.816
highest-temperature-in-kuala-lumpur-on-june-5-2026,Kuala Lumpur,2026-06-05,clean,2026-06-05 07:52:00+00:00,1-6h,11,11,11,True,1.1704999999999997,0.17049999999999965,76689.429,11118.25,0.32000000000000006,0.003,76689.424,False,0.885,1.4560000000000002
highest-temperature-in-moscow-on-june-4-2026,Moscow,2026-06-04,clean,2026-06-04 10:36:00+00:00,1-6h,11,11,11,True,1.1700000000000002,0.17000000000000015,31504.016,7289.137,0.38,0.002,31503.966,False,0.937,1.403
highest-temperature-in-wuhan-on-june-10-2026,Wuhan,2026-06-10,clean,2026-06-09 08:47:00+00:00,>24h,11,10,10,False,0.83,-0.17000000000000004,402.726,3.4405,0.08000000000000002,0.008,402.237,True,0.748,0.912
highest-temperature-in-wuhan-on-june-10-2026,Wuhan,2026-06-10,clean,2026-06-09 08:28:00+00:00,>24h,11,10,10,False,0.83,-0.17000000000000004,3.178,2.629,0.07,0.0075,1.327,True,0.7590000000000001,0.901
highest-temperature-in-wuhan-on-june-10-2026,Wuhan,2026-06-10,clean,2026-06-09 08:29:00+00:00,>24h,11,10,10,False,0.83,-0.17000000000000004,4.759,3.3579999999999997,0.07,0.0075,3.04,True,0.7590000000000001,0.901
highest-temperature-in-kuala-lumpur-on-june-5-2026,Kuala Lumpur,2026-06-05,clean,2026-06-05 08:32:00+00:00,1-6h,11,11,11,True,0.8305,-0.16949999999999998,79089.429,13518.25,0.483,0.002,79089.28,False,0.531,1.1300000000000001
highest-temperature-in-hong-kong-on-june-5-2026,Hong Kong,2026-06-05,clean,2026-06-04 10:54:00+00:00,>24h,11,7,6,False,0.8305,-0.16949999999999998,0.971,0.513,0.057999999999999996,0.02500000000000001,0.787,True,0.749,0.912
highest-temperature-in-wuhan-on-june-10-2026,Wuhan,2026-06-10,clean,2026-06-09 05:07:00+00:00,>24h,11,10,10,False,0.8309999999999998,-0.16900000000000015,8.719,1.608,0.03,0.007000000000000001,8.59,True,0.784,0.8780000000000001
highest-temperature-in-wuhan-on-june-10-2026,Wuhan,2026-06-10,clean,2026-06-09 05:08:00+00:00,>24h,11,10,10,False,0.8309999999999998,-0.16900000000000015,4.574,2.3195,0.03,0.007000000000000001,3.815,True,0.784,0.8780000000000001
highest-temperature-in-wuhan-on-june-10-2026,Wuhan,2026-06-10,clean,2026-06-09 04:36:00+00:00,>24h,11,10,10,False,0.8310000000000001,-0.16899999999999993,28.427,6.546,0.03,0.006500000000000002,28.068,True,0.785,0.8770000000000001
highest-temperature-in-wuhan-on-june-10-2026,Wuhan,2026-06-10,clean,2026-06-09 04:37:00+00:00,>24h,11,10,10,False,0.8310000000000001,-0.16899999999999993,6.276,5.619,0.03,0.006500000000000002,5.777,True,0.785,0.8770000000000001
highest-temperature-in-wuhan-on-june-10-2026,Wuhan,2026-06-10,clean,2026-06-09 04:40:00+00:00,>24h,11,10,10,False,0.8310000000000001,-0.16899999999999993,24.444,10.3785,0.03,0.006500000000000002,21.682,True,0.785,0.8770000000000001
highest-temperature-in-wuhan-on-june-10-2026,Wuhan,2026-06-10,clean,2026-06-09 04:39:00+00:00,>24h,11,10,10,False,0.8310000000000001,-0.16899999999999993,13.921,5.8305,0.03,0.006500000000000002,11.348,True,0.785,0.8770000000000001
highest-temperature-in-wuhan-on-june-10-2026,Wuhan,2026-06-10,clean,2026-06-09 04:38:00+00:00,>24h,11,10,10,False,0.8310000000000001,-0.16899999999999993,26.154,7.0495,0.03,0.006500000000000002,24.306,True,0.785,0.8770000000000001
highest-temperature-in-taipei-on-june-8-2026,Taipei,2026-06-08,clean,2026-06-07 23:40:00+00:00,6-24h,11,11,11,True,1.1685000000000003,0.16850000000000032,1833.239,24.685,0.05000000000000002,0.012,1827.524,False,1.0799999999999996,1.257
highest-temperature-in-shenzhen-on-june-9-2026,Shenzhen,2026-06-09,clean,2026-06-07 06:01:00+00:00,>24h,11,11,11,True,1.1685,0.1685000000000001,197.135,105.341,0.157,0.07999999999999999,195.841,False,0.7330000000000001,1.6040000000000003
highest-temperature-in-shenzhen-on-june-9-2026,Shenzhen,2026-06-09,clean,2026-06-07 06:00:00+00:00,>24h,11,11,11,True,1.1685,0.1685000000000001,137.135,45.352,0.157,0.07999999999999999,123.496,False,0.7330000000000001,1.6040000000000003
highest-temperature-in-wuhan-on-june-10-2026,Wuhan,2026-06-10,clean,2026-06-09 04:47:00+00:00,>24h,11,10,10,False,0.8315,-0.16849999999999998,21.734,4.7635000000000005,0.03,0.007000000000000001,19.651,True,0.785,0.8780000000000001
highest-temperature-in-wuhan-on-june-10-2026,Wuhan,2026-06-10,clean,2026-06-09 04:43:00+00:00,>24h,11,10,10,False,0.8315,-0.16849999999999998,12.192,8.0105,0.03,0.007000000000000001,7.493,True,0.785,0.8780000000000001
highest-temperature-in-wuhan-on-june-10-2026,Wuhan,2026-06-10,clean,2026-06-09 08:16:00+00:00,>24h,11,10,10,False,0.8315,-0.16849999999999998,15.026,9.499500000000001,0.03,0.008499999999999976,14.265,True,0.779,0.884
highest-temperature-in-wuhan-on-june-10-2026,Wuhan,2026-06-10,clean,2026-06-09 04:46:00+00:00,>24h,11,10,10,False,0.8315,-0.16849999999999998,30.476,5.454000000000001,0.03,0.007000000000000001,30.45,True,0.785,0.8780000000000001
highest-temperature-in-wuhan-on-june-10-2026,Wuhan,2026-06-10,clean,2026-06-09 04:44:00+00:00,>24h,11,10,10,False,0.8315,-0.16849999999999998,7.436,5.9595,0.03,0.007000000000000001,7.419,True,0.785,0.8780000000000001
highest-temperature-in-wuhan-on-june-10-2026,Wuhan,2026-06-10,clean,2026-06-09 04:45:00+00:00,>24h,11,10,10,False,0.8315,-0.16849999999999998,31.785,7.725,0.03,0.007000000000000001,31.351,True,0.785,0.8780000000000001
highest-temperature-in-wuhan-on-june-10-2026,Wuhan,2026-06-10,clean,2026-06-09 04:42:00+00:00,>24h,11,10,10,False,0.8315,-0.16849999999999998,12.657,7.196,0.03,0.007000000000000001,7.686,True,0.785,0.8780000000000001
highest-temperature-in-wuhan-on-june-10-2026,Wuhan,2026-06-10,clean,2026-06-09 04:41:00+00:00,>24h,11,10,10,False,0.8315,-0.16849999999999998,13.487,6.8605,0.03,0.007000000000000001,12.116,True,0.785,0.8780000000000001
highest-temperature-in-kuala-lumpur-on-june-5-2026,Kuala Lumpur,2026-06-05,clean,2026-06-05 08:33:00+00:00,1-6h,11,11,11,True,0.8319999999999999,-0.16800000000000015,79149.429,13578.25,0.477,0.001,79149.391,False,0.536,1.1280000000000001
highest-temperature-in-wuhan-on-june-10-2026,Wuhan,2026-06-10,clean,2026-06-09 08:37:00+00:00,>24h,11,10,10,False,0.8324999999999999,-0.1675000000000001,1.458,0.799,0.04999999999999999,0.008999999999999977,0.819,True,0.7700000000000001,0.895
highest-temperature-in-wuhan-on-june-10-2026,Wuhan,2026-06-10,clean,2026-06-09 09:05:00+00:00,>24h,11,10,10,False,0.833,-0.16700000000000004,1482.726,1.51,0.12000000000000002,0.0085,1482.657,True,0.742,0.924
highest-temperature-in-shenzhen-on-june-9-2026,Shenzhen,2026-06-09,clean,2026-06-07 06:50:00+00:00,>24h,11,11,11,True,1.167,0.16700000000000004,42.099,39.721,0.18,0.05600000000000001,40.996,False,0.754,1.5799999999999998
highest-temperature-in-wuhan-on-june-10-2026,Wuhan,2026-06-10,clean,2026-06-09 08:15:00+00:00,>24h,11,10,10,False,0.833,-0.16700000000000004,12.5,1.078,0.03,0.007999999999999976,11.544,True,0.782,0.884
highest-temperature-in-wuhan-on-june-10-2026,Wuhan,2026-06-10,clean,2026-06-09 07:29:00+00:00,>24h,11,10,10,False,0.833,-0.16700000000000004,18.44,5.7005,0.08000000000000002,0.007000000000000001,16.896,True,0.7310000000000001,0.9349999999999999
highest-temperature-in-wuhan-on-june-10-2026,Wuhan,2026-06-10,clean,2026-06-09 09:38:00+00:00,>24h,11,10,10,False,0.8334999999999999,-0.1665000000000001,3462.726,6.957000000000001,0.08000000000000002,0.008,3462.376,True,0.765,0.902
highest-temperature-in-wuhan-on-june-10-2026,Wuhan,2026-06-10,clean,2026-06-09 09:35:00+00:00,>24h,11,10,10,False,0.8334999999999999,-0.1665000000000001,3282.726,0.40549999999999997,0.08000000000000002,0.008,3282.633,True,0.765,0.902
highest-temperature-in-wuhan-on-june-10-2026,Wuhan,2026-06-10,clean,2026-06-09 08:53:00+00:00,>24h,11,10,10,False,0.8339999999999997,-0.16600000000000026,762.726,8.2265,0.04000000000000001,0.006999999999999999,758.733,True,0.78,0.888
highest-temperature-in-wuhan-on-june-10-2026,Wuhan,2026-06-10,clean,2026-06-09 04:29:00+00:00,>24h,11,10,10,False,0.834,-0.16600000000000004,8.787,3.122,0.07,0.006000000000000002,6.886,True,0.7640000000000001,0.9040000000000001
highest-temperature-in-wuhan-on-june-10-2026,Wuhan,2026-06-10,clean,2026-06-09 04:28:00+00:00,>24h,11,10,10,False,0.834,-0.16600000000000004,16.353,7.805,0.04999999999999999,0.006000000000000002,13.191,True,0.7740000000000001,0.8940000000000001
highest-temperature-in-wuhan-on-june-10-2026,Wuhan,2026-06-10,clean,2026-06-09 04:31:00+00:00,>24h,11,10,10,False,0.834,-0.16600000000000004,10.562,4.128500000000001,0.03,0.006000000000000002,10.545,True,0.784,0.8840000000000001
highest-temperature-in-wuhan-on-june-10-2026,Wuhan,2026-06-10,clean,2026-06-09 05:04:00+00:00,>24h,11,10,10,False,0.834,-0.16600000000000004,9.771,2.612,0.03,0.006000000000000002,9.103,True,0.783,0.8850000000000001
highest-temperature-in-kuala-lumpur-on-june-5-2026,Kuala Lumpur,2026-06-05,clean,2026-06-05 07:53:00+00:00,1-6h,11,11,11,True,1.1659999999999995,0.16599999999999948,76749.429,11178.25,0.32000000000000006,0.003,76749.276,False,0.884,1.4480000000000002
highest-temperature-in-shenzhen-on-june-9-2026,Shenzhen,2026-06-09,clean,2026-06-09 02:33:00+00:00,6-24h,11,11,11,True,1.1655000000000002,0.1655000000000002,112264.297,1.232,0.18,0.030000000000000006,112264.224,False,0.8360000000000001,1.4949999999999999
highest-temperature-in-shenzhen-on-june-9-2026,Shenzhen,2026-06-09,clean,2026-06-07 05:49:00+00:00,>24h,11,11,11,True,1.1655000000000002,0.1655000000000002,6.851,5.379,0.24000000000000002,0.109,2.373,False,0.615,1.716
highest-temperature-in-wuhan-on-june-10-2026,Wuhan,2026-06-10,clean,2026-06-09 05:03:00+00:00,>24h,11,10,10,False,0.8344999999999999,-0.1655000000000001,11.822,4.115,0.03,0.006000000000000002,11.644,True,0.783,0.8860000000000001
highest-temperature-in-hong-kong-on-june-5-2026,Hong Kong,2026-06-05,clean,2026-06-05 06:59:00+00:00,1-6h,11,7,7,False,0.8345,-0.16549999999999998,63354.267,10380.92,0.07999999999999996,0.001,63353.93,True,0.777,0.892
highest-temperature-in-tokyo-on-june-12-2026,Tokyo,2026-06-12,degraded,2026-06-10 04:45:00+00:00,>24h,11,11,11,True,1.165,0.16500000000000004,735.04,0.136,0.19,0.09000000000000001,735.032,False,0.5800000000000001,1.7500000000000002
highest-temperature-in-kuala-lumpur-on-june-5-2026,Kuala Lumpur,2026-06-05,clean,2026-06-05 05:55:00+00:00,6-24h,11,11,11,True,1.165,0.16500000000000004,69669.429,4098.25,0.31,0.001,69669.408,False,0.788,1.5419999999999998
highest-temperature-in-taipei-on-june-8-2026,Taipei,2026-06-08,clean,2026-06-06 23:03:00+00:00,>24h,11,11,6,False,0.835,-0.16500000000000004,20.632,17.627,0.15000000000000002,0.085,12.548,False,0.55,1.12
highest-temperature-in-wuhan-on-june-10-2026,Wuhan,2026-06-10,clean,2026-06-09 09:25:00+00:00,>24h,11,10,10,False,0.8350000000000001,-0.16499999999999992,2682.726,0.22149999999999997,0.07,0.0065,2682.574,True,0.771,0.899
highest-temperature-in-manila-on-june-11-2026,Manila,2026-06-11,degraded,2026-06-11 03:01:00+00:00,6-24h,11,11,11,True,1.1645,0.1645000000000001,39542.386,90.807,0.11999999999999997,0.001,39455.628,False,1.0739999999999998,1.255
highest-temperature-in-manila-on-june-11-2026,Manila,2026-06-11,degraded,2026-06-11 03:00:00+00:00,6-24h,11,11,11,True,1.1645,0.1645000000000001,39482.386,30.807,0.11999999999999997,0.001,39455.628,False,1.0739999999999998,1.255
highest-temperature-in-manila-on-june-11-2026,Manila,2026-06-11,degraded,2026-06-11 03:03:00+00:00,6-24h,11,11,11,True,1.1645,0.1645000000000001,39662.386,210.807,0.11999999999999997,0.001,39455.628,False,1.0739999999999998,1.255
highest-temperature-in-manila-on-june-11-2026,Manila,2026-06-11,degraded,2026-06-11 02:59:00+00:00,6-24h,11,11,11,True,1.1645,0.1645000000000001,39422.386,15.308,0.11999999999999997,0.001,39421.787,False,1.0739999999999998,1.255
highest-temperature-in-manila-on-june-11-2026,Manila,2026-06-11,degraded,2026-06-11 03:02:00+00:00,6-24h,11,11,11,True,1.1645,0.1645000000000001,39602.386,150.807,0.11999999999999997,0.001,39455.628,False,1.0739999999999998,1.255
highest-temperature-in-hong-kong-on-june-5-2026,Hong Kong,2026-06-05,clean,2026-06-05 07:27:00+00:00,1-6h,11,7,7,False,0.8355,-0.16449999999999998,65034.267,12060.92,0.023000000000000003,0.001,65029.724,True,0.8160000000000001,0.8550000000000001
highest-temperature-in-wuhan-on-june-10-2026,Wuhan,2026-06-10,clean,2026-06-09 04:27:00+00:00,>24h,11,10,10,False,0.8355,-0.16449999999999998,10.688,3.1305,0.04999999999999999,0.006500000000000001,10.648,True,0.7740000000000001,0.8970000000000001
highest-temperature-in-wuhan-on-june-10-2026,Wuhan,2026-06-10,clean,2026-06-08 10:18:00+00:00,>24h,11,10,10,False,0.8359999999999999,-0.16400000000000015,15.303,13.472000000000001,0.11000000000000001,0.0305,15.169,True,0.672,1.0
highest-temperature-in-wuhan-on-june-10-2026,Wuhan,2026-06-10,clean,2026-06-08 10:01:00+00:00,>24h,11,10,10,False,0.836,-0.16400000000000003,2.252,2.173,0.11000000000000001,0.044500000000000005,1.5779999999999998,True,0.624,1.048
highest-temperature-in-manila-on-june-11-2026,Manila,2026-06-11,degraded,2026-06-11 02:57:00+00:00,6-24h,11,11,11,True,1.164,0.16399999999999992,39302.386,10.872,0.11999999999999997,0.001,39301.43,False,1.0729999999999997,1.255
highest-temperature-in-manila-on-june-11-2026,Manila,2026-06-11,degraded,2026-06-11 02:58:00+00:00,6-24h,11,11,11,True,1.164,0.16399999999999992,39362.386,9.451,0.11999999999999997,0.001,39362.224,False,1.0729999999999997,1.255
highest-temperature-in-seoul-on-june-9-2026,Seoul,2026-06-09,clean,2026-06-07 05:20:00+00:00,>24h,11,10,10,False,0.8360000000000001,-0.16399999999999992,51.352,20.842,0.1,0.0295,49.404,True,0.6560000000000001,1.016
highest-temperature-in-qingdao-on-june-10-2026,Qingdao,2026-06-10,clean,2026-06-10 03:01:00+00:00,6-24h,11,10,10,False,1.164,0.16399999999999992,7436.035,0.832,0.13899999999999998,0.004499999999999999,7435.999,True,0.927,1.401
highest-temperature-in-taipei-on-june-8-2026,Taipei,2026-06-08,clean,2026-06-07 23:43:00+00:00,6-24h,11,11,11,True,1.1635000000000002,0.1635000000000002,2013.239,2.134,0.06,0.012,2012.009,False,1.0599999999999996,1.2670000000000001
highest-temperature-in-kuala-lumpur-on-june-5-2026,Kuala Lumpur,2026-06-05,clean,2026-06-05 08:29:00+00:00,1-6h,11,11,11,True,0.8364999999999999,-0.1635000000000001,78909.429,13338.25,0.426,0.002,78909.337,False,0.591,1.0819999999999999
highest-temperature-in-wuhan-on-june-10-2026,Wuhan,2026-06-10,clean,2026-06-09 04:48:00+00:00,>24h,11,10,10,False,0.8365,-0.16349999999999998,11.473,7.8934999999999995,0.01999999999999999,0.006500000000000001,9.842,True,0.797,0.8760000000000001
highest-temperature-in-ankara-on-june-11-2026,Ankara,2026-06-11,degraded,2026-06-09 05:58:00+00:00,>24h,11,11,11,True,1.1634999999999998,0.16349999999999976,2.323,0.082,0.15,0.01999999999999999,2.321,False,0.9300000000000002,1.3969999999999998
highest-temperature-in-wuhan-on-june-10-2026,Wuhan,2026-06-10,clean,2026-06-09 09:55:00+00:00,>24h,11,10,10,False,0.8369999999999999,-0.16300000000000014,4482.726,13.106,0.03,0.0055,4477.883,True,0.798,0.876
highest-temperature-in-wuhan-on-june-10-2026,Wuhan,2026-06-10,clean,2026-06-09 09:56:00+00:00,>24h,11,10,10,False,0.8369999999999999,-0.16300000000000014,4542.726,18.296,0.03,0.0055,4538.936,True,0.798,0.876
highest-temperature-in-wuhan-on-june-10-2026,Wuhan,2026-06-10,clean,2026-06-09 09:57:00+00:00,>24h,11,10,10,False,0.8369999999999999,-0.16300000000000014,4602.726,18.344,0.03,0.0055,4598.817,True,0.798,0.876
highest-temperature-in-wuhan-on-june-10-2026,Wuhan,2026-06-10,clean,2026-06-09 08:05:00+00:00,>24h,11,10,10,False,0.837,-0.16300000000000003,12.361,5.551,0.04999999999999999,0.005500000000000001,11.486,True,0.774,0.9
highest-temperature-in-wuhan-on-june-10-2026,Wuhan,2026-06-10,clean,2026-06-09 08:04:00+00:00,>24h,11,10,10,False,0.837,-0.16300000000000003,0.337,0.013000000000000001,0.05000000000000002,0.006500000000000001,0.325,True,0.7830000000000001,0.891
highest-temperature-in-wuhan-on-june-10-2026,Wuhan,2026-06-10,clean,2026-06-08 19:47:00+00:00,>24h,11,10,10,False,0.837,-0.16300000000000003,13.875,1.8119999999999998,0.12999999999999998,0.018000000000000002,13.766,True,0.652,1.022
highest-temperature-in-wuhan-on-june-10-2026,Wuhan,2026-06-10,clean,2026-06-08 19:49:00+00:00,>24h,11,10,10,False,0.837,-0.16300000000000003,4.0,1.439,0.12999999999999998,0.018000000000000002,2.624,True,0.6420000000000001,1.032
highest-temperature-in-wuhan-on-june-10-2026,Wuhan,2026-06-10,clean,2026-06-10 04:47:00+00:00,6-24h,11,10,10,False,0.8370000000000001,-0.16299999999999992,72402.726,2.306,0.09999999999999998,0.007000000000000001,72402.668,True,0.707,0.9670000000000001
highest-temperature-in-houston-on-june-12-2026,Houston,2026-06-12,degraded,2026-06-11 03:18:00+00:00,>24h,11,11,11,True,1.1629999999999998,0.1629999999999998,252.653,218.279,0.072,0.020000000000000018,51.226,False,0.9990000000000001,1.327
highest-temperature-in-houston-on-june-12-2026,Houston,2026-06-12,degraded,2026-06-11 03:19:00+00:00,>24h,11,11,11,True,1.1629999999999998,0.1629999999999998,312.653,278.279,0.072,0.020000000000000018,51.226,False,0.9990000000000001,1.327
highest-temperature-in-houston-on-june-12-2026,Houston,2026-06-12,degraded,2026-06-11 03:15:00+00:00,>24h,11,11,11,True,1.1629999999999998,0.1629999999999998,72.653,38.279,0.072,0.020000000000000018,51.226,False,0.9990000000000001,1.327
highest-temperature-in-houston-on-june-12-2026,Houston,2026-06-12,degraded,2026-06-11 03:14:00+00:00,>24h,11,11,11,True,1.1629999999999998,0.1629999999999998,12.653,12.653,0.072,0.020000000000000018,9.16,False,0.9990000000000001,1.327
highest-temperature-in-houston-on-june-12-2026,Houston,2026-06-12,degraded,2026-06-11 03:16:00+00:00,>24h,11,11,11,True,1.1629999999999998,0.1629999999999998,132.653,98.279,0.072,0.020000000000000018,51.226,False,0.9990000000000001,1.327
highest-temperature-in-houston-on-june-12-2026,Houston,2026-06-12,degraded,2026-06-11 03:17:00+00:00,>24h,11,11,11,True,1.1629999999999998,0.1629999999999998,192.653,158.279,0.072,0.020000000000000018,51.226,False,0.9990000000000001,1.327
highest-temperature-in-wuhan-on-june-10-2026,Wuhan,2026-06-10,clean,2026-06-09 05:02:00+00:00,>24h,11,10,10,False,0.8374999999999999,-0.1625000000000001,24.418,1.1155,0.03,0.007000000000000001,24.371,True,0.787,0.8880000000000001
highest-temperature-in-wuhan-on-june-10-2026,Wuhan,2026-06-10,clean,2026-06-09 09:54:00+00:00,>24h,11,10,10,False,0.8374999999999999,-0.1625000000000001,4422.726,13.2535,0.03,0.006,4417.388,True,0.798,0.877
highest-temperature-in-wuhan-on-june-10-2026,Wuhan,2026-06-10,clean,2026-06-09 09:58:00+00:00,>24h,11,10,10,False,0.8374999999999999,-0.1625000000000001,4662.726,1.22,0.03,0.006999999999999999,4662.264,True,0.797,0.878
highest-temperature-in-wuhan-on-june-10-2026,Wuhan,2026-06-10,clean,2026-06-09 10:00:00+00:00,>24h,11,10,10,False,0.8374999999999999,-0.1625000000000001,4782.726,5.509,0.03,0.006999999999999999,4780.794,True,0.797,0.878
highest-temperature-in-mexico-city-on-june-6-2026,Mexico City,2026-06-06,degraded,2026-06-05 06:07:00+00:00,>24h,11,11,11,True,0.8375,-0.16249999999999998,15.171,15.148,0.07,0.009999999999999981,14.938,False,0.734,0.9410000000000001
highest-temperature-in-hong-kong-on-june-5-2026,Hong Kong,2026-06-05,clean,2026-06-05 06:44:00+00:00,1-6h,11,7,7,False,0.8375,-0.16249999999999998,62454.267,9480.92,0.040000000000000036,0.001,62452.743,True,0.797,0.8780000000000001
highest-temperature-in-hong-kong-on-june-5-2026,Hong Kong,2026-06-05,clean,2026-06-05 06:43:00+00:00,1-6h,11,7,7,False,0.8375,-0.16249999999999998,62394.267,9420.92,0.040000000000000036,0.001,62393.431,True,0.797,0.8780000000000001
highest-temperature-in-hong-kong-on-june-5-2026,Hong Kong,2026-06-05,clean,2026-06-05 06:42:00+00:00,1-6h,11,7,7,False,0.8375,-0.16249999999999998,62334.267,9360.92,0.040000000000000036,0.001,62332.538,True,0.796,0.8790000000000001
highest-temperature-in-mexico-city-on-june-6-2026,Mexico City,2026-06-06,degraded,2026-06-05 06:06:00+00:00,>24h,11,11,11,True,0.8375,-0.16249999999999998,2.776,2.74,0.07,0.009999999999999981,2.532,False,0.734,0.9410000000000001
highest-temperature-in-mexico-city-on-june-6-2026,Mexico City,2026-06-06,degraded,2026-06-05 06:08:00+00:00,>24h,11,11,11,True,0.8375,-0.16249999999999998,75.171,35.021,0.07,0.009999999999999981,74.901,False,0.734,0.9410000000000001
highest-temperature-in-wuhan-on-june-10-2026,Wuhan,2026-06-10,clean,2026-06-09 09:59:00+00:00,>24h,11,10,10,False,0.8379999999999999,-0.16200000000000014,4722.726,8.76,0.03,0.006999999999999999,4719.946,True,0.797,0.879
highest-temperature-in-wuhan-on-june-10-2026,Wuhan,2026-06-10,clean,2026-06-09 09:51:00+00:00,>24h,11,10,10,False,0.838,-0.16200000000000003,4242.726,15.445,0.03,0.005999999999999999,4240.962,True,0.798,0.878
highest-temperature-in-wuhan-on-june-10-2026,Wuhan,2026-06-10,clean,2026-06-09 09:52:00+00:00,>24h,11,10,10,False,0.838,-0.16200000000000003,4302.726,20.141,0.03,0.005999999999999999,4296.52,True,0.798,0.878
highest-temperature-in-wuhan-on-june-10-2026,Wuhan,2026-06-10,clean,2026-06-09 09:50:00+00:00,>24h,11,10,10,False,0.838,-0.16200000000000003,4182.726,0.482,0.03,0.005999999999999999,4182.442,True,0.798,0.878
highest-temperature-in-wuhan-on-june-10-2026,Wuhan,2026-06-10,clean,2026-06-09 09:49:00+00:00,>24h,11,10,10,False,0.8384999999999999,-0.1615000000000001,4122.726,0.3,0.03,0.0055,4122.633,True,0.799,0.878
highest-temperature-in-wuhan-on-june-10-2026,Wuhan,2026-06-10,clean,2026-06-09 09:53:00+00:00,>24h,11,10,10,False,0.8384999999999999,-0.1615000000000001,4362.726,4.7775,0.03,0.0065,4361.768,True,0.798,0.879
highest-temperature-in-wuhan-on-june-10-2026,Wuhan,2026-06-10,clean,2026-06-09 09:00:00+00:00,>24h,11,10,10,False,0.8384999999999999,-0.1615000000000001,1182.726,2.604,0.04999999999999999,0.0065,1182.69,True,0.78,0.897
highest-temperature-in-wuhan-on-june-10-2026,Wuhan,2026-06-10,clean,2026-06-09 08:06:00+00:00,>24h,11,10,10,False,0.8384999999999999,-0.1615000000000001,2.779,0.454,0.03999999999999998,0.006500000000000001,2.537,True,0.79,0.887
highest-temperature-in-shenzhen-on-june-9-2026,Shenzhen,2026-06-09,clean,2026-06-09 02:32:00+00:00,6-24h,11,11,11,True,1.1615,0.16149999999999998,112204.297,0.889,0.18,0.030000000000000006,112204.01,False,0.8250000000000001,1.498
highest-temperature-in-wuhan-on-june-10-2026,Wuhan,2026-06-10,clean,2026-06-09 08:48:00+00:00,>24h,11,10,10,False,0.8389999999999999,-0.16100000000000014,462.726,2.2115,0.05000000000000002,0.008,462.64,True,0.778,0.9
highest-temperature-in-wuhan-on-june-10-2026,Wuhan,2026-06-10,clean,2026-06-09 07:32:00+00:00,>24h,11,10,10,False,0.8389999999999999,-0.16100000000000014,4.18,0.6015,0.07,0.006000000000000002,4.167,True,0.7310000000000001,0.947
highest-temperature-in-wuhan-on-june-10-2026,Wuhan,2026-06-10,clean,2026-06-09 04:30:00+00:00,>24h,11,10,10,False,0.839,-0.16100000000000003,9.299,2.923,0.04000000000000001,0.006000000000000002,9.295,True,0.784,0.8940000000000001
highest-temperature-in-mexico-city-on-june-6-2026,Mexico City,2026-06-06,degraded,2026-06-05 04:34:00+00:00,>24h,11,11,7,False,1.161,0.16100000000000003,0.958,0.939,0.37,0.18,0.734,False,0.394,1.928
highest-temperature-in-wuhan-on-june-10-2026,Wuhan,2026-06-10,clean,2026-06-08 10:28:00+00:00,>24h,11,10,10,False,0.839,-0.16100000000000003,59.419,10.954,0.11000000000000001,0.0465,58.611,True,0.631,1.0470000000000002
highest-temperature-in-wuhan-on-june-10-2026,Wuhan,2026-06-10,clean,2026-06-08 21:30:00+00:00,>24h,11,10,10,False,0.8390000000000001,-0.16099999999999992,4.023,3.6685,0.09000000000000002,0.015500000000000002,2.45,True,0.706,0.9720000000000002
highest-temperature-in-wuhan-on-june-10-2026,Wuhan,2026-06-10,clean,2026-06-09 09:48:00+00:00,>24h,11,10,10,False,0.8394999999999999,-0.1605000000000001,4062.726,8.961500000000001,0.03,0.0065,4060.759,True,0.799,0.88
highest-temperature-in-wuhan-on-june-10-2026,Wuhan,2026-06-10,clean,2026-06-09 08:49:00+00:00,>24h,11,10,10,False,0.8395,-0.16049999999999998,522.726,2.118,0.04000000000000001,0.008,522.596,True,0.779,0.9
highest-temperature-in-beijing-on-june-8-2026,Beijing,2026-06-08,clean,2026-06-08 07:31:00+00:00,1-6h,11,11,11,True,0.8395,-0.16049999999999998,25942.161,4842.23,0.49000000000000005,0.001,25942.09,False,0.49,1.189
highest-temperature-in-shenzhen-on-june-9-2026,Shenzhen,2026-06-09,clean,2026-06-07 05:33:00+00:00,>24h,11,11,11,True,1.1604999999999999,0.16049999999999986,54.157,44.031,0.31,0.13999999999999999,47.013,False,0.505,1.816
highest-temperature-in-shenzhen-on-june-9-2026,Shenzhen,2026-06-09,clean,2026-06-07 05:50:00+00:00,>24h,11,11,11,True,1.1604999999999999,0.16049999999999986,15.488,15.441,0.23,0.109,10.687,False,0.615,1.7060000000000002
highest-temperature-in-shenzhen-on-june-9-2026,Shenzhen,2026-06-09,clean,2026-06-09 02:31:00+00:00,6-24h,11,11,11,True,1.1600000000000001,0.16000000000000014,112144.297,0.09,0.18,0.028000000000000004,112144.285,False,0.824,1.496
highest-temperature-in-wuhan-on-june-10-2026,Wuhan,2026-06-10,clean,2026-06-09 07:40:00+00:00,>24h,11,10,10,False,0.8399999999999999,-0.16000000000000014,14.43,3.072,0.04999999999999999,0.0055,14.06,True,0.7810000000000001,0.899
highest-temperature-in-wuhan-on-june-10-2026,Wuhan,2026-06-10,clean,2026-06-09 08:31:00+00:00,>24h,11,10,10,False,0.84,-0.16000000000000003,8.137,3.598,0.04999999999999999,0.008,7.515,True,0.7780000000000001,0.902
highest-temperature-in-wuhan-on-june-10-2026,Wuhan,2026-06-10,clean,2026-06-09 09:23:00+00:00,>24h,11,10,10,False,0.84,-0.16000000000000003,2562.726,0.16,0.10000000000000003,0.0065,2562.567,True,0.761,0.919
highest-temperature-in-wuhan-on-june-10-2026,Wuhan,2026-06-10,clean,2026-06-09 08:51:00+00:00,>24h,11,10,10,False,0.84,-0.16000000000000003,642.726,3.5740000000000003,0.04000000000000001,0.008,642.258,True,0.78,0.9
highest-temperature-in-wuhan-on-june-10-2026,Wuhan,2026-06-10,clean,2026-06-09 09:27:00+00:00,>24h,11,10,10,False,0.84,-0.16000000000000003,2802.726,0.514,0.04000000000000001,0.0065,2802.261,True,0.791,0.889
highest-temperature-in-wuhan-on-june-10-2026,Wuhan,2026-06-10,clean,2026-06-09 09:26:00+00:00,>24h,11,10,10,False,0.84,-0.16000000000000003,2742.726,5.862500000000001,0.04000000000000001,0.0065,2742.21,True,0.791,0.889
highest-temperature-in-wuhan-on-june-10-2026,Wuhan,2026-06-10,clean,2026-06-09 09:28:00+00:00,>24h,11,10,10,False,0.84,-0.16000000000000003,2862.726,7.324999999999999,0.04000000000000001,0.0065,2858.205,True,0.791,0.889
highest-temperature-in-wuhan-on-june-10-2026,Wuhan,2026-06-10,clean,2026-06-09 08:50:00+00:00,>24h,11,10,10,False,0.84,-0.16000000000000003,582.726,1.4635,0.04000000000000001,0.008,581.294,True,0.78,0.9
highest-temperature-in-tokyo-on-june-12-2026,Tokyo,2026-06-12,degraded,2026-06-10 04:44:00+00:00,>24h,11,11,11,True,1.16,0.15999999999999992,675.04,0.084,0.24,0.11,675.025,False,0.53,1.7900000000000003
highest-temperature-in-hong-kong-on-june-5-2026,Hong Kong,2026-06-05,clean,2026-06-05 06:26:00+00:00,1-6h,11,7,7,False,0.8400000000000001,-0.15999999999999992,61374.267,8400.92,0.040000000000000036,0.001,61374.218,True,0.802,0.8780000000000001
highest-temperature-in-chengdu-on-june-7-2026,Chengdu,2026-06-07,degraded,2026-06-06 23:01:00+00:00,6-24h,11,8,3,False,0.8400000000000001,-0.15999999999999992,2.138,0.115,0.19,0.04000000000000001,2.103,False,0.7200000000000001,0.9600000000000001
highest-temperature-in-hong-kong-on-june-5-2026,Hong Kong,2026-06-05,clean,2026-06-05 07:26:00+00:00,1-6h,11,7,7,False,0.8405,-0.15949999999999998,64974.267,12000.92,0.015000000000000003,0.001,64974.156,True,0.8250000000000001,0.8560000000000001
highest-temperature-in-qingdao-on-june-10-2026,Qingdao,2026-06-10,clean,2026-06-10 03:05:00+00:00,6-24h,11,10,10,False,1.1595,0.15949999999999998,7676.035,1.639,0.15,0.0025,7675.53,True,0.914,1.4049999999999998
highest-temperature-in-wuhan-on-june-10-2026,Wuhan,2026-06-10,clean,2026-06-08 10:02:00+00:00,>24h,11,10,10,False,0.8405,-0.15949999999999998,11.045,6.266,0.11000000000000001,0.0405,10.244,True,0.631,1.05
highest-temperature-in-ankara-on-june-11-2026,Ankara,2026-06-11,degraded,2026-06-09 06:30:00+00:00,>24h,11,11,11,True,1.1594999999999998,0.15949999999999975,7.81,7.78,0.07300000000000001,0.019999999999999962,7.232,False,0.992,1.327
highest-temperature-in-houston-on-june-12-2026,Houston,2026-06-12,degraded,2026-06-11 01:24:00+00:00,>24h,11,11,10,False,0.841,-0.15900000000000003,9.103,8.775,0.38,0.09799999999999999,6.58,False,0.22,1.4619999999999997
highest-temperature-in-wuhan-on-june-10-2026,Wuhan,2026-06-10,clean,2026-06-08 10:30:00+00:00,>24h,11,10,10,False,0.841,-0.15900000000000003,11.477,1.5795,0.12000000000000002,0.046,11.165,True,0.631,1.0510000000000002
highest-temperature-in-wuhan-on-june-10-2026,Wuhan,2026-06-10,clean,2026-06-09 07:42:00+00:00,>24h,11,10,10,False,0.841,-0.15900000000000003,28.936,6.767999999999999,0.04999999999999999,0.006000000000000002,24.102,True,0.7810000000000001,0.901
highest-temperature-in-wuhan-on-june-10-2026,Wuhan,2026-06-10,clean,2026-06-09 07:41:00+00:00,>24h,11,10,10,False,0.841,-0.15900000000000003,18.405,11.741,0.04999999999999999,0.006000000000000002,16.07,True,0.7810000000000001,0.901
highest-temperature-in-wuhan-on-june-10-2026,Wuhan,2026-06-10,clean,2026-06-09 07:43:00+00:00,>24h,11,10,10,False,0.841,-0.15900000000000003,15.149,5.369,0.04999999999999999,0.006000000000000002,13.9,True,0.7810000000000001,0.901
highest-temperature-in-munich-on-june-6-2026,Munich,2026-06-06,degraded,2026-06-05 05:02:00+00:00,>24h,11,11,7,False,0.8410000000000001,-0.15899999999999992,17.414,3.952,0.04999999999999999,0.03900000000000001,17.364,False,0.732,0.95
highest-temperature-in-wuhan-on-june-10-2026,Wuhan,2026-06-10,clean,2026-06-08 19:55:00+00:00,>24h,11,10,10,False,0.8410000000000001,-0.15899999999999992,14.766,4.4415,0.12,0.018500000000000003,11.995,True,0.6699999999999999,1.012
highest-temperature-in-taipei-on-june-8-2026,Taipei,2026-06-08,clean,2026-06-07 23:42:00+00:00,6-24h,11,11,11,True,1.1585000000000003,0.1585000000000003,1953.239,3.858,0.06999999999999998,0.012,1952.915,False,1.0499999999999998,1.2670000000000001
highest-temperature-in-taipei-on-june-8-2026,Taipei,2026-06-08,clean,2026-06-07 23:41:00+00:00,6-24h,11,11,11,True,1.1585000000000003,0.1585000000000003,1893.239,17.669,0.06999999999999998,0.012,1893.207,False,1.0499999999999998,1.2670000000000001
highest-temperature-in-wuhan-on-june-10-2026,Wuhan,2026-06-10,clean,2026-06-09 02:03:00+00:00,>24h,11,10,10,False,0.8414999999999998,-0.1585000000000002,30.364,19.8805,0.06999999999999998,0.008000000000000002,28.911,True,0.7530000000000001,0.93
highest-temperature-in-wuhan-on-june-10-2026,Wuhan,2026-06-10,clean,2026-06-09 02:02:00+00:00,>24h,11,10,10,False,0.8414999999999998,-0.1585000000000002,25.324,20.346,0.06999999999999998,0.008000000000000002,23.879,True,0.7530000000000001,0.93
highest-temperature-in-wuhan-on-june-10-2026,Wuhan,2026-06-10,clean,2026-06-09 09:22:00+00:00,>24h,11,10,10,False,0.8414999999999999,-0.15850000000000009,2502.726,0.079,0.04000000000000001,0.008,2502.724,True,0.791,0.892
highest-temperature-in-wuhan-on-june-10-2026,Wuhan,2026-06-10,clean,2026-06-09 09:12:00+00:00,>24h,11,10,10,False,0.8414999999999999,-0.15850000000000009,1902.726,12.111,0.08000000000000002,0.008,1898.216,True,0.771,0.912
highest-temperature-in-wuhan-on-june-10-2026,Wuhan,2026-06-10,clean,2026-06-09 04:51:00+00:00,>24h,11,10,10,False,0.8414999999999999,-0.15850000000000009,8.296,6.653499999999999,0.020000000000000018,0.006500000000000001,6.562,True,0.797,0.8860000000000001
highest-temperature-in-wuhan-on-june-10-2026,Wuhan,2026-06-10,clean,2026-06-09 04:54:00+00:00,>24h,11,10,10,False,0.8414999999999999,-0.15850000000000009,7.777,6.0649999999999995,0.020000000000000018,0.006500000000000001,6.205,True,0.797,0.8860000000000001
highest-temperature-in-wuhan-on-june-10-2026,Wuhan,2026-06-10,clean,2026-06-09 04:49:00+00:00,>24h,11,10,10,False,0.8414999999999999,-0.15850000000000009,22.092,15.28,0.020000000000000018,0.006500000000000001,19.674,True,0.797,0.8860000000000001
highest-temperature-in-wuhan-on-june-10-2026,Wuhan,2026-06-10,clean,2026-06-09 09:21:00+00:00,>24h,11,10,10,False,0.8414999999999999,-0.15850000000000009,2442.726,0.9904999999999999,0.04000000000000001,0.008,2442.473,True,0.791,0.892
highest-temperature-in-wuhan-on-june-10-2026,Wuhan,2026-06-10,clean,2026-06-09 04:52:00+00:00,>24h,11,10,10,False,0.8414999999999999,-0.15850000000000009,14.82,10.553,0.020000000000000018,0.006500000000000001,14.386,True,0.797,0.8860000000000001
highest-temperature-in-mexico-city-on-june-6-2026,Mexico City,2026-06-06,degraded,2026-06-05 06:02:00+00:00,>24h,11,11,11,True,0.842,-0.15800000000000003,80.847,20.314,0.07999999999999999,0.009999999999999981,79.738,False,0.7330000000000001,0.9510000000000001
highest-temperature-in-mexico-city-on-june-6-2026,Mexico City,2026-06-06,degraded,2026-06-05 06:03:00+00:00,>24h,11,11,11,True,0.842,-0.15800000000000003,82.642,7.941,0.07999999999999999,0.009999999999999981,81.849,False,0.7330000000000001,0.9510000000000001
highest-temperature-in-mexico-city-on-june-6-2026,Mexico City,2026-06-06,degraded,2026-06-05 06:04:00+00:00,>24h,11,11,11,True,0.842,-0.15800000000000003,38.169,7.874,0.07999999999999999,0.009999999999999981,33.913,False,0.7330000000000001,0.9510000000000001
highest-temperature-in-wuhan-on-june-10-2026,Wuhan,2026-06-10,clean,2026-06-08 14:44:00+00:00,>24h,11,10,10,False,0.842,-0.15800000000000003,0.764,0.093,0.06,0.012500000000000004,0.672,True,0.743,0.9410000000000002
highest-temperature-in-wuhan-on-june-10-2026,Wuhan,2026-06-10,clean,2026-06-09 09:06:00+00:00,>24h,11,10,10,False,0.8424999999999999,-0.15750000000000008,1542.726,0.5615,0.08000000000000002,0.008,1542.446,True,0.772,0.913
highest-temperature-in-mexico-city-on-june-6-2026,Mexico City,2026-06-06,degraded,2026-06-05 06:05:00+00:00,>24h,11,11,11,True,0.8424999999999999,-0.15750000000000008,39.089,14.863,0.07999999999999999,0.009999999999999981,39.068,False,0.734,0.9510000000000001
highest-temperature-in-shenzhen-on-june-9-2026,Shenzhen,2026-06-09,clean,2026-06-07 05:20:00+00:00,>24h,11,11,11,True,1.1575,0.15749999999999997,111.319,45.594,0.31,0.13999999999999999,86.718,False,0.497,1.8180000000000003
highest-temperature-in-wuhan-on-june-10-2026,Wuhan,2026-06-10,clean,2026-06-09 08:03:00+00:00,>24h,11,10,10,False,0.8425,-0.15749999999999997,22.679,10.14,0.08000000000000002,0.0065000000000000014,22.646,True,0.752,0.933
highest-temperature-in-hong-kong-on-june-5-2026,Hong Kong,2026-06-05,clean,2026-06-05 06:45:00+00:00,1-6h,11,7,7,False,0.8425,-0.15749999999999997,62514.267,9540.92,0.035,0.001,62514.017,True,0.807,0.8780000000000001
highest-temperature-in-seattle-on-june-10-2026,Seattle,2026-06-10,clean,2026-06-09 02:41:00+00:00,>24h,11,11,11,True,1.1575,0.15749999999999997,17.308,17.306,0.44999999999999996,0.034999999999999996,12.553,False,0.5920000000000001,1.723
highest-temperature-in-shenzhen-on-june-9-2026,Shenzhen,2026-06-09,clean,2026-06-07 05:19:00+00:00,>24h,11,11,11,True,1.1575,0.15749999999999997,51.319,51.197,0.31,0.13999999999999999,21.982,False,0.497,1.8180000000000003
highest-temperature-in-taipei-on-june-8-2026,Taipei,2026-06-08,clean,2026-06-07 23:47:00+00:00,6-24h,11,11,11,True,1.1570000000000003,0.15700000000000025,2253.239,1.178,0.06,0.012,2253.117,False,1.0399999999999996,1.274
highest-temperature-in-wuhan-on-june-10-2026,Wuhan,2026-06-10,clean,2026-06-09 08:58:00+00:00,>24h,11,10,10,False,0.8429999999999997,-0.15700000000000025,1062.726,3.6075,0.06,0.006,1061.711,True,0.78,0.906
highest-temperature-in-wuhan-on-june-10-2026,Wuhan,2026-06-10,clean,2026-06-09 08:14:00+00:00,>24h,11,10,10,False,0.843,-0.15700000000000003,4.831,2.657,0.04999999999999999,0.007999999999999976,4.306,True,0.782,0.904
highest-temperature-in-kuala-lumpur-on-june-5-2026,Kuala Lumpur,2026-06-05,clean,2026-06-05 08:42:00+00:00,1-6h,11,11,11,True,0.843,-0.15700000000000003,79689.429,14118.25,0.344,0.001,79689.342,False,0.635,1.051
highest-temperature-in-wuhan-on-june-10-2026,Wuhan,2026-06-10,clean,2026-06-09 08:12:00+00:00,>24h,11,10,10,False,0.843,-0.15700000000000003,7.828,5.8805,0.03999999999999998,0.008999999999999998,6.976,True,0.782,0.904
highest-temperature-in-wuhan-on-june-10-2026,Wuhan,2026-06-10,clean,2026-06-09 09:14:00+00:00,>24h,11,10,10,False,0.8434999999999999,-0.15650000000000008,2022.726,2.5735,0.08000000000000002,0.009000000000000001,2020.478,True,0.772,0.915
highest-temperature-in-wuhan-on-june-10-2026,Wuhan,2026-06-10,clean,2026-06-09 08:07:00+00:00,>24h,11,10,10,False,0.8434999999999999,-0.15650000000000008,18.771,4.7275,0.03999999999999998,0.006500000000000001,18.67,True,0.79,0.897
highest-temperature-in-chengdu-on-june-7-2026,Chengdu,2026-06-07,degraded,2026-06-06 23:02:00+00:00,6-24h,11,8,4,False,0.8435,-0.15649999999999997,5.624,0.7165,0.18,0.030000000000000006,5.346,False,0.7190000000000001,0.9680000000000001
highest-temperature-in-wuhan-on-june-10-2026,Wuhan,2026-06-10,clean,2026-06-09 08:52:00+00:00,>24h,11,10,10,False,0.8439999999999998,-0.15600000000000025,702.726,9.6985,0.04000000000000001,0.006999999999999999,702.712,True,0.78,0.908
highest-temperature-in-wuhan-on-june-10-2026,Wuhan,2026-06-10,clean,2026-06-08 21:59:00+00:00,>24h,11,10,10,False,0.844,-0.15600000000000003,10.023,3.597,0.09999999999999998,0.015500000000000002,9.364,True,0.716,0.9720000000000001
highest-temperature-in-wuhan-on-june-10-2026,Wuhan,2026-06-10,clean,2026-06-08 14:48:00+00:00,>24h,11,10,10,False,0.8440000000000001,-0.15599999999999992,39.286,9.7165,0.09,0.012500000000000004,39.1,True,0.726,0.9620000000000001
highest-temperature-in-kuala-lumpur-on-june-5-2026,Kuala Lumpur,2026-06-05,clean,2026-06-05 08:34:00+00:00,1-6h,11,11,11,True,0.8444999999999998,-0.1555000000000002,79209.429,13638.25,0.44399999999999995,0.001,79209.396,False,0.5690000000000001,1.12
highest-temperature-in-qingdao-on-june-10-2026,Qingdao,2026-06-10,clean,2026-06-08 05:17:00+00:00,>24h,11,10,10,False,1.1555,0.15549999999999997,267.25,263.4105,0.26,0.175,201.753,True,0.48300000000000004,1.828
highest-temperature-in-qingdao-on-june-10-2026,Qingdao,2026-06-10,clean,2026-06-08 05:18:00+00:00,>24h,11,10,10,False,1.1555,0.15549999999999997,327.25,221.971,0.26,0.175,295.192,True,0.48300000000000004,1.828
highest-temperature-in-qingdao-on-june-10-2026,Qingdao,2026-06-10,clean,2026-06-08 05:16:00+00:00,>24h,11,10,10,False,1.1555,0.15549999999999997,207.25,203.4105,0.26,0.175,201.753,True,0.48300000000000004,1.828
highest-temperature-in-qingdao-on-june-10-2026,Qingdao,2026-06-10,clean,2026-06-08 05:14:00+00:00,>24h,11,10,10,False,1.1555,0.15549999999999997,87.25,84.6035,0.26,0.175,55.002,True,0.48300000000000004,1.828
highest-temperature-in-qingdao-on-june-10-2026,Qingdao,2026-06-10,clean,2026-06-08 05:15:00+00:00,>24h,11,10,10,False,1.1555,0.15549999999999997,147.25,144.6035,0.26,0.175,55.002,True,0.48300000000000004,1.828
highest-temperature-in-hong-kong-on-june-5-2026,Hong Kong,2026-06-05,clean,2026-06-05 06:23:00+00:00,1-6h,11,7,7,False,0.8445,-0.15549999999999997,61194.267,8220.92,0.03899999999999999,0.001,61192.714,True,0.807,0.882
highest-temperature-in-qingdao-on-june-10-2026,Qingdao,2026-06-10,clean,2026-06-08 05:13:00+00:00,>24h,11,10,10,False,1.1555,0.15549999999999997,27.25,24.6035,0.26,0.175,9.442,True,0.48300000000000004,1.828
highest-temperature-in-shenzhen-on-june-9-2026,Shenzhen,2026-06-09,clean,2026-06-07 05:51:00+00:00,>24h,11,11,11,True,1.155,0.15500000000000003,75.488,48.122,0.22,0.109,71.031,False,0.615,1.695
highest-temperature-in-shenzhen-on-june-9-2026,Shenzhen,2026-06-09,clean,2026-06-07 05:52:00+00:00,>24h,11,11,11,True,1.155,0.15500000000000003,45.445,28.189,0.2,0.109,44.484,False,0.6249999999999999,1.6850000000000003
highest-temperature-in-manila-on-june-11-2026,Manila,2026-06-11,degraded,2026-06-11 03:05:00+00:00,6-24h,11,11,11,True,1.155,0.15500000000000003,39782.386,118.588,0.1,0.001,39781.643,False,1.0729999999999997,1.2369999999999999
highest-temperature-in-ankara-on-june-11-2026,Ankara,2026-06-11,degraded,2026-06-09 06:31:00+00:00,>24h,11,11,11,True,1.1549999999999998,0.1549999999999998,8.392,6.628,0.09,0.019999999999999962,6.807,False,0.9720000000000001,1.3379999999999999
highest-temperature-in-manila-on-june-11-2026,Manila,2026-06-11,degraded,2026-06-11 03:04:00+00:00,6-24h,11,11,11,True,1.1545,0.15450000000000008,39722.386,270.807,0.1,0.001,39663.798,False,1.0739999999999998,1.2349999999999999
highest-temperature-in-wuhan-on-june-10-2026,Wuhan,2026-06-10,clean,2026-06-09 08:30:00+00:00,>24h,11,10,10,False,0.8454999999999999,-0.15450000000000008,0.867,0.681,0.1,0.0075,0.524,True,0.7590000000000001,0.932
highest-temperature-in-wuhan-on-june-10-2026,Wuhan,2026-06-10,clean,2026-06-09 07:59:00+00:00,>24h,11,10,10,False,0.8454999999999999,-0.15450000000000008,3.998,1.2845,0.04999999999999999,0.006500000000000001,3.49,True,0.7810000000000001,0.91
highest-temperature-in-wuhan-on-june-10-2026,Wuhan,2026-06-10,clean,2026-06-08 19:57:00+00:00,>24h,11,10,10,False,0.8454999999999999,-0.15450000000000008,26.849,19.25,0.10999999999999999,0.019000000000000003,21.481,True,0.6789999999999999,1.012
highest-temperature-in-amsterdam-on-june-8-2026,Amsterdam,2026-06-08,clean,2026-06-06 23:41:00+00:00,>24h,11,11,11,True,1.1545,0.15450000000000008,4.911,4.782,0.02999999999999997,0.005999999999999999,4.855,False,1.093,1.2160000000000002
highest-temperature-in-wuhan-on-june-10-2026,Wuhan,2026-06-10,clean,2026-06-08 16:49:00+00:00,>24h,11,10,10,False,0.8455,-0.15449999999999997,3.399,2.822,0.09000000000000002,0.014000000000000004,0.578,True,0.721,0.9700000000000001
highest-temperature-in-wuhan-on-june-10-2026,Wuhan,2026-06-10,clean,2026-06-08 10:03:00+00:00,>24h,11,10,10,False,0.8455,-0.15449999999999997,27.424,19.377499999999998,0.12000000000000002,0.0405,22.981,True,0.631,1.06
highest-temperature-in-seoul-on-june-9-2026,Seoul,2026-06-09,clean,2026-06-07 05:22:00+00:00,>24h,11,10,10,False,0.8460000000000001,-0.15399999999999991,14.59,14.568000000000001,0.09,0.0295,3.042,True,0.6759999999999999,1.016
highest-temperature-in-seoul-on-june-9-2026,Seoul,2026-06-09,clean,2026-06-07 05:21:00+00:00,>24h,11,10,10,False,0.8460000000000001,-0.15399999999999991,0.132,0.0325,0.09,0.0295,0.127,True,0.6760000000000002,1.016
highest-temperature-in-seoul-on-june-9-2026,Seoul,2026-06-09,clean,2026-06-07 05:23:00+00:00,>24h,11,10,10,False,0.8460000000000001,-0.15399999999999991,74.576,6.6515,0.09,0.0295,70.368,True,0.6759999999999999,1.016
highest-temperature-in-wuhan-on-june-10-2026,Wuhan,2026-06-10,clean,2026-06-08 19:51:00+00:00,>24h,11,10,10,False,0.8460000000000001,-0.15399999999999991,3.646,1.215,0.12,0.018500000000000003,2.497,True,0.6799999999999999,1.012
highest-temperature-in-wuhan-on-june-10-2026,Wuhan,2026-06-10,clean,2026-06-08 21:38:00+00:00,>24h,11,10,10,False,0.8460000000000001,-0.15399999999999991,6.328,4.596500000000001,0.10999999999999999,0.018500000000000003,3.032,True,0.69,1.002
highest-temperature-in-wuhan-on-june-10-2026,Wuhan,2026-06-10,clean,2026-06-08 21:40:00+00:00,>24h,11,10,10,False,0.8460000000000001,-0.15399999999999991,33.511,1.0245,0.10999999999999999,0.018500000000000003,33.052,True,0.69,1.002
highest-temperature-in-wuhan-on-june-10-2026,Wuhan,2026-06-10,clean,2026-06-08 21:39:00+00:00,>24h,11,10,10,False,0.8460000000000001,-0.15399999999999991,18.603,8.21,0.10999999999999999,0.018500000000000003,17.692,True,0.69,1.002
highest-temperature-in-shenzhen-on-june-9-2026,Shenzhen,2026-06-09,clean,2026-06-09 02:35:00+00:00,6-24h,11,11,11,True,1.1535000000000002,0.1535000000000002,112384.297,2.222,0.15000000000000002,0.016,112384.075,False,0.892,1.4149999999999998
highest-temperature-in-shenzhen-on-june-9-2026,Shenzhen,2026-06-09,clean,2026-06-07 06:16:00+00:00,>24h,11,11,11,True,1.1535000000000002,0.1535000000000002,34.584,31.911,0.21999999999999997,0.068,33.504,False,0.6920000000000001,1.615
highest-temperature-in-shenzhen-on-june-9-2026,Shenzhen,2026-06-09,clean,2026-06-07 06:15:00+00:00,>24h,11,11,11,True,1.1535000000000002,0.1535000000000002,50.776,48.139,0.22999999999999998,0.068,31.042,False,0.682,1.6250000000000002
highest-temperature-in-taipei-on-june-8-2026,Taipei,2026-06-08,clean,2026-06-07 23:44:00+00:00,6-24h,11,11,11,True,1.1535000000000002,0.1535000000000002,2073.239,13.931,0.04999999999999999,0.012,2071.949,False,1.0599999999999996,1.247
highest-temperature-in-wuhan-on-june-10-2026,Wuhan,2026-06-10,clean,2026-06-09 02:04:00+00:00,>24h,11,10,10,False,0.8464999999999998,-0.1535000000000002,41.058,19.351,0.06999999999999998,0.008000000000000002,40.984,True,0.7530000000000001,0.9400000000000001
highest-temperature-in-wuhan-on-june-10-2026,Wuhan,2026-06-10,clean,2026-06-08 19:50:00+00:00,>24h,11,10,10,False,0.8464999999999999,-0.15350000000000008,0.872,0.768,0.12,0.018000000000000002,0.26,True,0.6609999999999999,1.032
highest-temperature-in-wuhan-on-june-10-2026,Wuhan,2026-06-10,clean,2026-06-08 19:59:00+00:00,>24h,11,10,10,False,0.8464999999999999,-0.15350000000000008,8.944,0.246,0.10999999999999999,0.018000000000000002,8.887,True,0.6809999999999999,1.012
highest-temperature-in-wuhan-on-june-10-2026,Wuhan,2026-06-10,clean,2026-06-09 09:19:00+00:00,>24h,11,10,10,False,0.8464999999999999,-0.15350000000000008,2322.726,0.688,0.03,0.008,2322.112,True,0.801,0.892
highest-temperature-in-kuala-lumpur-on-june-5-2026,Kuala Lumpur,2026-06-05,clean,2026-06-05 08:31:00+00:00,1-6h,11,11,11,True,0.8464999999999999,-0.15350000000000008,79029.429,13458.25,0.44499999999999995,0.002,79028.505,False,0.5690000000000001,1.124
highest-temperature-in-seoul-on-june-9-2026,Seoul,2026-06-09,clean,2026-06-07 05:25:00+00:00,>24h,11,10,10,False,0.8465,-0.15349999999999997,24.664,2.1464999999999996,0.08000000000000002,0.024000000000000004,23.642,True,0.687,1.006
highest-temperature-in-seoul-on-june-9-2026,Seoul,2026-06-09,clean,2026-06-07 05:24:00+00:00,>24h,11,10,10,False,0.8465,-0.15349999999999997,7.706,5.890000000000001,0.09,0.029,1.9569999999999999,True,0.677,1.016
highest-temperature-in-wuhan-on-june-10-2026,Wuhan,2026-06-10,clean,2026-06-09 04:50:00+00:00,>24h,11,10,10,False,0.8465,-0.15349999999999997,4.778,3.433,0.01999999999999999,0.006500000000000001,1.619,True,0.807,0.8860000000000001
highest-temperature-in-wuhan-on-june-10-2026,Wuhan,2026-06-10,clean,2026-06-09 04:53:00+00:00,>24h,11,10,10,False,0.8465,-0.15349999999999997,26.172,10.3235,0.01999999999999999,0.006500000000000001,23.477,True,0.807,0.8860000000000001
highest-temperature-in-wuhan-on-june-10-2026,Wuhan,2026-06-10,clean,2026-06-09 04:57:00+00:00,>24h,11,10,10,False,0.8465,-0.15349999999999997,25.966,13.847999999999999,0.01999999999999999,0.006500000000000001,25.532,True,0.807,0.8860000000000001
highest-temperature-in-wuhan-on-june-10-2026,Wuhan,2026-06-10,clean,2026-06-09 04:56:00+00:00,>24h,11,10,10,False,0.8465,-0.15349999999999997,22.101,10.904,0.01999999999999999,0.006500000000000001,20.245,True,0.807,0.8860000000000001
highest-temperature-in-seoul-on-june-9-2026,Seoul,2026-06-09,clean,2026-06-07 05:26:00+00:00,>24h,11,10,10,False,0.8465,-0.15349999999999997,59.63,19.7125,0.08000000000000002,0.024000000000000004,55.74,True,0.687,1.006
highest-temperature-in-wuhan-on-june-10-2026,Wuhan,2026-06-10,clean,2026-06-09 04:58:00+00:00,>24h,11,10,10,False,0.8465,-0.15349999999999997,43.931,6.8635,0.01999999999999999,0.006500000000000001,41.453,True,0.807,0.8860000000000001
highest-temperature-in-wuhan-on-june-10-2026,Wuhan,2026-06-10,clean,2026-06-09 05:01:00+00:00,>24h,11,10,10,False,0.8465,-0.15349999999999997,22.416,4.805,0.01999999999999999,0.006500000000000001,21.84,True,0.807,0.8860000000000001
highest-temperature-in-wuhan-on-june-10-2026,Wuhan,2026-06-10,clean,2026-06-09 04:55:00+00:00,>24h,11,10,10,False,0.8465,-0.15349999999999997,16.823,5.9345,0.01999999999999999,0.006500000000000001,16.331,True,0.807,0.8860000000000001
highest-temperature-in-wuhan-on-june-10-2026,Wuhan,2026-06-10,clean,2026-06-09 08:13:00+00:00,>24h,11,10,10,False,0.847,-0.15300000000000002,8.771,4.4495000000000005,0.04999999999999999,0.008999999999999998,4.865,True,0.78,0.914
highest-temperature-in-wuhan-on-june-10-2026,Wuhan,2026-06-10,clean,2026-06-08 19:56:00+00:00,>24h,11,10,10,False,0.847,-0.15300000000000002,39.158,12.592,0.12,0.0175,36.004,True,0.6719999999999999,1.022
highest-temperature-in-wuhan-on-june-10-2026,Wuhan,2026-06-10,clean,2026-06-09 04:59:00+00:00,>24h,11,10,10,False,0.847,-0.15300000000000002,52.928,7.6905,0.01999999999999999,0.006500000000000001,50.242,True,0.808,0.8860000000000001
highest-temperature-in-wuhan-on-june-10-2026,Wuhan,2026-06-10,clean,2026-06-09 05:00:00+00:00,>24h,11,10,10,False,0.847,-0.15300000000000002,24.499,10.837,0.01999999999999999,0.006500000000000001,23.729,True,0.808,0.8860000000000001
highest-temperature-in-wuhan-on-june-10-2026,Wuhan,2026-06-10,clean,2026-06-08 19:45:00+00:00,>24h,11,10,10,False,0.847,-0.15300000000000002,5.591,3.5905,0.12999999999999998,0.018000000000000002,2.834,True,0.652,1.0419999999999998
highest-temperature-in-ankara-on-june-11-2026,Ankara,2026-06-11,degraded,2026-06-09 05:54:00+00:00,>24h,11,11,11,True,1.1529999999999998,0.1529999999999998,21.726,21.655,0.13000000000000003,0.02999999999999997,21.725,False,0.919,1.387
highest-temperature-in-ankara-on-june-11-2026,Ankara,2026-06-11,degraded,2026-06-09 05:56:00+00:00,>24h,11,11,11,True,1.1529999999999998,0.1529999999999998,37.193,35.386,0.13000000000000003,0.01999999999999999,33.041,False,0.929,1.3769999999999998
highest-temperature-in-hong-kong-on-june-5-2026,Hong Kong,2026-06-05,clean,2026-06-05 06:25:00+00:00,1-6h,11,7,7,False,0.8475,-0.15249999999999997,61314.267,8340.92,0.030000000000000027,0.001,61314.254,True,0.8150000000000001,0.8800000000000001
highest-temperature-in-taipei-on-june-8-2026,Taipei,2026-06-08,clean,2026-06-07 23:48:00+00:00,6-24h,11,11,11,True,1.1520000000000004,0.15200000000000036,2313.239,3.737,0.06999999999999998,0.012,2312.767,False,1.0299999999999998,1.274
highest-temperature-in-wuhan-on-june-10-2026,Wuhan,2026-06-10,clean,2026-06-09 09:01:00+00:00,>24h,11,10,10,False,0.8479999999999999,-0.15200000000000014,1242.726,10.296,0.060000000000000026,0.006,1241.303,True,0.79,0.906
highest-temperature-in-wuhan-on-june-10-2026,Wuhan,2026-06-10,clean,2026-06-08 19:44:00+00:00,>24h,11,10,10,False,0.8480000000000001,-0.1519999999999999,9.868,3.7714999999999996,0.12999999999999998,0.017,6.97,True,0.644,1.0519999999999998
highest-temperature-in-wuhan-on-june-10-2026,Wuhan,2026-06-10,clean,2026-06-08 14:49:00+00:00,>24h,11,10,10,False,0.8480000000000001,-0.1519999999999999,30.566,18.0255,0.09,0.012500000000000004,27.831,True,0.734,0.9620000000000001
highest-temperature-in-qingdao-on-june-10-2026,Qingdao,2026-06-10,clean,2026-06-10 02:59:00+00:00,6-24h,11,10,10,False,1.152,0.1519999999999999,7316.035,5.4885,0.13,0.018,7313.661,True,0.9720000000000001,1.332
highest-temperature-in-hong-kong-on-june-5-2026,Hong Kong,2026-06-05,clean,2026-06-05 06:24:00+00:00,1-6h,11,7,7,False,0.8480000000000001,-0.1519999999999999,61254.267,8280.92,0.030000000000000027,0.001,61253.795,True,0.8160000000000001,0.8800000000000001
highest-temperature-in-hong-kong-on-june-5-2026,Hong Kong,2026-06-05,clean,2026-06-05 07:29:00+00:00,1-6h,11,7,7,False,0.8480000000000001,-0.1519999999999999,65154.267,12180.92,0.039999999999999925,0.001,65154.23,True,0.8160000000000001,0.88
highest-temperature-in-ankara-on-june-11-2026,Ankara,2026-06-11,degraded,2026-06-09 06:25:00+00:00,>24h,11,11,11,True,1.1519999999999997,0.1519999999999997,6.805,5.663,0.12000000000000002,0.02999999999999997,6.67,False,0.9510000000000001,1.353
highest-temperature-in-wuhan-on-june-10-2026,Wuhan,2026-06-10,clean,2026-06-09 08:11:00+00:00,>24h,11,10,10,False,0.8485,-0.15149999999999997,5.873,1.842,0.03999999999999998,0.008999999999999998,5.661,True,0.783,0.914
highest-temperature-in-wuhan-on-june-10-2026,Wuhan,2026-06-10,clean,2026-06-08 04:44:00+00:00,>24h,11,10,10,False,1.1515,0.15149999999999997,2.995,2.654,0.45999999999999996,0.12,2.811,True,0.503,1.7999999999999998
highest-temperature-in-wuhan-on-june-10-2026,Wuhan,2026-06-10,clean,2026-06-09 09:15:00+00:00,>24h,11,10,10,False,0.8489999999999999,-0.15100000000000013,2082.726,0.409,0.05000000000000002,0.009000000000000005,2082.692,True,0.792,0.906
highest-temperature-in-wuhan-on-june-10-2026,Wuhan,2026-06-10,clean,2026-06-09 07:31:00+00:00,>24h,11,10,10,False,0.8489999999999999,-0.15100000000000013,23.715,3.7215,0.08000000000000002,0.006000000000000002,22.503,True,0.7410000000000001,0.957
highest-temperature-in-wuhan-on-june-10-2026,Wuhan,2026-06-10,clean,2026-06-09 09:16:00+00:00,>24h,11,10,10,False,0.8489999999999999,-0.15100000000000013,2142.726,11.7955,0.05000000000000002,0.009000000000000005,2142.278,True,0.792,0.906
highest-temperature-in-wuhan-on-june-10-2026,Wuhan,2026-06-10,clean,2026-06-09 09:17:00+00:00,>24h,11,10,10,False,0.8489999999999999,-0.15100000000000013,2202.726,4.591,0.05000000000000002,0.009000000000000005,2201.752,True,0.792,0.906
highest-temperature-in-wuhan-on-june-10-2026,Wuhan,2026-06-10,clean,2026-06-09 05:32:00+00:00,>24h,11,10,10,False,0.8489999999999999,-0.15100000000000013,5.32,3.0315,0.07,0.006500000000000001,4.449,True,0.773,0.925
highest-temperature-in-munich-on-june-6-2026,Munich,2026-06-06,degraded,2026-06-05 05:01:00+00:00,>24h,11,11,7,False,0.8490000000000001,-0.1509999999999999,9.022,1.508,0.06,0.043000000000000003,8.907,False,0.728,0.9699999999999999
highest-temperature-in-manila-on-june-11-2026,Manila,2026-06-11,degraded,2026-06-09 16:02:00+00:00,>24h,11,11,11,True,1.1509999999999998,0.1509999999999998,6.086,3.987,0.22999999999999998,0.009999999999999995,6.034,False,0.9440000000000002,1.358
highest-temperature-in-amsterdam-on-june-8-2026,Amsterdam,2026-06-08,clean,2026-06-06 23:39:00+00:00,>24h,11,11,11,True,1.1509999999999998,0.1509999999999998,14.902,12.2,0.030000000000000006,0.006999999999999999,14.152,False,1.0889999999999997,1.213
highest-temperature-in-amsterdam-on-june-8-2026,Amsterdam,2026-06-08,clean,2026-06-06 23:35:00+00:00,>24h,11,11,11,True,1.1505000000000003,0.1505000000000003,26.824,6.901,0.03999999999999998,0.006999999999999999,20.341,False,1.0839999999999999,1.217
highest-temperature-in-amsterdam-on-june-8-2026,Amsterdam,2026-06-08,clean,2026-06-06 23:34:00+00:00,>24h,11,11,11,True,1.1505000000000003,0.1505000000000003,24.76,15.457,0.03999999999999998,0.006999999999999999,22.307,False,1.0839999999999999,1.217
highest-temperature-in-wuhan-on-june-10-2026,Wuhan,2026-06-10,clean,2026-06-08 10:19:00+00:00,>24h,11,10,10,False,0.8494999999999999,-0.15050000000000008,2.883,2.6955,0.11000000000000001,0.044500000000000005,2.6029999999999998,True,0.656,1.0430000000000001
highest-temperature-in-hong-kong-on-june-5-2026,Hong Kong,2026-06-05,clean,2026-06-05 06:27:00+00:00,1-6h,11,7,7,False,0.8495,-0.15049999999999997,61434.267,8460.92,0.010000000000000009,0.001,61433.918,True,0.8380000000000001,0.8610000000000001
highest-temperature-in-amsterdam-on-june-8-2026,Amsterdam,2026-06-08,clean,2026-06-06 23:26:00+00:00,>24h,11,11,11,True,1.1500000000000004,0.15000000000000036,28.321,14.123,0.03999999999999998,0.006999999999999999,22.91,False,1.0839999999999999,1.216
highest-temperature-in-wuhan-on-june-10-2026,Wuhan,2026-06-10,clean,2026-06-09 05:12:00+00:00,>24h,11,10,10,False,0.85,-0.15000000000000002,0.998,0.4385,0.060000000000000026,0.005500000000000001,0.648,True,0.775,0.925
highest-temperature-in-wuhan-on-june-10-2026,Wuhan,2026-06-10,clean,2026-06-08 16:40:00+00:00,>24h,11,10,10,False,0.85,-0.15000000000000002,3.296,1.858,0.10000000000000003,0.014000000000000004,2.252,True,0.72,0.9800000000000001
highest-temperature-in-amsterdam-on-june-8-2026,Amsterdam,2026-06-08,clean,2026-06-06 23:27:00+00:00,>24h,11,11,11,True,1.1495000000000002,0.1495000000000002,33.649,3.485,0.03999999999999998,0.006999999999999999,30.447,False,1.0839999999999999,1.215
highest-temperature-in-wuhan-on-june-10-2026,Wuhan,2026-06-10,clean,2026-06-09 02:33:00+00:00,>24h,11,10,10,False,0.8504999999999998,-0.1495000000000002,2.754,1.568,0.04999999999999999,0.007000000000000001,2.56,True,0.783,0.918
highest-temperature-in-wuhan-on-june-10-2026,Wuhan,2026-06-10,clean,2026-06-09 02:32:00+00:00,>24h,11,10,10,False,0.8504999999999998,-0.1495000000000002,5.883,5.689,0.04999999999999999,0.007000000000000001,4.464,True,0.783,0.918
highest-temperature-in-wuhan-on-june-10-2026,Wuhan,2026-06-10,clean,2026-06-09 11:03:00+00:00,>24h,11,10,10,False,0.8504999999999999,-0.14950000000000008,8562.726,13.871500000000001,0.06,0.0055,8561.15,True,0.783,0.918
highest-temperature-in-wuhan-on-june-10-2026,Wuhan,2026-06-10,clean,2026-06-09 07:21:00+00:00,>24h,11,10,10,False,0.8504999999999999,-0.14950000000000008,0.094,0.016,0.08000000000000002,0.005500000000000001,0.09,True,0.772,0.9290000000000002
highest-temperature-in-wuhan-on-june-10-2026,Wuhan,2026-06-10,clean,2026-06-09 11:02:00+00:00,>24h,11,10,10,False,0.8504999999999999,-0.14950000000000008,8502.726,6.584,0.06,0.0055,8498.667,True,0.783,0.918
highest-temperature-in-shenzhen-on-june-9-2026,Shenzhen,2026-06-09,clean,2026-06-07 06:08:00+00:00,>24h,11,11,11,True,1.1490000000000002,0.14900000000000024,6.73,6.607,0.21999999999999997,0.067,0.21,False,0.7130000000000001,1.5850000000000002
highest-temperature-in-wuhan-on-june-10-2026,Wuhan,2026-06-10,clean,2026-06-09 10:28:00+00:00,>24h,11,10,10,False,0.8509999999999999,-0.14900000000000013,6462.726,2.5475000000000003,0.04000000000000001,0.005,6462.444,True,0.793,0.909
highest-temperature-in-wuhan-on-june-10-2026,Wuhan,2026-06-10,clean,2026-06-09 02:31:00+00:00,>24h,11,10,10,False,0.851,-0.14900000000000002,6.615,6.259,0.04999999999999999,0.006500000000000001,3.103,True,0.7850000000000001,0.917
highest-temperature-in-wuhan-on-june-10-2026,Wuhan,2026-06-10,clean,2026-06-08 20:52:00+00:00,>24h,11,10,10,False,0.851,-0.14900000000000002,18.069,14.238,0.10999999999999999,0.018500000000000003,17.797,True,0.6799999999999999,1.022
highest-temperature-in-shenzhen-on-june-9-2026,Shenzhen,2026-06-09,clean,2026-06-07 06:35:00+00:00,>24h,11,11,11,True,1.149,0.14900000000000002,47.048,46.961,0.21999999999999997,0.068,21.478,False,0.643,1.655
highest-temperature-in-wuhan-on-june-10-2026,Wuhan,2026-06-10,clean,2026-06-08 19:58:00+00:00,>24h,11,10,10,False,0.8510000000000001,-0.1489999999999999,1.184,0.763,0.10999999999999999,0.018500000000000003,0.802,True,0.69,1.012
highest-temperature-in-taipei-on-june-8-2026,Taipei,2026-06-08,clean,2026-06-07 23:37:00+00:00,6-24h,11,11,11,True,1.1485000000000003,0.1485000000000003,1653.239,5.344,0.030000000000000027,0.012,1652.968,False,1.0699999999999998,1.227
highest-temperature-in-taipei-on-june-8-2026,Taipei,2026-06-08,clean,2026-06-07 23:45:00+00:00,6-24h,11,11,11,True,1.1485000000000003,0.1485000000000003,2133.239,17.561,0.03999999999999998,0.012,2131.749,False,1.0599999999999996,1.2369999999999999
highest-temperature-in-wuhan-on-june-10-2026,Wuhan,2026-06-10,clean,2026-06-09 02:13:00+00:00,>24h,11,10,10,False,0.8514999999999998,-0.1485000000000002,50.919,10.047,0.06999999999999998,0.008000000000000002,50.357,True,0.7630000000000001,0.9400000000000001
highest-temperature-in-wuhan-on-june-10-2026,Wuhan,2026-06-10,clean,2026-06-09 02:18:00+00:00,>24h,11,10,10,False,0.8514999999999998,-0.1485000000000002,246.708,246.62099999999998,0.06999999999999998,0.008000000000000002,0.173,True,0.7630000000000001,0.9400000000000001
highest-temperature-in-wuhan-on-june-10-2026,Wuhan,2026-06-10,clean,2026-06-09 02:17:00+00:00,>24h,11,10,10,False,0.8514999999999998,-0.1485000000000002,186.708,186.62099999999998,0.06999999999999998,0.008000000000000002,0.173,True,0.7630000000000001,0.9400000000000001
highest-temperature-in-wuhan-on-june-10-2026,Wuhan,2026-06-10,clean,2026-06-09 02:16:00+00:00,>24h,11,10,10,False,0.8514999999999998,-0.1485000000000002,126.708,126.62100000000001,0.06999999999999998,0.008000000000000002,0.173,True,0.7630000000000001,0.9400000000000001
highest-temperature-in-wuhan-on-june-10-2026,Wuhan,2026-06-10,clean,2026-06-09 02:14:00+00:00,>24h,11,10,10,False,0.8514999999999998,-0.1485000000000002,6.708,6.621,0.06999999999999998,0.008000000000000002,0.173,True,0.7630000000000001,0.9400000000000001
highest-temperature-in-wuhan-on-june-10-2026,Wuhan,2026-06-10,clean,2026-06-09 02:11:00+00:00,>24h,11,10,10,False,0.8514999999999998,-0.1485000000000002,35.568,14.7045,0.06999999999999998,0.008000000000000002,31.549,True,0.7630000000000001,0.9400000000000001
highest-temperature-in-wuhan-on-june-10-2026,Wuhan,2026-06-10,clean,2026-06-09 02:12:00+00:00,>24h,11,10,10,False,0.8514999999999998,-0.1485000000000002,95.568,14.095500000000001,0.06999999999999998,0.008000000000000002,91.838,True,0.7630000000000001,0.9400000000000001
highest-temperature-in-wuhan-on-june-10-2026,Wuhan,2026-06-10,clean,2026-06-09 02:09:00+00:00,>24h,11,10,10,False,0.8514999999999998,-0.1485000000000002,261.526,15.39,0.06999999999999998,0.008000000000000002,256.608,True,0.7630000000000001,0.9400000000000001
highest-temperature-in-wuhan-on-june-10-2026,Wuhan,2026-06-10,clean,2026-06-09 02:15:00+00:00,>24h,11,10,10,False,0.8514999999999998,-0.1485000000000002,66.708,66.62100000000001,0.06999999999999998,0.008000000000000002,0.173,True,0.7630000000000001,0.9400000000000001
highest-temperature-in-wuhan-on-june-10-2026,Wuhan,2026-06-10,clean,2026-06-09 02:08:00+00:00,>24h,11,10,10,False,0.8514999999999998,-0.1485000000000002,223.957,209.37900000000002,0.06999999999999998,0.008000000000000002,202.959,True,0.7630000000000001,0.9400000000000001
highest-temperature-in-wuhan-on-june-10-2026,Wuhan,2026-06-10,clean,2026-06-09 02:10:00+00:00,>24h,11,10,10,False,0.8514999999999998,-0.1485000000000002,14.99,7.018,0.06999999999999998,0.008000000000000002,13.393,True,0.7630000000000001,0.9400000000000001
highest-temperature-in-wuhan-on-june-10-2026,Wuhan,2026-06-10,clean,2026-06-09 02:06:00+00:00,>24h,11,10,10,False,0.8514999999999998,-0.1485000000000002,103.957,89.382,0.06999999999999998,0.008000000000000002,24.738,True,0.7630000000000001,0.9400000000000001
highest-temperature-in-wuhan-on-june-10-2026,Wuhan,2026-06-10,clean,2026-06-09 02:05:00+00:00,>24h,11,10,10,False,0.8514999999999998,-0.1485000000000002,43.957,29.382,0.06999999999999998,0.008000000000000002,24.738,True,0.7630000000000001,0.9400000000000001
highest-temperature-in-wuhan-on-june-10-2026,Wuhan,2026-06-10,clean,2026-06-09 02:07:00+00:00,>24h,11,10,10,False,0.8514999999999998,-0.1485000000000002,163.957,149.382,0.06999999999999998,0.008000000000000002,24.738,True,0.7630000000000001,0.9400000000000001
highest-temperature-in-wuhan-on-june-10-2026,Wuhan,2026-06-10,clean,2026-06-08 10:17:00+00:00,>24h,11,10,10,False,0.8514999999999999,-0.14850000000000008,16.274,4.422000000000001,0.11000000000000001,0.03900000000000001,16.008,True,0.674,1.0290000000000001
highest-temperature-in-wuhan-on-june-10-2026,Wuhan,2026-06-10,clean,2026-06-09 01:56:00+00:00,>24h,11,10,10,False,0.8514999999999999,-0.14850000000000008,21.626,21.549,0.06,0.0075000000000000015,13.27,True,0.774,0.929
highest-temperature-in-wuhan-on-june-10-2026,Wuhan,2026-06-10,clean,2026-06-09 02:01:00+00:00,>24h,11,10,10,False,0.8514999999999999,-0.14850000000000008,10.643,5.9485,0.06,0.0075000000000000015,9.185,True,0.774,0.929
highest-temperature-in-wuhan-on-june-10-2026,Wuhan,2026-06-10,clean,2026-06-09 07:45:00+00:00,>24h,11,10,10,False,0.8514999999999999,-0.14850000000000008,7.004,4.2669999999999995,0.03,0.006000000000000002,5.35,True,0.8010000000000002,0.902
highest-temperature-in-wuhan-on-june-10-2026,Wuhan,2026-06-10,clean,2026-06-09 09:18:00+00:00,>24h,11,10,10,False,0.8514999999999999,-0.14850000000000008,2262.726,0.07200000000000001,0.04000000000000001,0.0085,2262.718,True,0.8,0.903
highest-temperature-in-wuhan-on-june-10-2026,Wuhan,2026-06-10,clean,2026-06-09 07:44:00+00:00,>24h,11,10,10,False,0.8514999999999999,-0.14850000000000008,10.231,6.3325,0.03,0.006000000000000002,4.7780000000000005,True,0.8010000000000002,0.902
highest-temperature-in-wuhan-on-june-10-2026,Wuhan,2026-06-10,clean,2026-06-09 02:29:00+00:00,>24h,11,10,10,False,0.8514999999999999,-0.14850000000000008,12.404,5.204000000000001,0.04999999999999999,0.006500000000000001,11.481,True,0.786,0.917
highest-temperature-in-wuhan-on-june-10-2026,Wuhan,2026-06-10,clean,2026-06-09 02:30:00+00:00,>24h,11,10,10,False,0.8514999999999999,-0.14850000000000008,21.054,6.2085,0.04999999999999999,0.006500000000000001,18.398,True,0.786,0.917
highest-temperature-in-wuhan-on-june-10-2026,Wuhan,2026-06-10,clean,2026-06-09 09:20:00+00:00,>24h,11,10,10,False,0.8514999999999999,-0.14850000000000008,2382.726,0.823,0.04000000000000001,0.008,2381.98,True,0.801,0.902
highest-temperature-in-wuhan-on-june-10-2026,Wuhan,2026-06-10,clean,2026-06-09 07:46:00+00:00,>24h,11,10,10,False,0.8514999999999999,-0.14850000000000008,1.316,1.291,0.03,0.006000000000000002,1.055,True,0.8010000000000002,0.902
highest-temperature-in-wuhan-on-june-10-2026,Wuhan,2026-06-10,clean,2026-06-09 02:28:00+00:00,>24h,11,10,10,False,0.8514999999999999,-0.14850000000000008,4.101,3.2215000000000003,0.04999999999999999,0.006500000000000001,4.093,True,0.786,0.917
highest-temperature-in-shenzhen-on-june-9-2026,Shenzhen,2026-06-09,clean,2026-06-07 06:13:00+00:00,>24h,11,11,11,True,1.1484999999999999,0.14849999999999985,2.399,2.253,0.21999999999999997,0.068,0.249,False,0.682,1.615
highest-temperature-in-shenzhen-on-june-9-2026,Shenzhen,2026-06-09,clean,2026-06-07 06:14:00+00:00,>24h,11,11,11,True,1.1484999999999999,0.14849999999999985,62.256,49.682,0.21999999999999997,0.068,52.607,False,0.682,1.615
highest-temperature-in-wuhan-on-june-10-2026,Wuhan,2026-06-10,clean,2026-06-09 10:29:00+00:00,>24h,11,10,10,False,0.8519999999999999,-0.14800000000000013,6522.726,3.8164999999999996,0.04000000000000001,0.006,6522.057,True,0.793,0.911
highest-temperature-in-wuhan-on-june-10-2026,Wuhan,2026-06-10,clean,2026-06-09 08:09:00+00:00,>24h,11,10,10,False,0.852,-0.14800000000000002,2.391,1.785,0.07,0.008999999999999998,0.757,True,0.77,0.934
highest-temperature-in-wuhan-on-june-10-2026,Wuhan,2026-06-10,clean,2026-06-08 19:52:00+00:00,>24h,11,10,10,False,0.852,-0.14800000000000002,6.718,3.5895,0.10999999999999999,0.0175,6.718,True,0.6819999999999999,1.022
highest-temperature-in-wuhan-on-june-10-2026,Wuhan,2026-06-10,clean,2026-06-08 04:46:00+00:00,>24h,11,10,10,False,1.148,0.1479999999999999,5.063,5.063,0.44999999999999996,0.11,4.873,True,0.526,1.77
highest-temperature-in-wuhan-on-june-10-2026,Wuhan,2026-06-10,clean,2026-06-08 04:45:00+00:00,>24h,11,10,10,False,1.148,0.1479999999999999,33.319,25.9065,0.44999999999999996,0.11,13.459,True,0.526,1.77
highest-temperature-in-sao-paulo-on-june-5-2026,Sao Paulo,2026-06-05,clean,2026-06-04 00:01:00+00:00,>24h,11,11,6,False,0.8520000000000001,-0.1479999999999999,5.204,4.2625,0.12000000000000001,0.10500000000000001,5.189,False,0.605,1.099
highest-temperature-in-wuhan-on-june-10-2026,Wuhan,2026-06-10,clean,2026-06-08 04:47:00+00:00,>24h,11,10,10,False,1.148,0.1479999999999999,65.063,38.1105,0.44999999999999996,0.11,64.32,True,0.526,1.77
highest-temperature-in-ankara-on-june-11-2026,Ankara,2026-06-11,degraded,2026-06-09 05:57:00+00:00,>24h,11,11,11,True,1.148,0.1479999999999999,55.015,22.891,0.12000000000000002,0.01999999999999999,49.342,False,0.929,1.367
highest-temperature-in-moscow-on-june-4-2026,Moscow,2026-06-04,clean,2026-06-04 03:39:00+00:00,6-24h,11,11,11,True,1.1475000000000002,0.1475000000000002,6484.016,3.775,0.12,0.011,6483.535,False,0.9279999999999999,1.367
highest-temperature-in-wuhan-on-june-10-2026,Wuhan,2026-06-10,clean,2026-06-09 09:41:00+00:00,>24h,11,10,10,False,0.8524999999999999,-0.14750000000000008,3642.726,6.359500000000001,0.04000000000000001,0.006999999999999999,3641.403,True,0.805,0.9
highest-temperature-in-amsterdam-on-june-8-2026,Amsterdam,2026-06-08,clean,2026-06-06 23:42:00+00:00,>24h,11,11,11,True,1.1475,0.14749999999999996,23.704,17.95,0.02999999999999997,0.005999999999999999,21.777,False,1.093,1.2020000000000002
highest-temperature-in-wuhan-on-june-10-2026,Wuhan,2026-06-10,clean,2026-06-08 19:48:00+00:00,>24h,11,10,10,False,0.8525,-0.14749999999999996,3.61,0.941,0.12,0.0175,2.738,True,0.6729999999999999,1.032
highest-temperature-in-wuhan-on-june-10-2026,Wuhan,2026-06-10,clean,2026-06-08 14:50:00+00:00,>24h,11,10,10,False,0.8525,-0.14749999999999996,1.416,1.376,0.09,0.010000000000000009,0.168,True,0.743,0.9620000000000001
highest-temperature-in-moscow-on-june-4-2026,Moscow,2026-06-04,clean,2026-06-04 00:21:00+00:00,6-24h,11,11,11,True,1.1475,0.14749999999999996,1.023,0.185,0.08000000000000002,0.006999999999999999,0.933,False,1.018,1.277
highest-temperature-in-taipei-on-june-8-2026,Taipei,2026-06-08,clean,2026-06-07 23:46:00+00:00,6-24h,11,11,11,True,1.1470000000000002,0.14700000000000024,2193.239,0.656,0.05000000000000002,0.012,2193.135,False,1.0499999999999998,1.244
highest-temperature-in-buenos-aires-on-june-8-2026,Buenos Aires,2026-06-08,clean,2026-06-07 01:35:00+00:00,>24h,11,10,10,False,1.1470000000000002,0.14700000000000024,90.404,5.1795,0.159,0.03600000000000002,89.989,True,0.8510000000000001,1.443
highest-temperature-in-wuhan-on-june-10-2026,Wuhan,2026-06-10,clean,2026-06-09 09:39:00+00:00,>24h,11,10,10,False,0.8529999999999999,-0.14700000000000013,3522.726,1.0075,0.08000000000000002,0.0075,3522.643,True,0.785,0.921
highest-temperature-in-amsterdam-on-june-8-2026,Amsterdam,2026-06-08,clean,2026-06-06 23:43:00+00:00,>24h,11,11,11,True,1.147,0.14700000000000002,33.853,13.212,0.02999999999999997,0.005999999999999999,31.835,False,1.093,1.201
highest-temperature-in-hong-kong-on-june-5-2026,Hong Kong,2026-06-05,clean,2026-06-05 07:28:00+00:00,1-6h,11,7,7,False,0.853,-0.14700000000000002,65094.267,12120.92,0.04999999999999993,0.001,65094.229,True,0.8160000000000001,0.89
highest-temperature-in-wuhan-on-june-10-2026,Wuhan,2026-06-10,clean,2026-06-09 09:42:00+00:00,>24h,11,10,10,False,0.853,-0.14700000000000002,3702.726,9.1375,0.04000000000000001,0.006999999999999999,3702.678,True,0.806,0.9
highest-temperature-in-wuhan-on-june-10-2026,Wuhan,2026-06-10,clean,2026-06-08 14:52:00+00:00,>24h,11,10,10,False,0.8530000000000001,-0.1469999999999999,24.358,3.8019999999999996,0.09,0.010000000000000009,21.512,True,0.744,0.9620000000000001
highest-temperature-in-wuhan-on-june-10-2026,Wuhan,2026-06-10,clean,2026-06-08 14:51:00+00:00,>24h,11,10,10,False,0.8530000000000001,-0.1469999999999999,18.426,4.6375,0.09,0.010000000000000009,17.539,True,0.744,0.9620000000000001
highest-temperature-in-ankara-on-june-11-2026,Ankara,2026-06-11,degraded,2026-06-09 06:05:00+00:00,>24h,11,11,11,True,1.1469999999999998,0.1469999999999998,4.071,0.785,0.13999999999999999,0.046,4.06,False,0.9000000000000001,1.394
highest-temperature-in-ankara-on-june-11-2026,Ankara,2026-06-11,degraded,2026-06-09 06:04:00+00:00,>24h,11,11,11,True,1.1469999999999998,0.1469999999999998,1.38,0.027,0.15,0.03,1.3780000000000001,False,0.9000000000000001,1.394
highest-temperature-in-manila-on-june-11-2026,Manila,2026-06-11,degraded,2026-06-10 04:34:00+00:00,>24h,11,11,11,True,0.8534999999999998,-0.14650000000000019,44.042,14.077,0.04999999999999999,0.006,41.771,False,0.77,0.9370000000000002
highest-temperature-in-hong-kong-on-june-5-2026,Hong Kong,2026-06-05,clean,2026-06-05 06:41:00+00:00,1-6h,11,7,7,False,0.8534999999999999,-0.14650000000000007,62274.267,9300.92,0.04999999999999993,0.001,62274.115,True,0.808,0.899
highest-temperature-in-wuhan-on-june-10-2026,Wuhan,2026-06-10,clean,2026-06-09 07:39:00+00:00,>24h,11,10,10,False,0.8534999999999999,-0.14650000000000007,12.244,6.038,0.04999999999999999,0.0065000000000000014,11.307,True,0.7810000000000001,0.9259999999999999
highest-temperature-in-wuhan-on-june-10-2026,Wuhan,2026-06-10,clean,2026-06-08 10:21:00+00:00,>24h,11,10,10,False,0.8534999999999999,-0.14650000000000007,38.074,20.301000000000002,0.11000000000000001,0.036000000000000004,30.162,True,0.669,1.038
highest-temperature-in-amsterdam-on-june-8-2026,Amsterdam,2026-06-08,clean,2026-06-06 23:38:00+00:00,>24h,11,11,11,True,1.1465,0.14650000000000007,6.521,5.778,0.03999999999999998,0.006999999999999999,2.7439999999999998,False,1.0739999999999998,1.219
highest-temperature-in-wuhan-on-june-10-2026,Wuhan,2026-06-10,clean,2026-06-09 07:36:00+00:00,>24h,11,10,10,False,0.8534999999999999,-0.14650000000000007,13.546,8.232,0.07,0.0065000000000000014,5.479,True,0.7510000000000001,0.956
highest-temperature-in-hong-kong-on-june-5-2026,Hong Kong,2026-06-05,clean,2026-06-05 06:28:00+00:00,1-6h,11,7,7,False,0.8535,-0.14649999999999996,61494.267,8520.92,0.05999999999999994,0.001,61494.225,True,0.8160000000000001,0.891
highest-temperature-in-wuhan-on-june-10-2026,Wuhan,2026-06-10,clean,2026-06-08 21:36:00+00:00,>24h,11,10,10,False,0.8535,-0.14649999999999996,11.055,5.84,0.10999999999999999,0.016,10.892,True,0.705,1.002
highest-temperature-in-mexico-city-on-june-6-2026,Mexico City,2026-06-06,degraded,2026-06-05 05:57:00+00:00,>24h,11,11,9,False,0.8535,-0.14649999999999996,16.321,5.778,0.11000000000000001,0.019999999999999997,15.498,False,0.7220000000000001,0.9850000000000001
highest-temperature-in-wuhan-on-june-10-2026,Wuhan,2026-06-10,clean,2026-06-08 21:37:00+00:00,>24h,11,10,10,False,0.8535,-0.14649999999999996,3.325,0.039,0.10999999999999999,0.016,3.286,True,0.705,1.002
highest-temperature-in-wuhan-on-june-10-2026,Wuhan,2026-06-10,clean,2026-06-08 10:20:00+00:00,>24h,11,10,10,False,0.8539999999999999,-0.14600000000000013,28.954,18.7875,0.11000000000000001,0.044500000000000005,28.838,True,0.656,1.052
highest-temperature-in-manila-on-june-11-2026,Manila,2026-06-11,degraded,2026-06-11 02:47:00+00:00,6-24h,11,11,11,True,1.1460000000000001,0.14600000000000013,38702.386,5.522,0.1,0.001,38702.384,False,1.0619999999999998,1.23
highest-temperature-in-wuhan-on-june-10-2026,Wuhan,2026-06-10,clean,2026-06-08 22:00:00+00:00,>24h,11,10,10,False,0.854,-0.14600000000000002,47.001,11.4665,0.09999999999999998,0.015500000000000002,46.968,True,0.726,0.9820000000000001
highest-temperature-in-karachi-on-june-11-2026,Karachi,2026-06-11,degraded,2026-06-10 17:33:00+00:00,6-24h,11,11,11,True,0.854,-0.14600000000000002,121309.477,0.049,0.08000000000000002,0.026000000000000002,121309.446,False,0.6920000000000001,1.016
highest-temperature-in-wuhan-on-june-10-2026,Wuhan,2026-06-10,clean,2026-06-08 21:35:00+00:00,>24h,11,10,10,False,0.8540000000000001,-0.1459999999999999,27.835,16.4005,0.10999999999999999,0.015500000000000002,27.818,True,0.706,1.002
highest-temperature-in-wuhan-on-june-10-2026,Wuhan,2026-06-10,clean,2026-06-08 21:31:00+00:00,>24h,11,10,10,False,0.8540000000000001,-0.1459999999999999,1.775,0.7295,0.10999999999999999,0.015500000000000002,1.089,True,0.706,1.002
highest-temperature-in-wuhan-on-june-10-2026,Wuhan,2026-06-10,clean,2026-06-08 22:02:00+00:00,>24h,11,10,10,False,0.8540000000000001,-0.1459999999999999,2.127,1.5430000000000001,0.08999999999999997,0.015500000000000002,1.03,True,0.7160000000000001,0.9920000000000001
highest-temperature-in-wuhan-on-june-10-2026,Wuhan,2026-06-10,clean,2026-06-08 21:34:00+00:00,>24h,11,10,10,False,0.8540000000000001,-0.1459999999999999,30.052,8.152000000000001,0.10999999999999999,0.015500000000000002,29.951,True,0.706,1.002
highest-temperature-in-wuhan-on-june-10-2026,Wuhan,2026-06-10,clean,2026-06-08 21:33:00+00:00,>24h,11,10,10,False,0.8540000000000001,-0.1459999999999999,27.204,2.173,0.10999999999999999,0.015500000000000002,26.95,True,0.706,1.002
highest-temperature-in-wuhan-on-june-10-2026,Wuhan,2026-06-10,clean,2026-06-08 21:32:00+00:00,>24h,11,10,10,False,0.8540000000000001,-0.1459999999999999,7.742,0.7284999999999999,0.10999999999999999,0.015500000000000002,7.603,True,0.706,1.002
highest-temperature-in-ankara-on-june-11-2026,Ankara,2026-06-11,degraded,2026-06-09 06:22:00+00:00,>24h,11,11,11,True,1.1459999999999997,0.14599999999999969,1.812,0.003,0.12999999999999998,0.046,1.8090000000000002,False,0.8920000000000001,1.4000000000000001
highest-temperature-in-amsterdam-on-june-8-2026,Amsterdam,2026-06-08,clean,2026-06-06 23:32:00+00:00,>24h,11,11,11,True,1.1455000000000002,0.14550000000000018,1.483,1.478,0.03999999999999998,0.006999999999999999,0.046,False,1.0739999999999998,1.217
highest-temperature-in-amsterdam-on-june-8-2026,Amsterdam,2026-06-08,clean,2026-06-06 23:36:00+00:00,>24h,11,11,11,True,1.1455000000000002,0.14550000000000018,56.942,6.869,0.03,0.006999999999999999,55.95,False,1.0839999999999999,1.207
highest-temperature-in-amsterdam-on-june-8-2026,Amsterdam,2026-06-08,clean,2026-06-06 23:33:00+00:00,>24h,11,11,11,True,1.1455000000000002,0.14550000000000018,15.334,15.006,0.03999999999999998,0.006999999999999999,13.03,False,1.0739999999999998,1.217
highest-temperature-in-shenzhen-on-june-9-2026,Shenzhen,2026-06-09,clean,2026-06-07 07:18:00+00:00,>24h,11,11,11,True,1.1455,0.14549999999999996,36.13,29.407,0.08000000000000002,0.019999999999999962,24.557,False,0.986,1.3050000000000002
highest-temperature-in-shenzhen-on-june-9-2026,Shenzhen,2026-06-09,clean,2026-06-09 11:53:00+00:00,<1h,11,11,11,True,0.8549999999999998,-0.14500000000000024,145864.297,12352.914,0.378,0.001,145864.22,False,0.631,1.0789999999999997
highest-temperature-in-wuhan-on-june-10-2026,Wuhan,2026-06-10,clean,2026-06-09 05:11:00+00:00,>24h,11,10,10,False,0.8549999999999999,-0.14500000000000013,2.516,1.3385,0.04999999999999999,0.005500000000000001,1.448,True,0.795,0.915
highest-temperature-in-wuhan-on-june-10-2026,Wuhan,2026-06-10,clean,2026-06-08 10:26:00+00:00,>24h,11,10,10,False,0.855,-0.14500000000000002,15.009,6.273,0.11000000000000001,0.04,14.223,True,0.662,1.048
highest-temperature-in-kuala-lumpur-on-june-5-2026,Kuala Lumpur,2026-06-05,clean,2026-06-05 07:56:00+00:00,1-6h,11,11,11,True,1.1449999999999996,0.14499999999999957,76929.429,11358.25,0.37000000000000005,0.003,76928.75,False,0.845,1.445
highest-temperature-in-wuhan-on-june-10-2026,Wuhan,2026-06-10,clean,2026-06-09 07:49:00+00:00,>24h,11,10,10,False,0.8554999999999998,-0.14450000000000018,7.544,2.8425000000000002,0.03,0.006500000000000001,5.813,True,0.8010000000000002,0.91
highest-temperature-in-wuhan-on-june-10-2026,Wuhan,2026-06-10,clean,2026-06-09 11:06:00+00:00,>24h,11,10,10,False,0.8554999999999999,-0.14450000000000007,8742.726,10.4125,0.04999999999999999,0.0055,8741.427,True,0.793,0.918
highest-temperature-in-moscow-on-june-4-2026,Moscow,2026-06-04,clean,2026-06-04 03:40:00+00:00,6-24h,11,11,11,True,1.1445,0.14450000000000007,6544.016,0.279,0.15000000000000002,0.011,6543.913,False,0.9179999999999999,1.371
highest-temperature-in-wuhan-on-june-10-2026,Wuhan,2026-06-10,clean,2026-06-09 10:27:00+00:00,>24h,11,10,10,False,0.8554999999999999,-0.14450000000000007,6402.726,1.0819999999999999,0.04000000000000001,0.005,6402.0,True,0.802,0.909
highest-temperature-in-wuhan-on-june-10-2026,Wuhan,2026-06-10,clean,2026-06-09 10:34:00+00:00,>24h,11,10,10,False,0.8554999999999999,-0.14450000000000007,6822.726,6.0775,0.03,0.0055,6821.82,True,0.802,0.909
highest-temperature-in-amsterdam-on-june-8-2026,Amsterdam,2026-06-08,clean,2026-06-06 23:37:00+00:00,>24h,11,11,11,True,1.1445,0.14450000000000007,6.556,6.496,0.03,0.006999999999999999,5.018,False,1.0839999999999999,1.205
highest-temperature-in-wuhan-on-june-10-2026,Wuhan,2026-06-10,clean,2026-06-09 11:04:00+00:00,>24h,11,10,10,False,0.8554999999999999,-0.14450000000000007,8622.726,7.8625,0.04999999999999999,0.0055,8619.014,True,0.793,0.918
highest-temperature-in-wuhan-on-june-10-2026,Wuhan,2026-06-10,clean,2026-06-09 07:30:00+00:00,>24h,11,10,10,False,0.8555,-0.14449999999999996,26.337,8.6025,0.10000000000000003,0.007500000000000001,25.292,True,0.7410000000000001,0.97
highest-temperature-in-kuala-lumpur-on-june-5-2026,Kuala Lumpur,2026-06-05,clean,2026-06-05 07:55:00+00:00,1-6h,11,11,11,True,1.1444999999999996,0.14449999999999963,76869.429,11298.25,0.37000000000000005,0.003,76869.423,False,0.844,1.445
highest-temperature-in-manila-on-june-11-2026,Manila,2026-06-11,degraded,2026-06-11 02:55:00+00:00,6-24h,11,11,11,True,1.1440000000000001,0.14400000000000013,39182.386,4.403,0.07999999999999999,0.001,39182.377,False,1.0729999999999997,1.2149999999999999
highest-temperature-in-shenzhen-on-june-9-2026,Shenzhen,2026-06-09,clean,2026-06-07 06:33:00+00:00,>24h,11,11,11,True,1.1440000000000001,0.14400000000000013,34.979,34.864,0.22999999999999998,0.068,25.208,False,0.633,1.655
highest-temperature-in-wuhan-on-june-10-2026,Wuhan,2026-06-10,clean,2026-06-09 05:16:00+00:00,>24h,11,10,10,False,0.8559999999999999,-0.14400000000000013,0.06,0.059,0.08000000000000002,0.007000000000000001,0.04,True,0.774,0.9380000000000001
highest-temperature-in-wuhan-on-june-10-2026,Wuhan,2026-06-10,clean,2026-06-09 05:34:00+00:00,>24h,11,10,10,False,0.8559999999999999,-0.14400000000000013,1.815,0.077,0.11999999999999997,0.006999999999999999,1.7690000000000001,True,0.7540000000000001,0.958
highest-temperature-in-wuhan-on-june-10-2026,Wuhan,2026-06-10,clean,2026-06-09 07:47:00+00:00,>24h,11,10,10,False,0.8559999999999999,-0.14400000000000013,16.16,4.6955,0.03,0.006500000000000001,14.87,True,0.8010000000000002,0.911
highest-temperature-in-manila-on-june-11-2026,Manila,2026-06-11,degraded,2026-06-11 02:56:00+00:00,6-24h,11,11,11,True,1.1440000000000001,0.14400000000000013,39242.386,12.107,0.07999999999999999,0.001,39239.867,False,1.0729999999999997,1.2149999999999999
highest-temperature-in-kuala-lumpur-on-june-5-2026,Kuala Lumpur,2026-06-05,clean,2026-06-05 07:00:00+00:00,1-6h,11,11,11,True,1.1440000000000001,0.14400000000000013,73569.429,7998.25,0.25,0.003,73569.417,False,0.7899999999999999,1.498
highest-temperature-in-manila-on-june-11-2026,Manila,2026-06-11,degraded,2026-06-11 02:51:00+00:00,6-24h,11,11,11,True,1.1440000000000001,0.14400000000000013,38942.386,21.745,0.06999999999999998,0.001,38930.864,False,1.0729999999999997,1.2149999999999999
highest-temperature-in-manila-on-june-11-2026,Manila,2026-06-11,degraded,2026-06-11 02:54:00+00:00,6-24h,11,11,11,True,1.1440000000000001,0.14400000000000013,39122.386,13.5,0.07999999999999999,0.001,39118.046,False,1.0729999999999997,1.2149999999999999
highest-temperature-in-wuhan-on-june-10-2026,Wuhan,2026-06-10,clean,2026-06-09 02:23:00+00:00,>24h,11,10,10,False,0.856,-0.14400000000000002,30.135,11.723,0.06,0.006500000000000001,29.393,True,0.7750000000000001,0.937
highest-temperature-in-wuhan-on-june-10-2026,Wuhan,2026-06-10,clean,2026-06-09 02:22:00+00:00,>24h,11,10,10,False,0.856,-0.14400000000000002,30.345,9.643,0.06,0.006500000000000001,30.006,True,0.7750000000000001,0.937
highest-temperature-in-wuhan-on-june-10-2026,Wuhan,2026-06-10,clean,2026-06-09 02:24:00+00:00,>24h,11,10,10,False,0.856,-0.14400000000000002,90.135,69.306,0.06,0.006500000000000001,34.674,True,0.7750000000000001,0.937
highest-temperature-in-wuhan-on-june-10-2026,Wuhan,2026-06-10,clean,2026-06-09 02:27:00+00:00,>24h,11,10,10,False,0.856,-0.14400000000000002,270.135,249.30599999999998,0.06,0.006500000000000001,34.674,True,0.7750000000000001,0.937
highest-temperature-in-wuhan-on-june-10-2026,Wuhan,2026-06-10,clean,2026-06-08 20:00:00+00:00,>24h,11,10,10,False,0.856,-0.14400000000000002,9.825,7.7945,0.09999999999999998,0.018500000000000003,9.713,True,0.7,1.012
highest-temperature-in-wuhan-on-june-10-2026,Wuhan,2026-06-10,clean,2026-06-09 02:25:00+00:00,>24h,11,10,10,False,0.856,-0.14400000000000002,150.135,129.30599999999998,0.06,0.006500000000000001,34.674,True,0.7750000000000001,0.937
highest-temperature-in-wuhan-on-june-10-2026,Wuhan,2026-06-10,clean,2026-06-09 02:26:00+00:00,>24h,11,10,10,False,0.856,-0.14400000000000002,210.135,189.30599999999998,0.06,0.006500000000000001,34.674,True,0.7750000000000001,0.937
highest-temperature-in-wuhan-on-june-10-2026,Wuhan,2026-06-10,clean,2026-06-08 21:49:00+00:00,>24h,11,10,10,False,0.856,-0.14400000000000002,1.839,1.815,0.09999999999999998,0.018500000000000003,0.909,True,0.7,1.012
highest-temperature-in-wuhan-on-june-10-2026,Wuhan,2026-06-10,clean,2026-06-08 22:44:00+00:00,>24h,11,10,10,False,0.8560000000000001,-0.1439999999999999,5.841,4.0655,0.12000000000000002,0.018500000000000003,3.782,True,0.69,1.0220000000000002
highest-temperature-in-wuhan-on-june-10-2026,Wuhan,2026-06-10,clean,2026-06-08 22:45:00+00:00,>24h,11,10,10,False,0.8560000000000001,-0.1439999999999999,11.272,2.1365,0.12000000000000002,0.018500000000000003,10.344,True,0.69,1.0220000000000002
highest-temperature-in-wuhan-on-june-10-2026,Wuhan,2026-06-10,clean,2026-06-08 22:43:00+00:00,>24h,11,10,10,False,0.8560000000000001,-0.1439999999999999,21.693,12.181000000000001,0.12000000000000002,0.018500000000000003,17.596,True,0.69,1.0220000000000002
highest-temperature-in-wuhan-on-june-10-2026,Wuhan,2026-06-10,clean,2026-06-08 22:42:00+00:00,>24h,11,10,10,False,0.8560000000000001,-0.1439999999999999,17.293,0.2965,0.12999999999999998,0.018500000000000003,17.05,True,0.68,1.032
highest-temperature-in-wuhan-on-june-10-2026,Wuhan,2026-06-10,clean,2026-06-09 05:10:00+00:00,>24h,11,10,10,False,0.8564999999999998,-0.14350000000000018,11.638,7.01,0.04999999999999999,0.006500000000000001,5.712,True,0.795,0.918
highest-temperature-in-taipei-on-june-8-2026,Taipei,2026-06-08,clean,2026-06-07 23:38:00+00:00,6-24h,11,11,11,True,1.1435000000000002,0.14350000000000018,1713.239,1.16,0.03999999999999998,0.012,1713.201,False,1.0599999999999996,1.227
highest-temperature-in-wuhan-on-june-10-2026,Wuhan,2026-06-10,clean,2026-06-09 11:05:00+00:00,>24h,11,10,10,False,0.8564999999999999,-0.14350000000000007,8682.726,11.547,0.04999999999999999,0.006500000000000001,8682.539,True,0.793,0.92
highest-temperature-in-wuhan-on-june-10-2026,Wuhan,2026-06-10,clean,2026-06-09 01:57:00+00:00,>24h,11,10,10,False,0.8564999999999999,-0.14350000000000007,41.058,1.947,0.06,0.0075000000000000015,39.313,True,0.784,0.929
highest-temperature-in-wuhan-on-june-10-2026,Wuhan,2026-06-10,clean,2026-06-08 10:27:00+00:00,>24h,11,10,10,False,0.8564999999999999,-0.14350000000000007,0.394,0.3755,0.12,0.042499999999999996,0.34,True,0.635,1.0780000000000003
highest-temperature-in-shenzhen-on-june-9-2026,Shenzhen,2026-06-09,clean,2026-06-07 06:19:00+00:00,>24h,11,11,11,True,1.1435,0.14349999999999996,176.829,159.721,0.21999999999999997,0.068,158.046,False,0.672,1.615
highest-temperature-in-shenzhen-on-june-9-2026,Shenzhen,2026-06-09,clean,2026-06-07 06:17:00+00:00,>24h,11,11,11,True,1.1435,0.14349999999999996,56.829,56.355,0.21999999999999997,0.068,27.133,False,0.672,1.615
highest-temperature-in-qingdao-on-june-10-2026,Qingdao,2026-06-10,clean,2026-06-10 03:03:00+00:00,6-24h,11,10,10,False,1.1435,0.14349999999999996,7556.035,8.8215,0.18899999999999997,0.0025,7554.807,True,0.9040000000000001,1.3829999999999998
highest-temperature-in-wuhan-on-june-10-2026,Wuhan,2026-06-10,clean,2026-06-08 20:51:00+00:00,>24h,11,10,10,False,0.8565,-0.14349999999999996,1.987,0.7605,0.10999999999999999,0.018000000000000002,1.296,True,0.6709999999999999,1.0419999999999998
highest-temperature-in-wuhan-on-june-10-2026,Wuhan,2026-06-10,clean,2026-06-08 14:57:00+00:00,>24h,11,10,10,False,0.8565,-0.14349999999999996,266.166,247.26749999999998,0.07,0.010000000000000009,264.819,True,0.764,0.9490000000000002
highest-temperature-in-wuhan-on-june-10-2026,Wuhan,2026-06-10,clean,2026-06-08 14:20:00+00:00,>24h,11,10,10,False,0.8565,-0.14349999999999996,2.423,0.9005000000000001,0.04000000000000001,0.013000000000000005,1.575,True,0.772,0.9410000000000002
highest-temperature-in-wuhan-on-june-10-2026,Wuhan,2026-06-10,clean,2026-06-08 10:24:00+00:00,>24h,11,10,10,False,0.8565,-0.14349999999999996,156.313,20.2945,0.11000000000000001,0.044000000000000004,155.729,True,0.658,1.0550000000000002
highest-temperature-in-shenzhen-on-june-9-2026,Shenzhen,2026-06-09,clean,2026-06-07 06:18:00+00:00,>24h,11,11,11,True,1.1435,0.14349999999999996,116.829,109.706,0.21999999999999997,0.068,114.645,False,0.672,1.615
highest-temperature-in-shenzhen-on-june-9-2026,Shenzhen,2026-06-09,clean,2026-06-07 06:20:00+00:00,>24h,11,11,11,True,1.1435,0.14349999999999996,236.829,209.696,0.21999999999999997,0.068,220.345,False,0.672,1.615
highest-temperature-in-ankara-on-june-11-2026,Ankara,2026-06-11,degraded,2026-06-09 06:00:00+00:00,>24h,11,11,11,True,1.1434999999999997,0.14349999999999974,13.353,5.376,0.13999999999999999,0.01999999999999999,13.349,False,0.9000000000000001,1.387
highest-temperature-in-wuhan-on-june-10-2026,Wuhan,2026-06-10,clean,2026-06-09 03:38:00+00:00,>24h,11,10,10,False,0.8569999999999998,-0.14300000000000024,0.361,0.008,0.04000000000000001,0.006999999999999999,0.36,True,0.796,0.9180000000000001
highest-temperature-in-wuhan-on-june-10-2026,Wuhan,2026-06-10,clean,2026-06-09 07:48:00+00:00,>24h,11,10,10,False,0.8569999999999999,-0.14300000000000013,15.316,1.6285,0.03,0.0065000000000000014,15.004,True,0.8010000000000002,0.913
highest-temperature-in-wuhan-on-june-10-2026,Wuhan,2026-06-10,clean,2026-06-09 02:20:00+00:00,>24h,11,10,10,False,0.857,-0.14300000000000002,12.796,8.216999999999999,0.06,0.0075000000000000015,11.789,True,0.7750000000000001,0.9390000000000001
highest-temperature-in-wuhan-on-june-10-2026,Wuhan,2026-06-10,clean,2026-06-09 02:21:00+00:00,>24h,11,10,10,False,0.857,-0.14300000000000002,6.41,5.3,0.06,0.0075000000000000015,5.679,True,0.7750000000000001,0.9390000000000001
highest-temperature-in-wuhan-on-june-10-2026,Wuhan,2026-06-10,clean,2026-06-09 08:44:00+00:00,>24h,11,10,10,False,0.857,-0.14300000000000002,222.726,0.7085,0.07999999999999999,0.008999999999999977,222.571,True,0.7790000000000001,0.935
highest-temperature-in-wuhan-on-june-10-2026,Wuhan,2026-06-10,clean,2026-06-08 22:24:00+00:00,>24h,11,10,10,False,0.857,-0.14300000000000002,11.245,10.972999999999999,0.10999999999999999,0.013500000000000005,5.842,True,0.732,0.982
highest-temperature-in-mexico-city-on-june-6-2026,Mexico City,2026-06-06,degraded,2026-06-05 05:56:00+00:00,>24h,11,11,9,False,0.857,-0.14300000000000002,12.134,11.172,0.11999999999999997,0.019999999999999997,11.737,False,0.7190000000000001,0.9950000000000001
highest-temperature-in-wuhan-on-june-10-2026,Wuhan,2026-06-10,clean,2026-06-09 02:19:00+00:00,>24h,11,10,10,False,0.857,-0.14300000000000002,28.481,9.2675,0.06,0.0075000000000000015,27.034,True,0.7750000000000001,0.9390000000000001
highest-temperature-in-hong-kong-on-june-5-2026,Hong Kong,2026-06-05,clean,2026-06-05 06:50:00+00:00,1-6h,11,7,7,False,0.8570000000000001,-0.1429999999999999,62814.267,9840.92,0.039999999999999925,0.001,62813.998,True,0.8170000000000001,0.897
highest-temperature-in-mexico-city-on-june-6-2026,Mexico City,2026-06-06,degraded,2026-06-05 04:45:00+00:00,>24h,11,11,9,False,0.8570000000000001,-0.1429999999999999,32.098,4.571,0.10999999999999999,0.039999999999999994,30.259,False,0.632,1.082
highest-temperature-in-wuhan-on-june-10-2026,Wuhan,2026-06-10,clean,2026-06-08 19:54:00+00:00,>24h,11,10,10,False,0.8570000000000001,-0.1429999999999999,15.148,1.6035,0.11000000000000001,0.0175,14.818999999999999,True,0.6819999999999999,1.032
highest-temperature-in-amsterdam-on-june-8-2026,Amsterdam,2026-06-08,clean,2026-06-08 11:50:00+00:00,<1h,11,11,11,True,1.1425000000000003,0.1425000000000003,68374.763,7.983,0.24700000000000003,0.002,68374.745,False,0.948,1.337
highest-temperature-in-manila-on-june-11-2026,Manila,2026-06-11,degraded,2026-06-11 02:49:00+00:00,6-24h,11,11,11,True,1.1425,0.14250000000000007,38822.386,4.225,0.06999999999999998,0.001,38820.654,False,1.0729999999999997,1.212
highest-temperature-in-wuhan-on-june-10-2026,Wuhan,2026-06-10,clean,2026-06-09 10:33:00+00:00,>24h,11,10,10,False,0.8574999999999999,-0.14250000000000007,6762.726,2.11,0.03,0.006500000000000001,6760.728,True,0.803,0.912
highest-temperature-in-wuhan-on-june-10-2026,Wuhan,2026-06-10,clean,2026-06-09 09:40:00+00:00,>24h,11,10,10,False,0.8574999999999999,-0.14250000000000007,3582.726,2.196,0.05000000000000002,0.006999999999999999,3582.627,True,0.805,0.91
highest-temperature-in-qingdao-on-june-10-2026,Qingdao,2026-06-10,clean,2026-06-10 03:00:00+00:00,6-24h,11,10,10,False,1.1425,0.14250000000000007,7376.035,1.569,0.08000000000000002,0.0275,7375.938,True,0.9570000000000001,1.328
highest-temperature-in-amsterdam-on-june-8-2026,Amsterdam,2026-06-08,clean,2026-06-06 23:40:00+00:00,>24h,11,11,11,True,1.1425,0.14250000000000007,47.877,17.453,0.03,0.006999999999999999,47.849,False,1.0789999999999997,1.2060000000000002
highest-temperature-in-wuhan-on-june-10-2026,Wuhan,2026-06-10,clean,2026-06-08 14:55:00+00:00,>24h,11,10,10,False,0.8575,-0.14249999999999996,146.166,144.416,0.07,0.010000000000000009,18.975,True,0.764,0.9510000000000002
highest-temperature-in-wuhan-on-june-10-2026,Wuhan,2026-06-10,clean,2026-06-08 22:25:00+00:00,>24h,11,10,10,False,0.8575,-0.14249999999999996,14.579,9.015,0.10999999999999999,0.013000000000000005,14.022,True,0.733,0.982
highest-temperature-in-wuhan-on-june-10-2026,Wuhan,2026-06-10,clean,2026-06-08 14:56:00+00:00,>24h,11,10,10,False,0.8575,-0.14249999999999996,206.166,204.416,0.07,0.010000000000000009,18.975,True,0.764,0.9510000000000002
highest-temperature-in-wuhan-on-june-10-2026,Wuhan,2026-06-10,clean,2026-06-08 14:53:00+00:00,>24h,11,10,10,False,0.8575,-0.14249999999999996,26.166,24.415999999999997,0.07,0.010000000000000009,18.975,True,0.764,0.9510000000000002
highest-temperature-in-wuhan-on-june-10-2026,Wuhan,2026-06-10,clean,2026-06-08 14:54:00+00:00,>24h,11,10,10,False,0.8575,-0.14249999999999996,86.166,84.416,0.07,0.010000000000000009,18.975,True,0.764,0.9510000000000002
highest-temperature-in-hong-kong-on-june-5-2026,Hong Kong,2026-06-05,clean,2026-06-05 06:46:00+00:00,1-6h,11,7,7,False,0.8575,-0.14249999999999996,62574.267,9600.92,0.039999999999999925,0.001,62573.656,True,0.8170000000000001,0.898
highest-temperature-in-wuhan-on-june-10-2026,Wuhan,2026-06-10,clean,2026-06-09 10:32:00+00:00,>24h,11,10,10,False,0.8579999999999999,-0.14200000000000013,6702.726,2.6285,0.03,0.006999999999999999,6701.843,True,0.803,0.913
highest-temperature-in-wuhan-on-june-10-2026,Wuhan,2026-06-10,clean,2026-06-09 10:31:00+00:00,>24h,11,10,10,False,0.8579999999999999,-0.14200000000000013,6642.726,6.293,0.03,0.006999999999999999,6641.84,True,0.803,0.913
highest-temperature-in-wuhan-on-june-10-2026,Wuhan,2026-06-10,clean,2026-06-09 10:30:00+00:00,>24h,11,10,10,False,0.8579999999999999,-0.14200000000000013,6582.726,2.0805,0.03,0.006999999999999999,6582.03,True,0.803,0.913
highest-temperature-in-wuhan-on-june-10-2026,Wuhan,2026-06-10,clean,2026-06-09 08:10:00+00:00,>24h,11,10,10,False,0.8579999999999999,-0.14200000000000013,2.569,2.2190000000000003,0.03999999999999998,0.008999999999999998,0.366,True,0.792,0.924
highest-temperature-in-ankara-on-june-11-2026,Ankara,2026-06-11,degraded,2026-06-09 05:35:00+00:00,>24h,11,11,11,True,1.1420000000000001,0.14200000000000013,8.199,8.178,0.22,0.13,0.75,False,0.587,1.6969999999999998
highest-temperature-in-wuhan-on-june-10-2026,Wuhan,2026-06-10,clean,2026-06-09 09:43:00+00:00,>24h,11,10,10,False,0.858,-0.14200000000000002,3762.726,9.732,0.03,0.006999999999999999,3759.119,True,0.8160000000000001,0.9
highest-temperature-in-wuhan-on-june-10-2026,Wuhan,2026-06-10,clean,2026-06-09 09:44:00+00:00,>24h,11,10,10,False,0.858,-0.14200000000000002,3822.726,1.803,0.03,0.005999999999999999,3820.983,True,0.8180000000000001,0.898
highest-temperature-in-mexico-city-on-june-6-2026,Mexico City,2026-06-06,degraded,2026-06-05 04:46:00+00:00,>24h,11,11,9,False,0.8580000000000001,-0.1419999999999999,53.98,3.903,0.10999999999999999,0.039999999999999994,53.864,False,0.634,1.082
highest-temperature-in-ankara-on-june-11-2026,Ankara,2026-06-11,degraded,2026-06-09 06:21:00+00:00,>24h,11,11,11,True,1.1419999999999997,0.14199999999999968,6.885,5.723,0.12000000000000002,0.046,4.53,False,0.8920000000000001,1.392
highest-temperature-in-kuala-lumpur-on-june-5-2026,Kuala Lumpur,2026-06-05,clean,2026-06-05 07:57:00+00:00,1-6h,11,11,11,True,1.1419999999999995,0.14199999999999946,76989.429,11418.25,0.37000000000000005,0.003,76988.917,False,0.845,1.439
highest-temperature-in-manila-on-june-11-2026,Manila,2026-06-11,degraded,2026-06-10 04:35:00+00:00,>24h,11,11,11,True,0.8584999999999999,-0.14150000000000007,51.168,7.004,0.04999999999999999,0.006,49.326,False,0.78,0.9370000000000002
highest-temperature-in-wuhan-on-june-10-2026,Wuhan,2026-06-10,clean,2026-06-09 09:45:00+00:00,>24h,11,10,10,False,0.8584999999999999,-0.14150000000000007,3882.726,7.004,0.03,0.0055,3879.476,True,0.8190000000000001,0.898
highest-temperature-in-wuhan-on-june-10-2026,Wuhan,2026-06-10,clean,2026-06-09 09:47:00+00:00,>24h,11,10,10,False,0.8584999999999999,-0.14150000000000007,4002.726,7.2010000000000005,0.03,0.0055,4001.564,True,0.8190000000000001,0.898
highest-temperature-in-hong-kong-on-june-5-2026,Hong Kong,2026-06-05,clean,2026-06-05 06:22:00+00:00,1-6h,11,7,7,False,0.8584999999999999,-0.14150000000000007,61134.267,8160.92,0.04999999999999993,0.001,61133.124,True,0.8160000000000001,0.901
highest-temperature-in-wuhan-on-june-10-2026,Wuhan,2026-06-10,clean,2026-06-09 09:46:00+00:00,>24h,11,10,10,False,0.8584999999999999,-0.14150000000000007,3942.726,7.814,0.03,0.0055,3939.263,True,0.8190000000000001,0.898
highest-temperature-in-wuhan-on-june-10-2026,Wuhan,2026-06-10,clean,2026-06-08 10:00:00+00:00,>24h,11,10,10,False,0.8585,-0.14149999999999996,27.322,0.947,0.07999999999999999,0.039999999999999994,27.318,True,0.6910000000000001,1.026
highest-temperature-in-wuhan-on-june-10-2026,Wuhan,2026-06-10,clean,2026-06-09 07:34:00+00:00,>24h,11,10,10,False,0.8589999999999999,-0.14100000000000013,8.751,6.906499999999999,0.06,0.006000000000000002,7.375,True,0.7610000000000001,0.957
highest-temperature-in-taipei-on-june-8-2026,Taipei,2026-06-08,clean,2026-06-08 03:39:00+00:00,6-24h,11,11,11,True,0.8589999999999999,-0.14100000000000013,16173.239,2341.547,0.375,0.002,16173.193,False,0.636,1.0819999999999999
highest-temperature-in-manila-on-june-11-2026,Manila,2026-06-11,degraded,2026-06-10 04:36:00+00:00,>24h,11,11,11,True,0.859,-0.14100000000000001,44.083,5.131,0.04999999999999999,0.006,42.706,False,0.78,0.9380000000000002
highest-temperature-in-buenos-aires-on-june-8-2026,Buenos Aires,2026-06-08,clean,2026-06-07 01:34:00+00:00,>24h,11,10,10,False,1.141,0.14100000000000001,30.404,4.3315,0.16999999999999998,0.0465,28.183,True,0.819,1.463
highest-temperature-in-manila-on-june-11-2026,Manila,2026-06-11,degraded,2026-06-10 04:03:00+00:00,>24h,11,11,11,True,0.859,-0.14100000000000001,18.983,5.718,0.04999999999999999,0.007000000000000001,18.131,False,0.781,0.9370000000000002
highest-temperature-in-wuhan-on-june-10-2026,Wuhan,2026-06-10,clean,2026-06-08 22:01:00+00:00,>24h,11,10,10,False,0.8590000000000001,-0.1409999999999999,4.05,3.951,0.08999999999999997,0.015500000000000002,3.918,True,0.736,0.9820000000000001
highest-temperature-in-kuala-lumpur-on-june-5-2026,Kuala Lumpur,2026-06-05,clean,2026-06-05 06:59:00+00:00,1-6h,11,11,11,True,1.1405,0.14050000000000007,73509.429,7938.25,0.31999999999999995,0.003,73509.343,False,0.713,1.5679999999999998
highest-temperature-in-wuhan-on-june-10-2026,Wuhan,2026-06-10,clean,2026-06-08 10:22:00+00:00,>24h,11,10,10,False,0.8594999999999999,-0.14050000000000007,36.313,15.7765,0.11000000000000001,0.036000000000000004,35.776,True,0.671,1.048
highest-temperature-in-beijing-on-june-8-2026,Beijing,2026-06-08,clean,2026-06-08 03:47:00+00:00,6-24h,11,11,11,True,1.1405,0.14050000000000007,12502.161,0.776,0.15699999999999997,0.009999999999999998,12502.156,False,0.908,1.3729999999999996
highest-temperature-in-wuhan-on-june-10-2026,Wuhan,2026-06-10,clean,2026-06-09 11:12:00+00:00,>24h,11,10,10,False,0.8594999999999999,-0.14050000000000007,9102.726,4.843,0.03,0.0055,9098.757,True,0.8130000000000001,0.906
highest-temperature-in-shenzhen-on-june-9-2026,Shenzhen,2026-06-09,clean,2026-06-07 07:11:00+00:00,>24h,11,11,11,True,1.1405,0.14050000000000007,13.434,13.339,0.07999999999999999,0.010000000000000009,3.708,False,0.9860000000000001,1.295
highest-temperature-in-wuhan-on-june-10-2026,Wuhan,2026-06-10,clean,2026-06-09 08:27:00+00:00,>24h,11,10,10,False,0.8595,-0.14049999999999996,1.751,1.0070000000000001,0.09,0.007,1.169,True,0.7790000000000001,0.94
highest-temperature-in-wuhan-on-june-10-2026,Wuhan,2026-06-10,clean,2026-06-08 10:32:00+00:00,>24h,11,10,10,False,0.8595,-0.14049999999999996,15.697,7.386,0.09000000000000002,0.0475,15.686,True,0.658,1.0610000000000002
highest-temperature-in-amsterdam-on-june-8-2026,Amsterdam,2026-06-08,clean,2026-06-06 23:28:00+00:00,>24h,11,11,11,True,1.1400000000000003,0.14000000000000035,5.685,3.529,0.03999999999999998,0.006999999999999999,3.368,False,1.0739999999999998,1.206
highest-temperature-in-wuhan-on-june-10-2026,Wuhan,2026-06-10,clean,2026-06-09 05:13:00+00:00,>24h,11,10,10,False,0.8599999999999999,-0.14000000000000012,0.396,0.374,0.05000000000000002,0.005500000000000001,0.395,True,0.795,0.925
highest-temperature-in-wuhan-on-june-10-2026,Wuhan,2026-06-10,clean,2026-06-09 02:44:00+00:00,>24h,11,10,10,False,0.8599999999999999,-0.14000000000000012,19.47,13.3135,0.06,0.007000000000000001,17.531,True,0.783,0.937
highest-temperature-in-wuhan-on-june-10-2026,Wuhan,2026-06-10,clean,2026-06-09 02:43:00+00:00,>24h,11,10,10,False,0.8599999999999999,-0.14000000000000012,8.696,3.945,0.06,0.007000000000000001,5.941,True,0.783,0.937
highest-temperature-in-wuhan-on-june-10-2026,Wuhan,2026-06-10,clean,2026-06-08 10:37:00+00:00,>24h,11,10,10,False,0.8599999999999999,-0.14000000000000012,7.801,7.346,0.08999999999999997,0.041,4.882,True,0.675,1.045
highest-temperature-in-wuhan-on-june-10-2026,Wuhan,2026-06-10,clean,2026-06-09 02:45:00+00:00,>24h,11,10,10,False,0.8599999999999999,-0.14000000000000012,21.205,15.067,0.06,0.007000000000000001,19.869,True,0.783,0.937
highest-temperature-in-wuhan-on-june-10-2026,Wuhan,2026-06-10,clean,2026-06-09 02:42:00+00:00,>24h,11,10,10,False,0.8599999999999999,-0.14000000000000012,9.863,5.356999999999999,0.06,0.007000000000000001,8.673,True,0.783,0.937
highest-temperature-in-manila-on-june-11-2026,Manila,2026-06-11,degraded,2026-06-10 04:02:00+00:00,>24h,11,11,11,True,0.86,-0.14,14.191,8.479,0.04999999999999999,0.007000000000000001,13.998,False,0.781,0.9390000000000001
highest-temperature-in-wuhan-on-june-10-2026,Wuhan,2026-06-10,clean,2026-06-09 09:30:00+00:00,>24h,11,10,10,False,0.86,-0.14,2982.726,6.793,0.060000000000000026,0.0065,2976.016,True,0.801,0.919
highest-temperature-in-wuhan-on-june-10-2026,Wuhan,2026-06-10,clean,2026-06-09 09:29:00+00:00,>24h,11,10,10,False,0.86,-0.14,2922.726,2.9530000000000003,0.060000000000000026,0.0065,2922.429,True,0.801,0.919
highest-temperature-in-amsterdam-on-june-8-2026,Amsterdam,2026-06-08,clean,2026-06-06 23:30:00+00:00,>24h,11,11,11,True,1.1395000000000004,0.1395000000000004,13.826,4.148,0.03999999999999998,0.006999999999999999,12.028,False,1.0739999999999998,1.205
highest-temperature-in-amsterdam-on-june-8-2026,Amsterdam,2026-06-08,clean,2026-06-06 23:29:00+00:00,>24h,11,11,11,True,1.1395000000000004,0.1395000000000004,38.294,32.437,0.03999999999999998,0.006999999999999999,36.529,False,1.0739999999999998,1.205
highest-temperature-in-wuhan-on-june-10-2026,Wuhan,2026-06-10,clean,2026-06-09 03:13:00+00:00,>24h,11,10,10,False,0.8604999999999998,-0.13950000000000018,17.798,6.4565,0.06,0.006000000000000001,17.504,True,0.787,0.9340000000000002
highest-temperature-in-wuhan-on-june-10-2026,Wuhan,2026-06-10,clean,2026-06-09 02:46:00+00:00,>24h,11,10,10,False,0.8604999999999998,-0.13950000000000018,7.301,1.1995,0.06,0.007000000000000001,6.828,True,0.7840000000000001,0.937
highest-temperature-in-amsterdam-on-june-8-2026,Amsterdam,2026-06-08,clean,2026-06-08 11:31:00+00:00,<1h,11,11,11,True,1.1395000000000002,0.13950000000000018,67234.763,23.023,0.21000000000000002,0.002,67234.462,False,0.939,1.3399999999999999
highest-temperature-in-wuhan-on-june-10-2026,Wuhan,2026-06-10,clean,2026-06-08 10:10:00+00:00,>24h,11,10,10,False,0.8604999999999999,-0.13950000000000007,6.348,6.347,0.07999999999999996,0.02500000000000001,5.95,True,0.713,1.008
highest-temperature-in-wuhan-on-june-10-2026,Wuhan,2026-06-10,clean,2026-06-09 05:20:00+00:00,>24h,11,10,10,False,0.8604999999999999,-0.13950000000000007,9.248,5.238,0.06,0.005000000000000001,8.723,True,0.7960000000000002,0.925
highest-temperature-in-wuhan-on-june-10-2026,Wuhan,2026-06-10,clean,2026-06-09 05:23:00+00:00,>24h,11,10,10,False,0.8604999999999999,-0.13950000000000007,10.6,5.2905,0.06,0.005000000000000001,6.069,True,0.7960000000000002,0.925
highest-temperature-in-wuhan-on-june-10-2026,Wuhan,2026-06-10,clean,2026-06-09 05:24:00+00:00,>24h,11,10,10,False,0.8604999999999999,-0.13950000000000007,10.367,2.8064999999999998,0.08000000000000002,0.005000000000000001,8.935,True,0.7860000000000001,0.935
highest-temperature-in-wuhan-on-june-10-2026,Wuhan,2026-06-10,clean,2026-06-09 05:29:00+00:00,>24h,11,10,10,False,0.8604999999999999,-0.13950000000000007,7.799,3.093,0.08000000000000002,0.005000000000000001,7.428,True,0.7860000000000001,0.935
highest-temperature-in-wuhan-on-june-10-2026,Wuhan,2026-06-10,clean,2026-06-09 05:21:00+00:00,>24h,11,10,10,False,0.8604999999999999,-0.13950000000000007,26.897,0.348,0.06,0.005000000000000001,26.837,True,0.7960000000000002,0.925
highest-temperature-in-wuhan-on-june-10-2026,Wuhan,2026-06-10,clean,2026-06-09 11:00:00+00:00,>24h,11,10,10,False,0.8604999999999999,-0.13950000000000007,8382.726,4.9615,0.03999999999999998,0.0055,8380.603,True,0.803,0.918
highest-temperature-in-qingdao-on-june-10-2026,Qingdao,2026-06-10,clean,2026-06-10 05:00:00+00:00,6-24h,11,10,10,False,1.1395,0.13949999999999996,14576.035,25.7265,0.48,0.038000000000000006,14575.291,True,0.669,1.61
highest-temperature-in-amsterdam-on-june-8-2026,Amsterdam,2026-06-08,clean,2026-06-06 23:31:00+00:00,>24h,11,11,11,True,1.1390000000000002,0.13900000000000023,42.248,4.111,0.03999999999999998,0.006999999999999999,40.559,False,1.0739999999999998,1.2040000000000002
highest-temperature-in-shenzhen-on-june-9-2026,Shenzhen,2026-06-09,clean,2026-06-09 02:01:00+00:00,6-24h,11,11,11,True,1.1390000000000002,0.13900000000000023,110344.297,1.458,0.22999999999999998,0.012000000000000002,110344.006,False,0.9210000000000002,1.3569999999999998
highest-temperature-in-shenzhen-on-june-9-2026,Shenzhen,2026-06-09,clean,2026-06-07 06:34:00+00:00,>24h,11,11,11,True,1.1390000000000002,0.13900000000000023,94.979,79.708,0.21999999999999997,0.068,65.114,False,0.633,1.6450000000000002
highest-temperature-in-shenzhen-on-june-9-2026,Shenzhen,2026-06-09,clean,2026-06-07 06:36:00+00:00,>24h,11,11,11,True,1.1390000000000002,0.13900000000000023,0.77,0.645,0.21999999999999997,0.068,0.237,False,0.633,1.6450000000000002
highest-temperature-in-wuhan-on-june-10-2026,Wuhan,2026-06-10,clean,2026-06-08 09:57:00+00:00,>24h,11,10,10,False,0.8609999999999999,-0.13900000000000012,37.0,1.0434999999999999,0.07999999999999999,0.03500000000000002,36.47,True,0.7010000000000001,1.0210000000000001
highest-temperature-in-wuhan-on-june-10-2026,Wuhan,2026-06-10,clean,2026-06-09 03:14:00+00:00,>24h,11,10,10,False,0.8609999999999999,-0.13900000000000012,70.362,5.789999999999999,0.06,0.006000000000000001,69.836,True,0.787,0.9350000000000002
highest-temperature-in-wuhan-on-june-10-2026,Wuhan,2026-06-10,clean,2026-06-09 03:16:00+00:00,>24h,11,10,10,False,0.8609999999999999,-0.13900000000000012,1.388,1.3650000000000002,0.06,0.006000000000000001,0.095,True,0.787,0.9350000000000002
highest-temperature-in-wuhan-on-june-10-2026,Wuhan,2026-06-10,clean,2026-06-09 03:15:00+00:00,>24h,11,10,10,False,0.8609999999999999,-0.13900000000000012,16.329,2.6595,0.06,0.006000000000000001,14.253,True,0.787,0.9350000000000002
highest-temperature-in-wuhan-on-june-10-2026,Wuhan,2026-06-10,clean,2026-06-09 02:47:00+00:00,>24h,11,10,10,False,0.8609999999999999,-0.13900000000000012,20.298,0.77,0.06,0.007000000000000001,19.818,True,0.7840000000000001,0.9380000000000001
highest-temperature-in-wuhan-on-june-10-2026,Wuhan,2026-06-10,clean,2026-06-09 11:01:00+00:00,>24h,11,10,10,False,0.8609999999999999,-0.13900000000000012,8442.726,17.07,0.03999999999999998,0.006,8440.726,True,0.803,0.919
highest-temperature-in-wuhan-on-june-10-2026,Wuhan,2026-06-10,clean,2026-06-09 05:25:00+00:00,>24h,11,10,10,False,0.8609999999999999,-0.13900000000000012,18.997,6.529,0.08000000000000002,0.005500000000000001,12.9,True,0.7860000000000001,0.936
highest-temperature-in-wuhan-on-june-10-2026,Wuhan,2026-06-10,clean,2026-06-09 03:12:00+00:00,>24h,11,10,10,False,0.8609999999999999,-0.13900000000000012,8.544,6.6674999999999995,0.06,0.006000000000000001,5.782,True,0.787,0.9350000000000002
highest-temperature-in-manila-on-june-11-2026,Manila,2026-06-11,degraded,2026-06-11 02:52:00+00:00,6-24h,11,11,11,True,1.139,0.139,39002.386,11.277,0.06999999999999998,0.001,38993.065,False,1.0729999999999997,1.2049999999999998
highest-temperature-in-wuhan-on-june-10-2026,Wuhan,2026-06-10,clean,2026-06-08 19:53:00+00:00,>24h,11,10,10,False,0.861,-0.139,1.465,0.187,0.10999999999999999,0.018500000000000003,1.29,True,0.69,1.032
highest-temperature-in-wuhan-on-june-10-2026,Wuhan,2026-06-10,clean,2026-06-08 22:20:00+00:00,>24h,11,10,10,False,0.861,-0.139,8.122,3.916,0.09,0.018500000000000003,7.6129999999999995,True,0.7,1.022
highest-temperature-in-manila-on-june-11-2026,Manila,2026-06-11,degraded,2026-06-11 02:50:00+00:00,6-24h,11,11,11,True,1.139,0.139,38882.386,13.429,0.06999999999999998,0.001,38876.613,False,1.0729999999999997,1.2049999999999998
highest-temperature-in-manila-on-june-11-2026,Manila,2026-06-11,degraded,2026-06-11 02:53:00+00:00,6-24h,11,11,11,True,1.139,0.139,39062.386,7.967,0.06999999999999998,0.001,39056.444,False,1.0729999999999997,1.2049999999999998
highest-temperature-in-karachi-on-june-11-2026,Karachi,2026-06-11,degraded,2026-06-09 05:39:00+00:00,>24h,11,11,9,False,0.861,-0.139,4.252,2.969,0.1,0.06000000000000001,1.349,False,0.6029999999999999,1.119
highest-temperature-in-wuhan-on-june-10-2026,Wuhan,2026-06-10,clean,2026-06-08 14:25:00+00:00,>24h,11,10,10,False,0.8610000000000001,-0.1389999999999999,10.257,4.897,0.04000000000000001,0.0165,7.251,True,0.772,0.9500000000000002
highest-temperature-in-karachi-on-june-11-2026,Karachi,2026-06-11,degraded,2026-06-09 05:40:00+00:00,>24h,11,11,9,False,0.8610000000000001,-0.1389999999999999,0.404,0.044,0.1,0.05000000000000002,0.386,False,0.603,1.119
highest-temperature-in-shenzhen-on-june-9-2026,Shenzhen,2026-06-09,clean,2026-06-07 06:22:00+00:00,>24h,11,11,11,True,1.1385,0.13850000000000007,51.868,50.874,0.21000000000000002,0.068,44.322,False,0.672,1.6050000000000002
highest-temperature-in-wuhan-on-june-10-2026,Wuhan,2026-06-10,clean,2026-06-08 20:50:00+00:00,>24h,11,10,10,False,0.8614999999999999,-0.13850000000000007,0.489,0.252,0.12999999999999998,0.018000000000000002,0.463,True,0.651,1.0719999999999998
highest-temperature-in-shenzhen-on-june-9-2026,Shenzhen,2026-06-09,clean,2026-06-07 06:12:00+00:00,>24h,11,11,11,True,1.1385,0.13850000000000007,30.515,30.488,0.21999999999999997,0.068,0.819,False,0.662,1.615
highest-temperature-in-shenzhen-on-june-9-2026,Shenzhen,2026-06-09,clean,2026-06-07 06:37:00+00:00,>24h,11,11,11,True,1.1385,0.13850000000000007,49.223,33.901,0.21999999999999997,0.068,48.457,False,0.643,1.6340000000000001
highest-temperature-in-shenzhen-on-june-9-2026,Shenzhen,2026-06-09,clean,2026-06-07 06:23:00+00:00,>24h,11,11,11,True,1.1385,0.13850000000000007,110.971,74.393,0.21000000000000002,0.068,91.838,False,0.672,1.6050000000000002
highest-temperature-in-shenzhen-on-june-9-2026,Shenzhen,2026-06-09,clean,2026-06-09 07:21:00+00:00,1-6h,11,11,11,True,0.8614999999999999,-0.13850000000000007,129544.297,1229.625,0.15999999999999998,0.004,129544.267,False,0.6960000000000001,1.027
highest-temperature-in-wuhan-on-june-10-2026,Wuhan,2026-06-10,clean,2026-06-09 03:44:00+00:00,>24h,11,10,10,False,0.8614999999999999,-0.13850000000000007,15.391,14.383,0.07,0.006999999999999999,9.817,True,0.785,0.9380000000000002
highest-temperature-in-wuhan-on-june-10-2026,Wuhan,2026-06-10,clean,2026-06-09 01:58:00+00:00,>24h,11,10,10,False,0.8614999999999999,-0.13850000000000007,23.168,9.786000000000001,0.04999999999999999,0.0075000000000000015,20.549,True,0.794,0.929
highest-temperature-in-wuhan-on-june-10-2026,Wuhan,2026-06-10,clean,2026-06-09 02:00:00+00:00,>24h,11,10,10,False,0.8614999999999999,-0.13850000000000007,26.92,9.0,0.04999999999999999,0.0075000000000000015,25.172,True,0.784,0.9390000000000001
highest-temperature-in-wuhan-on-june-10-2026,Wuhan,2026-06-10,clean,2026-06-09 03:43:00+00:00,>24h,11,10,10,False,0.8614999999999999,-0.13850000000000007,31.857,7.4185,0.04999999999999999,0.006999999999999999,27.32,True,0.795,0.9280000000000002
highest-temperature-in-wuhan-on-june-10-2026,Wuhan,2026-06-10,clean,2026-06-09 01:59:00+00:00,>24h,11,10,10,False,0.8614999999999999,-0.13850000000000007,21.383,5.8685,0.04999999999999999,0.0075000000000000015,20.978,True,0.784,0.9390000000000001
highest-temperature-in-wuhan-on-june-10-2026,Wuhan,2026-06-10,clean,2026-06-09 08:43:00+00:00,>24h,11,10,10,False,0.8615,-0.13849999999999996,162.726,0.0615,0.07,0.008999999999999977,162.711,True,0.788,0.935
highest-temperature-in-houston-on-june-12-2026,Houston,2026-06-12,degraded,2026-06-11 01:56:00+00:00,>24h,11,11,11,True,1.1384999999999998,0.13849999999999985,53.708,29.697,0.18,0.08000000000000002,47.593,False,0.727,1.5499999999999998
highest-temperature-in-houston-on-june-12-2026,Houston,2026-06-12,degraded,2026-06-11 01:55:00+00:00,>24h,11,11,11,True,1.1384999999999998,0.13849999999999985,15.333,7.992,0.18,0.08000000000000002,13.829,False,0.727,1.5499999999999998
highest-temperature-in-shenzhen-on-june-9-2026,Shenzhen,2026-06-09,clean,2026-06-09 02:00:00+00:00,6-24h,11,11,11,True,1.1380000000000001,0.13800000000000012,110284.297,1.971,0.22999999999999998,0.020000000000000018,110284.115,False,0.9220000000000002,1.3539999999999999
highest-temperature-in-wuhan-on-june-10-2026,Wuhan,2026-06-10,clean,2026-06-09 03:17:00+00:00,>24h,11,10,10,False,0.8619999999999999,-0.13800000000000012,12.91,0.6194999999999999,0.06,0.006500000000000002,12.305,True,0.787,0.9370000000000002
highest-temperature-in-wuhan-on-june-10-2026,Wuhan,2026-06-10,clean,2026-06-08 10:04:00+00:00,>24h,11,10,10,False,0.862,-0.138,6.499,6.4795,0.12,0.044500000000000005,5.759,True,0.642,1.0820000000000003
highest-temperature-in-wuhan-on-june-10-2026,Wuhan,2026-06-10,clean,2026-06-08 10:25:00+00:00,>24h,11,10,10,False,0.862,-0.138,16.66,3.7815,0.11000000000000001,0.043000000000000003,16.635,True,0.66,1.064
highest-temperature-in-mexico-city-on-june-6-2026,Mexico City,2026-06-06,degraded,2026-06-05 06:01:00+00:00,>24h,11,11,11,True,0.862,-0.138,33.513,18.965,0.12000000000000002,0.009999999999999981,32.95,False,0.7330000000000001,0.9910000000000001
highest-temperature-in-wuhan-on-june-10-2026,Wuhan,2026-06-10,clean,2026-06-08 21:50:00+00:00,>24h,11,10,10,False,0.862,-0.138,5.851,3.3115,0.08999999999999997,0.0175,4.944,True,0.712,1.012
highest-temperature-in-qingdao-on-june-10-2026,Qingdao,2026-06-10,clean,2026-06-08 05:47:00+00:00,>24h,11,10,10,False,0.862,-0.138,24.954,18.674,0.13,0.05499999999999999,21.224,True,0.596,1.1280000000000001
highest-temperature-in-wuhan-on-june-10-2026,Wuhan,2026-06-10,clean,2026-06-08 20:55:00+00:00,>24h,11,10,10,False,0.8620000000000001,-0.1379999999999999,31.32,10.7895,0.10999999999999999,0.018000000000000002,24.033,True,0.692,1.032
highest-temperature-in-qingdao-on-june-10-2026,Qingdao,2026-06-10,clean,2026-06-08 05:48:00+00:00,>24h,11,10,10,False,0.8620000000000001,-0.1379999999999999,84.954,21.5415,0.13,0.05499999999999999,80.306,True,0.5960000000000001,1.1280000000000001
highest-temperature-in-ankara-on-june-11-2026,Ankara,2026-06-11,degraded,2026-06-09 05:55:00+00:00,>24h,11,11,11,True,1.1379999999999997,0.13799999999999968,1.719,1.691,0.12,0.02999999999999997,1.704,False,0.919,1.3569999999999998
highest-temperature-in-shenzhen-on-june-9-2026,Shenzhen,2026-06-09,clean,2026-06-09 01:12:00+00:00,6-24h,11,11,11,True,1.1375000000000002,0.13750000000000018,107404.297,21.747,0.24,0.025999999999999995,107401.099,False,0.821,1.4539999999999997
highest-temperature-in-hong-kong-on-june-5-2026,Hong Kong,2026-06-05,clean,2026-06-05 06:48:00+00:00,1-6h,11,7,7,False,0.8624999999999999,-0.13750000000000007,62694.267,9720.92,0.035,0.001,62692.212,True,0.8270000000000001,0.898
highest-temperature-in-hong-kong-on-june-5-2026,Hong Kong,2026-06-05,clean,2026-06-05 06:47:00+00:00,1-6h,11,7,7,False,0.8624999999999999,-0.13750000000000007,62634.267,9660.92,0.035,0.001,62608.16,True,0.8270000000000001,0.898
highest-temperature-in-hong-kong-on-june-5-2026,Hong Kong,2026-06-05,clean,2026-06-05 06:49:00+00:00,1-6h,11,7,7,False,0.8624999999999999,-0.13750000000000007,62754.267,9780.92,0.035,0.001,62754.123,True,0.8270000000000001,0.898
highest-temperature-in-manila-on-june-11-2026,Manila,2026-06-11,degraded,2026-06-10 10:18:00+00:00,>24h,11,11,11,True,0.8625,-0.13749999999999996,24.265,11.846,0.06,0.005999999999999999,15.983,False,0.746,0.979
highest-temperature-in-manila-on-june-11-2026,Manila,2026-06-11,degraded,2026-06-10 10:19:00+00:00,>24h,11,11,11,True,0.8625,-0.13749999999999996,8.341,3.79,0.06,0.005999999999999999,7.003,False,0.746,0.979
highest-temperature-in-mexico-city-on-june-6-2026,Mexico City,2026-06-06,degraded,2026-06-05 05:58:00+00:00,>24h,11,11,9,False,0.8625000000000002,-0.13749999999999984,10.554,3.462,0.11000000000000001,0.018000000000000002,8.684,False,0.7400000000000001,0.9850000000000001
highest-temperature-in-mexico-city-on-june-6-2026,Mexico City,2026-06-06,degraded,2026-06-05 05:59:00+00:00,>24h,11,11,9,False,0.8625000000000002,-0.13749999999999984,1.64,0.8,0.11000000000000001,0.018000000000000002,1.025,False,0.7400000000000001,0.9850000000000001
highest-temperature-in-wuhan-on-june-10-2026,Wuhan,2026-06-10,clean,2026-06-09 08:57:00+00:00,>24h,11,10,10,False,0.8629999999999998,-0.13700000000000023,1002.726,5.1739999999999995,0.06,0.006,1001.233,True,0.79,0.936
highest-temperature-in-wuhan-on-june-10-2026,Wuhan,2026-06-10,clean,2026-06-08 10:23:00+00:00,>24h,11,10,10,False,0.863,-0.137,96.313,19.1595,0.11000000000000001,0.043000000000000003,96.196,True,0.659,1.0670000000000002
highest-temperature-in-shenzhen-on-june-9-2026,Shenzhen,2026-06-09,clean,2026-06-09 01:01:00+00:00,6-24h,11,11,11,True,1.137,0.137,106744.297,1.911,0.06,0.018,106744.247,False,0.985,1.2890000000000001
highest-temperature-in-mexico-city-on-june-6-2026,Mexico City,2026-06-06,degraded,2026-06-05 06:10:00+00:00,>24h,11,11,11,True,0.8634999999999999,-0.13650000000000007,61.344,7.148,0.07,0.009999999999999981,58.425,False,0.756,0.9710000000000001
highest-temperature-in-istanbul-on-june-12-2026,Istanbul,2026-06-12,degraded,2026-06-10 05:33:00+00:00,>24h,11,11,3,False,1.1365,0.13650000000000007,12.556,0.868,0.78,0.73,11.724,False,0.022,2.251
highest-temperature-in-shenzhen-on-june-9-2026,Shenzhen,2026-06-09,clean,2026-06-07 05:45:00+00:00,>24h,11,11,11,True,1.1365,0.13650000000000007,9.29,6.718,0.16299999999999998,0.109,9.192,False,0.6249999999999999,1.6480000000000001
highest-temperature-in-wuhan-on-june-10-2026,Wuhan,2026-06-10,clean,2026-06-09 07:38:00+00:00,>24h,11,10,10,False,0.8634999999999999,-0.13650000000000007,0.54,0.3105,0.07,0.0065000000000000014,0.457,True,0.7710000000000001,0.956
highest-temperature-in-mexico-city-on-june-6-2026,Mexico City,2026-06-06,degraded,2026-06-05 06:09:00+00:00,>24h,11,11,11,True,0.8634999999999999,-0.13650000000000007,135.171,11.802,0.07,0.009999999999999981,134.06,False,0.756,0.9710000000000001
highest-temperature-in-mexico-city-on-june-6-2026,Mexico City,2026-06-06,degraded,2026-06-05 05:50:00+00:00,>24h,11,11,9,False,0.8635,-0.13649999999999995,8.348,8.295,0.08000000000000002,0.019999999999999997,7.997,False,0.7520000000000001,0.9750000000000001
highest-temperature-in-wuhan-on-june-10-2026,Wuhan,2026-06-10,clean,2026-06-09 05:33:00+00:00,>24h,11,10,10,False,0.8639999999999999,-0.13600000000000012,11.496,6.0760000000000005,0.08000000000000002,0.006500000000000001,10.375,True,0.783,0.9450000000000001
highest-temperature-in-shenzhen-on-june-9-2026,Shenzhen,2026-06-09,clean,2026-06-07 07:14:00+00:00,>24h,11,11,11,True,1.136,0.1359999999999999,46.184,39.671,0.07,0.010000000000000009,41.311,False,0.997,1.275
highest-temperature-in-shenzhen-on-june-9-2026,Shenzhen,2026-06-09,clean,2026-06-07 07:12:00+00:00,>24h,11,11,11,True,1.136,0.1359999999999999,5.972,5.84,0.07,0.010000000000000009,0.252,False,0.997,1.275
highest-temperature-in-wuhan-on-june-10-2026,Wuhan,2026-06-10,clean,2026-06-08 21:51:00+00:00,>24h,11,10,10,False,0.8640000000000001,-0.1359999999999999,9.664,2.319,0.08999999999999997,0.015500000000000002,9.654,True,0.726,1.002
highest-temperature-in-shenzhen-on-june-9-2026,Shenzhen,2026-06-09,clean,2026-06-07 07:13:00+00:00,>24h,11,11,11,True,1.136,0.1359999999999999,12.965,12.814,0.07,0.010000000000000009,10.848,False,0.997,1.275
highest-temperature-in-wuhan-on-june-10-2026,Wuhan,2026-06-10,clean,2026-06-09 10:39:00+00:00,>24h,11,10,10,False,0.8644999999999998,-0.13550000000000018,7122.726,9.376999999999999,0.03,0.004999999999999999,7122.703,True,0.8140000000000001,0.915
highest-temperature-in-wuhan-on-june-10-2026,Wuhan,2026-06-10,clean,2026-06-10 01:27:00+00:00,6-24h,11,10,10,False,0.8644999999999998,-0.13550000000000018,60402.726,8.033999999999999,0.06,0.004,60398.005,True,0.803,0.926
highest-temperature-in-wuhan-on-june-10-2026,Wuhan,2026-06-10,clean,2026-06-09 11:10:00+00:00,>24h,11,10,10,False,0.8644999999999999,-0.13550000000000006,8982.726,1.0855000000000001,0.03,0.0055,8982.622,True,0.8130000000000001,0.916
highest-temperature-in-wuhan-on-june-10-2026,Wuhan,2026-06-10,clean,2026-06-09 11:11:00+00:00,>24h,11,10,10,False,0.8644999999999999,-0.13550000000000006,9042.726,11.045,0.03,0.0055,9038.787,True,0.8130000000000001,0.916
highest-temperature-in-wuhan-on-june-10-2026,Wuhan,2026-06-10,clean,2026-06-09 11:08:00+00:00,>24h,11,10,10,False,0.8644999999999999,-0.13550000000000006,8862.726,9.0515,0.03,0.0055,8860.665,True,0.8130000000000001,0.916
highest-temperature-in-wuhan-on-june-10-2026,Wuhan,2026-06-10,clean,2026-06-09 11:09:00+00:00,>24h,11,10,10,False,0.8644999999999999,-0.13550000000000006,8922.726,12.791,0.03,0.0055,8919.805,True,0.8130000000000001,0.916
highest-temperature-in-shenzhen-on-june-9-2026,Shenzhen,2026-06-09,clean,2026-06-07 07:16:00+00:00,>24h,11,11,11,True,1.1355,0.13549999999999995,46.355,44.966,0.07,0.010000000000000009,26.66,False,0.997,1.274
highest-temperature-in-shenzhen-on-june-9-2026,Shenzhen,2026-06-09,clean,2026-06-07 07:15:00+00:00,>24h,11,11,11,True,1.1355,0.13549999999999995,106.073,64.873,0.07,0.010000000000000009,101.94,False,0.997,1.274
highest-temperature-in-ankara-on-june-11-2026,Ankara,2026-06-11,degraded,2026-06-09 06:27:00+00:00,>24h,11,11,11,True,1.1354999999999997,0.13549999999999973,10.816,5.373,0.1,0.02999999999999997,10.317,False,0.9520000000000001,1.319
highest-temperature-in-qingdao-on-june-10-2026,Qingdao,2026-06-10,clean,2026-06-10 03:04:00+00:00,6-24h,11,10,10,False,1.1354999999999997,0.13549999999999973,7616.035,5.109,0.15,0.0025,7615.281,True,0.8840000000000001,1.3869999999999998
highest-temperature-in-amsterdam-on-june-8-2026,Amsterdam,2026-06-08,clean,2026-06-08 11:08:00+00:00,<1h,11,11,11,True,1.1350000000000002,0.13500000000000023,65854.763,82.421,0.13999999999999996,0.002,65854.743,False,0.999,1.271
highest-temperature-in-amsterdam-on-june-8-2026,Amsterdam,2026-06-08,clean,2026-06-06 23:25:00+00:00,>24h,11,11,11,True,1.1350000000000002,0.13500000000000023,0.082,0.066,0.040000000000000036,0.006999999999999999,0.029,False,1.0639999999999998,1.206
highest-temperature-in-wuhan-on-june-10-2026,Wuhan,2026-06-10,clean,2026-06-09 11:07:00+00:00,>24h,11,10,10,False,0.8649999999999999,-0.13500000000000012,8802.726,0.767,0.03,0.0055,8802.597,True,0.8130000000000001,0.917
highest-temperature-in-wuhan-on-june-10-2026,Wuhan,2026-06-10,clean,2026-06-09 10:41:00+00:00,>24h,11,10,10,False,0.8649999999999999,-0.13500000000000012,7242.726,4.6715,0.03,0.004999999999999999,7241.671,True,0.8140000000000001,0.916
highest-temperature-in-wuhan-on-june-10-2026,Wuhan,2026-06-10,clean,2026-06-09 10:42:00+00:00,>24h,11,10,10,False,0.8649999999999999,-0.13500000000000012,7302.726,0.17099999999999999,0.03,0.004999999999999999,7302.675,True,0.8140000000000001,0.916
highest-temperature-in-wuhan-on-june-10-2026,Wuhan,2026-06-10,clean,2026-06-09 10:38:00+00:00,>24h,11,10,10,False,0.8649999999999999,-0.13500000000000012,7062.726,2.481,0.03,0.0055,7062.431,True,0.8140000000000001,0.916
highest-temperature-in-manila-on-june-11-2026,Manila,2026-06-11,degraded,2026-06-11 02:48:00+00:00,6-24h,11,11,11,True,1.135,0.135,38762.386,4.309,0.07999999999999999,0.001,38762.319,False,1.063,1.2069999999999999
highest-temperature-in-wuhan-on-june-10-2026,Wuhan,2026-06-10,clean,2026-06-09 03:11:00+00:00,>24h,11,10,10,False,0.865,-0.135,8.488,3.267,0.06,0.006000000000000001,7.583,True,0.787,0.943
highest-temperature-in-wuhan-on-june-10-2026,Wuhan,2026-06-10,clean,2026-06-09 03:10:00+00:00,>24h,11,10,10,False,0.865,-0.135,2.999,2.9720000000000004,0.06,0.006000000000000001,1.262,True,0.777,0.953
highest-temperature-in-wuhan-on-june-10-2026,Wuhan,2026-06-10,clean,2026-06-08 16:41:00+00:00,>24h,11,10,10,False,0.865,-0.135,4.286,4.154999999999999,0.08999999999999997,0.014000000000000004,0.642,True,0.74,0.99
highest-temperature-in-wuhan-on-june-10-2026,Wuhan,2026-06-10,clean,2026-06-08 17:20:00+00:00,>24h,11,10,10,False,0.865,-0.135,1.736,1.652,0.06999999999999995,0.014000000000000005,0.167,True,0.76,0.97
highest-temperature-in-wuhan-on-june-10-2026,Wuhan,2026-06-10,clean,2026-06-10 05:01:00+00:00,6-24h,11,10,10,False,0.865,-0.135,73242.726,5.2935,0.25,0.0025,73242.377,True,0.672,1.0579999999999998
highest-temperature-in-karachi-on-june-11-2026,Karachi,2026-06-11,degraded,2026-06-09 05:28:00+00:00,>24h,11,11,5,False,0.865,-0.135,1.199,0.883,0.62,0.12999999999999998,0.318,False,0.35000000000000003,1.3800000000000001
highest-temperature-in-hong-kong-on-june-5-2026,Hong Kong,2026-06-05,clean,2026-06-05 06:54:00+00:00,1-6h,11,7,7,False,0.8650000000000001,-0.1349999999999999,63054.267,10080.92,0.039999999999999925,0.001,63053.728,True,0.8260000000000001,0.904
highest-temperature-in-taipei-on-june-8-2026,Taipei,2026-06-08,clean,2026-06-07 23:35:00+00:00,6-24h,11,11,11,True,1.1345000000000003,0.13450000000000029,1533.239,3.453,0.06,0.012,1533.201,False,1.0399999999999996,1.2289999999999999
highest-temperature-in-shenzhen-on-june-9-2026,Shenzhen,2026-06-09,clean,2026-06-07 20:30:00+00:00,>24h,11,11,11,True,1.1345000000000003,0.13450000000000029,4084.297,279.232,0.06999999999999998,0.019000000000000003,4075.024,False,0.99,1.279
highest-temperature-in-wuhan-on-june-10-2026,Wuhan,2026-06-10,clean,2026-06-09 02:36:00+00:00,>24h,11,10,10,False,0.8654999999999998,-0.13450000000000017,0.251,0.048,0.06,0.007000000000000001,0.203,True,0.793,0.9380000000000001
highest-temperature-in-wuhan-on-june-10-2026,Wuhan,2026-06-10,clean,2026-06-09 02:40:00+00:00,>24h,11,10,10,False,0.8654999999999998,-0.13450000000000017,26.624,5.8605,0.06,0.007000000000000001,24.421,True,0.793,0.9380000000000001
highest-temperature-in-wuhan-on-june-10-2026,Wuhan,2026-06-10,clean,2026-06-09 02:39:00+00:00,>24h,11,10,10,False,0.8654999999999998,-0.13450000000000017,14.104,2.3089999999999997,0.06,0.007000000000000001,14.104,True,0.793,0.9380000000000001
highest-temperature-in-wuhan-on-june-10-2026,Wuhan,2026-06-10,clean,2026-06-09 02:37:00+00:00,>24h,11,10,10,False,0.8654999999999998,-0.13450000000000017,44.581,0.0005,0.06,0.007000000000000001,44.581,True,0.793,0.9380000000000001
highest-temperature-in-wuhan-on-june-10-2026,Wuhan,2026-06-10,clean,2026-06-09 02:41:00+00:00,>24h,11,10,10,False,0.8654999999999998,-0.13450000000000017,5.848,4.724,0.06,0.007000000000000001,1.992,True,0.793,0.9380000000000001
highest-temperature-in-wuhan-on-june-10-2026,Wuhan,2026-06-10,clean,2026-06-09 02:38:00+00:00,>24h,11,10,10,False,0.8654999999999998,-0.13450000000000017,3.474,0.601,0.06,0.007000000000000001,3.081,True,0.793,0.9380000000000001
highest-temperature-in-wuhan-on-june-10-2026,Wuhan,2026-06-10,clean,2026-06-09 05:17:00+00:00,>24h,11,10,10,False,0.8654999999999998,-0.13450000000000017,5.303,4.5775,0.04000000000000001,0.007000000000000001,1.329,True,0.803,0.928
highest-temperature-in-wuhan-on-june-10-2026,Wuhan,2026-06-10,clean,2026-06-09 10:43:00+00:00,>24h,11,10,10,False,0.8654999999999999,-0.13450000000000006,7362.726,3.959,0.03,0.0055,7361.465,True,0.8140000000000001,0.917
highest-temperature-in-seoul-on-june-9-2026,Seoul,2026-06-09,clean,2026-06-07 05:19:00+00:00,>24h,11,10,10,False,0.8654999999999999,-0.13450000000000006,234.554,14.0625,0.1,0.04000000000000001,233.118,True,0.665,1.066
highest-temperature-in-wuhan-on-june-10-2026,Wuhan,2026-06-10,clean,2026-06-09 10:46:00+00:00,>24h,11,10,10,False,0.8654999999999999,-0.13450000000000006,7542.726,4.803,0.03,0.0055,7542.625,True,0.8140000000000001,0.917
highest-temperature-in-wuhan-on-june-10-2026,Wuhan,2026-06-10,clean,2026-06-09 10:58:00+00:00,>24h,11,10,10,False,0.8654999999999999,-0.13450000000000006,8262.726,6.0355,0.03,0.0055,8261.355,True,0.8130000000000001,0.918
highest-temperature-in-seoul-on-june-9-2026,Seoul,2026-06-09,clean,2026-06-07 05:18:00+00:00,>24h,11,10,10,False,0.8654999999999999,-0.13450000000000006,174.554,19.683999999999997,0.1,0.04000000000000001,172.921,True,0.665,1.066
highest-temperature-in-wuhan-on-june-10-2026,Wuhan,2026-06-10,clean,2026-06-09 10:48:00+00:00,>24h,11,10,10,False,0.8654999999999999,-0.13450000000000006,7662.726,7.0475,0.03,0.0055,7661.209,True,0.8140000000000001,0.917
highest-temperature-in-wuhan-on-june-10-2026,Wuhan,2026-06-10,clean,2026-06-09 10:45:00+00:00,>24h,11,10,10,False,0.8654999999999999,-0.13450000000000006,7482.726,6.099,0.03,0.0055,7482.393,True,0.8140000000000001,0.917
highest-temperature-in-manila-on-june-11-2026,Manila,2026-06-11,degraded,2026-06-10 04:33:00+00:00,>24h,11,11,11,True,0.8654999999999999,-0.13450000000000006,27.319,13.944,0.04999999999999999,0.007000000000000001,23.14,False,0.792,0.9390000000000001
highest-temperature-in-wuhan-on-june-10-2026,Wuhan,2026-06-10,clean,2026-06-09 10:44:00+00:00,>24h,11,10,10,False,0.8654999999999999,-0.13450000000000006,7422.726,1.8555,0.03,0.0055,7422.438,True,0.8140000000000001,0.917
highest-temperature-in-wuhan-on-june-10-2026,Wuhan,2026-06-10,clean,2026-06-09 10:47:00+00:00,>24h,11,10,10,False,0.8654999999999999,-0.13450000000000006,7602.726,5.4695,0.03,0.0055,7600.007,True,0.8140000000000001,0.917
highest-temperature-in-wuhan-on-june-10-2026,Wuhan,2026-06-10,clean,2026-06-09 10:57:00+00:00,>24h,11,10,10,False,0.8654999999999999,-0.13450000000000006,8202.726,7.461499999999999,0.03,0.0055,8198.469,True,0.8130000000000001,0.918
highest-temperature-in-shenzhen-on-june-9-2026,Shenzhen,2026-06-09,clean,2026-06-07 05:34:00+00:00,>24h,11,11,11,True,1.1345,0.13450000000000006,58.529,27.149,0.29,0.13999999999999999,56.604,False,0.505,1.7640000000000002
highest-temperature-in-mexico-city-on-june-6-2026,Mexico City,2026-06-06,degraded,2026-06-05 05:52:00+00:00,>24h,11,11,9,False,0.8655,-0.13449999999999995,29.012,18.327,0.060000000000000026,0.019999999999999997,28.807,False,0.756,0.9750000000000001
highest-temperature-in-wuhan-on-june-10-2026,Wuhan,2026-06-10,clean,2026-06-08 14:21:00+00:00,>24h,11,10,10,False,0.8655,-0.13449999999999995,52.018,24.766,0.04000000000000001,0.012000000000000004,47.329,True,0.782,0.9490000000000002
highest-temperature-in-qingdao-on-june-10-2026,Qingdao,2026-06-10,clean,2026-06-10 02:31:00+00:00,6-24h,11,10,10,False,1.1344999999999998,0.13449999999999984,5636.035,1.8889999999999998,0.083,0.0175,5635.308,True,0.9580000000000001,1.311
highest-temperature-in-shanghai-on-june-10-2026,Shanghai,2026-06-10,clean,2026-06-08 06:05:00+00:00,>24h,11,11,11,True,1.1344999999999998,0.13449999999999984,100.898,5.083,0.11000000000000001,0.020000000000000018,100.838,False,0.936,1.333
highest-temperature-in-shenzhen-on-june-9-2026,Shenzhen,2026-06-09,clean,2026-06-09 02:02:00+00:00,6-24h,11,11,11,True,1.1344999999999998,0.13449999999999984,110404.297,12.255,0.22999999999999998,0.012000000000000002,110404.29,False,0.9210000000000002,1.3479999999999996
highest-temperature-in-amsterdam-on-june-8-2026,Amsterdam,2026-06-08,clean,2026-06-06 23:24:00+00:00,>24h,11,11,11,True,1.1340000000000001,0.13400000000000012,11.055,4.903,0.04999999999999999,0.006999999999999999,10.535,False,1.051,1.217
highest-temperature-in-wuhan-on-june-10-2026,Wuhan,2026-06-10,clean,2026-06-09 10:56:00+00:00,>24h,11,10,10,False,0.8659999999999999,-0.13400000000000012,8142.726,1.4335,0.03,0.006,8142.486,True,0.8130000000000001,0.919
highest-temperature-in-shenzhen-on-june-9-2026,Shenzhen,2026-06-09,clean,2026-06-07 06:09:00+00:00,>24h,11,11,11,True,1.1340000000000001,0.13400000000000012,66.613,47.989,0.21999999999999997,0.067,66.467,False,0.7130000000000001,1.5550000000000004
highest-temperature-in-taipei-on-june-8-2026,Taipei,2026-06-08,clean,2026-06-06 23:11:00+00:00,>24h,11,11,10,False,1.1340000000000001,0.13400000000000012,78.677,27.1445,0.158,0.07500000000000002,77.755,False,0.77,1.498
highest-temperature-in-wuhan-on-june-10-2026,Wuhan,2026-06-10,clean,2026-06-10 06:46:00+00:00,1-6h,11,10,10,False,1.1340000000000001,0.13400000000000012,79542.726,82.426,0.040000000000000036,0.0035,79541.877,True,1.075,1.1929999999999998
highest-temperature-in-beijing-on-june-8-2026,Beijing,2026-06-08,clean,2026-06-08 02:47:00+00:00,6-24h,11,11,11,True,1.1340000000000001,0.13400000000000012,8902.161,0.202,0.155,0.010000000000000002,8902.158,False,0.9790000000000001,1.2889999999999997
highest-temperature-in-wuhan-on-june-10-2026,Wuhan,2026-06-10,clean,2026-06-09 10:36:00+00:00,>24h,11,10,10,False,0.8659999999999999,-0.13400000000000012,6942.726,2.739,0.03,0.0055,6942.711,True,0.8140000000000001,0.918
highest-temperature-in-wuhan-on-june-10-2026,Wuhan,2026-06-10,clean,2026-06-09 10:40:00+00:00,>24h,11,10,10,False,0.8659999999999999,-0.13400000000000012,7182.726,6.267,0.03,0.004999999999999999,7182.691,True,0.8140000000000001,0.918
highest-temperature-in-wuhan-on-june-10-2026,Wuhan,2026-06-10,clean,2026-06-09 10:37:00+00:00,>24h,11,10,10,False,0.8659999999999999,-0.13400000000000012,7002.726,3.178,0.03,0.0055,7002.311,True,0.8140000000000001,0.918
highest-temperature-in-wuhan-on-june-10-2026,Wuhan,2026-06-10,clean,2026-06-09 10:35:00+00:00,>24h,11,10,10,False,0.8659999999999999,-0.13400000000000012,6882.726,1.7360000000000002,0.03,0.0055,6882.678,True,0.8140000000000001,0.918
highest-temperature-in-karachi-on-june-11-2026,Karachi,2026-06-11,degraded,2026-06-09 05:41:00+00:00,>24h,11,11,9,False,0.866,-0.134,40.884,18.189,0.1,0.05000000000000002,36.238,False,0.6129999999999999,1.119
highest-temperature-in-wuhan-on-june-10-2026,Wuhan,2026-06-10,clean,2026-06-08 10:34:00+00:00,>24h,11,10,10,False,0.866,-0.134,11.537,6.83,0.07999999999999996,0.046,11.529,True,0.681,1.051
highest-temperature-in-wuhan-on-june-10-2026,Wuhan,2026-06-10,clean,2026-06-08 10:05:00+00:00,>24h,11,10,10,False,0.866,-0.134,16.835,1.1195,0.1,0.044500000000000005,16.792,True,0.662,1.0700000000000003
highest-temperature-in-houston-on-june-12-2026,Houston,2026-06-12,degraded,2026-06-11 01:54:00+00:00,>24h,11,11,11,True,1.134,0.1339999999999999,13.251,12.202,0.18,0.08999999999999997,11.347,False,0.7160000000000001,1.5519999999999998
highest-temperature-in-shanghai-on-june-10-2026,Shanghai,2026-06-10,clean,2026-06-08 06:04:00+00:00,>24h,11,11,11,True,1.134,0.1339999999999999,40.898,1.27,0.08000000000000002,0.046,40.835,False,0.925,1.343
highest-temperature-in-wuhan-on-june-10-2026,Wuhan,2026-06-10,clean,2026-06-08 21:41:00+00:00,>24h,11,10,10,False,0.8660000000000001,-0.1339999999999999,4.558,3.3964999999999996,0.08999999999999997,0.018500000000000003,4.359,True,0.72,1.012
highest-temperature-in-wuhan-on-june-10-2026,Wuhan,2026-06-10,clean,2026-06-08 20:38:00+00:00,>24h,11,10,10,False,0.8660000000000001,-0.1339999999999999,9.448,7.6845,0.1,0.018500000000000003,4.111,True,0.69,1.0419999999999998
highest-temperature-in-wuhan-on-june-10-2026,Wuhan,2026-06-10,clean,2026-06-09 03:40:00+00:00,>24h,11,10,10,False,0.8664999999999998,-0.13350000000000017,9.029,1.3530000000000002,0.04000000000000001,0.006999999999999999,8.511,True,0.805,0.9280000000000002
highest-temperature-in-wuhan-on-june-10-2026,Wuhan,2026-06-10,clean,2026-06-09 03:39:00+00:00,>24h,11,10,10,False,0.8664999999999998,-0.13350000000000017,10.252,9.243,0.04000000000000001,0.006999999999999999,9.596,True,0.805,0.9280000000000002
highest-temperature-in-wuhan-on-june-10-2026,Wuhan,2026-06-10,clean,2026-06-09 03:41:00+00:00,>24h,11,10,10,False,0.8664999999999998,-0.13350000000000017,60.518,8.6225,0.04000000000000001,0.006999999999999999,53.548,True,0.805,0.9280000000000002
highest-temperature-in-wuhan-on-june-10-2026,Wuhan,2026-06-10,clean,2026-06-09 03:42:00+00:00,>24h,11,10,10,False,0.8664999999999998,-0.13350000000000017,47.18,7.9085,0.04000000000000001,0.006999999999999999,43.919,True,0.805,0.9280000000000002
highest-temperature-in-houston-on-june-12-2026,Houston,2026-06-12,degraded,2026-06-11 01:25:00+00:00,>24h,11,11,10,False,0.8664999999999998,-0.13350000000000017,10.631,9.629999999999999,0.37,0.09799999999999999,4.5969999999999995,False,0.271,1.4619999999999997
highest-temperature-in-wuhan-on-june-10-2026,Wuhan,2026-06-10,clean,2026-06-09 01:55:00+00:00,>24h,11,10,10,False,0.8664999999999999,-0.13350000000000006,142.451,19.883000000000003,0.08000000000000002,0.0075000000000000015,133.113,True,0.774,0.9590000000000001
highest-temperature-in-wuhan-on-june-10-2026,Wuhan,2026-06-10,clean,2026-06-09 02:48:00+00:00,>24h,11,10,10,False,0.8664999999999999,-0.13350000000000006,22.535,2.776,0.05000000000000002,0.006500000000000001,22.32,True,0.797,0.936
highest-temperature-in-wuhan-on-june-10-2026,Wuhan,2026-06-10,clean,2026-06-09 02:49:00+00:00,>24h,11,10,10,False,0.8664999999999999,-0.13350000000000006,31.124,4.243,0.05000000000000002,0.006500000000000001,30.934,True,0.797,0.936
highest-temperature-in-wuhan-on-june-10-2026,Wuhan,2026-06-10,clean,2026-06-09 01:54:00+00:00,>24h,11,10,10,False,0.8664999999999999,-0.13350000000000006,82.451,14.367,0.08000000000000002,0.0075000000000000015,77.596,True,0.774,0.9590000000000001
highest-temperature-in-wuhan-on-june-10-2026,Wuhan,2026-06-10,clean,2026-06-09 01:53:00+00:00,>24h,11,10,10,False,0.8664999999999999,-0.13350000000000006,24.945,18.423000000000002,0.08000000000000002,0.0075000000000000015,23.624,True,0.774,0.9590000000000001
highest-temperature-in-wuhan-on-june-10-2026,Wuhan,2026-06-10,clean,2026-06-09 02:50:00+00:00,>24h,11,10,10,False,0.8664999999999999,-0.13350000000000006,16.451,15.697,0.05000000000000002,0.006500000000000001,16.15,True,0.797,0.936
highest-temperature-in-mexico-city-on-june-6-2026,Mexico City,2026-06-06,degraded,2026-06-05 05:55:00+00:00,>24h,11,11,9,False,0.8665,-0.13349999999999995,48.651,7.596,0.060000000000000026,0.019999999999999997,47.922,False,0.758,0.9750000000000001
highest-temperature-in-mexico-city-on-june-6-2026,Mexico City,2026-06-06,degraded,2026-06-05 05:09:00+00:00,>24h,11,11,9,False,0.8665,-0.13349999999999995,50.836,18.285,0.09,0.049,43.005,False,0.654,1.079
highest-temperature-in-shanghai-on-june-10-2026,Shanghai,2026-06-10,clean,2026-06-08 06:06:00+00:00,>24h,11,11,11,True,1.1335,0.13349999999999995,160.898,19.286,0.11000000000000001,0.020000000000000018,160.711,False,0.934,1.333
highest-temperature-in-wuhan-on-june-10-2026,Wuhan,2026-06-10,clean,2026-06-09 03:37:00+00:00,>24h,11,10,10,False,0.8669999999999998,-0.13300000000000023,15.841,12.068000000000001,0.04000000000000001,0.006999999999999999,8.177,True,0.806,0.9280000000000002
highest-temperature-in-wuhan-on-june-10-2026,Wuhan,2026-06-10,clean,2026-06-09 03:35:00+00:00,>24h,11,10,10,False,0.8669999999999998,-0.13300000000000023,12.165,6.737500000000001,0.04000000000000001,0.006999999999999999,9.89,True,0.806,0.9280000000000002
highest-temperature-in-wuhan-on-june-10-2026,Wuhan,2026-06-10,clean,2026-06-09 03:36:00+00:00,>24h,11,10,10,False,0.8669999999999998,-0.13300000000000023,16.908,8.8295,0.04000000000000001,0.006999999999999999,16.194,True,0.806,0.9280000000000002
highest-temperature-in-wuhan-on-june-10-2026,Wuhan,2026-06-10,clean,2026-06-09 01:52:00+00:00,>24h,11,10,10,False,0.8669999999999999,-0.13300000000000012,49.984,20.2195,0.08000000000000002,0.008000000000000002,48.267,True,0.774,0.9600000000000001
highest-temperature-in-wuhan-on-june-10-2026,Wuhan,2026-06-10,clean,2026-06-09 03:46:00+00:00,>24h,11,10,10,False,0.8669999999999999,-0.13300000000000012,26.03,18.7615,0.04999999999999999,0.007000000000000001,21.402,True,0.796,0.9380000000000002
highest-temperature-in-wuhan-on-june-10-2026,Wuhan,2026-06-10,clean,2026-06-09 03:47:00+00:00,>24h,11,10,10,False,0.8669999999999999,-0.13300000000000012,19.111,12.957,0.04999999999999999,0.007000000000000001,13.13,True,0.796,0.9380000000000002
highest-temperature-in-wuhan-on-june-10-2026,Wuhan,2026-06-10,clean,2026-06-09 03:45:00+00:00,>24h,11,10,10,False,0.8669999999999999,-0.13300000000000012,22.95,5.253,0.04999999999999999,0.007000000000000001,19.839,True,0.796,0.9380000000000002
highest-temperature-in-shenzhen-on-june-9-2026,Shenzhen,2026-06-09,clean,2026-06-09 01:14:00+00:00,6-24h,11,11,11,True,1.133,0.133,107524.297,6.47,0.21999999999999997,0.025,107522.625,False,0.861,1.4049999999999998
highest-temperature-in-qingdao-on-june-10-2026,Qingdao,2026-06-10,clean,2026-06-08 05:46:00+00:00,>24h,11,10,10,False,0.867,-0.133,69.056,14.8675,0.13,0.05499999999999999,68.887,True,0.596,1.1380000000000001
highest-temperature-in-atlanta-on-june-7-2026,Atlanta,2026-06-07,degraded,2026-06-06 23:02:00+00:00,6-24h,11,9,4,False,0.867,-0.133,0.248,0.1965,0.030000000000000027,0.02499999999999998,0.244,False,0.825,0.909
highest-temperature-in-seattle-on-june-10-2026,Seattle,2026-06-10,clean,2026-06-09 03:19:00+00:00,>24h,11,11,11,True,1.133,0.133,58.623,35.389,0.13,0.034999999999999996,56.965,False,0.8160000000000001,1.4499999999999997
highest-temperature-in-mexico-city-on-june-6-2026,Mexico City,2026-06-06,degraded,2026-06-05 05:54:00+00:00,>24h,11,11,9,False,0.867,-0.133,19.515,19.475,0.060000000000000026,0.019999999999999997,14.137,False,0.759,0.9750000000000001
highest-temperature-in-kuala-lumpur-on-june-5-2026,Kuala Lumpur,2026-06-05,clean,2026-06-05 08:14:00+00:00,1-6h,11,11,11,True,0.867,-0.133,78009.429,12438.25,0.498,0.003,78008.508,False,0.475,1.2590000000000001
highest-temperature-in-wuhan-on-june-10-2026,Wuhan,2026-06-10,clean,2026-06-08 20:56:00+00:00,>24h,11,10,10,False,0.867,-0.133,1.272,0.45,0.10999999999999999,0.018000000000000002,0.849,True,0.692,1.0419999999999998
highest-temperature-in-wuhan-on-june-10-2026,Wuhan,2026-06-10,clean,2026-06-08 20:53:00+00:00,>24h,11,10,10,False,0.867,-0.133,42.463,15.468,0.13,0.018000000000000002,33.624,True,0.692,1.0419999999999998
highest-temperature-in-wuhan-on-june-10-2026,Wuhan,2026-06-10,clean,2026-06-09 03:09:00+00:00,>24h,11,10,10,False,0.867,-0.133,5.922,0.491,0.06,0.007000000000000001,5.444,True,0.776,0.958
highest-temperature-in-mexico-city-on-june-6-2026,Mexico City,2026-06-06,degraded,2026-06-05 05:53:00+00:00,>24h,11,11,9,False,0.8670000000000001,-0.1329999999999999,3.376,2.428,0.060000000000000026,0.019999999999999997,3.258,False,0.759,0.9750000000000001
highest-temperature-in-wuhan-on-june-10-2026,Wuhan,2026-06-10,clean,2026-06-08 14:41:00+00:00,>24h,11,10,10,False,0.8670000000000001,-0.1329999999999999,2.617,0.22799999999999998,0.05,0.010000000000000009,2.413,True,0.794,0.9400000000000002
highest-temperature-in-ankara-on-june-11-2026,Ankara,2026-06-11,degraded,2026-06-09 05:52:00+00:00,>24h,11,11,11,True,1.1329999999999998,0.13299999999999979,0.874,0.752,0.15,0.03,0.851,False,0.899,1.367
highest-temperature-in-wuhan-on-june-10-2026,Wuhan,2026-06-10,clean,2026-06-09 01:44:00+00:00,>24h,11,10,10,False,0.8674999999999998,-0.13250000000000017,55.923,11.6,0.09999999999999998,0.008500000000000002,47.272,True,0.7630000000000001,0.972
highest-temperature-in-wuhan-on-june-10-2026,Wuhan,2026-06-10,clean,2026-06-09 03:08:00+00:00,>24h,11,10,10,False,0.8674999999999999,-0.13250000000000006,17.85,16.610999999999997,0.06,0.007000000000000001,15.485,True,0.777,0.958
highest-temperature-in-wuhan-on-june-10-2026,Wuhan,2026-06-10,clean,2026-06-09 03:19:00+00:00,>24h,11,10,10,False,0.8674999999999999,-0.13250000000000006,28.075,5.3675,0.04999999999999999,0.006000000000000002,27.501,True,0.799,0.9360000000000002
highest-temperature-in-wuhan-on-june-10-2026,Wuhan,2026-06-10,clean,2026-06-08 21:48:00+00:00,>24h,11,10,10,False,0.8674999999999999,-0.13250000000000006,2.041,1.228,0.07999999999999996,0.017,2.038,True,0.723,1.012
highest-temperature-in-wuhan-on-june-10-2026,Wuhan,2026-06-10,clean,2026-06-08 20:03:00+00:00,>24h,11,10,10,False,0.8674999999999999,-0.13250000000000006,17.589,6.292,0.11000000000000001,0.017,17.449,True,0.703,1.032
highest-temperature-in-wuhan-on-june-10-2026,Wuhan,2026-06-10,clean,2026-06-09 03:20:00+00:00,>24h,11,10,10,False,0.8674999999999999,-0.13250000000000006,27.798,8.7745,0.04999999999999999,0.006000000000000002,26.889,True,0.799,0.9360000000000002
highest-temperature-in-manila-on-june-11-2026,Manila,2026-06-11,degraded,2026-06-10 10:17:00+00:00,>24h,11,11,11,True,0.8674999999999999,-0.13250000000000006,12.487,8.285,0.06,0.005999999999999999,12.426,False,0.756,0.979
highest-temperature-in-wuhan-on-june-10-2026,Wuhan,2026-06-10,clean,2026-06-08 20:01:00+00:00,>24h,11,10,10,False,0.8674999999999999,-0.13250000000000006,42.545,2.7190000000000003,0.09999999999999998,0.017,42.391,True,0.713,1.022
highest-temperature-in-wuhan-on-june-10-2026,Wuhan,2026-06-10,clean,2026-06-08 21:46:00+00:00,>24h,11,10,10,False,0.8675,-0.13249999999999995,8.309,5.8665,0.08999999999999997,0.017,6.84,True,0.713,1.022
highest-temperature-in-kuala-lumpur-on-june-5-2026,Kuala Lumpur,2026-06-05,clean,2026-06-05 08:30:00+00:00,1-6h,11,11,11,True,0.8675,-0.13249999999999995,78969.429,13398.25,0.364,0.002,78968.43,False,0.653,1.0819999999999999
highest-temperature-in-shenzhen-on-june-9-2026,Shenzhen,2026-06-09,clean,2026-06-07 05:17:00+00:00,>24h,11,11,11,True,1.1324999999999998,0.13249999999999984,115.212,82.682,0.26,0.13999999999999999,102.26,False,0.497,1.768
highest-temperature-in-shenzhen-on-june-9-2026,Shenzhen,2026-06-09,clean,2026-06-07 05:16:00+00:00,>24h,11,11,11,True,1.1324999999999998,0.13249999999999984,55.212,40.936,0.26,0.13999999999999999,41.737,False,0.497,1.768
highest-temperature-in-shenzhen-on-june-9-2026,Shenzhen,2026-06-09,clean,2026-06-07 05:18:00+00:00,>24h,11,11,11,True,1.1324999999999998,0.13249999999999984,43.977,36.738,0.26,0.13999999999999999,34.728,False,0.497,1.768
highest-temperature-in-seattle-on-june-10-2026,Seattle,2026-06-10,clean,2026-06-09 03:20:00+00:00,>24h,11,11,11,True,1.1320000000000001,0.13200000000000012,95.392,45.392,0.13,0.034999999999999996,95.179,False,0.8160000000000001,1.4479999999999997
highest-temperature-in-wuhan-on-june-10-2026,Wuhan,2026-06-10,clean,2026-06-09 01:43:00+00:00,>24h,11,10,10,False,0.8679999999999999,-0.13200000000000012,0.34,0.3185,0.09999999999999998,0.008500000000000002,0.068,True,0.7630000000000001,0.973
highest-temperature-in-kuala-lumpur-on-june-5-2026,Kuala Lumpur,2026-06-05,clean,2026-06-05 06:09:00+00:00,1-6h,11,11,11,True,1.1320000000000001,0.13200000000000012,70509.429,4938.25,0.26,0.0010000000000000009,70509.034,False,0.8440000000000001,1.42
highest-temperature-in-wuhan-on-june-10-2026,Wuhan,2026-06-10,clean,2026-06-09 03:18:00+00:00,>24h,11,10,10,False,0.8679999999999999,-0.13200000000000012,28.631,12.488,0.04999999999999999,0.006000000000000002,26.241,True,0.8,0.9360000000000002
highest-temperature-in-wuhan-on-june-10-2026,Wuhan,2026-06-10,clean,2026-06-08 20:26:00+00:00,>24h,11,10,10,False,0.868,-0.132,5.133,4.0169999999999995,0.08999999999999997,0.017,1.176,True,0.724,1.012
highest-temperature-in-wuhan-on-june-10-2026,Wuhan,2026-06-10,clean,2026-06-10 05:00:00+00:00,6-24h,11,10,10,False,0.868,-0.132,73182.726,5.5440000000000005,0.25,0.0035,73179.456,True,0.672,1.0639999999999998
highest-temperature-in-wuhan-on-june-10-2026,Wuhan,2026-06-10,clean,2026-06-09 08:55:00+00:00,>24h,11,10,10,False,0.868,-0.132,882.726,1.3599999999999999,0.060000000000000026,0.0065,881.878,True,0.8,0.9360000000000002
highest-temperature-in-wuhan-on-june-10-2026,Wuhan,2026-06-10,clean,2026-06-09 03:54:00+00:00,>24h,11,10,10,False,0.868,-0.132,27.951,9.094999999999999,0.04000000000000001,0.006500000000000001,26.8,True,0.809,0.9270000000000002
highest-temperature-in-hong-kong-on-june-5-2026,Hong Kong,2026-06-05,clean,2026-06-05 06:51:00+00:00,1-6h,11,7,7,False,0.8680000000000001,-0.1319999999999999,62874.267,9900.92,0.039999999999999925,0.001,62871.169,True,0.8280000000000001,0.908
highest-temperature-in-wuhan-on-june-10-2026,Wuhan,2026-06-10,clean,2026-06-08 14:37:00+00:00,>24h,11,10,10,False,0.8680000000000001,-0.1319999999999999,2.583,2.56,0.05,0.010000000000000009,1.28,True,0.794,0.9420000000000002
highest-temperature-in-buenos-aires-on-june-8-2026,Buenos Aires,2026-06-08,clean,2026-06-07 01:44:00+00:00,>24h,11,10,10,False,1.132,0.1319999999999999,27.604,25.225,0.07,0.044000000000000004,25.911,True,0.9309999999999999,1.3330000000000002
highest-temperature-in-ankara-on-june-11-2026,Ankara,2026-06-11,degraded,2026-06-09 06:17:00+00:00,>24h,11,11,11,True,1.1319999999999997,0.13199999999999967,2.474,1.562,0.15,0.02999999999999997,2.431,False,0.891,1.373
highest-temperature-in-ankara-on-june-11-2026,Ankara,2026-06-11,degraded,2026-06-09 06:20:00+00:00,>24h,11,11,11,True,1.1319999999999997,0.13199999999999967,5.305,3.647,0.15,0.03999999999999998,4.052,False,0.8820000000000001,1.382
highest-temperature-in-wuhan-on-june-10-2026,Wuhan,2026-06-10,clean,2026-06-09 08:54:00+00:00,>24h,11,10,10,False,0.8684999999999999,-0.13150000000000006,822.726,7.5755,0.04000000000000001,0.0065,820.727,True,0.81,0.927
highest-temperature-in-wuhan-on-june-10-2026,Wuhan,2026-06-10,clean,2026-06-09 11:31:00+00:00,>24h,11,10,10,False,0.8684999999999999,-0.13150000000000006,10242.726,0.178,0.060000000000000026,0.0055,10242.711,True,0.792,0.9450000000000001
highest-temperature-in-ankara-on-june-11-2026,Ankara,2026-06-11,degraded,2026-06-09 06:06:00+00:00,>24h,11,11,11,True,1.1314999999999997,0.13149999999999973,14.376,11.17,0.13999999999999999,0.03,10.208,False,0.9000000000000001,1.363
highest-temperature-in-manila-on-june-11-2026,Manila,2026-06-11,degraded,2026-06-10 04:37:00+00:00,>24h,11,11,11,True,0.869,-0.131,65.131,13.95,0.030000000000000027,0.006,60.941,False,0.8,0.9380000000000002
highest-temperature-in-singapore-on-june-6-2026,Singapore,2026-06-06,degraded,2026-06-05 04:55:00+00:00,>24h,11,11,6,False,1.131,0.131,39.056,29.8415,0.21999999999999997,0.085,34.308,False,0.793,1.469
highest-temperature-in-wuhan-on-june-10-2026,Wuhan,2026-06-10,clean,2026-06-09 05:40:00+00:00,>24h,11,10,10,False,0.869,-0.131,26.125,5.574,0.08000000000000002,0.006999999999999999,24.109,True,0.7730000000000001,0.9650000000000001
highest-temperature-in-wuhan-on-june-10-2026,Wuhan,2026-06-10,clean,2026-06-09 03:55:00+00:00,>24h,11,10,10,False,0.869,-0.131,45.653,1.055,0.04000000000000001,0.006500000000000001,44.994,True,0.811,0.9270000000000002
highest-temperature-in-wuhan-on-june-10-2026,Wuhan,2026-06-10,clean,2026-06-08 15:01:00+00:00,>24h,11,10,10,False,0.869,-0.131,33.987,15.347000000000001,0.06,0.010000000000000009,33.187,True,0.782,0.9560000000000001
highest-temperature-in-wuhan-on-june-10-2026,Wuhan,2026-06-10,clean,2026-06-09 05:31:00+00:00,>24h,11,10,10,False,0.869,-0.131,9.099,2.529,0.08000000000000002,0.005,7.304,True,0.7960000000000002,0.9420000000000001
highest-temperature-in-wuhan-on-june-10-2026,Wuhan,2026-06-10,clean,2026-06-09 08:56:00+00:00,>24h,11,10,10,False,0.869,-0.131,942.726,3.342,0.06,0.007,941.947,True,0.8,0.9380000000000001
highest-temperature-in-wuhan-on-june-10-2026,Wuhan,2026-06-10,clean,2026-06-08 14:42:00+00:00,>24h,11,10,10,False,0.8690000000000001,-0.1309999999999999,39.02,11.8885,0.05,0.010000000000000009,32.697,True,0.796,0.9420000000000002
highest-temperature-in-taipei-on-june-8-2026,Taipei,2026-06-08,clean,2026-06-07 23:34:00+00:00,6-24h,11,11,11,True,1.1305000000000003,0.13050000000000028,1473.239,3.905,0.06,0.014,1473.216,False,1.0399999999999996,1.2209999999999999
highest-temperature-in-wuhan-on-june-10-2026,Wuhan,2026-06-10,clean,2026-06-09 01:45:00+00:00,>24h,11,10,10,False,0.8694999999999998,-0.13050000000000017,32.061,9.735,0.09999999999999998,0.008500000000000002,31.886,True,0.7630000000000001,0.976
highest-temperature-in-wuhan-on-june-10-2026,Wuhan,2026-06-10,clean,2026-06-09 01:47:00+00:00,>24h,11,10,10,False,0.8694999999999998,-0.13050000000000017,48.166,3.681,0.09999999999999998,0.008500000000000002,46.24,True,0.7630000000000001,0.976
highest-temperature-in-wuhan-on-june-10-2026,Wuhan,2026-06-10,clean,2026-06-09 01:46:00+00:00,>24h,11,10,10,False,0.8694999999999998,-0.13050000000000017,27.97,2.6925,0.09999999999999998,0.008500000000000002,27.777,True,0.7630000000000001,0.976
highest-temperature-in-wuhan-on-june-10-2026,Wuhan,2026-06-10,clean,2026-06-09 07:23:00+00:00,>24h,11,10,10,False,0.8694999999999999,-0.13050000000000006,45.848,2.7990000000000004,0.04000000000000001,0.005,45.535,True,0.812,0.9270000000000002
highest-temperature-in-wuhan-on-june-10-2026,Wuhan,2026-06-10,clean,2026-06-08 10:33:00+00:00,>24h,11,10,10,False,0.8694999999999999,-0.13050000000000006,0.432,0.335,0.08999999999999997,0.0475,0.187,True,0.678,1.061
highest-temperature-in-munich-on-june-6-2026,Munich,2026-06-06,degraded,2026-06-05 08:48:00+00:00,>24h,11,11,11,True,1.1305,0.13050000000000006,6311.416,11.783,0.12,0.004,6310.386,False,1.0110000000000001,1.25
highest-temperature-in-shenzhen-on-june-9-2026,Shenzhen,2026-06-09,clean,2026-06-09 01:13:00+00:00,6-24h,11,11,11,True,1.1305,0.13050000000000006,107464.297,10.282,0.21999999999999997,0.025999999999999995,107459.864,False,0.821,1.4399999999999997
highest-temperature-in-wuhan-on-june-10-2026,Wuhan,2026-06-10,clean,2026-06-09 05:41:00+00:00,>24h,11,10,10,False,0.8694999999999999,-0.13050000000000006,9.304,7.550000000000001,0.09000000000000002,0.006499999999999999,6.775,True,0.774,0.9650000000000001
highest-temperature-in-wuhan-on-june-10-2026,Wuhan,2026-06-10,clean,2026-06-09 11:34:00+00:00,>24h,11,10,10,False,0.8694999999999999,-0.13050000000000006,10422.726,4.4215,0.05000000000000002,0.0055,10422.646,True,0.803,0.936
highest-temperature-in-wuhan-on-june-10-2026,Wuhan,2026-06-10,clean,2026-06-10 01:28:00+00:00,6-24h,11,10,10,False,0.8694999999999999,-0.13050000000000006,60462.726,0.339,0.06,0.004,60462.703,True,0.803,0.936
highest-temperature-in-hong-kong-on-june-5-2026,Hong Kong,2026-06-05,clean,2026-06-05 06:58:00+00:00,1-6h,11,7,7,False,0.8694999999999999,-0.13050000000000006,63294.267,10320.92,0.029999999999999916,0.001,63292.512,True,0.8370000000000001,0.902
highest-temperature-in-hong-kong-on-june-5-2026,Hong Kong,2026-06-05,clean,2026-06-05 06:57:00+00:00,1-6h,11,7,7,False,0.8694999999999999,-0.13050000000000006,63234.267,10260.92,0.029999999999999916,0.001,63233.726,True,0.8370000000000001,0.902
highest-temperature-in-hong-kong-on-june-5-2026,Hong Kong,2026-06-05,clean,2026-06-05 06:56:00+00:00,1-6h,11,7,7,False,0.8694999999999999,-0.13050000000000006,63174.267,10200.92,0.029999999999999916,0.001,63173.766,True,0.8370000000000001,0.902
highest-temperature-in-manila-on-june-11-2026,Manila,2026-06-11,degraded,2026-06-10 04:38:00+00:00,>24h,11,11,11,True,0.8695,-0.13049999999999995,86.746,19.013,0.030000000000000027,0.007000000000000001,79.463,False,0.8,0.9390000000000001
highest-temperature-in-kuala-lumpur-on-june-5-2026,Kuala Lumpur,2026-06-05,clean,2026-06-05 05:34:00+00:00,6-24h,11,11,11,True,1.1300000000000001,0.13000000000000012,68409.429,2838.25,0.23000000000000004,0.001,68409.419,False,0.8860000000000001,1.374
highest-temperature-in-shenzhen-on-june-9-2026,Shenzhen,2026-06-09,clean,2026-06-09 04:00:00+00:00,6-24h,11,11,11,True,1.1300000000000001,0.13000000000000012,117484.297,1.08,0.099,0.01999999999999999,117484.291,False,0.995,1.2650000000000001
highest-temperature-in-wuhan-on-june-10-2026,Wuhan,2026-06-10,clean,2026-06-09 05:14:00+00:00,>24h,11,10,10,False,0.8699999999999999,-0.13000000000000012,15.769,5.65,0.07000000000000003,0.005500000000000001,13.77,True,0.795,0.9450000000000001
highest-temperature-in-wuhan-on-june-10-2026,Wuhan,2026-06-10,clean,2026-06-09 05:49:00+00:00,>24h,11,10,10,False,0.8699999999999999,-0.13000000000000012,28.526,4.18,0.10999999999999999,0.007000000000000001,27.805,True,0.762,0.978
highest-temperature-in-wuhan-on-june-10-2026,Wuhan,2026-06-10,clean,2026-06-09 11:38:00+00:00,>24h,11,10,10,False,0.8699999999999999,-0.13000000000000012,10662.726,2.7809999999999997,0.05000000000000002,0.006,10662.237,True,0.803,0.937
highest-temperature-in-shenzhen-on-june-9-2026,Shenzhen,2026-06-09,clean,2026-06-09 01:03:00+00:00,6-24h,11,11,11,True,1.1300000000000001,0.13000000000000012,106864.297,36.468,0.06,0.024999999999999998,106864.037,False,0.975,1.285
highest-temperature-in-manila-on-june-11-2026,Manila,2026-06-11,degraded,2026-06-11 03:07:00+00:00,6-24h,11,11,11,True,1.1300000000000001,0.13000000000000012,39902.386,1.765,0.34,0.001,39902.102,False,0.8600000000000001,1.4
highest-temperature-in-wuhan-on-june-10-2026,Wuhan,2026-06-10,clean,2026-06-08 11:01:00+00:00,>24h,11,10,10,False,0.87,-0.13,24.987,12.012,0.09,0.032,24.584,True,0.6920000000000001,1.048
highest-temperature-in-wuhan-on-june-10-2026,Wuhan,2026-06-10,clean,2026-06-08 11:00:00+00:00,>24h,11,10,10,False,0.87,-0.13,1.144,0.686,0.09,0.032,0.522,True,0.6920000000000001,1.048
highest-temperature-in-wuhan-on-june-10-2026,Wuhan,2026-06-10,clean,2026-06-08 15:00:00+00:00,>24h,11,10,10,False,0.87,-0.13,14.306,9.46,0.06,0.010000000000000009,14.101,True,0.782,0.9580000000000001
highest-temperature-in-wuhan-on-june-10-2026,Wuhan,2026-06-10,clean,2026-06-09 07:17:00+00:00,>24h,11,10,10,False,0.87,-0.13,11.657,3.386,0.04000000000000001,0.005,10.941,True,0.812,0.9280000000000002
highest-temperature-in-shanghai-on-june-10-2026,Shanghai,2026-06-10,clean,2026-06-08 05:59:00+00:00,>24h,11,11,11,True,1.1295000000000002,0.12950000000000017,1.573,1.42,0.11,0.039999999999999994,1.505,False,0.836,1.4230000000000003
highest-temperature-in-shenzhen-on-june-9-2026,Shenzhen,2026-06-09,clean,2026-06-09 02:29:00+00:00,6-24h,11,11,11,True,1.1295000000000002,0.12950000000000017,112024.297,1.752,0.17,0.030000000000000013,112023.96,False,0.868,1.391
highest-temperature-in-wuhan-on-june-10-2026,Wuhan,2026-06-10,clean,2026-06-09 02:34:00+00:00,>24h,11,10,10,False,0.8704999999999998,-0.12950000000000017,7.798,2.245,0.06999999999999998,0.007000000000000001,7.592,True,0.793,0.948
highest-temperature-in-wuhan-on-june-10-2026,Wuhan,2026-06-10,clean,2026-06-09 02:35:00+00:00,>24h,11,10,10,False,0.8704999999999998,-0.12950000000000017,2.437,1.04,0.06999999999999998,0.007000000000000001,2.235,True,0.793,0.948
highest-temperature-in-qingdao-on-june-10-2026,Qingdao,2026-06-10,clean,2026-06-10 03:02:00+00:00,6-24h,11,10,10,False,1.1295000000000002,0.12950000000000017,7496.035,34.4165,0.19099999999999998,0.0069999999999999975,7496.022,True,0.8640000000000001,1.3949999999999998
highest-temperature-in-panama-city-on-june-9-2026,Panama City,2026-06-09,clean,2026-06-09 10:02:00+00:00,1-6h,11,11,11,True,1.1295000000000002,0.12950000000000017,52214.758,1.661,0.10999999999999999,0.006,52214.666,False,0.989,1.27
highest-temperature-in-wuhan-on-june-10-2026,Wuhan,2026-06-10,clean,2026-06-08 22:13:00+00:00,>24h,11,10,10,False,0.8704999999999999,-0.12950000000000006,3.27,3.269,0.07,0.019000000000000003,3.261,True,0.759,0.9820000000000001
highest-temperature-in-wuhan-on-june-10-2026,Wuhan,2026-06-10,clean,2026-06-09 05:30:00+00:00,>24h,11,10,10,False,0.8704999999999999,-0.12950000000000006,7.982,3.4210000000000003,0.08000000000000002,0.005000000000000001,7.7219999999999995,True,0.7960000000000002,0.9450000000000001
highest-temperature-in-wuhan-on-june-10-2026,Wuhan,2026-06-10,clean,2026-06-09 10:59:00+00:00,>24h,11,10,10,False,0.8704999999999999,-0.12950000000000006,8322.726,7.101,0.03,0.0055,8320.322,True,0.8230000000000001,0.918
highest-temperature-in-wuhan-on-june-10-2026,Wuhan,2026-06-10,clean,2026-06-09 10:55:00+00:00,>24h,11,10,10,False,0.8704999999999999,-0.12950000000000006,8082.726,2.755,0.03,0.0055,8082.649,True,0.8230000000000001,0.918
highest-temperature-in-wuhan-on-june-10-2026,Wuhan,2026-06-10,clean,2026-06-09 05:19:00+00:00,>24h,11,10,10,False,0.8704999999999999,-0.12950000000000006,12.787,6.603,0.04000000000000001,0.005000000000000001,12.364,True,0.816,0.925
highest-temperature-in-wuhan-on-june-10-2026,Wuhan,2026-06-10,clean,2026-06-09 05:22:00+00:00,>24h,11,10,10,False,0.8704999999999999,-0.12950000000000006,0.143,0.142,0.060000000000000026,0.005000000000000001,0.112,True,0.8059999999999999,0.935
highest-temperature-in-wuhan-on-june-10-2026,Wuhan,2026-06-10,clean,2026-06-09 07:22:00+00:00,>24h,11,10,10,False,0.8704999999999999,-0.12950000000000006,16.801,6.7705,0.04000000000000001,0.005500000000000001,12.334,True,0.812,0.9290000000000002
highest-temperature-in-wuhan-on-june-10-2026,Wuhan,2026-06-10,clean,2026-06-09 10:54:00+00:00,>24h,11,10,10,False,0.8704999999999999,-0.12950000000000006,8022.726,1.9060000000000001,0.03,0.0055,8022.219,True,0.8230000000000001,0.918
highest-temperature-in-wuhan-on-june-10-2026,Wuhan,2026-06-10,clean,2026-06-09 10:50:00+00:00,>24h,11,10,10,False,0.8704999999999999,-0.12950000000000006,7782.726,1.112,0.03,0.0055,7782.66,True,0.8230000000000001,0.918
highest-temperature-in-wuhan-on-june-10-2026,Wuhan,2026-06-10,clean,2026-06-09 10:52:00+00:00,>24h,11,10,10,False,0.8704999999999999,-0.12950000000000006,7902.726,4.18,0.03,0.0055,7900.938,True,0.8230000000000001,0.918
highest-temperature-in-wuhan-on-june-10-2026,Wuhan,2026-06-10,clean,2026-06-09 10:49:00+00:00,>24h,11,10,10,False,0.8704999999999999,-0.12950000000000006,7722.726,1.0815000000000001,0.03,0.0055,7722.569,True,0.8230000000000001,0.918
highest-temperature-in-mexico-city-on-june-6-2026,Mexico City,2026-06-06,degraded,2026-06-05 05:40:00+00:00,>24h,11,11,9,False,0.8704999999999999,-0.12950000000000006,8.468,3.404,0.10000000000000003,0.019999999999999997,7.607,False,0.7260000000000001,1.0150000000000001
highest-temperature-in-wuhan-on-june-10-2026,Wuhan,2026-06-10,clean,2026-06-09 10:53:00+00:00,>24h,11,10,10,False,0.8704999999999999,-0.12950000000000006,7962.726,6.6775,0.03,0.0055,7961.829,True,0.8230000000000001,0.918
highest-temperature-in-wuhan-on-june-10-2026,Wuhan,2026-06-10,clean,2026-06-08 14:22:00+00:00,>24h,11,10,10,False,0.8705,-0.12949999999999995,14.689,1.107,0.039999999999999994,0.011500000000000005,14.391,True,0.793,0.9480000000000002
highest-temperature-in-wuhan-on-june-10-2026,Wuhan,2026-06-10,clean,2026-06-08 22:48:00+00:00,>24h,11,10,10,False,0.8705,-0.12949999999999995,5.652,5.3405000000000005,0.10999999999999999,0.019000000000000003,5.639,True,0.709,1.032
highest-temperature-in-wuhan-on-june-10-2026,Wuhan,2026-06-10,clean,2026-06-08 22:06:00+00:00,>24h,11,10,10,False,0.8705,-0.12949999999999995,4.247,3.2625,0.09,0.019000000000000003,1.0,True,0.719,1.022
highest-temperature-in-wuhan-on-june-10-2026,Wuhan,2026-06-10,clean,2026-06-08 22:47:00+00:00,>24h,11,10,10,False,0.8705,-0.12949999999999995,2.178,2.1425,0.10999999999999999,0.019000000000000003,2.11,True,0.709,1.032
highest-temperature-in-kuala-lumpur-on-june-5-2026,Kuala Lumpur,2026-06-05,clean,2026-06-05 06:58:00+00:00,1-6h,11,11,11,True,1.1290000000000002,0.12900000000000023,73449.429,7878.25,0.32999999999999996,0.003,73447.948,False,0.6789999999999999,1.579
highest-temperature-in-kuala-lumpur-on-june-5-2026,Kuala Lumpur,2026-06-05,clean,2026-06-05 03:07:00+00:00,6-24h,11,11,11,True,1.1290000000000002,0.12900000000000023,59589.429,17.851,0.039999999999999994,0.010000000000000009,59589.372,False,1.0599999999999998,1.1980000000000002
highest-temperature-in-wuhan-on-june-10-2026,Wuhan,2026-06-10,clean,2026-06-09 05:26:00+00:00,>24h,11,10,10,False,0.8709999999999999,-0.12900000000000011,25.487,6.7330000000000005,0.09999999999999998,0.005500000000000001,25.2,True,0.7860000000000001,0.956
highest-temperature-in-wuhan-on-june-10-2026,Wuhan,2026-06-10,clean,2026-06-08 10:14:00+00:00,>24h,11,10,10,False,0.8709999999999999,-0.12900000000000011,90.815,9.357,0.07999999999999996,0.044500000000000005,90.679,True,0.703,1.039
highest-temperature-in-wuhan-on-june-10-2026,Wuhan,2026-06-10,clean,2026-06-09 10:51:00+00:00,>24h,11,10,10,False,0.8709999999999999,-0.12900000000000011,7842.726,1.697,0.03,0.006,7842.674,True,0.8230000000000001,0.919
highest-temperature-in-wuhan-on-june-10-2026,Wuhan,2026-06-10,clean,2026-06-09 05:18:00+00:00,>24h,11,10,10,False,0.8709999999999999,-0.12900000000000011,24.877,15.8845,0.04000000000000001,0.005500000000000001,24.077,True,0.816,0.926
highest-temperature-in-wuhan-on-june-10-2026,Wuhan,2026-06-10,clean,2026-06-08 10:06:00+00:00,>24h,11,10,10,False,0.871,-0.129,48.812,1.2835,0.10000000000000003,0.044500000000000005,48.22,True,0.6719999999999999,1.0700000000000003
highest-temperature-in-wuhan-on-june-10-2026,Wuhan,2026-06-10,clean,2026-06-10 06:45:00+00:00,1-6h,11,10,10,False,1.129,0.129,79482.726,51.047999999999995,0.030000000000000027,0.0035,79482.695,True,1.075,1.1829999999999998
highest-temperature-in-wuhan-on-june-10-2026,Wuhan,2026-06-10,clean,2026-06-08 22:10:00+00:00,>24h,11,10,10,False,0.871,-0.129,23.238,11.112,0.07999999999999996,0.018500000000000003,20.113,True,0.74,1.002
highest-temperature-in-wuhan-on-june-10-2026,Wuhan,2026-06-10,clean,2026-06-08 21:47:00+00:00,>24h,11,10,10,False,0.871,-0.129,2.148,2.0295,0.08000000000000002,0.018500000000000003,2.082,True,0.72,1.022
highest-temperature-in-wuhan-on-june-10-2026,Wuhan,2026-06-10,clean,2026-06-08 22:12:00+00:00,>24h,11,10,10,False,0.871,-0.129,9.966,5.0435,0.08000000000000002,0.018500000000000003,5.636,True,0.75,0.9920000000000001
highest-temperature-in-wuhan-on-june-10-2026,Wuhan,2026-06-10,clean,2026-06-08 20:39:00+00:00,>24h,11,10,10,False,0.8710000000000001,-0.1289999999999999,0.51,0.482,0.11000000000000001,0.018500000000000003,0.447,True,0.69,1.0519999999999998
highest-temperature-in-wuhan-on-june-10-2026,Wuhan,2026-06-10,clean,2026-06-08 14:09:00+00:00,>24h,11,10,10,False,0.8710000000000001,-0.1289999999999999,11.118,5.0915,0.05,0.009500000000000005,6.797,True,0.8,0.9420000000000002
highest-temperature-in-wuhan-on-june-10-2026,Wuhan,2026-06-10,clean,2026-06-08 20:04:00+00:00,>24h,11,10,10,False,0.8710000000000001,-0.1289999999999999,15.201,6.1125,0.12000000000000002,0.018500000000000003,14.349,True,0.7,1.0419999999999998
highest-temperature-in-wuhan-on-june-10-2026,Wuhan,2026-06-10,clean,2026-06-08 22:46:00+00:00,>24h,11,10,10,False,0.8710000000000001,-0.1289999999999999,0.101,0.0645,0.10999999999999999,0.018500000000000003,0.052,True,0.71,1.032
highest-temperature-in-wuhan-on-june-10-2026,Wuhan,2026-06-10,clean,2026-06-08 14:35:00+00:00,>24h,11,10,10,False,0.8710000000000001,-0.1289999999999999,19.06,0.7695,0.04000000000000001,0.010000000000000009,18.986,True,0.803,0.9390000000000002
highest-temperature-in-shenzhen-on-june-9-2026,Shenzhen,2026-06-09,clean,2026-06-07 06:24:00+00:00,>24h,11,11,11,True,1.1285000000000003,0.12850000000000028,170.971,37.088,0.21000000000000002,0.068,153.859,False,0.672,1.5850000000000002
highest-temperature-in-shenzhen-on-june-9-2026,Shenzhen,2026-06-09,clean,2026-06-07 06:21:00+00:00,>24h,11,11,11,True,1.1285000000000003,0.12850000000000028,7.135,5.998,0.2,0.068,7.078,False,0.662,1.595
highest-temperature-in-shenzhen-on-june-9-2026,Shenzhen,2026-06-09,clean,2026-06-07 06:38:00+00:00,>24h,11,11,11,True,1.1285000000000003,0.12850000000000028,109.223,53.137,0.21999999999999997,0.068,106.515,False,0.643,1.614
highest-temperature-in-kuala-lumpur-on-june-5-2026,Kuala Lumpur,2026-06-05,clean,2026-06-05 06:40:00+00:00,1-6h,11,11,11,True,1.1285000000000003,0.12850000000000028,72369.429,6798.25,0.08000000000000002,0.003,72369.406,False,1.029,1.2280000000000002
highest-temperature-in-wuhan-on-june-10-2026,Wuhan,2026-06-10,clean,2026-06-09 10:26:00+00:00,>24h,11,10,10,False,0.8714999999999998,-0.12850000000000017,6342.726,1.672,0.03,0.004999999999999999,6342.316,True,0.8240000000000001,0.919
highest-temperature-in-wuhan-on-june-10-2026,Wuhan,2026-06-10,clean,2026-06-09 05:37:00+00:00,>24h,11,10,10,False,0.8714999999999998,-0.12850000000000017,7.176,6.3835,0.09000000000000002,0.006499999999999999,5.348,True,0.775,0.9680000000000001
highest-temperature-in-shenzhen-on-june-9-2026,Shenzhen,2026-06-09,clean,2026-06-07 05:37:00+00:00,>24h,11,11,11,True,1.1285,0.12850000000000006,42.93,42.905,0.25,0.13,40.757,False,0.535,1.722
highest-temperature-in-karachi-on-june-11-2026,Karachi,2026-06-11,degraded,2026-06-09 05:34:00+00:00,>24h,11,11,8,False,0.8714999999999999,-0.12850000000000006,0.438,0.3775,0.16,0.11500000000000002,0.217,False,0.393,1.3499999999999999
highest-temperature-in-mexico-city-on-june-6-2026,Mexico City,2026-06-06,degraded,2026-06-05 05:42:00+00:00,>24h,11,11,9,False,0.8715,-0.12849999999999995,3.413,3.348,0.08000000000000002,0.019999999999999997,1.258,False,0.7480000000000001,0.9950000000000001
highest-temperature-in-wuhan-on-june-10-2026,Wuhan,2026-06-10,clean,2026-06-08 14:59:00+00:00,>24h,11,10,10,False,0.8715,-0.12849999999999995,14.365,0.318,0.07,0.009500000000000005,14.047,True,0.781,0.9620000000000001
highest-temperature-in-wuhan-on-june-10-2026,Wuhan,2026-06-10,clean,2026-06-09 03:33:00+00:00,>24h,11,10,10,False,0.8719999999999998,-0.12800000000000022,9.229,4.1415,0.04000000000000001,0.007000000000000001,6.095,True,0.806,0.9380000000000002
highest-temperature-in-wuhan-on-june-10-2026,Wuhan,2026-06-10,clean,2026-06-09 03:34:00+00:00,>24h,11,10,10,False,0.8719999999999998,-0.12800000000000022,5.566,0.092,0.04000000000000001,0.007000000000000001,5.486,True,0.806,0.9380000000000002
highest-temperature-in-shenzhen-on-june-9-2026,Shenzhen,2026-06-09,clean,2026-06-07 06:40:00+00:00,>24h,11,11,11,True,1.1280000000000001,0.1280000000000001,43.148,43.023,0.22999999999999998,0.06,35.542,False,0.633,1.623
highest-temperature-in-moscow-on-june-4-2026,Moscow,2026-06-04,clean,2026-06-04 03:43:00+00:00,6-24h,11,11,11,True,1.1280000000000001,0.1280000000000001,6724.016,1.408,0.089,0.010000000000000009,6723.923,False,0.968,1.2879999999999998
highest-temperature-in-beijing-on-june-8-2026,Beijing,2026-06-08,clean,2026-06-08 04:08:00+00:00,6-24h,11,11,11,True,1.1280000000000001,0.1280000000000001,13762.161,0.074,0.13799999999999998,0.008,13762.161,False,0.9420000000000001,1.3139999999999998
highest-temperature-in-wuhan-on-june-10-2026,Wuhan,2026-06-10,clean,2026-06-08 20:31:00+00:00,>24h,11,10,10,False,0.872,-0.128,2.669,2.3905,0.08000000000000002,0.018000000000000002,0.994,True,0.732,1.012
highest-temperature-in-mexico-city-on-june-6-2026,Mexico City,2026-06-06,degraded,2026-06-05 05:41:00+00:00,>24h,11,11,9,False,0.872,-0.128,6.684,1.89,0.10000000000000003,0.019999999999999997,6.058,False,0.7290000000000001,1.0150000000000001
highest-temperature-in-atlanta-on-june-7-2026,Atlanta,2026-06-07,degraded,2026-06-06 23:01:00+00:00,6-24h,11,9,4,False,0.872,-0.128,0.111,0.0375,0.030000000000000027,0.029999999999999985,0.102,False,0.825,0.919
highest-temperature-in-wuhan-on-june-10-2026,Wuhan,2026-06-10,clean,2026-06-09 07:20:00+00:00,>24h,11,10,10,False,0.872,-0.128,18.557,0.9135,0.04000000000000001,0.006000000000000001,18.555,True,0.812,0.9320000000000002
highest-temperature-in-wuhan-on-june-10-2026,Wuhan,2026-06-10,clean,2026-06-08 20:27:00+00:00,>24h,11,10,10,False,0.872,-0.128,1.864,1.7945,0.08000000000000002,0.018000000000000002,1.658,True,0.732,1.012
highest-temperature-in-wuhan-on-june-10-2026,Wuhan,2026-06-10,clean,2026-06-08 14:28:00+00:00,>24h,11,10,10,False,0.8720000000000001,-0.1279999999999999,3.693,2.8499999999999996,0.05,0.012500000000000004,1.8940000000000001,True,0.794,0.9500000000000002
highest-temperature-in-qingdao-on-june-10-2026,Qingdao,2026-06-10,clean,2026-06-10 02:32:00+00:00,6-24h,11,10,10,False,1.128,0.1279999999999999,5696.035,5.3565000000000005,0.09999999999999998,0.0175,5694.853,True,0.9380000000000001,1.318
highest-temperature-in-karachi-on-june-11-2026,Karachi,2026-06-11,degraded,2026-06-09 06:33:00+00:00,>24h,11,11,11,True,0.8720000000000001,-0.1279999999999999,28.617,23.641,0.1,0.010000000000000009,27.645,False,0.6930000000000001,1.0510000000000002
highest-temperature-in-ankara-on-june-11-2026,Ankara,2026-06-11,degraded,2026-06-09 05:53:00+00:00,>24h,11,11,11,True,1.128,0.1279999999999999,8.639,4.979,0.13000000000000003,0.03,5.721,False,0.899,1.3569999999999998
highest-temperature-in-wuhan-on-june-10-2026,Wuhan,2026-06-10,clean,2026-06-08 20:54:00+00:00,>24h,11,10,10,False,0.8720000000000001,-0.1279999999999999,31.013,16.87,0.13,0.018000000000000002,30.109,True,0.692,1.0519999999999998
highest-temperature-in-karachi-on-june-11-2026,Karachi,2026-06-11,degraded,2026-06-09 06:31:00+00:00,>24h,11,11,11,True,0.8720000000000001,-0.1279999999999999,27.719,19.591,0.1,0.010000000000000009,22.34,False,0.6930000000000001,1.0510000000000002
highest-temperature-in-karachi-on-june-11-2026,Karachi,2026-06-11,degraded,2026-06-09 06:32:00+00:00,>24h,11,11,11,True,0.8720000000000001,-0.1279999999999999,6.194,5.995,0.1,0.010000000000000009,1.448,False,0.6930000000000001,1.0510000000000002
highest-temperature-in-wuhan-on-june-10-2026,Wuhan,2026-06-10,clean,2026-06-08 20:25:00+00:00,>24h,11,10,10,False,0.8720000000000001,-0.1279999999999999,8.556,6.023,0.08999999999999997,0.018000000000000002,7.841,True,0.732,1.012
highest-temperature-in-wuhan-on-june-10-2026,Wuhan,2026-06-10,clean,2026-06-09 10:07:00+00:00,>24h,11,10,10,False,0.8724999999999998,-0.12750000000000017,5202.726,9.288,0.03,0.004999999999999999,5201.815,True,0.8250000000000001,0.92
highest-temperature-in-wuhan-on-june-10-2026,Wuhan,2026-06-10,clean,2026-06-09 10:06:00+00:00,>24h,11,10,10,False,0.8724999999999998,-0.12750000000000017,5142.726,12.6015,0.03,0.004999999999999999,5140.056,True,0.8250000000000001,0.92
highest-temperature-in-hong-kong-on-june-5-2026,Hong Kong,2026-06-05,clean,2026-06-05 06:52:00+00:00,1-6h,11,7,7,False,0.8724999999999999,-0.12750000000000006,62934.267,9960.92,0.04999999999999993,0.001,62933.921,True,0.8280000000000001,0.917
highest-temperature-in-wuhan-on-june-10-2026,Wuhan,2026-06-10,clean,2026-06-08 09:59:00+00:00,>24h,11,10,10,False,0.8724999999999999,-0.12750000000000006,56.308,0.5895,0.07999999999999999,0.03500000000000002,56.275,True,0.7010000000000001,1.044
highest-temperature-in-wuhan-on-june-10-2026,Wuhan,2026-06-10,clean,2026-06-08 20:28:00+00:00,>24h,11,10,10,False,0.8724999999999999,-0.12750000000000006,11.632,2.6635,0.08000000000000002,0.0175,9.783,True,0.733,1.012
highest-temperature-in-wuhan-on-june-10-2026,Wuhan,2026-06-10,clean,2026-06-08 22:28:00+00:00,>24h,11,10,10,False,0.8725,-0.12749999999999995,20.605,1.7175,0.10999999999999999,0.017,20.593,True,0.7130000000000001,1.032
highest-temperature-in-wuhan-on-june-10-2026,Wuhan,2026-06-10,clean,2026-06-08 14:40:00+00:00,>24h,11,10,10,False,0.8725,-0.12749999999999995,7.346,4.8870000000000005,0.04000000000000001,0.010000000000000009,2.63,True,0.804,0.9410000000000002
highest-temperature-in-manila-on-june-11-2026,Manila,2026-06-11,degraded,2026-06-10 10:26:00+00:00,>24h,11,11,11,True,0.8725,-0.12749999999999995,13.693,9.215,0.08000000000000002,0.005999999999999999,12.591,False,0.746,0.999
highest-temperature-in-manila-on-june-11-2026,Manila,2026-06-11,degraded,2026-06-10 10:25:00+00:00,>24h,11,11,11,True,0.8725,-0.12749999999999995,149.389,14.214,0.08000000000000002,0.005999999999999999,149.249,False,0.746,0.999
highest-temperature-in-shenzhen-on-june-9-2026,Shenzhen,2026-06-09,clean,2026-06-07 05:15:00+00:00,>24h,11,11,11,True,1.1275,0.12749999999999995,5.261,2.773,0.26,0.13999999999999999,2.5789999999999997,False,0.487,1.768
highest-temperature-in-wuhan-on-june-10-2026,Wuhan,2026-06-10,clean,2026-06-08 09:58:00+00:00,>24h,11,10,10,False,0.8725,-0.12749999999999995,38.452,1.4405000000000001,0.10999999999999999,0.039999999999999994,37.672,True,0.6910000000000001,1.054
highest-temperature-in-wuhan-on-june-10-2026,Wuhan,2026-06-10,clean,2026-06-09 03:21:00+00:00,>24h,11,10,10,False,0.8729999999999999,-0.1270000000000001,11.569,7.904999999999999,0.04000000000000001,0.006000000000000002,9.004,True,0.81,0.9360000000000002
highest-temperature-in-wuhan-on-june-10-2026,Wuhan,2026-06-10,clean,2026-06-08 10:36:00+00:00,>24h,11,10,10,False,0.8729999999999999,-0.1270000000000001,23.759,9.561,0.07,0.041,23.712,True,0.7050000000000001,1.041
highest-temperature-in-wuhan-on-june-10-2026,Wuhan,2026-06-10,clean,2026-06-09 03:53:00+00:00,>24h,11,10,10,False,0.8729999999999999,-0.1270000000000001,25.352,1.745,0.04000000000000001,0.006500000000000001,24.431,True,0.809,0.9370000000000002
highest-temperature-in-wuhan-on-june-10-2026,Wuhan,2026-06-10,clean,2026-06-08 23:50:00+00:00,>24h,11,10,10,False,0.8729999999999999,-0.1270000000000001,8.071,3.3645,0.09999999999999998,0.007999999999999997,6.316,True,0.749,0.997
highest-temperature-in-wuhan-on-june-10-2026,Wuhan,2026-06-10,clean,2026-06-09 07:18:00+00:00,>24h,11,10,10,False,0.873,-0.127,11.164,6.949,0.04000000000000001,0.006000000000000002,10.168,True,0.812,0.9340000000000002
highest-temperature-in-manila-on-june-11-2026,Manila,2026-06-11,degraded,2026-06-10 04:59:00+00:00,>24h,11,11,11,True,0.873,-0.127,34.167,8.621,0.04999999999999999,0.010000000000000009,33.917,False,0.798,0.9480000000000002
highest-temperature-in-karachi-on-june-11-2026,Karachi,2026-06-11,degraded,2026-06-10 17:34:00+00:00,6-24h,11,11,11,True,0.873,-0.127,121369.477,0.159,0.06,0.023000000000000007,121369.331,False,0.74,1.006
highest-temperature-in-wuhan-on-june-10-2026,Wuhan,2026-06-10,clean,2026-06-09 07:19:00+00:00,>24h,11,10,10,False,0.873,-0.127,17.546,3.959,0.04000000000000001,0.006000000000000002,16.094,True,0.812,0.9340000000000002
highest-temperature-in-wuhan-on-june-10-2026,Wuhan,2026-06-10,clean,2026-06-08 20:30:00+00:00,>24h,11,10,10,False,0.873,-0.127,25.046,3.3040000000000003,0.08000000000000002,0.017,24.372,True,0.734,1.012
highest-temperature-in-seattle-on-june-10-2026,Seattle,2026-06-10,clean,2026-06-09 03:21:00+00:00,>24h,11,11,11,True,1.127,0.127,0.154,0.147,0.12000000000000001,0.034999999999999996,0.141,False,0.8360000000000001,1.4179999999999997
highest-temperature-in-shenzhen-on-june-9-2026,Shenzhen,2026-06-09,clean,2026-06-07 05:43:00+00:00,>24h,11,11,11,True,1.127,0.127,26.458,8.577,0.18000000000000002,0.109,21.862,False,0.605,1.6490000000000002
highest-temperature-in-shenzhen-on-june-9-2026,Shenzhen,2026-06-09,clean,2026-06-07 05:44:00+00:00,>24h,11,11,11,True,1.127,0.127,86.457,64.596,0.18000000000000002,0.109,84.834,False,0.605,1.6490000000000002
highest-temperature-in-istanbul-on-june-12-2026,Istanbul,2026-06-12,degraded,2026-06-10 06:51:00+00:00,>24h,11,11,11,True,0.873,-0.127,35.736,4.999,0.13,0.03900000000000001,33.447,False,0.6070000000000001,1.139
highest-temperature-in-wuhan-on-june-10-2026,Wuhan,2026-06-10,clean,2026-06-08 14:26:00+00:00,>24h,11,10,10,False,0.8730000000000001,-0.1269999999999999,7.632,5.4595,0.04000000000000001,0.0165,5.66,True,0.784,0.9620000000000002
highest-temperature-in-wuhan-on-june-10-2026,Wuhan,2026-06-10,clean,2026-06-08 14:39:00+00:00,>24h,11,10,10,False,0.8730000000000001,-0.1269999999999999,22.384,19.676,0.04000000000000001,0.010000000000000009,20.202,True,0.804,0.9420000000000002
highest-temperature-in-wuhan-on-june-10-2026,Wuhan,2026-06-10,clean,2026-06-08 14:38:00+00:00,>24h,11,10,10,False,0.8730000000000001,-0.1269999999999999,10.333,10.303999999999998,0.04000000000000001,0.010000000000000009,5.57,True,0.804,0.9420000000000002
highest-temperature-in-istanbul-on-june-12-2026,Istanbul,2026-06-12,degraded,2026-06-10 06:50:00+00:00,>24h,11,11,11,True,0.8730000000000001,-0.1269999999999999,4.997,2.576,0.13,0.049,3.443,False,0.6070000000000001,1.139
highest-temperature-in-ankara-on-june-11-2026,Ankara,2026-06-11,degraded,2026-06-09 06:03:00+00:00,>24h,11,11,11,True,1.1269999999999998,0.12699999999999978,11.415,11.214,0.15,0.03,11.409,False,0.8700000000000001,1.3840000000000001
highest-temperature-in-ankara-on-june-11-2026,Ankara,2026-06-11,degraded,2026-06-09 06:02:00+00:00,>24h,11,11,11,True,1.1269999999999998,0.12699999999999978,4.646,4.616,0.13999999999999999,0.01999999999999999,0.416,False,0.9100000000000001,1.344
highest-temperature-in-taipei-on-june-8-2026,Taipei,2026-06-08,clean,2026-06-07 23:50:00+00:00,6-24h,11,11,11,True,1.1265000000000003,0.12650000000000028,2433.239,11.901,0.06999999999999998,0.012,2429.446,False,1.0199999999999996,1.2329999999999999
highest-temperature-in-wuhan-on-june-10-2026,Wuhan,2026-06-10,clean,2026-06-09 03:24:00+00:00,>24h,11,10,10,False,0.8734999999999999,-0.12650000000000006,29.138,4.4879999999999995,0.04000000000000001,0.006500000000000001,27.416,True,0.81,0.9370000000000002
highest-temperature-in-wuhan-on-june-10-2026,Wuhan,2026-06-10,clean,2026-06-09 03:25:00+00:00,>24h,11,10,10,False,0.8734999999999999,-0.12650000000000006,27.454,6.711500000000001,0.04000000000000001,0.006500000000000001,27.285,True,0.81,0.9370000000000002
highest-temperature-in-hong-kong-on-june-5-2026,Hong Kong,2026-06-05,clean,2026-06-05 06:53:00+00:00,1-6h,11,7,7,False,0.8734999999999999,-0.12650000000000006,62994.267,10020.92,0.031,0.001,62994.069,True,0.8400000000000001,0.907
highest-temperature-in-shenzhen-on-june-9-2026,Shenzhen,2026-06-09,clean,2026-06-09 01:02:00+00:00,6-24h,11,11,11,True,1.1265,0.12650000000000006,106804.297,11.002,0.06,0.018,106803.842,False,0.975,1.278
highest-temperature-in-wuhan-on-june-10-2026,Wuhan,2026-06-10,clean,2026-06-09 03:23:00+00:00,>24h,11,10,10,False,0.8734999999999999,-0.12650000000000006,8.983,8.9535,0.04000000000000001,0.006500000000000001,6.2,True,0.81,0.9370000000000002
highest-temperature-in-wuhan-on-june-10-2026,Wuhan,2026-06-10,clean,2026-06-09 05:47:00+00:00,>24h,11,10,10,False,0.8734999999999999,-0.12650000000000006,32.599,5.2095,0.08000000000000002,0.007000000000000001,31.471,True,0.782,0.9650000000000001
highest-temperature-in-wuhan-on-june-10-2026,Wuhan,2026-06-10,clean,2026-06-09 07:37:00+00:00,>24h,11,10,10,False,0.8734999999999999,-0.12650000000000006,12.911,7.28,0.07,0.0065000000000000014,9.161,True,0.7710000000000001,0.976
highest-temperature-in-wuhan-on-june-10-2026,Wuhan,2026-06-10,clean,2026-06-09 05:46:00+00:00,>24h,11,10,10,False,0.8734999999999999,-0.12650000000000006,4.309,4.178,0.08000000000000002,0.007000000000000001,1.549,True,0.782,0.9650000000000001
highest-temperature-in-wuhan-on-june-10-2026,Wuhan,2026-06-10,clean,2026-06-10 01:13:00+00:00,6-24h,11,10,10,False,0.8734999999999999,-0.12650000000000006,59562.726,0.2935,0.06,0.006,59562.674,True,0.8,0.947
highest-temperature-in-wuhan-on-june-10-2026,Wuhan,2026-06-10,clean,2026-06-09 05:48:00+00:00,>24h,11,10,10,False,0.8734999999999999,-0.12650000000000006,28.855,5.916,0.08000000000000002,0.007000000000000001,23.635,True,0.782,0.9650000000000001
highest-temperature-in-wuhan-on-june-10-2026,Wuhan,2026-06-10,clean,2026-06-09 05:45:00+00:00,>24h,11,10,10,False,0.8734999999999999,-0.12650000000000006,14.447,3.229,0.08000000000000002,0.007000000000000001,14.34,True,0.782,0.9650000000000001
highest-temperature-in-wuhan-on-june-10-2026,Wuhan,2026-06-10,clean,2026-06-09 07:35:00+00:00,>24h,11,10,10,False,0.8734999999999999,-0.12650000000000006,11.318,11.0345,0.08000000000000002,0.0065000000000000014,8.969,True,0.7610000000000001,0.986
highest-temperature-in-wuhan-on-june-10-2026,Wuhan,2026-06-10,clean,2026-06-08 11:59:00+00:00,>24h,11,10,10,False,0.8734999999999999,-0.12650000000000006,112.67,5.093,0.07999999999999999,0.025000000000000015,110.42,True,0.716,1.031
highest-temperature-in-manila-on-june-11-2026,Manila,2026-06-11,degraded,2026-06-10 05:01:00+00:00,>24h,11,11,11,True,0.8735,-0.12649999999999995,154.167,7.893,0.04999999999999999,0.010000000000000009,153.855,False,0.799,0.9480000000000002
highest-temperature-in-manila-on-june-11-2026,Manila,2026-06-11,degraded,2026-06-10 05:10:00+00:00,>24h,11,11,11,True,0.8735,-0.12649999999999995,27.041,0.132,0.04999999999999999,0.010000000000000009,27.008,False,0.799,0.9480000000000002
highest-temperature-in-manila-on-june-11-2026,Manila,2026-06-11,degraded,2026-06-10 05:14:00+00:00,>24h,11,11,11,True,0.8735,-0.12649999999999995,135.048,12.356,0.04999999999999999,0.010000000000000009,128.732,False,0.799,0.9480000000000002
highest-temperature-in-manila-on-june-11-2026,Manila,2026-06-11,degraded,2026-06-10 05:11:00+00:00,>24h,11,11,11,True,0.8735,-0.12649999999999995,55.814,7.843,0.04999999999999999,0.010000000000000009,52.686,False,0.799,0.9480000000000002
highest-temperature-in-manila-on-june-11-2026,Manila,2026-06-11,degraded,2026-06-10 05:12:00+00:00,>24h,11,11,11,True,0.8735,-0.12649999999999995,107.639,13.253,0.04999999999999999,0.010000000000000009,101.48,False,0.799,0.9480000000000002
highest-temperature-in-manila-on-june-11-2026,Manila,2026-06-11,degraded,2026-06-10 05:13:00+00:00,>24h,11,11,11,True,0.8735,-0.12649999999999995,75.048,6.906,0.04999999999999999,0.010000000000000009,74.475,False,0.799,0.9480000000000002
highest-temperature-in-manila-on-june-11-2026,Manila,2026-06-11,degraded,2026-06-10 05:03:00+00:00,>24h,11,11,11,True,0.8735,-0.12649999999999995,58.426,6.957,0.04999999999999999,0.010000000000000009,57.484,False,0.799,0.9480000000000002
highest-temperature-in-manila-on-june-11-2026,Manila,2026-06-11,degraded,2026-06-10 05:00:00+00:00,>24h,11,11,11,True,0.8735,-0.12649999999999995,94.167,8.167,0.04999999999999999,0.010000000000000009,94.162,False,0.799,0.9480000000000002
highest-temperature-in-wuhan-on-june-10-2026,Wuhan,2026-06-10,clean,2026-06-08 15:02:00+00:00,>24h,11,10,10,False,0.8735,-0.12649999999999995,2.926,2.262,0.07,0.010000000000000009,2.43,True,0.781,0.9660000000000001
highest-temperature-in-manila-on-june-11-2026,Manila,2026-06-11,degraded,2026-06-10 05:02:00+00:00,>24h,11,11,11,True,0.8735,-0.12649999999999995,214.158,6.1,0.04999999999999999,0.010000000000000009,212.738,False,0.799,0.9480000000000002
highest-temperature-in-wuhan-on-june-10-2026,Wuhan,2026-06-10,clean,2026-06-09 10:25:00+00:00,>24h,11,10,10,False,0.8739999999999998,-0.12600000000000022,6282.726,2.2945,0.03,0.005,6282.694,True,0.8250000000000001,0.923
highest-temperature-in-mexico-city-on-june-6-2026,Mexico City,2026-06-06,degraded,2026-06-05 06:47:00+00:00,>24h,11,11,11,True,0.8739999999999999,-0.1260000000000001,54.423,27.797,0.05000000000000002,0.009000000000000001,50.588,False,0.767,0.9809999999999999
highest-temperature-in-mexico-city-on-june-6-2026,Mexico City,2026-06-06,degraded,2026-06-05 06:46:00+00:00,>24h,11,11,11,True,0.8739999999999999,-0.1260000000000001,5.484,5.46,0.05000000000000002,0.009000000000000001,3.781,False,0.767,0.9809999999999999
highest-temperature-in-wuhan-on-june-10-2026,Wuhan,2026-06-10,clean,2026-06-09 03:27:00+00:00,>24h,11,10,10,False,0.8739999999999999,-0.1260000000000001,12.89,6.0255,0.04000000000000001,0.006500000000000001,9.08,True,0.811,0.9370000000000002
highest-temperature-in-wuhan-on-june-10-2026,Wuhan,2026-06-10,clean,2026-06-09 03:26:00+00:00,>24h,11,10,10,False,0.8739999999999999,-0.1260000000000001,17.014,3.732,0.04000000000000001,0.006500000000000001,14.988,True,0.811,0.9370000000000002
highest-temperature-in-wuhan-on-june-10-2026,Wuhan,2026-06-10,clean,2026-06-09 03:22:00+00:00,>24h,11,10,10,False,0.8739999999999999,-0.1260000000000001,8.813,8.725999999999999,0.04000000000000001,0.007000000000000001,8.424,True,0.81,0.9380000000000002
highest-temperature-in-wuhan-on-june-10-2026,Wuhan,2026-06-10,clean,2026-06-09 04:01:00+00:00,>24h,11,10,10,False,0.874,-0.126,18.471,3.8165,0.03,0.006500000000000001,17.997,True,0.8210000000000001,0.9270000000000002
highest-temperature-in-wuhan-on-june-10-2026,Wuhan,2026-06-10,clean,2026-06-09 04:00:00+00:00,>24h,11,10,10,False,0.874,-0.126,2.564,1.893,0.03,0.006500000000000001,0.849,True,0.8210000000000001,0.9270000000000002
highest-temperature-in-wuhan-on-june-10-2026,Wuhan,2026-06-10,clean,2026-06-09 04:02:00+00:00,>24h,11,10,10,False,0.874,-0.126,19.624,3.2055,0.03,0.007000000000000001,17.655,True,0.8200000000000001,0.9280000000000002
highest-temperature-in-wuhan-on-june-10-2026,Wuhan,2026-06-10,clean,2026-06-09 03:57:00+00:00,>24h,11,10,10,False,0.874,-0.126,26.136,14.044,0.05000000000000002,0.006500000000000001,20.036,True,0.811,0.9370000000000002
highest-temperature-in-wuhan-on-june-10-2026,Wuhan,2026-06-10,clean,2026-06-09 03:58:00+00:00,>24h,11,10,10,False,0.874,-0.126,25.748,6.6315,0.05000000000000002,0.006500000000000001,22.858,True,0.811,0.9370000000000002
highest-temperature-in-wuhan-on-june-10-2026,Wuhan,2026-06-10,clean,2026-06-09 03:59:00+00:00,>24h,11,10,10,False,0.874,-0.126,20.548,1.9929999999999999,0.03,0.006500000000000001,20.361,True,0.8210000000000001,0.9270000000000002
highest-temperature-in-wuhan-on-june-10-2026,Wuhan,2026-06-10,clean,2026-06-09 03:56:00+00:00,>24h,11,10,10,False,0.874,-0.126,25.512,14.8375,0.05000000000000002,0.006500000000000001,20.614,True,0.811,0.9370000000000002
highest-temperature-in-wuhan-on-june-10-2026,Wuhan,2026-06-10,clean,2026-06-09 05:39:00+00:00,>24h,11,10,10,False,0.874,-0.126,0.409,0.14,0.08999999999999997,0.006999999999999999,0.366,True,0.7730000000000001,0.975
highest-temperature-in-taipei-on-june-8-2026,Taipei,2026-06-08,clean,2026-06-07 09:32:00+00:00,>24h,11,11,11,True,1.126,0.1259999999999999,7.552,2.5,0.1,0.019,7.094,False,0.948,1.3039999999999998
highest-temperature-in-mexico-city-on-june-6-2026,Mexico City,2026-06-06,degraded,2026-06-05 05:10:00+00:00,>24h,11,11,9,False,0.8740000000000001,-0.1259999999999999,30.679,13.275,0.12000000000000002,0.049,30.414,False,0.644,1.1040000000000003
highest-temperature-in-buenos-aires-on-june-8-2026,Buenos Aires,2026-06-08,clean,2026-06-07 01:43:00+00:00,>24h,11,10,10,False,1.126,0.1259999999999999,30.593,19.035,0.07000000000000003,0.044000000000000004,25.167,True,0.922,1.33
highest-temperature-in-wuhan-on-june-10-2026,Wuhan,2026-06-10,clean,2026-06-09 10:10:00+00:00,>24h,11,10,10,False,0.8744999999999998,-0.12550000000000017,5382.726,4.8505,0.03,0.005,5382.499,True,0.8250000000000001,0.924
highest-temperature-in-wuhan-on-june-10-2026,Wuhan,2026-06-10,clean,2026-06-09 10:15:00+00:00,>24h,11,10,10,False,0.8744999999999998,-0.12550000000000017,5682.726,0.7,0.03,0.005,5682.694,True,0.8250000000000001,0.924
highest-temperature-in-wuhan-on-june-10-2026,Wuhan,2026-06-10,clean,2026-06-09 10:16:00+00:00,>24h,11,10,10,False,0.8744999999999998,-0.12550000000000017,5742.726,0.8085,0.03,0.005,5742.702,True,0.8250000000000001,0.924
highest-temperature-in-wuhan-on-june-10-2026,Wuhan,2026-06-10,clean,2026-06-09 10:23:00+00:00,>24h,11,10,10,False,0.8744999999999998,-0.12550000000000017,6162.726,8.4265,0.03,0.0055,6162.165,True,0.8250000000000001,0.924
highest-temperature-in-wuhan-on-june-10-2026,Wuhan,2026-06-10,clean,2026-06-09 10:17:00+00:00,>24h,11,10,10,False,0.8744999999999998,-0.12550000000000017,5802.726,4.194,0.03,0.005,5802.142,True,0.8250000000000001,0.924
highest-temperature-in-chongqing-on-june-6-2026,Chongqing,2026-06-06,degraded,2026-06-05 05:16:00+00:00,>24h,11,11,9,False,1.1255000000000002,0.12550000000000017,43.055,12.61,0.06000000000000001,0.020000000000000018,42.803,False,1.002,1.249
highest-temperature-in-wuhan-on-june-10-2026,Wuhan,2026-06-10,clean,2026-06-09 10:14:00+00:00,>24h,11,10,10,False,0.8744999999999998,-0.12550000000000017,5622.726,3.4705,0.03,0.005,5622.116,True,0.8250000000000001,0.924
highest-temperature-in-wuhan-on-june-10-2026,Wuhan,2026-06-10,clean,2026-06-09 10:24:00+00:00,>24h,11,10,10,False,0.8744999999999998,-0.12550000000000017,6222.726,6.4655000000000005,0.03,0.0055,6222.591,True,0.8250000000000001,0.924
highest-temperature-in-wuhan-on-june-10-2026,Wuhan,2026-06-10,clean,2026-06-10 01:29:00+00:00,6-24h,11,10,10,False,0.8744999999999998,-0.12550000000000017,60522.726,0.8405,0.04999999999999999,0.004,60522.666,True,0.8130000000000001,0.936
highest-temperature-in-wuhan-on-june-10-2026,Wuhan,2026-06-10,clean,2026-06-09 10:12:00+00:00,>24h,11,10,10,False,0.8744999999999998,-0.12550000000000017,5502.726,4.7305,0.03,0.005,5502.042,True,0.8250000000000001,0.924
highest-temperature-in-wuhan-on-june-10-2026,Wuhan,2026-06-10,clean,2026-06-09 10:11:00+00:00,>24h,11,10,10,False,0.8744999999999998,-0.12550000000000017,5442.726,3.232,0.03,0.005,5442.638,True,0.8250000000000001,0.924
highest-temperature-in-wuhan-on-june-10-2026,Wuhan,2026-06-10,clean,2026-06-09 04:23:00+00:00,>24h,11,10,10,False,0.8744999999999999,-0.12550000000000006,44.612,3.5010000000000003,0.03,0.006000000000000002,41.856,True,0.8240000000000001,0.9250000000000002
highest-temperature-in-wuhan-on-june-10-2026,Wuhan,2026-06-10,clean,2026-06-09 11:39:00+00:00,>24h,11,10,10,False,0.8744999999999999,-0.12550000000000006,10722.726,4.263,0.05000000000000002,0.0055,10720.503,True,0.8130000000000001,0.936
highest-temperature-in-wuhan-on-june-10-2026,Wuhan,2026-06-10,clean,2026-06-09 11:35:00+00:00,>24h,11,10,10,False,0.8744999999999999,-0.12550000000000006,10482.726,3.5495,0.05000000000000002,0.0055,10482.366,True,0.803,0.9460000000000001
highest-temperature-in-wuhan-on-june-10-2026,Wuhan,2026-06-10,clean,2026-06-09 11:32:00+00:00,>24h,11,10,10,False,0.8744999999999999,-0.12550000000000006,10302.726,1.8315000000000001,0.060000000000000026,0.0055,10302.262,True,0.793,0.9560000000000001
highest-temperature-in-wuhan-on-june-10-2026,Wuhan,2026-06-10,clean,2026-06-09 10:09:00+00:00,>24h,11,10,10,False,0.8749999999999998,-0.12500000000000022,5322.726,3.4365,0.03,0.005,5322.685,True,0.8250000000000001,0.925
highest-temperature-in-wuhan-on-june-10-2026,Wuhan,2026-06-10,clean,2026-06-09 10:05:00+00:00,>24h,11,10,10,False,0.8749999999999998,-0.12500000000000022,5082.726,8.1975,0.03,0.004999999999999999,5080.807,True,0.8260000000000001,0.924
highest-temperature-in-wuhan-on-june-10-2026,Wuhan,2026-06-10,clean,2026-06-09 10:02:00+00:00,>24h,11,10,10,False,0.8749999999999999,-0.1250000000000001,4902.726,0.267,0.03,0.0065,4902.46,True,0.8260000000000001,0.924
highest-temperature-in-wuhan-on-june-10-2026,Wuhan,2026-06-10,clean,2026-06-09 10:08:00+00:00,>24h,11,10,10,False,0.8749999999999999,-0.1250000000000001,5262.726,4.7945,0.03,0.0055,5262.312,True,0.8250000000000001,0.925
highest-temperature-in-manila-on-june-11-2026,Manila,2026-06-11,degraded,2026-06-10 04:04:00+00:00,>24h,11,11,11,True,0.8749999999999999,-0.1250000000000001,29.823,2.576,0.030000000000000027,0.007000000000000001,29.195,False,0.811,0.9390000000000001
highest-temperature-in-wuhan-on-june-10-2026,Wuhan,2026-06-10,clean,2026-06-09 10:13:00+00:00,>24h,11,10,10,False,0.8749999999999999,-0.1250000000000001,5562.726,4.869,0.03,0.0055,5562.326,True,0.8250000000000001,0.925
highest-temperature-in-wuhan-on-june-10-2026,Wuhan,2026-06-10,clean,2026-06-08 11:02:00+00:00,>24h,11,10,10,False,0.875,-0.125,19.866,10.4845,0.08000000000000002,0.032,19.085,True,0.702,1.048
highest-temperature-in-wuhan-on-june-10-2026,Wuhan,2026-06-10,clean,2026-06-08 15:03:00+00:00,>24h,11,10,10,False,0.875,-0.125,5.781,5.681,0.07,0.010000000000000009,5.639,True,0.78,0.9700000000000001
highest-temperature-in-wuhan-on-june-10-2026,Wuhan,2026-06-10,clean,2026-06-09 04:03:00+00:00,>24h,11,10,10,False,0.875,-0.125,16.777,3.5090000000000003,0.03,0.007000000000000001,16.221,True,0.8220000000000001,0.9280000000000002
highest-temperature-in-kuala-lumpur-on-june-5-2026,Kuala Lumpur,2026-06-05,clean,2026-06-05 08:35:00+00:00,1-6h,11,11,11,True,0.875,-0.125,79269.429,13698.25,0.372,0.001,79269.334,False,0.644,1.1059999999999999
highest-temperature-in-wuhan-on-june-10-2026,Wuhan,2026-06-10,clean,2026-06-09 04:15:00+00:00,>24h,11,10,10,False,0.875,-0.125,24.875,3.89,0.03,0.007000000000000001,23.573,True,0.8220000000000001,0.9280000000000002
highest-temperature-in-wuhan-on-june-10-2026,Wuhan,2026-06-10,clean,2026-06-09 04:14:00+00:00,>24h,11,10,10,False,0.875,-0.125,2.948,2.8475,0.03,0.007000000000000001,0.177,True,0.8220000000000001,0.9280000000000002
highest-temperature-in-wuhan-on-june-10-2026,Wuhan,2026-06-10,clean,2026-06-08 16:18:00+00:00,>24h,11,10,10,False,0.875,-0.125,26.528,9.213000000000001,0.08000000000000002,0.018500000000000003,21.179,True,0.74,1.01
highest-temperature-in-wuhan-on-june-10-2026,Wuhan,2026-06-10,clean,2026-06-09 04:16:00+00:00,>24h,11,10,10,False,0.875,-0.125,33.689,8.8055,0.03,0.007000000000000001,30.701,True,0.8220000000000001,0.9280000000000002
highest-temperature-in-wuhan-on-june-10-2026,Wuhan,2026-06-10,clean,2026-06-09 04:13:00+00:00,>24h,11,10,10,False,0.875,-0.125,9.451,0.2775,0.03,0.007000000000000001,9.275,True,0.8220000000000001,0.9280000000000002
highest-temperature-in-shenzhen-on-june-9-2026,Shenzhen,2026-06-09,clean,2026-06-07 07:29:00+00:00,>24h,11,11,11,True,1.125,0.125,13.479,0.208,0.04000000000000001,0.020000000000000004,13.323,False,1.015,1.2350000000000003
highest-temperature-in-wuhan-on-june-10-2026,Wuhan,2026-06-10,clean,2026-06-09 04:04:00+00:00,>24h,11,10,10,False,0.875,-0.125,18.302,4.4385,0.03,0.007000000000000001,16.611,True,0.8220000000000001,0.9280000000000002
highest-temperature-in-wuhan-on-june-10-2026,Wuhan,2026-06-10,clean,2026-06-09 04:05:00+00:00,>24h,11,10,10,False,0.875,-0.125,41.966,12.752,0.03,0.007000000000000001,41.107,True,0.8220000000000001,0.9280000000000002
highest-temperature-in-wuhan-on-june-10-2026,Wuhan,2026-06-10,clean,2026-06-09 04:10:00+00:00,>24h,11,10,10,False,0.875,-0.125,19.932,13.336,0.03,0.007000000000000001,11.055,True,0.8220000000000001,0.9280000000000002
highest-temperature-in-wuhan-on-june-10-2026,Wuhan,2026-06-10,clean,2026-06-09 04:11:00+00:00,>24h,11,10,10,False,0.875,-0.125,19.232,10.088999999999999,0.03,0.007000000000000001,18.267,True,0.8220000000000001,0.9280000000000002
highest-temperature-in-wuhan-on-june-10-2026,Wuhan,2026-06-10,clean,2026-06-09 04:08:00+00:00,>24h,11,10,10,False,0.875,-0.125,31.382,2.811,0.03,0.007000000000000001,31.361,True,0.8220000000000001,0.9280000000000002
highest-temperature-in-wuhan-on-june-10-2026,Wuhan,2026-06-10,clean,2026-06-09 04:07:00+00:00,>24h,11,10,10,False,0.875,-0.125,26.181,4.8469999999999995,0.03,0.007000000000000001,25.798000000000002,True,0.8220000000000001,0.9280000000000002
highest-temperature-in-wuhan-on-june-10-2026,Wuhan,2026-06-10,clean,2026-06-08 14:58:00+00:00,>24h,11,10,10,False,0.875,-0.125,28.022,4.92,0.07,0.010000000000000005,26.22,True,0.783,0.9670000000000001
highest-temperature-in-wuhan-on-june-10-2026,Wuhan,2026-06-10,clean,2026-06-09 04:17:00+00:00,>24h,11,10,10,False,0.875,-0.125,3.691,2.747,0.03,0.007000000000000001,3.627,True,0.8220000000000001,0.9280000000000002
highest-temperature-in-wuhan-on-june-10-2026,Wuhan,2026-06-10,clean,2026-06-09 04:12:00+00:00,>24h,11,10,10,False,0.875,-0.125,0.049,0.049,0.03,0.007000000000000001,0.001,True,0.8220000000000001,0.9280000000000002
highest-temperature-in-mexico-city-on-june-6-2026,Mexico City,2026-06-06,degraded,2026-06-05 05:51:00+00:00,>24h,11,11,9,False,0.875,-0.125,4.999,2.413,0.060000000000000026,0.019999999999999997,4.957,False,0.775,0.9750000000000001
highest-temperature-in-wuhan-on-june-10-2026,Wuhan,2026-06-10,clean,2026-06-09 04:09:00+00:00,>24h,11,10,10,False,0.875,-0.125,31.141,9.6275,0.03,0.007000000000000001,29.143,True,0.8220000000000001,0.9280000000000002
highest-temperature-in-wuhan-on-june-10-2026,Wuhan,2026-06-10,clean,2026-06-09 04:06:00+00:00,>24h,11,10,10,False,0.875,-0.125,0.882,0.736,0.03,0.007000000000000001,0.147,True,0.8220000000000001,0.9280000000000002
highest-temperature-in-singapore-on-june-6-2026,Singapore,2026-06-06,degraded,2026-06-05 05:02:00+00:00,>24h,11,11,6,False,0.8750000000000001,-0.12499999999999989,113.251,2.398,0.04000000000000001,0.014999999999999996,113.212,False,0.81,0.9400000000000001
highest-temperature-in-taipei-on-june-8-2026,Taipei,2026-06-08,clean,2026-06-07 23:36:00+00:00,6-24h,11,11,11,True,1.1245000000000003,0.12450000000000028,1593.239,3.154,0.03999999999999998,0.012,1593.176,False,1.0399999999999996,1.2089999999999999
highest-temperature-in-wuhan-on-june-10-2026,Wuhan,2026-06-10,clean,2026-06-09 10:20:00+00:00,>24h,11,10,10,False,0.8754999999999998,-0.12450000000000017,5982.726,6.3085,0.03,0.0055,5982.046,True,0.8250000000000001,0.926
highest-temperature-in-wuhan-on-june-10-2026,Wuhan,2026-06-10,clean,2026-06-09 07:24:00+00:00,>24h,11,10,10,False,0.8754999999999998,-0.12450000000000017,54.264,1.3559999999999999,0.04000000000000001,0.005500000000000001,54.255,True,0.812,0.9390000000000001
highest-temperature-in-wuhan-on-june-10-2026,Wuhan,2026-06-10,clean,2026-06-09 10:22:00+00:00,>24h,11,10,10,False,0.8754999999999998,-0.12450000000000017,6102.726,2.2895000000000003,0.03,0.0055,6101.973,True,0.8250000000000001,0.926
highest-temperature-in-wuhan-on-june-10-2026,Wuhan,2026-06-10,clean,2026-06-09 10:21:00+00:00,>24h,11,10,10,False,0.8754999999999998,-0.12450000000000017,6042.726,0.581,0.03,0.0055,6042.317,True,0.8250000000000001,0.926
highest-temperature-in-wuhan-on-june-10-2026,Wuhan,2026-06-10,clean,2026-06-09 10:18:00+00:00,>24h,11,10,10,False,0.8754999999999998,-0.12450000000000017,5862.726,7.1165,0.03,0.0055,5862.698,True,0.8250000000000001,0.926
highest-temperature-in-wuhan-on-june-10-2026,Wuhan,2026-06-10,clean,2026-06-09 10:19:00+00:00,>24h,11,10,10,False,0.8754999999999998,-0.12450000000000017,5922.726,2.5295,0.03,0.0055,5922.618,True,0.8250000000000001,0.926
highest-temperature-in-shanghai-on-june-10-2026,Shanghai,2026-06-10,clean,2026-06-08 06:11:00+00:00,>24h,11,11,11,True,1.1245,0.12450000000000006,460.898,0.018,0.07,0.020000000000000004,460.895,False,0.9730000000000001,1.276
highest-temperature-in-wuhan-on-june-10-2026,Wuhan,2026-06-10,clean,2026-06-08 20:06:00+00:00,>24h,11,10,10,False,0.8755,-0.12450000000000006,2.618,0.4565,0.12000000000000002,0.019000000000000003,2.239,True,0.709,1.0419999999999998
highest-temperature-in-wuhan-on-june-10-2026,Wuhan,2026-06-10,clean,2026-06-09 04:26:00+00:00,>24h,11,10,10,False,0.8755,-0.12450000000000006,7.798,2.4375,0.03,0.006500000000000001,6.83,True,0.8240000000000001,0.9270000000000002
highest-temperature-in-wuhan-on-june-10-2026,Wuhan,2026-06-10,clean,2026-06-09 04:24:00+00:00,>24h,11,10,10,False,0.8755,-0.12450000000000006,25.332,4.646,0.03,0.006500000000000001,22.61,True,0.8240000000000001,0.9270000000000002
highest-temperature-in-wuhan-on-june-10-2026,Wuhan,2026-06-10,clean,2026-06-08 20:12:00+00:00,>24h,11,10,10,False,0.8755,-0.12450000000000006,7.29,0.4795,0.12000000000000002,0.019000000000000003,6.994,True,0.709,1.0419999999999998
highest-temperature-in-wuhan-on-june-10-2026,Wuhan,2026-06-10,clean,2026-06-08 20:13:00+00:00,>24h,11,10,10,False,0.8755,-0.12450000000000006,5.048,0.7989999999999999,0.12000000000000002,0.019000000000000003,5.046,True,0.709,1.0419999999999998
highest-temperature-in-shenzhen-on-june-9-2026,Shenzhen,2026-06-09,clean,2026-06-07 05:35:00+00:00,>24h,11,11,11,True,1.1245,0.12450000000000006,118.529,63.0,0.28,0.13999999999999999,105.747,False,0.505,1.7440000000000004
highest-temperature-in-wuhan-on-june-10-2026,Wuhan,2026-06-10,clean,2026-06-09 04:18:00+00:00,>24h,11,10,10,False,0.8755,-0.12450000000000006,28.897,5.696,0.03,0.006500000000000001,26.463,True,0.8240000000000001,0.9270000000000002
highest-temperature-in-wuhan-on-june-10-2026,Wuhan,2026-06-10,clean,2026-06-09 05:27:00+00:00,>24h,11,10,10,False,0.8755,-0.12450000000000006,16.037,4.9045000000000005,0.07000000000000003,0.005000000000000001,11.356,True,0.8059999999999999,0.9450000000000001
highest-temperature-in-mexico-city-on-june-6-2026,Mexico City,2026-06-06,degraded,2026-06-05 06:42:00+00:00,>24h,11,11,11,True,0.8755,-0.12450000000000006,22.812,0.489,0.047,0.009000000000000001,22.482,False,0.774,0.9769999999999999
highest-temperature-in-wuhan-on-june-10-2026,Wuhan,2026-06-10,clean,2026-06-09 00:07:00+00:00,>24h,11,10,10,False,0.8755,-0.12450000000000006,5.255,2.7175000000000002,0.10999999999999999,0.009499999999999996,3.568,True,0.75,1.001
highest-temperature-in-wuhan-on-june-10-2026,Wuhan,2026-06-10,clean,2026-06-08 22:11:00+00:00,>24h,11,10,10,False,0.8755,-0.12450000000000006,4.916,4.915,0.08000000000000002,0.019000000000000003,0.047,True,0.749,1.002
highest-temperature-in-wuhan-on-june-10-2026,Wuhan,2026-06-10,clean,2026-06-09 04:25:00+00:00,>24h,11,10,10,False,0.8755,-0.12450000000000006,19.03,2.3535,0.03,0.006500000000000001,18.07,True,0.8240000000000001,0.9270000000000002
highest-temperature-in-wuhan-on-june-10-2026,Wuhan,2026-06-10,clean,2026-06-09 05:35:00+00:00,>24h,11,10,10,False,0.8755,-0.12450000000000006,11.898,4.003,0.08000000000000002,0.006500000000000001,10.967,True,0.7840000000000001,0.9670000000000001
highest-temperature-in-singapore-on-june-6-2026,Singapore,2026-06-06,degraded,2026-06-05 05:01:00+00:00,>24h,11,11,6,False,0.8755000000000001,-0.12449999999999994,87.853,5.2035,0.04999999999999999,0.019499999999999997,87.822,False,0.801,0.95
highest-temperature-in-wuhan-on-june-10-2026,Wuhan,2026-06-10,clean,2026-06-08 16:51:00+00:00,>24h,11,10,10,False,0.8755000000000001,-0.12449999999999994,2.261,2.2005,0.10999999999999999,0.014000000000000004,1.036,True,0.731,1.02
highest-temperature-in-wuhan-on-june-10-2026,Wuhan,2026-06-10,clean,2026-06-08 14:16:00+00:00,>24h,11,10,10,False,0.8755000000000001,-0.12449999999999994,19.176,9.7355,0.04000000000000001,0.009500000000000005,17.607,True,0.809,0.9420000000000002
highest-temperature-in-wuhan-on-june-10-2026,Wuhan,2026-06-10,clean,2026-06-08 21:42:00+00:00,>24h,11,10,10,False,0.8755000000000001,-0.12449999999999994,23.336,7.363,0.08999999999999997,0.019000000000000003,23.336,True,0.729,1.022
highest-temperature-in-wuhan-on-june-10-2026,Wuhan,2026-06-10,clean,2026-06-09 14:19:00+00:00,6-24h,11,10,10,False,0.8755000000000001,-0.12449999999999994,20322.726,0.2265,0.07,0.0055,20322.718,True,0.785,0.9660000000000001
highest-temperature-in-houston-on-june-12-2026,Houston,2026-06-12,degraded,2026-06-11 03:20:00+00:00,>24h,11,11,11,True,1.1244999999999998,0.12449999999999983,42.727,28.348,0.067,0.020000000000000018,14.418,False,0.9730000000000001,1.2759999999999998
highest-temperature-in-houston-on-june-12-2026,Houston,2026-06-12,degraded,2026-06-11 03:21:00+00:00,>24h,11,11,11,True,1.1244999999999998,0.12449999999999983,102.711,20.555,0.067,0.020000000000000018,100.766,False,0.9730000000000001,1.2759999999999998
highest-temperature-in-houston-on-june-12-2026,Houston,2026-06-12,degraded,2026-06-11 01:53:00+00:00,>24h,11,11,11,True,1.1244999999999998,0.12449999999999983,84.994,8.078,0.18,0.08999999999999997,84.761,False,0.6960000000000001,1.553
highest-temperature-in-wuhan-on-june-10-2026,Wuhan,2026-06-10,clean,2026-06-09 12:16:00+00:00,6-24h,11,10,10,False,0.8759999999999998,-0.12400000000000022,12942.726,0.681,0.03,0.006,12942.709,True,0.8260000000000001,0.926
highest-temperature-in-kuala-lumpur-on-june-5-2026,Kuala Lumpur,2026-06-05,clean,2026-06-05 06:48:00+00:00,1-6h,11,11,11,True,1.124,0.12400000000000011,72849.429,7278.25,0.12,0.003,72849.341,False,1.022,1.2260000000000002
highest-temperature-in-wuhan-on-june-10-2026,Wuhan,2026-06-10,clean,2026-06-09 10:01:00+00:00,>24h,11,10,10,False,0.8759999999999999,-0.12400000000000011,4842.726,4.098,0.03,0.006999999999999999,4842.219,True,0.8260000000000001,0.926
highest-temperature-in-wuhan-on-june-10-2026,Wuhan,2026-06-10,clean,2026-06-09 07:26:00+00:00,>24h,11,10,10,False,0.8759999999999999,-0.12400000000000011,48.779,6.2059999999999995,0.04000000000000001,0.005500000000000001,48.453,True,0.812,0.9400000000000001
highest-temperature-in-wuhan-on-june-10-2026,Wuhan,2026-06-10,clean,2026-06-09 07:25:00+00:00,>24h,11,10,10,False,0.8759999999999999,-0.12400000000000011,13.985,6.0115,0.04000000000000001,0.005500000000000001,12.678,True,0.812,0.9400000000000001
highest-temperature-in-wuhan-on-june-10-2026,Wuhan,2026-06-10,clean,2026-06-09 05:44:00+00:00,>24h,11,10,10,False,0.8759999999999999,-0.12400000000000011,47.221,3.9204999999999997,0.08000000000000002,0.006999999999999999,47.064,True,0.784,0.9680000000000001
highest-temperature-in-wuhan-on-june-10-2026,Wuhan,2026-06-10,clean,2026-06-10 01:12:00+00:00,6-24h,11,10,10,False,0.8759999999999999,-0.12400000000000011,59502.726,2.2285,0.07,0.006500000000000001,59502.597,True,0.792,0.96
highest-temperature-in-wuhan-on-june-10-2026,Wuhan,2026-06-10,clean,2026-06-09 05:43:00+00:00,>24h,11,10,10,False,0.8759999999999999,-0.12400000000000011,15.973,6.967499999999999,0.08000000000000002,0.006999999999999999,15.8,True,0.784,0.9680000000000001
highest-temperature-in-wuhan-on-june-10-2026,Wuhan,2026-06-10,clean,2026-06-09 05:28:00+00:00,>24h,11,10,10,False,0.8759999999999999,-0.12400000000000011,1.44,0.9495,0.07000000000000003,0.005500000000000001,1.2349999999999999,True,0.8059999999999999,0.9460000000000001
highest-temperature-in-wuhan-on-june-10-2026,Wuhan,2026-06-10,clean,2026-06-09 05:42:00+00:00,>24h,11,10,10,False,0.8759999999999999,-0.12400000000000011,16.424,10.1055,0.08000000000000002,0.006999999999999999,13.596,True,0.784,0.9680000000000001
highest-temperature-in-wuhan-on-june-10-2026,Wuhan,2026-06-10,clean,2026-06-08 20:09:00+00:00,>24h,11,10,10,False,0.8759999999999999,-0.12400000000000011,1.445,1.4220000000000002,0.12000000000000002,0.018500000000000003,1.325,True,0.71,1.0419999999999998
highest-temperature-in-shenzhen-on-june-9-2026,Shenzhen,2026-06-09,clean,2026-06-07 06:25:00+00:00,>24h,11,11,11,True,1.124,0.12400000000000011,159.015,39.721,0.21000000000000002,0.068,141.932,False,0.673,1.575
highest-temperature-in-wuhan-on-june-10-2026,Wuhan,2026-06-10,clean,2026-06-08 20:17:00+00:00,>24h,11,10,10,False,0.876,-0.124,18.473,3.5534999999999997,0.12000000000000002,0.018500000000000003,18.473,True,0.71,1.0419999999999998
highest-temperature-in-wuhan-on-june-10-2026,Wuhan,2026-06-10,clean,2026-06-08 20:08:00+00:00,>24h,11,10,10,False,0.876,-0.124,23.875,7.635,0.12000000000000002,0.018500000000000003,22.902,True,0.71,1.0419999999999998
highest-temperature-in-wuhan-on-june-10-2026,Wuhan,2026-06-10,clean,2026-06-08 20:16:00+00:00,>24h,11,10,10,False,0.876,-0.124,23.74,5.9395,0.12000000000000002,0.018500000000000003,22.743,True,0.71,1.0419999999999998
highest-temperature-in-wuhan-on-june-10-2026,Wuhan,2026-06-10,clean,2026-06-08 20:14:00+00:00,>24h,11,10,10,False,0.876,-0.124,2.729,1.501,0.12000000000000002,0.018500000000000003,2.697,True,0.71,1.0419999999999998
highest-temperature-in-wuhan-on-june-10-2026,Wuhan,2026-06-10,clean,2026-06-08 20:15:00+00:00,>24h,11,10,10,False,0.876,-0.124,8.909,8.6905,0.12000000000000002,0.018500000000000003,8.379,True,0.71,1.0419999999999998
highest-temperature-in-wuhan-on-june-10-2026,Wuhan,2026-06-10,clean,2026-06-08 20:36:00+00:00,>24h,11,10,10,False,0.876,-0.124,21.618,5.949,0.07999999999999999,0.018500000000000003,18.304,True,0.74,1.012
highest-temperature-in-wuhan-on-june-10-2026,Wuhan,2026-06-10,clean,2026-06-08 20:10:00+00:00,>24h,11,10,10,False,0.876,-0.124,46.898,14.114,0.12000000000000002,0.018500000000000003,43.462,True,0.71,1.0419999999999998
highest-temperature-in-munich-on-june-6-2026,Munich,2026-06-06,degraded,2026-06-05 05:06:00+00:00,>24h,11,11,7,False,0.876,-0.124,30.839,2.02,0.07999999999999999,0.03,30.278,False,0.754,0.9980000000000001
highest-temperature-in-wuhan-on-june-10-2026,Wuhan,2026-06-10,clean,2026-06-08 18:49:00+00:00,>24h,11,10,10,False,0.876,-0.124,27.558,11.984,0.12000000000000002,0.018000000000000002,25.56,True,0.7120000000000001,1.0399999999999998
highest-temperature-in-wuhan-on-june-10-2026,Wuhan,2026-06-10,clean,2026-06-08 22:08:00+00:00,>24h,11,10,10,False,0.876,-0.124,7.483,1.979,0.08999999999999997,0.018500000000000003,6.652,True,0.73,1.022
highest-temperature-in-wuhan-on-june-10-2026,Wuhan,2026-06-10,clean,2026-06-08 22:09:00+00:00,>24h,11,10,10,False,0.876,-0.124,24.304,0.953,0.08000000000000002,0.018500000000000003,23.485,True,0.74,1.012
highest-temperature-in-wuhan-on-june-10-2026,Wuhan,2026-06-10,clean,2026-06-08 21:15:00+00:00,>24h,11,10,10,False,0.876,-0.124,33.231,13.571,0.08000000000000002,0.018500000000000003,32.232,True,0.72,1.032
highest-temperature-in-wuhan-on-june-10-2026,Wuhan,2026-06-10,clean,2026-06-08 21:14:00+00:00,>24h,11,10,10,False,0.876,-0.124,30.397,19.636,0.08000000000000002,0.018500000000000003,29.184,True,0.72,1.032
highest-temperature-in-wuhan-on-june-10-2026,Wuhan,2026-06-10,clean,2026-06-08 21:13:00+00:00,>24h,11,10,10,False,0.876,-0.124,35.615,3.7184999999999997,0.08000000000000002,0.018500000000000003,34.025,True,0.72,1.032
highest-temperature-in-wuhan-on-june-10-2026,Wuhan,2026-06-10,clean,2026-06-08 20:20:00+00:00,>24h,11,10,10,False,0.876,-0.124,107.334,6.72,0.12000000000000002,0.018500000000000003,103.432,True,0.71,1.0419999999999998
highest-temperature-in-manila-on-june-11-2026,Manila,2026-06-11,degraded,2026-06-10 04:32:00+00:00,>24h,11,11,11,True,0.876,-0.124,35.381,11.636,0.030000000000000027,0.007000000000000001,35.067,False,0.8220000000000001,0.9300000000000002
highest-temperature-in-wuhan-on-june-10-2026,Wuhan,2026-06-10,clean,2026-06-08 20:18:00+00:00,>24h,11,10,10,False,0.876,-0.124,44.291,12.2945,0.12000000000000002,0.018500000000000003,42.071,True,0.71,1.0419999999999998
highest-temperature-in-wuhan-on-june-10-2026,Wuhan,2026-06-10,clean,2026-06-08 20:19:00+00:00,>24h,11,10,10,False,0.876,-0.124,86.611,11.01,0.12000000000000002,0.018500000000000003,82.402,True,0.71,1.0419999999999998
highest-temperature-in-wuhan-on-june-10-2026,Wuhan,2026-06-10,clean,2026-06-08 14:04:00+00:00,>24h,11,10,10,False,0.8760000000000001,-0.12399999999999989,1.281,0.098,0.039999999999999994,0.009500000000000005,1.245,True,0.8,0.9520000000000002
highest-temperature-in-wuhan-on-june-10-2026,Wuhan,2026-06-10,clean,2026-06-08 14:17:00+00:00,>24h,11,10,10,False,0.8760000000000001,-0.12399999999999989,16.44,15.943000000000001,0.04000000000000001,0.009500000000000005,1.425,True,0.81,0.9420000000000002
highest-temperature-in-wuhan-on-june-10-2026,Wuhan,2026-06-10,clean,2026-06-08 14:11:00+00:00,>24h,11,10,10,False,0.8760000000000001,-0.12399999999999989,0.061,0.06,0.04000000000000001,0.009500000000000005,0.033,True,0.81,0.9420000000000002
highest-temperature-in-shanghai-on-june-10-2026,Shanghai,2026-06-10,clean,2026-06-08 06:07:00+00:00,>24h,11,11,11,True,1.1235000000000002,0.12350000000000017,220.898,3.192,0.1,0.020000000000000004,220.749,False,0.9440000000000001,1.303
highest-temperature-in-wuhan-on-june-10-2026,Wuhan,2026-06-10,clean,2026-06-09 10:04:00+00:00,>24h,11,10,10,False,0.8764999999999998,-0.12350000000000017,5022.726,0.908,0.03,0.006,5022.68,True,0.8260000000000001,0.927
highest-temperature-in-wuhan-on-june-10-2026,Wuhan,2026-06-10,clean,2026-06-09 10:03:00+00:00,>24h,11,10,10,False,0.8764999999999998,-0.12350000000000017,4962.726,7.3705,0.03,0.0065,4962.1,True,0.8260000000000001,0.927
highest-temperature-in-ankara-on-june-11-2026,Ankara,2026-06-11,degraded,2026-06-09 05:34:00+00:00,>24h,11,11,10,False,1.1235000000000002,0.12350000000000017,54.442,26.231,0.22,0.14650000000000002,54.419,False,0.579,1.668
highest-temperature-in-wuhan-on-june-10-2026,Wuhan,2026-06-10,clean,2026-06-09 05:15:00+00:00,>24h,11,10,10,False,0.8764999999999998,-0.12350000000000017,26.628,6.5465,0.060000000000000026,0.006500000000000001,20.964,True,0.805,0.9480000000000001
highest-temperature-in-wuhan-on-june-10-2026,Wuhan,2026-06-10,clean,2026-06-08 20:07:00+00:00,>24h,11,10,10,False,0.8765,-0.12350000000000005,37.878,12.3635,0.12000000000000002,0.018000000000000002,35.801,True,0.711,1.0419999999999998
highest-temperature-in-manila-on-june-11-2026,Manila,2026-06-11,degraded,2026-06-10 10:15:00+00:00,>24h,11,11,11,True,0.8765,-0.12350000000000005,19.379,10.764,0.06,0.005999999999999999,16.417,False,0.765,0.9879999999999999
highest-temperature-in-shenzhen-on-june-9-2026,Shenzhen,2026-06-09,clean,2026-06-07 05:38:00+00:00,>24h,11,11,11,True,1.1235,0.12349999999999994,102.93,50.631,0.24,0.13,85.786,False,0.535,1.7120000000000002
highest-temperature-in-wuhan-on-june-10-2026,Wuhan,2026-06-10,clean,2026-06-08 14:27:00+00:00,>24h,11,10,10,False,0.8765000000000001,-0.12349999999999994,5.461,5.449,0.039999999999999994,0.017,0.297,True,0.792,0.9610000000000002
highest-temperature-in-wuhan-on-june-10-2026,Wuhan,2026-06-10,clean,2026-06-08 14:08:00+00:00,>24h,11,10,10,False,0.8765000000000001,-0.12349999999999994,12.687,5.0715,0.04000000000000001,0.009500000000000005,12.545,True,0.811,0.9420000000000002
highest-temperature-in-ankara-on-june-11-2026,Ankara,2026-06-11,degraded,2026-06-09 06:23:00+00:00,>24h,11,11,11,True,1.1234999999999997,0.12349999999999972,7.354,4.699,0.13999999999999999,0.03,6.848,False,0.8920000000000001,1.355
highest-temperature-in-houston-on-june-12-2026,Houston,2026-06-12,degraded,2026-06-11 01:51:00+00:00,>24h,11,11,11,True,1.1234999999999997,0.12349999999999972,5.118,5.044,0.18,0.08999999999999997,2.493,False,0.697,1.5499999999999998
highest-temperature-in-shenzhen-on-june-9-2026,Shenzhen,2026-06-09,clean,2026-06-09 01:15:00+00:00,6-24h,11,11,11,True,1.1230000000000002,0.12300000000000022,107584.297,3.246,0.18,0.025,107583.296,False,0.872,1.3739999999999999
highest-temperature-in-wuhan-on-june-10-2026,Wuhan,2026-06-10,clean,2026-06-08 20:11:00+00:00,>24h,11,10,10,False,0.8769999999999999,-0.12300000000000011,10.326,7.087999999999999,0.12000000000000002,0.0175,6.784,True,0.712,1.0419999999999998
highest-temperature-in-wuhan-on-june-10-2026,Wuhan,2026-06-10,clean,2026-06-09 01:51:00+00:00,>24h,11,10,10,False,0.8769999999999999,-0.12300000000000011,24.973,10.908999999999999,0.07999999999999999,0.008000000000000002,22.833,True,0.784,0.97
highest-temperature-in-wuhan-on-june-10-2026,Wuhan,2026-06-10,clean,2026-06-09 07:12:00+00:00,>24h,11,10,10,False,0.8769999999999999,-0.12300000000000011,16.483,5.072,0.03999999999999998,0.006500000000000001,16.334,True,0.811,0.9430000000000001
highest-temperature-in-wuhan-on-june-10-2026,Wuhan,2026-06-10,clean,2026-06-08 20:33:00+00:00,>24h,11,10,10,False,0.877,-0.123,17.533,5.1185,0.07999999999999999,0.018000000000000002,17.256,True,0.742,1.012
highest-temperature-in-shenzhen-on-june-9-2026,Shenzhen,2026-06-09,clean,2026-06-09 02:36:00+00:00,6-24h,11,11,11,True,1.123,0.123,112444.297,2.102,0.14,0.016,112444.28,False,0.892,1.3539999999999999
highest-temperature-in-wuhan-on-june-10-2026,Wuhan,2026-06-10,clean,2026-06-08 19:25:00+00:00,>24h,11,10,10,False,0.877,-0.123,7.735,7.099,0.18,0.018000000000000002,7.336,True,0.671,1.0829999999999997
highest-temperature-in-wuhan-on-june-10-2026,Wuhan,2026-06-10,clean,2026-06-08 20:21:00+00:00,>24h,11,10,10,False,0.877,-0.123,7.938,5.199,0.12000000000000002,0.018000000000000002,2.741,True,0.712,1.0419999999999998
highest-temperature-in-wuhan-on-june-10-2026,Wuhan,2026-06-10,clean,2026-06-08 14:12:00+00:00,>24h,11,10,10,False,0.8770000000000001,-0.12299999999999989,51.063,50.358000000000004,0.04000000000000001,0.009500000000000005,0.965,True,0.812,0.9420000000000002
highest-temperature-in-wuhan-on-june-10-2026,Wuhan,2026-06-10,clean,2026-06-08 14:13:00+00:00,>24h,11,10,10,False,0.8770000000000001,-0.12299999999999989,111.063,110.358,0.04000000000000001,0.009500000000000005,0.965,True,0.812,0.9420000000000002
highest-temperature-in-wuhan-on-june-10-2026,Wuhan,2026-06-10,clean,2026-06-08 14:05:00+00:00,>24h,11,10,10,False,0.8770000000000001,-0.12299999999999989,33.778,14.0885,0.05,0.009500000000000005,33.691,True,0.802,0.9520000000000002
highest-temperature-in-wuhan-on-june-10-2026,Wuhan,2026-06-10,clean,2026-06-08 14:14:00+00:00,>24h,11,10,10,False,0.8770000000000001,-0.12299999999999989,171.063,170.358,0.04000000000000001,0.009500000000000005,0.965,True,0.812,0.9420000000000002
highest-temperature-in-wuhan-on-june-10-2026,Wuhan,2026-06-10,clean,2026-06-08 14:23:00+00:00,>24h,11,10,10,False,0.8770000000000001,-0.12299999999999989,7.402,5.6705000000000005,0.039999999999999994,0.013500000000000005,6.759,True,0.802,0.9520000000000002
highest-temperature-in-wuhan-on-june-10-2026,Wuhan,2026-06-10,clean,2026-06-08 14:10:00+00:00,>24h,11,10,10,False,0.8770000000000001,-0.12299999999999989,0.893,0.3515,0.04000000000000001,0.009500000000000005,0.817,True,0.812,0.9420000000000002
highest-temperature-in-wuhan-on-june-10-2026,Wuhan,2026-06-10,clean,2026-06-08 14:15:00+00:00,>24h,11,10,10,False,0.8770000000000001,-0.12299999999999989,231.063,230.358,0.04000000000000001,0.009500000000000005,0.965,True,0.812,0.9420000000000002
highest-temperature-in-ankara-on-june-11-2026,Ankara,2026-06-11,degraded,2026-06-09 05:49:00+00:00,>24h,11,11,11,True,1.1229999999999998,0.12299999999999978,64.363,25.385,0.16999999999999998,0.04000000000000001,58.207,False,0.8490000000000001,1.3969999999999998
highest-temperature-in-qingdao-on-june-10-2026,Qingdao,2026-06-10,clean,2026-06-10 02:50:00+00:00,6-24h,11,10,10,False,1.1229999999999998,0.12299999999999978,6776.035,1.1175,0.06399999999999997,0.016499999999999987,6776.025,True,1.011,1.2349999999999999
highest-temperature-in-houston-on-june-12-2026,Houston,2026-06-12,degraded,2026-06-11 01:52:00+00:00,>24h,11,11,11,True,1.1229999999999998,0.12299999999999978,64.646,24.995,0.18,0.08999999999999997,61.149,False,0.6960000000000001,1.5499999999999998
highest-temperature-in-wuhan-on-june-10-2026,Wuhan,2026-06-10,clean,2026-06-09 12:17:00+00:00,6-24h,11,10,10,False,0.8774999999999998,-0.12250000000000016,13002.726,0.01,0.04999999999999999,0.006,13002.717,True,0.8160000000000001,0.9390000000000001
highest-temperature-in-wuhan-on-june-10-2026,Wuhan,2026-06-10,clean,2026-06-08 20:05:00+00:00,>24h,11,10,10,False,0.8775,-0.12250000000000005,4.435,2.13,0.12000000000000002,0.017,2.354,True,0.713,1.0419999999999998
highest-temperature-in-manila-on-june-11-2026,Manila,2026-06-11,degraded,2026-06-10 10:16:00+00:00,>24h,11,11,11,True,0.8775,-0.12250000000000005,28.215,7.947,0.06,0.005999999999999999,27.907,False,0.776,0.979
highest-temperature-in-wuhan-on-june-10-2026,Wuhan,2026-06-10,clean,2026-06-09 01:50:00+00:00,>24h,11,10,10,False,0.8775,-0.12250000000000005,13.419,2.081,0.07999999999999999,0.0085,12.417,True,0.784,0.971
highest-temperature-in-manila-on-june-11-2026,Manila,2026-06-11,degraded,2026-06-10 10:27:00+00:00,>24h,11,11,11,True,0.8775,-0.12250000000000005,12.46,9.145,0.09000000000000002,0.005999999999999999,12.179,False,0.746,1.009
highest-temperature-in-manila-on-june-11-2026,Manila,2026-06-11,degraded,2026-06-10 10:20:00+00:00,>24h,11,11,11,True,0.8775,-0.12250000000000005,8.479,7.302,0.09000000000000002,0.005999999999999999,6.684,False,0.746,1.009
highest-temperature-in-wuhan-on-june-10-2026,Wuhan,2026-06-10,clean,2026-06-08 22:26:00+00:00,>24h,11,10,10,False,0.8775000000000001,-0.12249999999999994,19.884,13.275500000000001,0.10999999999999999,0.013000000000000005,19.355,True,0.733,1.022
highest-temperature-in-karachi-on-june-11-2026,Karachi,2026-06-11,degraded,2026-06-09 05:42:00+00:00,>24h,11,11,11,True,0.8775000000000001,-0.12249999999999994,17.904,6.556,0.1,0.04999999999999999,13.706,False,0.618,1.137
highest-temperature-in-wuhan-on-june-10-2026,Wuhan,2026-06-10,clean,2026-06-08 09:40:00+00:00,>24h,11,10,10,False,0.8775000000000001,-0.12249999999999994,23.085,18.0425,0.14,0.029000000000000005,11.429,True,0.649,1.1060000000000003
highest-temperature-in-shenzhen-on-june-9-2026,Shenzhen,2026-06-09,clean,2026-06-07 05:14:00+00:00,>24h,11,11,11,True,1.1224999999999998,0.12249999999999983,18.494,17.515,0.27,0.13999999999999999,1.101,False,0.477,1.768
highest-temperature-in-wuhan-on-june-10-2026,Wuhan,2026-06-10,clean,2026-06-09 03:51:00+00:00,>24h,11,10,10,False,0.8779999999999999,-0.12200000000000011,26.439,12.4295,0.03,0.006500000000000001,26.41,True,0.8190000000000001,0.9370000000000002
highest-temperature-in-wuhan-on-june-10-2026,Wuhan,2026-06-10,clean,2026-06-09 03:52:00+00:00,>24h,11,10,10,False,0.8779999999999999,-0.12200000000000011,36.998,11.507,0.03,0.006500000000000001,34.976,True,0.8190000000000001,0.9370000000000002
highest-temperature-in-ankara-on-june-11-2026,Ankara,2026-06-11,degraded,2026-06-09 05:36:00+00:00,>24h,11,11,11,True,1.122,0.12200000000000011,41.418,9.645,0.23,0.14,41.415,False,0.527,1.7169999999999999
highest-temperature-in-wuhan-on-june-10-2026,Wuhan,2026-06-10,clean,2026-06-09 08:59:00+00:00,>24h,11,10,10,False,0.8779999999999999,-0.12200000000000011,1122.726,1.1555,0.08000000000000002,0.006,1122.094,True,0.8,0.9560000000000001
highest-temperature-in-wuhan-on-june-10-2026,Wuhan,2026-06-10,clean,2026-06-09 03:49:00+00:00,>24h,11,10,10,False,0.8779999999999999,-0.12200000000000011,27.58,17.0135,0.03,0.006500000000000001,19.108,True,0.8190000000000001,0.9370000000000002
highest-temperature-in-wuhan-on-june-10-2026,Wuhan,2026-06-10,clean,2026-06-09 03:50:00+00:00,>24h,11,10,10,False,0.8779999999999999,-0.12200000000000011,20.033,3.285,0.03,0.006500000000000001,18.188,True,0.8190000000000001,0.9370000000000002
highest-temperature-in-wuhan-on-june-10-2026,Wuhan,2026-06-10,clean,2026-06-09 03:48:00+00:00,>24h,11,10,10,False,0.8779999999999999,-0.12200000000000011,18.564,18.1045,0.03,0.006500000000000001,9.984,True,0.8190000000000001,0.9370000000000002
highest-temperature-in-wuhan-on-june-10-2026,Wuhan,2026-06-10,clean,2026-06-10 01:22:00+00:00,6-24h,11,10,10,False,0.878,-0.122,60102.726,4.1065000000000005,0.06,0.0055,60102.514,True,0.81,0.946
highest-temperature-in-wuhan-on-june-10-2026,Wuhan,2026-06-10,clean,2026-06-10 01:21:00+00:00,6-24h,11,10,10,False,0.878,-0.122,60042.726,7.289,0.06,0.0055,60042.101,True,0.81,0.946
highest-temperature-in-shenzhen-on-june-9-2026,Shenzhen,2026-06-09,clean,2026-06-07 05:13:00+00:00,>24h,11,11,11,True,1.1219999999999999,0.12199999999999989,27.24,25.935,0.27,0.13999999999999999,1.435,False,0.476,1.768
highest-temperature-in-mexico-city-on-june-6-2026,Mexico City,2026-06-06,degraded,2026-06-05 05:08:00+00:00,>24h,11,11,9,False,0.8780000000000001,-0.12199999999999989,82.722,0.842,0.09,0.030000000000000006,82.706,False,0.678,1.078
highest-temperature-in-buenos-aires-on-june-8-2026,Buenos Aires,2026-06-08,clean,2026-06-07 01:42:00+00:00,>24h,11,10,10,False,1.1219999999999999,0.12199999999999989,3.778,3.7545,0.07,0.044000000000000004,2.17,True,0.9209999999999999,1.323
highest-temperature-in-taipei-on-june-8-2026,Taipei,2026-06-08,clean,2026-06-07 23:49:00+00:00,6-24h,11,11,11,True,1.1215000000000002,0.12150000000000016,2373.239,1.113,0.06999999999999998,0.012,2373.237,False,1.0,1.243
highest-temperature-in-manila-on-june-11-2026,Manila,2026-06-11,degraded,2026-06-10 05:05:00+00:00,>24h,11,11,11,True,0.8785,-0.12150000000000005,77.581,36.257,0.03999999999999998,0.010000000000000009,60.663,False,0.809,0.9480000000000002
highest-temperature-in-manila-on-june-11-2026,Manila,2026-06-11,degraded,2026-06-10 05:04:00+00:00,>24h,11,11,11,True,0.8785,-0.12150000000000005,17.581,6.47,0.03999999999999998,0.010000000000000009,16.927,False,0.809,0.9480000000000002
highest-temperature-in-manila-on-june-11-2026,Manila,2026-06-11,degraded,2026-06-10 05:08:00+00:00,>24h,11,11,11,True,0.8785,-0.12150000000000005,257.581,216.257,0.03999999999999998,0.010000000000000009,60.663,False,0.809,0.9480000000000002
highest-temperature-in-manila-on-june-11-2026,Manila,2026-06-11,degraded,2026-06-10 05:06:00+00:00,>24h,11,11,11,True,0.8785,-0.12150000000000005,137.581,96.257,0.03999999999999998,0.010000000000000009,60.663,False,0.809,0.9480000000000002
highest-temperature-in-wuhan-on-june-10-2026,Wuhan,2026-06-10,clean,2026-06-09 01:48:00+00:00,>24h,11,10,10,False,0.8785,-0.12150000000000005,26.36,2.7965,0.07999999999999999,0.008500000000000002,24.924,True,0.784,0.973
highest-temperature-in-manila-on-june-11-2026,Manila,2026-06-11,degraded,2026-06-10 05:09:00+00:00,>24h,11,11,11,True,0.8785,-0.12150000000000005,314.193,270.217,0.03999999999999998,0.010000000000000009,311.096,False,0.809,0.9480000000000002
highest-temperature-in-manila-on-june-11-2026,Manila,2026-06-11,degraded,2026-06-10 05:07:00+00:00,>24h,11,11,11,True,0.8785,-0.12150000000000005,197.581,156.257,0.03999999999999998,0.010000000000000009,60.663,False,0.809,0.9480000000000002
highest-temperature-in-manila-on-june-11-2026,Manila,2026-06-11,degraded,2026-06-10 05:15:00+00:00,>24h,11,11,11,True,0.8785,-0.12150000000000005,2.336,2.218,0.04999999999999999,0.010000000000000009,1.911,False,0.799,0.9580000000000002
highest-temperature-in-mexico-city-on-june-6-2026,Mexico City,2026-06-06,degraded,2026-06-05 06:44:00+00:00,>24h,11,11,11,True,0.8785000000000001,-0.12149999999999994,21.141,8.563,0.047999999999999994,0.009000000000000001,16.751,False,0.777,0.9799999999999999
highest-temperature-in-wuhan-on-june-10-2026,Wuhan,2026-06-10,clean,2026-06-10 01:18:00+00:00,6-24h,11,10,10,False,0.8785000000000001,-0.12149999999999994,59862.726,2.038,0.08000000000000002,0.006,59862.602,True,0.8,0.957
highest-temperature-in-wuhan-on-june-10-2026,Wuhan,2026-06-10,clean,2026-06-10 01:16:00+00:00,6-24h,11,10,10,False,0.8785000000000001,-0.12149999999999994,59742.726,0.2085,0.08000000000000002,0.006,59742.701,True,0.8,0.957
highest-temperature-in-wuhan-on-june-10-2026,Wuhan,2026-06-10,clean,2026-06-10 01:19:00+00:00,6-24h,11,10,10,False,0.8785000000000001,-0.12149999999999994,59922.726,1.2295,0.08000000000000002,0.006,59922.218,True,0.8,0.957
highest-temperature-in-wuhan-on-june-10-2026,Wuhan,2026-06-10,clean,2026-06-09 05:56:00+00:00,>24h,11,10,10,False,0.8789999999999999,-0.12100000000000011,28.249,16.6,0.09000000000000002,0.0065,27.674,True,0.793,0.9650000000000001
highest-temperature-in-wuhan-on-june-10-2026,Wuhan,2026-06-10,clean,2026-06-09 03:28:00+00:00,>24h,11,10,10,False,0.8789999999999999,-0.12100000000000011,27.176,10.1765,0.03,0.006500000000000001,21.822,True,0.8210000000000001,0.9370000000000002
highest-temperature-in-wuhan-on-june-10-2026,Wuhan,2026-06-10,clean,2026-06-09 03:30:00+00:00,>24h,11,10,10,False,0.8789999999999999,-0.12100000000000011,25.399,11.3855,0.03,0.006500000000000001,24.958,True,0.8210000000000001,0.9370000000000002
highest-temperature-in-wuhan-on-june-10-2026,Wuhan,2026-06-10,clean,2026-06-09 07:07:00+00:00,>24h,11,10,10,False,0.8789999999999999,-0.12100000000000011,5.565,3.591,0.05000000000000002,0.007000000000000001,3.203,True,0.788,0.9700000000000001
highest-temperature-in-wuhan-on-june-10-2026,Wuhan,2026-06-10,clean,2026-06-09 05:57:00+00:00,>24h,11,10,10,False,0.8789999999999999,-0.12100000000000011,27.808,18.1325,0.09000000000000002,0.0065,25.095,True,0.793,0.9650000000000001
highest-temperature-in-kuala-lumpur-on-june-5-2026,Kuala Lumpur,2026-06-05,clean,2026-06-05 07:19:00+00:00,1-6h,11,11,11,True,0.8789999999999999,-0.12100000000000011,74709.429,9138.25,0.19,0.003,74709.421,False,0.678,1.08
highest-temperature-in-wuhan-on-june-10-2026,Wuhan,2026-06-10,clean,2026-06-09 03:29:00+00:00,>24h,11,10,10,False,0.8789999999999999,-0.12100000000000011,13.842,7.009,0.03,0.006500000000000001,11.497,True,0.8210000000000001,0.9370000000000002
highest-temperature-in-mexico-city-on-june-6-2026,Mexico City,2026-06-06,degraded,2026-06-05 06:45:00+00:00,>24h,11,11,11,True,0.879,-0.121,10.056,10.019,0.048999999999999995,0.009000000000000001,9.818,False,0.777,0.9809999999999999
highest-temperature-in-wuhan-on-june-10-2026,Wuhan,2026-06-10,clean,2026-06-08 21:58:00+00:00,>24h,11,10,10,False,0.879,-0.121,8.419,4.7705,0.08000000000000002,0.015500000000000002,5.914,True,0.766,0.9920000000000001
highest-temperature-in-wuhan-on-june-10-2026,Wuhan,2026-06-10,clean,2026-06-08 21:52:00+00:00,>24h,11,10,10,False,0.879,-0.121,46.442,17.705000000000002,0.07999999999999996,0.015500000000000002,43.486,True,0.746,1.012
highest-temperature-in-wuhan-on-june-10-2026,Wuhan,2026-06-10,clean,2026-06-08 12:00:00+00:00,>24h,11,10,10,False,0.879,-0.121,10.157,6.786,0.08000000000000002,0.025000000000000015,9.369,True,0.717,1.041
highest-temperature-in-wuhan-on-june-10-2026,Wuhan,2026-06-10,clean,2026-06-09 03:32:00+00:00,>24h,11,10,10,False,0.8794999999999998,-0.12050000000000016,21.031,8.0085,0.03,0.007000000000000001,14.839,True,0.8210000000000001,0.9380000000000002
highest-temperature-in-wuhan-on-june-10-2026,Wuhan,2026-06-10,clean,2026-06-10 01:30:00+00:00,6-24h,11,10,10,False,0.8794999999999998,-0.12050000000000016,60582.726,0.632,0.04999999999999999,0.004,60582.725,True,0.8130000000000001,0.9460000000000001
highest-temperature-in-wuhan-on-june-10-2026,Wuhan,2026-06-10,clean,2026-06-08 10:16:00+00:00,>24h,11,10,10,False,0.8794999999999998,-0.12050000000000016,17.881,13.687000000000001,0.07,0.037000000000000005,17.473,True,0.734,1.025
highest-temperature-in-wuhan-on-june-10-2026,Wuhan,2026-06-10,clean,2026-06-09 04:22:00+00:00,>24h,11,10,10,False,0.8794999999999998,-0.12050000000000016,9.603,5.491,0.03,0.006000000000000002,8.607,True,0.8240000000000001,0.9350000000000002
highest-temperature-in-wuhan-on-june-10-2026,Wuhan,2026-06-10,clean,2026-06-09 03:31:00+00:00,>24h,11,10,10,False,0.8795,-0.12050000000000005,6.886,6.708,0.03,0.006500000000000001,2.551,True,0.8220000000000001,0.9370000000000002
highest-temperature-in-wuhan-on-june-10-2026,Wuhan,2026-06-10,clean,2026-06-10 01:34:00+00:00,6-24h,11,10,10,False,0.8795,-0.12050000000000005,60822.726,5.823,0.07,0.004,60817.254,True,0.803,0.956
highest-temperature-in-wuhan-on-june-10-2026,Wuhan,2026-06-10,clean,2026-06-09 11:50:00+00:00,>24h,11,10,10,False,0.8795,-0.12050000000000005,11382.726,3.931,0.05000000000000002,0.0055,11381.307,True,0.8130000000000001,0.9460000000000001
highest-temperature-in-manila-on-june-11-2026,Manila,2026-06-11,degraded,2026-06-10 11:39:00+00:00,>24h,11,11,11,True,0.8795,-0.12050000000000005,1.786,1.786,0.06,0.005999999999999999,1.556,False,0.757,1.0019999999999998
highest-temperature-in-wuhan-on-june-10-2026,Wuhan,2026-06-10,clean,2026-06-10 01:35:00+00:00,6-24h,11,10,10,False,0.8795,-0.12050000000000005,60882.726,3.838,0.07,0.004,60882.431,True,0.803,0.956
highest-temperature-in-wuhan-on-june-10-2026,Wuhan,2026-06-10,clean,2026-06-09 11:52:00+00:00,>24h,11,10,10,False,0.8795,-0.12050000000000005,11502.726,2.8845,0.05000000000000002,0.0055,11502.538,True,0.8130000000000001,0.9460000000000001
highest-temperature-in-wuhan-on-june-10-2026,Wuhan,2026-06-10,clean,2026-06-10 01:33:00+00:00,6-24h,11,10,10,False,0.8795,-0.12050000000000005,60762.726,3.2800000000000002,0.07,0.004,60759.781,True,0.803,0.956
highest-temperature-in-wuhan-on-june-10-2026,Wuhan,2026-06-10,clean,2026-06-09 11:49:00+00:00,>24h,11,10,10,False,0.8795,-0.12050000000000005,11322.726,4.1775,0.05000000000000002,0.0055,11322.227,True,0.8130000000000001,0.9460000000000001
highest-temperature-in-wuhan-on-june-10-2026,Wuhan,2026-06-10,clean,2026-06-09 11:51:00+00:00,>24h,11,10,10,False,0.8795,-0.12050000000000005,11442.726,12.1795,0.05000000000000002,0.0055,11442.47,True,0.8130000000000001,0.9460000000000001
highest-temperature-in-wuhan-on-june-10-2026,Wuhan,2026-06-10,clean,2026-06-09 11:47:00+00:00,>24h,11,10,10,False,0.8795,-0.12050000000000005,11202.726,2.749,0.05000000000000002,0.006,11202.539,True,0.812,0.9470000000000001
highest-temperature-in-wuhan-on-june-10-2026,Wuhan,2026-06-10,clean,2026-06-09 11:42:00+00:00,>24h,11,10,10,False,0.8795,-0.12050000000000005,10902.726,6.0215,0.05000000000000002,0.0055,10898.675,True,0.8130000000000001,0.9460000000000001
highest-temperature-in-wuhan-on-june-10-2026,Wuhan,2026-06-10,clean,2026-06-09 11:37:00+00:00,>24h,11,10,10,False,0.8795,-0.12050000000000005,10602.726,13.486,0.05000000000000002,0.0055,10598.807,True,0.8130000000000001,0.9460000000000001
highest-temperature-in-wuhan-on-june-10-2026,Wuhan,2026-06-10,clean,2026-06-09 11:44:00+00:00,>24h,11,10,10,False,0.8795,-0.12050000000000005,11022.726,1.9985,0.05000000000000002,0.0055,11022.725,True,0.8130000000000001,0.9460000000000001
highest-temperature-in-wuhan-on-june-10-2026,Wuhan,2026-06-10,clean,2026-06-09 11:36:00+00:00,>24h,11,10,10,False,0.8795,-0.12050000000000005,10542.726,4.3385,0.05000000000000002,0.0055,10539.205,True,0.8130000000000001,0.9460000000000001
highest-temperature-in-manila-on-june-11-2026,Manila,2026-06-11,degraded,2026-06-10 11:37:00+00:00,>24h,11,11,11,True,0.8795,-0.12050000000000005,56.163,0.098,0.06999999999999995,0.005999999999999999,56.137,False,0.757,1.0019999999999998
highest-temperature-in-manila-on-june-11-2026,Manila,2026-06-11,degraded,2026-06-10 11:36:00+00:00,>24h,11,11,11,True,0.8795,-0.12050000000000005,26.795,2.679,0.06999999999999995,0.005999999999999999,26.671,False,0.757,1.0019999999999998
highest-temperature-in-wuhan-on-june-10-2026,Wuhan,2026-06-10,clean,2026-06-08 09:41:00+00:00,>24h,11,10,10,False,0.8795000000000001,-0.12049999999999994,12.971,10.682,0.14,0.029000000000000005,12.877,True,0.66,1.0990000000000002
highest-temperature-in-shenzhen-on-june-9-2026,Shenzhen,2026-06-09,clean,2026-06-09 02:03:00+00:00,6-24h,11,11,11,True,1.1204999999999998,0.12049999999999983,110464.297,1.29,0.24,0.010000000000000009,110464.251,False,0.9130000000000001,1.3279999999999996
highest-temperature-in-shenzhen-on-june-9-2026,Shenzhen,2026-06-09,clean,2026-06-07 20:22:00+00:00,>24h,11,11,11,True,1.1200000000000003,0.12000000000000033,3604.297,7.864,0.06999999999999998,0.019000000000000003,3599.779,False,0.971,1.269
highest-temperature-in-shenzhen-on-june-9-2026,Shenzhen,2026-06-09,clean,2026-06-09 04:01:00+00:00,6-24h,11,11,11,True,1.1200000000000003,0.12000000000000033,117544.297,0.719,0.07,0.01999999999999999,117544.184,False,0.9760000000000001,1.264
highest-temperature-in-wuhan-on-june-10-2026,Wuhan,2026-06-10,clean,2026-06-09 05:52:00+00:00,>24h,11,10,10,False,0.8799999999999999,-0.1200000000000001,6.071,3.598,0.07,0.0055000000000000005,3.67,True,0.805,0.9550000000000001
highest-temperature-in-wuhan-on-june-10-2026,Wuhan,2026-06-10,clean,2026-06-09 11:33:00+00:00,>24h,11,10,10,False,0.8799999999999999,-0.1200000000000001,10362.726,0.884,0.060000000000000026,0.006,10362.726,True,0.803,0.9570000000000001
highest-temperature-in-manila-on-june-11-2026,Manila,2026-06-11,degraded,2026-06-10 11:38:00+00:00,>24h,11,11,11,True,0.8799999999999999,-0.1200000000000001,10.895,1.817,0.06,0.005999999999999999,10.618,False,0.757,1.003
highest-temperature-in-manila-on-june-11-2026,Manila,2026-06-11,degraded,2026-06-10 11:40:00+00:00,>24h,11,11,11,True,0.8799999999999999,-0.1200000000000001,2.68,0.318,0.06,0.005999999999999999,2.581,False,0.757,1.003
highest-temperature-in-wuhan-on-june-10-2026,Wuhan,2026-06-10,clean,2026-06-09 11:46:00+00:00,>24h,11,10,10,False,0.8799999999999999,-0.1200000000000001,11142.726,12.993,0.04000000000000001,0.006,11141.487,True,0.8230000000000001,0.937
highest-temperature-in-wuhan-on-june-10-2026,Wuhan,2026-06-10,clean,2026-06-09 11:45:00+00:00,>24h,11,10,10,False,0.8799999999999999,-0.1200000000000001,11082.726,4.0175,0.04000000000000001,0.006,11082.618,True,0.8230000000000001,0.937
highest-temperature-in-moscow-on-june-4-2026,Moscow,2026-06-04,clean,2026-06-04 06:42:00+00:00,1-6h,11,11,11,True,1.12,0.1200000000000001,17464.016,0.698,0.071,0.012999999999999998,17463.898,False,1.012,1.228
highest-temperature-in-shenzhen-on-june-9-2026,Shenzhen,2026-06-09,clean,2026-06-07 07:28:00+00:00,>24h,11,11,11,True,1.12,0.1200000000000001,95.583,29.745,0.04000000000000001,0.020000000000000004,91.928,False,1.005,1.2350000000000003
highest-temperature-in-shenzhen-on-june-9-2026,Shenzhen,2026-06-09,clean,2026-06-07 07:27:00+00:00,>24h,11,11,11,True,1.12,0.1200000000000001,35.583,35.451,0.04000000000000001,0.019999999999999962,5.968,False,1.005,1.2350000000000003
highest-temperature-in-wuhan-on-june-10-2026,Wuhan,2026-06-10,clean,2026-06-09 11:48:00+00:00,>24h,11,10,10,False,0.8799999999999999,-0.1200000000000001,11262.726,9.464500000000001,0.05000000000000002,0.006,11261.562,True,0.8130000000000001,0.9470000000000001
highest-temperature-in-wuhan-on-june-10-2026,Wuhan,2026-06-10,clean,2026-06-09 05:38:00+00:00,>24h,11,10,10,False,0.8799999999999999,-0.1200000000000001,16.946,16.839,0.07000000000000003,0.005999999999999998,14.198,True,0.795,0.9650000000000001
highest-temperature-in-singapore-on-june-6-2026,Singapore,2026-06-06,degraded,2026-06-05 05:03:00+00:00,>24h,11,11,6,False,0.88,-0.12,17.967,11.600999999999999,0.04000000000000001,0.014999999999999996,15.083,False,0.8200000000000001,0.9400000000000001
highest-temperature-in-munich-on-june-6-2026,Munich,2026-06-06,degraded,2026-06-05 05:00:00+00:00,>24h,11,11,7,False,0.88,-0.12,0.101,0.072,0.13599999999999998,0.04000000000000001,0.096,False,0.718,1.042
highest-temperature-in-wuhan-on-june-10-2026,Wuhan,2026-06-10,clean,2026-06-10 05:02:00+00:00,6-24h,11,10,10,False,0.88,-0.12,73302.726,28.192,0.25,0.0025,73301.526,True,0.672,1.088
highest-temperature-in-wuhan-on-june-10-2026,Wuhan,2026-06-10,clean,2026-06-08 12:01:00+00:00,>24h,11,10,10,False,0.88,-0.12,29.998,2.6390000000000002,0.07,0.025000000000000015,29.497,True,0.728,1.032
highest-temperature-in-houston-on-june-12-2026,Houston,2026-06-12,degraded,2026-06-11 03:22:00+00:00,>24h,11,11,11,True,1.1199999999999999,0.11999999999999988,36.751,32.845,0.060000000000000005,0.020000000000000018,34.575,False,0.9730000000000001,1.267
highest-temperature-in-mexico-city-on-june-6-2026,Mexico City,2026-06-06,degraded,2026-06-05 06:43:00+00:00,>24h,11,11,11,True,0.8804999999999998,-0.11950000000000016,38.187,7.621,0.04999999999999999,0.009000000000000001,36.478,False,0.774,0.9869999999999999
highest-temperature-in-shenzhen-on-june-9-2026,Shenzhen,2026-06-09,clean,2026-06-07 20:26:00+00:00,>24h,11,11,11,True,1.1195000000000002,0.11950000000000016,3844.297,46.33,0.06999999999999998,0.019000000000000003,3805.548,False,0.97,1.269
highest-temperature-in-wuhan-on-june-10-2026,Wuhan,2026-06-10,clean,2026-06-09 04:19:00+00:00,>24h,11,10,10,False,0.8804999999999998,-0.11950000000000016,49.448,5.77,0.03,0.006500000000000001,48.284,True,0.8340000000000001,0.9270000000000002
highest-temperature-in-amsterdam-on-june-8-2026,Amsterdam,2026-06-08,clean,2026-06-06 23:23:00+00:00,>24h,11,11,11,True,1.1195000000000002,0.11950000000000016,10.697,6.104,0.06,0.006999999999999999,8.548,False,1.0319999999999998,1.207
highest-temperature-in-wuhan-on-june-10-2026,Wuhan,2026-06-10,clean,2026-06-09 04:20:00+00:00,>24h,11,10,10,False,0.8804999999999998,-0.11950000000000016,6.629,5.6754999999999995,0.03,0.006500000000000001,4.672,True,0.8240000000000001,0.9370000000000002
highest-temperature-in-shenzhen-on-june-9-2026,Shenzhen,2026-06-09,clean,2026-06-07 20:27:00+00:00,>24h,11,11,11,True,1.1195000000000002,0.11950000000000016,3904.297,106.33,0.06999999999999998,0.019000000000000003,3805.548,False,0.97,1.269
highest-temperature-in-qingdao-on-june-10-2026,Qingdao,2026-06-10,clean,2026-06-10 02:58:00+00:00,6-24h,11,10,10,False,1.1195000000000002,0.11950000000000016,7256.035,0.17099999999999999,0.07199999999999998,0.019,7255.974,True,0.9710000000000001,1.268
highest-temperature-in-shenzhen-on-june-9-2026,Shenzhen,2026-06-09,clean,2026-06-07 20:25:00+00:00,>24h,11,11,11,True,1.1195000000000002,0.11950000000000016,3784.297,17.154,0.06999999999999998,0.019000000000000003,3782.806,False,0.97,1.269
highest-temperature-in-shenzhen-on-june-9-2026,Shenzhen,2026-06-09,clean,2026-06-07 20:29:00+00:00,>24h,11,11,11,True,1.1195000000000002,0.11950000000000016,4024.297,226.33,0.06999999999999998,0.019000000000000003,3805.548,False,0.97,1.269
highest-temperature-in-wuhan-on-june-10-2026,Wuhan,2026-06-10,clean,2026-06-09 05:55:00+00:00,>24h,11,10,10,False,0.8804999999999998,-0.11950000000000016,14.66,5.2204999999999995,0.09000000000000002,0.0055000000000000005,11.938,True,0.796,0.9650000000000001
highest-temperature-in-shanghai-on-june-10-2026,Shanghai,2026-06-10,clean,2026-06-08 06:01:00+00:00,>24h,11,11,11,True,1.1195000000000002,0.11950000000000016,4.998,2.054,0.10999999999999999,0.047,4.368,False,0.8460000000000001,1.3930000000000002
highest-temperature-in-wuhan-on-june-10-2026,Wuhan,2026-06-10,clean,2026-06-09 11:57:00+00:00,>24h,11,10,10,False,0.8804999999999998,-0.11950000000000016,11802.726,5.4575,0.03,0.0055,11802.726,True,0.8350000000000001,0.926
highest-temperature-in-mexico-city-on-june-6-2026,Mexico City,2026-06-06,degraded,2026-06-05 06:51:00+00:00,>24h,11,11,11,True,0.8804999999999998,-0.11950000000000016,39.157,8.869,0.05000000000000002,0.009999999999999981,38.981,False,0.768,0.9929999999999999
highest-temperature-in-mexico-city-on-june-6-2026,Mexico City,2026-06-06,degraded,2026-06-05 06:49:00+00:00,>24h,11,11,11,True,0.8804999999999998,-0.11950000000000016,119.049,4.471,0.05000000000000002,0.009999999999999981,118.843,False,0.768,0.9929999999999999
highest-temperature-in-shenzhen-on-june-9-2026,Shenzhen,2026-06-09,clean,2026-06-07 20:28:00+00:00,>24h,11,11,11,True,1.1195000000000002,0.11950000000000016,3964.297,166.33,0.06999999999999998,0.019000000000000003,3805.548,False,0.97,1.269
highest-temperature-in-wuhan-on-june-10-2026,Wuhan,2026-06-10,clean,2026-06-09 00:08:00+00:00,>24h,11,10,10,False,0.8805,-0.11950000000000005,3.062,1.4875,0.10999999999999999,0.009499999999999996,1.6480000000000001,True,0.76,1.001
highest-temperature-in-wuhan-on-june-10-2026,Wuhan,2026-06-10,clean,2026-06-08 16:50:00+00:00,>24h,11,10,10,False,0.8805,-0.11950000000000005,20.003,9.0975,0.10999999999999999,0.014000000000000004,14.449,True,0.721,1.0399999999999998
highest-temperature-in-hong-kong-on-june-5-2026,Hong Kong,2026-06-05,clean,2026-06-05 06:55:00+00:00,1-6h,11,7,7,False,0.8805,-0.11950000000000005,63114.267,10140.92,0.031,0.001,63114.005,True,0.857,0.904
highest-temperature-in-munich-on-june-6-2026,Munich,2026-06-06,degraded,2026-06-05 05:12:00+00:00,>24h,11,11,7,False,0.8805,-0.11950000000000005,7.408,1.819,0.06399999999999999,0.020000000000000018,6.742,False,0.7949999999999999,0.9660000000000001
highest-temperature-in-mexico-city-on-june-6-2026,Mexico City,2026-06-06,degraded,2026-06-05 06:58:00+00:00,>24h,11,11,11,True,0.8805,-0.11950000000000005,27.378,0.42,0.05000000000000002,0.009999999999999981,26.982,False,0.768,0.9929999999999999
highest-temperature-in-wuhan-on-june-10-2026,Wuhan,2026-06-10,clean,2026-06-08 20:35:00+00:00,>24h,11,10,10,False,0.8805,-0.11950000000000005,10.404,4.9525,0.07999999999999999,0.019000000000000003,10.344,True,0.749,1.012
highest-temperature-in-manila-on-june-11-2026,Manila,2026-06-11,degraded,2026-06-10 04:21:00+00:00,>24h,11,11,11,True,0.8805000000000001,-0.11949999999999994,950.487,949.998,0.030000000000000027,0.007000000000000001,1.478,False,0.8220000000000001,0.9390000000000001
highest-temperature-in-wuhan-on-june-10-2026,Wuhan,2026-06-10,clean,2026-06-08 14:06:00+00:00,>24h,11,10,10,False,0.8805000000000001,-0.11949999999999994,16.346,8.881499999999999,0.05,0.009500000000000005,11.518,True,0.809,0.9520000000000002
highest-temperature-in-manila-on-june-11-2026,Manila,2026-06-11,degraded,2026-06-10 04:19:00+00:00,>24h,11,11,11,True,0.8805000000000001,-0.11949999999999994,830.487,829.998,0.030000000000000027,0.007000000000000001,1.478,False,0.8220000000000001,0.9390000000000001
highest-temperature-in-manila-on-june-11-2026,Manila,2026-06-11,degraded,2026-06-10 04:20:00+00:00,>24h,11,11,11,True,0.8805000000000001,-0.11949999999999994,890.487,889.998,0.030000000000000027,0.007000000000000001,1.478,False,0.8220000000000001,0.9390000000000001
highest-temperature-in-manila-on-june-11-2026,Manila,2026-06-11,degraded,2026-06-10 04:09:00+00:00,>24h,11,11,11,True,0.8805000000000001,-0.11949999999999994,230.487,229.998,0.030000000000000027,0.007000000000000001,1.478,False,0.8220000000000001,0.9390000000000001
highest-temperature-in-manila-on-june-11-2026,Manila,2026-06-11,degraded,2026-06-10 04:05:00+00:00,>24h,11,11,11,True,0.8805000000000001,-0.11949999999999994,20.082,0.218,0.030000000000000027,0.007000000000000001,20.079,False,0.8220000000000001,0.9390000000000001
highest-temperature-in-manila-on-june-11-2026,Manila,2026-06-11,degraded,2026-06-10 04:18:00+00:00,>24h,11,11,11,True,0.8805000000000001,-0.11949999999999994,770.487,769.998,0.030000000000000027,0.007000000000000001,1.478,False,0.8220000000000001,0.9390000000000001
highest-temperature-in-manila-on-june-11-2026,Manila,2026-06-11,degraded,2026-06-10 04:16:00+00:00,>24h,11,11,11,True,0.8805000000000001,-0.11949999999999994,650.487,649.998,0.030000000000000027,0.007000000000000001,1.478,False,0.8220000000000001,0.9390000000000001
highest-temperature-in-manila-on-june-11-2026,Manila,2026-06-11,degraded,2026-06-10 04:17:00+00:00,>24h,11,11,11,True,0.8805000000000001,-0.11949999999999994,710.487,709.998,0.030000000000000027,0.007000000000000001,1.478,False,0.8220000000000001,0.9390000000000001
highest-temperature-in-manila-on-june-11-2026,Manila,2026-06-11,degraded,2026-06-10 04:15:00+00:00,>24h,11,11,11,True,0.8805000000000001,-0.11949999999999994,590.487,589.998,0.030000000000000027,0.007000000000000001,1.478,False,0.8220000000000001,0.9390000000000001
highest-temperature-in-manila-on-june-11-2026,Manila,2026-06-11,degraded,2026-06-10 04:14:00+00:00,>24h,11,11,11,True,0.8805000000000001,-0.11949999999999994,530.487,529.998,0.030000000000000027,0.007000000000000001,1.478,False,0.8220000000000001,0.9390000000000001
highest-temperature-in-manila-on-june-11-2026,Manila,2026-06-11,degraded,2026-06-10 04:13:00+00:00,>24h,11,11,11,True,0.8805000000000001,-0.11949999999999994,470.487,469.998,0.030000000000000027,0.007000000000000001,1.478,False,0.8220000000000001,0.9390000000000001
highest-temperature-in-manila-on-june-11-2026,Manila,2026-06-11,degraded,2026-06-10 04:12:00+00:00,>24h,11,11,11,True,0.8805000000000001,-0.11949999999999994,410.487,409.998,0.030000000000000027,0.007000000000000001,1.478,False,0.8220000000000001,0.9390000000000001
highest-temperature-in-manila-on-june-11-2026,Manila,2026-06-11,degraded,2026-06-10 04:07:00+00:00,>24h,11,11,11,True,0.8805000000000001,-0.11949999999999994,110.487,109.998,0.030000000000000027,0.007000000000000001,1.478,False,0.8220000000000001,0.9390000000000001
highest-temperature-in-manila-on-june-11-2026,Manila,2026-06-11,degraded,2026-06-10 04:06:00+00:00,>24h,11,11,11,True,0.8805000000000001,-0.11949999999999994,50.487,49.998,0.030000000000000027,0.007000000000000001,1.478,False,0.8220000000000001,0.9390000000000001
highest-temperature-in-manila-on-june-11-2026,Manila,2026-06-11,degraded,2026-06-10 04:11:00+00:00,>24h,11,11,11,True,0.8805000000000001,-0.11949999999999994,350.487,349.998,0.030000000000000027,0.007000000000000001,1.478,False,0.8220000000000001,0.9390000000000001
highest-temperature-in-manila-on-june-11-2026,Manila,2026-06-11,degraded,2026-06-10 04:10:00+00:00,>24h,11,11,11,True,0.8805000000000001,-0.11949999999999994,290.487,289.998,0.030000000000000027,0.007000000000000001,1.478,False,0.8220000000000001,0.9390000000000001
highest-temperature-in-manila-on-june-11-2026,Manila,2026-06-11,degraded,2026-06-10 04:22:00+00:00,>24h,11,11,11,True,0.8805000000000001,-0.11949999999999994,1010.487,1009.998,0.030000000000000027,0.007000000000000001,1.478,False,0.8220000000000001,0.9390000000000001
highest-temperature-in-manila-on-june-11-2026,Manila,2026-06-11,degraded,2026-06-10 04:23:00+00:00,>24h,11,11,11,True,0.8805000000000001,-0.11949999999999994,1070.487,1069.998,0.030000000000000027,0.007000000000000001,1.478,False,0.8220000000000001,0.9390000000000001
highest-temperature-in-manila-on-june-11-2026,Manila,2026-06-11,degraded,2026-06-10 04:08:00+00:00,>24h,11,11,11,True,0.8805000000000001,-0.11949999999999994,170.487,169.998,0.030000000000000027,0.007000000000000001,1.478,False,0.8220000000000001,0.9390000000000001
highest-temperature-in-singapore-on-june-6-2026,Singapore,2026-06-06,degraded,2026-06-05 05:00:00+00:00,>24h,11,11,6,False,0.8805000000000001,-0.11949999999999994,27.853,5.7025,0.04999999999999999,0.014500000000000004,27.787,False,0.811,0.95
highest-temperature-in-manila-on-june-11-2026,Manila,2026-06-11,degraded,2026-06-10 04:30:00+00:00,>24h,11,11,11,True,0.8805000000000001,-0.11949999999999994,1490.487,1489.998,0.030000000000000027,0.007000000000000001,1416.487,False,0.8220000000000001,0.9390000000000001
highest-temperature-in-manila-on-june-11-2026,Manila,2026-06-11,degraded,2026-06-10 04:24:00+00:00,>24h,11,11,11,True,0.8805000000000001,-0.11949999999999994,1130.487,1129.998,0.030000000000000027,0.007000000000000001,1.478,False,0.8220000000000001,0.9390000000000001
highest-temperature-in-manila-on-june-11-2026,Manila,2026-06-11,degraded,2026-06-10 04:31:00+00:00,>24h,11,11,11,True,0.8805000000000001,-0.11949999999999994,14.008,8.659,0.030000000000000027,0.007000000000000001,13.305,False,0.8220000000000001,0.9390000000000001
highest-temperature-in-manila-on-june-11-2026,Manila,2026-06-11,degraded,2026-06-10 04:29:00+00:00,>24h,11,11,11,True,0.8805000000000001,-0.11949999999999994,1430.487,1429.998,0.030000000000000027,0.007000000000000001,1416.487,False,0.8220000000000001,0.9390000000000001
highest-temperature-in-manila-on-june-11-2026,Manila,2026-06-11,degraded,2026-06-10 04:28:00+00:00,>24h,11,11,11,True,0.8805000000000001,-0.11949999999999994,1370.487,1369.998,0.030000000000000027,0.007000000000000001,1.478,False,0.8220000000000001,0.9390000000000001
highest-temperature-in-manila-on-june-11-2026,Manila,2026-06-11,degraded,2026-06-10 04:26:00+00:00,>24h,11,11,11,True,0.8805000000000001,-0.11949999999999994,1250.487,1249.998,0.030000000000000027,0.007000000000000001,1.478,False,0.8220000000000001,0.9390000000000001
highest-temperature-in-manila-on-june-11-2026,Manila,2026-06-11,degraded,2026-06-10 04:27:00+00:00,>24h,11,11,11,True,0.8805000000000001,-0.11949999999999994,1310.487,1309.998,0.030000000000000027,0.007000000000000001,1.478,False,0.8220000000000001,0.9390000000000001
highest-temperature-in-manila-on-june-11-2026,Manila,2026-06-11,degraded,2026-06-10 04:25:00+00:00,>24h,11,11,11,True,0.8805000000000001,-0.11949999999999994,1190.487,1189.998,0.030000000000000027,0.007000000000000001,1.478,False,0.8220000000000001,0.9390000000000001
highest-temperature-in-amsterdam-on-june-8-2026,Amsterdam,2026-06-08,clean,2026-06-08 11:06:00+00:00,<1h,11,11,11,True,1.1190000000000002,0.11900000000000022,65734.763,68.709,0.11000000000000004,0.002,65734.514,False,0.999,1.239
highest-temperature-in-wuhan-on-june-10-2026,Wuhan,2026-06-10,clean,2026-06-09 02:51:00+00:00,>24h,11,10,10,False,0.8809999999999999,-0.1190000000000001,16.071,7.5665000000000004,0.06,0.006500000000000001,15.845,True,0.807,0.955
highest-temperature-in-shanghai-on-june-10-2026,Shanghai,2026-06-10,clean,2026-06-08 06:02:00+00:00,>24h,11,11,11,True,1.119,0.119,3.923,1.172,0.11000000000000001,0.047,2.8129999999999997,False,0.864,1.374
highest-temperature-in-kuala-lumpur-on-june-5-2026,Kuala Lumpur,2026-06-05,clean,2026-06-05 02:03:00+00:00,6-24h,11,11,11,True,1.119,0.119,55749.429,0.521,0.16000000000000003,0.004,55749.41,False,0.9420000000000001,1.296
highest-temperature-in-shanghai-on-june-10-2026,Shanghai,2026-06-10,clean,2026-06-08 05:58:00+00:00,>24h,11,11,11,True,1.119,0.119,0.567,0.169,0.12000000000000001,0.039999999999999994,0.534,False,0.8450000000000001,1.3930000000000002
highest-temperature-in-wuhan-on-june-10-2026,Wuhan,2026-06-10,clean,2026-06-08 21:16:00+00:00,>24h,11,10,10,False,0.881,-0.119,5.533,5.173,0.08000000000000002,0.018500000000000003,5.418,True,0.73,1.032
highest-temperature-in-wuhan-on-june-10-2026,Wuhan,2026-06-10,clean,2026-06-08 21:17:00+00:00,>24h,11,10,10,False,0.881,-0.119,0.137,0.10450000000000001,0.08000000000000002,0.018500000000000003,0.09,True,0.73,1.032
highest-temperature-in-wuhan-on-june-10-2026,Wuhan,2026-06-10,clean,2026-06-08 21:18:00+00:00,>24h,11,10,10,False,0.881,-0.119,59.031,19.842,0.08000000000000002,0.018500000000000003,56.032,True,0.73,1.032
highest-temperature-in-shenzhen-on-june-9-2026,Shenzhen,2026-06-09,clean,2026-06-07 05:36:00+00:00,>24h,11,11,11,True,1.119,0.119,178.529,121.925,0.27,0.13999999999999999,168.814,False,0.505,1.7330000000000003
highest-temperature-in-wuhan-on-june-10-2026,Wuhan,2026-06-10,clean,2026-06-08 21:22:00+00:00,>24h,11,10,10,False,0.881,-0.119,0.852,0.7495,0.08000000000000002,0.018500000000000003,0.186,True,0.73,1.032
highest-temperature-in-karachi-on-june-11-2026,Karachi,2026-06-11,degraded,2026-06-09 08:20:00+00:00,>24h,11,11,11,True,0.8810000000000001,-0.11899999999999988,1761.867,0.342,0.08999999999999997,0.009999999999999998,1761.621,False,0.738,1.024
highest-temperature-in-wuhan-on-june-10-2026,Wuhan,2026-06-10,clean,2026-06-08 14:36:00+00:00,>24h,11,10,10,False,0.8810000000000001,-0.11899999999999988,5.593,4.692,0.06,0.010000000000000009,3.296,True,0.804,0.9580000000000001
highest-temperature-in-wuhan-on-june-10-2026,Wuhan,2026-06-10,clean,2026-06-08 14:07:00+00:00,>24h,11,10,10,False,0.8810000000000001,-0.11899999999999988,31.257,2.521,0.05,0.009500000000000005,31.166,True,0.81,0.9520000000000002
highest-temperature-in-wuhan-on-june-10-2026,Wuhan,2026-06-10,clean,2026-06-08 22:07:00+00:00,>24h,11,10,10,False,0.8810000000000001,-0.11899999999999988,22.355,15.105,0.09,0.018500000000000003,19.405,True,0.73,1.032
highest-temperature-in-wuhan-on-june-10-2026,Wuhan,2026-06-10,clean,2026-06-09 03:02:00+00:00,>24h,11,10,10,False,0.8814999999999998,-0.11850000000000016,27.914,11.974,0.06,0.007000000000000001,26.311,True,0.807,0.956
highest-temperature-in-mexico-city-on-june-6-2026,Mexico City,2026-06-06,degraded,2026-06-05 06:50:00+00:00,>24h,11,11,11,True,0.8814999999999998,-0.11850000000000016,5.069,4.288,0.05000000000000002,0.009999999999999981,4.086,False,0.77,0.9929999999999999
highest-temperature-in-wuhan-on-june-10-2026,Wuhan,2026-06-10,clean,2026-06-09 03:03:00+00:00,>24h,11,10,10,False,0.8814999999999998,-0.11850000000000016,87.398,7.4245,0.06,0.007000000000000001,85.311,True,0.807,0.956
highest-temperature-in-manila-on-june-11-2026,Manila,2026-06-11,degraded,2026-06-10 04:39:00+00:00,>24h,11,11,11,True,0.8814999999999998,-0.11850000000000016,7.197,1.478,0.030000000000000027,0.004,6.579,False,0.8240000000000001,0.9390000000000001
highest-temperature-in-wuhan-on-june-10-2026,Wuhan,2026-06-10,clean,2026-06-09 02:55:00+00:00,>24h,11,10,10,False,0.8815,-0.11850000000000005,24.1,9.4805,0.06,0.006500000000000001,22.943,True,0.808,0.955
highest-temperature-in-wuhan-on-june-10-2026,Wuhan,2026-06-10,clean,2026-06-09 02:54:00+00:00,>24h,11,10,10,False,0.8815,-0.11850000000000005,25.579,9.1775,0.06,0.006500000000000001,24.053,True,0.808,0.955
highest-temperature-in-wuhan-on-june-10-2026,Wuhan,2026-06-10,clean,2026-06-09 02:58:00+00:00,>24h,11,10,10,False,0.8815,-0.11850000000000005,27.373,12.047,0.06,0.006500000000000001,27.373,True,0.808,0.955
highest-temperature-in-kuala-lumpur-on-june-5-2026,Kuala Lumpur,2026-06-05,clean,2026-06-05 03:08:00+00:00,6-24h,11,11,11,True,1.1185,0.11850000000000005,59649.429,17.997,0.039999999999999994,0.010000000000000009,59649.408,False,1.053,1.184
highest-temperature-in-wuhan-on-june-10-2026,Wuhan,2026-06-10,clean,2026-06-09 02:56:00+00:00,>24h,11,10,10,False,0.8815,-0.11850000000000005,15.72,11.233,0.06,0.006500000000000001,15.075,True,0.808,0.955
highest-temperature-in-wuhan-on-june-10-2026,Wuhan,2026-06-10,clean,2026-06-09 02:59:00+00:00,>24h,11,10,10,False,0.8815,-0.11850000000000005,21.696,14.26,0.06,0.006500000000000001,14.795,True,0.808,0.955
highest-temperature-in-wuhan-on-june-10-2026,Wuhan,2026-06-10,clean,2026-06-09 03:01:00+00:00,>24h,11,10,10,False,0.8815,-0.11850000000000005,28.832,12.363,0.06,0.006500000000000001,27.417,True,0.808,0.955
highest-temperature-in-wuhan-on-june-10-2026,Wuhan,2026-06-10,clean,2026-06-09 02:52:00+00:00,>24h,11,10,10,False,0.8815,-0.11850000000000005,21.309,5.5954999999999995,0.06,0.006500000000000001,21.087,True,0.808,0.955
highest-temperature-in-wuhan-on-june-10-2026,Wuhan,2026-06-10,clean,2026-06-09 02:53:00+00:00,>24h,11,10,10,False,0.8815,-0.11850000000000005,25.878,13.7545,0.06,0.006500000000000001,25.455,True,0.808,0.955
highest-temperature-in-shanghai-on-june-10-2026,Shanghai,2026-06-10,clean,2026-06-08 06:03:00+00:00,>24h,11,11,11,True,1.1185,0.11850000000000005,1.458,0.568,0.12,0.047,1.438,False,0.853,1.3840000000000001
highest-temperature-in-wuhan-on-june-10-2026,Wuhan,2026-06-10,clean,2026-06-09 03:00:00+00:00,>24h,11,10,10,False,0.8815,-0.11850000000000005,29.284,13.778,0.06,0.006500000000000001,28.636,True,0.808,0.955
highest-temperature-in-shenzhen-on-june-9-2026,Shenzhen,2026-06-09,clean,2026-06-07 05:39:00+00:00,>24h,11,11,11,True,1.1185,0.11850000000000005,162.93,91.79,0.22999999999999998,0.13,159.166,False,0.535,1.702
highest-temperature-in-mexico-city-on-june-6-2026,Mexico City,2026-06-06,degraded,2026-06-05 06:57:00+00:00,>24h,11,11,11,True,0.8815,-0.11850000000000005,28.282,2.93,0.05000000000000002,0.009999999999999981,27.531,False,0.77,0.9929999999999999
highest-temperature-in-mexico-city-on-june-6-2026,Mexico City,2026-06-06,degraded,2026-06-05 06:59:00+00:00,>24h,11,11,11,True,0.8815,-0.11850000000000005,29.759,14.103,0.05000000000000002,0.009999999999999981,21.86,False,0.77,0.9929999999999999
highest-temperature-in-wuhan-on-june-10-2026,Wuhan,2026-06-10,clean,2026-06-09 02:57:00+00:00,>24h,11,10,10,False,0.8815,-0.11850000000000005,15.727,14.3245,0.06,0.006500000000000001,15.517,True,0.808,0.955
highest-temperature-in-shenzhen-on-june-9-2026,Shenzhen,2026-06-09,clean,2026-06-07 06:10:00+00:00,>24h,11,11,11,True,1.1185,0.11850000000000005,2.346,2.33,0.21999999999999997,0.068,1.144,False,0.622,1.615
highest-temperature-in-mexico-city-on-june-6-2026,Mexico City,2026-06-06,degraded,2026-06-05 06:53:00+00:00,>24h,11,11,11,True,0.8815,-0.11850000000000005,40.989,9.06,0.05000000000000002,0.009999999999999981,38.053,False,0.77,0.9929999999999999
highest-temperature-in-shenzhen-on-june-9-2026,Shenzhen,2026-06-09,clean,2026-06-07 06:11:00+00:00,>24h,11,11,11,True,1.1185,0.11850000000000005,62.346,59.531,0.21999999999999997,0.068,52.219,False,0.622,1.615
highest-temperature-in-karachi-on-june-11-2026,Karachi,2026-06-11,degraded,2026-06-09 08:04:00+00:00,>24h,11,11,11,True,0.8815000000000001,-0.11849999999999994,801.867,7.979,0.07000000000000003,0.010000000000000009,798.576,False,0.776,0.987
highest-temperature-in-mexico-city-on-june-6-2026,Mexico City,2026-06-06,degraded,2026-06-05 05:45:00+00:00,>24h,11,11,9,False,0.8815000000000001,-0.11849999999999994,0.459,0.369,0.08000000000000002,0.019999999999999997,0.43,False,0.7480000000000001,1.0150000000000001
highest-temperature-in-mexico-city-on-june-6-2026,Mexico City,2026-06-06,degraded,2026-06-05 05:12:00+00:00,>24h,11,11,9,False,0.8815000000000001,-0.11849999999999994,27.829,7.86,0.09,0.036000000000000004,27.797,False,0.69,1.0730000000000002
highest-temperature-in-ankara-on-june-11-2026,Ankara,2026-06-11,degraded,2026-06-09 06:18:00+00:00,>24h,11,11,11,True,1.1184999999999998,0.11849999999999983,2.323,1.071,0.15,0.03,1.564,False,0.8510000000000001,1.386
highest-temperature-in-beijing-on-june-8-2026,Beijing,2026-06-08,clean,2026-06-08 03:48:00+00:00,6-24h,11,11,11,True,1.118,0.1180000000000001,12562.161,0.146,0.093,0.008999999999999998,12562.158,False,0.9420000000000001,1.2939999999999998
highest-temperature-in-wuhan-on-june-10-2026,Wuhan,2026-06-10,clean,2026-06-09 03:07:00+00:00,>24h,11,10,10,False,0.8819999999999999,-0.1180000000000001,11.946,8.211500000000001,0.06,0.007000000000000001,8.949,True,0.807,0.9570000000000001
highest-temperature-in-wuhan-on-june-10-2026,Wuhan,2026-06-10,clean,2026-06-09 03:06:00+00:00,>24h,11,10,10,False,0.8819999999999999,-0.1180000000000001,34.51,12.394,0.06,0.007000000000000001,34.179,True,0.807,0.9570000000000001
highest-temperature-in-shenzhen-on-june-9-2026,Shenzhen,2026-06-09,clean,2026-06-07 06:41:00+00:00,>24h,11,11,11,True,1.118,0.1180000000000001,1.002,0.78,0.21999999999999997,0.05600000000000001,0.362,False,0.623,1.6130000000000002
highest-temperature-in-kuala-lumpur-on-june-5-2026,Kuala Lumpur,2026-06-05,clean,2026-06-05 05:36:00+00:00,6-24h,11,11,11,True,1.118,0.1180000000000001,68529.429,2958.25,0.188,0.001,68528.713,False,0.9050000000000001,1.331
highest-temperature-in-wuhan-on-june-10-2026,Wuhan,2026-06-10,clean,2026-06-08 22:23:00+00:00,>24h,11,10,10,False,0.8819999999999999,-0.1180000000000001,0.379,0.3555,0.08000000000000002,0.0175,0.314,True,0.752,1.012
highest-temperature-in-wuhan-on-june-10-2026,Wuhan,2026-06-10,clean,2026-06-09 05:09:00+00:00,>24h,11,10,10,False,0.8819999999999999,-0.1180000000000001,0.248,0.248,0.04000000000000001,0.006500000000000001,0.137,True,0.826,0.9380000000000001
highest-temperature-in-taipei-on-june-8-2026,Taipei,2026-06-08,clean,2026-06-07 09:10:00+00:00,>24h,11,11,11,True,1.118,0.1180000000000001,0.438,0.277,0.083,0.03,0.198,False,0.941,1.295
highest-temperature-in-wuhan-on-june-10-2026,Wuhan,2026-06-10,clean,2026-06-08 21:04:00+00:00,>24h,11,10,10,False,0.882,-0.118,0.637,0.6145,0.08000000000000002,0.018000000000000002,0.093,True,0.732,1.032
highest-temperature-in-karachi-on-june-11-2026,Karachi,2026-06-11,degraded,2026-06-09 06:30:00+00:00,>24h,11,11,11,True,0.8820000000000001,-0.11799999999999988,3.54,2.871,0.14999999999999997,0.010000000000000009,1.647,False,0.663,1.1010000000000002
highest-temperature-in-wuhan-on-june-10-2026,Wuhan,2026-06-10,clean,2026-06-08 20:23:00+00:00,>24h,11,10,10,False,0.8820000000000001,-0.11799999999999988,17.695,9.1335,0.11000000000000001,0.018000000000000002,15.742,True,0.722,1.0419999999999998
highest-temperature-in-shenzhen-on-june-9-2026,Shenzhen,2026-06-09,clean,2026-06-09 02:21:00+00:00,6-24h,11,11,11,True,1.1179999999999999,0.11799999999999988,111544.297,18.552,0.09000000000000002,0.011,111543.84,False,0.9540000000000001,1.282
highest-temperature-in-ankara-on-june-11-2026,Ankara,2026-06-11,degraded,2026-06-09 05:50:00+00:00,>24h,11,11,11,True,1.1179999999999997,0.11799999999999966,124.363,66.156,0.16999999999999998,0.04000000000000001,117.55,False,0.8490000000000001,1.387
highest-temperature-in-wuhan-on-june-10-2026,Wuhan,2026-06-10,clean,2026-06-10 01:26:00+00:00,6-24h,11,10,10,False,0.8824999999999997,-0.11750000000000027,60342.726,1.038,0.07,0.0055,60342.622,True,0.793,0.9720000000000001
highest-temperature-in-wuhan-on-june-10-2026,Wuhan,2026-06-10,clean,2026-06-08 10:35:00+00:00,>24h,11,10,10,False,0.8824999999999998,-0.11750000000000016,18.819,12.158999999999999,0.07999999999999996,0.0445,18.151,True,0.6940000000000001,1.0710000000000002
highest-temperature-in-wuhan-on-june-10-2026,Wuhan,2026-06-10,clean,2026-06-09 03:04:00+00:00,>24h,11,10,10,False,0.8824999999999998,-0.11750000000000016,1.861,1.8455,0.06,0.007000000000000001,0.14,True,0.807,0.958
highest-temperature-in-wuhan-on-june-10-2026,Wuhan,2026-06-10,clean,2026-06-09 03:05:00+00:00,>24h,11,10,10,False,0.8824999999999998,-0.11750000000000016,0.727,0.6325000000000001,0.06,0.007000000000000001,0.119,True,0.807,0.958
highest-temperature-in-moscow-on-june-4-2026,Moscow,2026-06-04,clean,2026-06-04 03:41:00+00:00,6-24h,11,11,11,True,1.1175000000000002,0.11750000000000016,6604.016,0.249,0.10999999999999999,0.011,6603.988,False,0.9179999999999999,1.3170000000000002
highest-temperature-in-kuala-lumpur-on-june-5-2026,Kuala Lumpur,2026-06-05,clean,2026-06-05 03:06:00+00:00,6-24h,11,11,11,True,1.1175000000000002,0.11750000000000016,59529.429,4.236,0.03,0.010000000000000009,59527.835,False,1.057,1.1780000000000002
highest-temperature-in-wuhan-on-june-10-2026,Wuhan,2026-06-10,clean,2026-06-08 21:19:00+00:00,>24h,11,10,10,False,0.8825,-0.11750000000000005,3.188,2.0065,0.08000000000000002,0.017,1.2349999999999999,True,0.733,1.032
highest-temperature-in-wuhan-on-june-10-2026,Wuhan,2026-06-10,clean,2026-06-08 21:21:00+00:00,>24h,11,10,10,False,0.8825,-0.11750000000000005,2.4,2.3440000000000003,0.08000000000000002,0.017,2.385,True,0.733,1.032
highest-temperature-in-wuhan-on-june-10-2026,Wuhan,2026-06-10,clean,2026-06-08 14:24:00+00:00,>24h,11,10,10,False,0.8825000000000001,-0.11749999999999994,10.416,4.112,0.05,0.016,8.464,True,0.794,0.9710000000000002
highest-temperature-in-wuhan-on-june-10-2026,Wuhan,2026-06-10,clean,2026-06-08 14:32:00+00:00,>24h,11,10,10,False,0.8825000000000001,-0.11749999999999994,171.072,171.072,0.039999999999999994,0.010000000000000009,2.485,True,0.8130000000000001,0.9520000000000002
highest-temperature-in-wuhan-on-june-10-2026,Wuhan,2026-06-10,clean,2026-06-08 14:30:00+00:00,>24h,11,10,10,False,0.8825000000000001,-0.11749999999999994,51.072,51.072,0.039999999999999994,0.010000000000000009,2.485,True,0.8130000000000001,0.9520000000000002
highest-temperature-in-wuhan-on-june-10-2026,Wuhan,2026-06-10,clean,2026-06-08 14:33:00+00:00,>24h,11,10,10,False,0.8825000000000001,-0.11749999999999994,231.072,231.072,0.039999999999999994,0.010000000000000009,2.485,True,0.8130000000000001,0.9520000000000002
highest-temperature-in-shenzhen-on-june-9-2026,Shenzhen,2026-06-09,clean,2026-06-09 01:54:00+00:00,6-24h,11,11,11,True,1.1175,0.11749999999999994,109924.297,37.244,0.15999999999999998,0.027,109918.524,False,0.8810000000000001,1.354
highest-temperature-in-wuhan-on-june-10-2026,Wuhan,2026-06-10,clean,2026-06-08 22:27:00+00:00,>24h,11,10,10,False,0.8825000000000001,-0.11749999999999994,6.307,4.239,0.10000000000000003,0.013000000000000005,6.17,True,0.743,1.022
highest-temperature-in-wuhan-on-june-10-2026,Wuhan,2026-06-10,clean,2026-06-08 14:31:00+00:00,>24h,11,10,10,False,0.8825000000000001,-0.11749999999999994,111.072,111.072,0.039999999999999994,0.010000000000000009,2.485,True,0.8130000000000001,0.9520000000000002
highest-temperature-in-qingdao-on-june-10-2026,Qingdao,2026-06-10,clean,2026-06-10 03:48:00+00:00,6-24h,11,10,10,False,1.1175,0.11749999999999994,10256.035,33.562,0.15400000000000003,0.006,10251.718,True,0.8520000000000001,1.383
highest-temperature-in-wuhan-on-june-10-2026,Wuhan,2026-06-10,clean,2026-06-08 15:43:00+00:00,>24h,11,10,10,False,0.8825000000000001,-0.11749999999999994,12.637,5.104,0.10999999999999999,0.0165,9.432,True,0.744,1.021
highest-temperature-in-wuhan-on-june-10-2026,Wuhan,2026-06-10,clean,2026-06-10 01:20:00+00:00,6-24h,11,10,10,False,0.8829999999999999,-0.1170000000000001,59982.726,0.6125,0.07,0.0055,59982.715,True,0.81,0.956
highest-temperature-in-wuhan-on-june-10-2026,Wuhan,2026-06-10,clean,2026-06-09 01:49:00+00:00,>24h,11,10,10,False,0.8829999999999999,-0.1170000000000001,16.279,12.5105,0.07999999999999999,0.008500000000000002,7.594,True,0.794,0.972
highest-temperature-in-wuhan-on-june-10-2026,Wuhan,2026-06-10,clean,2026-06-10 01:23:00+00:00,6-24h,11,10,10,False,0.8829999999999999,-0.1170000000000001,60162.726,0.227,0.07,0.0055,60162.725,True,0.8,0.966
highest-temperature-in-wuhan-on-june-10-2026,Wuhan,2026-06-10,clean,2026-06-09 01:40:00+00:00,>24h,11,10,10,False,0.8829999999999999,-0.1170000000000001,35.73,31.749,0.09999999999999998,0.009500000000000001,35.338,True,0.7730000000000001,0.993
highest-temperature-in-wuhan-on-june-10-2026,Wuhan,2026-06-10,clean,2026-06-08 07:13:00+00:00,>24h,11,10,10,False,0.8829999999999999,-0.1170000000000001,6.364,0.786,0.09000000000000002,0.010000000000000005,5.974,True,0.7590000000000001,1.0070000000000001
highest-temperature-in-wuhan-on-june-10-2026,Wuhan,2026-06-10,clean,2026-06-08 11:18:00+00:00,>24h,11,10,10,False,0.883,-0.11699999999999999,18.576,17.399,0.11000000000000001,0.030000000000000006,17.346,True,0.7000000000000001,1.066
highest-temperature-in-kuala-lumpur-on-june-5-2026,Kuala Lumpur,2026-06-05,clean,2026-06-05 06:15:00+00:00,1-6h,11,11,11,True,1.117,0.11699999999999999,70869.429,5298.25,0.221,0.003,70869.417,False,0.788,1.446
highest-temperature-in-wuhan-on-june-10-2026,Wuhan,2026-06-10,clean,2026-06-08 07:48:00+00:00,>24h,11,10,10,False,0.883,-0.11699999999999999,89.889,15.293,0.1,0.014000000000000005,89.69,True,0.7500000000000001,1.016
highest-temperature-in-tokyo-on-june-12-2026,Tokyo,2026-06-12,degraded,2026-06-10 04:54:00+00:00,>24h,11,11,11,True,1.117,0.11699999999999999,632.564,1.363,0.23,0.09000000000000001,632.556,False,0.664,1.57
highest-temperature-in-wuhan-on-june-10-2026,Wuhan,2026-06-10,clean,2026-06-08 20:34:00+00:00,>24h,11,10,10,False,0.883,-0.11699999999999999,10.731,0.531,0.07999999999999999,0.017,10.695,True,0.754,1.012
highest-temperature-in-mexico-city-on-june-6-2026,Mexico City,2026-06-06,degraded,2026-06-05 06:11:00+00:00,>24h,11,11,11,True,0.883,-0.11699999999999999,7.936,5.984,0.04000000000000001,0.009999999999999981,6.611,False,0.7950000000000002,0.9710000000000001
highest-temperature-in-wuhan-on-june-10-2026,Wuhan,2026-06-10,clean,2026-06-08 20:24:00+00:00,>24h,11,10,10,False,0.883,-0.11699999999999999,1.989,0.588,0.08000000000000002,0.017,1.734,True,0.744,1.022
highest-temperature-in-wuhan-on-june-10-2026,Wuhan,2026-06-10,clean,2026-06-08 20:22:00+00:00,>24h,11,10,10,False,0.8830000000000001,-0.11699999999999988,2.278,0.88,0.11000000000000001,0.017,1.41,True,0.724,1.0419999999999998
highest-temperature-in-wuhan-on-june-10-2026,Wuhan,2026-06-10,clean,2026-06-08 14:34:00+00:00,>24h,11,10,10,False,0.8830000000000001,-0.11699999999999988,24.676,2.8725,0.06,0.010000000000000009,23.686,True,0.804,0.9620000000000001
highest-temperature-in-wuhan-on-june-10-2026,Wuhan,2026-06-10,clean,2026-06-08 20:59:00+00:00,>24h,11,10,10,False,0.8830000000000001,-0.11699999999999988,35.965,10.032,0.11000000000000001,0.017,35.884,True,0.714,1.0519999999999998
highest-temperature-in-ankara-on-june-11-2026,Ankara,2026-06-11,degraded,2026-06-09 06:01:00+00:00,>24h,11,11,11,True,1.1169999999999998,0.11699999999999977,1.02,0.882,0.13999999999999999,0.03,0.204,False,0.8700000000000001,1.364
highest-temperature-in-shenzhen-on-june-9-2026,Shenzhen,2026-06-09,clean,2026-06-07 05:12:00+00:00,>24h,11,11,11,True,1.1169999999999998,0.11699999999999977,25.471,22.981,0.27,0.13999999999999999,23.775,False,0.46599999999999997,1.768
highest-temperature-in-ankara-on-june-11-2026,Ankara,2026-06-11,degraded,2026-06-09 06:16:00+00:00,>24h,11,11,11,True,1.1169999999999998,0.11699999999999977,5.138,2.439,0.15,0.046,5.116,False,0.8520000000000001,1.382
highest-temperature-in-taipei-on-june-8-2026,Taipei,2026-06-08,clean,2026-06-07 23:51:00+00:00,6-24h,11,11,11,True,1.1165000000000003,0.11650000000000027,2493.239,3.189,0.07,0.012,2493.005,False,1.0,1.2329999999999999
highest-temperature-in-beijing-on-june-8-2026,Beijing,2026-06-08,clean,2026-06-08 08:01:00+00:00,1-6h,11,11,11,True,0.8835,-0.11650000000000005,27742.161,6642.23,0.20000000000000007,0.001,27742.057,False,0.759,1.0079999999999998
highest-temperature-in-kuala-lumpur-on-june-5-2026,Kuala Lumpur,2026-06-05,clean,2026-06-05 06:43:00+00:00,1-6h,11,11,11,True,1.1165,0.11650000000000005,72549.429,6978.25,0.23499999999999993,0.003,72549.427,False,0.8390000000000001,1.3940000000000001
highest-temperature-in-shenzhen-on-june-9-2026,Shenzhen,2026-06-09,clean,2026-06-09 05:15:00+00:00,6-24h,11,11,11,True,1.1165,0.11650000000000005,121984.297,0.281,0.26,0.001,121984.24,False,0.8510000000000001,1.3820000000000001
highest-temperature-in-shenzhen-on-june-9-2026,Shenzhen,2026-06-09,clean,2026-06-09 02:39:00+00:00,6-24h,11,11,11,True,1.1165,0.11650000000000005,112624.297,2.44,0.16999999999999998,0.029000000000000005,112624.118,False,0.852,1.381
highest-temperature-in-wuhan-on-june-10-2026,Wuhan,2026-06-10,clean,2026-06-08 23:53:00+00:00,>24h,11,10,10,False,0.8835,-0.11650000000000005,3.334,0.8525,0.07999999999999999,0.007999999999999997,3.24,True,0.791,0.976
highest-temperature-in-karachi-on-june-11-2026,Karachi,2026-06-11,degraded,2026-06-10 17:32:00+00:00,6-24h,11,11,11,True,0.8835000000000001,-0.11649999999999994,121249.477,8.346,0.14,0.026000000000000002,121248.549,False,0.6510000000000001,1.1159999999999999
highest-temperature-in-chengdu-on-june-7-2026,Chengdu,2026-06-07,degraded,2026-06-06 23:03:00+00:00,6-24h,11,8,4,False,0.8835000000000001,-0.11649999999999994,61.094,1.9725,0.12,0.040000000000000015,61.035,False,0.779,0.9880000000000001
highest-temperature-in-shenzhen-on-june-9-2026,Shenzhen,2026-06-09,clean,2026-06-07 05:11:00+00:00,>24h,11,11,11,True,1.1164999999999998,0.11649999999999983,6.296,6.253,0.27,0.13999999999999999,3.445,False,0.46499999999999997,1.768
highest-temperature-in-taipei-on-june-8-2026,Taipei,2026-06-08,clean,2026-06-06 23:10:00+00:00,>24h,11,11,9,False,1.1164999999999998,0.11649999999999983,18.69,18.671,0.158,0.09000000000000001,18.329,False,0.7350000000000001,1.498
highest-temperature-in-wuhan-on-june-10-2026,Wuhan,2026-06-10,clean,2026-06-09 12:11:00+00:00,6-24h,11,10,10,False,0.8839999999999998,-0.11600000000000021,12642.726,10.9445,0.03,0.005,12638.728,True,0.846,0.922
highest-temperature-in-wuhan-on-june-10-2026,Wuhan,2026-06-10,clean,2026-06-09 12:12:00+00:00,6-24h,11,10,10,False,0.8839999999999998,-0.11600000000000021,12702.726,3.8979999999999997,0.03,0.005,12702.367,True,0.846,0.922
highest-temperature-in-wuhan-on-june-10-2026,Wuhan,2026-06-10,clean,2026-06-09 12:10:00+00:00,6-24h,11,10,10,False,0.8839999999999998,-0.11600000000000021,12582.726,11.043,0.03,0.005,12577.127,True,0.846,0.922
highest-temperature-in-wuhan-on-june-10-2026,Wuhan,2026-06-10,clean,2026-06-09 12:13:00+00:00,6-24h,11,10,10,False,0.8839999999999998,-0.11600000000000021,12762.726,11.933,0.03,0.005,12761.737,True,0.846,0.922
highest-temperature-in-wuhan-on-june-10-2026,Wuhan,2026-06-10,clean,2026-06-09 11:23:00+00:00,>24h,11,10,10,False,0.8839999999999999,-0.1160000000000001,9762.726,6.5565,0.03,0.004999999999999999,9761.732,True,0.8450000000000001,0.923
highest-temperature-in-wuhan-on-june-10-2026,Wuhan,2026-06-10,clean,2026-06-09 11:40:00+00:00,>24h,11,10,10,False,0.8839999999999999,-0.1160000000000001,10782.726,10.934000000000001,0.05000000000000002,0.0055,10782.258,True,0.8220000000000001,0.9460000000000001
highest-temperature-in-wuhan-on-june-10-2026,Wuhan,2026-06-10,clean,2026-06-08 23:49:00+00:00,>24h,11,10,10,False,0.8839999999999999,-0.1160000000000001,8.184,7.039,0.08000000000000002,0.007999999999999997,5.747,True,0.781,0.987
highest-temperature-in-wuhan-on-june-10-2026,Wuhan,2026-06-10,clean,2026-06-08 09:43:00+00:00,>24h,11,10,10,False,0.884,-0.11599999999999999,52.755,37.412499999999994,0.14,0.029000000000000005,52.341,True,0.6689999999999999,1.0990000000000002
highest-temperature-in-wuhan-on-june-10-2026,Wuhan,2026-06-10,clean,2026-06-08 21:24:00+00:00,>24h,11,10,10,False,0.884,-0.11599999999999999,20.877,5.5825,0.07,0.015500000000000002,16.14,True,0.756,1.012
highest-temperature-in-wuhan-on-june-10-2026,Wuhan,2026-06-10,clean,2026-06-08 21:53:00+00:00,>24h,11,10,10,False,0.884,-0.11599999999999999,43.917,4.304,0.07,0.015500000000000002,43.912,True,0.756,1.012
highest-temperature-in-wuhan-on-june-10-2026,Wuhan,2026-06-10,clean,2026-06-08 09:42:00+00:00,>24h,11,10,10,False,0.884,-0.11599999999999999,1.197,0.7455,0.14,0.029000000000000005,0.483,True,0.6689999999999999,1.0990000000000002
highest-temperature-in-shenzhen-on-june-9-2026,Shenzhen,2026-06-09,clean,2026-06-09 03:18:00+00:00,6-24h,11,11,11,True,1.1159999999999999,0.11599999999999988,114964.297,4.665,0.13999999999999999,0.029000000000000005,114963.758,False,0.902,1.3299999999999998
highest-temperature-in-shenzhen-on-june-9-2026,Shenzhen,2026-06-09,clean,2026-06-08 15:06:00+00:00,6-24h,11,11,11,True,1.1159999999999999,0.11599999999999988,71044.297,0.455,0.06,0.020999999999999998,71044.202,False,0.9880000000000001,1.244
highest-temperature-in-shenzhen-on-june-9-2026,Shenzhen,2026-06-09,clean,2026-06-08 15:07:00+00:00,6-24h,11,11,11,True,1.1159999999999999,0.11599999999999988,71104.297,2.882,0.06,0.020999999999999998,71104.245,False,0.9880000000000001,1.244
highest-temperature-in-moscow-on-june-4-2026,Moscow,2026-06-04,clean,2026-06-04 03:42:00+00:00,6-24h,11,11,11,True,1.1159999999999999,0.11599999999999988,6664.016,0.233,0.10999999999999999,0.011,6663.94,False,0.9189999999999999,1.3129999999999997
highest-temperature-in-ankara-on-june-11-2026,Ankara,2026-06-11,degraded,2026-06-09 06:09:00+00:00,>24h,11,11,11,True,1.1159999999999997,0.11599999999999966,0.313,0.198,0.15,0.030000000000000002,0.295,False,0.8800000000000001,1.352
highest-temperature-in-ankara-on-june-11-2026,Ankara,2026-06-11,degraded,2026-06-09 06:08:00+00:00,>24h,11,11,11,True,1.1159999999999997,0.11599999999999966,11.45,11.105,0.13999999999999999,0.03999999999999998,11.332,False,0.8800000000000001,1.352
highest-temperature-in-kuala-lumpur-on-june-5-2026,Kuala Lumpur,2026-06-05,clean,2026-06-05 06:39:00+00:00,1-6h,11,11,11,True,1.1155000000000002,0.11550000000000016,72309.429,6738.25,0.15400000000000003,0.003,72309.063,False,0.873,1.358
highest-temperature-in-wuhan-on-june-10-2026,Wuhan,2026-06-10,clean,2026-06-09 12:14:00+00:00,6-24h,11,10,10,False,0.8844999999999998,-0.11550000000000016,12822.726,11.564,0.03,0.0055,12821.998,True,0.846,0.923
highest-temperature-in-wuhan-on-june-10-2026,Wuhan,2026-06-10,clean,2026-06-09 12:15:00+00:00,6-24h,11,10,10,False,0.8844999999999998,-0.11550000000000016,12882.726,10.7445,0.03,0.0055,12882.117,True,0.846,0.923
highest-temperature-in-wuhan-on-june-10-2026,Wuhan,2026-06-10,clean,2026-06-09 05:51:00+00:00,>24h,11,10,10,False,0.8844999999999998,-0.11550000000000016,20.584,11.243,0.07000000000000003,0.005999999999999999,14.594,True,0.804,0.9650000000000001
highest-temperature-in-beijing-on-june-8-2026,Beijing,2026-06-08,clean,2026-06-08 04:53:00+00:00,6-24h,11,11,11,True,1.1155000000000002,0.11550000000000016,16462.161,1.086,0.125,0.002,16462.136,False,0.9149999999999999,1.316
highest-temperature-in-wuhan-on-june-10-2026,Wuhan,2026-06-10,clean,2026-06-08 10:13:00+00:00,>24h,11,10,10,False,0.8844999999999998,-0.11550000000000016,30.815,5.7085,0.06,0.04000000000000001,30.787,True,0.733,1.036
highest-temperature-in-wuhan-on-june-10-2026,Wuhan,2026-06-10,clean,2026-06-09 07:09:00+00:00,>24h,11,10,10,False,0.8844999999999998,-0.11550000000000016,1.71,0.948,0.04999999999999999,0.006500000000000001,1.698,True,0.802,0.967
highest-temperature-in-wuhan-on-june-10-2026,Wuhan,2026-06-10,clean,2026-06-10 01:32:00+00:00,6-24h,11,10,10,False,0.8844999999999998,-0.11550000000000016,60702.726,0.129,0.06,0.004,60702.721,True,0.8130000000000001,0.956
highest-temperature-in-wuhan-on-june-10-2026,Wuhan,2026-06-10,clean,2026-06-09 11:53:00+00:00,>24h,11,10,10,False,0.8845,-0.11550000000000005,11562.726,10.9805,0.04000000000000001,0.0055,11562.579,True,0.8230000000000001,0.9460000000000001
highest-temperature-in-wuhan-on-june-10-2026,Wuhan,2026-06-10,clean,2026-06-09 11:56:00+00:00,>24h,11,10,10,False,0.8845,-0.11550000000000005,11742.726,0.381,0.04000000000000001,0.0055,11742.574,True,0.8330000000000001,0.936
highest-temperature-in-wuhan-on-june-10-2026,Wuhan,2026-06-10,clean,2026-06-09 06:37:00+00:00,>24h,11,10,10,False,0.8845,-0.11550000000000005,13.802,9.8095,0.03,0.005,13.111,True,0.833,0.936
highest-temperature-in-wuhan-on-june-10-2026,Wuhan,2026-06-10,clean,2026-06-09 11:41:00+00:00,>24h,11,10,10,False,0.8845,-0.11550000000000005,10842.726,7.1215,0.05000000000000002,0.0055,10838.99,True,0.8230000000000001,0.9460000000000001
highest-temperature-in-wuhan-on-june-10-2026,Wuhan,2026-06-10,clean,2026-06-09 11:54:00+00:00,>24h,11,10,10,False,0.8845,-0.11550000000000005,11622.726,3.4210000000000003,0.04000000000000001,0.0055,11620.498,True,0.8230000000000001,0.9460000000000001
highest-temperature-in-wuhan-on-june-10-2026,Wuhan,2026-06-10,clean,2026-06-09 11:43:00+00:00,>24h,11,10,10,False,0.8845,-0.11550000000000005,10962.726,17.4545,0.05000000000000002,0.0055,10961.143,True,0.8230000000000001,0.9460000000000001
highest-temperature-in-wuhan-on-june-10-2026,Wuhan,2026-06-10,clean,2026-06-09 07:11:00+00:00,>24h,11,10,10,False,0.8845,-0.11550000000000005,2.826,1.3980000000000001,0.03999999999999998,0.007500000000000001,2.825,True,0.811,0.958
highest-temperature-in-beijing-on-june-8-2026,Beijing,2026-06-08,clean,2026-06-06 23:03:00+00:00,>24h,11,11,8,False,0.8845,-0.11550000000000005,24.346,10.591999999999999,0.2,0.028,22.188,False,0.6160000000000001,1.153
highest-temperature-in-wuhan-on-june-10-2026,Wuhan,2026-06-10,clean,2026-06-09 04:21:00+00:00,>24h,11,10,10,False,0.8845,-0.11550000000000005,25.163,5.665,0.03,0.006000000000000002,19.883,True,0.8340000000000001,0.9350000000000002
highest-temperature-in-beijing-on-june-8-2026,Beijing,2026-06-08,clean,2026-06-08 03:46:00+00:00,6-24h,11,11,11,True,1.1155,0.11549999999999994,12442.161,1.812,0.15999999999999998,0.009999999999999998,12442.092,False,0.8680000000000001,1.3629999999999998
highest-temperature-in-manila-on-june-11-2026,Manila,2026-06-11,degraded,2026-06-10 11:35:00+00:00,>24h,11,11,11,True,0.8845000000000001,-0.11549999999999994,7.412,3.742,0.06,0.005999999999999999,7.194,False,0.767,1.0019999999999998
highest-temperature-in-manila-on-june-11-2026,Manila,2026-06-11,degraded,2026-06-10 11:34:00+00:00,>24h,11,11,11,True,0.8845000000000001,-0.11549999999999994,29.363,5.004,0.06,0.005999999999999999,29.302,False,0.767,1.0019999999999998
highest-temperature-in-wuhan-on-june-10-2026,Wuhan,2026-06-10,clean,2026-06-08 11:03:00+00:00,>24h,11,10,10,False,0.8845000000000001,-0.11549999999999994,1.31,1.1905000000000001,0.07999999999999999,0.030000000000000006,0.971,True,0.732,1.0370000000000001
highest-temperature-in-ankara-on-june-11-2026,Ankara,2026-06-11,degraded,2026-06-09 06:07:00+00:00,>24h,11,11,11,True,1.1154999999999997,0.11549999999999971,4.014,3.892,0.12000000000000002,0.02999999999999997,0.149,False,0.91,1.321
highest-temperature-in-wuhan-on-june-10-2026,Wuhan,2026-06-10,clean,2026-06-08 17:17:00+00:00,>24h,11,10,10,False,0.8849999999999999,-0.1150000000000001,9.044,3.9524999999999997,0.039999999999999994,0.014000000000000005,5.254,True,0.8,0.97
highest-temperature-in-wuhan-on-june-10-2026,Wuhan,2026-06-10,clean,2026-06-09 12:06:00+00:00,6-24h,11,10,10,False,0.8849999999999999,-0.1150000000000001,12342.726,18.8745,0.03,0.005,12338.468,True,0.845,0.925
highest-temperature-in-wuhan-on-june-10-2026,Wuhan,2026-06-10,clean,2026-06-09 05:54:00+00:00,>24h,11,10,10,False,0.8849999999999999,-0.1150000000000001,5.311,5.023,0.08000000000000002,0.0055000000000000005,5.289,True,0.805,0.9650000000000001
highest-temperature-in-wuhan-on-june-10-2026,Wuhan,2026-06-10,clean,2026-06-09 12:05:00+00:00,6-24h,11,10,10,False,0.8849999999999999,-0.1150000000000001,12282.726,0.001,0.05000000000000002,0.005,12282.725,True,0.8350000000000001,0.935
highest-temperature-in-wuhan-on-june-10-2026,Wuhan,2026-06-10,clean,2026-06-09 12:07:00+00:00,6-24h,11,10,10,False,0.8849999999999999,-0.1150000000000001,12402.726,20.680999999999997,0.03,0.005,12397.356,True,0.845,0.925
highest-temperature-in-wuhan-on-june-10-2026,Wuhan,2026-06-10,clean,2026-06-09 06:20:00+00:00,>24h,11,10,10,False,0.8849999999999999,-0.1150000000000001,8.187,7.558999999999999,0.05000000000000002,0.006500000000000001,7.866,True,0.82,0.9500000000000001
highest-temperature-in-manila-on-june-11-2026,Manila,2026-06-11,degraded,2026-06-10 11:10:00+00:00,>24h,11,11,11,True,0.885,-0.11499999999999999,15.58,10.408,0.06,0.005999999999999999,13.408,False,0.797,0.9730000000000002
highest-temperature-in-manila-on-june-11-2026,Manila,2026-06-11,degraded,2026-06-10 11:42:00+00:00,>24h,11,11,11,True,0.885,-0.11499999999999999,59.647,9.781,0.06,0.005999999999999999,59.588,False,0.767,1.003
highest-temperature-in-manila-on-june-11-2026,Manila,2026-06-11,degraded,2026-06-10 11:41:00+00:00,>24h,11,11,11,True,0.885,-0.11499999999999999,27.791,1.188,0.06,0.005999999999999999,27.196,False,0.767,1.003
highest-temperature-in-shanghai-on-june-10-2026,Shanghai,2026-06-10,clean,2026-06-08 06:08:00+00:00,>24h,11,11,11,True,1.115,0.11499999999999999,280.898,2.93,0.09000000000000001,0.020000000000000004,280.548,False,0.9470000000000001,1.283
highest-temperature-in-houston-on-june-12-2026,Houston,2026-06-12,degraded,2026-06-11 03:23:00+00:00,>24h,11,11,11,True,1.115,0.11499999999999999,96.751,87.95,0.060000000000000005,0.020000000000000018,96.633,False,0.9730000000000001,1.2569999999999997
highest-temperature-in-mexico-city-on-june-6-2026,Mexico City,2026-06-06,degraded,2026-06-05 06:48:00+00:00,>24h,11,11,11,True,0.885,-0.11499999999999999,59.049,13.999,0.06,0.009999999999999981,58.753,False,0.768,1.002
highest-temperature-in-munich-on-june-6-2026,Munich,2026-06-06,degraded,2026-06-05 05:15:00+00:00,>24h,11,11,7,False,0.885,-0.11499999999999999,42.529,16.36,0.04300000000000001,0.010000000000000009,39.27,False,0.815,0.955
highest-temperature-in-wuhan-on-june-10-2026,Wuhan,2026-06-10,clean,2026-06-08 09:32:00+00:00,>24h,11,10,10,False,0.8850000000000001,-0.11499999999999988,33.521,8.4385,0.12,0.029000000000000005,32.734,True,0.679,1.0910000000000002
highest-temperature-in-shenzhen-on-june-9-2026,Shenzhen,2026-06-09,clean,2026-06-09 03:27:00+00:00,6-24h,11,11,11,True,1.1149999999999998,0.11499999999999977,115504.297,0.526,0.12,0.03,115504.098,False,0.924,1.306
highest-temperature-in-wuhan-on-june-10-2026,Wuhan,2026-06-10,clean,2026-06-08 17:19:00+00:00,>24h,11,10,10,False,0.8854999999999998,-0.11450000000000016,0.09,0.027,0.039999999999999994,0.013500000000000005,0.089,True,0.801,0.97
highest-temperature-in-wuhan-on-june-10-2026,Wuhan,2026-06-10,clean,2026-06-09 06:11:00+00:00,>24h,11,10,10,False,0.8854999999999998,-0.11450000000000016,9.397,1.2535,0.05000000000000002,0.006999999999999999,8.804,True,0.819,0.9520000000000001
highest-temperature-in-wuhan-on-june-10-2026,Wuhan,2026-06-10,clean,2026-06-09 06:12:00+00:00,>24h,11,10,10,False,0.8854999999999998,-0.11450000000000016,14.549,5.1129999999999995,0.05000000000000002,0.006999999999999999,13.982,True,0.819,0.9520000000000001
highest-temperature-in-shenzhen-on-june-9-2026,Shenzhen,2026-06-09,clean,2026-06-07 07:41:00+00:00,>24h,11,11,11,True,1.1145,0.11450000000000005,31.93,31.468,0.04000000000000001,0.020000000000000004,30.165,False,1.014,1.2150000000000003
highest-temperature-in-manila-on-june-11-2026,Manila,2026-06-11,degraded,2026-06-10 11:09:00+00:00,>24h,11,11,11,True,0.8855,-0.11450000000000005,2.759,1.809,0.06,0.005999999999999999,2.234,False,0.798,0.9730000000000002
highest-temperature-in-manila-on-june-11-2026,Manila,2026-06-11,degraded,2026-06-10 11:17:00+00:00,>24h,11,11,11,True,0.8855,-0.11450000000000005,32.559,9.168,0.07999999999999996,0.005999999999999999,31.685,False,0.788,0.983
highest-temperature-in-manila-on-june-11-2026,Manila,2026-06-11,degraded,2026-06-10 11:07:00+00:00,>24h,11,11,11,True,0.8855,-0.11450000000000005,16.431,9.242,0.06,0.005999999999999999,14.773,False,0.798,0.9730000000000002
highest-temperature-in-manila-on-june-11-2026,Manila,2026-06-11,degraded,2026-06-10 11:08:00+00:00,>24h,11,11,11,True,0.8855,-0.11450000000000005,29.65,6.722,0.06,0.005999999999999999,25.66,False,0.798,0.9730000000000002
highest-temperature-in-shenzhen-on-june-9-2026,Shenzhen,2026-06-09,clean,2026-06-07 07:38:00+00:00,>24h,11,11,11,True,1.1145,0.11450000000000005,39.649,37.114,0.04000000000000001,0.01999999999999999,30.497,False,1.015,1.2140000000000002
highest-temperature-in-beijing-on-june-8-2026,Beijing,2026-06-08,clean,2026-06-08 03:52:00+00:00,6-24h,11,11,11,True,1.1145,0.11450000000000005,12802.161,0.19,0.15000000000000002,0.009999999999999995,12802.142,False,0.916,1.313
highest-temperature-in-wuhan-on-june-10-2026,Wuhan,2026-06-10,clean,2026-06-08 22:05:00+00:00,>24h,11,10,10,False,0.8855,-0.11450000000000005,15.242,4.1215,0.12,0.019000000000000003,14.887,True,0.729,1.0419999999999998
highest-temperature-in-seattle-on-june-10-2026,Seattle,2026-06-10,clean,2026-06-10 07:58:00+00:00,1-6h,11,11,11,True,1.1145,0.11450000000000005,9452.129,1.663,0.04999999999999993,0.003,9452.114,False,1.0479999999999998,1.1809999999999998
highest-temperature-in-shenzhen-on-june-9-2026,Shenzhen,2026-06-09,clean,2026-06-07 07:30:00+00:00,>24h,11,11,11,True,1.1145,0.11450000000000005,30.035,22.744,0.030000000000000006,0.020000000000000004,29.384,False,1.015,1.2140000000000002
highest-temperature-in-shenzhen-on-june-9-2026,Shenzhen,2026-06-09,clean,2026-06-07 07:32:00+00:00,>24h,11,11,11,True,1.1145,0.11450000000000005,150.035,94.173,0.030000000000000006,0.020000000000000004,92.562,False,1.015,1.2140000000000002
highest-temperature-in-shenzhen-on-june-9-2026,Shenzhen,2026-06-09,clean,2026-06-07 07:31:00+00:00,>24h,11,11,11,True,1.1145,0.11450000000000005,90.035,34.173,0.030000000000000006,0.020000000000000004,87.009,False,1.015,1.2140000000000002
highest-temperature-in-shenzhen-on-june-9-2026,Shenzhen,2026-06-09,clean,2026-06-07 07:40:00+00:00,>24h,11,11,11,True,1.1145,0.11450000000000005,41.511,11.862,0.04000000000000001,0.020000000000000004,40.519,False,1.014,1.2150000000000003
highest-temperature-in-shenzhen-on-june-9-2026,Shenzhen,2026-06-09,clean,2026-06-09 01:50:00+00:00,6-24h,11,11,11,True,1.1145,0.11450000000000005,109684.297,21.444,0.14,0.028,109683.999,False,0.9020000000000001,1.3269999999999997
highest-temperature-in-wuhan-on-june-10-2026,Wuhan,2026-06-10,clean,2026-06-09 06:03:00+00:00,>24h,11,10,10,False,0.8855,-0.11450000000000005,1.396,1.2965,0.10999999999999999,0.0065,1.3679999999999999,True,0.788,0.983
highest-temperature-in-wuhan-on-june-10-2026,Wuhan,2026-06-10,clean,2026-06-09 14:28:00+00:00,6-24h,11,10,10,False,0.8855000000000001,-0.11449999999999994,20862.726,1.5765,0.09,0.0055,20862.261,True,0.805,0.9660000000000001
highest-temperature-in-wuhan-on-june-10-2026,Wuhan,2026-06-10,clean,2026-06-08 14:18:00+00:00,>24h,11,10,10,False,0.8855000000000001,-0.11449999999999994,13.024,13.001000000000001,0.039999999999999994,0.009500000000000005,8.622,True,0.8190000000000001,0.9520000000000002
highest-temperature-in-ankara-on-june-11-2026,Ankara,2026-06-11,degraded,2026-06-09 06:19:00+00:00,>24h,11,11,11,True,1.1144999999999998,0.11449999999999982,8.378,0.99,0.15,0.03999999999999998,8.349,False,0.8620000000000001,1.367
highest-temperature-in-qingdao-on-june-10-2026,Qingdao,2026-06-10,clean,2026-06-10 03:09:00+00:00,6-24h,11,10,10,False,1.1144999999999998,0.11449999999999982,7916.035,3.8535000000000004,0.12199999999999997,0.025500000000000005,7916.029,True,0.8850000000000001,1.3439999999999999
highest-temperature-in-amsterdam-on-june-8-2026,Amsterdam,2026-06-08,clean,2026-06-08 11:28:00+00:00,<1h,11,11,11,True,1.1140000000000003,0.11400000000000032,67054.763,2.167,0.22000000000000003,0.002,67054.743,False,0.868,1.36
highest-temperature-in-shenzhen-on-june-9-2026,Shenzhen,2026-06-09,clean,2026-06-07 07:35:00+00:00,>24h,11,11,11,True,1.114,0.1140000000000001,259.713,29.336,0.030000000000000006,0.020000000000000004,258.351,False,1.015,1.213
highest-temperature-in-shenzhen-on-june-9-2026,Shenzhen,2026-06-09,clean,2026-06-07 20:24:00+00:00,>24h,11,11,11,True,1.114,0.1140000000000001,3724.297,13.292,0.06999999999999998,0.018000000000000002,3714.576,False,0.961,1.267
highest-temperature-in-mexico-city-on-june-6-2026,Mexico City,2026-06-06,degraded,2026-06-05 06:55:00+00:00,>24h,11,11,11,True,0.8859999999999999,-0.1140000000000001,21.427,7.299,0.055,0.009999999999999981,21.381,False,0.771,1.001
highest-temperature-in-shenzhen-on-june-9-2026,Shenzhen,2026-06-09,clean,2026-06-09 01:52:00+00:00,6-24h,11,11,11,True,1.114,0.1140000000000001,109804.297,18.573,0.16999999999999998,0.027,109804.295,False,0.8720000000000001,1.3559999999999999
highest-temperature-in-shenzhen-on-june-9-2026,Shenzhen,2026-06-09,clean,2026-06-07 07:33:00+00:00,>24h,11,11,11,True,1.114,0.1140000000000001,210.035,118.759,0.030000000000000006,0.020000000000000004,200.237,False,1.015,1.213
highest-temperature-in-amsterdam-on-june-8-2026,Amsterdam,2026-06-08,clean,2026-06-08 11:30:00+00:00,<1h,11,11,11,True,1.114,0.1140000000000001,67174.763,45.826,0.23999999999999994,0.002,67174.609,False,0.888,1.3399999999999999
highest-temperature-in-shenzhen-on-june-9-2026,Shenzhen,2026-06-09,clean,2026-06-07 06:27:00+00:00,>24h,11,11,11,True,1.114,0.1140000000000001,90.341,89.718,0.22999999999999998,0.068,88.13,False,0.633,1.595
highest-temperature-in-wuhan-on-june-10-2026,Wuhan,2026-06-10,clean,2026-06-09 12:08:00+00:00,6-24h,11,10,10,False,0.8859999999999999,-0.1140000000000001,12462.726,13.5215,0.03,0.006,12453.796,True,0.845,0.927
highest-temperature-in-shenzhen-on-june-9-2026,Shenzhen,2026-06-09,clean,2026-06-07 07:34:00+00:00,>24h,11,11,11,True,1.114,0.1140000000000001,270.035,38.894,0.030000000000000006,0.020000000000000004,266.451,False,1.015,1.213
highest-temperature-in-shenzhen-on-june-9-2026,Shenzhen,2026-06-09,clean,2026-06-09 01:51:00+00:00,6-24h,11,11,11,True,1.114,0.1140000000000001,109744.297,8.059,0.16999999999999998,0.027,109738.532,False,0.8720000000000001,1.3559999999999999
highest-temperature-in-wuhan-on-june-10-2026,Wuhan,2026-06-10,clean,2026-06-08 21:12:00+00:00,>24h,11,10,10,False,0.886,-0.11399999999999999,6.118,2.949,0.1,0.018500000000000003,3.265,True,0.72,1.0519999999999998
highest-temperature-in-istanbul-on-june-12-2026,Istanbul,2026-06-12,degraded,2026-06-10 06:49:00+00:00,>24h,11,11,11,True,0.886,-0.11399999999999999,19.739,12.902,0.13,0.05900000000000001,19.569,False,0.5970000000000001,1.175
highest-temperature-in-wuhan-on-june-10-2026,Wuhan,2026-06-10,clean,2026-06-08 09:44:00+00:00,>24h,11,10,10,False,0.886,-0.11399999999999999,48.085,43.673,0.14,0.023500000000000007,47.563,True,0.689,1.0830000000000002
highest-temperature-in-wuhan-on-june-10-2026,Wuhan,2026-06-10,clean,2026-06-08 20:02:00+00:00,>24h,11,10,10,False,0.886,-0.11399999999999999,26.714,4.8085,0.12000000000000002,0.018500000000000003,25.817,True,0.72,1.0519999999999998
highest-temperature-in-wuhan-on-june-10-2026,Wuhan,2026-06-10,clean,2026-06-08 21:08:00+00:00,>24h,11,10,10,False,0.886,-0.11399999999999999,10.017,10.000499999999999,0.1,0.018500000000000003,6.072,True,0.72,1.0519999999999998
highest-temperature-in-mexico-city-on-june-6-2026,Mexico City,2026-06-06,degraded,2026-06-05 05:11:00+00:00,>24h,11,11,9,False,0.886,-0.11399999999999999,50.987,7.283,0.09,0.037000000000000005,50.951,False,0.696,1.0760000000000003
highest-temperature-in-wuhan-on-june-10-2026,Wuhan,2026-06-10,clean,2026-06-08 21:11:00+00:00,>24h,11,10,10,False,0.886,-0.11399999999999999,24.715,8.292,0.1,0.018500000000000003,20.483,True,0.72,1.0519999999999998
highest-temperature-in-wuhan-on-june-10-2026,Wuhan,2026-06-10,clean,2026-06-08 21:10:00+00:00,>24h,11,10,10,False,0.886,-0.11399999999999999,52.451,14.696000000000002,0.1,0.018500000000000003,51.679,True,0.72,1.0519999999999998
highest-temperature-in-wuhan-on-june-10-2026,Wuhan,2026-06-10,clean,2026-06-08 21:20:00+00:00,>24h,11,10,10,False,0.886,-0.11399999999999999,17.131,3.1285,0.07999999999999999,0.018500000000000003,17.128,True,0.74,1.032
highest-temperature-in-wuhan-on-june-10-2026,Wuhan,2026-06-10,clean,2026-06-08 21:09:00+00:00,>24h,11,10,10,False,0.886,-0.11399999999999999,10.929,9.078,0.1,0.018500000000000003,10.815,True,0.72,1.0519999999999998
highest-temperature-in-karachi-on-june-11-2026,Karachi,2026-06-11,degraded,2026-06-09 12:06:00+00:00,>24h,11,11,11,True,1.1139999999999999,0.11399999999999988,15321.867,2.166,0.07,0.010000000000000009,15320.122,False,0.9960000000000001,1.2319999999999998
highest-temperature-in-wuhan-on-june-10-2026,Wuhan,2026-06-10,clean,2026-06-09 12:09:00+00:00,6-24h,11,10,10,False,0.8864999999999998,-0.11350000000000016,12522.726,2.878,0.03,0.006,12522.508,True,0.846,0.927
highest-temperature-in-shenzhen-on-june-9-2026,Shenzhen,2026-06-09,clean,2026-06-07 06:39:00+00:00,>24h,11,11,11,True,1.1135000000000002,0.11350000000000016,5.639,5.599,0.2,0.06,4.857,False,0.643,1.5840000000000003
highest-temperature-in-manila-on-june-11-2026,Manila,2026-06-11,degraded,2026-06-10 04:41:00+00:00,>24h,11,11,11,True,0.8865,-0.11350000000000005,47.728,12.092,0.030000000000000027,0.004,43.516,False,0.8340000000000001,0.9390000000000001
highest-temperature-in-mexico-city-on-june-6-2026,Mexico City,2026-06-06,degraded,2026-06-05 06:41:00+00:00,>24h,11,11,11,True,0.8865,-0.11350000000000005,80.401,19.999,0.04000000000000001,0.009000000000000001,79.669,False,0.795,0.978
highest-temperature-in-manila-on-june-11-2026,Manila,2026-06-11,degraded,2026-06-10 04:42:00+00:00,>24h,11,11,11,True,0.8865,-0.11350000000000005,48.345,4.741,0.030000000000000027,0.004,48.188,False,0.8340000000000001,0.9390000000000001
highest-temperature-in-wuhan-on-june-10-2026,Wuhan,2026-06-10,clean,2026-06-09 06:04:00+00:00,>24h,11,10,10,False,0.8865,-0.11350000000000005,7.863,0.143,0.060000000000000026,0.006499999999999999,7.861,True,0.819,0.9540000000000001
highest-temperature-in-manila-on-june-11-2026,Manila,2026-06-11,degraded,2026-06-10 04:44:00+00:00,>24h,11,11,11,True,0.8865,-0.11350000000000005,168.345,4.456,0.030000000000000027,0.004,166.924,False,0.8340000000000001,0.9390000000000001
highest-temperature-in-manila-on-june-11-2026,Manila,2026-06-11,degraded,2026-06-10 04:43:00+00:00,>24h,11,11,11,True,0.8865,-0.11350000000000005,108.345,4.915,0.030000000000000027,0.004,106.861,False,0.8340000000000001,0.9390000000000001
highest-temperature-in-mexico-city-on-june-6-2026,Mexico City,2026-06-06,degraded,2026-06-05 06:40:00+00:00,>24h,11,11,11,True,0.8865,-0.11350000000000005,20.541,7.403,0.04000000000000001,0.009000000000000001,19.238,False,0.795,0.978
highest-temperature-in-kuala-lumpur-on-june-5-2026,Kuala Lumpur,2026-06-05,clean,2026-06-05 08:36:00+00:00,1-6h,11,11,11,True,0.8865,-0.11350000000000005,79329.429,13758.25,0.347,0.001,79327.989,False,0.669,1.1039999999999999
highest-temperature-in-wuhan-on-june-10-2026,Wuhan,2026-06-10,clean,2026-06-09 11:55:00+00:00,>24h,11,10,10,False,0.8865,-0.11350000000000005,11682.726,0.373,0.04000000000000001,0.0075,11682.56,True,0.8330000000000001,0.9400000000000001
highest-temperature-in-manila-on-june-11-2026,Manila,2026-06-11,degraded,2026-06-10 04:40:00+00:00,>24h,11,11,11,True,0.8865,-0.11350000000000005,40.564,17.636,0.030000000000000027,0.004,37.966,False,0.8340000000000001,0.9390000000000001
highest-temperature-in-munich-on-june-6-2026,Munich,2026-06-06,degraded,2026-06-05 05:13:00+00:00,>24h,11,11,7,False,0.8865,-0.11350000000000005,67.408,2.051,0.062,0.020000000000000018,66.614,False,0.7969999999999999,0.976
highest-temperature-in-mexico-city-on-june-6-2026,Mexico City,2026-06-06,degraded,2026-06-05 06:52:00+00:00,>24h,11,11,11,True,0.8865000000000001,-0.11349999999999993,68.103,8.347,0.06,0.009999999999999981,67.751,False,0.77,1.003
highest-temperature-in-wuhan-on-june-10-2026,Wuhan,2026-06-10,clean,2026-06-08 16:47:00+00:00,>24h,11,10,10,False,0.8865000000000001,-0.11349999999999993,15.716,2.2865,0.06,0.013000000000000005,15.679,True,0.793,0.9800000000000001
highest-temperature-in-seoul-on-june-9-2026,Seoul,2026-06-09,clean,2026-06-07 05:28:00+00:00,>24h,11,10,10,False,0.8865000000000001,-0.11349999999999993,18.154,17.240000000000002,0.16,0.024000000000000004,8.478,True,0.687,1.086
highest-temperature-in-kuala-lumpur-on-june-5-2026,Kuala Lumpur,2026-06-05,clean,2026-06-05 05:35:00+00:00,6-24h,11,11,11,True,1.1130000000000002,0.11300000000000021,68469.429,2898.25,0.187,0.001,68469.41,False,0.9050000000000001,1.321
highest-temperature-in-shenzhen-on-june-9-2026,Shenzhen,2026-06-09,clean,2026-06-07 18:22:00+00:00,>24h,11,11,11,True,1.1130000000000002,0.11300000000000021,22985.83,28.105,0.04999999999999999,0.010000000000000009,22985.652,False,1.028,1.198
highest-temperature-in-shenzhen-on-june-9-2026,Shenzhen,2026-06-09,clean,2026-06-07 05:40:00+00:00,>24h,11,11,11,True,1.113,0.11299999999999999,28.02,27.892,0.21999999999999997,0.13,24.628,False,0.535,1.6910000000000003
highest-temperature-in-manila-on-june-11-2026,Manila,2026-06-11,degraded,2026-06-10 10:03:00+00:00,>24h,11,11,11,True,0.887,-0.11299999999999999,17.777,3.374,0.06,0.005999999999999999,16.538,False,0.796,0.9779999999999999
highest-temperature-in-wuhan-on-june-10-2026,Wuhan,2026-06-10,clean,2026-06-08 20:29:00+00:00,>24h,11,10,10,False,0.887,-0.11299999999999999,5.685,3.3495,0.11000000000000001,0.018000000000000002,5.655,True,0.732,1.0419999999999998
highest-temperature-in-shenzhen-on-june-9-2026,Shenzhen,2026-06-09,clean,2026-06-09 02:20:00+00:00,6-24h,11,11,11,True,1.113,0.11299999999999999,111484.297,7.746,0.08999999999999997,0.011,111484.236,False,0.9540000000000001,1.2719999999999998
highest-temperature-in-shanghai-on-june-10-2026,Shanghai,2026-06-10,clean,2026-06-08 06:09:00+00:00,>24h,11,11,11,True,1.113,0.11299999999999999,340.898,0.129,0.044000000000000004,0.019999999999999962,340.82,False,1.005,1.221
highest-temperature-in-beijing-on-june-8-2026,Beijing,2026-06-08,clean,2026-06-08 04:09:00+00:00,6-24h,11,11,11,True,1.113,0.11299999999999999,13822.161,0.027,0.15199999999999997,0.008,13822.135,False,0.928,1.2979999999999998
highest-temperature-in-seoul-on-june-9-2026,Seoul,2026-06-09,clean,2026-06-07 05:29:00+00:00,>24h,11,10,10,False,0.8870000000000001,-0.11299999999999988,19.292,17.922,0.16,0.024000000000000004,9.586,True,0.688,1.086
highest-temperature-in-ankara-on-june-11-2026,Ankara,2026-06-11,degraded,2026-06-09 05:51:00+00:00,>24h,11,11,11,True,1.1129999999999998,0.11299999999999977,0.995,0.99,0.15999999999999998,0.04000000000000001,0.48,False,0.8490000000000001,1.3769999999999998
highest-temperature-in-manila-on-june-11-2026,Manila,2026-06-11,degraded,2026-06-10 10:14:00+00:00,>24h,11,11,11,True,0.8874999999999998,-0.11250000000000016,48.253,8.318,0.06,0.005999999999999999,47.437,False,0.786,0.989
highest-temperature-in-manila-on-june-11-2026,Manila,2026-06-11,degraded,2026-06-10 10:13:00+00:00,>24h,11,11,11,True,0.8874999999999998,-0.11250000000000016,41.304,9.094,0.06,0.005999999999999999,40.724,False,0.786,0.989
highest-temperature-in-manila-on-june-11-2026,Manila,2026-06-11,degraded,2026-06-10 10:10:00+00:00,>24h,11,11,11,True,0.8874999999999998,-0.11250000000000016,8.294,6.674,0.06,0.005999999999999999,2.388,False,0.786,0.989
highest-temperature-in-manila-on-june-11-2026,Manila,2026-06-11,degraded,2026-06-10 10:12:00+00:00,>24h,11,11,11,True,0.8874999999999998,-0.11250000000000016,19.024,15.644,0.06,0.005999999999999999,18.973,False,0.786,0.989
highest-temperature-in-manila-on-june-11-2026,Manila,2026-06-11,degraded,2026-06-10 10:11:00+00:00,>24h,11,11,11,True,0.8874999999999998,-0.11250000000000016,13.13,8.326,0.06,0.005999999999999999,9.97,False,0.786,0.989
highest-temperature-in-qingdao-on-june-10-2026,Qingdao,2026-06-10,clean,2026-06-10 02:33:00+00:00,6-24h,11,10,10,False,1.1125,0.11250000000000004,5756.035,1.1345,0.09,0.010500000000000002,5755.978,True,0.9630000000000001,1.2619999999999998
highest-temperature-in-shenzhen-on-june-9-2026,Shenzhen,2026-06-09,clean,2026-06-09 02:38:00+00:00,6-24h,11,11,11,True,1.1125,0.11250000000000004,112564.297,1.825,0.16999999999999998,0.029000000000000005,112564.142,False,0.852,1.373
highest-temperature-in-manila-on-june-11-2026,Manila,2026-06-11,degraded,2026-06-10 04:01:00+00:00,>24h,11,11,11,True,0.8875,-0.11250000000000004,15.785,0.118,0.06,0.007000000000000001,15.752,False,0.805,0.9700000000000001
highest-temperature-in-wuhan-on-june-10-2026,Wuhan,2026-06-10,clean,2026-06-09 06:07:00+00:00,>24h,11,10,10,False,0.8875,-0.11250000000000004,6.252,3.262,0.060000000000000026,0.0085,3.05,True,0.8089999999999999,0.9660000000000001
highest-temperature-in-shenzhen-on-june-9-2026,Shenzhen,2026-06-09,clean,2026-06-07 05:42:00+00:00,>24h,11,11,11,True,1.1125,0.11250000000000004,7.484,5.357,0.2,0.109,3.581,False,0.5750000000000001,1.6500000000000001
highest-temperature-in-manila-on-june-11-2026,Manila,2026-06-11,degraded,2026-06-10 10:32:00+00:00,>24h,11,11,11,True,0.8875,-0.11250000000000004,29.945,5.62,0.06,0.005999999999999999,28.847,False,0.776,0.999
highest-temperature-in-kuala-lumpur-on-june-5-2026,Kuala Lumpur,2026-06-05,clean,2026-06-05 05:37:00+00:00,6-24h,11,11,11,True,1.1125,0.11250000000000004,68589.429,3018.25,0.186,0.001,68589.169,False,0.9050000000000001,1.3199999999999998
highest-temperature-in-manila-on-june-11-2026,Manila,2026-06-11,degraded,2026-06-10 10:24:00+00:00,>24h,11,11,11,True,0.8875,-0.11250000000000004,89.389,17.159,0.08999999999999997,0.005999999999999999,88.916,False,0.756,1.019
highest-temperature-in-manila-on-june-11-2026,Manila,2026-06-11,degraded,2026-06-10 10:23:00+00:00,>24h,11,11,11,True,0.8875,-0.11250000000000004,29.389,8.245,0.08999999999999997,0.005999999999999999,28.81,False,0.756,1.019
highest-temperature-in-taipei-on-june-8-2026,Taipei,2026-06-08,clean,2026-06-08 01:04:00+00:00,6-24h,11,11,11,True,1.1125,0.11250000000000004,6873.239,3.73,0.21000000000000002,0.006,6873.173,False,0.8720000000000001,1.3529999999999998
highest-temperature-in-wuhan-on-june-10-2026,Wuhan,2026-06-10,clean,2026-06-08 07:45:00+00:00,>24h,11,10,10,False,0.8875000000000001,-0.11249999999999993,10.687,10.648,0.10999999999999999,0.014500000000000006,10.0,True,0.7290000000000001,1.046
highest-temperature-in-wuhan-on-june-10-2026,Wuhan,2026-06-10,clean,2026-06-08 15:44:00+00:00,>24h,11,10,10,False,0.8875000000000001,-0.11249999999999993,35.919,10.0455,0.12,0.0165,35.189,True,0.744,1.031
highest-temperature-in-wuhan-on-june-10-2026,Wuhan,2026-06-10,clean,2026-06-08 18:50:00+00:00,>24h,11,10,10,False,0.8875000000000001,-0.11249999999999993,5.033,4.997,0.12000000000000002,0.0175,2.275,True,0.733,1.0419999999999998
highest-temperature-in-karachi-on-june-11-2026,Karachi,2026-06-11,degraded,2026-06-09 05:44:00+00:00,>24h,11,11,11,True,0.8875000000000001,-0.11249999999999993,3.09,0.708,0.1,0.046,2.497,False,0.638,1.137
highest-temperature-in-mexico-city-on-june-6-2026,Mexico City,2026-06-06,degraded,2026-06-05 06:56:00+00:00,>24h,11,11,11,True,0.8875000000000001,-0.11249999999999993,64.998,2.561,0.06,0.009999999999999981,64.668,False,0.772,1.003
highest-temperature-in-taipei-on-june-8-2026,Taipei,2026-06-08,clean,2026-06-08 03:22:00+00:00,6-24h,11,11,11,True,0.8875000000000001,-0.11249999999999993,15153.239,1321.547,0.19499999999999995,0.002,15152.993,False,0.6980000000000001,1.0769999999999997
highest-temperature-in-shenzhen-on-june-9-2026,Shenzhen,2026-06-09,clean,2026-06-09 01:59:00+00:00,6-24h,11,11,11,True,1.1124999999999998,0.11249999999999982,110224.297,0.865,0.18,0.020000000000000018,110224.295,False,0.8910000000000001,1.3339999999999999
highest-temperature-in-shenzhen-on-june-9-2026,Shenzhen,2026-06-09,clean,2026-06-09 01:53:00+00:00,6-24h,11,11,11,True,1.1124999999999998,0.11249999999999982,109864.297,0.508,0.15999999999999998,0.027,109864.237,False,0.8810000000000001,1.344
highest-temperature-in-taipei-on-june-8-2026,Taipei,2026-06-08,clean,2026-06-07 09:11:00+00:00,>24h,11,11,11,True,1.1124999999999998,0.11249999999999982,6.818,2.787,0.072,0.02999999999999997,6.717,False,0.9600000000000001,1.265
highest-temperature-in-qingdao-on-june-10-2026,Qingdao,2026-06-10,clean,2026-06-10 03:11:00+00:00,6-24h,11,10,10,False,1.1124999999999998,0.11249999999999982,8036.035,11.599,0.13999999999999999,0.003500000000000002,8034.338,True,0.8850000000000001,1.3399999999999999
highest-temperature-in-wuhan-on-june-10-2026,Wuhan,2026-06-10,clean,2026-06-09 01:38:00+00:00,>24h,11,10,10,False,0.8879999999999999,-0.1120000000000001,18.033,16.0935,0.09999999999999998,0.009500000000000001,17.606,True,0.7830000000000001,0.993
highest-temperature-in-wuhan-on-june-10-2026,Wuhan,2026-06-10,clean,2026-06-09 14:16:00+00:00,6-24h,11,10,10,False,0.8879999999999999,-0.1120000000000001,20142.726,13.2605,0.060000000000000026,0.004999999999999999,20139.42,True,0.824,0.9520000000000001
highest-temperature-in-karachi-on-june-11-2026,Karachi,2026-06-11,degraded,2026-06-10 17:35:00+00:00,6-24h,11,11,11,True,0.8879999999999999,-0.1120000000000001,121429.477,7.627,0.046000000000000006,0.023000000000000007,121427.299,False,0.77,1.006
highest-temperature-in-wuhan-on-june-10-2026,Wuhan,2026-06-10,clean,2026-06-09 01:41:00+00:00,>24h,11,10,10,False,0.8879999999999999,-0.1120000000000001,22.33,20.186500000000002,0.09999999999999998,0.009500000000000001,22.23,True,0.7830000000000001,0.993
highest-temperature-in-shenzhen-on-june-9-2026,Shenzhen,2026-06-09,clean,2026-06-09 03:21:00+00:00,6-24h,11,11,11,True,1.112,0.1120000000000001,115144.297,0.79,0.15,0.03,115144.277,False,0.884,1.3399999999999999
highest-temperature-in-wuhan-on-june-10-2026,Wuhan,2026-06-10,clean,2026-06-08 23:52:00+00:00,>24h,11,10,10,False,0.8879999999999999,-0.1120000000000001,20.468,15.4995,0.06999999999999998,0.007999999999999997,18.338,True,0.8,0.976
highest-temperature-in-wuhan-on-june-10-2026,Wuhan,2026-06-10,clean,2026-06-09 06:48:00+00:00,>24h,11,10,10,False,0.888,-0.11199999999999999,18.573,1.6644999999999999,0.07,0.0075000000000000015,17.124,True,0.8130000000000001,0.9630000000000001
highest-temperature-in-wuhan-on-june-10-2026,Wuhan,2026-06-10,clean,2026-06-08 09:35:00+00:00,>24h,11,10,10,False,0.888,-0.11199999999999999,0.766,0.7204999999999999,0.14,0.021500000000000005,0.157,True,0.698,1.0780000000000003
highest-temperature-in-busan-on-june-12-2026,Busan,2026-06-12,degraded,2026-06-10 06:52:00+00:00,>24h,11,10,10,False,1.1119999999999999,0.11199999999999988,5.402,0.6325000000000001,0.14,0.029999999999999985,5.39,True,0.8510000000000001,1.373
highest-temperature-in-qingdao-on-june-10-2026,Qingdao,2026-06-10,clean,2026-06-10 02:48:00+00:00,6-24h,11,10,10,False,1.1119999999999999,0.11199999999999988,6656.035,2.508,0.06,0.016499999999999987,6654.716,True,1.001,1.2229999999999999
highest-temperature-in-wuhan-on-june-10-2026,Wuhan,2026-06-10,clean,2026-06-09 08:08:00+00:00,>24h,11,10,10,False,0.8884999999999998,-0.11150000000000015,18.78,2.042,0.08000000000000002,0.006500000000000001,18.692,True,0.8,0.977
highest-temperature-in-karachi-on-june-11-2026,Karachi,2026-06-11,degraded,2026-06-10 00:02:00+00:00,>24h,11,11,11,True,1.1115,0.11149999999999993,58281.867,4.826,0.07,0.009999999999999995,58281.836,False,0.9800000000000001,1.243
highest-temperature-in-wuhan-on-june-10-2026,Wuhan,2026-06-10,clean,2026-06-08 15:41:00+00:00,>24h,11,10,10,False,0.8885000000000001,-0.11149999999999993,9.935,6.98,0.12,0.011,7.99,True,0.748,1.029
highest-temperature-in-kuala-lumpur-on-june-5-2026,Kuala Lumpur,2026-06-05,clean,2026-06-05 03:04:00+00:00,6-24h,11,11,11,True,1.1115,0.11149999999999993,59409.429,40.069,0.05,0.015,59408.82,False,1.013,1.2100000000000002
highest-temperature-in-ankara-on-june-11-2026,Ankara,2026-06-11,degraded,2026-06-09 06:12:00+00:00,>24h,11,11,11,True,1.1114999999999997,0.11149999999999971,0.911,0.8,0.16,0.03999999999999998,0.112,False,0.8310000000000001,1.3920000000000001
highest-temperature-in-ankara-on-june-11-2026,Ankara,2026-06-11,degraded,2026-06-09 06:11:00+00:00,>24h,11,11,11,True,1.1114999999999997,0.11149999999999971,10.024,10.018,0.16,0.03900000000000001,9.679,False,0.8610000000000001,1.362
highest-temperature-in-shenzhen-on-june-9-2026,Shenzhen,2026-06-09,clean,2026-06-08 14:04:00+00:00,6-24h,11,11,11,True,1.1110000000000002,0.11100000000000021,67324.297,3.32,0.051000000000000004,0.010000000000000009,67321.6,False,1.042,1.18
highest-temperature-in-wuhan-on-june-10-2026,Wuhan,2026-06-10,clean,2026-06-09 06:01:00+00:00,>24h,11,10,10,False,0.8889999999999999,-0.1110000000000001,1.121,0.996,0.060000000000000026,0.0055000000000000005,0.317,True,0.819,0.9590000000000001
highest-temperature-in-wuhan-on-june-10-2026,Wuhan,2026-06-10,clean,2026-06-10 01:25:00+00:00,6-24h,11,10,10,False,0.8889999999999999,-0.1110000000000001,60282.726,1.4125,0.07,0.006,60282.404,True,0.8,0.9780000000000001
highest-temperature-in-wuhan-on-june-10-2026,Wuhan,2026-06-10,clean,2026-06-10 01:24:00+00:00,6-24h,11,10,10,False,0.8889999999999999,-0.1110000000000001,60222.726,2.726,0.07,0.006,60222.471,True,0.8,0.9780000000000001
highest-temperature-in-wuhan-on-june-10-2026,Wuhan,2026-06-10,clean,2026-06-08 08:54:00+00:00,>24h,11,10,10,False,0.889,-0.11099999999999999,606.632,13.6555,0.05000000000000002,0.010000000000000009,604.333,True,0.813,0.9650000000000001
highest-temperature-in-wuhan-on-june-10-2026,Wuhan,2026-06-10,clean,2026-06-08 08:58:00+00:00,>24h,11,10,10,False,0.889,-0.11099999999999999,846.632,21.0505,0.05000000000000002,0.010000000000000009,846.543,True,0.813,0.9650000000000001
highest-temperature-in-wuhan-on-june-10-2026,Wuhan,2026-06-10,clean,2026-06-08 08:55:00+00:00,>24h,11,10,10,False,0.889,-0.11099999999999999,666.632,5.843999999999999,0.05000000000000002,0.010000000000000009,665.849,True,0.813,0.9650000000000001
highest-temperature-in-wuhan-on-june-10-2026,Wuhan,2026-06-10,clean,2026-06-08 08:57:00+00:00,>24h,11,10,10,False,0.889,-0.11099999999999999,786.632,12.177,0.05000000000000002,0.010000000000000009,785.85,True,0.813,0.9650000000000001
highest-temperature-in-wuhan-on-june-10-2026,Wuhan,2026-06-10,clean,2026-06-08 08:56:00+00:00,>24h,11,10,10,False,0.889,-0.11099999999999999,726.632,1.7934999999999999,0.05000000000000002,0.010000000000000009,726.518,True,0.813,0.9650000000000001
highest-temperature-in-karachi-on-june-11-2026,Karachi,2026-06-11,degraded,2026-06-10 00:03:00+00:00,>24h,11,11,11,True,1.111,0.11099999999999999,58341.867,4.511,0.06,0.009999999999999995,58340.301,False,0.9790000000000001,1.243
highest-temperature-in-shanghai-on-june-10-2026,Shanghai,2026-06-10,clean,2026-06-08 04:42:00+00:00,>24h,11,11,11,True,0.889,-0.11099999999999999,4.548,3.517,0.14,0.04000000000000001,4.468,False,0.502,1.2760000000000002
highest-temperature-in-wuhan-on-june-10-2026,Wuhan,2026-06-10,clean,2026-06-10 03:52:00+00:00,6-24h,11,10,10,False,0.889,-0.11099999999999999,69102.726,3.9025,0.10999999999999999,0.002000000000000001,69102.607,True,0.802,0.976
highest-temperature-in-karachi-on-june-11-2026,Karachi,2026-06-11,degraded,2026-06-09 10:57:00+00:00,>24h,11,11,11,True,1.111,0.11099999999999999,11181.867,9.667,0.07,0.02,11181.535,False,0.952,1.2699999999999998
highest-temperature-in-shenzhen-on-june-9-2026,Shenzhen,2026-06-09,clean,2026-06-08 15:10:00+00:00,6-24h,11,11,11,True,1.1109999999999998,0.11099999999999977,71284.297,0.195,0.06,0.020999999999999998,71284.293,False,0.9880000000000001,1.234
highest-temperature-in-shenzhen-on-june-9-2026,Shenzhen,2026-06-09,clean,2026-06-09 03:17:00+00:00,6-24h,11,11,11,True,1.1105000000000003,0.11050000000000026,114904.297,18.882,0.12000000000000002,0.012999999999999998,114903.593,False,0.922,1.299
highest-temperature-in-wuhan-on-june-10-2026,Wuhan,2026-06-10,clean,2026-06-09 01:37:00+00:00,>24h,11,10,10,False,0.8894999999999998,-0.11050000000000015,34.781,14.836500000000001,0.09999999999999998,0.008499999999999999,33.791,True,0.783,0.996
highest-temperature-in-wuhan-on-june-10-2026,Wuhan,2026-06-10,clean,2026-06-09 01:32:00+00:00,>24h,11,10,10,False,0.8894999999999998,-0.11050000000000015,7.406,3.7935,0.09999999999999998,0.008499999999999999,7.221,True,0.783,0.996
highest-temperature-in-wuhan-on-june-10-2026,Wuhan,2026-06-10,clean,2026-06-09 01:36:00+00:00,>24h,11,10,10,False,0.8894999999999998,-0.11050000000000015,6.278,4.638,0.09999999999999998,0.008499999999999999,5.309,True,0.783,0.996
highest-temperature-in-karachi-on-june-11-2026,Karachi,2026-06-11,degraded,2026-06-09 10:35:00+00:00,>24h,11,11,11,True,1.1105,0.11050000000000004,9861.867,3.796,0.16,0.010000000000000009,9861.862,False,0.9309999999999999,1.2899999999999998
highest-temperature-in-wuhan-on-june-10-2026,Wuhan,2026-06-10,clean,2026-06-09 06:40:00+00:00,>24h,11,10,10,False,0.8895,-0.11050000000000004,6.944,1.28,0.060000000000000026,0.005,5.947,True,0.823,0.9560000000000001
highest-temperature-in-wuhan-on-june-10-2026,Wuhan,2026-06-10,clean,2026-06-09 11:13:00+00:00,>24h,11,10,10,False,0.8895,-0.11050000000000004,9162.726,5.1105,0.07000000000000003,0.0055,9162.163,True,0.8230000000000001,0.9560000000000001
highest-temperature-in-wuhan-on-june-10-2026,Wuhan,2026-06-10,clean,2026-06-10 01:31:00+00:00,6-24h,11,10,10,False,0.8895,-0.11050000000000004,60642.726,0.108,0.03999999999999998,0.004,60642.706,True,0.8330000000000001,0.9460000000000001
highest-temperature-in-wuhan-on-june-10-2026,Wuhan,2026-06-10,clean,2026-06-10 01:36:00+00:00,6-24h,11,10,10,False,0.8895,-0.11050000000000004,60942.726,2.0220000000000002,0.04999999999999999,0.004,60942.651,True,0.8230000000000001,0.956
highest-temperature-in-wuhan-on-june-10-2026,Wuhan,2026-06-10,clean,2026-06-10 01:38:00+00:00,6-24h,11,10,10,False,0.8895,-0.11050000000000004,61062.726,2.604,0.03999999999999998,0.004,61062.473,True,0.8330000000000001,0.9460000000000001
highest-temperature-in-chongqing-on-june-6-2026,Chongqing,2026-06-06,degraded,2026-06-05 05:17:00+00:00,>24h,11,11,9,False,1.1105,0.11050000000000004,33.485,1.06,0.04000000000000001,0.020000000000000018,33.465,False,1.002,1.2189999999999999
highest-temperature-in-wuhan-on-june-10-2026,Wuhan,2026-06-10,clean,2026-06-08 09:33:00+00:00,>24h,11,10,10,False,0.8895000000000001,-0.11049999999999993,31.62,1.149,0.12,0.029000000000000005,31.035,True,0.689,1.0900000000000003
highest-temperature-in-shenzhen-on-june-9-2026,Shenzhen,2026-06-09,clean,2026-06-07 07:21:00+00:00,>24h,11,11,11,True,1.1104999999999998,0.11049999999999982,95.229,34.817,0.05000000000000002,0.019999999999999962,80.355,False,0.986,1.2350000000000003
highest-temperature-in-shenzhen-on-june-9-2026,Shenzhen,2026-06-09,clean,2026-06-07 07:20:00+00:00,>24h,11,11,11,True,1.1104999999999998,0.11049999999999982,35.229,33.068,0.05000000000000002,0.019999999999999962,32.777,False,0.986,1.2350000000000003
highest-temperature-in-shenzhen-on-june-9-2026,Shenzhen,2026-06-09,clean,2026-06-07 07:25:00+00:00,>24h,11,11,11,True,1.1104999999999998,0.11049999999999982,7.14,5.925,0.05000000000000002,0.019999999999999962,1.232,False,0.986,1.2350000000000003
highest-temperature-in-shenzhen-on-june-9-2026,Shenzhen,2026-06-09,clean,2026-06-07 07:22:00+00:00,>24h,11,11,11,True,1.1104999999999998,0.11049999999999982,34.675,31.381,0.05000000000000002,0.019999999999999962,24.918,False,0.986,1.2350000000000003
highest-temperature-in-shenzhen-on-june-9-2026,Shenzhen,2026-06-09,clean,2026-06-07 07:23:00+00:00,>24h,11,11,11,True,1.1104999999999998,0.11049999999999982,93.841,8.396,0.05000000000000002,0.019999999999999962,91.857,False,0.986,1.2350000000000003
highest-temperature-in-shenzhen-on-june-9-2026,Shenzhen,2026-06-09,clean,2026-06-07 07:24:00+00:00,>24h,11,11,11,True,1.1104999999999998,0.11049999999999982,153.825,39.223,0.05000000000000002,0.019999999999999962,147.15,False,0.986,1.2350000000000003
highest-temperature-in-wuhan-on-june-10-2026,Wuhan,2026-06-10,clean,2026-06-09 12:04:00+00:00,6-24h,11,10,10,False,0.8899999999999998,-0.11000000000000021,12222.726,18.942500000000003,0.05000000000000002,0.005,12220.724,True,0.8350000000000001,0.9450000000000001
highest-temperature-in-chongqing-on-june-6-2026,Chongqing,2026-06-06,degraded,2026-06-05 04:55:00+00:00,>24h,11,11,8,False,1.11,0.1100000000000001,4.122,1.6740000000000002,0.12,0.03999999999999999,3.667,False,0.94,1.28
highest-temperature-in-wuhan-on-june-10-2026,Wuhan,2026-06-10,clean,2026-06-08 16:44:00+00:00,>24h,11,10,10,False,0.8899999999999999,-0.1100000000000001,169.998,166.3195,0.09999999999999998,0.014000000000000004,13.949,True,0.74,1.0399999999999998
highest-temperature-in-wuhan-on-june-10-2026,Wuhan,2026-06-10,clean,2026-06-08 16:43:00+00:00,>24h,11,10,10,False,0.8899999999999999,-0.1100000000000001,109.998,106.3195,0.09999999999999998,0.014000000000000004,13.949,True,0.74,1.0399999999999998
highest-temperature-in-qingdao-on-june-10-2026,Qingdao,2026-06-10,clean,2026-06-10 06:26:00+00:00,1-6h,11,10,10,False,0.8899999999999999,-0.1100000000000001,19736.035,557.6545,0.28,0.0025,19721.78,True,0.708,1.072
highest-temperature-in-qingdao-on-june-10-2026,Qingdao,2026-06-10,clean,2026-06-10 06:25:00+00:00,1-6h,11,10,10,False,0.8899999999999999,-0.1100000000000001,19676.035,506.39450000000005,0.28,0.0025,19674.778,True,0.708,1.072
highest-temperature-in-wuhan-on-june-10-2026,Wuhan,2026-06-10,clean,2026-06-09 14:32:00+00:00,6-24h,11,10,10,False,0.8899999999999999,-0.1100000000000001,21102.726,1.201,0.06999999999999998,0.004999999999999999,21101.55,True,0.8150000000000001,0.9650000000000001
highest-temperature-in-wuhan-on-june-10-2026,Wuhan,2026-06-10,clean,2026-06-08 16:42:00+00:00,>24h,11,10,10,False,0.8899999999999999,-0.1100000000000001,49.998,46.319500000000005,0.09999999999999998,0.014000000000000004,13.949,True,0.74,1.0399999999999998
highest-temperature-in-wuhan-on-june-10-2026,Wuhan,2026-06-10,clean,2026-06-09 07:14:00+00:00,>24h,11,10,10,False,0.8899999999999999,-0.1100000000000001,25.305,7.671,0.030000000000000027,0.005,23.849,True,0.8320000000000001,0.9480000000000001
highest-temperature-in-wuhan-on-june-10-2026,Wuhan,2026-06-10,clean,2026-06-08 16:45:00+00:00,>24h,11,10,10,False,0.8899999999999999,-0.1100000000000001,229.998,226.3195,0.09999999999999998,0.014000000000000004,13.949,True,0.74,1.0399999999999998
highest-temperature-in-wuhan-on-june-10-2026,Wuhan,2026-06-10,clean,2026-06-09 11:59:00+00:00,>24h,11,10,10,False,0.8899999999999999,-0.1100000000000001,11922.726,6.5965,0.05000000000000002,0.0055,11922.493,True,0.8340000000000001,0.9460000000000001
highest-temperature-in-wuhan-on-june-10-2026,Wuhan,2026-06-10,clean,2026-06-09 12:57:00+00:00,6-24h,11,10,10,False,0.8899999999999999,-0.1100000000000001,15402.726,0.014,0.04000000000000001,0.004999999999999999,15402.712,True,0.847,0.933
highest-temperature-in-wuhan-on-june-10-2026,Wuhan,2026-06-10,clean,2026-06-09 12:56:00+00:00,6-24h,11,10,10,False,0.8899999999999999,-0.1100000000000001,15342.726,1.7875,0.04000000000000001,0.004999999999999999,15342.719,True,0.847,0.933
highest-temperature-in-wuhan-on-june-10-2026,Wuhan,2026-06-10,clean,2026-06-09 05:53:00+00:00,>24h,11,10,10,False,0.8899999999999999,-0.1100000000000001,20.158,5.91,0.07000000000000003,0.0055000000000000005,18.629,True,0.815,0.9650000000000001
highest-temperature-in-wuhan-on-june-10-2026,Wuhan,2026-06-10,clean,2026-06-09 00:05:00+00:00,>24h,11,10,10,False,0.8899999999999999,-0.1100000000000001,182.7,182.404,0.06999999999999998,0.010000000000000002,1.21,True,0.79,0.99
highest-temperature-in-wuhan-on-june-10-2026,Wuhan,2026-06-10,clean,2026-06-09 00:04:00+00:00,>24h,11,10,10,False,0.8899999999999999,-0.1100000000000001,122.7,122.404,0.06999999999999998,0.010000000000000002,1.21,True,0.79,0.99
highest-temperature-in-wuhan-on-june-10-2026,Wuhan,2026-06-10,clean,2026-06-09 00:02:00+00:00,>24h,11,10,10,False,0.8899999999999999,-0.1100000000000001,2.7,2.404,0.06999999999999998,0.010000000000000002,1.21,True,0.79,0.99
highest-temperature-in-wuhan-on-june-10-2026,Wuhan,2026-06-10,clean,2026-06-09 00:03:00+00:00,>24h,11,10,10,False,0.8899999999999999,-0.1100000000000001,62.7,62.403999999999996,0.06999999999999998,0.010000000000000002,1.21,True,0.79,0.99
highest-temperature-in-taipei-on-june-8-2026,Taipei,2026-06-08,clean,2026-06-08 03:41:00+00:00,6-24h,11,11,11,True,0.8899999999999999,-0.1100000000000001,16293.239,2461.547,0.28700000000000003,0.002,16293.23,False,0.734,1.046
highest-temperature-in-wuhan-on-june-10-2026,Wuhan,2026-06-10,clean,2026-06-09 00:06:00+00:00,>24h,11,10,10,False,0.8899999999999999,-0.1100000000000001,242.7,241.57049999999998,0.06999999999999998,0.010000000000000002,241.637,True,0.79,0.99
highest-temperature-in-wuhan-on-june-10-2026,Wuhan,2026-06-10,clean,2026-06-09 07:16:00+00:00,>24h,11,10,10,False,0.89,-0.10999999999999999,18.898,11.215,0.06,0.005,15.292,True,0.8220000000000001,0.9580000000000001
highest-temperature-in-wuhan-on-june-10-2026,Wuhan,2026-06-10,clean,2026-06-09 14:31:00+00:00,6-24h,11,10,10,False,0.89,-0.10999999999999999,21042.726,0.419,0.06999999999999998,0.0055,21042.697,True,0.8140000000000001,0.9660000000000001
highest-temperature-in-shenzhen-on-june-9-2026,Shenzhen,2026-06-09,clean,2026-06-07 07:26:00+00:00,>24h,11,11,11,True,1.1099999999999999,0.10999999999999988,16.717,5.934,0.05000000000000002,0.019999999999999962,15.071,False,0.985,1.2350000000000003
highest-temperature-in-chongqing-on-june-6-2026,Chongqing,2026-06-06,degraded,2026-06-05 05:04:00+00:00,>24h,11,11,8,False,1.1099999999999999,0.10999999999999988,14.203,1.6745,0.20999999999999996,0.029999999999999992,12.907,False,0.89,1.3299999999999998
highest-temperature-in-panama-city-on-june-9-2026,Panama City,2026-06-09,clean,2026-06-08 01:30:00+00:00,>24h,11,11,4,False,0.8900000000000001,-0.10999999999999988,154.529,84.2695,0.64,0.19,73.264,False,0.37,1.4100000000000001
highest-temperature-in-chicago-on-june-9-2026,Chicago,2026-06-09,clean,2026-06-08 01:32:00+00:00,>24h,11,11,9,False,1.1099999999999999,0.10999999999999988,2.676,0.125,0.57,0.09,2.617,False,0.42200000000000004,1.7980000000000003
highest-temperature-in-panama-city-on-june-9-2026,Panama City,2026-06-09,clean,2026-06-08 01:31:00+00:00,>24h,11,11,4,False,0.8900000000000001,-0.10999999999999988,145.963,79.65549999999999,0.64,0.19,145.709,False,0.37,1.4100000000000001
highest-temperature-in-panama-city-on-june-9-2026,Panama City,2026-06-09,clean,2026-06-08 01:29:00+00:00,>24h,11,11,4,False,0.8900000000000001,-0.10999999999999988,94.529,24.2695,0.64,0.19,73.264,False,0.37,1.4100000000000001
highest-temperature-in-panama-city-on-june-9-2026,Panama City,2026-06-09,clean,2026-06-08 01:28:00+00:00,>24h,11,11,4,False,0.8900000000000001,-0.10999999999999988,71.719,40.8445,0.64,0.19,37.19,False,0.37,1.4100000000000001
highest-temperature-in-houston-on-june-12-2026,Houston,2026-06-12,degraded,2026-06-11 03:27:00+00:00,>24h,11,11,11,True,1.1099999999999997,0.10999999999999965,192.935,24.821,0.060000000000000005,0.020000000000000018,189.485,False,0.9830000000000001,1.2369999999999997
highest-temperature-in-houston-on-june-12-2026,Houston,2026-06-12,degraded,2026-06-11 03:24:00+00:00,>24h,11,11,11,True,1.1099999999999997,0.10999999999999965,14.68,12.839,0.060000000000000005,0.020000000000000018,10.072,False,0.9830000000000001,1.2369999999999997
highest-temperature-in-houston-on-june-12-2026,Houston,2026-06-12,degraded,2026-06-11 03:25:00+00:00,>24h,11,11,11,True,1.1099999999999997,0.10999999999999965,74.68,46.635,0.060000000000000005,0.020000000000000018,71.268,False,0.9830000000000001,1.2369999999999997
highest-temperature-in-houston-on-june-12-2026,Houston,2026-06-12,degraded,2026-06-11 03:26:00+00:00,>24h,11,11,11,True,1.1099999999999997,0.10999999999999965,134.655,43.363,0.060000000000000005,0.020000000000000018,116.409,False,0.9830000000000001,1.2369999999999997
highest-temperature-in-beijing-on-june-8-2026,Beijing,2026-06-08,clean,2026-06-08 04:05:00+00:00,6-24h,11,11,11,True,1.1095000000000002,0.10950000000000015,13582.161,1.469,0.18,0.004,13581.869,False,0.8910000000000001,1.3279999999999996
highest-temperature-in-wuhan-on-june-10-2026,Wuhan,2026-06-10,clean,2026-06-09 11:58:00+00:00,>24h,11,10,10,False,0.8904999999999998,-0.10950000000000015,11862.726,9.4845,0.05000000000000002,0.0055,11862.244,True,0.8350000000000001,0.9460000000000001
highest-temperature-in-wuhan-on-june-10-2026,Wuhan,2026-06-10,clean,2026-06-09 12:00:00+00:00,6-24h,11,10,10,False,0.8904999999999998,-0.10950000000000015,11982.726,9.6815,0.05000000000000002,0.0055,11980.735,True,0.8350000000000001,0.9460000000000001
highest-temperature-in-wuhan-on-june-10-2026,Wuhan,2026-06-10,clean,2026-06-09 12:01:00+00:00,6-24h,11,10,10,False,0.8904999999999998,-0.10950000000000015,12042.726,12.774000000000001,0.05000000000000002,0.0055,12039.243,True,0.8350000000000001,0.9460000000000001
highest-temperature-in-manila-on-june-11-2026,Manila,2026-06-11,degraded,2026-06-10 11:06:00+00:00,>24h,11,11,11,True,0.8904999999999998,-0.10950000000000015,20.301,9.283,0.06999999999999995,0.005999999999999999,13.041,False,0.798,0.983
highest-temperature-in-manila-on-june-11-2026,Manila,2026-06-11,degraded,2026-06-10 11:11:00+00:00,>24h,11,11,11,True,0.8904999999999998,-0.10950000000000015,17.793,3.794,0.06999999999999995,0.005999999999999999,17.605,False,0.798,0.983
highest-temperature-in-manila-on-june-11-2026,Manila,2026-06-11,degraded,2026-06-10 11:12:00+00:00,>24h,11,11,11,True,0.8904999999999998,-0.10950000000000015,25.924,6.649,0.06999999999999995,0.005999999999999999,24.567,False,0.798,0.983
highest-temperature-in-manila-on-june-11-2026,Manila,2026-06-11,degraded,2026-06-10 11:16:00+00:00,>24h,11,11,11,True,0.8904999999999998,-0.10950000000000015,16.997,8.399,0.06999999999999995,0.005999999999999999,16.208,False,0.798,0.983
highest-temperature-in-manila-on-june-11-2026,Manila,2026-06-11,degraded,2026-06-10 11:15:00+00:00,>24h,11,11,11,True,0.8904999999999998,-0.10950000000000015,162.676,6.911,0.06999999999999995,0.005999999999999999,160.063,False,0.798,0.983
highest-temperature-in-wuhan-on-june-10-2026,Wuhan,2026-06-10,clean,2026-06-09 12:03:00+00:00,6-24h,11,10,10,False,0.8904999999999998,-0.10950000000000015,12162.726,18.262999999999998,0.05000000000000002,0.0055,12159.878,True,0.8350000000000001,0.9460000000000001
highest-temperature-in-wuhan-on-june-10-2026,Wuhan,2026-06-10,clean,2026-06-09 12:02:00+00:00,6-24h,11,10,10,False,0.8904999999999998,-0.10950000000000015,12102.726,23.137999999999998,0.05000000000000002,0.0055,12100.282,True,0.8350000000000001,0.9460000000000001
highest-temperature-in-manila-on-june-11-2026,Manila,2026-06-11,degraded,2026-06-10 11:05:00+00:00,>24h,11,11,11,True,0.8904999999999998,-0.10950000000000015,52.477,9.229,0.06999999999999995,0.005999999999999999,50.832,False,0.798,0.983
highest-temperature-in-manila-on-june-11-2026,Manila,2026-06-11,degraded,2026-06-10 11:14:00+00:00,>24h,11,11,11,True,0.8904999999999998,-0.10950000000000015,102.676,10.055,0.06999999999999995,0.005999999999999999,102.474,False,0.798,0.983
highest-temperature-in-manila-on-june-11-2026,Manila,2026-06-11,degraded,2026-06-10 11:13:00+00:00,>24h,11,11,11,True,0.8904999999999998,-0.10950000000000015,42.676,10.13,0.06999999999999995,0.005999999999999999,41.755,False,0.798,0.983
highest-temperature-in-mexico-city-on-june-6-2026,Mexico City,2026-06-06,degraded,2026-06-05 04:44:00+00:00,>24h,11,11,9,False,0.8905,-0.10950000000000004,6.987,4.429,0.12,0.046000000000000006,5.808,False,0.662,1.119
highest-temperature-in-wuhan-on-june-10-2026,Wuhan,2026-06-10,clean,2026-06-09 00:09:00+00:00,>24h,11,10,10,False,0.8905,-0.10950000000000004,5.742,4.447,0.08000000000000002,0.009499999999999996,1.996,True,0.78,1.001
highest-temperature-in-wuhan-on-june-10-2026,Wuhan,2026-06-10,clean,2026-06-09 12:55:00+00:00,6-24h,11,10,10,False,0.8905,-0.10950000000000004,15282.726,3.394,0.04000000000000001,0.005,15282.582,True,0.847,0.934
highest-temperature-in-wuhan-on-june-10-2026,Wuhan,2026-06-10,clean,2026-06-09 14:30:00+00:00,6-24h,11,10,10,False,0.8905,-0.10950000000000004,20982.726,0.959,0.06999999999999998,0.0055,20982.422,True,0.8150000000000001,0.9660000000000001
highest-temperature-in-karachi-on-june-11-2026,Karachi,2026-06-11,degraded,2026-06-10 17:29:00+00:00,6-24h,11,11,11,True,0.8905,-0.10950000000000004,121069.477,14.153,0.15000000000000002,0.026000000000000002,121066.932,False,0.6370000000000001,1.144
highest-temperature-in-seoul-on-june-9-2026,Seoul,2026-06-09,clean,2026-06-07 04:48:00+00:00,>24h,11,10,9,False,0.8905,-0.10950000000000004,5.099,5.08,0.09999999999999999,0.06999999999999999,4.111,True,0.622,1.1590000000000003
highest-temperature-in-shenzhen-on-june-9-2026,Shenzhen,2026-06-09,clean,2026-06-07 20:23:00+00:00,>24h,11,11,11,True,1.1095,0.10949999999999993,3664.297,1.951,0.06999999999999998,0.019000000000000003,3662.363,False,0.961,1.2579999999999998
highest-temperature-in-mexico-city-on-june-6-2026,Mexico City,2026-06-06,degraded,2026-06-05 06:54:00+00:00,>24h,11,11,11,True,0.8905000000000001,-0.10949999999999993,78.569,13.663,0.056,0.009999999999999981,78.27,False,0.78,1.001
highest-temperature-in-wuhan-on-june-10-2026,Wuhan,2026-06-10,clean,2026-06-09 14:20:00+00:00,6-24h,11,10,10,False,0.8905000000000001,-0.10949999999999993,20382.726,1.0939999999999999,0.060000000000000026,0.0055,20382.524,True,0.8250000000000001,0.9560000000000001
highest-temperature-in-shenzhen-on-june-9-2026,Shenzhen,2026-06-09,clean,2026-06-09 02:19:00+00:00,6-24h,11,11,11,True,1.1095,0.10949999999999993,111424.297,7.416,0.10999999999999999,0.030000000000000013,111423.808,False,0.927,1.2919999999999998
highest-temperature-in-wuhan-on-june-10-2026,Wuhan,2026-06-10,clean,2026-06-08 16:48:00+00:00,>24h,11,10,10,False,0.8905000000000001,-0.10949999999999993,12.348,10.033999999999999,0.06,0.014000000000000004,11.806000000000001,True,0.801,0.9800000000000001
highest-temperature-in-shenzhen-on-june-9-2026,Shenzhen,2026-06-09,clean,2026-06-09 00:06:00+00:00,6-24h,11,11,11,True,1.1090000000000002,0.10900000000000021,103444.297,241.803,0.06,0.019000000000000003,103202.882,False,0.991,1.227
highest-temperature-in-shenzhen-on-june-9-2026,Shenzhen,2026-06-09,clean,2026-06-09 00:02:00+00:00,6-24h,11,11,11,True,1.1090000000000002,0.10900000000000021,103204.297,1.803,0.06,0.019000000000000003,103202.882,False,0.991,1.227
highest-temperature-in-shenzhen-on-june-9-2026,Shenzhen,2026-06-09,clean,2026-06-09 01:16:00+00:00,6-24h,11,11,11,True,1.1090000000000002,0.10900000000000021,107644.297,14.185,0.15999999999999998,0.025,107643.705,False,0.873,1.345
highest-temperature-in-shenzhen-on-june-9-2026,Shenzhen,2026-06-09,clean,2026-06-09 01:17:00+00:00,6-24h,11,11,11,True,1.1090000000000002,0.10900000000000021,107704.297,18.678,0.15999999999999998,0.025,107702.961,False,0.873,1.345
highest-temperature-in-shenzhen-on-june-9-2026,Shenzhen,2026-06-09,clean,2026-06-09 00:05:00+00:00,6-24h,11,11,11,True,1.1090000000000002,0.10900000000000021,103384.297,181.803,0.06,0.019000000000000003,103202.882,False,0.991,1.227
highest-temperature-in-shenzhen-on-june-9-2026,Shenzhen,2026-06-09,clean,2026-06-09 00:03:00+00:00,6-24h,11,11,11,True,1.1090000000000002,0.10900000000000021,103264.297,61.803,0.06,0.019000000000000003,103202.882,False,0.991,1.227
highest-temperature-in-shenzhen-on-june-9-2026,Shenzhen,2026-06-09,clean,2026-06-09 00:04:00+00:00,6-24h,11,11,11,True,1.1090000000000002,0.10900000000000021,103324.297,121.803,0.06,0.019000000000000003,103202.882,False,0.991,1.227
highest-temperature-in-shenzhen-on-june-9-2026,Shenzhen,2026-06-09,clean,2026-06-09 01:49:00+00:00,6-24h,11,11,11,True,1.1090000000000002,0.10900000000000021,109624.297,47.888,0.14,0.027,109615.761,False,0.8920000000000001,1.3259999999999998
highest-temperature-in-manila-on-june-11-2026,Manila,2026-06-11,degraded,2026-06-10 11:04:00+00:00,>24h,11,11,11,True,0.8909999999999999,-0.1090000000000001,11.742,3.903,0.06999999999999995,0.005999999999999999,11.285,False,0.798,0.9839999999999999
highest-temperature-in-wuhan-on-june-10-2026,Wuhan,2026-06-10,clean,2026-06-08 17:04:00+00:00,>24h,11,10,10,False,0.8909999999999999,-0.1090000000000001,1.046,0.111,0.10999999999999999,0.013000000000000005,0.951,True,0.733,1.0489999999999997
highest-temperature-in-wuhan-on-june-10-2026,Wuhan,2026-06-10,clean,2026-06-09 06:42:00+00:00,>24h,11,10,10,False,0.8909999999999999,-0.1090000000000001,1.327,0.7845,0.04000000000000001,0.006,0.821,True,0.834,0.9480000000000001
highest-temperature-in-wuhan-on-june-10-2026,Wuhan,2026-06-10,clean,2026-06-09 06:41:00+00:00,>24h,11,10,10,False,0.8909999999999999,-0.1090000000000001,9.562,0.2255,0.04000000000000001,0.006,9.524000000000001,True,0.834,0.9480000000000001
highest-temperature-in-shenzhen-on-june-9-2026,Shenzhen,2026-06-09,clean,2026-06-09 01:48:00+00:00,6-24h,11,11,11,True,1.109,0.10899999999999999,109564.297,3.319,0.14,0.028,109564.263,False,0.8910000000000001,1.3269999999999997
highest-temperature-in-karachi-on-june-11-2026,Karachi,2026-06-11,degraded,2026-06-09 12:08:00+00:00,>24h,11,11,11,True,1.109,0.10899999999999999,15441.867,11.377,0.06,0.010000000000000009,15440.87,False,1.006,1.2119999999999997
highest-temperature-in-panama-city-on-june-9-2026,Panama City,2026-06-09,clean,2026-06-09 00:00:00+00:00,6-24h,11,11,11,True,1.109,0.10899999999999999,16094.758,0.742,0.07,0.004,16094.621,False,0.9530000000000001,1.265
highest-temperature-in-shenzhen-on-june-9-2026,Shenzhen,2026-06-09,clean,2026-06-07 06:30:00+00:00,>24h,11,11,11,True,1.109,0.10899999999999999,270.257,116.731,0.22999999999999998,0.068,261.334,False,0.633,1.5850000000000002
highest-temperature-in-shenzhen-on-june-9-2026,Shenzhen,2026-06-09,clean,2026-06-07 06:29:00+00:00,>24h,11,11,11,True,1.109,0.10899999999999999,210.257,69.678,0.22999999999999998,0.068,189.936,False,0.633,1.5850000000000002
highest-temperature-in-shenzhen-on-june-9-2026,Shenzhen,2026-06-09,clean,2026-06-07 06:28:00+00:00,>24h,11,11,11,True,1.109,0.10899999999999999,150.341,83.505,0.22999999999999998,0.068,140.663,False,0.633,1.5850000000000002
highest-temperature-in-shenzhen-on-june-9-2026,Shenzhen,2026-06-09,clean,2026-06-07 06:31:00+00:00,>24h,11,11,11,True,1.109,0.10899999999999999,330.257,75.385,0.22999999999999998,0.068,320.438,False,0.633,1.5850000000000002
highest-temperature-in-shanghai-on-june-10-2026,Shanghai,2026-06-10,clean,2026-06-08 06:14:00+00:00,>24h,11,11,11,True,1.109,0.10899999999999999,13.698,3.326,0.06,0.020000000000000004,13.663,False,0.9720000000000001,1.246
highest-temperature-in-karachi-on-june-11-2026,Karachi,2026-06-11,degraded,2026-06-09 12:07:00+00:00,>24h,11,11,11,True,1.109,0.10899999999999999,15381.867,2.657,0.06,0.010000000000000009,15380.222,False,1.006,1.2119999999999997
highest-temperature-in-shenzhen-on-june-9-2026,Shenzhen,2026-06-09,clean,2026-06-07 06:32:00+00:00,>24h,11,11,11,True,1.109,0.10899999999999999,18.298,18.191,0.21999999999999997,0.068,18.278,False,0.643,1.575
highest-temperature-in-istanbul-on-june-12-2026,Istanbul,2026-06-12,degraded,2026-06-10 12:34:00+00:00,>24h,11,11,11,True,1.1085000000000003,0.10850000000000026,45.26,1.936,0.12000000000000002,0.03999999999999998,43.779,False,0.8750000000000001,1.342
highest-temperature-in-seoul-on-june-9-2026,Seoul,2026-06-09,clean,2026-06-07 09:20:00+00:00,>24h,11,10,10,False,1.1085000000000003,0.10850000000000026,4811.412,12.625499999999999,0.07,0.012499999999999995,4809.891,True,1.0180000000000002,1.199
highest-temperature-in-seoul-on-june-9-2026,Seoul,2026-06-09,clean,2026-06-07 09:21:00+00:00,>24h,11,10,10,False,1.1085000000000003,0.10850000000000026,4871.412,27.485500000000002,0.07,0.012499999999999995,4863.74,True,1.0180000000000002,1.199
highest-temperature-in-kuala-lumpur-on-june-5-2026,Kuala Lumpur,2026-06-05,clean,2026-06-05 08:37:00+00:00,1-6h,11,11,11,True,0.8914999999999998,-0.10850000000000015,79389.429,13818.25,0.33499999999999996,0.001,79389.375,False,0.68,1.103
highest-temperature-in-manila-on-june-11-2026,Manila,2026-06-11,degraded,2026-06-10 04:47:00+00:00,>24h,11,11,11,True,0.8914999999999998,-0.10850000000000015,33.138,7.811,0.020000000000000018,0.007000000000000001,32.706,False,0.8440000000000001,0.9390000000000001
highest-temperature-in-manila-on-june-11-2026,Manila,2026-06-11,degraded,2026-06-10 04:49:00+00:00,>24h,11,11,11,True,0.8914999999999998,-0.10850000000000015,144.167,6.906,0.020000000000000018,0.007000000000000001,144.143,False,0.8440000000000001,0.9390000000000001
highest-temperature-in-manila-on-june-11-2026,Manila,2026-06-11,degraded,2026-06-10 04:50:00+00:00,>24h,11,11,11,True,0.8914999999999998,-0.10850000000000015,204.167,7.02,0.020000000000000018,0.007000000000000001,202.303,False,0.8440000000000001,0.9390000000000001
highest-temperature-in-manila-on-june-11-2026,Manila,2026-06-11,degraded,2026-06-10 04:45:00+00:00,>24h,11,11,11,True,0.8914999999999998,-0.10850000000000015,16.448,2.129,0.020000000000000018,0.007000000000000001,14.899000000000001,False,0.8440000000000001,0.9390000000000001
highest-temperature-in-manila-on-june-11-2026,Manila,2026-06-11,degraded,2026-06-10 04:48:00+00:00,>24h,11,11,11,True,0.8914999999999998,-0.10850000000000015,84.167,7.637,0.020000000000000018,0.007000000000000001,83.711,False,0.8440000000000001,0.9390000000000001
highest-temperature-in-manila-on-june-11-2026,Manila,2026-06-11,degraded,2026-06-10 04:46:00+00:00,>24h,11,11,11,True,0.8914999999999998,-0.10850000000000015,38.692,3.683,0.020000000000000018,0.007000000000000001,37.539,False,0.8440000000000001,0.9390000000000001
highest-temperature-in-shenzhen-on-june-9-2026,Shenzhen,2026-06-09,clean,2026-06-09 03:29:00+00:00,6-24h,11,11,11,True,1.1085,0.10850000000000004,115624.297,3.554,0.05000000000000002,0.012999999999999998,115623.265,False,1.004,1.213
highest-temperature-in-manila-on-june-11-2026,Manila,2026-06-11,degraded,2026-06-10 10:04:00+00:00,>24h,11,11,11,True,0.8915,-0.10850000000000004,24.649,8.162,0.06,0.005999999999999999,24.475,False,0.795,0.9879999999999999
highest-temperature-in-shenzhen-on-june-9-2026,Shenzhen,2026-06-09,clean,2026-06-07 07:37:00+00:00,>24h,11,11,11,True,1.1085,0.10850000000000004,72.836,72.644,0.04000000000000001,0.020000000000000004,65.546,False,1.005,1.2120000000000002
highest-temperature-in-seoul-on-june-9-2026,Seoul,2026-06-09,clean,2026-06-07 05:27:00+00:00,>24h,11,10,10,False,0.8915,-0.10850000000000004,3.731,3.635,0.16,0.024000000000000004,3.683,True,0.6970000000000001,1.086
highest-temperature-in-shenzhen-on-june-9-2026,Shenzhen,2026-06-09,clean,2026-06-09 01:46:00+00:00,6-24h,11,11,11,True,1.1085,0.10850000000000004,109444.297,4.038,0.14,0.019,109443.427,False,0.9000000000000001,1.3169999999999997
highest-temperature-in-wuhan-on-june-10-2026,Wuhan,2026-06-10,clean,2026-06-08 17:18:00+00:00,>24h,11,10,10,False,0.8915,-0.10850000000000004,13.946,12.5985,0.039999999999999994,0.013000000000000005,7.349,True,0.8130000000000001,0.97
highest-temperature-in-shenzhen-on-june-9-2026,Shenzhen,2026-06-09,clean,2026-06-09 01:24:00+00:00,6-24h,11,11,11,True,1.1085,0.10850000000000004,108124.297,0.295,0.14,0.03,108124.263,False,0.892,1.325
highest-temperature-in-wuhan-on-june-10-2026,Wuhan,2026-06-10,clean,2026-06-09 00:10:00+00:00,>24h,11,10,10,False,0.8915,-0.10850000000000004,8.499,3.452,0.08000000000000002,0.008999999999999998,6.688,True,0.782,1.001
highest-temperature-in-shenzhen-on-june-9-2026,Shenzhen,2026-06-09,clean,2026-06-07 07:36:00+00:00,>24h,11,11,11,True,1.1085,0.10850000000000004,12.836,12.65,0.04000000000000001,0.020000000000000004,3.108,False,1.005,1.2120000000000002
highest-temperature-in-wuhan-on-june-10-2026,Wuhan,2026-06-10,clean,2026-06-08 13:16:00+00:00,>24h,11,10,10,False,0.8915,-0.10850000000000004,0.158,0.097,0.07,0.02650000000000001,0.155,True,0.75,1.033
highest-temperature-in-hong-kong-on-june-5-2026,Hong Kong,2026-06-05,clean,2026-06-05 07:38:00+00:00,1-6h,11,7,7,False,0.8915,-0.10850000000000004,65694.267,12720.92,0.040000000000000036,0.001,65694.04,True,0.865,0.918
highest-temperature-in-wuhan-on-june-10-2026,Wuhan,2026-06-10,clean,2026-06-08 16:21:00+00:00,>24h,11,10,10,False,0.8915,-0.10850000000000004,5.503,1.431,0.14,0.0165,4.861,True,0.724,1.0589999999999997
highest-temperature-in-wuhan-on-june-10-2026,Wuhan,2026-06-10,clean,2026-06-10 05:03:00+00:00,6-24h,11,10,10,False,0.8915,-0.10850000000000004,73362.726,22.3515,0.24000000000000002,0.004,73358.954,True,0.672,1.111
highest-temperature-in-mexico-city-on-june-6-2026,Mexico City,2026-06-06,degraded,2026-06-05 05:43:00+00:00,>24h,11,11,9,False,0.8915000000000001,-0.10849999999999993,15.819,7.442,0.08000000000000002,0.019999999999999997,15.796,False,0.7580000000000001,1.0250000000000001
highest-temperature-in-karachi-on-june-11-2026,Karachi,2026-06-11,degraded,2026-06-09 08:00:00+00:00,>24h,11,11,11,True,0.8915000000000001,-0.10849999999999993,561.867,1.515,0.05000000000000002,0.010000000000000009,561.381,False,0.796,0.987
highest-temperature-in-shenzhen-on-june-9-2026,Shenzhen,2026-06-09,clean,2026-06-09 01:47:00+00:00,6-24h,11,11,11,True,1.1084999999999998,0.10849999999999982,109504.297,10.59,0.14,0.028,109502.475,False,0.8900000000000001,1.3269999999999997
highest-temperature-in-shenzhen-on-june-9-2026,Shenzhen,2026-06-09,clean,2026-06-09 02:37:00+00:00,6-24h,11,11,11,True,1.1080000000000003,0.10800000000000032,112504.297,0.246,0.14,0.029000000000000005,112504.287,False,0.862,1.3539999999999999
highest-temperature-in-beijing-on-june-8-2026,Beijing,2026-06-08,clean,2026-06-08 04:26:00+00:00,6-24h,11,11,11,True,1.108,0.1080000000000001,14842.161,0.423,0.14999999999999997,0.006999999999999999,14841.916,False,0.922,1.2939999999999998
highest-temperature-in-wuhan-on-june-10-2026,Wuhan,2026-06-10,clean,2026-06-08 18:51:00+00:00,>24h,11,10,10,False,0.8919999999999999,-0.1080000000000001,3.543,0.417,0.1,0.018000000000000002,3.239,True,0.742,1.0419999999999998
highest-temperature-in-taipei-on-june-8-2026,Taipei,2026-06-08,clean,2026-06-07 14:37:00+00:00,6-24h,11,11,11,True,1.108,0.1080000000000001,1.846,1.826,0.09999999999999998,0.019999999999999962,1.7269999999999999,False,0.9490000000000001,1.2669999999999997
highest-temperature-in-shenzhen-on-june-9-2026,Shenzhen,2026-06-09,clean,2026-06-09 03:50:00+00:00,6-24h,11,11,11,True,1.108,0.1080000000000001,116884.297,7.403,0.06,0.013999999999999999,116883.865,False,0.9850000000000001,1.231
highest-temperature-in-beijing-on-june-8-2026,Beijing,2026-06-08,clean,2026-06-07 05:43:00+00:00,>24h,11,11,11,True,0.8919999999999999,-0.1080000000000001,8.029,2.731,0.03999999999999998,0.010000000000000009,7.987,False,0.811,0.973
highest-temperature-in-beijing-on-june-8-2026,Beijing,2026-06-08,clean,2026-06-07 05:45:00+00:00,>24h,11,11,11,True,0.8919999999999999,-0.1080000000000001,0.435,0.145,0.04999999999999999,0.013999999999999999,0.422,False,0.799,0.985
highest-temperature-in-mexico-city-on-june-6-2026,Mexico City,2026-06-06,degraded,2026-06-05 07:00:00+00:00,>24h,11,11,11,True,0.8919999999999999,-0.1080000000000001,18.732,18.732,0.06,0.009999999999999981,18.553,False,0.781,1.003
highest-temperature-in-taipei-on-june-8-2026,Taipei,2026-06-08,clean,2026-06-08 01:14:00+00:00,6-24h,11,11,11,True,1.108,0.1080000000000001,7473.239,2.707,0.21000000000000002,0.006,7473.197,False,0.933,1.283
highest-temperature-in-wuhan-on-june-10-2026,Wuhan,2026-06-10,clean,2026-06-09 11:24:00+00:00,>24h,11,10,10,False,0.8919999999999999,-0.1080000000000001,9822.726,0.319,0.04000000000000001,0.007499999999999977,9822.6,True,0.8450000000000001,0.9390000000000001
highest-temperature-in-kuala-lumpur-on-june-5-2026,Kuala Lumpur,2026-06-05,clean,2026-06-05 07:31:00+00:00,1-6h,11,11,11,True,1.108,0.1080000000000001,75429.429,9858.25,0.31199999999999994,0.003,75429.413,False,0.6990000000000001,1.5170000000000001
highest-temperature-in-shenzhen-on-june-9-2026,Shenzhen,2026-06-09,clean,2026-06-07 18:23:00+00:00,>24h,11,11,11,True,1.108,0.1080000000000001,23045.83,23.458,0.039999999999999994,0.010000000000000009,23043.247,False,1.028,1.188
highest-temperature-in-manila-on-june-11-2026,Manila,2026-06-11,degraded,2026-06-10 09:47:00+00:00,>24h,11,11,11,True,0.8919999999999999,-0.1080000000000001,22.024,1.964,0.04999999999999999,0.005999999999999999,21.962,False,0.805,0.979
highest-temperature-in-manila-on-june-11-2026,Manila,2026-06-11,degraded,2026-06-10 10:06:00+00:00,>24h,11,11,11,True,0.892,-0.10799999999999998,8.338,1.196,0.06,0.005999999999999999,7.629,False,0.795,0.989
highest-temperature-in-manila-on-june-11-2026,Manila,2026-06-11,degraded,2026-06-10 10:31:00+00:00,>24h,11,11,11,True,0.892,-0.10799999999999998,7.458,1.702,0.06,0.005999999999999999,7.272,False,0.775,1.009
highest-temperature-in-wuhan-on-june-10-2026,Wuhan,2026-06-10,clean,2026-06-08 14:29:00+00:00,>24h,11,10,10,False,0.892,-0.10799999999999998,12.123,11.844999999999999,0.04999999999999999,0.013500000000000005,7.39,True,0.811,0.9730000000000001
highest-temperature-in-karachi-on-june-11-2026,Karachi,2026-06-11,degraded,2026-06-09 08:06:00+00:00,>24h,11,11,11,True,0.892,-0.10799999999999998,921.867,1.315,0.08999999999999997,0.016,921.681,False,0.7690000000000001,1.0150000000000001
highest-temperature-in-manila-on-june-11-2026,Manila,2026-06-11,degraded,2026-06-10 10:05:00+00:00,>24h,11,11,11,True,0.892,-0.10799999999999998,8.323,6.319,0.06,0.005999999999999999,7.245,False,0.795,0.989
highest-temperature-in-mexico-city-on-june-6-2026,Mexico City,2026-06-06,degraded,2026-06-05 05:44:00+00:00,>24h,11,11,9,False,0.8920000000000001,-0.10799999999999987,40.215,16.988,0.09000000000000002,0.019999999999999997,37.114,False,0.7490000000000001,1.0350000000000001
highest-temperature-in-wuhan-on-june-10-2026,Wuhan,2026-06-10,clean,2026-06-08 20:58:00+00:00,>24h,11,10,10,False,0.8920000000000001,-0.10799999999999987,24.773,3.754,0.11000000000000001,0.018000000000000002,24.02,True,0.722,1.0619999999999998
highest-temperature-in-wuhan-on-june-10-2026,Wuhan,2026-06-10,clean,2026-06-08 14:19:00+00:00,>24h,11,10,10,False,0.8920000000000001,-0.10799999999999987,0.919,0.336,0.06,0.010000000000000009,0.585,True,0.812,0.9720000000000001
highest-temperature-in-wuhan-on-june-10-2026,Wuhan,2026-06-10,clean,2026-06-08 19:43:00+00:00,>24h,11,10,10,False,0.8920000000000001,-0.10799999999999987,35.044,9.1815,0.12000000000000002,0.014000000000000004,32.705,True,0.742,1.0419999999999998
highest-temperature-in-taipei-on-june-8-2026,Taipei,2026-06-08,clean,2026-06-07 09:12:00+00:00,>24h,11,11,11,True,1.1079999999999999,0.10799999999999987,18.994,8.937,0.06999999999999998,0.020000000000000018,18.906,False,0.963,1.253
highest-temperature-in-wuhan-on-june-10-2026,Wuhan,2026-06-10,clean,2026-06-08 21:00:00+00:00,>24h,11,10,10,False,0.8920000000000001,-0.10799999999999987,36.44,12.499500000000001,0.11000000000000001,0.018000000000000002,35.574,True,0.722,1.0619999999999998
highest-temperature-in-taipei-on-june-8-2026,Taipei,2026-06-08,clean,2026-06-07 22:35:00+00:00,6-24h,11,11,11,True,1.1075000000000002,0.10750000000000015,16.275,15.867,0.081,0.013000000000000001,0.563,False,0.9620000000000001,1.2530000000000001
highest-temperature-in-shenzhen-on-june-9-2026,Shenzhen,2026-06-09,clean,2026-06-09 03:16:00+00:00,6-24h,11,11,11,True,1.1075000000000002,0.10750000000000015,114844.297,1.803,0.16,0.03,114844.09,False,0.891,1.324
highest-temperature-in-taipei-on-june-8-2026,Taipei,2026-06-08,clean,2026-06-07 22:37:00+00:00,6-24h,11,11,11,True,1.1075000000000002,0.10750000000000015,136.275,135.867,0.081,0.013000000000000001,0.563,False,0.9620000000000001,1.2530000000000001
highest-temperature-in-taipei-on-june-8-2026,Taipei,2026-06-08,clean,2026-06-07 22:39:00+00:00,6-24h,11,11,11,True,1.1075000000000002,0.10750000000000015,256.275,255.867,0.081,0.013000000000000001,0.563,False,0.9620000000000001,1.2530000000000001
highest-temperature-in-shenzhen-on-june-9-2026,Shenzhen,2026-06-09,clean,2026-06-09 11:43:00+00:00,<1h,11,11,11,True,0.8924999999999998,-0.10750000000000015,145264.297,11752.914,0.32699999999999996,0.001,145264.137,False,0.684,1.1009999999999998
highest-temperature-in-wuhan-on-june-10-2026,Wuhan,2026-06-10,clean,2026-06-10 06:53:00+00:00,1-6h,11,10,10,False,1.1075000000000002,0.10750000000000015,79962.726,1.0405,0.12,0.0055,79962.672,True,0.961,1.254
highest-temperature-in-shenzhen-on-june-9-2026,Shenzhen,2026-06-09,clean,2026-06-09 01:23:00+00:00,6-24h,11,11,11,True,1.1075000000000002,0.10750000000000015,108064.297,1.094,0.15000000000000002,0.03,108064.088,False,0.88,1.3349999999999997
highest-temperature-in-beijing-on-june-8-2026,Beijing,2026-06-08,clean,2026-06-08 05:24:00+00:00,6-24h,11,11,11,True,1.1075000000000002,0.10750000000000015,18322.161,0.472,0.07100000000000001,0.002,18322.133,False,1.0129999999999997,1.202
highest-temperature-in-taipei-on-june-8-2026,Taipei,2026-06-08,clean,2026-06-07 22:38:00+00:00,6-24h,11,11,11,True,1.1075000000000002,0.10750000000000015,196.275,195.867,0.081,0.013000000000000001,0.563,False,0.9620000000000001,1.2530000000000001
highest-temperature-in-taipei-on-june-8-2026,Taipei,2026-06-08,clean,2026-06-07 22:36:00+00:00,6-24h,11,11,11,True,1.1075000000000002,0.10750000000000015,76.275,75.867,0.081,0.013000000000000001,0.563,False,0.9620000000000001,1.2530000000000001
highest-temperature-in-wuhan-on-june-10-2026,Wuhan,2026-06-10,clean,2026-06-08 08:24:00+00:00,>24h,11,10,10,False,0.8924999999999998,-0.10750000000000015,90.623,1.411,0.08000000000000002,0.015000000000000006,89.999,True,0.759,1.026
highest-temperature-in-wuhan-on-june-10-2026,Wuhan,2026-06-10,clean,2026-06-09 06:08:00+00:00,>24h,11,10,10,False,0.8925,-0.10750000000000004,37.853,6.074999999999999,0.08999999999999997,0.0085,37.849,True,0.799,0.986
highest-temperature-in-wuhan-on-june-10-2026,Wuhan,2026-06-10,clean,2026-06-08 19:41:00+00:00,>24h,11,10,10,False,0.8925,-0.10750000000000004,19.404,8.269,0.11000000000000001,0.018000000000000002,19.107,True,0.742,1.0429999999999997
highest-temperature-in-seoul-on-june-9-2026,Seoul,2026-06-09,clean,2026-06-07 05:31:00+00:00,>24h,11,10,10,False,0.8925,-0.10750000000000004,26.995,22.6875,0.16,0.024000000000000004,9.798,True,0.6990000000000001,1.086
highest-temperature-in-wuhan-on-june-10-2026,Wuhan,2026-06-10,clean,2026-06-08 09:10:00+00:00,>24h,11,10,10,False,0.8925,-0.10750000000000004,32.003,14.9025,0.07000000000000003,0.008000000000000004,31.162,True,0.7509999999999999,1.034
highest-temperature-in-seoul-on-june-9-2026,Seoul,2026-06-09,clean,2026-06-07 05:32:00+00:00,>24h,11,10,10,False,0.8925,-0.10750000000000004,1.37,1.3465,0.16,0.024000000000000004,0.17,True,0.6990000000000001,1.086
highest-temperature-in-seoul-on-june-9-2026,Seoul,2026-06-09,clean,2026-06-07 05:30:00+00:00,>24h,11,10,10,False,0.8925,-0.10750000000000004,6.998,6.9955,0.16,0.024000000000000004,0.008,True,0.6990000000000001,1.086
highest-temperature-in-manila-on-june-11-2026,Manila,2026-06-11,degraded,2026-06-10 10:09:00+00:00,>24h,11,11,11,True,0.8925,-0.10750000000000004,7.914,3.209,0.06,0.005999999999999999,7.753,False,0.796,0.989
highest-temperature-in-manila-on-june-11-2026,Manila,2026-06-11,degraded,2026-06-10 10:21:00+00:00,>24h,11,11,11,True,0.8925,-0.10750000000000004,8.34,0.105,0.09999999999999998,0.005999999999999999,8.307,False,0.756,1.029
highest-temperature-in-manila-on-june-11-2026,Manila,2026-06-11,degraded,2026-06-10 10:22:00+00:00,>24h,11,11,11,True,0.8925,-0.10750000000000004,8.341,0.72,0.09999999999999998,0.005999999999999999,8.337,False,0.756,1.029
highest-temperature-in-manila-on-june-11-2026,Manila,2026-06-11,degraded,2026-06-10 10:08:00+00:00,>24h,11,11,11,True,0.8925,-0.10750000000000004,8.338,5.344,0.06,0.005999999999999999,7.683,False,0.796,0.989
highest-temperature-in-manila-on-june-11-2026,Manila,2026-06-11,degraded,2026-06-10 10:29:00+00:00,>24h,11,11,11,True,0.8925,-0.10750000000000004,25.288,2.304,0.060000000000000026,0.005999999999999999,24.055,False,0.776,1.009
highest-temperature-in-manila-on-june-11-2026,Manila,2026-06-11,degraded,2026-06-10 10:07:00+00:00,>24h,11,11,11,True,0.8925,-0.10750000000000004,8.342,1.676,0.06,0.005999999999999999,7.532,False,0.796,0.989
highest-temperature-in-wuhan-on-june-10-2026,Wuhan,2026-06-10,clean,2026-06-08 15:42:00+00:00,>24h,11,10,10,False,0.8925000000000001,-0.10749999999999993,8.67,2.2505,0.12,0.0125,8.314,True,0.755,1.03
highest-temperature-in-kuala-lumpur-on-june-5-2026,Kuala Lumpur,2026-06-05,clean,2026-06-05 03:02:00+00:00,6-24h,11,11,11,True,1.1075,0.10749999999999993,59289.429,5.307,0.04999999999999993,0.015,59286.372,False,1.013,1.2020000000000002
highest-temperature-in-moscow-on-june-4-2026,Moscow,2026-06-04,clean,2026-06-04 06:41:00+00:00,1-6h,11,11,11,True,1.1075,0.10749999999999993,17404.016,1.541,0.071,0.012999999999999998,17403.917,False,0.9920000000000001,1.2229999999999999
highest-temperature-in-wuhan-on-june-10-2026,Wuhan,2026-06-10,clean,2026-06-08 11:04:00+00:00,>24h,11,10,10,False,0.8925000000000001,-0.10749999999999993,40.664,18.0705,0.07999999999999999,0.0325,39.87,True,0.738,1.0470000000000002
highest-temperature-in-qingdao-on-june-10-2026,Qingdao,2026-06-10,clean,2026-06-10 03:10:00+00:00,6-24h,11,10,10,False,1.1075,0.10749999999999993,7976.035,4.7865,0.13999999999999999,0.003500000000000002,7974.975,True,0.8850000000000001,1.3299999999999998
highest-temperature-in-karachi-on-june-11-2026,Karachi,2026-06-11,degraded,2026-06-09 08:40:00+00:00,>24h,11,11,11,True,0.8925000000000001,-0.10749999999999993,2961.867,6.164,0.1,0.010000000000000009,2960.924,False,0.7809999999999999,1.004
highest-temperature-in-karachi-on-june-11-2026,Karachi,2026-06-11,degraded,2026-06-09 08:41:00+00:00,>24h,11,11,11,True,0.8925000000000001,-0.10749999999999993,3021.867,2.117,0.1,0.010000000000000009,3021.478,False,0.7809999999999999,1.004
highest-temperature-in-wuhan-on-june-10-2026,Wuhan,2026-06-10,clean,2026-06-08 07:43:00+00:00,>24h,11,10,10,False,0.8925000000000001,-0.10749999999999993,5.873,1.1019999999999999,0.06,0.010000000000000009,5.609,True,0.789,0.9960000000000001
highest-temperature-in-shenzhen-on-june-9-2026,Shenzhen,2026-06-09,clean,2026-06-09 01:58:00+00:00,6-24h,11,11,11,True,1.1074999999999997,0.1074999999999997,110164.297,6.38,0.15999999999999998,0.020000000000000018,110163.756,False,0.8820000000000001,1.333
highest-temperature-in-shenzhen-on-june-9-2026,Shenzhen,2026-06-09,clean,2026-06-07 14:44:00+00:00,>24h,11,11,11,True,1.1070000000000002,0.1070000000000002,9905.83,23.579,0.09000000000000002,0.009999999999999981,9900.547,False,0.9570000000000001,1.257
highest-temperature-in-seattle-on-june-10-2026,Seattle,2026-06-10,clean,2026-06-09 03:22:00+00:00,>24h,11,11,11,True,1.1070000000000002,0.1070000000000002,0.343,0.341,0.13,0.034999999999999996,0.332,False,0.8260000000000001,1.3879999999999997
highest-temperature-in-shenzhen-on-june-9-2026,Shenzhen,2026-06-09,clean,2026-06-07 14:54:00+00:00,>24h,11,11,11,True,1.1070000000000002,0.1070000000000002,10505.83,7.711,0.09000000000000002,0.009999999999999981,10498.266,False,0.9570000000000001,1.257
highest-temperature-in-taipei-on-june-8-2026,Taipei,2026-06-08,clean,2026-06-07 22:30:00+00:00,6-24h,11,11,11,True,1.1070000000000002,0.1070000000000002,2.305,1.867,0.099,0.013000000000000001,1.573,False,0.9520000000000001,1.262
highest-temperature-in-wuhan-on-june-10-2026,Wuhan,2026-06-10,clean,2026-06-10 01:17:00+00:00,6-24h,11,10,10,False,0.8929999999999999,-0.1070000000000001,59802.726,0.106,0.07,0.0055,59802.715,True,0.81,0.976
highest-temperature-in-wuhan-on-june-10-2026,Wuhan,2026-06-10,clean,2026-06-08 19:42:00+00:00,>24h,11,10,10,False,0.8929999999999999,-0.1070000000000001,13.744,11.255500000000001,0.11000000000000001,0.0175,11.747,True,0.743,1.0429999999999997
highest-temperature-in-wuhan-on-june-10-2026,Wuhan,2026-06-10,clean,2026-06-08 23:55:00+00:00,>24h,11,10,10,False,0.8929999999999999,-0.1070000000000001,17.084,16.9975,0.07999999999999999,0.007999999999999997,13.663,True,0.8,0.986
highest-temperature-in-wuhan-on-june-10-2026,Wuhan,2026-06-10,clean,2026-06-09 01:42:00+00:00,>24h,11,10,10,False,0.8929999999999999,-0.1070000000000001,15.889,14.735,0.09999999999999998,0.009500000000000001,12.205,True,0.793,0.993
highest-temperature-in-wuhan-on-june-10-2026,Wuhan,2026-06-10,clean,2026-06-08 23:56:00+00:00,>24h,11,10,10,False,0.8929999999999999,-0.1070000000000001,22.117,16.012,0.07999999999999999,0.007999999999999997,16.972,True,0.8,0.986
highest-temperature-in-wuhan-on-june-10-2026,Wuhan,2026-06-10,clean,2026-06-08 08:22:00+00:00,>24h,11,10,10,False,0.8929999999999999,-0.1070000000000001,12.506,1.4275,0.08000000000000002,0.015000000000000006,11.886,True,0.759,1.0270000000000001
highest-temperature-in-wuhan-on-june-10-2026,Wuhan,2026-06-10,clean,2026-06-08 08:19:00+00:00,>24h,11,10,10,False,0.8929999999999999,-0.1070000000000001,18.067,13.0165,0.08999999999999997,0.020000000000000004,17.364,True,0.749,1.0370000000000001
highest-temperature-in-wuhan-on-june-10-2026,Wuhan,2026-06-10,clean,2026-06-08 23:57:00+00:00,>24h,11,10,10,False,0.8929999999999999,-0.1070000000000001,17.88,7.163,0.07999999999999999,0.007999999999999997,16.132,True,0.8,0.986
highest-temperature-in-wuhan-on-june-10-2026,Wuhan,2026-06-10,clean,2026-06-09 01:39:00+00:00,>24h,11,10,10,False,0.8929999999999999,-0.1070000000000001,32.014,17.0245,0.09999999999999998,0.009500000000000001,28.231,True,0.793,0.993
highest-temperature-in-wuhan-on-june-10-2026,Wuhan,2026-06-10,clean,2026-06-08 07:47:00+00:00,>24h,11,10,10,False,0.8929999999999999,-0.1070000000000001,70.738,42.0075,0.1,0.014000000000000005,70.045,True,0.7500000000000001,1.036
highest-temperature-in-wuhan-on-june-10-2026,Wuhan,2026-06-10,clean,2026-06-09 06:00:00+00:00,>24h,11,10,10,False,0.8929999999999999,-0.1070000000000001,23.289,17.2065,0.060000000000000026,0.0055,21.009,True,0.824,0.9620000000000001
highest-temperature-in-wuhan-on-june-10-2026,Wuhan,2026-06-10,clean,2026-06-09 05:59:00+00:00,>24h,11,10,10,False,0.8929999999999999,-0.1070000000000001,12.755,3.02,0.060000000000000026,0.0055,12.695,True,0.824,0.9620000000000001
highest-temperature-in-wuhan-on-june-10-2026,Wuhan,2026-06-10,clean,2026-06-09 14:15:00+00:00,6-24h,11,10,10,False,0.8929999999999999,-0.1070000000000001,20082.726,1.18,0.060000000000000026,0.004999999999999999,20082.655,True,0.824,0.9620000000000001
highest-temperature-in-wuhan-on-june-10-2026,Wuhan,2026-06-10,clean,2026-06-09 12:58:00+00:00,6-24h,11,10,10,False,0.8929999999999999,-0.1070000000000001,15462.726,4.045,0.04000000000000001,0.006,15462.112,True,0.847,0.9390000000000001
highest-temperature-in-wuhan-on-june-10-2026,Wuhan,2026-06-10,clean,2026-06-08 08:21:00+00:00,>24h,11,10,10,False,0.8929999999999999,-0.1070000000000001,54.749,19.093,0.08000000000000002,0.015000000000000006,54.17,True,0.759,1.0270000000000001
highest-temperature-in-wuhan-on-june-10-2026,Wuhan,2026-06-10,clean,2026-06-08 08:20:00+00:00,>24h,11,10,10,False,0.8929999999999999,-0.1070000000000001,38.84,10.663,0.08000000000000002,0.015000000000000006,38.126,True,0.759,1.0270000000000001
highest-temperature-in-wuhan-on-june-10-2026,Wuhan,2026-06-10,clean,2026-06-08 08:23:00+00:00,>24h,11,10,10,False,0.8929999999999999,-0.1070000000000001,72.357,35.42,0.08000000000000002,0.015000000000000006,71.676,True,0.759,1.0270000000000001
highest-temperature-in-qingdao-on-june-10-2026,Qingdao,2026-06-10,clean,2026-06-10 03:12:00+00:00,6-24h,11,10,10,False,1.107,0.10699999999999998,8096.035,1.0025,0.15,0.003500000000000002,8095.995,True,0.8750000000000001,1.339
highest-temperature-in-taipei-on-june-8-2026,Taipei,2026-06-08,clean,2026-06-08 01:05:00+00:00,6-24h,11,11,11,True,1.107,0.10699999999999998,6933.239,1.453,0.21000000000000002,0.006,6933.152,False,0.871,1.343
highest-temperature-in-kuala-lumpur-on-june-5-2026,Kuala Lumpur,2026-06-05,clean,2026-06-05 03:09:00+00:00,6-24h,11,11,11,True,1.107,0.10699999999999998,59709.429,1.407,0.03,0.009,59709.428,False,1.053,1.161
highest-temperature-in-kuala-lumpur-on-june-5-2026,Kuala Lumpur,2026-06-05,clean,2026-06-05 07:01:00+00:00,1-6h,11,11,11,True,1.107,0.10699999999999998,73629.429,8058.25,0.25,0.003,73629.375,False,0.7790000000000001,1.435
highest-temperature-in-kuala-lumpur-on-june-5-2026,Kuala Lumpur,2026-06-05,clean,2026-06-05 03:10:00+00:00,6-24h,11,11,11,True,1.107,0.10699999999999998,59769.429,26.321,0.03,0.009,59769.41,False,1.053,1.161
highest-temperature-in-shenzhen-on-june-9-2026,Shenzhen,2026-06-09,clean,2026-06-09 04:37:00+00:00,6-24h,11,11,11,True,1.107,0.10699999999999998,119704.297,6.537,0.21,0.012,119704.281,False,0.8600000000000001,1.3539999999999999
highest-temperature-in-karachi-on-june-11-2026,Karachi,2026-06-11,degraded,2026-06-09 23:53:00+00:00,>24h,11,11,11,True,1.107,0.10699999999999998,57741.867,1.493,0.10999999999999999,0.013000000000000001,57740.395,False,0.926,1.288
highest-temperature-in-wuhan-on-june-10-2026,Wuhan,2026-06-10,clean,2026-06-10 04:59:00+00:00,6-24h,11,10,10,False,0.893,-0.10699999999999998,73122.726,25.182499999999997,0.25,0.0035,73122.155,True,0.7020000000000001,1.0839999999999999
highest-temperature-in-shenzhen-on-june-9-2026,Shenzhen,2026-06-09,clean,2026-06-09 00:13:00+00:00,6-24h,11,11,11,True,1.107,0.10699999999999998,103864.297,0.105,0.039999999999999994,0.020999999999999998,103864.296,False,1.002,1.212
highest-temperature-in-kuala-lumpur-on-june-5-2026,Kuala Lumpur,2026-06-05,clean,2026-06-05 03:03:00+00:00,6-24h,11,11,11,True,1.107,0.10699999999999998,59349.429,47.57,0.04999999999999993,0.015,59347.306,False,1.013,1.2010000000000003
highest-temperature-in-kuala-lumpur-on-june-5-2026,Kuala Lumpur,2026-06-05,clean,2026-06-05 05:38:00+00:00,6-24h,11,11,11,True,1.107,0.10699999999999998,68649.429,3078.25,0.17500000000000004,0.001,68648.43,False,0.9050000000000001,1.309
highest-temperature-in-moscow-on-june-4-2026,Moscow,2026-06-04,clean,2026-06-04 06:27:00+00:00,1-6h,11,11,11,True,1.107,0.10699999999999998,16564.016,0.405,0.07200000000000001,0.012999999999999998,16563.99,False,0.9840000000000001,1.23
highest-temperature-in-shenzhen-on-june-9-2026,Shenzhen,2026-06-09,clean,2026-06-09 05:26:00+00:00,6-24h,11,11,11,True,1.107,0.10699999999999998,122644.297,12.375,0.16999999999999998,0.001,122644.26,False,0.9520000000000001,1.262
highest-temperature-in-wuhan-on-june-10-2026,Wuhan,2026-06-10,clean,2026-06-08 09:34:00+00:00,>24h,11,10,10,False,0.8930000000000001,-0.10699999999999987,13.986,10.7055,0.12,0.021500000000000005,4.772,True,0.708,1.0780000000000003
highest-temperature-in-shenzhen-on-june-9-2026,Shenzhen,2026-06-09,clean,2026-06-09 04:38:00+00:00,6-24h,11,11,11,True,1.1069999999999998,0.10699999999999976,119764.297,4.27,0.19999999999999998,0.012,119762.593,False,0.87,1.3439999999999999
highest-temperature-in-panama-city-on-june-9-2026,Panama City,2026-06-09,clean,2026-06-09 05:25:00+00:00,6-24h,11,11,11,True,1.1065000000000003,0.10650000000000026,35594.758,0.508,0.07,0.005,35594.393,False,1.021,1.1920000000000002
highest-temperature-in-shenzhen-on-june-9-2026,Shenzhen,2026-06-09,clean,2026-06-07 14:55:00+00:00,>24h,11,11,11,True,1.1065000000000003,0.10650000000000026,10565.83,6.133,0.09000000000000002,0.009999999999999981,10565.83,False,0.9560000000000001,1.257
highest-temperature-in-munich-on-june-6-2026,Munich,2026-06-06,degraded,2026-06-05 08:17:00+00:00,>24h,11,11,11,True,1.1065,0.10650000000000004,4451.416,0.7,0.04000000000000001,0.004,4451.372,False,1.0390000000000001,1.174
highest-temperature-in-shenzhen-on-june-9-2026,Shenzhen,2026-06-09,clean,2026-06-09 03:57:00+00:00,6-24h,11,11,11,True,1.1065,0.10650000000000004,117304.297,8.731,0.075,0.016,117304.295,False,0.968,1.2449999999999999
highest-temperature-in-taipei-on-june-8-2026,Taipei,2026-06-08,clean,2026-06-06 23:09:00+00:00,>24h,11,11,9,False,1.1065,0.10650000000000004,27.441,12.956,0.138,0.09000000000000001,27.418,False,0.7350000000000001,1.478
highest-temperature-in-qingdao-on-june-10-2026,Qingdao,2026-06-10,clean,2026-06-10 02:49:00+00:00,6-24h,11,10,10,False,1.1065,0.10650000000000004,6716.035,1.7795,0.05999999999999997,0.016499999999999987,6716.02,True,1.001,1.212
highest-temperature-in-wuhan-on-june-10-2026,Wuhan,2026-06-10,clean,2026-06-08 12:28:00+00:00,>24h,11,10,10,False,0.8935000000000001,-0.10649999999999993,5.188,5.064500000000001,0.1,0.030000000000000006,4.963,True,0.725,1.062
highest-temperature-in-mexico-city-on-june-6-2026,Mexico City,2026-06-06,degraded,2026-06-05 05:47:00+00:00,>24h,11,11,9,False,0.8935000000000001,-0.10649999999999993,24.501,0.932,0.08000000000000002,0.019999999999999997,24.454,False,0.7600000000000001,1.0270000000000001
highest-temperature-in-mexico-city-on-june-6-2026,Mexico City,2026-06-06,degraded,2026-06-05 05:07:00+00:00,>24h,11,11,9,False,0.8935000000000001,-0.10649999999999993,22.722,3.257,0.1,0.03999999999999998,22.664,False,0.7080000000000001,1.079
highest-temperature-in-ankara-on-june-11-2026,Ankara,2026-06-11,degraded,2026-06-09 06:14:00+00:00,>24h,11,11,11,True,1.1064999999999998,0.10649999999999982,7.97,5.695,0.13000000000000003,0.03999999999999998,2.427,False,0.8510000000000001,1.3619999999999999
highest-temperature-in-ankara-on-june-11-2026,Ankara,2026-06-11,degraded,2026-06-09 06:13:00+00:00,>24h,11,11,11,True,1.1064999999999998,0.10649999999999982,1.954,0.415,0.15,0.03900000000000001,1.569,False,0.8510000000000001,1.362
highest-temperature-in-kuala-lumpur-on-june-5-2026,Kuala Lumpur,2026-06-05,clean,2026-06-05 06:49:00+00:00,1-6h,11,11,11,True,1.1064999999999996,0.1064999999999996,72909.429,7338.25,0.09999999999999998,0.0020000000000000018,72909.147,False,1.027,1.1860000000000002
highest-temperature-in-wuhan-on-june-10-2026,Wuhan,2026-06-10,clean,2026-06-08 08:59:00+00:00,>24h,11,10,10,False,0.8939999999999999,-0.1060000000000001,906.632,23.560000000000002,0.05000000000000002,0.010000000000000009,905.919,True,0.813,0.9750000000000001
highest-temperature-in-shenzhen-on-june-9-2026,Shenzhen,2026-06-09,clean,2026-06-09 05:37:00+00:00,6-24h,11,11,11,True,1.106,0.1060000000000001,123304.297,1.828,0.09000000000000002,0.001,123302.469,False,1.0109999999999997,1.2009999999999998
highest-temperature-in-shenzhen-on-june-9-2026,Shenzhen,2026-06-09,clean,2026-06-09 01:19:00+00:00,6-24h,11,11,11,True,1.106,0.1060000000000001,107824.297,16.082,0.15999999999999998,0.03,107813.524,False,0.867,1.345
highest-temperature-in-wuhan-on-june-10-2026,Wuhan,2026-06-10,clean,2026-06-09 06:38:00+00:00,>24h,11,10,10,False,0.8939999999999999,-0.1060000000000001,1.629,0.933,0.03,0.005,1.207,True,0.843,0.9450000000000001
highest-temperature-in-moscow-on-june-4-2026,Moscow,2026-06-04,clean,2026-06-04 06:28:00+00:00,1-6h,11,11,11,True,1.106,0.1060000000000001,16624.016,1.96,0.08,0.012999999999999998,16623.923,False,0.979,1.233
highest-temperature-in-wuhan-on-june-10-2026,Wuhan,2026-06-10,clean,2026-06-09 07:33:00+00:00,>24h,11,10,10,False,0.8939999999999999,-0.1060000000000001,7.391,6.057,0.08000000000000002,0.006000000000000002,4.139,True,0.7910000000000001,0.997
highest-temperature-in-wuhan-on-june-10-2026,Wuhan,2026-06-10,clean,2026-06-08 21:54:00+00:00,>24h,11,10,10,False,0.894,-0.10599999999999998,37.118,7.909000000000001,0.07,0.015500000000000002,35.164,True,0.766,1.022
highest-temperature-in-wuhan-on-june-10-2026,Wuhan,2026-06-10,clean,2026-06-08 21:56:00+00:00,>24h,11,10,10,False,0.894,-0.10599999999999998,18.79,11.672,0.060000000000000026,0.015500000000000002,17.059,True,0.786,1.002
highest-temperature-in-wuhan-on-june-10-2026,Wuhan,2026-06-10,clean,2026-06-08 11:29:00+00:00,>24h,11,10,10,False,0.894,-0.10599999999999998,16.503,15.786999999999999,0.09,0.03000000000000002,15.785,True,0.72,1.068
highest-temperature-in-wuhan-on-june-10-2026,Wuhan,2026-06-10,clean,2026-06-08 21:25:00+00:00,>24h,11,10,10,False,0.894,-0.10599999999999998,43.959,15.006499999999999,0.07,0.015500000000000002,35.298,True,0.766,1.022
highest-temperature-in-munich-on-june-6-2026,Munich,2026-06-06,degraded,2026-06-05 05:10:00+00:00,>24h,11,11,7,False,0.8940000000000001,-0.10599999999999987,26.316,1.428,0.047,0.027,26.272,False,0.8119999999999999,0.9760000000000001
highest-temperature-in-shenzhen-on-june-9-2026,Shenzhen,2026-06-09,clean,2026-06-09 03:20:00+00:00,6-24h,11,11,11,True,1.1059999999999999,0.10599999999999987,115084.297,1.712,0.12999999999999998,0.03,115084.284,False,0.912,1.2999999999999998
highest-temperature-in-karachi-on-june-11-2026,Karachi,2026-06-11,degraded,2026-06-09 10:52:00+00:00,>24h,11,11,11,True,1.1059999999999999,0.10599999999999987,10881.867,1.524,0.11000000000000001,0.010000000000000009,10881.865,False,0.942,1.2699999999999998
highest-temperature-in-buenos-aires-on-june-8-2026,Buenos Aires,2026-06-08,clean,2026-06-07 01:41:00+00:00,>24h,11,10,10,False,1.1059999999999999,0.10599999999999987,1.481,1.4035,0.07,0.04399999999999999,0.351,True,0.912,1.3
highest-temperature-in-panama-city-on-june-9-2026,Panama City,2026-06-09,clean,2026-06-08 11:38:00+00:00,>24h,11,11,11,True,1.1059999999999999,0.10599999999999987,23052.64,0.121,0.1,0.006999999999999999,23052.627,False,0.9570000000000002,1.2550000000000001
highest-temperature-in-wuhan-on-june-10-2026,Wuhan,2026-06-10,clean,2026-06-10 01:37:00+00:00,6-24h,11,10,10,False,0.8944999999999999,-0.10550000000000015,61002.726,3.748,0.03999999999999998,0.004,61002.498,True,0.8330000000000001,0.956
highest-temperature-in-wuhan-on-june-10-2026,Wuhan,2026-06-10,clean,2026-06-09 13:07:00+00:00,6-24h,11,10,10,False,0.8944999999999999,-0.10550000000000015,16002.726,10.691500000000001,0.03,0.006,16002.008,True,0.854,0.935
highest-temperature-in-wuhan-on-june-10-2026,Wuhan,2026-06-10,clean,2026-06-09 07:06:00+00:00,>24h,11,10,10,False,0.8944999999999999,-0.10550000000000015,27.492,7.136,0.060000000000000026,0.007000000000000001,25.296,True,0.818,0.9710000000000001
highest-temperature-in-karachi-on-june-11-2026,Karachi,2026-06-11,degraded,2026-06-10 20:00:00+00:00,6-24h,11,11,11,True,0.8944999999999999,-0.10550000000000015,42.27,36.153,0.07,0.008,24.682,False,0.776,1.0129999999999997
highest-temperature-in-wuhan-on-june-10-2026,Wuhan,2026-06-10,clean,2026-06-09 05:58:00+00:00,>24h,11,10,10,False,0.8944999999999999,-0.10550000000000015,0.809,0.613,0.060000000000000026,0.005999999999999999,0.283,True,0.824,0.9650000000000001
highest-temperature-in-wuhan-on-june-10-2026,Wuhan,2026-06-10,clean,2026-06-08 10:09:00+00:00,>24h,11,10,10,False,0.8945,-0.10550000000000004,10.205,7.962,0.11000000000000001,0.04000000000000001,10.093,True,0.703,1.086
highest-temperature-in-wuhan-on-june-10-2026,Wuhan,2026-06-10,clean,2026-06-10 04:58:00+00:00,6-24h,11,10,10,False,0.8945,-0.10550000000000004,73062.726,0.4015,0.16999999999999998,0.007000000000000001,73062.369,True,0.7120000000000001,1.077
highest-temperature-in-manila-on-june-11-2026,Manila,2026-06-11,degraded,2026-06-09 05:28:00+00:00,>24h,11,11,11,True,1.1055,0.10549999999999993,8.25,5.81,0.13,0.010000000000000009,8.098,False,0.9160000000000001,1.295
highest-temperature-in-moscow-on-june-4-2026,Moscow,2026-06-04,clean,2026-06-04 10:26:00+00:00,1-6h,11,11,11,True,1.1055,0.10549999999999993,30904.016,6689.137,0.15999999999999998,0.002,30904.001,False,0.926,1.2850000000000001
highest-temperature-in-shanghai-on-june-10-2026,Shanghai,2026-06-10,clean,2026-06-08 06:12:00+00:00,>24h,11,11,11,True,1.1055,0.10549999999999993,2.073,0.034,0.07999999999999999,0.02999999999999997,2.063,False,0.935,1.276
highest-temperature-in-manila-on-june-11-2026,Manila,2026-06-11,degraded,2026-06-09 05:27:00+00:00,>24h,11,11,11,True,1.1055,0.10549999999999993,2.311,1.272,0.13,0.010000000000000009,1.087,False,0.9260000000000002,1.2850000000000001
highest-temperature-in-amsterdam-on-june-8-2026,Amsterdam,2026-06-08,clean,2026-06-08 11:07:00+00:00,<1h,11,11,11,True,1.1050000000000002,0.1050000000000002,65794.763,22.421,0.11000000000000004,0.002,65794.752,False,0.989,1.221
highest-temperature-in-beijing-on-june-8-2026,Beijing,2026-06-08,clean,2026-06-07 04:28:00+00:00,>24h,11,11,11,True,0.8949999999999999,-0.1050000000000001,15.161,4.493,0.04999999999999999,0.03,14.593,False,0.7650000000000001,1.0249999999999997
highest-temperature-in-wuhan-on-june-10-2026,Wuhan,2026-06-10,clean,2026-06-09 13:02:00+00:00,6-24h,11,10,10,False,0.8949999999999999,-0.1050000000000001,15702.726,0.321,0.03,0.004999999999999999,15702.579,True,0.857,0.933
highest-temperature-in-wuhan-on-june-10-2026,Wuhan,2026-06-10,clean,2026-06-09 06:09:00+00:00,>24h,11,10,10,False,0.8949999999999999,-0.1050000000000001,2.606,1.5975000000000001,0.06999999999999998,0.006500000000000001,2.218,True,0.819,0.971
highest-temperature-in-wuhan-on-june-10-2026,Wuhan,2026-06-10,clean,2026-06-09 13:04:00+00:00,6-24h,11,10,10,False,0.8949999999999999,-0.1050000000000001,15822.726,0.7835000000000001,0.03,0.004999999999999999,15822.26,True,0.857,0.933
highest-temperature-in-wuhan-on-june-10-2026,Wuhan,2026-06-10,clean,2026-06-09 13:05:00+00:00,6-24h,11,10,10,False,0.8949999999999999,-0.1050000000000001,15882.726,15.761000000000001,0.03,0.004999999999999999,15882.008,True,0.857,0.933
highest-temperature-in-wuhan-on-june-10-2026,Wuhan,2026-06-10,clean,2026-06-09 13:03:00+00:00,6-24h,11,10,10,False,0.8949999999999999,-0.1050000000000001,15762.726,0.6325000000000001,0.03,0.004999999999999999,15762.56,True,0.857,0.933
highest-temperature-in-wuhan-on-june-10-2026,Wuhan,2026-06-10,clean,2026-06-09 07:15:00+00:00,>24h,11,10,10,False,0.8949999999999999,-0.1050000000000001,3.854,3.0975,0.04999999999999999,0.005,3.8120000000000003,True,0.8320000000000001,0.9580000000000001
highest-temperature-in-manila-on-june-11-2026,Manila,2026-06-11,degraded,2026-06-10 10:58:00+00:00,>24h,11,11,11,True,0.895,-0.10499999999999998,1.998,0.067,0.06,0.005999999999999999,1.995,False,0.8130000000000001,0.977
highest-temperature-in-manila-on-june-11-2026,Manila,2026-06-11,degraded,2026-06-10 11:00:00+00:00,>24h,11,11,11,True,0.895,-0.10499999999999998,52.896,9.238,0.06,0.005999999999999999,52.282,False,0.8130000000000001,0.977
highest-temperature-in-wuhan-on-june-10-2026,Wuhan,2026-06-10,clean,2026-06-08 10:07:00+00:00,>24h,11,10,10,False,0.895,-0.10499999999999998,6.58,0.5975,0.15999999999999998,0.044000000000000004,6.218,True,0.672,1.118
highest-temperature-in-shenzhen-on-june-9-2026,Shenzhen,2026-06-09,clean,2026-06-09 03:28:00+00:00,6-24h,11,11,11,True,1.105,0.10499999999999998,115564.297,14.679,0.11999999999999997,0.03,115564.161,False,0.924,1.286
highest-temperature-in-moscow-on-june-4-2026,Moscow,2026-06-04,clean,2026-06-04 06:40:00+00:00,1-6h,11,11,11,True,1.105,0.10499999999999998,17344.016,19.256,0.071,0.012999999999999998,17344.016,False,0.9910000000000001,1.2189999999999999
highest-temperature-in-moscow-on-june-4-2026,Moscow,2026-06-04,clean,2026-06-04 06:44:00+00:00,1-6h,11,11,11,True,1.105,0.10499999999999998,17584.016,11.646,0.043000000000000003,0.012999999999999998,17573.466,False,1.014,1.1960000000000002
highest-temperature-in-shenzhen-on-june-9-2026,Shenzhen,2026-06-09,clean,2026-06-09 03:49:00+00:00,6-24h,11,11,11,True,1.105,0.10499999999999998,116824.297,25.47,0.061,0.013999999999999999,116824.138,False,0.9850000000000001,1.2249999999999999
highest-temperature-in-wuhan-on-june-10-2026,Wuhan,2026-06-10,clean,2026-06-09 14:33:00+00:00,6-24h,11,10,10,False,0.895,-0.10499999999999998,21162.726,24.183,0.06999999999999998,0.004999999999999999,21161.071,True,0.8150000000000001,0.9750000000000001
highest-temperature-in-chongqing-on-june-6-2026,Chongqing,2026-06-06,degraded,2026-06-05 05:03:00+00:00,>24h,11,11,8,False,1.105,0.10499999999999998,15.407,7.5705,0.20999999999999996,0.039999999999999994,11.831,False,0.86,1.3499999999999999
highest-temperature-in-manila-on-june-11-2026,Manila,2026-06-11,degraded,2026-06-10 11:01:00+00:00,>24h,11,11,11,True,0.895,-0.10499999999999998,56.37,13.281,0.06,0.005999999999999999,55.561,False,0.8130000000000001,0.977
highest-temperature-in-panama-city-on-june-9-2026,Panama City,2026-06-09,clean,2026-06-08 23:52:00+00:00,6-24h,11,11,11,True,1.105,0.10499999999999998,15614.758,19.657,0.08000000000000002,0.004,15612.875,False,0.968,1.2420000000000002
highest-temperature-in-taipei-on-june-8-2026,Taipei,2026-06-08,clean,2026-06-08 03:21:00+00:00,6-24h,11,11,11,True,0.8950000000000001,-0.10499999999999987,15093.239,1261.547,0.34900000000000003,0.002,15093.234,False,0.623,1.1669999999999998
highest-temperature-in-shenzhen-on-june-9-2026,Shenzhen,2026-06-09,clean,2026-06-09 11:51:00+00:00,<1h,11,11,11,True,0.8954999999999999,-0.10450000000000015,145744.297,12232.914,0.32599999999999996,0.001,145744.088,False,0.678,1.1129999999999998
highest-temperature-in-wuhan-on-june-10-2026,Wuhan,2026-06-10,clean,2026-06-09 06:13:00+00:00,>24h,11,10,10,False,0.8954999999999999,-0.10450000000000015,1.014,0.949,0.09,0.006999999999999999,0.467,True,0.8089999999999999,0.982
highest-temperature-in-wuhan-on-june-10-2026,Wuhan,2026-06-10,clean,2026-06-09 05:36:00+00:00,>24h,11,10,10,False,0.8955,-0.10450000000000004,4.329,0.22649999999999998,0.06,0.006500000000000001,4.198,True,0.814,0.977
highest-temperature-in-manila-on-june-11-2026,Manila,2026-06-11,degraded,2026-06-10 10:59:00+00:00,>24h,11,11,11,True,0.8955,-0.10450000000000004,35.747,9.287,0.06,0.005999999999999999,35.472,False,0.8130000000000001,0.9780000000000001
highest-temperature-in-wuhan-on-june-10-2026,Wuhan,2026-06-10,clean,2026-06-09 07:13:00+00:00,>24h,11,10,10,False,0.8955,-0.10450000000000004,25.676,9.468,0.03999999999999998,0.0055,23.888,True,0.8320000000000001,0.959
highest-temperature-in-beijing-on-june-8-2026,Beijing,2026-06-08,clean,2026-06-07 04:29:00+00:00,>24h,11,11,11,True,0.8955,-0.10450000000000004,35.236,2.768,0.04999999999999999,0.03,35.136,False,0.7640000000000001,1.0269999999999997
highest-temperature-in-wuhan-on-june-10-2026,Wuhan,2026-06-10,clean,2026-06-09 14:27:00+00:00,6-24h,11,10,10,False,0.8955,-0.10450000000000004,20802.726,1.7135,0.07999999999999999,0.0055,20802.594,True,0.805,0.986
highest-temperature-in-manila-on-june-11-2026,Manila,2026-06-11,degraded,2026-06-10 11:03:00+00:00,>24h,11,11,11,True,0.8955,-0.10450000000000004,31.823,8.301,0.06,0.005999999999999999,30.493,False,0.8130000000000001,0.9780000000000001
highest-temperature-in-shenzhen-on-june-9-2026,Shenzhen,2026-06-09,clean,2026-06-09 05:12:00+00:00,6-24h,11,11,11,True,1.1045,0.10450000000000004,121804.297,0.667,0.31000000000000005,0.001,121804.138,False,0.8410000000000001,1.3679999999999999
highest-temperature-in-wuhan-on-june-10-2026,Wuhan,2026-06-10,clean,2026-06-09 12:59:00+00:00,6-24h,11,10,10,False,0.8955,-0.10450000000000004,15522.726,9.901,0.03,0.0055,15520.107,True,0.857,0.934
highest-temperature-in-wuhan-on-june-10-2026,Wuhan,2026-06-10,clean,2026-06-09 13:01:00+00:00,6-24h,11,10,10,False,0.8955,-0.10450000000000004,15642.726,5.016500000000001,0.03,0.0055,15641.09,True,0.857,0.934
highest-temperature-in-wuhan-on-june-10-2026,Wuhan,2026-06-10,clean,2026-06-09 13:00:00+00:00,6-24h,11,10,10,False,0.8955,-0.10450000000000004,15582.726,6.483499999999999,0.03,0.0055,15582.007,True,0.857,0.934
highest-temperature-in-wuhan-on-june-10-2026,Wuhan,2026-06-10,clean,2026-06-09 13:06:00+00:00,6-24h,11,10,10,False,0.8955,-0.10450000000000004,15942.726,17.366500000000002,0.03,0.0055,15939.499,True,0.857,0.934
highest-temperature-in-manila-on-june-11-2026,Manila,2026-06-11,degraded,2026-06-10 11:02:00+00:00,>24h,11,11,11,True,0.8955,-0.10450000000000004,116.37,9.282,0.06,0.005999999999999999,113.487,False,0.8130000000000001,0.9780000000000001
highest-temperature-in-karachi-on-june-11-2026,Karachi,2026-06-11,degraded,2026-06-09 05:38:00+00:00,>24h,11,11,9,False,0.8955000000000001,-0.10449999999999993,0.259,0.258,0.09,0.07,0.243,False,0.631,1.1600000000000001
highest-temperature-in-wuhan-on-june-10-2026,Wuhan,2026-06-10,clean,2026-06-08 20:40:00+00:00,>24h,11,10,10,False,0.8955000000000001,-0.10449999999999993,1.277,1.2505000000000002,0.09999999999999998,0.019000000000000003,0.398,True,0.719,1.0719999999999998
highest-temperature-in-kuala-lumpur-on-june-5-2026,Kuala Lumpur,2026-06-05,clean,2026-06-05 06:10:00+00:00,1-6h,11,11,11,True,1.1044999999999998,0.10449999999999982,70569.429,4998.25,0.12000000000000005,0.003,70569.423,False,0.969,1.2399999999999998
highest-temperature-in-manila-on-june-11-2026,Manila,2026-06-11,degraded,2026-06-09 05:19:00+00:00,>24h,11,11,11,True,1.1044999999999998,0.10449999999999982,8.329,7.731,0.18,0.03,7.09,False,0.8960000000000001,1.3130000000000002
highest-temperature-in-manila-on-june-11-2026,Manila,2026-06-11,degraded,2026-06-09 07:11:00+00:00,>24h,11,11,11,True,1.1044999999999996,0.1044999999999996,16.12,14.288,0.09,0.018000000000000002,9.796,False,0.933,1.276
highest-temperature-in-shenzhen-on-june-9-2026,Shenzhen,2026-06-09,clean,2026-06-07 13:51:00+00:00,>24h,11,11,11,True,1.1040000000000003,0.10400000000000031,6725.83,16.525,0.16,0.010000000000000009,6725.83,False,0.8910000000000001,1.3170000000000002
highest-temperature-in-manila-on-june-11-2026,Manila,2026-06-11,degraded,2026-06-10 04:58:00+00:00,>24h,11,11,11,True,0.8959999999999998,-0.1040000000000002,18.998,4.875,0.020000000000000018,0.008,16.521,False,0.8440000000000001,0.9480000000000002
highest-temperature-in-shenzhen-on-june-9-2026,Shenzhen,2026-06-09,clean,2026-06-09 00:59:00+00:00,6-24h,11,11,11,True,1.104,0.10400000000000009,106624.297,6.988,0.06000000000000001,0.010000000000000009,106623.73,False,1.006,1.202
highest-temperature-in-wuhan-on-june-10-2026,Wuhan,2026-06-10,clean,2026-06-08 15:39:00+00:00,>24h,11,10,10,False,0.8959999999999999,-0.10400000000000009,21.318,1.8125,0.09000000000000002,0.0125,20.87,True,0.778,1.014
highest-temperature-in-moscow-on-june-4-2026,Moscow,2026-06-04,clean,2026-06-04 08:14:00+00:00,1-6h,11,11,11,True,1.104,0.10400000000000009,22984.016,0.13,0.09999999999999998,0.003,22984.013,False,0.924,1.2839999999999998
highest-temperature-in-shenzhen-on-june-9-2026,Shenzhen,2026-06-09,clean,2026-06-09 02:30:00+00:00,6-24h,11,11,11,True,1.104,0.10400000000000009,112084.297,0.039,0.17,0.031999999999999994,112084.292,False,0.818,1.3900000000000001
highest-temperature-in-wuhan-on-june-10-2026,Wuhan,2026-06-10,clean,2026-06-10 08:13:00+00:00,1-6h,11,10,10,False,0.8959999999999999,-0.10400000000000009,84762.726,1585.209,0.17999999999999994,0.0025,84762.699,True,0.751,1.041
highest-temperature-in-shanghai-on-june-10-2026,Shanghai,2026-06-10,clean,2026-06-08 06:00:00+00:00,>24h,11,11,11,True,1.104,0.10400000000000009,4.652,2.812,0.10999999999999999,0.039999999999999994,2.019,False,0.835,1.3730000000000002
highest-temperature-in-wuhan-on-june-10-2026,Wuhan,2026-06-10,clean,2026-06-08 16:28:00+00:00,>24h,11,10,10,False,0.8959999999999999,-0.10400000000000009,1.815,0.535,0.11000000000000001,0.017,1.6400000000000001,True,0.753,1.0389999999999997
highest-temperature-in-kuala-lumpur-on-june-5-2026,Kuala Lumpur,2026-06-05,clean,2026-06-05 05:09:00+00:00,6-24h,11,11,11,True,1.104,0.10400000000000009,66909.429,1338.25,0.186,0.001999999999999999,66909.417,False,0.8410000000000001,1.367
highest-temperature-in-mexico-city-on-june-6-2026,Mexico City,2026-06-06,degraded,2026-06-05 07:01:00+00:00,>24h,11,11,11,True,0.896,-0.10399999999999998,31.374,13.223,0.04699999999999999,0.009999999999999981,31.08,False,0.8,0.9919999999999999
highest-temperature-in-karachi-on-june-11-2026,Karachi,2026-06-11,degraded,2026-06-10 17:30:00+00:00,6-24h,11,11,11,True,0.896,-0.10399999999999998,121129.477,11.488,0.14,0.026000000000000002,121126.796,False,0.6470000000000001,1.145
highest-temperature-in-wuhan-on-june-10-2026,Wuhan,2026-06-10,clean,2026-06-08 20:41:00+00:00,>24h,11,10,10,False,0.896,-0.10399999999999998,15.188,4.105,0.08999999999999997,0.018500000000000003,14.675,True,0.73,1.0619999999999998
highest-temperature-in-panama-city-on-june-9-2026,Panama City,2026-06-09,clean,2026-06-09 00:01:00+00:00,6-24h,11,11,11,True,1.1039999999999999,0.10399999999999987,16154.758,1.002,0.08000000000000002,0.004,16154.018,False,0.9430000000000001,1.2650000000000001
highest-temperature-in-shanghai-on-june-10-2026,Shanghai,2026-06-10,clean,2026-06-08 06:15:00+00:00,>24h,11,11,11,True,1.1039999999999999,0.10399999999999987,17.713,10.899,0.06,0.01999999999999999,13.29,False,0.9720000000000001,1.236
highest-temperature-in-wuhan-on-june-10-2026,Wuhan,2026-06-10,clean,2026-06-08 15:40:00+00:00,>24h,11,10,10,False,0.8960000000000001,-0.10399999999999987,8.581,5.7005,0.12,0.012,5.606,True,0.753,1.039
highest-temperature-in-manila-on-june-11-2026,Manila,2026-06-11,degraded,2026-06-11 02:46:00+00:00,6-24h,11,11,11,True,1.1039999999999999,0.10399999999999987,38642.386,19.142,0.03,0.001,38641.093,False,1.0549999999999997,1.153
highest-temperature-in-shanghai-on-june-10-2026,Shanghai,2026-06-10,clean,2026-06-08 04:32:00+00:00,>24h,11,11,11,True,1.1035000000000001,0.10350000000000015,42.523,7.445,0.24,0.14,38.267,False,0.437,1.7699999999999998
highest-temperature-in-moscow-on-june-4-2026,Moscow,2026-06-04,clean,2026-06-04 06:45:00+00:00,1-6h,11,11,11,True,1.1035000000000001,0.10350000000000015,17644.016,21.826,0.043000000000000003,0.012999999999999998,17642.164,False,1.004,1.203
highest-temperature-in-beijing-on-june-8-2026,Beijing,2026-06-08,clean,2026-06-08 04:54:00+00:00,6-24h,11,11,11,True,1.1035000000000001,0.10350000000000015,16522.161,0.364,0.13,0.002,16522.123,False,0.905,1.302
highest-temperature-in-moscow-on-june-4-2026,Moscow,2026-06-04,clean,2026-06-04 06:29:00+00:00,1-6h,11,11,11,True,1.1035000000000001,0.10350000000000015,16684.016,1.29,0.07400000000000001,0.012999999999999998,16683.966,False,0.987,1.2200000000000002
highest-temperature-in-wuhan-on-june-10-2026,Wuhan,2026-06-10,clean,2026-06-08 17:16:00+00:00,>24h,11,10,10,False,0.8965,-0.10350000000000004,27.063,4.871,0.039999999999999994,0.013000000000000005,22.461,True,0.8230000000000001,0.97
highest-temperature-in-manila-on-june-11-2026,Manila,2026-06-11,degraded,2026-06-10 04:52:00+00:00,>24h,11,11,11,True,0.8965,-0.10350000000000004,76.03,4.206,0.020000000000000018,0.008,75.102,False,0.8450000000000001,0.9480000000000002
highest-temperature-in-manila-on-june-11-2026,Manila,2026-06-11,degraded,2026-06-10 04:53:00+00:00,>24h,11,11,11,True,0.8965,-0.10350000000000004,121.898,5.389,0.020000000000000018,0.008,121.418,False,0.8450000000000001,0.9480000000000002
highest-temperature-in-manila-on-june-11-2026,Manila,2026-06-11,degraded,2026-06-10 04:57:00+00:00,>24h,11,11,11,True,0.8965,-0.10350000000000004,124.208,7.104,0.020000000000000018,0.008,124.173,False,0.8450000000000001,0.9480000000000002
highest-temperature-in-manila-on-june-11-2026,Manila,2026-06-11,degraded,2026-06-10 04:56:00+00:00,>24h,11,11,11,True,0.8965,-0.10350000000000004,64.208,5.904,0.020000000000000018,0.008,63.139,False,0.8450000000000001,0.9480000000000002
highest-temperature-in-manila-on-june-11-2026,Manila,2026-06-11,degraded,2026-06-10 04:55:00+00:00,>24h,11,11,11,True,0.8965,-0.10350000000000004,5.189,0.084,0.020000000000000018,0.008,5.165,False,0.8450000000000001,0.9480000000000002
highest-temperature-in-manila-on-june-11-2026,Manila,2026-06-11,degraded,2026-06-10 04:54:00+00:00,>24h,11,11,11,True,0.8965,-0.10350000000000004,70.902,4.134,0.020000000000000018,0.008,70.823,False,0.8450000000000001,0.9480000000000002
highest-temperature-in-karachi-on-june-11-2026,Karachi,2026-06-11,degraded,2026-06-09 08:02:00+00:00,>24h,11,11,11,True,0.8965,-0.10350000000000004,681.867,4.159,0.05999999999999997,0.010000000000000009,678.704,False,0.796,0.997
highest-temperature-in-manila-on-june-11-2026,Manila,2026-06-11,degraded,2026-06-10 04:51:00+00:00,>24h,11,11,11,True,0.8965,-0.10350000000000004,16.03,1.397,0.020000000000000018,0.008,14.866,False,0.8450000000000001,0.9480000000000002
highest-temperature-in-karachi-on-june-11-2026,Karachi,2026-06-11,degraded,2026-06-09 08:03:00+00:00,>24h,11,11,11,True,0.8965,-0.10350000000000004,741.867,13.011,0.05999999999999997,0.010000000000000009,740.268,False,0.796,0.997
highest-temperature-in-karachi-on-june-11-2026,Karachi,2026-06-11,degraded,2026-06-09 07:59:00+00:00,>24h,11,11,11,True,0.8965,-0.10350000000000004,501.867,11.529,0.05999999999999997,0.010000000000000009,501.337,False,0.796,0.997
highest-temperature-in-karachi-on-june-11-2026,Karachi,2026-06-11,degraded,2026-06-09 08:01:00+00:00,>24h,11,11,11,True,0.8965,-0.10350000000000004,621.867,0.134,0.05999999999999997,0.010000000000000009,621.779,False,0.796,0.997
highest-temperature-in-wuhan-on-june-10-2026,Wuhan,2026-06-10,clean,2026-06-08 15:51:00+00:00,>24h,11,10,10,False,0.8965000000000001,-0.10349999999999993,16.077,6.099500000000001,0.10999999999999999,0.017,15.28,True,0.763,1.03
highest-temperature-in-shenzhen-on-june-9-2026,Shenzhen,2026-06-09,clean,2026-06-09 03:22:00+00:00,6-24h,11,11,11,True,1.1035,0.10349999999999993,115204.297,11.454,0.13000000000000003,0.012999999999999998,115203.814,False,0.904,1.303
highest-temperature-in-mexico-city-on-june-6-2026,Mexico City,2026-06-06,degraded,2026-06-05 07:03:00+00:00,>24h,11,11,11,True,0.8965000000000001,-0.10349999999999993,151.374,7.75,0.039999999999999994,0.009999999999999981,150.751,False,0.805,0.988
highest-temperature-in-mexico-city-on-june-6-2026,Mexico City,2026-06-06,degraded,2026-06-05 07:02:00+00:00,>24h,11,11,11,True,0.8965000000000001,-0.10349999999999993,91.374,3.291,0.04599999999999999,0.009999999999999981,91.258,False,0.801,0.9919999999999999
highest-temperature-in-mexico-city-on-june-6-2026,Mexico City,2026-06-06,degraded,2026-06-05 05:46:00+00:00,>24h,11,11,9,False,0.8965000000000001,-0.10349999999999993,10.984,9.986,0.08000000000000002,0.019999999999999997,7.964,False,0.7580000000000001,1.0350000000000001
highest-temperature-in-taipei-on-june-8-2026,Taipei,2026-06-08,clean,2026-06-07 23:33:00+00:00,6-24h,11,11,11,True,1.1030000000000002,0.1030000000000002,1413.239,2.15,0.04000000000000001,0.014,1413.004,False,1.0099999999999998,1.196
highest-temperature-in-istanbul-on-june-12-2026,Istanbul,2026-06-12,degraded,2026-06-10 23:20:00+00:00,>24h,11,11,11,True,1.1030000000000002,0.1030000000000002,299.679,295.036,0.07999999999999999,0.01999999999999999,294.616,False,0.9680000000000001,1.2379999999999998
highest-temperature-in-seattle-on-june-10-2026,Seattle,2026-06-10,clean,2026-06-09 03:18:00+00:00,>24h,11,11,11,True,1.1030000000000002,0.1030000000000002,5.443,5.22,0.13,0.034999999999999996,1.784,False,0.806,1.4
highest-temperature-in-beijing-on-june-8-2026,Beijing,2026-06-08,clean,2026-06-08 04:11:00+00:00,6-24h,11,11,11,True,1.1030000000000002,0.1030000000000002,13942.161,0.518,0.14200000000000002,0.008,13942.16,False,0.93,1.2759999999999998
highest-temperature-in-manila-on-june-11-2026,Manila,2026-06-11,degraded,2026-06-10 10:51:00+00:00,>24h,11,11,11,True,0.8969999999999999,-0.10300000000000009,2.331,2.292,0.04999999999999999,0.005999999999999999,2.198,False,0.8170000000000001,0.977
highest-temperature-in-wuhan-on-june-10-2026,Wuhan,2026-06-10,clean,2026-06-09 06:06:00+00:00,>24h,11,10,10,False,0.8969999999999999,-0.10300000000000009,0.355,0.2515,0.07999999999999999,0.0085,0.31,True,0.8089999999999999,0.985
highest-temperature-in-wuhan-on-june-10-2026,Wuhan,2026-06-10,clean,2026-06-08 10:39:00+00:00,>24h,11,10,10,False,0.8969999999999999,-0.10300000000000009,11.153,6.3055,0.13,0.04000000000000001,9.975,True,0.6990000000000001,1.095
highest-temperature-in-manila-on-june-11-2026,Manila,2026-06-11,degraded,2026-06-10 10:50:00+00:00,>24h,11,11,11,True,0.8969999999999999,-0.10300000000000009,17.213,7.603,0.04999999999999999,0.005999999999999999,16.064,False,0.8170000000000001,0.977
highest-temperature-in-wuhan-on-june-10-2026,Wuhan,2026-06-10,clean,2026-06-08 16:31:00+00:00,>24h,11,10,10,False,0.8969999999999999,-0.10300000000000009,156.959,151.0065,0.11000000000000001,0.016,6.959,True,0.755,1.0389999999999997
highest-temperature-in-wuhan-on-june-10-2026,Wuhan,2026-06-10,clean,2026-06-08 16:22:00+00:00,>24h,11,10,10,False,0.8969999999999999,-0.10300000000000009,9.015,4.2775,0.14,0.016,7.586,True,0.735,1.0589999999999997
highest-temperature-in-wuhan-on-june-10-2026,Wuhan,2026-06-10,clean,2026-06-08 16:33:00+00:00,>24h,11,10,10,False,0.8969999999999999,-0.10300000000000009,276.959,271.00649999999996,0.11000000000000001,0.016,6.959,True,0.755,1.0389999999999997
highest-temperature-in-wuhan-on-june-10-2026,Wuhan,2026-06-10,clean,2026-06-08 16:32:00+00:00,>24h,11,10,10,False,0.8969999999999999,-0.10300000000000009,216.959,211.0065,0.11000000000000001,0.016,6.959,True,0.755,1.0389999999999997
highest-temperature-in-wuhan-on-june-10-2026,Wuhan,2026-06-10,clean,2026-06-08 16:30:00+00:00,>24h,11,10,10,False,0.8969999999999999,-0.10300000000000009,96.959,91.0065,0.11000000000000001,0.016,6.959,True,0.755,1.0389999999999997
highest-temperature-in-wuhan-on-june-10-2026,Wuhan,2026-06-10,clean,2026-06-08 16:29:00+00:00,>24h,11,10,10,False,0.8969999999999999,-0.10300000000000009,36.959,31.006500000000003,0.11000000000000001,0.016,6.959,True,0.755,1.0389999999999997
highest-temperature-in-wuhan-on-june-10-2026,Wuhan,2026-06-10,clean,2026-06-09 06:05:00+00:00,>24h,11,10,10,False,0.8969999999999999,-0.10300000000000009,5.393,2.373,0.08999999999999997,0.0085,3.649,True,0.809,0.985
highest-temperature-in-wuhan-on-june-10-2026,Wuhan,2026-06-10,clean,2026-06-08 16:53:00+00:00,>24h,11,10,10,False,0.897,-0.10299999999999998,74.925,74.7705,0.10999999999999999,0.013000000000000005,9.15,True,0.765,1.029
highest-temperature-in-wuhan-on-june-10-2026,Wuhan,2026-06-10,clean,2026-06-08 16:54:00+00:00,>24h,11,10,10,False,0.897,-0.10299999999999998,134.925,134.7705,0.10999999999999999,0.013000000000000005,9.15,True,0.765,1.029
highest-temperature-in-beijing-on-june-8-2026,Beijing,2026-06-08,clean,2026-06-08 05:32:00+00:00,6-24h,11,11,11,True,1.103,0.10299999999999998,18802.161,1.236,0.17000000000000004,0.002,18802.146,False,0.9600000000000001,1.246
highest-temperature-in-wuhan-on-june-10-2026,Wuhan,2026-06-10,clean,2026-06-09 06:52:00+00:00,>24h,11,10,10,False,0.897,-0.10299999999999998,3.454,0.611,0.03,0.0065000000000000014,3.423,True,0.843,0.9510000000000001
highest-temperature-in-wuhan-on-june-10-2026,Wuhan,2026-06-10,clean,2026-06-10 04:55:00+00:00,6-24h,11,10,10,False,0.897,-0.10299999999999998,72882.726,0.27649999999999997,0.2,0.007000000000000001,72882.563,True,0.727,1.067
highest-temperature-in-shanghai-on-june-10-2026,Shanghai,2026-06-10,clean,2026-06-08 06:20:00+00:00,>24h,11,11,11,True,1.103,0.10299999999999998,42.975,35.501,0.07,0.019999999999999962,42.228,False,0.9600000000000002,1.2460000000000002
highest-temperature-in-shanghai-on-june-10-2026,Shanghai,2026-06-10,clean,2026-06-08 06:18:00+00:00,>24h,11,11,11,True,1.103,0.10299999999999998,0.07,0.001,0.06,0.019999999999999962,0.069,False,0.9700000000000002,1.236
highest-temperature-in-karachi-on-june-11-2026,Karachi,2026-06-11,degraded,2026-06-09 06:34:00+00:00,>24h,11,11,11,True,0.897,-0.10299999999999998,0.944,0.918,0.1,0.010000000000000009,0.123,False,0.7230000000000001,1.0710000000000002
highest-temperature-in-shenzhen-on-june-9-2026,Shenzhen,2026-06-09,clean,2026-06-07 05:41:00+00:00,>24h,11,11,11,True,1.103,0.10299999999999998,87.985,22.659,0.21000000000000002,0.13,81.072,False,0.535,1.6710000000000003
highest-temperature-in-wuhan-on-june-10-2026,Wuhan,2026-06-10,clean,2026-06-08 21:02:00+00:00,>24h,11,10,10,False,0.897,-0.10299999999999998,13.442,7.039000000000001,0.11000000000000001,0.018000000000000002,13.165,True,0.732,1.0619999999999998
highest-temperature-in-wuhan-on-june-10-2026,Wuhan,2026-06-10,clean,2026-06-08 16:52:00+00:00,>24h,11,10,10,False,0.897,-0.10299999999999998,14.925,14.7705,0.10999999999999999,0.013000000000000005,9.15,True,0.765,1.029
highest-temperature-in-wuhan-on-june-10-2026,Wuhan,2026-06-10,clean,2026-06-08 16:55:00+00:00,>24h,11,10,10,False,0.897,-0.10299999999999998,194.925,194.7705,0.10999999999999999,0.013000000000000005,9.15,True,0.765,1.029
highest-temperature-in-mexico-city-on-june-6-2026,Mexico City,2026-06-06,degraded,2026-06-05 05:13:00+00:00,>24h,11,11,9,False,0.897,-0.10299999999999998,87.829,21.829,0.09,0.036000000000000004,83.627,False,0.7210000000000001,1.0730000000000002
highest-temperature-in-wuhan-on-june-10-2026,Wuhan,2026-06-10,clean,2026-06-08 10:38:00+00:00,>24h,11,10,10,False,0.897,-0.10299999999999998,6.202,2.7744999999999997,0.13,0.04000000000000001,5.742,True,0.6950000000000001,1.099
highest-temperature-in-wuhan-on-june-10-2026,Wuhan,2026-06-10,clean,2026-06-08 16:56:00+00:00,>24h,11,10,10,False,0.897,-0.10299999999999998,254.925,254.7705,0.10999999999999999,0.013000000000000005,9.15,True,0.765,1.029
highest-temperature-in-wuhan-on-june-10-2026,Wuhan,2026-06-10,clean,2026-06-08 21:06:00+00:00,>24h,11,10,10,False,0.897,-0.10299999999999998,10.311,7.289,0.11000000000000001,0.018000000000000002,10.133,True,0.732,1.0619999999999998
highest-temperature-in-wuhan-on-june-10-2026,Wuhan,2026-06-10,clean,2026-06-08 21:07:00+00:00,>24h,11,10,10,False,0.897,-0.10299999999999998,15.124,6.928,0.11000000000000001,0.0175,15.124,True,0.732,1.0619999999999998
highest-temperature-in-wuhan-on-june-10-2026,Wuhan,2026-06-10,clean,2026-06-08 15:46:00+00:00,>24h,11,10,10,False,0.8970000000000001,-0.10299999999999987,37.084,9.4515,0.10999999999999999,0.0165,35.325,True,0.764,1.03
highest-temperature-in-wuhan-on-june-10-2026,Wuhan,2026-06-10,clean,2026-06-08 15:53:00+00:00,>24h,11,10,10,False,0.8970000000000001,-0.10299999999999987,1.32,1.0379999999999998,0.09999999999999998,0.0165,0.381,True,0.774,1.02
highest-temperature-in-karachi-on-june-11-2026,Karachi,2026-06-11,degraded,2026-06-09 07:28:00+00:00,>24h,11,11,11,True,0.8970000000000001,-0.10299999999999987,4.951,2.134,0.07999999999999999,0.026000000000000002,2.817,False,0.748,1.046
highest-temperature-in-shenzhen-on-june-9-2026,Shenzhen,2026-06-09,clean,2026-06-09 01:55:00+00:00,6-24h,11,11,11,True,1.1029999999999998,0.10299999999999976,109984.297,7.212,0.13,0.027,109981.934,False,0.8820000000000001,1.324
highest-temperature-in-beijing-on-june-8-2026,Beijing,2026-06-08,clean,2026-06-08 04:51:00+00:00,6-24h,11,11,11,True,1.1025000000000003,0.10250000000000026,16342.161,0.067,0.20000000000000007,0.002,16342.157,False,0.873,1.332
highest-temperature-in-manila-on-june-11-2026,Manila,2026-06-11,degraded,2026-06-10 10:52:00+00:00,>24h,11,11,11,True,0.8974999999999999,-0.10250000000000015,19.245,9.282,0.04999999999999999,0.005999999999999999,18.379,False,0.8170000000000001,0.9780000000000001
highest-temperature-in-manila-on-june-11-2026,Manila,2026-06-11,degraded,2026-06-10 10:49:00+00:00,>24h,11,11,11,True,0.8974999999999999,-0.10250000000000015,27.952,7.03,0.04999999999999999,0.005999999999999999,27.792,False,0.8170000000000001,0.9780000000000001
highest-temperature-in-manila-on-june-11-2026,Manila,2026-06-11,degraded,2026-06-10 10:53:00+00:00,>24h,11,11,11,True,0.8974999999999999,-0.10250000000000015,15.615,2.007,0.04999999999999999,0.005999999999999999,15.577,False,0.8170000000000001,0.9780000000000001
highest-temperature-in-manila-on-june-11-2026,Manila,2026-06-11,degraded,2026-06-10 10:47:00+00:00,>24h,11,11,11,True,0.8974999999999999,-0.10250000000000015,1.592,0.33,0.04999999999999999,0.005999999999999999,1.495,False,0.8170000000000001,0.9780000000000001
highest-temperature-in-manila-on-june-11-2026,Manila,2026-06-11,degraded,2026-06-10 10:48:00+00:00,>24h,11,11,11,True,0.8974999999999999,-0.10250000000000015,3.286,2.924,0.04999999999999999,0.005999999999999999,3.286,False,0.8170000000000001,0.9780000000000001
highest-temperature-in-qingdao-on-june-10-2026,Qingdao,2026-06-10,clean,2026-06-10 02:46:00+00:00,6-24h,11,10,10,False,1.1025,0.10250000000000004,6536.035,0.685,0.05700000000000002,0.02149999999999999,6535.776,True,0.9900000000000001,1.2149999999999999
highest-temperature-in-qingdao-on-june-10-2026,Qingdao,2026-06-10,clean,2026-06-10 02:45:00+00:00,6-24h,11,10,10,False,1.1025,0.10250000000000004,6476.035,7.416,0.08999999999999997,0.023,6474.197,True,0.9410000000000001,1.264
highest-temperature-in-panama-city-on-june-9-2026,Panama City,2026-06-09,clean,2026-06-09 05:24:00+00:00,6-24h,11,11,11,True,1.1025,0.10250000000000004,35534.758,9.898,0.09999999999999998,0.005,35534.757,False,0.9830000000000001,1.222
highest-temperature-in-qingdao-on-june-10-2026,Qingdao,2026-06-10,clean,2026-06-10 02:53:00+00:00,6-24h,11,10,10,False,1.1025,0.10250000000000004,6956.035,2.0795,0.06199999999999997,0.0165,6955.968,True,0.9810000000000001,1.224
highest-temperature-in-wuhan-on-june-10-2026,Wuhan,2026-06-10,clean,2026-06-08 20:57:00+00:00,>24h,11,10,10,False,0.8975,-0.10250000000000004,3.427,3.1325000000000003,0.12000000000000002,0.0175,3.379,True,0.713,1.0819999999999999
highest-temperature-in-wuhan-on-june-10-2026,Wuhan,2026-06-10,clean,2026-06-08 22:19:00+00:00,>24h,11,10,10,False,0.8975,-0.10250000000000004,0.921,0.817,0.09,0.013000000000000005,0.105,True,0.773,1.022
highest-temperature-in-wuhan-on-june-10-2026,Wuhan,2026-06-10,clean,2026-06-08 09:11:00+00:00,>24h,11,10,10,False,0.8975,-0.10250000000000004,41.627,32.1535,0.07000000000000003,0.008000000000000004,39.253,True,0.7609999999999999,1.034
highest-temperature-in-wuhan-on-june-10-2026,Wuhan,2026-06-10,clean,2026-06-08 15:48:00+00:00,>24h,11,10,10,False,0.8975000000000001,-0.10249999999999992,105.241,95.936,0.10999999999999999,0.016,12.178,True,0.765,1.03
highest-temperature-in-wuhan-on-june-10-2026,Wuhan,2026-06-10,clean,2026-06-08 15:50:00+00:00,>24h,11,10,10,False,0.8975000000000001,-0.10249999999999992,225.241,215.936,0.10999999999999999,0.016,12.178,True,0.765,1.03
highest-temperature-in-wuhan-on-june-10-2026,Wuhan,2026-06-10,clean,2026-06-08 15:49:00+00:00,>24h,11,10,10,False,0.8975000000000001,-0.10249999999999992,165.241,155.936,0.10999999999999999,0.016,12.178,True,0.765,1.03
highest-temperature-in-wuhan-on-june-10-2026,Wuhan,2026-06-10,clean,2026-06-08 15:47:00+00:00,>24h,11,10,10,False,0.8975000000000001,-0.10249999999999992,45.241,35.936,0.10999999999999999,0.016,12.178,True,0.765,1.03
highest-temperature-in-wuhan-on-june-10-2026,Wuhan,2026-06-10,clean,2026-06-08 15:45:00+00:00,>24h,11,10,10,False,0.8975000000000001,-0.10249999999999992,17.779,7.2195,0.10999999999999999,0.016,16.95,True,0.765,1.03
highest-temperature-in-manila-on-june-11-2026,Manila,2026-06-11,degraded,2026-06-10 09:37:00+00:00,>24h,11,11,11,True,0.8975000000000001,-0.10249999999999992,32.142,0.159,0.04999999999999999,0.005999999999999999,32.089,False,0.807,0.9879999999999999
highest-temperature-in-manila-on-june-11-2026,Manila,2026-06-11,degraded,2026-06-10 09:38:00+00:00,>24h,11,11,11,True,0.8975000000000001,-0.10249999999999992,51.204,6.067,0.04999999999999999,0.005999999999999999,45.226,False,0.807,0.9879999999999999
highest-temperature-in-manila-on-june-11-2026,Manila,2026-06-11,degraded,2026-06-10 09:39:00+00:00,>24h,11,11,11,True,0.8975000000000001,-0.10249999999999992,111.204,0.573,0.04999999999999999,0.005999999999999999,110.703,False,0.807,0.9879999999999999
highest-temperature-in-karachi-on-june-11-2026,Karachi,2026-06-11,degraded,2026-06-09 05:43:00+00:00,>24h,11,11,11,True,0.8975000000000001,-0.10249999999999992,10.279,10.185,0.09,0.046,9.258,False,0.658,1.137
highest-temperature-in-karachi-on-june-11-2026,Karachi,2026-06-11,degraded,2026-06-09 05:45:00+00:00,>24h,11,11,11,True,0.8975000000000002,-0.10249999999999981,2.866,2.728,0.079,0.039999999999999994,2.467,False,0.6880000000000001,1.1069999999999998
highest-temperature-in-karachi-on-june-11-2026,Karachi,2026-06-11,degraded,2026-06-09 08:34:00+00:00,>24h,11,11,11,True,0.8975000000000002,-0.10249999999999981,2601.867,0.167,0.09,0.010000000000000009,2601.856,False,0.7909999999999999,1.004
highest-temperature-in-shanghai-on-june-10-2026,Shanghai,2026-06-10,clean,2026-06-08 06:22:00+00:00,>24h,11,11,11,True,1.1024999999999998,0.10249999999999981,2.066,0.999,0.05,0.019999999999999962,1.454,False,0.9800000000000002,1.225
highest-temperature-in-taipei-on-june-8-2026,Taipei,2026-06-08,clean,2026-06-07 09:07:00+00:00,>24h,11,11,11,True,1.1024999999999998,0.10249999999999981,13.964,1.404,0.117,0.02999999999999997,13.784,False,0.9060000000000001,1.2989999999999997
highest-temperature-in-shenzhen-on-june-9-2026,Shenzhen,2026-06-09,clean,2026-06-07 14:57:00+00:00,>24h,11,11,11,True,1.102,0.10200000000000009,10685.83,0.647,0.08000000000000002,0.009999999999999981,10685.2,False,0.9570000000000001,1.247
highest-temperature-in-shenzhen-on-june-9-2026,Shenzhen,2026-06-09,clean,2026-06-07 14:51:00+00:00,>24h,11,11,11,True,1.102,0.10200000000000009,10325.83,53.935,0.1,0.009999999999999981,10320.263,False,0.9470000000000001,1.257
highest-temperature-in-mexico-city-on-june-6-2026,Mexico City,2026-06-06,degraded,2026-06-05 04:41:00+00:00,>24h,11,11,9,False,1.102,0.10200000000000009,14.702,14.661,0.156,0.05000000000000002,12.529,False,0.8,1.4040000000000001
highest-temperature-in-shenzhen-on-june-9-2026,Shenzhen,2026-06-09,clean,2026-06-07 14:49:00+00:00,>24h,11,11,11,True,1.102,0.10200000000000009,10205.83,1.424,0.08000000000000002,0.009999999999999981,10205.807,False,0.9570000000000001,1.247
highest-temperature-in-moscow-on-june-4-2026,Moscow,2026-06-04,clean,2026-06-04 09:08:00+00:00,1-6h,11,11,11,True,1.102,0.10200000000000009,26224.016,2009.137,0.198,0.002,26223.592,False,0.8550000000000001,1.3490000000000002
highest-temperature-in-shenzhen-on-june-9-2026,Shenzhen,2026-06-09,clean,2026-06-07 14:47:00+00:00,>24h,11,11,11,True,1.102,0.10200000000000009,10085.83,14.94,0.1,0.009999999999999981,10078.581,False,0.9470000000000001,1.257
highest-temperature-in-shenzhen-on-june-9-2026,Shenzhen,2026-06-09,clean,2026-06-07 14:48:00+00:00,>24h,11,11,11,True,1.102,0.10200000000000009,10145.83,14.09,0.08000000000000002,0.009999999999999981,10141.913,False,0.9570000000000001,1.247
highest-temperature-in-shenzhen-on-june-9-2026,Shenzhen,2026-06-09,clean,2026-06-07 14:46:00+00:00,>24h,11,11,11,True,1.102,0.10200000000000009,10025.83,4.964,0.09000000000000002,0.009999999999999981,10025.467,False,0.9570000000000001,1.247
highest-temperature-in-shenzhen-on-june-9-2026,Shenzhen,2026-06-09,clean,2026-06-07 14:43:00+00:00,>24h,11,11,11,True,1.102,0.10200000000000009,9845.83,66.908,0.08000000000000002,0.009999999999999981,9828.251,False,0.9570000000000001,1.247
highest-temperature-in-shenzhen-on-june-9-2026,Shenzhen,2026-06-09,clean,2026-06-09 05:52:00+00:00,6-24h,11,11,11,True,1.102,0.10200000000000009,124204.297,1.118,0.24999999999999997,0.001,124204.21,False,0.851,1.3529999999999998
highest-temperature-in-beijing-on-june-8-2026,Beijing,2026-06-08,clean,2026-06-08 07:14:00+00:00,1-6h,11,11,11,True,1.102,0.10200000000000009,24922.161,3822.23,0.13,0.001,24922.157,False,1.0079999999999996,1.196
highest-temperature-in-wuhan-on-june-10-2026,Wuhan,2026-06-10,clean,2026-06-08 18:53:00+00:00,>24h,11,10,10,False,0.898,-0.10199999999999998,6.135,6.119,0.08000000000000002,0.0175,3.207,True,0.763,1.033
highest-temperature-in-wuhan-on-june-10-2026,Wuhan,2026-06-10,clean,2026-06-08 07:46:00+00:00,>24h,11,10,10,False,0.898,-0.10199999999999998,14.98,10.7295,0.1,0.014000000000000005,14.607,True,0.7500000000000001,1.046
highest-temperature-in-wuhan-on-june-10-2026,Wuhan,2026-06-10,clean,2026-06-09 14:17:00+00:00,6-24h,11,10,10,False,0.898,-0.10199999999999998,20202.726,6.068,0.060000000000000026,0.004999999999999999,20202.362,True,0.8240000000000001,0.9720000000000001
highest-temperature-in-wuhan-on-june-10-2026,Wuhan,2026-06-10,clean,2026-06-08 21:01:00+00:00,>24h,11,10,10,False,0.898,-0.10199999999999998,25.711,22.4225,0.11000000000000001,0.017,21.863,True,0.734,1.0619999999999998
highest-temperature-in-wuhan-on-june-10-2026,Wuhan,2026-06-10,clean,2026-06-08 21:03:00+00:00,>24h,11,10,10,False,0.898,-0.10199999999999998,11.231,2.795,0.11000000000000001,0.017,9.817,True,0.734,1.0619999999999998
highest-temperature-in-wuhan-on-june-10-2026,Wuhan,2026-06-10,clean,2026-06-08 18:52:00+00:00,>24h,11,10,10,False,0.898,-0.10199999999999998,25.66,2.739,0.09000000000000002,0.0175,24.93,True,0.753,1.0429999999999997
highest-temperature-in-karachi-on-june-11-2026,Karachi,2026-06-11,degraded,2026-06-10 00:00:00+00:00,>24h,11,11,11,True,1.1019999999999999,0.10199999999999987,58161.867,10.986,0.08000000000000002,0.012,58161.725,False,0.9580000000000001,1.246
highest-temperature-in-kuala-lumpur-on-june-5-2026,Kuala Lumpur,2026-06-05,clean,2026-06-05 07:39:00+00:00,1-6h,11,11,11,True,1.1019999999999999,0.10199999999999987,75909.429,10338.25,0.18800000000000006,0.003,75909.422,False,0.8600000000000001,1.3439999999999999
highest-temperature-in-taipei-on-june-8-2026,Taipei,2026-06-08,clean,2026-06-08 02:58:00+00:00,6-24h,11,11,11,True,1.1019999999999999,0.10199999999999987,13713.239,13.511,0.38899999999999996,0.007,13713.234,False,0.679,1.525
highest-temperature-in-wuhan-on-june-10-2026,Wuhan,2026-06-10,clean,2026-06-08 10:15:00+00:00,>24h,11,10,10,False,0.8984999999999999,-0.10150000000000015,11.584,0.8414999999999999,0.09,0.04000000000000001,10.932,True,0.723,1.074
highest-temperature-in-shenzhen-on-june-9-2026,Shenzhen,2026-06-09,clean,2026-06-09 03:59:00+00:00,6-24h,11,11,11,True,1.1015000000000001,0.10150000000000015,117424.297,10.657,0.09,0.01999999999999999,117424.125,False,0.9530000000000001,1.2499999999999998
highest-temperature-in-manila-on-june-11-2026,Manila,2026-06-11,degraded,2026-06-10 10:35:00+00:00,>24h,11,11,11,True,0.8984999999999999,-0.10150000000000015,5.273,4.265,0.03999999999999998,0.004999999999999999,5.2,False,0.8200000000000001,0.977
highest-temperature-in-manila-on-june-11-2026,Manila,2026-06-11,degraded,2026-06-10 10:36:00+00:00,>24h,11,11,11,True,0.8984999999999999,-0.10150000000000015,29.777,1.539,0.03999999999999998,0.004999999999999999,29.513,False,0.8200000000000001,0.977
highest-temperature-in-wuhan-on-june-10-2026,Wuhan,2026-06-10,clean,2026-06-10 01:15:00+00:00,6-24h,11,10,10,False,0.8985,-0.10150000000000003,59682.726,0.2855,0.08999999999999997,0.006,59682.472,True,0.81,0.987
highest-temperature-in-beijing-on-june-8-2026,Beijing,2026-06-08,clean,2026-06-07 05:44:00+00:00,>24h,11,11,11,True,0.8985,-0.10150000000000003,5.112,1.612,0.04999999999999999,0.010000000000000009,4.804,False,0.812,0.985
highest-temperature-in-mexico-city-on-june-6-2026,Mexico City,2026-06-06,degraded,2026-06-05 05:49:00+00:00,>24h,11,11,9,False,0.8985,-0.10150000000000003,2.468,0.773,0.07,0.019999999999999997,2.2439999999999998,False,0.7720000000000001,1.0250000000000001
highest-temperature-in-taipei-on-june-8-2026,Taipei,2026-06-08,clean,2026-06-07 09:08:00+00:00,>24h,11,11,11,True,1.1015,0.10149999999999992,4.98,2.111,0.08700000000000001,0.02999999999999997,4.836,False,0.925,1.2779999999999998
highest-temperature-in-kuala-lumpur-on-june-5-2026,Kuala Lumpur,2026-06-05,clean,2026-06-05 03:12:00+00:00,6-24h,11,11,11,True,1.1015,0.10149999999999992,59889.429,2.718,0.09999999999999999,0.009,59889.312,False,1.002,1.201
highest-temperature-in-shenzhen-on-june-9-2026,Shenzhen,2026-06-09,clean,2026-06-09 05:27:00+00:00,6-24h,11,11,11,True,1.1015,0.10149999999999992,122704.297,15.591,0.16999999999999998,0.001,122703.68,False,0.9520000000000001,1.251
highest-temperature-in-wuhan-on-june-10-2026,Wuhan,2026-06-10,clean,2026-06-08 09:36:00+00:00,>24h,11,10,10,False,0.8985000000000001,-0.10149999999999992,31.444,31.3675,0.14,0.029000000000000005,17.886,True,0.689,1.1080000000000003
highest-temperature-in-shenzhen-on-june-9-2026,Shenzhen,2026-06-09,clean,2026-06-09 04:34:00+00:00,6-24h,11,11,11,True,1.1015,0.10149999999999992,119524.297,3.653,0.18000000000000002,0.012,119524.095,False,0.8600000000000001,1.3429999999999997
highest-temperature-in-wuhan-on-june-10-2026,Wuhan,2026-06-10,clean,2026-06-08 12:17:00+00:00,>24h,11,10,10,False,0.8985000000000001,-0.10149999999999992,30.571,1.868,0.09,0.030000000000000006,29.887,True,0.735,1.062
highest-temperature-in-mexico-city-on-june-6-2026,Mexico City,2026-06-06,degraded,2026-06-05 05:36:00+00:00,>24h,11,11,9,False,0.8985000000000001,-0.10149999999999992,39.462,6.962,0.07,0.020000000000000018,39.099,False,0.769,1.028
highest-temperature-in-qingdao-on-june-10-2026,Qingdao,2026-06-10,clean,2026-06-10 03:13:00+00:00,6-24h,11,10,10,False,1.1015,0.10149999999999992,8156.035,7.3585,0.16,0.003999999999999998,8151.147,True,0.8640000000000001,1.339
highest-temperature-in-kuala-lumpur-on-june-5-2026,Kuala Lumpur,2026-06-05,clean,2026-06-05 02:10:00+00:00,6-24h,11,11,11,True,1.1015,0.10149999999999992,56169.429,1.734,0.14,0.002,56169.093,False,0.9700000000000001,1.233
highest-temperature-in-wuhan-on-june-10-2026,Wuhan,2026-06-10,clean,2026-06-08 11:19:00+00:00,>24h,11,10,10,False,0.8985000000000001,-0.10149999999999992,25.188,8.129999999999999,0.11000000000000001,0.030000000000000006,24.39,True,0.721,1.076
highest-temperature-in-kuala-lumpur-on-june-5-2026,Kuala Lumpur,2026-06-05,clean,2026-06-05 03:01:00+00:00,6-24h,11,11,11,True,1.1015,0.10149999999999992,59229.429,2.529,0.09,0.015,59229.195,False,0.963,1.24
highest-temperature-in-shenzhen-on-june-9-2026,Shenzhen,2026-06-09,clean,2026-06-09 01:30:00+00:00,6-24h,11,11,11,True,1.1015,0.10149999999999992,108484.297,0.285,0.09000000000000002,0.03,108484.279,False,0.9530000000000001,1.25
highest-temperature-in-amsterdam-on-june-8-2026,Amsterdam,2026-06-08,clean,2026-06-08 10:54:00+00:00,1-6h,11,11,11,True,1.1010000000000002,0.1010000000000002,65014.763,28.977,0.04099999999999998,0.002,65014.582,False,1.0099999999999996,1.192
highest-temperature-in-manila-on-june-11-2026,Manila,2026-06-11,degraded,2026-06-10 10:37:00+00:00,>24h,11,11,11,True,0.8989999999999998,-0.1010000000000002,5.004,0.234,0.03999999999999998,0.004999999999999999,4.927,False,0.8200000000000001,0.9780000000000001
highest-temperature-in-buenos-aires-on-june-8-2026,Buenos Aires,2026-06-08,clean,2026-06-07 01:45:00+00:00,>24h,11,10,10,False,1.1010000000000002,0.1010000000000002,3.079,2.9745,0.07999999999999999,0.0295,2.901,True,0.913,1.289
highest-temperature-in-manila-on-june-11-2026,Manila,2026-06-11,degraded,2026-06-10 10:38:00+00:00,>24h,11,11,11,True,0.8989999999999998,-0.1010000000000002,2.716,2.682,0.03999999999999998,0.004999999999999999,1.5939999999999999,False,0.8200000000000001,0.9780000000000001
highest-temperature-in-wuhan-on-june-10-2026,Wuhan,2026-06-10,clean,2026-06-09 06:39:00+00:00,>24h,11,10,10,False,0.8989999999999999,-0.10100000000000009,2.203,0.126,0.04000000000000001,0.005,2.197,True,0.843,0.9550000000000001
highest-temperature-in-wuhan-on-june-10-2026,Wuhan,2026-06-10,clean,2026-06-09 11:16:00+00:00,>24h,11,10,10,False,0.8989999999999999,-0.10100000000000009,9342.726,4.8795,0.030000000000000027,0.005,9339.495,True,0.8530000000000001,0.9450000000000001
highest-temperature-in-wuhan-on-june-10-2026,Wuhan,2026-06-10,clean,2026-06-09 11:15:00+00:00,>24h,11,10,10,False,0.8989999999999999,-0.10100000000000009,9282.726,0.458,0.030000000000000027,0.005,9282.664,True,0.8530000000000001,0.9450000000000001
highest-temperature-in-wuhan-on-june-10-2026,Wuhan,2026-06-10,clean,2026-06-08 08:48:00+00:00,>24h,11,10,10,False,0.899,-0.10099999999999998,246.632,1.4015,0.07000000000000003,0.014000000000000005,246.543,True,0.7929999999999999,1.0050000000000001
highest-temperature-in-shenzhen-on-june-9-2026,Shenzhen,2026-06-09,clean,2026-06-09 03:25:00+00:00,6-24h,11,11,11,True,1.101,0.10099999999999998,115384.297,5.597,0.15,0.01999999999999999,115383.881,False,0.894,1.3079999999999998
highest-temperature-in-kuala-lumpur-on-june-5-2026,Kuala Lumpur,2026-06-05,clean,2026-06-05 06:35:00+00:00,1-6h,11,11,11,True,1.101,0.10099999999999998,72069.429,6498.25,0.17100000000000004,0.003,72069.429,False,0.865,1.337
highest-temperature-in-manila-on-june-11-2026,Manila,2026-06-11,degraded,2026-06-10 03:07:00+00:00,>24h,11,11,11,True,0.899,-0.10099999999999998,2.251,0.402,0.060000000000000026,0.003999999999999997,2.13,False,0.84,0.9580000000000002
highest-temperature-in-wuhan-on-june-10-2026,Wuhan,2026-06-10,clean,2026-06-08 21:57:00+00:00,>24h,11,10,10,False,0.899,-0.10099999999999998,3.899,1.5514999999999999,0.060000000000000026,0.015500000000000002,3.6630000000000003,True,0.796,1.002
highest-temperature-in-wuhan-on-june-10-2026,Wuhan,2026-06-10,clean,2026-06-08 22:03:00+00:00,>24h,11,10,10,False,0.899,-0.10099999999999998,16.773,6.2665,0.09,0.015500000000000002,15.563,True,0.766,1.032
highest-temperature-in-qingdao-on-june-10-2026,Qingdao,2026-06-10,clean,2026-06-10 03:14:00+00:00,6-24h,11,10,10,False,1.101,0.10099999999999998,8216.035,6.9990000000000006,0.16,0.0034999999999999983,8214.877,True,0.8640000000000001,1.338
highest-temperature-in-shenzhen-on-june-9-2026,Shenzhen,2026-06-09,clean,2026-06-09 03:26:00+00:00,6-24h,11,11,11,True,1.101,0.10099999999999998,115444.297,11.074,0.16,0.03,115442.692,False,0.884,1.318
highest-temperature-in-wuhan-on-june-10-2026,Wuhan,2026-06-10,clean,2026-06-08 21:55:00+00:00,>24h,11,10,10,False,0.899,-0.10099999999999998,27.684,21.4845,0.06999999999999998,0.015500000000000002,24.626,True,0.776,1.022
highest-temperature-in-wuhan-on-june-10-2026,Wuhan,2026-06-10,clean,2026-06-08 21:26:00+00:00,>24h,11,10,10,False,0.899,-0.10099999999999998,6.641,6.521,0.06999999999999998,0.015500000000000002,0.184,True,0.776,1.022
highest-temperature-in-wuhan-on-june-10-2026,Wuhan,2026-06-10,clean,2026-06-08 08:53:00+00:00,>24h,11,10,10,False,0.899,-0.10099999999999998,546.632,18.7715,0.05000000000000002,0.010000000000000009,545.877,True,0.813,0.9850000000000001
highest-temperature-in-wuhan-on-june-10-2026,Wuhan,2026-06-10,clean,2026-06-08 08:49:00+00:00,>24h,11,10,10,False,0.899,-0.10099999999999998,306.632,7.5325,0.07000000000000003,0.014000000000000005,306.596,True,0.7929999999999999,1.0050000000000001
highest-temperature-in-wuhan-on-june-10-2026,Wuhan,2026-06-10,clean,2026-06-08 08:50:00+00:00,>24h,11,10,10,False,0.899,-0.10099999999999998,366.632,23.823500000000003,0.060000000000000026,0.014000000000000005,363.355,True,0.8029999999999999,0.9950000000000001
highest-temperature-in-wuhan-on-june-10-2026,Wuhan,2026-06-10,clean,2026-06-08 08:52:00+00:00,>24h,11,10,10,False,0.899,-0.10099999999999998,486.632,17.453000000000003,0.05000000000000002,0.010000000000000009,486.626,True,0.813,0.9850000000000001
highest-temperature-in-munich-on-june-6-2026,Munich,2026-06-06,degraded,2026-06-05 08:49:00+00:00,>24h,11,11,11,True,1.101,0.10099999999999998,6371.416,14.213,0.06,0.004,6370.879,False,1.012,1.19
highest-temperature-in-munich-on-june-6-2026,Munich,2026-06-06,degraded,2026-06-05 07:06:00+00:00,>24h,11,11,11,True,1.101,0.10099999999999998,191.416,0.958,0.09999999999999998,0.006000000000000005,191.214,False,0.982,1.22
highest-temperature-in-shenzhen-on-june-9-2026,Shenzhen,2026-06-09,clean,2026-06-08 15:09:00+00:00,6-24h,11,11,11,True,1.101,0.10099999999999998,71224.297,0.231,0.07,0.020999999999999998,71224.266,False,0.9580000000000001,1.244
highest-temperature-in-qingdao-on-june-10-2026,Qingdao,2026-06-10,clean,2026-06-10 03:49:00+00:00,6-24h,11,10,10,False,1.101,0.10099999999999998,10316.035,13.026,0.15400000000000003,0.004999999999999999,10315.835,True,0.8510000000000001,1.3509999999999998
highest-temperature-in-kuala-lumpur-on-june-5-2026,Kuala Lumpur,2026-06-05,clean,2026-06-05 03:05:00+00:00,6-24h,11,11,11,True,1.101,0.10099999999999998,59469.429,22.889,0.04999999999999993,0.010000000000000009,59461.227,False,1.013,1.1890000000000003
highest-temperature-in-shenzhen-on-june-9-2026,Shenzhen,2026-06-09,clean,2026-06-08 15:08:00+00:00,6-24h,11,11,11,True,1.101,0.10099999999999998,71164.297,0.299,0.08000000000000002,0.020999999999999998,71164.265,False,0.9580000000000001,1.244
highest-temperature-in-amsterdam-on-june-8-2026,Amsterdam,2026-06-08,clean,2026-06-08 10:56:00+00:00,1-6h,11,11,11,True,1.1005000000000003,0.10050000000000026,65134.763,8.797,0.040000000000000036,0.002,65134.028,False,1.0099999999999996,1.1909999999999998
highest-temperature-in-amsterdam-on-june-8-2026,Amsterdam,2026-06-08,clean,2026-06-08 10:58:00+00:00,1-6h,11,11,11,True,1.1005000000000003,0.10050000000000026,65254.763,7.406,0.09599999999999997,0.002,65254.761,False,0.99,1.2109999999999999
highest-temperature-in-wuhan-on-june-10-2026,Wuhan,2026-06-10,clean,2026-06-08 10:11:00+00:00,>24h,11,10,10,False,0.8994999999999999,-0.10050000000000014,46.099,34.995999999999995,0.07999999999999999,0.04000000000000001,46.093,True,0.733,1.0659999999999998
highest-temperature-in-wuhan-on-june-10-2026,Wuhan,2026-06-10,clean,2026-06-10 01:40:00+00:00,6-24h,11,10,10,False,0.8994999999999999,-0.10050000000000014,61182.726,0.34450000000000003,0.03999999999999998,0.004,61182.434,True,0.8330000000000001,0.966
highest-temperature-in-wuhan-on-june-10-2026,Wuhan,2026-06-10,clean,2026-06-10 01:39:00+00:00,6-24h,11,10,10,False,0.8994999999999999,-0.10050000000000014,61122.726,0.30150000000000005,0.03999999999999998,0.004,61122.7,True,0.8330000000000001,0.966
highest-temperature-in-wuhan-on-june-10-2026,Wuhan,2026-06-10,clean,2026-06-09 01:35:00+00:00,>24h,11,10,10,False,0.8994999999999999,-0.10050000000000014,3.617,1.736,0.09,0.008499999999999999,1.958,True,0.803,0.996
highest-temperature-in-taipei-on-june-8-2026,Taipei,2026-06-08,clean,2026-06-08 02:05:00+00:00,6-24h,11,11,11,True,1.1005,0.10050000000000003,10533.239,0.697,0.059000000000000004,0.008,10533.198,False,0.9820000000000001,1.2190000000000003
highest-temperature-in-manila-on-june-11-2026,Manila,2026-06-11,degraded,2026-06-10 03:59:00+00:00,>24h,11,11,11,True,0.8995,-0.10050000000000003,24.169,12.749,0.03999999999999998,0.005000000000000001,23.848,False,0.84,0.9590000000000001
highest-temperature-in-shenzhen-on-june-9-2026,Shenzhen,2026-06-09,clean,2026-06-08 15:11:00+00:00,6-24h,11,11,11,True,1.1005,0.10050000000000003,71344.297,2.568,0.042,0.009999999999999995,71344.261,False,0.9970000000000001,1.204
highest-temperature-in-munich-on-june-6-2026,Munich,2026-06-06,degraded,2026-06-05 05:11:00+00:00,>24h,11,11,7,False,0.8995,-0.10050000000000003,1.174,1.102,0.047,0.020000000000000018,1.169,False,0.823,0.9760000000000001
highest-temperature-in-wuhan-on-june-10-2026,Wuhan,2026-06-10,clean,2026-06-09 06:23:00+00:00,>24h,11,10,10,False,0.8995,-0.10050000000000003,25.115,5.853,0.040000000000000036,0.006500000000000001,22.66,True,0.838,0.9610000000000001
highest-temperature-in-taipei-on-june-8-2026,Taipei,2026-06-08,clean,2026-06-07 09:09:00+00:00,>24h,11,11,11,True,1.1005,0.10050000000000003,19.382,1.613,0.09600000000000002,0.03,19.112,False,0.9140000000000001,1.287
highest-temperature-in-wuhan-on-june-10-2026,Wuhan,2026-06-10,clean,2026-06-09 05:50:00+00:00,>24h,11,10,10,False,0.8999999999999998,-0.1000000000000002,0.66,0.652,0.08000000000000002,0.0055000000000000005,0.633,True,0.8150000000000001,0.9850000000000001
highest-temperature-in-manila-on-june-11-2026,Manila,2026-06-11,degraded,2026-06-10 10:56:00+00:00,>24h,11,11,11,True,0.8999999999999999,-0.10000000000000009,9.283,3.501,0.04999999999999999,0.005999999999999999,9.134,False,0.8230000000000001,0.977
highest-temperature-in-wuhan-on-june-10-2026,Wuhan,2026-06-10,clean,2026-06-09 07:08:00+00:00,>24h,11,10,10,False,0.8999999999999999,-0.10000000000000009,0.036,0.034,0.06,0.006500000000000001,0.028,True,0.812,0.988
highest-temperature-in-manila-on-june-11-2026,Manila,2026-06-11,degraded,2026-06-10 10:57:00+00:00,>24h,11,11,11,True,0.8999999999999999,-0.10000000000000009,11.719,3.596,0.04999999999999999,0.005999999999999999,11.588,False,0.8230000000000001,0.977
highest-temperature-in-manila-on-june-11-2026,Manila,2026-06-11,degraded,2026-06-10 10:54:00+00:00,>24h,11,11,11,True,0.8999999999999999,-0.10000000000000009,9.287,2.871,0.04999999999999999,0.005999999999999999,8.95,False,0.8230000000000001,0.977
highest-temperature-in-manila-on-june-11-2026,Manila,2026-06-11,degraded,2026-06-10 10:55:00+00:00,>24h,11,11,11,True,0.8999999999999999,-0.10000000000000009,16.296,9.263,0.04999999999999999,0.005999999999999999,15.76,False,0.8230000000000001,0.977
highest-temperature-in-wuhan-on-june-10-2026,Wuhan,2026-06-10,clean,2026-06-08 15:29:00+00:00,>24h,11,10,10,False,0.8999999999999999,-0.10000000000000009,10.118,7.3635,0.12999999999999998,0.0165,8.585,True,0.772,1.028
highest-temperature-in-shenzhen-on-june-9-2026,Shenzhen,2026-06-09,clean,2026-06-09 00:09:00+00:00,6-24h,11,11,11,True,1.1,0.10000000000000009,103624.297,0.323,0.06,0.013000000000000001,103624.252,False,0.97,1.23
highest-temperature-in-chongqing-on-june-6-2026,Chongqing,2026-06-06,degraded,2026-06-05 04:59:00+00:00,>24h,11,11,8,False,1.1,0.10000000000000009,29.026,2.8785,0.23999999999999996,0.04,27.471,False,0.8600000000000001,1.3399999999999999
highest-temperature-in-wuhan-on-june-10-2026,Wuhan,2026-06-10,clean,2026-06-08 23:58:00+00:00,>24h,11,10,10,False,0.8999999999999999,-0.10000000000000009,42.82,41.408,0.07999999999999999,0.010000000000000002,31.364,True,0.8,1.0
highest-temperature-in-chicago-on-june-9-2026,Chicago,2026-06-09,clean,2026-06-08 05:24:00+00:00,>24h,11,11,11,True,1.1,0.10000000000000009,245.435,0.481,0.034,0.019999999999999962,245.237,False,1.004,1.196
highest-temperature-in-chicago-on-june-9-2026,Chicago,2026-06-09,clean,2026-06-08 05:23:00+00:00,>24h,11,11,11,True,1.1,0.10000000000000009,185.435,1.683,0.034,0.019999999999999962,184.272,False,1.004,1.196
highest-temperature-in-chicago-on-june-9-2026,Chicago,2026-06-09,clean,2026-06-08 05:22:00+00:00,>24h,11,11,11,True,1.1,0.10000000000000009,125.435,5.401,0.03999999999999998,0.019999999999999962,124.561,False,0.9940000000000001,1.206
highest-temperature-in-wuhan-on-june-10-2026,Wuhan,2026-06-10,clean,2026-06-09 00:01:00+00:00,>24h,11,10,10,False,0.8999999999999999,-0.10000000000000009,20.642,20.518,0.07999999999999999,0.010000000000000002,14.714,True,0.8,1.0
highest-temperature-in-wuhan-on-june-10-2026,Wuhan,2026-06-10,clean,2026-06-09 00:00:00+00:00,>24h,11,10,10,False,0.8999999999999999,-0.10000000000000009,110.127,20.5205,0.07999999999999999,0.010000000000000002,101.516,True,0.8,1.0
highest-temperature-in-wuhan-on-june-10-2026,Wuhan,2026-06-10,clean,2026-06-08 23:59:00+00:00,>24h,11,10,10,False,0.8999999999999999,-0.10000000000000009,50.142,26.07,0.07999999999999999,0.010000000000000002,47.15,True,0.8,1.0
highest-temperature-in-moscow-on-june-4-2026,Moscow,2026-06-04,clean,2026-06-04 06:31:00+00:00,1-6h,11,11,11,True,1.1,0.10000000000000009,16804.016,6.224,0.059,0.012999999999999998,16804.015,False,1.004,1.1959999999999997
highest-temperature-in-chicago-on-june-9-2026,Chicago,2026-06-09,clean,2026-06-08 05:25:00+00:00,>24h,11,11,11,True,1.1,0.10000000000000009,305.435,9.152,0.034,0.010000000000000009,305.082,False,1.014,1.1860000000000002
