event_slug,city,event_date,timestamp,snapshot,market_index,market_label,temperature_bin,raw_mid,normalized_probability
highest-temperature-in-busan-on-june-6-2026,Busan,2026-06-06,2026-06-05 15:42:00+00:00,T-24,0.0,23°C or below,23.0,0.0035,0.003578732106339468
highest-temperature-in-busan-on-june-6-2026,Busan,2026-06-06,2026-06-05 15:42:00+00:00,T-24,1.0,24°C,24.0,0.0075,0.007668711656441717
highest-temperature-in-busan-on-june-6-2026,Busan,2026-06-06,2026-06-05 15:42:00+00:00,T-24,2.0,25°C,25.0,0.095,0.09713701431492842
highest-temperature-in-busan-on-june-6-2026,Busan,2026-06-06,2026-06-05 15:42:00+00:00,T-24,3.0,26°C,26.0,0.29500000000000004,0.3016359918200409
highest-temperature-in-busan-on-june-6-2026,Busan,2026-06-06,2026-06-05 15:42:00+00:00,T-24,4.0,27°C,27.0,0.31,0.3169734151329243
highest-temperature-in-busan-on-june-6-2026,Busan,2026-06-06,2026-06-05 15:42:00+00:00,T-24,5.0,28°C,28.0,0.197,0.20143149284253578
highest-temperature-in-busan-on-june-6-2026,Busan,2026-06-06,2026-06-05 15:42:00+00:00,T-24,6.0,29°C,29.0,0.0485,0.04959100204498977
highest-temperature-in-busan-on-june-6-2026,Busan,2026-06-06,2026-06-05 15:42:00+00:00,T-24,7.0,30°C,30.0,0.010499999999999999,0.010736196319018404
highest-temperature-in-busan-on-june-6-2026,Busan,2026-06-06,2026-06-05 15:42:00+00:00,T-24,8.0,31°C,31.0,0.006,0.0061349693251533735
highest-temperature-in-busan-on-june-6-2026,Busan,2026-06-06,2026-06-05 15:42:00+00:00,T-24,9.0,32°C,32.0,0.002,0.0020449897750511245
highest-temperature-in-busan-on-june-6-2026,Busan,2026-06-06,2026-06-05 15:42:00+00:00,T-24,10.0,33°C or higher,33.0,0.003,0.0030674846625766868
highest-temperature-in-busan-on-june-6-2026,Busan,2026-06-06,2026-06-06 09:42:00+00:00,T-6,0.0,23°C or below,23.0,0.002,0.001965601965601966
highest-temperature-in-busan-on-june-6-2026,Busan,2026-06-06,2026-06-06 09:42:00+00:00,T-6,1.0,24°C,24.0,0.0015,0.0014742014742014744
highest-temperature-in-busan-on-june-6-2026,Busan,2026-06-06,2026-06-06 09:42:00+00:00,T-6,2.0,25°C,25.0,0.0015,0.0014742014742014744
highest-temperature-in-busan-on-june-6-2026,Busan,2026-06-06,2026-06-06 09:42:00+00:00,T-6,3.0,26°C,26.0,0.002,0.001965601965601966
highest-temperature-in-busan-on-june-6-2026,Busan,2026-06-06,2026-06-06 09:42:00+00:00,T-6,4.0,27°C,27.0,0.9984999999999999,0.9813267813267814
highest-temperature-in-busan-on-june-6-2026,Busan,2026-06-06,2026-06-06 09:42:00+00:00,T-6,5.0,28°C,28.0,0.002,0.001965601965601966
highest-temperature-in-busan-on-june-6-2026,Busan,2026-06-06,2026-06-06 09:42:00+00:00,T-6,6.0,29°C,29.0,0.0015,0.0014742014742014744
highest-temperature-in-busan-on-june-6-2026,Busan,2026-06-06,2026-06-06 09:42:00+00:00,T-6,7.0,30°C,30.0,0.0025,0.0024570024570024574
highest-temperature-in-busan-on-june-6-2026,Busan,2026-06-06,2026-06-06 09:42:00+00:00,T-6,8.0,31°C,31.0,0.002,0.001965601965601966
highest-temperature-in-busan-on-june-6-2026,Busan,2026-06-06,2026-06-06 09:42:00+00:00,T-6,9.0,32°C,32.0,0.002,0.001965601965601966
highest-temperature-in-busan-on-june-6-2026,Busan,2026-06-06,2026-06-06 09:42:00+00:00,T-6,10.0,33°C or higher,33.0,0.002,0.001965601965601966
highest-temperature-in-busan-on-june-6-2026,Busan,2026-06-06,2026-06-06 14:42:00+00:00,T-1,0.0,23°C or below,23.0,0.002,0.001965601965601966
highest-temperature-in-busan-on-june-6-2026,Busan,2026-06-06,2026-06-06 14:42:00+00:00,T-1,1.0,24°C,24.0,0.0015,0.0014742014742014744
highest-temperature-in-busan-on-june-6-2026,Busan,2026-06-06,2026-06-06 14:42:00+00:00,T-1,2.0,25°C,25.0,0.0015,0.0014742014742014744
highest-temperature-in-busan-on-june-6-2026,Busan,2026-06-06,2026-06-06 14:42:00+00:00,T-1,3.0,26°C,26.0,0.002,0.001965601965601966
highest-temperature-in-busan-on-june-6-2026,Busan,2026-06-06,2026-06-06 14:42:00+00:00,T-1,4.0,27°C,27.0,0.9984999999999999,0.9813267813267814
highest-temperature-in-busan-on-june-6-2026,Busan,2026-06-06,2026-06-06 14:42:00+00:00,T-1,5.0,28°C,28.0,0.002,0.001965601965601966
highest-temperature-in-busan-on-june-6-2026,Busan,2026-06-06,2026-06-06 14:42:00+00:00,T-1,6.0,29°C,29.0,0.0015,0.0014742014742014744
highest-temperature-in-busan-on-june-6-2026,Busan,2026-06-06,2026-06-06 14:42:00+00:00,T-1,7.0,30°C,30.0,0.0025,0.0024570024570024574
highest-temperature-in-busan-on-june-6-2026,Busan,2026-06-06,2026-06-06 14:42:00+00:00,T-1,8.0,31°C,31.0,0.002,0.001965601965601966
highest-temperature-in-busan-on-june-6-2026,Busan,2026-06-06,2026-06-06 14:42:00+00:00,T-1,9.0,32°C,32.0,0.002,0.001965601965601966
highest-temperature-in-busan-on-june-6-2026,Busan,2026-06-06,2026-06-06 14:42:00+00:00,T-1,10.0,33°C or higher,33.0,0.002,0.001965601965601966
highest-temperature-in-lucknow-on-june-6-2026,Lucknow,2026-06-06,2026-06-05 19:15:00+00:00,T-24,0.0,34°C or below,34.0,0.0045000000000000005,0.004584819154355579
highest-temperature-in-lucknow-on-june-6-2026,Lucknow,2026-06-06,2026-06-05 19:15:00+00:00,T-24,1.0,35°C,35.0,0.0285,0.02903718797758533
highest-temperature-in-lucknow-on-june-6-2026,Lucknow,2026-06-06,2026-06-05 19:15:00+00:00,T-24,2.0,36°C,36.0,0.11649999999999999,0.11869587366276108
highest-temperature-in-lucknow-on-june-6-2026,Lucknow,2026-06-06,2026-06-05 19:15:00+00:00,T-24,3.0,37°C,37.0,0.375,0.38206826286296486
highest-temperature-in-lucknow-on-june-6-2026,Lucknow,2026-06-06,2026-06-05 19:15:00+00:00,T-24,4.0,38°C,38.0,0.32,0.32603158430973006
highest-temperature-in-lucknow-on-june-6-2026,Lucknow,2026-06-06,2026-06-05 19:15:00+00:00,T-24,5.0,39°C,39.0,0.1,0.10188487009679063
highest-temperature-in-lucknow-on-june-6-2026,Lucknow,2026-06-06,2026-06-05 19:15:00+00:00,T-24,6.0,40°C,40.0,0.0245,0.024961793173713706
highest-temperature-in-lucknow-on-june-6-2026,Lucknow,2026-06-06,2026-06-05 19:15:00+00:00,T-24,7.0,41°C,41.0,0.006,0.0061130922058074385
highest-temperature-in-lucknow-on-june-6-2026,Lucknow,2026-06-06,2026-06-05 19:15:00+00:00,T-24,8.0,42°C,42.0,0.003,0.0030565461029037192
highest-temperature-in-lucknow-on-june-6-2026,Lucknow,2026-06-06,2026-06-05 19:15:00+00:00,T-24,9.0,43°C,43.0,0.002,0.0020376974019358125
highest-temperature-in-lucknow-on-june-6-2026,Lucknow,2026-06-06,2026-06-05 19:15:00+00:00,T-24,10.0,44°C or higher,44.0,0.0015,0.0015282730514518596
highest-temperature-in-lucknow-on-june-6-2026,Lucknow,2026-06-06,2026-06-06 13:15:00+00:00,T-6,0.0,34°C or below,34.0,0.0015,0.0014734774066797642
highest-temperature-in-lucknow-on-june-6-2026,Lucknow,2026-06-06,2026-06-06 13:15:00+00:00,T-6,1.0,35°C,35.0,0.0025,0.002455795677799607
highest-temperature-in-lucknow-on-june-6-2026,Lucknow,2026-06-06,2026-06-06 13:15:00+00:00,T-6,2.0,36°C,36.0,0.002,0.0019646365422396855
highest-temperature-in-lucknow-on-june-6-2026,Lucknow,2026-06-06,2026-06-06 13:15:00+00:00,T-6,3.0,37°C,37.0,0.996,0.9783889980353634
highest-temperature-in-lucknow-on-june-6-2026,Lucknow,2026-06-06,2026-06-06 13:15:00+00:00,T-6,4.0,38°C,38.0,0.0045000000000000005,0.004420432220039293
highest-temperature-in-lucknow-on-june-6-2026,Lucknow,2026-06-06,2026-06-06 13:15:00+00:00,T-6,5.0,39°C,39.0,0.0035,0.00343811394891945
highest-temperature-in-lucknow-on-june-6-2026,Lucknow,2026-06-06,2026-06-06 13:15:00+00:00,T-6,6.0,40°C,40.0,0.0015,0.0014734774066797642
highest-temperature-in-lucknow-on-june-6-2026,Lucknow,2026-06-06,2026-06-06 13:15:00+00:00,T-6,7.0,41°C,41.0,0.0015,0.0014734774066797642
highest-temperature-in-lucknow-on-june-6-2026,Lucknow,2026-06-06,2026-06-06 13:15:00+00:00,T-6,8.0,42°C,42.0,0.0015,0.0014734774066797642
highest-temperature-in-lucknow-on-june-6-2026,Lucknow,2026-06-06,2026-06-06 13:15:00+00:00,T-6,9.0,43°C,43.0,0.0015,0.0014734774066797642
highest-temperature-in-lucknow-on-june-6-2026,Lucknow,2026-06-06,2026-06-06 13:15:00+00:00,T-6,10.0,44°C or higher,44.0,0.002,0.0019646365422396855
highest-temperature-in-lucknow-on-june-6-2026,Lucknow,2026-06-06,2026-06-06 18:15:00+00:00,T-1,0.0,34°C or below,34.0,0.0015,0.0014756517461878998
highest-temperature-in-lucknow-on-june-6-2026,Lucknow,2026-06-06,2026-06-06 18:15:00+00:00,T-1,1.0,35°C,35.0,0.0025,0.002459419576979833
highest-temperature-in-lucknow-on-june-6-2026,Lucknow,2026-06-06,2026-06-06 18:15:00+00:00,T-1,2.0,36°C,36.0,0.002,0.0019675356615838665
highest-temperature-in-lucknow-on-june-6-2026,Lucknow,2026-06-06,2026-06-06 18:15:00+00:00,T-1,3.0,37°C,37.0,0.9984999999999999,0.9822921790457452
highest-temperature-in-lucknow-on-june-6-2026,Lucknow,2026-06-06,2026-06-06 18:15:00+00:00,T-1,4.0,38°C,38.0,0.0025,0.002459419576979833
highest-temperature-in-lucknow-on-june-6-2026,Lucknow,2026-06-06,2026-06-06 18:15:00+00:00,T-1,5.0,39°C,39.0,0.0015,0.0014756517461878998
highest-temperature-in-lucknow-on-june-6-2026,Lucknow,2026-06-06,2026-06-06 18:15:00+00:00,T-1,6.0,40°C,40.0,0.0015,0.0014756517461878998
highest-temperature-in-lucknow-on-june-6-2026,Lucknow,2026-06-06,2026-06-06 18:15:00+00:00,T-1,7.0,41°C,41.0,0.0015,0.0014756517461878998
highest-temperature-in-lucknow-on-june-6-2026,Lucknow,2026-06-06,2026-06-06 18:15:00+00:00,T-1,8.0,42°C,42.0,0.0015,0.0014756517461878998
highest-temperature-in-lucknow-on-june-6-2026,Lucknow,2026-06-06,2026-06-06 18:15:00+00:00,T-1,9.0,43°C,43.0,0.0015,0.0014756517461878998
highest-temperature-in-lucknow-on-june-6-2026,Lucknow,2026-06-06,2026-06-06 18:15:00+00:00,T-1,10.0,44°C or higher,44.0,0.002,0.0019675356615838665
highest-temperature-in-hong-kong-on-june-6-2026,Hong Kong,2026-06-06,2026-06-06 03:08:00+00:00,T-48,0.0,28°C or below,28.0,0.0015,0.0014534883720930232
highest-temperature-in-hong-kong-on-june-6-2026,Hong Kong,2026-06-06,2026-06-06 03:08:00+00:00,T-48,1.0,29°C,29.0,0.0015,0.0014534883720930232
highest-temperature-in-hong-kong-on-june-6-2026,Hong Kong,2026-06-06,2026-06-06 03:08:00+00:00,T-48,2.0,30°C,30.0,0.721,0.6986434108527131
highest-temperature-in-hong-kong-on-june-6-2026,Hong Kong,2026-06-06,2026-06-06 03:08:00+00:00,T-48,3.0,31°C,31.0,0.195,0.18895348837209303
highest-temperature-in-hong-kong-on-june-6-2026,Hong Kong,2026-06-06,2026-06-06 03:08:00+00:00,T-48,4.0,32°C,32.0,0.07,0.0678294573643411
highest-temperature-in-hong-kong-on-june-6-2026,Hong Kong,2026-06-06,2026-06-06 03:08:00+00:00,T-48,5.0,33°C,33.0,0.0325,0.031492248062015504
highest-temperature-in-hong-kong-on-june-6-2026,Hong Kong,2026-06-06,2026-06-06 03:08:00+00:00,T-48,6.0,34°C,34.0,0.005,0.0048449612403100775
highest-temperature-in-hong-kong-on-june-6-2026,Hong Kong,2026-06-06,2026-06-06 03:08:00+00:00,T-48,7.0,35°C,35.0,0.0025,0.0024224806201550387
highest-temperature-in-hong-kong-on-june-6-2026,Hong Kong,2026-06-06,2026-06-06 03:08:00+00:00,T-48,8.0,36°C,36.0,0.0015,0.0014534883720930232
highest-temperature-in-hong-kong-on-june-6-2026,Hong Kong,2026-06-06,2026-06-06 03:08:00+00:00,T-48,9.0,37°C,37.0,0.0015,0.0014534883720930232
highest-temperature-in-hong-kong-on-june-6-2026,Hong Kong,2026-06-06,2026-06-07 03:08:00+00:00,T-24,0.0,28°C or below,28.0,0.0015,0.001482213438735178
highest-temperature-in-hong-kong-on-june-6-2026,Hong Kong,2026-06-06,2026-06-07 03:08:00+00:00,T-24,1.0,29°C,29.0,0.0015,0.001482213438735178
highest-temperature-in-hong-kong-on-june-6-2026,Hong Kong,2026-06-06,2026-06-07 03:08:00+00:00,T-24,2.0,30°C,30.0,0.9984999999999999,0.9866600790513833
highest-temperature-in-hong-kong-on-june-6-2026,Hong Kong,2026-06-06,2026-06-07 03:08:00+00:00,T-24,3.0,31°C,31.0,0.0015,0.001482213438735178
highest-temperature-in-hong-kong-on-june-6-2026,Hong Kong,2026-06-06,2026-06-07 03:08:00+00:00,T-24,4.0,32°C,32.0,0.0015,0.001482213438735178
highest-temperature-in-hong-kong-on-june-6-2026,Hong Kong,2026-06-06,2026-06-07 03:08:00+00:00,T-24,5.0,33°C,33.0,0.0015,0.001482213438735178
highest-temperature-in-hong-kong-on-june-6-2026,Hong Kong,2026-06-06,2026-06-07 03:08:00+00:00,T-24,6.0,34°C,34.0,0.0015,0.001482213438735178
highest-temperature-in-hong-kong-on-june-6-2026,Hong Kong,2026-06-06,2026-06-07 03:08:00+00:00,T-24,7.0,35°C,35.0,0.0015,0.001482213438735178
highest-temperature-in-hong-kong-on-june-6-2026,Hong Kong,2026-06-06,2026-06-07 03:08:00+00:00,T-24,8.0,36°C,36.0,0.0015,0.001482213438735178
highest-temperature-in-hong-kong-on-june-6-2026,Hong Kong,2026-06-06,2026-06-07 03:08:00+00:00,T-24,9.0,37°C,37.0,0.0015,0.001482213438735178
highest-temperature-in-hong-kong-on-june-6-2026,Hong Kong,2026-06-06,2026-06-07 16:11:00+00:00,T-6,0.0,28°C or below,28.0,0.0015,0.001482213438735178
highest-temperature-in-hong-kong-on-june-6-2026,Hong Kong,2026-06-06,2026-06-07 16:11:00+00:00,T-6,1.0,29°C,29.0,0.0015,0.001482213438735178
highest-temperature-in-hong-kong-on-june-6-2026,Hong Kong,2026-06-06,2026-06-07 16:11:00+00:00,T-6,2.0,30°C,30.0,0.9984999999999999,0.9866600790513833
highest-temperature-in-hong-kong-on-june-6-2026,Hong Kong,2026-06-06,2026-06-07 16:11:00+00:00,T-6,3.0,31°C,31.0,0.0015,0.001482213438735178
highest-temperature-in-hong-kong-on-june-6-2026,Hong Kong,2026-06-06,2026-06-07 16:11:00+00:00,T-6,4.0,32°C,32.0,0.0015,0.001482213438735178
highest-temperature-in-hong-kong-on-june-6-2026,Hong Kong,2026-06-06,2026-06-07 16:11:00+00:00,T-6,5.0,33°C,33.0,0.0015,0.001482213438735178
highest-temperature-in-hong-kong-on-june-6-2026,Hong Kong,2026-06-06,2026-06-07 16:11:00+00:00,T-6,6.0,34°C,34.0,0.0015,0.001482213438735178
highest-temperature-in-hong-kong-on-june-6-2026,Hong Kong,2026-06-06,2026-06-07 16:11:00+00:00,T-6,7.0,35°C,35.0,0.0015,0.001482213438735178
highest-temperature-in-hong-kong-on-june-6-2026,Hong Kong,2026-06-06,2026-06-07 16:11:00+00:00,T-6,8.0,36°C,36.0,0.0015,0.001482213438735178
highest-temperature-in-hong-kong-on-june-6-2026,Hong Kong,2026-06-06,2026-06-07 16:11:00+00:00,T-6,9.0,37°C,37.0,0.0015,0.001482213438735178
highest-temperature-in-hong-kong-on-june-6-2026,Hong Kong,2026-06-06,2026-06-07 16:11:00+00:00,T-1,0.0,28°C or below,28.0,0.0015,0.001482213438735178
highest-temperature-in-hong-kong-on-june-6-2026,Hong Kong,2026-06-06,2026-06-07 16:11:00+00:00,T-1,1.0,29°C,29.0,0.0015,0.001482213438735178
highest-temperature-in-hong-kong-on-june-6-2026,Hong Kong,2026-06-06,2026-06-07 16:11:00+00:00,T-1,2.0,30°C,30.0,0.9984999999999999,0.9866600790513833
highest-temperature-in-hong-kong-on-june-6-2026,Hong Kong,2026-06-06,2026-06-07 16:11:00+00:00,T-1,3.0,31°C,31.0,0.0015,0.001482213438735178
highest-temperature-in-hong-kong-on-june-6-2026,Hong Kong,2026-06-06,2026-06-07 16:11:00+00:00,T-1,4.0,32°C,32.0,0.0015,0.001482213438735178
highest-temperature-in-hong-kong-on-june-6-2026,Hong Kong,2026-06-06,2026-06-07 16:11:00+00:00,T-1,5.0,33°C,33.0,0.0015,0.001482213438735178
highest-temperature-in-hong-kong-on-june-6-2026,Hong Kong,2026-06-06,2026-06-07 16:11:00+00:00,T-1,6.0,34°C,34.0,0.0015,0.001482213438735178
highest-temperature-in-hong-kong-on-june-6-2026,Hong Kong,2026-06-06,2026-06-07 16:11:00+00:00,T-1,7.0,35°C,35.0,0.0015,0.001482213438735178
highest-temperature-in-hong-kong-on-june-6-2026,Hong Kong,2026-06-06,2026-06-07 16:11:00+00:00,T-1,8.0,36°C,36.0,0.0015,0.001482213438735178
highest-temperature-in-hong-kong-on-june-6-2026,Hong Kong,2026-06-06,2026-06-07 16:11:00+00:00,T-1,9.0,37°C,37.0,0.0015,0.001482213438735178
highest-temperature-in-denver-on-june-6-2026,Denver,2026-06-06,2026-06-05 07:41:00+00:00,T-48,0.0,79°F or below,79.0,0.0055,0.005121042830540037
highest-temperature-in-denver-on-june-6-2026,Denver,2026-06-06,2026-06-05 07:41:00+00:00,T-48,1.0,80-81°F,80.0,0.0055,0.005121042830540037
highest-temperature-in-denver-on-june-6-2026,Denver,2026-06-06,2026-06-05 07:41:00+00:00,T-48,2.0,82-83°F,82.0,0.0055,0.005121042830540037
highest-temperature-in-denver-on-june-6-2026,Denver,2026-06-06,2026-06-05 07:41:00+00:00,T-48,3.0,84-85°F,84.0,0.008,0.0074487895716946
highest-temperature-in-denver-on-june-6-2026,Denver,2026-06-06,2026-06-05 07:41:00+00:00,T-48,4.0,86-87°F,86.0,0.033,0.030726256983240222
highest-temperature-in-denver-on-june-6-2026,Denver,2026-06-06,2026-06-05 07:41:00+00:00,T-48,5.0,88-89°F,88.0,0.155,0.14432029795158285
highest-temperature-in-denver-on-june-6-2026,Denver,2026-06-06,2026-06-05 07:41:00+00:00,T-48,6.0,90-91°F,90.0,0.35,0.32588454376163867
highest-temperature-in-denver-on-june-6-2026,Denver,2026-06-06,2026-06-05 07:41:00+00:00,T-48,7.0,92-93°F,92.0,0.345,0.3212290502793296
highest-temperature-in-denver-on-june-6-2026,Denver,2026-06-06,2026-06-05 07:41:00+00:00,T-48,8.0,94-95°F,94.0,0.13,0.12104283054003724
highest-temperature-in-denver-on-june-6-2026,Denver,2026-06-06,2026-06-05 07:41:00+00:00,T-48,9.0,96-97°F,96.0,0.031,0.02886405959031657
highest-temperature-in-denver-on-june-6-2026,Denver,2026-06-06,2026-06-05 07:41:00+00:00,T-48,10.0,98°F or higher,98.0,0.0055,0.005121042830540037
highest-temperature-in-denver-on-june-6-2026,Denver,2026-06-06,2026-06-06 07:41:00+00:00,T-24,0.0,79°F or below,79.0,0.002,0.001953125
highest-temperature-in-denver-on-june-6-2026,Denver,2026-06-06,2026-06-06 07:41:00+00:00,T-24,1.0,80-81°F,80.0,0.0015,0.00146484375
highest-temperature-in-denver-on-june-6-2026,Denver,2026-06-06,2026-06-06 07:41:00+00:00,T-24,2.0,82-83°F,82.0,0.0015,0.00146484375
highest-temperature-in-denver-on-june-6-2026,Denver,2026-06-06,2026-06-06 07:41:00+00:00,T-24,3.0,84-85°F,84.0,0.004,0.00390625
highest-temperature-in-denver-on-june-6-2026,Denver,2026-06-06,2026-06-06 07:41:00+00:00,T-24,4.0,86-87°F,86.0,0.023,0.0224609375
highest-temperature-in-denver-on-june-6-2026,Denver,2026-06-06,2026-06-06 07:41:00+00:00,T-24,5.0,88-89°F,88.0,0.125,0.1220703125
highest-temperature-in-denver-on-june-6-2026,Denver,2026-06-06,2026-06-06 07:41:00+00:00,T-24,6.0,90-91°F,90.0,0.35,0.34179687499999994
highest-temperature-in-denver-on-june-6-2026,Denver,2026-06-06,2026-06-06 07:41:00+00:00,T-24,7.0,92-93°F,92.0,0.405,0.3955078125
highest-temperature-in-denver-on-june-6-2026,Denver,2026-06-06,2026-06-06 07:41:00+00:00,T-24,8.0,94-95°F,94.0,0.09,0.087890625
highest-temperature-in-denver-on-june-6-2026,Denver,2026-06-06,2026-06-06 07:41:00+00:00,T-24,9.0,96-97°F,96.0,0.0175,0.01708984375
highest-temperature-in-denver-on-june-6-2026,Denver,2026-06-06,2026-06-06 07:41:00+00:00,T-24,10.0,98°F or higher,98.0,0.0045000000000000005,0.00439453125
highest-temperature-in-denver-on-june-6-2026,Denver,2026-06-06,2026-06-07 01:41:00+00:00,T-6,0.0,79°F or below,79.0,0.0015,0.001477832512315271
highest-temperature-in-denver-on-june-6-2026,Denver,2026-06-06,2026-06-07 01:41:00+00:00,T-6,1.0,80-81°F,80.0,0.0015,0.001477832512315271
highest-temperature-in-denver-on-june-6-2026,Denver,2026-06-06,2026-06-07 01:41:00+00:00,T-6,2.0,82-83°F,82.0,0.0015,0.001477832512315271
highest-temperature-in-denver-on-june-6-2026,Denver,2026-06-06,2026-06-07 01:41:00+00:00,T-6,3.0,84-85°F,84.0,0.0015,0.001477832512315271
highest-temperature-in-denver-on-june-6-2026,Denver,2026-06-06,2026-06-07 01:41:00+00:00,T-6,4.0,86-87°F,86.0,0.0015,0.001477832512315271
highest-temperature-in-denver-on-june-6-2026,Denver,2026-06-06,2026-06-07 01:41:00+00:00,T-6,5.0,88-89°F,88.0,0.0015,0.001477832512315271
highest-temperature-in-denver-on-june-6-2026,Denver,2026-06-06,2026-06-07 01:41:00+00:00,T-6,6.0,90-91°F,90.0,0.002,0.001970443349753695
highest-temperature-in-denver-on-june-6-2026,Denver,2026-06-06,2026-06-07 01:41:00+00:00,T-6,7.0,92-93°F,92.0,0.9984999999999999,0.983743842364532
highest-temperature-in-denver-on-june-6-2026,Denver,2026-06-06,2026-06-07 01:41:00+00:00,T-6,8.0,94-95°F,94.0,0.0015,0.001477832512315271
highest-temperature-in-denver-on-june-6-2026,Denver,2026-06-06,2026-06-07 01:41:00+00:00,T-6,9.0,96-97°F,96.0,0.002,0.001970443349753695
highest-temperature-in-denver-on-june-6-2026,Denver,2026-06-06,2026-06-07 01:41:00+00:00,T-6,10.0,98°F or higher,98.0,0.002,0.001970443349753695
highest-temperature-in-denver-on-june-6-2026,Denver,2026-06-06,2026-06-07 06:41:00+00:00,T-1,0.0,79°F or below,79.0,0.0015,0.001477832512315271
highest-temperature-in-denver-on-june-6-2026,Denver,2026-06-06,2026-06-07 06:41:00+00:00,T-1,1.0,80-81°F,80.0,0.0015,0.001477832512315271
highest-temperature-in-denver-on-june-6-2026,Denver,2026-06-06,2026-06-07 06:41:00+00:00,T-1,2.0,82-83°F,82.0,0.0015,0.001477832512315271
highest-temperature-in-denver-on-june-6-2026,Denver,2026-06-06,2026-06-07 06:41:00+00:00,T-1,3.0,84-85°F,84.0,0.0015,0.001477832512315271
highest-temperature-in-denver-on-june-6-2026,Denver,2026-06-06,2026-06-07 06:41:00+00:00,T-1,4.0,86-87°F,86.0,0.0015,0.001477832512315271
highest-temperature-in-denver-on-june-6-2026,Denver,2026-06-06,2026-06-07 06:41:00+00:00,T-1,5.0,88-89°F,88.0,0.0015,0.001477832512315271
highest-temperature-in-denver-on-june-6-2026,Denver,2026-06-06,2026-06-07 06:41:00+00:00,T-1,6.0,90-91°F,90.0,0.002,0.001970443349753695
highest-temperature-in-denver-on-june-6-2026,Denver,2026-06-06,2026-06-07 06:41:00+00:00,T-1,7.0,92-93°F,92.0,0.9984999999999999,0.983743842364532
highest-temperature-in-denver-on-june-6-2026,Denver,2026-06-06,2026-06-07 06:41:00+00:00,T-1,8.0,94-95°F,94.0,0.0015,0.001477832512315271
highest-temperature-in-denver-on-june-6-2026,Denver,2026-06-06,2026-06-07 06:41:00+00:00,T-1,9.0,96-97°F,96.0,0.002,0.001970443349753695
highest-temperature-in-denver-on-june-6-2026,Denver,2026-06-06,2026-06-07 06:41:00+00:00,T-1,10.0,98°F or higher,98.0,0.002,0.001970443349753695
highest-temperature-in-chongqing-on-june-6-2026,Chongqing,2026-06-06,2026-06-05 16:48:00+00:00,T-24,0.0,25°C or below,25.0,0.002,0.0020273694880892043
highest-temperature-in-chongqing-on-june-6-2026,Chongqing,2026-06-06,2026-06-05 16:48:00+00:00,T-24,1.0,26°C,26.0,0.002,0.0020273694880892043
highest-temperature-in-chongqing-on-june-6-2026,Chongqing,2026-06-06,2026-06-05 16:48:00+00:00,T-24,2.0,27°C,27.0,0.0015,0.001520527116066903
highest-temperature-in-chongqing-on-june-6-2026,Chongqing,2026-06-06,2026-06-05 16:48:00+00:00,T-24,3.0,28°C,28.0,0.0015,0.001520527116066903
highest-temperature-in-chongqing-on-june-6-2026,Chongqing,2026-06-06,2026-06-05 16:48:00+00:00,T-24,4.0,29°C,29.0,0.0015,0.001520527116066903
highest-temperature-in-chongqing-on-june-6-2026,Chongqing,2026-06-06,2026-06-05 16:48:00+00:00,T-24,5.0,30°C,30.0,0.0045000000000000005,0.00456158134820071
highest-temperature-in-chongqing-on-june-6-2026,Chongqing,2026-06-06,2026-06-05 16:48:00+00:00,T-24,6.0,31°C,31.0,0.0085,0.008616320324379118
highest-temperature-in-chongqing-on-june-6-2026,Chongqing,2026-06-06,2026-06-05 16:48:00+00:00,T-24,7.0,32°C,32.0,0.045,0.04561581348200709
highest-temperature-in-chongqing-on-june-6-2026,Chongqing,2026-06-06,2026-06-05 16:48:00+00:00,T-24,8.0,33°C,33.0,0.14500000000000002,0.1469842878864673
highest-temperature-in-chongqing-on-june-6-2026,Chongqing,2026-06-06,2026-06-05 16:48:00+00:00,T-24,9.0,34°C,34.0,0.35,0.3547896604156107
highest-temperature-in-chongqing-on-june-6-2026,Chongqing,2026-06-06,2026-06-05 16:48:00+00:00,T-24,10.0,35°C or higher,35.0,0.42500000000000004,0.43081601621895593
highest-temperature-in-chongqing-on-june-6-2026,Chongqing,2026-06-06,2026-06-06 10:48:00+00:00,T-6,0.0,25°C or below,25.0,0.002,0.0019646365422396855
highest-temperature-in-chongqing-on-june-6-2026,Chongqing,2026-06-06,2026-06-06 10:48:00+00:00,T-6,1.0,26°C,26.0,0.002,0.0019646365422396855
highest-temperature-in-chongqing-on-june-6-2026,Chongqing,2026-06-06,2026-06-06 10:48:00+00:00,T-6,2.0,27°C,27.0,0.0015,0.0014734774066797642
highest-temperature-in-chongqing-on-june-6-2026,Chongqing,2026-06-06,2026-06-06 10:48:00+00:00,T-6,3.0,28°C,28.0,0.0015,0.0014734774066797642
highest-temperature-in-chongqing-on-june-6-2026,Chongqing,2026-06-06,2026-06-06 10:48:00+00:00,T-6,4.0,29°C,29.0,0.0015,0.0014734774066797642
highest-temperature-in-chongqing-on-june-6-2026,Chongqing,2026-06-06,2026-06-06 10:48:00+00:00,T-6,5.0,30°C,30.0,0.003,0.0029469548133595285
highest-temperature-in-chongqing-on-june-6-2026,Chongqing,2026-06-06,2026-06-06 10:48:00+00:00,T-6,6.0,31°C,31.0,0.0015,0.0014734774066797642
highest-temperature-in-chongqing-on-june-6-2026,Chongqing,2026-06-06,2026-06-06 10:48:00+00:00,T-6,7.0,32°C,32.0,0.0015,0.0014734774066797642
highest-temperature-in-chongqing-on-june-6-2026,Chongqing,2026-06-06,2026-06-06 10:48:00+00:00,T-6,8.0,33°C,33.0,0.0025,0.002455795677799607
highest-temperature-in-chongqing-on-june-6-2026,Chongqing,2026-06-06,2026-06-06 10:48:00+00:00,T-6,9.0,34°C,34.0,0.997,0.9793713163064833
highest-temperature-in-chongqing-on-june-6-2026,Chongqing,2026-06-06,2026-06-06 10:48:00+00:00,T-6,10.0,35°C or higher,35.0,0.004,0.003929273084479371
highest-temperature-in-chongqing-on-june-6-2026,Chongqing,2026-06-06,2026-06-06 15:48:00+00:00,T-1,0.0,25°C or below,25.0,0.002,0.0019646365422396855
highest-temperature-in-chongqing-on-june-6-2026,Chongqing,2026-06-06,2026-06-06 15:48:00+00:00,T-1,1.0,26°C,26.0,0.002,0.0019646365422396855
highest-temperature-in-chongqing-on-june-6-2026,Chongqing,2026-06-06,2026-06-06 15:48:00+00:00,T-1,2.0,27°C,27.0,0.0015,0.0014734774066797642
highest-temperature-in-chongqing-on-june-6-2026,Chongqing,2026-06-06,2026-06-06 15:48:00+00:00,T-1,3.0,28°C,28.0,0.0015,0.0014734774066797642
highest-temperature-in-chongqing-on-june-6-2026,Chongqing,2026-06-06,2026-06-06 15:48:00+00:00,T-1,4.0,29°C,29.0,0.0015,0.0014734774066797642
highest-temperature-in-chongqing-on-june-6-2026,Chongqing,2026-06-06,2026-06-06 15:48:00+00:00,T-1,5.0,30°C,30.0,0.003,0.0029469548133595285
highest-temperature-in-chongqing-on-june-6-2026,Chongqing,2026-06-06,2026-06-06 15:48:00+00:00,T-1,6.0,31°C,31.0,0.0015,0.0014734774066797642
highest-temperature-in-chongqing-on-june-6-2026,Chongqing,2026-06-06,2026-06-06 15:48:00+00:00,T-1,7.0,32°C,32.0,0.0015,0.0014734774066797642
highest-temperature-in-chongqing-on-june-6-2026,Chongqing,2026-06-06,2026-06-06 15:48:00+00:00,T-1,8.0,33°C,33.0,0.0025,0.002455795677799607
highest-temperature-in-chongqing-on-june-6-2026,Chongqing,2026-06-06,2026-06-06 15:48:00+00:00,T-1,9.0,34°C,34.0,0.997,0.9793713163064833
highest-temperature-in-chongqing-on-june-6-2026,Chongqing,2026-06-06,2026-06-06 15:48:00+00:00,T-1,10.0,35°C or higher,35.0,0.004,0.003929273084479371
highest-temperature-in-jeddah-on-june-6-2026,Jeddah,2026-06-06,2026-06-05 21:37:00+00:00,T-24,0.0,28°C or below,28.0,0.002,0.001902044698050404
highest-temperature-in-jeddah-on-june-6-2026,Jeddah,2026-06-06,2026-06-05 21:37:00+00:00,T-24,1.0,29°C,29.0,0.002,0.001902044698050404
highest-temperature-in-jeddah-on-june-6-2026,Jeddah,2026-06-06,2026-06-05 21:37:00+00:00,T-24,2.0,30°C,30.0,0.002,0.001902044698050404
highest-temperature-in-jeddah-on-june-6-2026,Jeddah,2026-06-06,2026-06-05 21:37:00+00:00,T-24,3.0,31°C,31.0,0.002,0.001902044698050404
highest-temperature-in-jeddah-on-june-6-2026,Jeddah,2026-06-06,2026-06-05 21:37:00+00:00,T-24,4.0,32°C,32.0,0.0025,0.002377555872563005
highest-temperature-in-jeddah-on-june-6-2026,Jeddah,2026-06-06,2026-06-05 21:37:00+00:00,T-24,5.0,33°C,33.0,0.002,0.001902044698050404
highest-temperature-in-jeddah-on-june-6-2026,Jeddah,2026-06-06,2026-06-05 21:37:00+00:00,T-24,6.0,34°C,34.0,0.0055,0.005230622919638611
highest-temperature-in-jeddah-on-june-6-2026,Jeddah,2026-06-06,2026-06-05 21:37:00+00:00,T-24,7.0,35°C,35.0,0.028499999999999998,0.027104136947218256
highest-temperature-in-jeddah-on-june-6-2026,Jeddah,2026-06-06,2026-06-05 21:37:00+00:00,T-24,8.0,36°C,36.0,0.085,0.08083689966714218
highest-temperature-in-jeddah-on-june-6-2026,Jeddah,2026-06-06,2026-06-05 21:37:00+00:00,T-24,9.0,37°C,37.0,0.255,0.24251069900142652
highest-temperature-in-jeddah-on-june-6-2026,Jeddah,2026-06-06,2026-06-05 21:37:00+00:00,T-24,10.0,38°C or higher,38.0,0.665,0.6324298621017593
highest-temperature-in-jeddah-on-june-6-2026,Jeddah,2026-06-06,2026-06-06 15:37:00+00:00,T-6,0.0,28°C or below,28.0,0.002,0.001965601965601966
highest-temperature-in-jeddah-on-june-6-2026,Jeddah,2026-06-06,2026-06-06 15:37:00+00:00,T-6,1.0,29°C,29.0,0.002,0.001965601965601966
highest-temperature-in-jeddah-on-june-6-2026,Jeddah,2026-06-06,2026-06-06 15:37:00+00:00,T-6,2.0,30°C,30.0,0.002,0.001965601965601966
highest-temperature-in-jeddah-on-june-6-2026,Jeddah,2026-06-06,2026-06-06 15:37:00+00:00,T-6,3.0,31°C,31.0,0.002,0.001965601965601966
highest-temperature-in-jeddah-on-june-6-2026,Jeddah,2026-06-06,2026-06-06 15:37:00+00:00,T-6,4.0,32°C,32.0,0.0025,0.0024570024570024574
highest-temperature-in-jeddah-on-june-6-2026,Jeddah,2026-06-06,2026-06-06 15:37:00+00:00,T-6,5.0,33°C,33.0,0.0015,0.0014742014742014744
highest-temperature-in-jeddah-on-june-6-2026,Jeddah,2026-06-06,2026-06-06 15:37:00+00:00,T-6,6.0,34°C,34.0,0.0015,0.0014742014742014744
highest-temperature-in-jeddah-on-june-6-2026,Jeddah,2026-06-06,2026-06-06 15:37:00+00:00,T-6,7.0,35°C,35.0,0.0015,0.0014742014742014744
highest-temperature-in-jeddah-on-june-6-2026,Jeddah,2026-06-06,2026-06-06 15:37:00+00:00,T-6,8.0,36°C,36.0,0.0015,0.0014742014742014744
highest-temperature-in-jeddah-on-june-6-2026,Jeddah,2026-06-06,2026-06-06 15:37:00+00:00,T-6,9.0,37°C,37.0,0.998,0.980835380835381
highest-temperature-in-jeddah-on-june-6-2026,Jeddah,2026-06-06,2026-06-06 15:37:00+00:00,T-6,10.0,38°C or higher,38.0,0.003,0.0029484029484029488
highest-temperature-in-jeddah-on-june-6-2026,Jeddah,2026-06-06,2026-06-06 20:37:00+00:00,T-1,0.0,28°C or below,28.0,0.002,0.0019665683382497543
highest-temperature-in-jeddah-on-june-6-2026,Jeddah,2026-06-06,2026-06-06 20:37:00+00:00,T-1,1.0,29°C,29.0,0.002,0.0019665683382497543
highest-temperature-in-jeddah-on-june-6-2026,Jeddah,2026-06-06,2026-06-06 20:37:00+00:00,T-1,2.0,30°C,30.0,0.002,0.0019665683382497543
highest-temperature-in-jeddah-on-june-6-2026,Jeddah,2026-06-06,2026-06-06 20:37:00+00:00,T-1,3.0,31°C,31.0,0.002,0.0019665683382497543
highest-temperature-in-jeddah-on-june-6-2026,Jeddah,2026-06-06,2026-06-06 20:37:00+00:00,T-1,4.0,32°C,32.0,0.0025,0.002458210422812193
highest-temperature-in-jeddah-on-june-6-2026,Jeddah,2026-06-06,2026-06-06 20:37:00+00:00,T-1,5.0,33°C,33.0,0.0015,0.0014749262536873158
highest-temperature-in-jeddah-on-june-6-2026,Jeddah,2026-06-06,2026-06-06 20:37:00+00:00,T-1,6.0,34°C,34.0,0.0015,0.0014749262536873158
highest-temperature-in-jeddah-on-june-6-2026,Jeddah,2026-06-06,2026-06-06 20:37:00+00:00,T-1,7.0,35°C,35.0,0.0015,0.0014749262536873158
highest-temperature-in-jeddah-on-june-6-2026,Jeddah,2026-06-06,2026-06-06 20:37:00+00:00,T-1,8.0,36°C,36.0,0.0015,0.0014749262536873158
highest-temperature-in-jeddah-on-june-6-2026,Jeddah,2026-06-06,2026-06-06 20:37:00+00:00,T-1,9.0,37°C,37.0,0.9984999999999999,0.9818092428711898
highest-temperature-in-jeddah-on-june-6-2026,Jeddah,2026-06-06,2026-06-06 20:37:00+00:00,T-1,10.0,38°C or higher,38.0,0.002,0.0019665683382497543
highest-temperature-in-seattle-on-june-6-2026,Seattle,2026-06-06,2026-06-05 08:31:00+00:00,T-48,0.0,51°F or below,51.0,0.0225,0.022924095771777894
highest-temperature-in-seattle-on-june-6-2026,Seattle,2026-06-06,2026-06-05 08:31:00+00:00,T-48,1.0,52-53°F,52.0,0.065,0.06622516556291393
highest-temperature-in-seattle-on-june-6-2026,Seattle,2026-06-06,2026-06-05 08:31:00+00:00,T-48,2.0,54-55°F,54.0,0.16999999999999998,0.1732042791645441
highest-temperature-in-seattle-on-june-6-2026,Seattle,2026-06-06,2026-06-05 08:31:00+00:00,T-48,3.0,56-57°F,56.0,0.32999999999999996,0.33622007131940906
highest-temperature-in-seattle-on-june-6-2026,Seattle,2026-06-06,2026-06-05 08:31:00+00:00,T-48,4.0,58-59°F,58.0,0.26,0.2649006622516557
highest-temperature-in-seattle-on-june-6-2026,Seattle,2026-06-06,2026-06-05 08:31:00+00:00,T-48,5.0,60-61°F,60.0,0.0765,0.07794192562404484
highest-temperature-in-seattle-on-june-6-2026,Seattle,2026-06-06,2026-06-05 08:31:00+00:00,T-48,6.0,62-63°F,62.0,0.0385,0.0392256749872644
highest-temperature-in-seattle-on-june-6-2026,Seattle,2026-06-06,2026-06-05 08:31:00+00:00,T-48,7.0,64-65°F,64.0,0.006999999999999999,0.007131940906775345
highest-temperature-in-seattle-on-june-6-2026,Seattle,2026-06-06,2026-06-05 08:31:00+00:00,T-48,8.0,66-67°F,66.0,0.005,0.005094243504839532
highest-temperature-in-seattle-on-june-6-2026,Seattle,2026-06-06,2026-06-05 08:31:00+00:00,T-48,9.0,68-69°F,68.0,0.0045000000000000005,0.00458481915435558
highest-temperature-in-seattle-on-june-6-2026,Seattle,2026-06-06,2026-06-05 08:31:00+00:00,T-48,10.0,70°F or higher,70.0,0.0025,0.002547121752419766
highest-temperature-in-seattle-on-june-6-2026,Seattle,2026-06-06,2026-06-06 08:31:00+00:00,T-24,0.0,51°F or below,51.0,0.0175,0.017386984600099357
highest-temperature-in-seattle-on-june-6-2026,Seattle,2026-06-06,2026-06-06 08:31:00+00:00,T-24,1.0,52-53°F,52.0,0.0195,0.019374068554396426
highest-temperature-in-seattle-on-june-6-2026,Seattle,2026-06-06,2026-06-06 08:31:00+00:00,T-24,2.0,54-55°F,54.0,0.095,0.09438648782911079
highest-temperature-in-seattle-on-june-6-2026,Seattle,2026-06-06,2026-06-06 08:31:00+00:00,T-24,3.0,56-57°F,56.0,0.345,0.3427719821162444
highest-temperature-in-seattle-on-june-6-2026,Seattle,2026-06-06,2026-06-06 08:31:00+00:00,T-24,4.0,58-59°F,58.0,0.375,0.37257824143070045
highest-temperature-in-seattle-on-june-6-2026,Seattle,2026-06-06,2026-06-06 08:31:00+00:00,T-24,5.0,60-61°F,60.0,0.1135,0.11276701440635868
highest-temperature-in-seattle-on-june-6-2026,Seattle,2026-06-06,2026-06-06 08:31:00+00:00,T-24,6.0,62-63°F,62.0,0.026500000000000003,0.02632886239443617
highest-temperature-in-seattle-on-june-6-2026,Seattle,2026-06-06,2026-06-06 08:31:00+00:00,T-24,7.0,64-65°F,64.0,0.006,0.005961251862891207
highest-temperature-in-seattle-on-june-6-2026,Seattle,2026-06-06,2026-06-06 08:31:00+00:00,T-24,8.0,66-67°F,66.0,0.004,0.003974167908594138
highest-temperature-in-seattle-on-june-6-2026,Seattle,2026-06-06,2026-06-06 08:31:00+00:00,T-24,9.0,68-69°F,68.0,0.0025,0.0024838549428713363
highest-temperature-in-seattle-on-june-6-2026,Seattle,2026-06-06,2026-06-06 08:31:00+00:00,T-24,10.0,70°F or higher,70.0,0.002,0.001987083954297069
highest-temperature-in-seattle-on-june-6-2026,Seattle,2026-06-06,2026-06-07 02:31:00+00:00,T-6,0.0,51°F or below,51.0,0.0025,0.0024570024570024574
highest-temperature-in-seattle-on-june-6-2026,Seattle,2026-06-06,2026-06-07 02:31:00+00:00,T-6,1.0,52-53°F,52.0,0.0015,0.0014742014742014744
highest-temperature-in-seattle-on-june-6-2026,Seattle,2026-06-06,2026-06-07 02:31:00+00:00,T-6,2.0,54-55°F,54.0,0.0015,0.0014742014742014744
highest-temperature-in-seattle-on-june-6-2026,Seattle,2026-06-06,2026-06-07 02:31:00+00:00,T-6,3.0,56-57°F,56.0,0.002,0.001965601965601966
highest-temperature-in-seattle-on-june-6-2026,Seattle,2026-06-06,2026-06-07 02:31:00+00:00,T-6,4.0,58-59°F,58.0,0.0015,0.0014742014742014744
highest-temperature-in-seattle-on-june-6-2026,Seattle,2026-06-06,2026-06-07 02:31:00+00:00,T-6,5.0,60-61°F,60.0,0.0015,0.0014742014742014744
highest-temperature-in-seattle-on-june-6-2026,Seattle,2026-06-06,2026-06-07 02:31:00+00:00,T-6,6.0,62-63°F,62.0,0.9984999999999999,0.9813267813267814
highest-temperature-in-seattle-on-june-6-2026,Seattle,2026-06-06,2026-06-07 02:31:00+00:00,T-6,7.0,64-65°F,64.0,0.002,0.001965601965601966
highest-temperature-in-seattle-on-june-6-2026,Seattle,2026-06-06,2026-06-07 02:31:00+00:00,T-6,8.0,66-67°F,66.0,0.0015,0.0014742014742014744
highest-temperature-in-seattle-on-june-6-2026,Seattle,2026-06-06,2026-06-07 02:31:00+00:00,T-6,9.0,68-69°F,68.0,0.003,0.0029484029484029488
highest-temperature-in-seattle-on-june-6-2026,Seattle,2026-06-06,2026-06-07 02:31:00+00:00,T-6,10.0,70°F or higher,70.0,0.002,0.001965601965601966
highest-temperature-in-seattle-on-june-6-2026,Seattle,2026-06-06,2026-06-07 07:31:00+00:00,T-1,0.0,51°F or below,51.0,0.0025,0.0024570024570024574
highest-temperature-in-seattle-on-june-6-2026,Seattle,2026-06-06,2026-06-07 07:31:00+00:00,T-1,1.0,52-53°F,52.0,0.0015,0.0014742014742014744
highest-temperature-in-seattle-on-june-6-2026,Seattle,2026-06-06,2026-06-07 07:31:00+00:00,T-1,2.0,54-55°F,54.0,0.0015,0.0014742014742014744
highest-temperature-in-seattle-on-june-6-2026,Seattle,2026-06-06,2026-06-07 07:31:00+00:00,T-1,3.0,56-57°F,56.0,0.002,0.001965601965601966
highest-temperature-in-seattle-on-june-6-2026,Seattle,2026-06-06,2026-06-07 07:31:00+00:00,T-1,4.0,58-59°F,58.0,0.0015,0.0014742014742014744
highest-temperature-in-seattle-on-june-6-2026,Seattle,2026-06-06,2026-06-07 07:31:00+00:00,T-1,5.0,60-61°F,60.0,0.0015,0.0014742014742014744
highest-temperature-in-seattle-on-june-6-2026,Seattle,2026-06-06,2026-06-07 07:31:00+00:00,T-1,6.0,62-63°F,62.0,0.9984999999999999,0.9813267813267814
highest-temperature-in-seattle-on-june-6-2026,Seattle,2026-06-06,2026-06-07 07:31:00+00:00,T-1,7.0,64-65°F,64.0,0.002,0.001965601965601966
highest-temperature-in-seattle-on-june-6-2026,Seattle,2026-06-06,2026-06-07 07:31:00+00:00,T-1,8.0,66-67°F,66.0,0.0015,0.0014742014742014744
highest-temperature-in-seattle-on-june-6-2026,Seattle,2026-06-06,2026-06-07 07:31:00+00:00,T-1,9.0,68-69°F,68.0,0.003,0.0029484029484029488
highest-temperature-in-seattle-on-june-6-2026,Seattle,2026-06-06,2026-06-07 07:31:00+00:00,T-1,10.0,70°F or higher,70.0,0.002,0.001965601965601966
highest-temperature-in-nyc-on-june-6-2026,NYC,2026-06-06,2026-06-05 05:31:00+00:00,T-48,0.0,81°F or below,81.0,0.01,0.010893246187363833
highest-temperature-in-nyc-on-june-6-2026,NYC,2026-06-06,2026-06-05 05:31:00+00:00,T-48,1.0,82-83°F,82.0,0.010499999999999999,0.011437908496732024
highest-temperature-in-nyc-on-june-6-2026,NYC,2026-06-06,2026-06-05 05:31:00+00:00,T-48,2.0,84-85°F,84.0,0.0055,0.005991285403050108
highest-temperature-in-nyc-on-june-6-2026,NYC,2026-06-06,2026-06-05 05:31:00+00:00,T-48,3.0,86-87°F,86.0,0.035,0.03812636165577342
highest-temperature-in-nyc-on-june-6-2026,NYC,2026-06-06,2026-06-05 05:31:00+00:00,T-48,4.0,88-89°F,88.0,0.10500000000000001,0.11437908496732026
highest-temperature-in-nyc-on-june-6-2026,NYC,2026-06-06,2026-06-05 05:31:00+00:00,T-48,5.0,90-91°F,90.0,0.30000000000000004,0.32679738562091504
highest-temperature-in-nyc-on-june-6-2026,NYC,2026-06-06,2026-06-05 05:31:00+00:00,T-48,6.0,92-93°F,92.0,0.28500000000000003,0.3104575163398693
highest-temperature-in-nyc-on-june-6-2026,NYC,2026-06-06,2026-06-05 05:31:00+00:00,T-48,7.0,94-95°F,94.0,0.115,0.12527233115468409
highest-temperature-in-nyc-on-june-6-2026,NYC,2026-06-06,2026-06-05 05:31:00+00:00,T-48,8.0,96-97°F,96.0,0.035,0.03812636165577342
highest-temperature-in-nyc-on-june-6-2026,NYC,2026-06-06,2026-06-05 05:31:00+00:00,T-48,9.0,98-99°F,98.0,0.012,0.0130718954248366
highest-temperature-in-nyc-on-june-6-2026,NYC,2026-06-06,2026-06-05 05:31:00+00:00,T-48,10.0,100°F or higher,100.0,0.004999999999999999,0.005446623093681916
highest-temperature-in-nyc-on-june-6-2026,NYC,2026-06-06,2026-06-06 05:31:00+00:00,T-24,0.0,81°F or below,81.0,0.0015,0.0014278914802475012
highest-temperature-in-nyc-on-june-6-2026,NYC,2026-06-06,2026-06-06 05:31:00+00:00,T-24,1.0,82-83°F,82.0,0.0025,0.002379819133745835
highest-temperature-in-nyc-on-june-6-2026,NYC,2026-06-06,2026-06-06 05:31:00+00:00,T-24,2.0,84-85°F,84.0,0.0035,0.0033317467872441696
highest-temperature-in-nyc-on-june-6-2026,NYC,2026-06-06,2026-06-06 05:31:00+00:00,T-24,3.0,86-87°F,86.0,0.013500000000000002,0.012851023322227512
highest-temperature-in-nyc-on-june-6-2026,NYC,2026-06-06,2026-06-06 05:31:00+00:00,T-24,4.0,88-89°F,88.0,0.055,0.05235602094240838
highest-temperature-in-nyc-on-june-6-2026,NYC,2026-06-06,2026-06-06 05:31:00+00:00,T-24,5.0,90-91°F,90.0,0.365,0.3474535935268919
highest-temperature-in-nyc-on-june-6-2026,NYC,2026-06-06,2026-06-06 05:31:00+00:00,T-24,6.0,92-93°F,92.0,0.475,0.4521656354117087
highest-temperature-in-nyc-on-june-6-2026,NYC,2026-06-06,2026-06-06 05:31:00+00:00,T-24,7.0,94-95°F,94.0,0.11499999999999999,0.10947168015230842
highest-temperature-in-nyc-on-june-6-2026,NYC,2026-06-06,2026-06-06 05:31:00+00:00,T-24,8.0,96-97°F,96.0,0.010499999999999999,0.009995240361732508
highest-temperature-in-nyc-on-june-6-2026,NYC,2026-06-06,2026-06-06 05:31:00+00:00,T-24,9.0,98-99°F,98.0,0.0055,0.005235602094240837
highest-temperature-in-nyc-on-june-6-2026,NYC,2026-06-06,2026-06-06 05:31:00+00:00,T-24,10.0,100°F or higher,100.0,0.0035,0.0033317467872441696
highest-temperature-in-nyc-on-june-6-2026,NYC,2026-06-06,2026-06-06 23:31:00+00:00,T-6,0.0,81°F or below,81.0,0.0015,0.0014785608674223758
highest-temperature-in-nyc-on-june-6-2026,NYC,2026-06-06,2026-06-06 23:31:00+00:00,T-6,1.0,82-83°F,82.0,0.0015,0.0014785608674223758
highest-temperature-in-nyc-on-june-6-2026,NYC,2026-06-06,2026-06-06 23:31:00+00:00,T-6,2.0,84-85°F,84.0,0.0015,0.0014785608674223758
highest-temperature-in-nyc-on-june-6-2026,NYC,2026-06-06,2026-06-06 23:31:00+00:00,T-6,3.0,86-87°F,86.0,0.002,0.001971414489896501
highest-temperature-in-nyc-on-june-6-2026,NYC,2026-06-06,2026-06-06 23:31:00+00:00,T-6,4.0,88-89°F,88.0,0.0015,0.0014785608674223758
highest-temperature-in-nyc-on-june-6-2026,NYC,2026-06-06,2026-06-06 23:31:00+00:00,T-6,5.0,90-91°F,90.0,0.9984999999999999,0.984228684080828
highest-temperature-in-nyc-on-june-6-2026,NYC,2026-06-06,2026-06-06 23:31:00+00:00,T-6,6.0,92-93°F,92.0,0.0015,0.0014785608674223758
highest-temperature-in-nyc-on-june-6-2026,NYC,2026-06-06,2026-06-06 23:31:00+00:00,T-6,7.0,94-95°F,94.0,0.0015,0.0014785608674223758
highest-temperature-in-nyc-on-june-6-2026,NYC,2026-06-06,2026-06-06 23:31:00+00:00,T-6,8.0,96-97°F,96.0,0.002,0.001971414489896501
highest-temperature-in-nyc-on-june-6-2026,NYC,2026-06-06,2026-06-06 23:31:00+00:00,T-6,9.0,98-99°F,98.0,0.0015,0.0014785608674223758
highest-temperature-in-nyc-on-june-6-2026,NYC,2026-06-06,2026-06-06 23:31:00+00:00,T-6,10.0,100°F or higher,100.0,0.0015,0.0014785608674223758
highest-temperature-in-nyc-on-june-6-2026,NYC,2026-06-06,2026-06-07 04:31:00+00:00,T-1,0.0,81°F or below,81.0,0.0015,0.0014785608674223758
highest-temperature-in-nyc-on-june-6-2026,NYC,2026-06-06,2026-06-07 04:31:00+00:00,T-1,1.0,82-83°F,82.0,0.0015,0.0014785608674223758
highest-temperature-in-nyc-on-june-6-2026,NYC,2026-06-06,2026-06-07 04:31:00+00:00,T-1,2.0,84-85°F,84.0,0.0015,0.0014785608674223758
highest-temperature-in-nyc-on-june-6-2026,NYC,2026-06-06,2026-06-07 04:31:00+00:00,T-1,3.0,86-87°F,86.0,0.002,0.001971414489896501
highest-temperature-in-nyc-on-june-6-2026,NYC,2026-06-06,2026-06-07 04:31:00+00:00,T-1,4.0,88-89°F,88.0,0.0015,0.0014785608674223758
highest-temperature-in-nyc-on-june-6-2026,NYC,2026-06-06,2026-06-07 04:31:00+00:00,T-1,5.0,90-91°F,90.0,0.9984999999999999,0.984228684080828
highest-temperature-in-nyc-on-june-6-2026,NYC,2026-06-06,2026-06-07 04:31:00+00:00,T-1,6.0,92-93°F,92.0,0.0015,0.0014785608674223758
highest-temperature-in-nyc-on-june-6-2026,NYC,2026-06-06,2026-06-07 04:31:00+00:00,T-1,7.0,94-95°F,94.0,0.0015,0.0014785608674223758
highest-temperature-in-nyc-on-june-6-2026,NYC,2026-06-06,2026-06-07 04:31:00+00:00,T-1,8.0,96-97°F,96.0,0.002,0.001971414489896501
highest-temperature-in-nyc-on-june-6-2026,NYC,2026-06-06,2026-06-07 04:31:00+00:00,T-1,9.0,98-99°F,98.0,0.0015,0.0014785608674223758
highest-temperature-in-nyc-on-june-6-2026,NYC,2026-06-06,2026-06-07 04:31:00+00:00,T-1,10.0,100°F or higher,100.0,0.0015,0.0014785608674223758
highest-temperature-in-taipei-on-june-7-2026,Taipei,2026-06-07,2026-06-06 16:51:00+00:00,T-24,0.0,28°C or below,28.0,0.004,0.0036019810895992796
highest-temperature-in-taipei-on-june-7-2026,Taipei,2026-06-07,2026-06-06 16:51:00+00:00,T-24,1.0,29°C,29.0,0.0055,0.004952723998199009
highest-temperature-in-taipei-on-june-7-2026,Taipei,2026-06-07,2026-06-06 16:51:00+00:00,T-24,2.0,30°C,30.0,0.0195,0.017559657811796487
highest-temperature-in-taipei-on-june-7-2026,Taipei,2026-06-07,2026-06-06 16:51:00+00:00,T-24,3.0,31°C,31.0,0.045,0.040522287257991896
highest-temperature-in-taipei-on-june-7-2026,Taipei,2026-06-07,2026-06-06 16:51:00+00:00,T-24,4.0,32°C,32.0,0.12000000000000001,0.1080594326879784
highest-temperature-in-taipei-on-june-7-2026,Taipei,2026-06-07,2026-06-06 16:51:00+00:00,T-24,5.0,33°C,33.0,0.23,0.20711391265195858
highest-temperature-in-taipei-on-june-7-2026,Taipei,2026-06-07,2026-06-06 16:51:00+00:00,T-24,6.0,34°C,34.0,0.32499999999999996,0.2926609635299414
highest-temperature-in-taipei-on-june-7-2026,Taipei,2026-06-07,2026-06-06 16:51:00+00:00,T-24,7.0,35°C,35.0,0.26,0.23412877082395317
highest-temperature-in-taipei-on-june-7-2026,Taipei,2026-06-07,2026-06-06 16:51:00+00:00,T-24,8.0,36°C,36.0,0.074,0.06663665015758667
highest-temperature-in-taipei-on-june-7-2026,Taipei,2026-06-07,2026-06-06 16:51:00+00:00,T-24,9.0,37°C,37.0,0.0245,0.022062134173795586
highest-temperature-in-taipei-on-june-7-2026,Taipei,2026-06-07,2026-06-06 16:51:00+00:00,T-24,10.0,38°C or higher,38.0,0.003,0.0027014858171994596
highest-temperature-in-taipei-on-june-7-2026,Taipei,2026-06-07,2026-06-07 10:51:00+00:00,T-6,0.0,28°C or below,28.0,0.0015,0.001477832512315271
highest-temperature-in-taipei-on-june-7-2026,Taipei,2026-06-07,2026-06-07 10:51:00+00:00,T-6,1.0,29°C,29.0,0.0015,0.001477832512315271
highest-temperature-in-taipei-on-june-7-2026,Taipei,2026-06-07,2026-06-07 10:51:00+00:00,T-6,2.0,30°C,30.0,0.0015,0.001477832512315271
highest-temperature-in-taipei-on-june-7-2026,Taipei,2026-06-07,2026-06-07 10:51:00+00:00,T-6,3.0,31°C,31.0,0.0015,0.001477832512315271
highest-temperature-in-taipei-on-june-7-2026,Taipei,2026-06-07,2026-06-07 10:51:00+00:00,T-6,4.0,32°C,32.0,0.0015,0.001477832512315271
highest-temperature-in-taipei-on-june-7-2026,Taipei,2026-06-07,2026-06-07 10:51:00+00:00,T-6,5.0,33°C,33.0,0.0015,0.001477832512315271
highest-temperature-in-taipei-on-june-7-2026,Taipei,2026-06-07,2026-06-07 10:51:00+00:00,T-6,6.0,34°C,34.0,0.0015,0.001477832512315271
highest-temperature-in-taipei-on-june-7-2026,Taipei,2026-06-07,2026-06-07 10:51:00+00:00,T-6,7.0,35°C,35.0,0.998,0.9832512315270937
highest-temperature-in-taipei-on-june-7-2026,Taipei,2026-06-07,2026-06-07 10:51:00+00:00,T-6,8.0,36°C,36.0,0.003,0.002955665024630542
highest-temperature-in-taipei-on-june-7-2026,Taipei,2026-06-07,2026-06-07 10:51:00+00:00,T-6,9.0,37°C,37.0,0.002,0.001970443349753695
highest-temperature-in-taipei-on-june-7-2026,Taipei,2026-06-07,2026-06-07 10:51:00+00:00,T-6,10.0,38°C or higher,38.0,0.0015,0.001477832512315271
highest-temperature-in-taipei-on-june-7-2026,Taipei,2026-06-07,2026-06-07 15:32:00+00:00,T-1,0.0,28°C or below,28.0,0.0015,0.001477832512315271
highest-temperature-in-taipei-on-june-7-2026,Taipei,2026-06-07,2026-06-07 15:32:00+00:00,T-1,1.0,29°C,29.0,0.0015,0.001477832512315271
highest-temperature-in-taipei-on-june-7-2026,Taipei,2026-06-07,2026-06-07 15:32:00+00:00,T-1,2.0,30°C,30.0,0.0015,0.001477832512315271
highest-temperature-in-taipei-on-june-7-2026,Taipei,2026-06-07,2026-06-07 15:32:00+00:00,T-1,3.0,31°C,31.0,0.0015,0.001477832512315271
highest-temperature-in-taipei-on-june-7-2026,Taipei,2026-06-07,2026-06-07 15:32:00+00:00,T-1,4.0,32°C,32.0,0.0015,0.001477832512315271
highest-temperature-in-taipei-on-june-7-2026,Taipei,2026-06-07,2026-06-07 15:32:00+00:00,T-1,5.0,33°C,33.0,0.0015,0.001477832512315271
highest-temperature-in-taipei-on-june-7-2026,Taipei,2026-06-07,2026-06-07 15:32:00+00:00,T-1,6.0,34°C,34.0,0.0015,0.001477832512315271
highest-temperature-in-taipei-on-june-7-2026,Taipei,2026-06-07,2026-06-07 15:32:00+00:00,T-1,7.0,35°C,35.0,0.998,0.9832512315270937
highest-temperature-in-taipei-on-june-7-2026,Taipei,2026-06-07,2026-06-07 15:32:00+00:00,T-1,8.0,36°C,36.0,0.003,0.002955665024630542
highest-temperature-in-taipei-on-june-7-2026,Taipei,2026-06-07,2026-06-07 15:32:00+00:00,T-1,9.0,37°C,37.0,0.002,0.001970443349753695
highest-temperature-in-taipei-on-june-7-2026,Taipei,2026-06-07,2026-06-07 15:32:00+00:00,T-1,10.0,38°C or higher,38.0,0.0015,0.001477832512315271
highest-temperature-in-warsaw-on-june-7-2026,Warsaw,2026-06-07,2026-06-06 22:40:00+00:00,T-24,0.0,19°C or below,19.0,0.0015,0.0013863216266173754
highest-temperature-in-warsaw-on-june-7-2026,Warsaw,2026-06-07,2026-06-06 22:40:00+00:00,T-24,1.0,20°C,20.0,0.0015,0.0013863216266173754
highest-temperature-in-warsaw-on-june-7-2026,Warsaw,2026-06-07,2026-06-06 22:40:00+00:00,T-24,2.0,21°C,21.0,0.0015,0.0013863216266173754
highest-temperature-in-warsaw-on-june-7-2026,Warsaw,2026-06-07,2026-06-06 22:40:00+00:00,T-24,3.0,22°C,22.0,0.004999999999999999,0.004621072088724584
highest-temperature-in-warsaw-on-june-7-2026,Warsaw,2026-06-07,2026-06-06 22:40:00+00:00,T-24,4.0,23°C,23.0,0.016,0.01478743068391867
highest-temperature-in-warsaw-on-june-7-2026,Warsaw,2026-06-07,2026-06-06 22:40:00+00:00,T-24,5.0,24°C,24.0,0.24,0.22181146025878007
highest-temperature-in-warsaw-on-june-7-2026,Warsaw,2026-06-07,2026-06-06 22:40:00+00:00,T-24,6.0,25°C,25.0,0.475,0.43900184842883555
highest-temperature-in-warsaw-on-june-7-2026,Warsaw,2026-06-07,2026-06-06 22:40:00+00:00,T-24,7.0,26°C,26.0,0.29000000000000004,0.26802218114602594
highest-temperature-in-warsaw-on-june-7-2026,Warsaw,2026-06-07,2026-06-06 22:40:00+00:00,T-24,8.0,27°C,27.0,0.045,0.04158964879852126
highest-temperature-in-warsaw-on-june-7-2026,Warsaw,2026-06-07,2026-06-06 22:40:00+00:00,T-24,9.0,28°C,28.0,0.004999999999999999,0.004621072088724584
highest-temperature-in-warsaw-on-june-7-2026,Warsaw,2026-06-07,2026-06-06 22:40:00+00:00,T-24,10.0,29°C or higher,29.0,0.0015,0.0013863216266173754
highest-temperature-in-warsaw-on-june-7-2026,Warsaw,2026-06-07,2026-06-07 16:40:00+00:00,T-6,0.0,19°C or below,19.0,0.0015,0.0014698677119059287
highest-temperature-in-warsaw-on-june-7-2026,Warsaw,2026-06-07,2026-06-07 16:40:00+00:00,T-6,1.0,20°C,20.0,0.0015,0.0014698677119059287
highest-temperature-in-warsaw-on-june-7-2026,Warsaw,2026-06-07,2026-06-07 16:40:00+00:00,T-6,2.0,21°C,21.0,0.0015,0.0014698677119059287
highest-temperature-in-warsaw-on-june-7-2026,Warsaw,2026-06-07,2026-06-07 16:40:00+00:00,T-6,3.0,22°C,22.0,0.0015,0.0014698677119059287
highest-temperature-in-warsaw-on-june-7-2026,Warsaw,2026-06-07,2026-06-07 16:40:00+00:00,T-6,4.0,23°C,23.0,0.0015,0.0014698677119059287
highest-temperature-in-warsaw-on-june-7-2026,Warsaw,2026-06-07,2026-06-07 16:40:00+00:00,T-6,5.0,24°C,24.0,0.0025,0.002449779519843214
highest-temperature-in-warsaw-on-june-7-2026,Warsaw,2026-06-07,2026-06-07 16:40:00+00:00,T-6,6.0,25°C,25.0,0.997,0.9769720725134738
highest-temperature-in-warsaw-on-june-7-2026,Warsaw,2026-06-07,2026-06-07 16:40:00+00:00,T-6,7.0,26°C,26.0,0.003,0.0029397354238118573
highest-temperature-in-warsaw-on-june-7-2026,Warsaw,2026-06-07,2026-06-07 16:40:00+00:00,T-6,8.0,27°C,27.0,0.006,0.005879470847623715
highest-temperature-in-warsaw-on-june-7-2026,Warsaw,2026-06-07,2026-06-07 16:40:00+00:00,T-6,9.0,28°C,28.0,0.002,0.0019598236158745713
highest-temperature-in-warsaw-on-june-7-2026,Warsaw,2026-06-07,2026-06-07 16:40:00+00:00,T-6,10.0,29°C or higher,29.0,0.0025,0.002449779519843214
highest-temperature-in-warsaw-on-june-7-2026,Warsaw,2026-06-07,2026-06-07 21:40:00+00:00,T-1,0.0,19°C or below,19.0,0.0015,0.0014691478942213518
highest-temperature-in-warsaw-on-june-7-2026,Warsaw,2026-06-07,2026-06-07 21:40:00+00:00,T-1,1.0,20°C,20.0,0.0015,0.0014691478942213518
highest-temperature-in-warsaw-on-june-7-2026,Warsaw,2026-06-07,2026-06-07 21:40:00+00:00,T-1,2.0,21°C,21.0,0.0015,0.0014691478942213518
highest-temperature-in-warsaw-on-june-7-2026,Warsaw,2026-06-07,2026-06-07 21:40:00+00:00,T-1,3.0,22°C,22.0,0.0015,0.0014691478942213518
highest-temperature-in-warsaw-on-june-7-2026,Warsaw,2026-06-07,2026-06-07 21:40:00+00:00,T-1,4.0,23°C,23.0,0.0015,0.0014691478942213518
highest-temperature-in-warsaw-on-june-7-2026,Warsaw,2026-06-07,2026-06-07 21:40:00+00:00,T-1,5.0,24°C,24.0,0.0025,0.002448579823702253
highest-temperature-in-warsaw-on-june-7-2026,Warsaw,2026-06-07,2026-06-07 21:40:00+00:00,T-1,6.0,25°C,25.0,0.998,0.9774730656219394
highest-temperature-in-warsaw-on-june-7-2026,Warsaw,2026-06-07,2026-06-07 21:40:00+00:00,T-1,7.0,26°C,26.0,0.0025,0.002448579823702253
highest-temperature-in-warsaw-on-june-7-2026,Warsaw,2026-06-07,2026-06-07 21:40:00+00:00,T-1,8.0,27°C,27.0,0.006,0.005876591576885407
highest-temperature-in-warsaw-on-june-7-2026,Warsaw,2026-06-07,2026-06-07 21:40:00+00:00,T-1,9.0,28°C,28.0,0.002,0.0019588638589618022
highest-temperature-in-warsaw-on-june-7-2026,Warsaw,2026-06-07,2026-06-07 21:40:00+00:00,T-1,10.0,29°C or higher,29.0,0.0025,0.002448579823702253
highest-temperature-in-tel-aviv-on-june-7-2026,Tel Aviv,2026-06-07,2026-06-06 22:00:00+00:00,T-24,0.0,23°C or below,23.0,0.002,0.001919385796545106
highest-temperature-in-tel-aviv-on-june-7-2026,Tel Aviv,2026-06-07,2026-06-06 22:00:00+00:00,T-24,1.0,24°C,24.0,0.0015,0.0014395393474088294
highest-temperature-in-tel-aviv-on-june-7-2026,Tel Aviv,2026-06-07,2026-06-06 22:00:00+00:00,T-24,2.0,25°C,25.0,0.0015,0.0014395393474088294
highest-temperature-in-tel-aviv-on-june-7-2026,Tel Aviv,2026-06-07,2026-06-06 22:00:00+00:00,T-24,3.0,26°C,26.0,0.0025,0.0023992322456813826
highest-temperature-in-tel-aviv-on-june-7-2026,Tel Aviv,2026-06-07,2026-06-06 22:00:00+00:00,T-24,4.0,27°C,27.0,0.049,0.047024952015355094
highest-temperature-in-tel-aviv-on-june-7-2026,Tel Aviv,2026-06-07,2026-06-06 22:00:00+00:00,T-24,5.0,28°C,28.0,0.37,0.3550863723608446
highest-temperature-in-tel-aviv-on-june-7-2026,Tel Aviv,2026-06-07,2026-06-06 22:00:00+00:00,T-24,6.0,29°C,29.0,0.475,0.4558541266794626
highest-temperature-in-tel-aviv-on-june-7-2026,Tel Aviv,2026-06-07,2026-06-06 22:00:00+00:00,T-24,7.0,30°C,30.0,0.115,0.1103646833013436
highest-temperature-in-tel-aviv-on-june-7-2026,Tel Aviv,2026-06-07,2026-06-06 22:00:00+00:00,T-24,8.0,31°C,31.0,0.014499999999999999,0.013915547024952016
highest-temperature-in-tel-aviv-on-june-7-2026,Tel Aviv,2026-06-07,2026-06-06 22:00:00+00:00,T-24,9.0,32°C,32.0,0.006500000000000001,0.0062380038387715945
highest-temperature-in-tel-aviv-on-june-7-2026,Tel Aviv,2026-06-07,2026-06-06 22:00:00+00:00,T-24,10.0,33°C or higher,33.0,0.0045000000000000005,0.0043186180422264886
highest-temperature-in-tel-aviv-on-june-7-2026,Tel Aviv,2026-06-07,2026-06-07 16:00:00+00:00,T-6,0.0,23°C or below,23.0,0.002,0.001957905041605482
highest-temperature-in-tel-aviv-on-june-7-2026,Tel Aviv,2026-06-07,2026-06-07 16:00:00+00:00,T-6,1.0,24°C,24.0,0.0015,0.0014684287812041115
highest-temperature-in-tel-aviv-on-june-7-2026,Tel Aviv,2026-06-07,2026-06-07 16:00:00+00:00,T-6,2.0,25°C,25.0,0.0015,0.0014684287812041115
highest-temperature-in-tel-aviv-on-june-7-2026,Tel Aviv,2026-06-07,2026-06-07 16:00:00+00:00,T-6,3.0,26°C,26.0,0.0015,0.0014684287812041115
highest-temperature-in-tel-aviv-on-june-7-2026,Tel Aviv,2026-06-07,2026-06-07 16:00:00+00:00,T-6,4.0,27°C,27.0,0.0035,0.0034263338228095936
highest-temperature-in-tel-aviv-on-june-7-2026,Tel Aviv,2026-06-07,2026-06-07 16:00:00+00:00,T-6,5.0,28°C,28.0,0.006,0.005873715124816446
highest-temperature-in-tel-aviv-on-june-7-2026,Tel Aviv,2026-06-07,2026-06-07 16:00:00+00:00,T-6,6.0,29°C,29.0,0.998,0.9769946157611356
highest-temperature-in-tel-aviv-on-june-7-2026,Tel Aviv,2026-06-07,2026-06-07 16:00:00+00:00,T-6,7.0,30°C,30.0,0.002,0.001957905041605482
highest-temperature-in-tel-aviv-on-june-7-2026,Tel Aviv,2026-06-07,2026-06-07 16:00:00+00:00,T-6,8.0,31°C,31.0,0.0015,0.0014684287812041115
highest-temperature-in-tel-aviv-on-june-7-2026,Tel Aviv,2026-06-07,2026-06-07 16:00:00+00:00,T-6,9.0,32°C,32.0,0.0025,0.0024473813020068525
highest-temperature-in-tel-aviv-on-june-7-2026,Tel Aviv,2026-06-07,2026-06-07 16:00:00+00:00,T-6,10.0,33°C or higher,33.0,0.0015,0.0014684287812041115
highest-temperature-in-tel-aviv-on-june-7-2026,Tel Aviv,2026-06-07,2026-06-07 18:58:00+00:00,T-1,0.0,23°C or below,23.0,0.002,0.001957905041605482
highest-temperature-in-tel-aviv-on-june-7-2026,Tel Aviv,2026-06-07,2026-06-07 18:58:00+00:00,T-1,1.0,24°C,24.0,0.0015,0.0014684287812041115
highest-temperature-in-tel-aviv-on-june-7-2026,Tel Aviv,2026-06-07,2026-06-07 18:58:00+00:00,T-1,2.0,25°C,25.0,0.0015,0.0014684287812041115
highest-temperature-in-tel-aviv-on-june-7-2026,Tel Aviv,2026-06-07,2026-06-07 18:58:00+00:00,T-1,3.0,26°C,26.0,0.0015,0.0014684287812041115
highest-temperature-in-tel-aviv-on-june-7-2026,Tel Aviv,2026-06-07,2026-06-07 18:58:00+00:00,T-1,4.0,27°C,27.0,0.0035,0.0034263338228095936
highest-temperature-in-tel-aviv-on-june-7-2026,Tel Aviv,2026-06-07,2026-06-07 18:58:00+00:00,T-1,5.0,28°C,28.0,0.006,0.005873715124816446
highest-temperature-in-tel-aviv-on-june-7-2026,Tel Aviv,2026-06-07,2026-06-07 18:58:00+00:00,T-1,6.0,29°C,29.0,0.998,0.9769946157611356
highest-temperature-in-tel-aviv-on-june-7-2026,Tel Aviv,2026-06-07,2026-06-07 18:58:00+00:00,T-1,7.0,30°C,30.0,0.002,0.001957905041605482
highest-temperature-in-tel-aviv-on-june-7-2026,Tel Aviv,2026-06-07,2026-06-07 18:58:00+00:00,T-1,8.0,31°C,31.0,0.0015,0.0014684287812041115
highest-temperature-in-tel-aviv-on-june-7-2026,Tel Aviv,2026-06-07,2026-06-07 18:58:00+00:00,T-1,9.0,32°C,32.0,0.0025,0.0024473813020068525
highest-temperature-in-tel-aviv-on-june-7-2026,Tel Aviv,2026-06-07,2026-06-07 18:58:00+00:00,T-1,10.0,33°C or higher,33.0,0.0015,0.0014684287812041115
highest-temperature-in-moscow-on-june-7-2026,Moscow,2026-06-07,2026-06-06 21:57:00+00:00,T-24,0.0,20°C or below,20.0,0.0015,0.0014655593551538837
highest-temperature-in-moscow-on-june-7-2026,Moscow,2026-06-07,2026-06-06 21:57:00+00:00,T-24,1.0,21°C,21.0,0.0015,0.0014655593551538837
highest-temperature-in-moscow-on-june-7-2026,Moscow,2026-06-07,2026-06-06 21:57:00+00:00,T-24,2.0,22°C,22.0,0.0045000000000000005,0.004396678065461651
highest-temperature-in-moscow-on-june-7-2026,Moscow,2026-06-07,2026-06-06 21:57:00+00:00,T-24,3.0,23°C,23.0,0.014499999999999999,0.01416707376648754
highest-temperature-in-moscow-on-june-7-2026,Moscow,2026-06-07,2026-06-06 21:57:00+00:00,T-24,4.0,24°C,24.0,0.05500000000000001,0.05373717635564241
highest-temperature-in-moscow-on-june-7-2026,Moscow,2026-06-07,2026-06-06 21:57:00+00:00,T-24,5.0,25°C,25.0,0.26,0.2540302882266732
highest-temperature-in-moscow-on-june-7-2026,Moscow,2026-06-07,2026-06-06 21:57:00+00:00,T-24,6.0,26°C,26.0,0.41000000000000003,0.40058622374206154
highest-temperature-in-moscow-on-june-7-2026,Moscow,2026-06-07,2026-06-06 21:57:00+00:00,T-24,7.0,27°C,27.0,0.2,0.19540791402051783
highest-temperature-in-moscow-on-june-7-2026,Moscow,2026-06-07,2026-06-06 21:57:00+00:00,T-24,8.0,28°C,28.0,0.065,0.0635075720566683
highest-temperature-in-moscow-on-june-7-2026,Moscow,2026-06-07,2026-06-06 21:57:00+00:00,T-24,9.0,29°C,29.0,0.008,0.007816316560820713
highest-temperature-in-moscow-on-june-7-2026,Moscow,2026-06-07,2026-06-06 21:57:00+00:00,T-24,10.0,30°C or higher,30.0,0.0035,0.003419638495359062
highest-temperature-in-moscow-on-june-7-2026,Moscow,2026-06-07,2026-06-07 15:57:00+00:00,T-6,0.0,20°C or below,20.0,0.0015,0.0015060240963855425
highest-temperature-in-moscow-on-june-7-2026,Moscow,2026-06-07,2026-06-07 15:57:00+00:00,T-6,1.0,21°C,21.0,0.0015,0.0015060240963855425
highest-temperature-in-moscow-on-june-7-2026,Moscow,2026-06-07,2026-06-07 15:57:00+00:00,T-6,2.0,22°C,22.0,0.0015,0.0015060240963855425
highest-temperature-in-moscow-on-june-7-2026,Moscow,2026-06-07,2026-06-07 15:57:00+00:00,T-6,3.0,23°C,23.0,0.0015,0.0015060240963855425
highest-temperature-in-moscow-on-june-7-2026,Moscow,2026-06-07,2026-06-07 15:57:00+00:00,T-6,4.0,24°C,24.0,0.0015,0.0015060240963855425
highest-temperature-in-moscow-on-june-7-2026,Moscow,2026-06-07,2026-06-07 15:57:00+00:00,T-6,5.0,25°C,25.0,0.89,0.8935742971887551
highest-temperature-in-moscow-on-june-7-2026,Moscow,2026-06-07,2026-06-07 15:57:00+00:00,T-6,6.0,26°C,26.0,0.09,0.09036144578313254
highest-temperature-in-moscow-on-june-7-2026,Moscow,2026-06-07,2026-06-07 15:57:00+00:00,T-6,7.0,27°C,27.0,0.0035,0.0035140562248995987
highest-temperature-in-moscow-on-june-7-2026,Moscow,2026-06-07,2026-06-07 15:57:00+00:00,T-6,8.0,28°C,28.0,0.002,0.0020080321285140565
highest-temperature-in-moscow-on-june-7-2026,Moscow,2026-06-07,2026-06-07 15:57:00+00:00,T-6,9.0,29°C,29.0,0.0015,0.0015060240963855425
highest-temperature-in-moscow-on-june-7-2026,Moscow,2026-06-07,2026-06-07 15:57:00+00:00,T-6,10.0,30°C or higher,30.0,0.0015,0.0015060240963855425
highest-temperature-in-moscow-on-june-7-2026,Moscow,2026-06-07,2026-06-07 20:57:00+00:00,T-1,0.0,20°C or below,20.0,0.0015,0.0014763779527559055
highest-temperature-in-moscow-on-june-7-2026,Moscow,2026-06-07,2026-06-07 20:57:00+00:00,T-1,1.0,21°C,21.0,0.0015,0.0014763779527559055
highest-temperature-in-moscow-on-june-7-2026,Moscow,2026-06-07,2026-06-07 20:57:00+00:00,T-1,2.0,22°C,22.0,0.0015,0.0014763779527559055
highest-temperature-in-moscow-on-june-7-2026,Moscow,2026-06-07,2026-06-07 20:57:00+00:00,T-1,3.0,23°C,23.0,0.0015,0.0014763779527559055
highest-temperature-in-moscow-on-june-7-2026,Moscow,2026-06-07,2026-06-07 20:57:00+00:00,T-1,4.0,24°C,24.0,0.0015,0.0014763779527559055
highest-temperature-in-moscow-on-june-7-2026,Moscow,2026-06-07,2026-06-07 20:57:00+00:00,T-1,5.0,25°C,25.0,0.9964999999999999,0.9808070866141732
highest-temperature-in-moscow-on-june-7-2026,Moscow,2026-06-07,2026-06-07 20:57:00+00:00,T-1,6.0,26°C,26.0,0.004,0.003937007874015748
highest-temperature-in-moscow-on-june-7-2026,Moscow,2026-06-07,2026-06-07 20:57:00+00:00,T-1,7.0,27°C,27.0,0.0035,0.0034448818897637795
highest-temperature-in-moscow-on-june-7-2026,Moscow,2026-06-07,2026-06-07 20:57:00+00:00,T-1,8.0,28°C,28.0,0.0015,0.0014763779527559055
highest-temperature-in-moscow-on-june-7-2026,Moscow,2026-06-07,2026-06-07 20:57:00+00:00,T-1,9.0,29°C,29.0,0.0015,0.0014763779527559055
highest-temperature-in-moscow-on-june-7-2026,Moscow,2026-06-07,2026-06-07 20:57:00+00:00,T-1,10.0,30°C or higher,30.0,0.0015,0.0014763779527559055
highest-temperature-in-istanbul-on-june-7-2026,Istanbul,2026-06-07,2026-06-06 22:04:00+00:00,T-24,0.0,20°C or below,20.0,0.0015,0.001413760603204524
highest-temperature-in-istanbul-on-june-7-2026,Istanbul,2026-06-07,2026-06-06 22:04:00+00:00,T-24,1.0,21°C,21.0,0.013000000000000001,0.01225259189443921
highest-temperature-in-istanbul-on-june-7-2026,Istanbul,2026-06-07,2026-06-06 22:04:00+00:00,T-24,2.0,22°C,22.0,0.1225,0.11545711592836946
highest-temperature-in-istanbul-on-june-7-2026,Istanbul,2026-06-07,2026-06-06 22:04:00+00:00,T-24,3.0,23°C,23.0,0.356,0.3355325164938737
highest-temperature-in-istanbul-on-june-7-2026,Istanbul,2026-06-07,2026-06-06 22:04:00+00:00,T-24,4.0,24°C,24.0,0.245,0.23091423185673893
highest-temperature-in-istanbul-on-june-7-2026,Istanbul,2026-06-07,2026-06-06 22:04:00+00:00,T-24,5.0,25°C,25.0,0.18,0.1696512723845429
highest-temperature-in-istanbul-on-june-7-2026,Istanbul,2026-06-07,2026-06-06 22:04:00+00:00,T-24,6.0,26°C,26.0,0.065,0.061262959472196045
highest-temperature-in-istanbul-on-june-7-2026,Istanbul,2026-06-07,2026-06-06 22:04:00+00:00,T-24,7.0,27°C,27.0,0.0445,0.041941564561734215
highest-temperature-in-istanbul-on-june-7-2026,Istanbul,2026-06-07,2026-06-06 22:04:00+00:00,T-24,8.0,28°C,28.0,0.0295,0.027803958529688973
highest-temperature-in-istanbul-on-june-7-2026,Istanbul,2026-06-07,2026-06-06 22:04:00+00:00,T-24,9.0,29°C,29.0,0.0015,0.001413760603204524
highest-temperature-in-istanbul-on-june-7-2026,Istanbul,2026-06-07,2026-06-06 22:04:00+00:00,T-24,10.0,30°C or higher,30.0,0.0025,0.0023562676720075403
highest-temperature-in-istanbul-on-june-7-2026,Istanbul,2026-06-07,2026-06-07 16:04:00+00:00,T-6,0.0,20°C or below,20.0,0.002,0.001971414489896501
highest-temperature-in-istanbul-on-june-7-2026,Istanbul,2026-06-07,2026-06-07 16:04:00+00:00,T-6,1.0,21°C,21.0,0.0015,0.0014785608674223758
highest-temperature-in-istanbul-on-june-7-2026,Istanbul,2026-06-07,2026-06-07 16:04:00+00:00,T-6,2.0,22°C,22.0,0.0015,0.0014785608674223758
highest-temperature-in-istanbul-on-june-7-2026,Istanbul,2026-06-07,2026-06-07 16:04:00+00:00,T-6,3.0,23°C,23.0,0.0015,0.0014785608674223758
highest-temperature-in-istanbul-on-june-7-2026,Istanbul,2026-06-07,2026-06-07 16:04:00+00:00,T-6,4.0,24°C,24.0,0.9984999999999999,0.984228684080828
highest-temperature-in-istanbul-on-june-7-2026,Istanbul,2026-06-07,2026-06-07 16:04:00+00:00,T-6,5.0,25°C,25.0,0.0015,0.0014785608674223758
highest-temperature-in-istanbul-on-june-7-2026,Istanbul,2026-06-07,2026-06-07 16:04:00+00:00,T-6,6.0,26°C,26.0,0.0015,0.0014785608674223758
highest-temperature-in-istanbul-on-june-7-2026,Istanbul,2026-06-07,2026-06-07 16:04:00+00:00,T-6,7.0,27°C,27.0,0.0015,0.0014785608674223758
highest-temperature-in-istanbul-on-june-7-2026,Istanbul,2026-06-07,2026-06-07 16:04:00+00:00,T-6,8.0,28°C,28.0,0.0015,0.0014785608674223758
highest-temperature-in-istanbul-on-june-7-2026,Istanbul,2026-06-07,2026-06-07 16:04:00+00:00,T-6,9.0,29°C,29.0,0.0015,0.0014785608674223758
highest-temperature-in-istanbul-on-june-7-2026,Istanbul,2026-06-07,2026-06-07 16:04:00+00:00,T-6,10.0,30°C or higher,30.0,0.002,0.001971414489896501
highest-temperature-in-istanbul-on-june-7-2026,Istanbul,2026-06-07,2026-06-07 20:00:00+00:00,T-1,0.0,20°C or below,20.0,0.002,0.0019753086419753087
highest-temperature-in-istanbul-on-june-7-2026,Istanbul,2026-06-07,2026-06-07 20:00:00+00:00,T-1,1.0,21°C,21.0,0.0015,0.0014814814814814816
highest-temperature-in-istanbul-on-june-7-2026,Istanbul,2026-06-07,2026-06-07 20:00:00+00:00,T-1,2.0,22°C,22.0,0.0015,0.0014814814814814816
highest-temperature-in-istanbul-on-june-7-2026,Istanbul,2026-06-07,2026-06-07 20:00:00+00:00,T-1,3.0,23°C,23.0,0.0015,0.0014814814814814816
highest-temperature-in-istanbul-on-june-7-2026,Istanbul,2026-06-07,2026-06-07 20:00:00+00:00,T-1,4.0,24°C,24.0,0.9964999999999999,0.9841975308641975
highest-temperature-in-istanbul-on-june-7-2026,Istanbul,2026-06-07,2026-06-07 20:00:00+00:00,T-1,5.0,25°C,25.0,0.0015,0.0014814814814814816
highest-temperature-in-istanbul-on-june-7-2026,Istanbul,2026-06-07,2026-06-07 20:00:00+00:00,T-1,6.0,26°C,26.0,0.0015,0.0014814814814814816
highest-temperature-in-istanbul-on-june-7-2026,Istanbul,2026-06-07,2026-06-07 20:00:00+00:00,T-1,7.0,27°C,27.0,0.0015,0.0014814814814814816
highest-temperature-in-istanbul-on-june-7-2026,Istanbul,2026-06-07,2026-06-07 20:00:00+00:00,T-1,8.0,28°C,28.0,0.0015,0.0014814814814814816
highest-temperature-in-istanbul-on-june-7-2026,Istanbul,2026-06-07,2026-06-07 20:00:00+00:00,T-1,9.0,29°C,29.0,0.0015,0.0014814814814814816
highest-temperature-in-istanbul-on-june-7-2026,Istanbul,2026-06-07,2026-06-07 20:00:00+00:00,T-1,10.0,30°C or higher,30.0,0.002,0.0019753086419753087
highest-temperature-in-helsinki-on-june-7-2026,Helsinki,2026-06-07,2026-06-06 22:00:00+00:00,T-24,0.0,15°C or below,15.0,0.0015,0.0015873015873015875
highest-temperature-in-helsinki-on-june-7-2026,Helsinki,2026-06-07,2026-06-06 22:00:00+00:00,T-24,1.0,16°C,16.0,0.0015,0.0015873015873015875
highest-temperature-in-helsinki-on-june-7-2026,Helsinki,2026-06-07,2026-06-06 22:00:00+00:00,T-24,2.0,17°C,17.0,0.002,0.0021164021164021165
highest-temperature-in-helsinki-on-june-7-2026,Helsinki,2026-06-07,2026-06-06 22:00:00+00:00,T-24,3.0,18°C,18.0,0.006,0.00634920634920635
highest-temperature-in-helsinki-on-june-7-2026,Helsinki,2026-06-07,2026-06-06 22:00:00+00:00,T-24,4.0,19°C,19.0,0.12000000000000001,0.126984126984127
highest-temperature-in-helsinki-on-june-7-2026,Helsinki,2026-06-07,2026-06-06 22:00:00+00:00,T-24,5.0,20°C,20.0,0.29500000000000004,0.3121693121693122
highest-temperature-in-helsinki-on-june-7-2026,Helsinki,2026-06-07,2026-06-06 22:00:00+00:00,T-24,6.0,21°C,21.0,0.405,0.4285714285714286
highest-temperature-in-helsinki-on-june-7-2026,Helsinki,2026-06-07,2026-06-06 22:00:00+00:00,T-24,7.0,22°C,22.0,0.09,0.09523809523809523
highest-temperature-in-helsinki-on-june-7-2026,Helsinki,2026-06-07,2026-06-06 22:00:00+00:00,T-24,8.0,23°C,23.0,0.0165,0.01746031746031746
highest-temperature-in-helsinki-on-june-7-2026,Helsinki,2026-06-07,2026-06-06 22:00:00+00:00,T-24,9.0,24°C,24.0,0.006,0.00634920634920635
highest-temperature-in-helsinki-on-june-7-2026,Helsinki,2026-06-07,2026-06-06 22:00:00+00:00,T-24,10.0,25°C or higher,25.0,0.0015,0.0015873015873015875
highest-temperature-in-helsinki-on-june-7-2026,Helsinki,2026-06-07,2026-06-07 16:00:00+00:00,T-6,0.0,15°C or below,15.0,0.0015,0.0014409221902017292
highest-temperature-in-helsinki-on-june-7-2026,Helsinki,2026-06-07,2026-06-07 16:00:00+00:00,T-6,1.0,16°C,16.0,0.0015,0.0014409221902017292
highest-temperature-in-helsinki-on-june-7-2026,Helsinki,2026-06-07,2026-06-07 16:00:00+00:00,T-6,2.0,17°C,17.0,0.0025,0.0024015369836695487
highest-temperature-in-helsinki-on-june-7-2026,Helsinki,2026-06-07,2026-06-07 16:00:00+00:00,T-6,3.0,18°C,18.0,0.0015,0.0014409221902017292
highest-temperature-in-helsinki-on-june-7-2026,Helsinki,2026-06-07,2026-06-07 16:00:00+00:00,T-6,4.0,19°C,19.0,0.002,0.001921229586935639
highest-temperature-in-helsinki-on-june-7-2026,Helsinki,2026-06-07,2026-06-07 16:00:00+00:00,T-6,5.0,20°C,20.0,0.9764999999999999,0.9380403458213257
highest-temperature-in-helsinki-on-june-7-2026,Helsinki,2026-06-07,2026-06-07 16:00:00+00:00,T-6,6.0,21°C,21.0,0.025,0.02401536983669549
highest-temperature-in-helsinki-on-june-7-2026,Helsinki,2026-06-07,2026-06-07 16:00:00+00:00,T-6,7.0,22°C,22.0,0.021,0.02017291066282421
highest-temperature-in-helsinki-on-june-7-2026,Helsinki,2026-06-07,2026-06-07 16:00:00+00:00,T-6,8.0,23°C,23.0,0.002,0.001921229586935639
highest-temperature-in-helsinki-on-june-7-2026,Helsinki,2026-06-07,2026-06-07 16:00:00+00:00,T-6,9.0,24°C,24.0,0.0055,0.005283381364073007
highest-temperature-in-helsinki-on-june-7-2026,Helsinki,2026-06-07,2026-06-07 16:00:00+00:00,T-6,10.0,25°C or higher,25.0,0.002,0.001921229586935639
highest-temperature-in-helsinki-on-june-7-2026,Helsinki,2026-06-07,2026-06-07 20:52:00+00:00,T-1,0.0,15°C or below,15.0,0.0015,0.0014423076923076926
highest-temperature-in-helsinki-on-june-7-2026,Helsinki,2026-06-07,2026-06-07 20:52:00+00:00,T-1,1.0,16°C,16.0,0.0015,0.0014423076923076926
highest-temperature-in-helsinki-on-june-7-2026,Helsinki,2026-06-07,2026-06-07 20:52:00+00:00,T-1,2.0,17°C,17.0,0.0025,0.0024038461538461544
highest-temperature-in-helsinki-on-june-7-2026,Helsinki,2026-06-07,2026-06-07 20:52:00+00:00,T-1,3.0,18°C,18.0,0.0015,0.0014423076923076926
highest-temperature-in-helsinki-on-june-7-2026,Helsinki,2026-06-07,2026-06-07 20:52:00+00:00,T-1,4.0,19°C,19.0,0.002,0.0019230769230769234
highest-temperature-in-helsinki-on-june-7-2026,Helsinki,2026-06-07,2026-06-07 20:52:00+00:00,T-1,5.0,20°C,20.0,0.9984999999999999,0.960096153846154
highest-temperature-in-helsinki-on-june-7-2026,Helsinki,2026-06-07,2026-06-07 20:52:00+00:00,T-1,6.0,21°C,21.0,0.002,0.0019230769230769234
highest-temperature-in-helsinki-on-june-7-2026,Helsinki,2026-06-07,2026-06-07 20:52:00+00:00,T-1,7.0,22°C,22.0,0.021,0.020192307692307697
highest-temperature-in-helsinki-on-june-7-2026,Helsinki,2026-06-07,2026-06-07 20:52:00+00:00,T-1,8.0,23°C,23.0,0.002,0.0019230769230769234
highest-temperature-in-helsinki-on-june-7-2026,Helsinki,2026-06-07,2026-06-07 20:52:00+00:00,T-1,9.0,24°C,24.0,0.0055,0.005288461538461539
highest-temperature-in-helsinki-on-june-7-2026,Helsinki,2026-06-07,2026-06-07 20:52:00+00:00,T-1,10.0,25°C or higher,25.0,0.002,0.0019230769230769234
highest-temperature-in-san-francisco-on-june-7-2026,San Francisco,2026-06-07,2026-06-06 08:34:00+00:00,T-48,0.0,61°F or below,61.0,0.020499999999999997,0.020448877805486283
highest-temperature-in-san-francisco-on-june-7-2026,San Francisco,2026-06-07,2026-06-06 08:34:00+00:00,T-48,1.0,62-63°F,62.0,0.075,0.07481296758104738
highest-temperature-in-san-francisco-on-june-7-2026,San Francisco,2026-06-07,2026-06-06 08:34:00+00:00,T-48,2.0,64-65°F,64.0,0.28500000000000003,0.2842892768079801
highest-temperature-in-san-francisco-on-june-7-2026,San Francisco,2026-06-07,2026-06-06 08:34:00+00:00,T-48,3.0,66-67°F,66.0,0.29500000000000004,0.29426433915211975
highest-temperature-in-san-francisco-on-june-7-2026,San Francisco,2026-06-07,2026-06-06 08:34:00+00:00,T-48,4.0,68-69°F,68.0,0.175,0.1745635910224439
highest-temperature-in-san-francisco-on-june-7-2026,San Francisco,2026-06-07,2026-06-06 08:34:00+00:00,T-48,5.0,70-71°F,70.0,0.11,0.10972568578553617
highest-temperature-in-san-francisco-on-june-7-2026,San Francisco,2026-06-07,2026-06-06 08:34:00+00:00,T-48,6.0,72-73°F,72.0,0.026000000000000002,0.025935162094763094
highest-temperature-in-san-francisco-on-june-7-2026,San Francisco,2026-06-07,2026-06-06 08:34:00+00:00,T-48,7.0,74-75°F,74.0,0.006,0.0059850374064837905
highest-temperature-in-san-francisco-on-june-7-2026,San Francisco,2026-06-07,2026-06-06 08:34:00+00:00,T-48,8.0,76-77°F,76.0,0.0045000000000000005,0.004488778054862844
highest-temperature-in-san-francisco-on-june-7-2026,San Francisco,2026-06-07,2026-06-06 08:34:00+00:00,T-48,9.0,78-79°F,78.0,0.003,0.0029925187032418953
highest-temperature-in-san-francisco-on-june-7-2026,San Francisco,2026-06-07,2026-06-06 08:34:00+00:00,T-48,10.0,80°F or higher,80.0,0.0025,0.002493765586034913
highest-temperature-in-san-francisco-on-june-7-2026,San Francisco,2026-06-07,2026-06-07 08:34:00+00:00,T-24,0.0,61°F or below,61.0,0.015,0.016042780748663103
highest-temperature-in-san-francisco-on-june-7-2026,San Francisco,2026-06-07,2026-06-07 08:34:00+00:00,T-24,1.0,62-63°F,62.0,0.0755,0.08074866310160428
highest-temperature-in-san-francisco-on-june-7-2026,San Francisco,2026-06-07,2026-06-07 08:34:00+00:00,T-24,2.0,64-65°F,64.0,0.39,0.4171122994652407
highest-temperature-in-san-francisco-on-june-7-2026,San Francisco,2026-06-07,2026-06-07 08:34:00+00:00,T-24,3.0,66-67°F,66.0,0.265,0.28342245989304815
highest-temperature-in-san-francisco-on-june-7-2026,San Francisco,2026-06-07,2026-06-07 08:34:00+00:00,T-24,4.0,68-69°F,68.0,0.165,0.17647058823529413
highest-temperature-in-san-francisco-on-june-7-2026,San Francisco,2026-06-07,2026-06-07 08:34:00+00:00,T-24,5.0,70-71°F,70.0,0.013999999999999999,0.014973262032085561
highest-temperature-in-san-francisco-on-june-7-2026,San Francisco,2026-06-07,2026-06-07 08:34:00+00:00,T-24,6.0,72-73°F,72.0,0.004,0.0042780748663101605
highest-temperature-in-san-francisco-on-june-7-2026,San Francisco,2026-06-07,2026-06-07 08:34:00+00:00,T-24,7.0,74-75°F,74.0,0.002,0.0021390374331550803
highest-temperature-in-san-francisco-on-june-7-2026,San Francisco,2026-06-07,2026-06-07 08:34:00+00:00,T-24,8.0,76-77°F,76.0,0.0015,0.0016042780748663102
highest-temperature-in-san-francisco-on-june-7-2026,San Francisco,2026-06-07,2026-06-07 08:34:00+00:00,T-24,9.0,78-79°F,78.0,0.0015,0.0016042780748663102
highest-temperature-in-san-francisco-on-june-7-2026,San Francisco,2026-06-07,2026-06-07 08:34:00+00:00,T-24,10.0,80°F or higher,80.0,0.0015,0.0016042780748663102
highest-temperature-in-san-francisco-on-june-7-2026,San Francisco,2026-06-07,2026-06-08 02:34:00+00:00,T-6,0.0,61°F or below,61.0,0.002,0.0016346546791990192
highest-temperature-in-san-francisco-on-june-7-2026,San Francisco,2026-06-07,2026-06-08 02:34:00+00:00,T-6,1.0,62-63°F,62.0,0.0015,0.0012259910093992644
highest-temperature-in-san-francisco-on-june-7-2026,San Francisco,2026-06-07,2026-06-08 02:34:00+00:00,T-6,2.0,64-65°F,64.0,0.21,0.17163874131589701
highest-temperature-in-san-francisco-on-june-7-2026,San Francisco,2026-06-07,2026-06-08 02:34:00+00:00,T-6,3.0,66-67°F,66.0,0.998,0.8156926849203106
highest-temperature-in-san-francisco-on-june-7-2026,San Francisco,2026-06-07,2026-06-08 02:34:00+00:00,T-6,4.0,68-69°F,68.0,0.002,0.0016346546791990192
highest-temperature-in-san-francisco-on-june-7-2026,San Francisco,2026-06-07,2026-06-08 02:34:00+00:00,T-6,5.0,70-71°F,70.0,0.0015,0.0012259910093992644
highest-temperature-in-san-francisco-on-june-7-2026,San Francisco,2026-06-07,2026-06-08 02:34:00+00:00,T-6,6.0,72-73°F,72.0,0.0015,0.0012259910093992644
highest-temperature-in-san-francisco-on-june-7-2026,San Francisco,2026-06-07,2026-06-08 02:34:00+00:00,T-6,7.0,74-75°F,74.0,0.002,0.0016346546791990192
highest-temperature-in-san-francisco-on-june-7-2026,San Francisco,2026-06-07,2026-06-08 02:34:00+00:00,T-6,8.0,76-77°F,76.0,0.0015,0.0012259910093992644
highest-temperature-in-san-francisco-on-june-7-2026,San Francisco,2026-06-07,2026-06-08 02:34:00+00:00,T-6,9.0,78-79°F,78.0,0.002,0.0016346546791990192
highest-temperature-in-san-francisco-on-june-7-2026,San Francisco,2026-06-07,2026-06-08 02:34:00+00:00,T-6,10.0,80°F or higher,80.0,0.0015,0.0012259910093992644
highest-temperature-in-san-francisco-on-june-7-2026,San Francisco,2026-06-07,2026-06-08 07:34:00+00:00,T-1,0.0,61°F or below,61.0,0.002,0.0016346546791990192
highest-temperature-in-san-francisco-on-june-7-2026,San Francisco,2026-06-07,2026-06-08 07:34:00+00:00,T-1,1.0,62-63°F,62.0,0.0015,0.0012259910093992644
highest-temperature-in-san-francisco-on-june-7-2026,San Francisco,2026-06-07,2026-06-08 07:34:00+00:00,T-1,2.0,64-65°F,64.0,0.21,0.17163874131589701
highest-temperature-in-san-francisco-on-june-7-2026,San Francisco,2026-06-07,2026-06-08 07:34:00+00:00,T-1,3.0,66-67°F,66.0,0.998,0.8156926849203106
highest-temperature-in-san-francisco-on-june-7-2026,San Francisco,2026-06-07,2026-06-08 07:34:00+00:00,T-1,4.0,68-69°F,68.0,0.002,0.0016346546791990192
highest-temperature-in-san-francisco-on-june-7-2026,San Francisco,2026-06-07,2026-06-08 07:34:00+00:00,T-1,5.0,70-71°F,70.0,0.0015,0.0012259910093992644
highest-temperature-in-san-francisco-on-june-7-2026,San Francisco,2026-06-07,2026-06-08 07:34:00+00:00,T-1,6.0,72-73°F,72.0,0.0015,0.0012259910093992644
highest-temperature-in-san-francisco-on-june-7-2026,San Francisco,2026-06-07,2026-06-08 07:34:00+00:00,T-1,7.0,74-75°F,74.0,0.002,0.0016346546791990192
highest-temperature-in-san-francisco-on-june-7-2026,San Francisco,2026-06-07,2026-06-08 07:34:00+00:00,T-1,8.0,76-77°F,76.0,0.0015,0.0012259910093992644
highest-temperature-in-san-francisco-on-june-7-2026,San Francisco,2026-06-07,2026-06-08 07:34:00+00:00,T-1,9.0,78-79°F,78.0,0.002,0.0016346546791990192
highest-temperature-in-san-francisco-on-june-7-2026,San Francisco,2026-06-07,2026-06-08 07:34:00+00:00,T-1,10.0,80°F or higher,80.0,0.0015,0.0012259910093992644
highest-temperature-in-mexico-city-on-june-8-2026,Mexico City,2026-06-08,2026-06-07 07:35:00+00:00,T-48,0.0,18°C or below,18.0,0.005,0.00482392667631452
highest-temperature-in-mexico-city-on-june-8-2026,Mexico City,2026-06-08,2026-06-07 07:35:00+00:00,T-48,1.0,19°C,19.0,0.0055,0.005306319343945972
highest-temperature-in-mexico-city-on-june-8-2026,Mexico City,2026-06-08,2026-06-07 07:35:00+00:00,T-48,2.0,20°C,20.0,0.010499999999999999,0.010130246020260492
highest-temperature-in-mexico-city-on-june-8-2026,Mexico City,2026-06-08,2026-06-07 07:35:00+00:00,T-48,3.0,21°C,21.0,0.03,0.02894356005788712
highest-temperature-in-mexico-city-on-june-8-2026,Mexico City,2026-06-08,2026-06-07 07:35:00+00:00,T-48,4.0,22°C,22.0,0.28,0.27013989387361315
highest-temperature-in-mexico-city-on-june-8-2026,Mexico City,2026-06-08,2026-06-07 07:35:00+00:00,T-48,5.0,23°C,23.0,0.32999999999999996,0.3183791606367583
highest-temperature-in-mexico-city-on-june-8-2026,Mexico City,2026-06-08,2026-06-07 07:35:00+00:00,T-48,6.0,24°C,24.0,0.16999999999999998,0.16401350699469366
highest-temperature-in-mexico-city-on-june-8-2026,Mexico City,2026-06-08,2026-06-07 07:35:00+00:00,T-48,7.0,25°C,25.0,0.16,0.15436565364206464
highest-temperature-in-mexico-city-on-june-8-2026,Mexico City,2026-06-08,2026-06-07 07:35:00+00:00,T-48,8.0,26°C,26.0,0.035500000000000004,0.0342498794018331
highest-temperature-in-mexico-city-on-june-8-2026,Mexico City,2026-06-08,2026-06-07 07:35:00+00:00,T-48,9.0,27°C,27.0,0.0065,0.006271104679208876
highest-temperature-in-mexico-city-on-june-8-2026,Mexico City,2026-06-08,2026-06-07 07:35:00+00:00,T-48,10.0,28°C or higher,28.0,0.0035,0.003376748673420164
highest-temperature-in-mexico-city-on-june-8-2026,Mexico City,2026-06-08,2026-06-08 07:35:00+00:00,T-24,0.0,18°C or below,18.0,0.0015,0.0014662756598240471
highest-temperature-in-mexico-city-on-june-8-2026,Mexico City,2026-06-08,2026-06-08 07:35:00+00:00,T-24,1.0,19°C,19.0,0.0015,0.0014662756598240471
highest-temperature-in-mexico-city-on-june-8-2026,Mexico City,2026-06-08,2026-06-08 07:35:00+00:00,T-24,2.0,20°C,20.0,0.0035,0.0034213098729227766
highest-temperature-in-mexico-city-on-june-8-2026,Mexico City,2026-06-08,2026-06-08 07:35:00+00:00,T-24,3.0,21°C,21.0,0.015,0.01466275659824047
highest-temperature-in-mexico-city-on-june-8-2026,Mexico City,2026-06-08,2026-06-08 07:35:00+00:00,T-24,4.0,22°C,22.0,0.055,0.05376344086021506
highest-temperature-in-mexico-city-on-june-8-2026,Mexico City,2026-06-08,2026-06-08 07:35:00+00:00,T-24,5.0,23°C,23.0,0.33,0.32258064516129037
highest-temperature-in-mexico-city-on-june-8-2026,Mexico City,2026-06-08,2026-06-08 07:35:00+00:00,T-24,6.0,24°C,24.0,0.385,0.37634408602150543
highest-temperature-in-mexico-city-on-june-8-2026,Mexico City,2026-06-08,2026-06-08 07:35:00+00:00,T-24,7.0,25°C,25.0,0.21000000000000002,0.2052785923753666
highest-temperature-in-mexico-city-on-june-8-2026,Mexico City,2026-06-08,2026-06-08 07:35:00+00:00,T-24,8.0,26°C,26.0,0.015,0.01466275659824047
highest-temperature-in-mexico-city-on-june-8-2026,Mexico City,2026-06-08,2026-06-08 07:35:00+00:00,T-24,9.0,27°C,27.0,0.0035,0.0034213098729227766
highest-temperature-in-mexico-city-on-june-8-2026,Mexico City,2026-06-08,2026-06-08 07:35:00+00:00,T-24,10.0,28°C or higher,28.0,0.003,0.0029325513196480943
highest-temperature-in-mexico-city-on-june-8-2026,Mexico City,2026-06-08,2026-06-09 01:35:00+00:00,T-6,0.0,18°C or below,18.0,0.0015,0.0014662756598240471
highest-temperature-in-mexico-city-on-june-8-2026,Mexico City,2026-06-08,2026-06-09 01:35:00+00:00,T-6,1.0,19°C,19.0,0.0015,0.0014662756598240471
highest-temperature-in-mexico-city-on-june-8-2026,Mexico City,2026-06-08,2026-06-09 01:35:00+00:00,T-6,2.0,20°C,20.0,0.0015,0.0014662756598240471
highest-temperature-in-mexico-city-on-june-8-2026,Mexico City,2026-06-08,2026-06-09 01:35:00+00:00,T-6,3.0,21°C,21.0,0.0015,0.0014662756598240471
highest-temperature-in-mexico-city-on-june-8-2026,Mexico City,2026-06-08,2026-06-09 01:35:00+00:00,T-6,4.0,22°C,22.0,0.004999999999999999,0.004887585532746823
highest-temperature-in-mexico-city-on-june-8-2026,Mexico City,2026-06-08,2026-06-09 01:35:00+00:00,T-6,5.0,23°C,23.0,0.004999999999999999,0.004887585532746823
highest-temperature-in-mexico-city-on-june-8-2026,Mexico City,2026-06-08,2026-06-09 01:35:00+00:00,T-6,6.0,24°C,24.0,0.995,0.9726295210166179
highest-temperature-in-mexico-city-on-june-8-2026,Mexico City,2026-06-08,2026-06-09 01:35:00+00:00,T-6,7.0,25°C,25.0,0.004,0.0039100684261974585
highest-temperature-in-mexico-city-on-june-8-2026,Mexico City,2026-06-08,2026-06-09 01:35:00+00:00,T-6,8.0,26°C,26.0,0.0025,0.002443792766373412
highest-temperature-in-mexico-city-on-june-8-2026,Mexico City,2026-06-08,2026-06-09 01:35:00+00:00,T-6,9.0,27°C,27.0,0.004,0.0039100684261974585
highest-temperature-in-mexico-city-on-june-8-2026,Mexico City,2026-06-08,2026-06-09 01:35:00+00:00,T-6,10.0,28°C or higher,28.0,0.0015,0.0014662756598240471
highest-temperature-in-mexico-city-on-june-8-2026,Mexico City,2026-06-08,2026-06-09 06:35:00+00:00,T-1,0.0,18°C or below,18.0,0.0015,0.0014662756598240471
highest-temperature-in-mexico-city-on-june-8-2026,Mexico City,2026-06-08,2026-06-09 06:35:00+00:00,T-1,1.0,19°C,19.0,0.0015,0.0014662756598240471
highest-temperature-in-mexico-city-on-june-8-2026,Mexico City,2026-06-08,2026-06-09 06:35:00+00:00,T-1,2.0,20°C,20.0,0.0015,0.0014662756598240471
highest-temperature-in-mexico-city-on-june-8-2026,Mexico City,2026-06-08,2026-06-09 06:35:00+00:00,T-1,3.0,21°C,21.0,0.0015,0.0014662756598240471
highest-temperature-in-mexico-city-on-june-8-2026,Mexico City,2026-06-08,2026-06-09 06:35:00+00:00,T-1,4.0,22°C,22.0,0.004999999999999999,0.004887585532746823
highest-temperature-in-mexico-city-on-june-8-2026,Mexico City,2026-06-08,2026-06-09 06:35:00+00:00,T-1,5.0,23°C,23.0,0.004999999999999999,0.004887585532746823
highest-temperature-in-mexico-city-on-june-8-2026,Mexico City,2026-06-08,2026-06-09 06:35:00+00:00,T-1,6.0,24°C,24.0,0.995,0.9726295210166179
highest-temperature-in-mexico-city-on-june-8-2026,Mexico City,2026-06-08,2026-06-09 06:35:00+00:00,T-1,7.0,25°C,25.0,0.004,0.0039100684261974585
highest-temperature-in-mexico-city-on-june-8-2026,Mexico City,2026-06-08,2026-06-09 06:35:00+00:00,T-1,8.0,26°C,26.0,0.0025,0.002443792766373412
highest-temperature-in-mexico-city-on-june-8-2026,Mexico City,2026-06-08,2026-06-09 06:35:00+00:00,T-1,9.0,27°C,27.0,0.004,0.0039100684261974585
highest-temperature-in-mexico-city-on-june-8-2026,Mexico City,2026-06-08,2026-06-09 06:35:00+00:00,T-1,10.0,28°C or higher,28.0,0.0015,0.0014662756598240471
highest-temperature-in-houston-on-june-8-2026,Houston,2026-06-08,2026-06-07 06:35:00+00:00,T-48,0.0,77°F or below,77.0,0.0025,0.0023809523809523816
highest-temperature-in-houston-on-june-8-2026,Houston,2026-06-08,2026-06-07 06:35:00+00:00,T-48,1.0,78-79°F,78.0,0.003,0.0028571428571428576
highest-temperature-in-houston-on-june-8-2026,Houston,2026-06-08,2026-06-07 06:35:00+00:00,T-48,2.0,80-81°F,80.0,0.006,0.005714285714285715
highest-temperature-in-houston-on-june-8-2026,Houston,2026-06-08,2026-06-07 06:35:00+00:00,T-48,3.0,82-83°F,82.0,0.012,0.01142857142857143
highest-temperature-in-houston-on-june-8-2026,Houston,2026-06-08,2026-06-07 06:35:00+00:00,T-48,4.0,84-85°F,84.0,0.10450000000000001,0.09952380952380956
highest-temperature-in-houston-on-june-8-2026,Houston,2026-06-08,2026-06-07 06:35:00+00:00,T-48,5.0,86-87°F,86.0,0.265,0.25238095238095243
highest-temperature-in-houston-on-june-8-2026,Houston,2026-06-08,2026-06-07 06:35:00+00:00,T-48,6.0,88-89°F,88.0,0.39,0.3714285714285715
highest-temperature-in-houston-on-june-8-2026,Houston,2026-06-08,2026-06-07 06:35:00+00:00,T-48,7.0,90-91°F,90.0,0.195,0.18571428571428575
highest-temperature-in-houston-on-june-8-2026,Houston,2026-06-08,2026-06-07 06:35:00+00:00,T-48,8.0,92-93°F,92.0,0.045,0.042857142857142864
highest-temperature-in-houston-on-june-8-2026,Houston,2026-06-08,2026-06-07 06:35:00+00:00,T-48,9.0,94-95°F,94.0,0.020999999999999998,0.02
highest-temperature-in-houston-on-june-8-2026,Houston,2026-06-08,2026-06-07 06:35:00+00:00,T-48,10.0,96°F or higher,96.0,0.006,0.005714285714285715
highest-temperature-in-houston-on-june-8-2026,Houston,2026-06-08,2026-06-08 06:35:00+00:00,T-24,0.0,77°F or below,77.0,0.0015,0.0015698587127158557
highest-temperature-in-houston-on-june-8-2026,Houston,2026-06-08,2026-06-08 06:35:00+00:00,T-24,1.0,78-79°F,78.0,0.0015,0.0015698587127158557
highest-temperature-in-houston-on-june-8-2026,Houston,2026-06-08,2026-06-08 06:35:00+00:00,T-24,2.0,80-81°F,80.0,0.003,0.0031397174254317113
highest-temperature-in-houston-on-june-8-2026,Houston,2026-06-08,2026-06-08 06:35:00+00:00,T-24,3.0,82-83°F,82.0,0.0125,0.013082155939298798
highest-temperature-in-houston-on-june-8-2026,Houston,2026-06-08,2026-06-08 06:35:00+00:00,T-24,4.0,84-85°F,84.0,0.082,0.08581894296180012
highest-temperature-in-houston-on-june-8-2026,Houston,2026-06-08,2026-06-08 06:35:00+00:00,T-24,5.0,86-87°F,86.0,0.385,0.402930402930403
highest-temperature-in-houston-on-june-8-2026,Houston,2026-06-08,2026-06-08 06:35:00+00:00,T-24,6.0,88-89°F,88.0,0.385,0.402930402930403
highest-temperature-in-houston-on-june-8-2026,Houston,2026-06-08,2026-06-08 06:35:00+00:00,T-24,7.0,90-91°F,90.0,0.065,0.06802721088435375
highest-temperature-in-houston-on-june-8-2026,Houston,2026-06-08,2026-06-08 06:35:00+00:00,T-24,8.0,92-93°F,92.0,0.014499999999999999,0.015175300889586605
highest-temperature-in-houston-on-june-8-2026,Houston,2026-06-08,2026-06-08 06:35:00+00:00,T-24,9.0,94-95°F,94.0,0.003,0.0031397174254317113
highest-temperature-in-houston-on-june-8-2026,Houston,2026-06-08,2026-06-08 06:35:00+00:00,T-24,10.0,96°F or higher,96.0,0.0025,0.0026164311878597597
highest-temperature-in-houston-on-june-8-2026,Houston,2026-06-08,2026-06-09 00:35:00+00:00,T-6,0.0,77°F or below,77.0,0.0015,0.0014698677119059282
highest-temperature-in-houston-on-june-8-2026,Houston,2026-06-08,2026-06-09 00:35:00+00:00,T-6,1.0,78-79°F,78.0,0.0015,0.0014698677119059282
highest-temperature-in-houston-on-june-8-2026,Houston,2026-06-08,2026-06-09 00:35:00+00:00,T-6,2.0,80-81°F,80.0,0.003,0.0029397354238118564
highest-temperature-in-houston-on-june-8-2026,Houston,2026-06-08,2026-06-09 00:35:00+00:00,T-6,3.0,82-83°F,82.0,0.002,0.001959823615874571
highest-temperature-in-houston-on-june-8-2026,Houston,2026-06-08,2026-06-09 00:35:00+00:00,T-6,4.0,84-85°F,84.0,0.0015,0.0014698677119059282
highest-temperature-in-houston-on-june-8-2026,Houston,2026-06-08,2026-06-09 00:35:00+00:00,T-6,5.0,86-87°F,86.0,0.004999999999999999,0.004899559039686426
highest-temperature-in-houston-on-june-8-2026,Houston,2026-06-08,2026-06-09 00:35:00+00:00,T-6,6.0,88-89°F,88.0,0.0035,0.0034296913277804993
highest-temperature-in-houston-on-june-8-2026,Houston,2026-06-08,2026-06-09 00:35:00+00:00,T-6,7.0,90-91°F,90.0,0.9975,0.9774620284174423
highest-temperature-in-houston-on-june-8-2026,Houston,2026-06-08,2026-06-09 00:35:00+00:00,T-6,8.0,92-93°F,92.0,0.002,0.001959823615874571
highest-temperature-in-houston-on-june-8-2026,Houston,2026-06-08,2026-06-09 00:35:00+00:00,T-6,9.0,94-95°F,94.0,0.0015,0.0014698677119059282
highest-temperature-in-houston-on-june-8-2026,Houston,2026-06-08,2026-06-09 00:35:00+00:00,T-6,10.0,96°F or higher,96.0,0.0015,0.0014698677119059282
highest-temperature-in-houston-on-june-8-2026,Houston,2026-06-08,2026-06-09 05:35:00+00:00,T-1,0.0,77°F or below,77.0,0.0015,0.0014698677119059282
highest-temperature-in-houston-on-june-8-2026,Houston,2026-06-08,2026-06-09 05:35:00+00:00,T-1,1.0,78-79°F,78.0,0.0015,0.0014698677119059282
highest-temperature-in-houston-on-june-8-2026,Houston,2026-06-08,2026-06-09 05:35:00+00:00,T-1,2.0,80-81°F,80.0,0.003,0.0029397354238118564
highest-temperature-in-houston-on-june-8-2026,Houston,2026-06-08,2026-06-09 05:35:00+00:00,T-1,3.0,82-83°F,82.0,0.002,0.001959823615874571
highest-temperature-in-houston-on-june-8-2026,Houston,2026-06-08,2026-06-09 05:35:00+00:00,T-1,4.0,84-85°F,84.0,0.0015,0.0014698677119059282
highest-temperature-in-houston-on-june-8-2026,Houston,2026-06-08,2026-06-09 05:35:00+00:00,T-1,5.0,86-87°F,86.0,0.004999999999999999,0.004899559039686426
highest-temperature-in-houston-on-june-8-2026,Houston,2026-06-08,2026-06-09 05:35:00+00:00,T-1,6.0,88-89°F,88.0,0.0035,0.0034296913277804993
highest-temperature-in-houston-on-june-8-2026,Houston,2026-06-08,2026-06-09 05:35:00+00:00,T-1,7.0,90-91°F,90.0,0.9975,0.9774620284174423
highest-temperature-in-houston-on-june-8-2026,Houston,2026-06-08,2026-06-09 05:35:00+00:00,T-1,8.0,92-93°F,92.0,0.002,0.001959823615874571
highest-temperature-in-houston-on-june-8-2026,Houston,2026-06-08,2026-06-09 05:35:00+00:00,T-1,9.0,94-95°F,94.0,0.0015,0.0014698677119059282
highest-temperature-in-houston-on-june-8-2026,Houston,2026-06-08,2026-06-09 05:35:00+00:00,T-1,10.0,96°F or higher,96.0,0.0015,0.0014698677119059282
highest-temperature-in-manila-on-june-8-2026,Manila,2026-06-08,2026-06-07 16:43:00+00:00,T-24,0.0,26°C or below,26.0,0.0015,0.0014713094654242274
highest-temperature-in-manila-on-june-8-2026,Manila,2026-06-08,2026-06-07 16:43:00+00:00,T-24,1.0,27°C,27.0,0.0015,0.0014713094654242274
highest-temperature-in-manila-on-june-8-2026,Manila,2026-06-08,2026-06-07 16:43:00+00:00,T-24,2.0,28°C,28.0,0.002,0.0019617459538989698
highest-temperature-in-manila-on-june-8-2026,Manila,2026-06-08,2026-06-07 16:43:00+00:00,T-24,3.0,29°C,29.0,0.0065,0.006375674350171652
highest-temperature-in-manila-on-june-8-2026,Manila,2026-06-08,2026-06-07 16:43:00+00:00,T-24,4.0,30°C,30.0,0.0075,0.007356547327121137
highest-temperature-in-manila-on-june-8-2026,Manila,2026-06-08,2026-06-07 16:43:00+00:00,T-24,5.0,31°C,31.0,0.065,0.06375674350171652
highest-temperature-in-manila-on-june-8-2026,Manila,2026-06-08,2026-06-07 16:43:00+00:00,T-24,6.0,32°C,32.0,0.325,0.31878371750858264
highest-temperature-in-manila-on-june-8-2026,Manila,2026-06-08,2026-06-07 16:43:00+00:00,T-24,7.0,33°C,33.0,0.425,0.4168710152035311
highest-temperature-in-manila-on-june-8-2026,Manila,2026-06-08,2026-06-07 16:43:00+00:00,T-24,8.0,34°C,34.0,0.16,0.1569396763119176
highest-temperature-in-manila-on-june-8-2026,Manila,2026-06-08,2026-06-07 16:43:00+00:00,T-24,9.0,35°C,35.0,0.022,0.021579205492888668
highest-temperature-in-manila-on-june-8-2026,Manila,2026-06-08,2026-06-07 16:43:00+00:00,T-24,10.0,36°C or higher,36.0,0.0035,0.0034330554193231977
highest-temperature-in-manila-on-june-8-2026,Manila,2026-06-08,2026-06-08 10:43:00+00:00,T-6,0.0,26°C or below,26.0,0.0015,0.0014648437500000002
highest-temperature-in-manila-on-june-8-2026,Manila,2026-06-08,2026-06-08 10:43:00+00:00,T-6,1.0,27°C,27.0,0.0015,0.0014648437500000002
highest-temperature-in-manila-on-june-8-2026,Manila,2026-06-08,2026-06-08 10:43:00+00:00,T-6,2.0,28°C,28.0,0.002,0.0019531250000000004
highest-temperature-in-manila-on-june-8-2026,Manila,2026-06-08,2026-06-08 10:43:00+00:00,T-6,3.0,29°C,29.0,0.002,0.0019531250000000004
highest-temperature-in-manila-on-june-8-2026,Manila,2026-06-08,2026-06-08 10:43:00+00:00,T-6,4.0,30°C,30.0,0.0015,0.0014648437500000002
highest-temperature-in-manila-on-june-8-2026,Manila,2026-06-08,2026-06-08 10:43:00+00:00,T-6,5.0,31°C,31.0,0.0015,0.0014648437500000002
highest-temperature-in-manila-on-june-8-2026,Manila,2026-06-08,2026-06-08 10:43:00+00:00,T-6,6.0,32°C,32.0,0.9984999999999999,0.9750976562500001
highest-temperature-in-manila-on-june-8-2026,Manila,2026-06-08,2026-06-08 10:43:00+00:00,T-6,7.0,33°C,33.0,0.0015,0.0014648437500000002
highest-temperature-in-manila-on-june-8-2026,Manila,2026-06-08,2026-06-08 10:43:00+00:00,T-6,8.0,34°C,34.0,0.011000000000000001,0.010742187500000003
highest-temperature-in-manila-on-june-8-2026,Manila,2026-06-08,2026-06-08 10:43:00+00:00,T-6,9.0,35°C,35.0,0.0015,0.0014648437500000002
highest-temperature-in-manila-on-june-8-2026,Manila,2026-06-08,2026-06-08 10:43:00+00:00,T-6,10.0,36°C or higher,36.0,0.0015,0.0014648437500000002
highest-temperature-in-manila-on-june-8-2026,Manila,2026-06-08,2026-06-08 15:24:00+00:00,T-1,0.0,26°C or below,26.0,0.0015,0.0014800197335964479
highest-temperature-in-manila-on-june-8-2026,Manila,2026-06-08,2026-06-08 15:24:00+00:00,T-1,1.0,27°C,27.0,0.0015,0.0014800197335964479
highest-temperature-in-manila-on-june-8-2026,Manila,2026-06-08,2026-06-08 15:24:00+00:00,T-1,2.0,28°C,28.0,0.002,0.0019733596447952637
highest-temperature-in-manila-on-june-8-2026,Manila,2026-06-08,2026-06-08 15:24:00+00:00,T-1,3.0,29°C,29.0,0.002,0.0019733596447952637
highest-temperature-in-manila-on-june-8-2026,Manila,2026-06-08,2026-06-08 15:24:00+00:00,T-1,4.0,30°C,30.0,0.0015,0.0014800197335964479
highest-temperature-in-manila-on-june-8-2026,Manila,2026-06-08,2026-06-08 15:24:00+00:00,T-1,5.0,31°C,31.0,0.0015,0.0014800197335964479
highest-temperature-in-manila-on-june-8-2026,Manila,2026-06-08,2026-06-08 15:24:00+00:00,T-1,6.0,32°C,32.0,0.9975,0.9842131228416379
highest-temperature-in-manila-on-june-8-2026,Manila,2026-06-08,2026-06-08 15:24:00+00:00,T-1,7.0,33°C,33.0,0.0015,0.0014800197335964479
highest-temperature-in-manila-on-june-8-2026,Manila,2026-06-08,2026-06-08 15:24:00+00:00,T-1,8.0,34°C,34.0,0.0015,0.0014800197335964479
highest-temperature-in-manila-on-june-8-2026,Manila,2026-06-08,2026-06-08 15:24:00+00:00,T-1,9.0,35°C,35.0,0.0015,0.0014800197335964479
highest-temperature-in-manila-on-june-8-2026,Manila,2026-06-08,2026-06-08 15:24:00+00:00,T-1,10.0,36°C or higher,36.0,0.0015,0.0014800197335964479
highest-temperature-in-dallas-on-june-8-2026,Dallas,2026-06-08,2026-06-07 06:35:00+00:00,T-48,0.0,83°F or below,83.0,0.0025,0.002439024390243903
highest-temperature-in-dallas-on-june-8-2026,Dallas,2026-06-08,2026-06-07 06:35:00+00:00,T-48,1.0,84-85°F,84.0,0.003,0.0029268292682926834
highest-temperature-in-dallas-on-june-8-2026,Dallas,2026-06-08,2026-06-07 06:35:00+00:00,T-48,2.0,86-87°F,86.0,0.0035,0.003414634146341464
highest-temperature-in-dallas-on-june-8-2026,Dallas,2026-06-08,2026-06-07 06:35:00+00:00,T-48,3.0,88-89°F,88.0,0.0445,0.04341463414634147
highest-temperature-in-dallas-on-june-8-2026,Dallas,2026-06-08,2026-06-07 06:35:00+00:00,T-48,4.0,90-91°F,90.0,0.155,0.15121951219512197
highest-temperature-in-dallas-on-june-8-2026,Dallas,2026-06-08,2026-06-07 06:35:00+00:00,T-48,5.0,92-93°F,92.0,0.325,0.3170731707317074
highest-temperature-in-dallas-on-june-8-2026,Dallas,2026-06-08,2026-06-07 06:35:00+00:00,T-48,6.0,94-95°F,94.0,0.255,0.24878048780487808
highest-temperature-in-dallas-on-june-8-2026,Dallas,2026-06-08,2026-06-07 06:35:00+00:00,T-48,7.0,96-97°F,96.0,0.15000000000000002,0.1463414634146342
highest-temperature-in-dallas-on-june-8-2026,Dallas,2026-06-08,2026-06-07 06:35:00+00:00,T-48,8.0,98-99°F,98.0,0.065,0.06341463414634146
highest-temperature-in-dallas-on-june-8-2026,Dallas,2026-06-08,2026-06-07 06:35:00+00:00,T-48,9.0,100-101°F,100.0,0.015,0.014634146341463415
highest-temperature-in-dallas-on-june-8-2026,Dallas,2026-06-08,2026-06-07 06:35:00+00:00,T-48,10.0,102°F or higher,102.0,0.0065,0.006341463414634147
highest-temperature-in-dallas-on-june-8-2026,Dallas,2026-06-08,2026-06-08 06:35:00+00:00,T-24,0.0,83°F or below,83.0,0.0015,0.0015806111696522658
highest-temperature-in-dallas-on-june-8-2026,Dallas,2026-06-08,2026-06-08 06:35:00+00:00,T-24,1.0,84-85°F,84.0,0.0015,0.0015806111696522658
highest-temperature-in-dallas-on-june-8-2026,Dallas,2026-06-08,2026-06-08 06:35:00+00:00,T-24,2.0,86-87°F,86.0,0.0025,0.002634351949420443
highest-temperature-in-dallas-on-june-8-2026,Dallas,2026-06-08,2026-06-08 06:35:00+00:00,T-24,3.0,88-89°F,88.0,0.042499999999999996,0.044783983140147525
highest-temperature-in-dallas-on-june-8-2026,Dallas,2026-06-08,2026-06-08 06:35:00+00:00,T-24,4.0,90-91°F,90.0,0.295,0.3108535300316122
highest-temperature-in-dallas-on-june-8-2026,Dallas,2026-06-08,2026-06-08 06:35:00+00:00,T-24,5.0,92-93°F,92.0,0.425,0.44783983140147526
highest-temperature-in-dallas-on-june-8-2026,Dallas,2026-06-08,2026-06-08 06:35:00+00:00,T-24,6.0,94-95°F,94.0,0.13,0.13698630136986303
highest-temperature-in-dallas-on-june-8-2026,Dallas,2026-06-08,2026-06-08 06:35:00+00:00,T-24,7.0,96-97°F,96.0,0.035,0.036880927291886204
highest-temperature-in-dallas-on-june-8-2026,Dallas,2026-06-08,2026-06-08 06:35:00+00:00,T-24,8.0,98-99°F,98.0,0.0115,0.012118018967334037
highest-temperature-in-dallas-on-june-8-2026,Dallas,2026-06-08,2026-06-08 06:35:00+00:00,T-24,9.0,100-101°F,100.0,0.0025,0.002634351949420443
highest-temperature-in-dallas-on-june-8-2026,Dallas,2026-06-08,2026-06-08 06:35:00+00:00,T-24,10.0,102°F or higher,102.0,0.002,0.0021074815595363543
highest-temperature-in-dallas-on-june-8-2026,Dallas,2026-06-08,2026-06-09 00:35:00+00:00,T-6,0.0,83°F or below,83.0,0.0015,0.0014720314033366043
highest-temperature-in-dallas-on-june-8-2026,Dallas,2026-06-08,2026-06-09 00:35:00+00:00,T-6,1.0,84-85°F,84.0,0.0015,0.0014720314033366043
highest-temperature-in-dallas-on-june-8-2026,Dallas,2026-06-08,2026-06-09 00:35:00+00:00,T-6,2.0,86-87°F,86.0,0.0015,0.0014720314033366043
highest-temperature-in-dallas-on-june-8-2026,Dallas,2026-06-08,2026-06-09 00:35:00+00:00,T-6,3.0,88-89°F,88.0,0.0015,0.0014720314033366043
highest-temperature-in-dallas-on-june-8-2026,Dallas,2026-06-08,2026-06-09 00:35:00+00:00,T-6,4.0,90-91°F,90.0,0.0055,0.0053974484789008825
highest-temperature-in-dallas-on-june-8-2026,Dallas,2026-06-08,2026-06-09 00:35:00+00:00,T-6,5.0,92-93°F,92.0,0.004,0.003925417075564278
highest-temperature-in-dallas-on-june-8-2026,Dallas,2026-06-08,2026-06-09 00:35:00+00:00,T-6,6.0,94-95°F,94.0,0.997,0.9784102060843963
highest-temperature-in-dallas-on-june-8-2026,Dallas,2026-06-08,2026-06-09 00:35:00+00:00,T-6,7.0,96-97°F,96.0,0.002,0.001962708537782139
highest-temperature-in-dallas-on-june-8-2026,Dallas,2026-06-08,2026-06-09 00:35:00+00:00,T-6,8.0,98-99°F,98.0,0.0015,0.0014720314033366043
highest-temperature-in-dallas-on-june-8-2026,Dallas,2026-06-08,2026-06-09 00:35:00+00:00,T-6,9.0,100-101°F,100.0,0.0015,0.0014720314033366043
highest-temperature-in-dallas-on-june-8-2026,Dallas,2026-06-08,2026-06-09 00:35:00+00:00,T-6,10.0,102°F or higher,102.0,0.0015,0.0014720314033366043
highest-temperature-in-dallas-on-june-8-2026,Dallas,2026-06-08,2026-06-09 04:45:00+00:00,T-1,0.0,83°F or below,83.0,0.0015,0.0014720314033366043
highest-temperature-in-dallas-on-june-8-2026,Dallas,2026-06-08,2026-06-09 04:45:00+00:00,T-1,1.0,84-85°F,84.0,0.0015,0.0014720314033366043
highest-temperature-in-dallas-on-june-8-2026,Dallas,2026-06-08,2026-06-09 04:45:00+00:00,T-1,2.0,86-87°F,86.0,0.0015,0.0014720314033366043
highest-temperature-in-dallas-on-june-8-2026,Dallas,2026-06-08,2026-06-09 04:45:00+00:00,T-1,3.0,88-89°F,88.0,0.0015,0.0014720314033366043
highest-temperature-in-dallas-on-june-8-2026,Dallas,2026-06-08,2026-06-09 04:45:00+00:00,T-1,4.0,90-91°F,90.0,0.0055,0.0053974484789008825
highest-temperature-in-dallas-on-june-8-2026,Dallas,2026-06-08,2026-06-09 04:45:00+00:00,T-1,5.0,92-93°F,92.0,0.004,0.003925417075564278
highest-temperature-in-dallas-on-june-8-2026,Dallas,2026-06-08,2026-06-09 04:45:00+00:00,T-1,6.0,94-95°F,94.0,0.997,0.9784102060843963
highest-temperature-in-dallas-on-june-8-2026,Dallas,2026-06-08,2026-06-09 04:45:00+00:00,T-1,7.0,96-97°F,96.0,0.002,0.001962708537782139
highest-temperature-in-dallas-on-june-8-2026,Dallas,2026-06-08,2026-06-09 04:45:00+00:00,T-1,8.0,98-99°F,98.0,0.0015,0.0014720314033366043
highest-temperature-in-dallas-on-june-8-2026,Dallas,2026-06-08,2026-06-09 04:45:00+00:00,T-1,9.0,100-101°F,100.0,0.0015,0.0014720314033366043
highest-temperature-in-dallas-on-june-8-2026,Dallas,2026-06-08,2026-06-09 04:45:00+00:00,T-1,10.0,102°F or higher,102.0,0.0015,0.0014720314033366043
highest-temperature-in-amsterdam-on-june-8-2026,Amsterdam,2026-06-08,2026-06-06 23:13:00+00:00,T-48,0.0,15°C or below,15.0,0.004,0.003917727717923604
highest-temperature-in-amsterdam-on-june-8-2026,Amsterdam,2026-06-08,2026-06-06 23:13:00+00:00,T-48,1.0,16°C,16.0,0.006999999999999999,0.006856023506366306
highest-temperature-in-amsterdam-on-june-8-2026,Amsterdam,2026-06-08,2026-06-06 23:13:00+00:00,T-48,2.0,17°C,17.0,0.006999999999999999,0.006856023506366306
highest-temperature-in-amsterdam-on-june-8-2026,Amsterdam,2026-06-08,2026-06-06 23:13:00+00:00,T-48,3.0,18°C,18.0,0.0205,0.020078354554358472
highest-temperature-in-amsterdam-on-june-8-2026,Amsterdam,2026-06-08,2026-06-06 23:13:00+00:00,T-48,4.0,19°C,19.0,0.055,0.053868756121449556
highest-temperature-in-amsterdam-on-june-8-2026,Amsterdam,2026-06-08,2026-06-06 23:13:00+00:00,T-48,5.0,20°C,20.0,0.225,0.22037218413320273
highest-temperature-in-amsterdam-on-june-8-2026,Amsterdam,2026-06-08,2026-06-06 23:13:00+00:00,T-48,6.0,21°C,21.0,0.41500000000000004,0.40646425073457393
highest-temperature-in-amsterdam-on-june-8-2026,Amsterdam,2026-06-08,2026-06-06 23:13:00+00:00,T-48,7.0,22°C,22.0,0.22000000000000003,0.21547502448579825
highest-temperature-in-amsterdam-on-june-8-2026,Amsterdam,2026-06-08,2026-06-06 23:13:00+00:00,T-48,8.0,23°C,23.0,0.051500000000000004,0.050440744368266406
highest-temperature-in-amsterdam-on-june-8-2026,Amsterdam,2026-06-08,2026-06-06 23:13:00+00:00,T-48,9.0,24°C,24.0,0.0095,0.009304603330068559
highest-temperature-in-amsterdam-on-june-8-2026,Amsterdam,2026-06-08,2026-06-06 23:13:00+00:00,T-48,10.0,25°C or higher,25.0,0.006500000000000001,0.006366307541625857
highest-temperature-in-amsterdam-on-june-8-2026,Amsterdam,2026-06-08,2026-06-07 23:13:00+00:00,T-24,0.0,15°C or below,15.0,0.0015,0.0014655593551538837
highest-temperature-in-amsterdam-on-june-8-2026,Amsterdam,2026-06-08,2026-06-07 23:13:00+00:00,T-24,1.0,16°C,16.0,0.003,0.0029311187103077674
highest-temperature-in-amsterdam-on-june-8-2026,Amsterdam,2026-06-08,2026-06-07 23:13:00+00:00,T-24,2.0,17°C,17.0,0.0025,0.002442598925256473
highest-temperature-in-amsterdam-on-june-8-2026,Amsterdam,2026-06-08,2026-06-07 23:13:00+00:00,T-24,3.0,18°C,18.0,0.0295,0.028822667318026376
highest-temperature-in-amsterdam-on-june-8-2026,Amsterdam,2026-06-08,2026-06-07 23:13:00+00:00,T-24,4.0,19°C,19.0,0.164,0.16023448949682462
highest-temperature-in-amsterdam-on-june-8-2026,Amsterdam,2026-06-08,2026-06-07 23:13:00+00:00,T-24,5.0,20°C,20.0,0.385,0.3761602344894968
highest-temperature-in-amsterdam-on-june-8-2026,Amsterdam,2026-06-08,2026-06-07 23:13:00+00:00,T-24,6.0,21°C,21.0,0.375,0.3663898387884709
highest-temperature-in-amsterdam-on-june-8-2026,Amsterdam,2026-06-08,2026-06-07 23:13:00+00:00,T-24,7.0,22°C,22.0,0.05500000000000001,0.05373717635564241
highest-temperature-in-amsterdam-on-june-8-2026,Amsterdam,2026-06-08,2026-06-07 23:13:00+00:00,T-24,8.0,23°C,23.0,0.0035,0.003419638495359062
highest-temperature-in-amsterdam-on-june-8-2026,Amsterdam,2026-06-08,2026-06-07 23:13:00+00:00,T-24,9.0,24°C,24.0,0.003,0.0029311187103077674
highest-temperature-in-amsterdam-on-june-8-2026,Amsterdam,2026-06-08,2026-06-07 23:13:00+00:00,T-24,10.0,25°C or higher,25.0,0.0015,0.0014655593551538837
highest-temperature-in-amsterdam-on-june-8-2026,Amsterdam,2026-06-08,2026-06-08 17:13:00+00:00,T-6,0.0,15°C or below,15.0,0.0015,0.0014771048744460856
highest-temperature-in-amsterdam-on-june-8-2026,Amsterdam,2026-06-08,2026-06-08 17:13:00+00:00,T-6,1.0,16°C,16.0,0.003,0.002954209748892171
highest-temperature-in-amsterdam-on-june-8-2026,Amsterdam,2026-06-08,2026-06-08 17:13:00+00:00,T-6,2.0,17°C,17.0,0.0015,0.0014771048744460856
highest-temperature-in-amsterdam-on-june-8-2026,Amsterdam,2026-06-08,2026-06-08 17:13:00+00:00,T-6,3.0,18°C,18.0,0.002,0.001969473165928114
highest-temperature-in-amsterdam-on-june-8-2026,Amsterdam,2026-06-08,2026-06-08 17:13:00+00:00,T-6,4.0,19°C,19.0,0.0015,0.0014771048744460856
highest-temperature-in-amsterdam-on-june-8-2026,Amsterdam,2026-06-08,2026-06-08 17:13:00+00:00,T-6,5.0,20°C,20.0,0.0015,0.0014771048744460856
highest-temperature-in-amsterdam-on-june-8-2026,Amsterdam,2026-06-08,2026-06-08 17:13:00+00:00,T-6,6.0,21°C,21.0,0.9984999999999999,0.9832594780896109
highest-temperature-in-amsterdam-on-june-8-2026,Amsterdam,2026-06-08,2026-06-08 17:13:00+00:00,T-6,7.0,22°C,22.0,0.0015,0.0014771048744460856
highest-temperature-in-amsterdam-on-june-8-2026,Amsterdam,2026-06-08,2026-06-08 17:13:00+00:00,T-6,8.0,23°C,23.0,0.0015,0.0014771048744460856
highest-temperature-in-amsterdam-on-june-8-2026,Amsterdam,2026-06-08,2026-06-08 17:13:00+00:00,T-6,9.0,24°C,24.0,0.0015,0.0014771048744460856
highest-temperature-in-amsterdam-on-june-8-2026,Amsterdam,2026-06-08,2026-06-08 17:13:00+00:00,T-6,10.0,25°C or higher,25.0,0.0015,0.0014771048744460856
highest-temperature-in-amsterdam-on-june-8-2026,Amsterdam,2026-06-08,2026-06-08 22:13:00+00:00,T-1,0.0,15°C or below,15.0,0.0015,0.0014771048744460856
highest-temperature-in-amsterdam-on-june-8-2026,Amsterdam,2026-06-08,2026-06-08 22:13:00+00:00,T-1,1.0,16°C,16.0,0.003,0.002954209748892171
highest-temperature-in-amsterdam-on-june-8-2026,Amsterdam,2026-06-08,2026-06-08 22:13:00+00:00,T-1,2.0,17°C,17.0,0.0015,0.0014771048744460856
highest-temperature-in-amsterdam-on-june-8-2026,Amsterdam,2026-06-08,2026-06-08 22:13:00+00:00,T-1,3.0,18°C,18.0,0.002,0.001969473165928114
highest-temperature-in-amsterdam-on-june-8-2026,Amsterdam,2026-06-08,2026-06-08 22:13:00+00:00,T-1,4.0,19°C,19.0,0.0015,0.0014771048744460856
highest-temperature-in-amsterdam-on-june-8-2026,Amsterdam,2026-06-08,2026-06-08 22:13:00+00:00,T-1,5.0,20°C,20.0,0.0015,0.0014771048744460856
highest-temperature-in-amsterdam-on-june-8-2026,Amsterdam,2026-06-08,2026-06-08 22:13:00+00:00,T-1,6.0,21°C,21.0,0.9984999999999999,0.9832594780896109
highest-temperature-in-amsterdam-on-june-8-2026,Amsterdam,2026-06-08,2026-06-08 22:13:00+00:00,T-1,7.0,22°C,22.0,0.0015,0.0014771048744460856
highest-temperature-in-amsterdam-on-june-8-2026,Amsterdam,2026-06-08,2026-06-08 22:13:00+00:00,T-1,8.0,23°C,23.0,0.0015,0.0014771048744460856
highest-temperature-in-amsterdam-on-june-8-2026,Amsterdam,2026-06-08,2026-06-08 22:13:00+00:00,T-1,9.0,24°C,24.0,0.0015,0.0014771048744460856
highest-temperature-in-amsterdam-on-june-8-2026,Amsterdam,2026-06-08,2026-06-08 22:13:00+00:00,T-1,10.0,25°C or higher,25.0,0.0015,0.0014771048744460856
highest-temperature-in-cape-town-on-june-8-2026,Cape Town,2026-06-08,2026-06-06 22:40:00+00:00,T-48,0.0,12°C or below,12.0,0.006,0.005524861878453039
highest-temperature-in-cape-town-on-june-8-2026,Cape Town,2026-06-08,2026-06-06 22:40:00+00:00,T-48,1.0,13°C,13.0,0.0035,0.003222836095764273
highest-temperature-in-cape-town-on-june-8-2026,Cape Town,2026-06-08,2026-06-06 22:40:00+00:00,T-48,2.0,14°C,14.0,0.038,0.034990791896869246
highest-temperature-in-cape-town-on-june-8-2026,Cape Town,2026-06-08,2026-06-06 22:40:00+00:00,T-48,3.0,15°C,15.0,0.13,0.11970534069981585
highest-temperature-in-cape-town-on-june-8-2026,Cape Town,2026-06-08,2026-06-06 22:40:00+00:00,T-48,4.0,16°C,16.0,0.22,0.20257826887661146
highest-temperature-in-cape-town-on-june-8-2026,Cape Town,2026-06-08,2026-06-06 22:40:00+00:00,T-48,5.0,17°C,17.0,0.305,0.28084714548802947
highest-temperature-in-cape-town-on-june-8-2026,Cape Town,2026-06-08,2026-06-06 22:40:00+00:00,T-48,6.0,18°C,18.0,0.315,0.29005524861878457
highest-temperature-in-cape-town-on-june-8-2026,Cape Town,2026-06-08,2026-06-06 22:40:00+00:00,T-48,7.0,19°C,19.0,0.0405,0.03729281767955802
highest-temperature-in-cape-town-on-june-8-2026,Cape Town,2026-06-08,2026-06-06 22:40:00+00:00,T-48,8.0,20°C,20.0,0.017,0.01565377532228361
highest-temperature-in-cape-town-on-june-8-2026,Cape Town,2026-06-08,2026-06-06 22:40:00+00:00,T-48,9.0,21°C,21.0,0.0065,0.005985267034990792
highest-temperature-in-cape-town-on-june-8-2026,Cape Town,2026-06-08,2026-06-06 22:40:00+00:00,T-48,10.0,22°C or higher,22.0,0.0045000000000000005,0.00414364640883978
highest-temperature-in-cape-town-on-june-8-2026,Cape Town,2026-06-08,2026-06-07 22:40:00+00:00,T-24,0.0,12°C or below,12.0,0.0015,0.0014117647058823526
highest-temperature-in-cape-town-on-june-8-2026,Cape Town,2026-06-08,2026-06-07 22:40:00+00:00,T-24,1.0,13°C,13.0,0.0015,0.0014117647058823526
highest-temperature-in-cape-town-on-june-8-2026,Cape Town,2026-06-08,2026-06-07 22:40:00+00:00,T-24,2.0,14°C,14.0,0.0075,0.007058823529411763
highest-temperature-in-cape-town-on-june-8-2026,Cape Town,2026-06-08,2026-06-07 22:40:00+00:00,T-24,3.0,15°C,15.0,0.16499999999999998,0.15529411764705878
highest-temperature-in-cape-town-on-june-8-2026,Cape Town,2026-06-08,2026-06-07 22:40:00+00:00,T-24,4.0,16°C,16.0,0.36,0.33882352941176463
highest-temperature-in-cape-town-on-june-8-2026,Cape Town,2026-06-08,2026-06-07 22:40:00+00:00,T-24,5.0,17°C,17.0,0.305,0.2870588235294117
highest-temperature-in-cape-town-on-june-8-2026,Cape Town,2026-06-08,2026-06-07 22:40:00+00:00,T-24,6.0,18°C,18.0,0.18,0.16941176470588232
highest-temperature-in-cape-town-on-june-8-2026,Cape Town,2026-06-08,2026-06-07 22:40:00+00:00,T-24,7.0,19°C,19.0,0.035500000000000004,0.03341176470588235
highest-temperature-in-cape-town-on-june-8-2026,Cape Town,2026-06-08,2026-06-07 22:40:00+00:00,T-24,8.0,20°C,20.0,0.0035,0.003294117647058823
highest-temperature-in-cape-town-on-june-8-2026,Cape Town,2026-06-08,2026-06-07 22:40:00+00:00,T-24,9.0,21°C,21.0,0.0015,0.0014117647058823526
highest-temperature-in-cape-town-on-june-8-2026,Cape Town,2026-06-08,2026-06-07 22:40:00+00:00,T-24,10.0,22°C or higher,22.0,0.0015,0.0014117647058823526
highest-temperature-in-cape-town-on-june-8-2026,Cape Town,2026-06-08,2026-06-08 16:40:00+00:00,T-6,0.0,12°C or below,12.0,0.0015,0.001477832512315271
highest-temperature-in-cape-town-on-june-8-2026,Cape Town,2026-06-08,2026-06-08 16:40:00+00:00,T-6,1.0,13°C,13.0,0.0015,0.001477832512315271
highest-temperature-in-cape-town-on-june-8-2026,Cape Town,2026-06-08,2026-06-08 16:40:00+00:00,T-6,2.0,14°C,14.0,0.0015,0.001477832512315271
highest-temperature-in-cape-town-on-june-8-2026,Cape Town,2026-06-08,2026-06-08 16:40:00+00:00,T-6,3.0,15°C,15.0,0.002,0.001970443349753695
highest-temperature-in-cape-town-on-june-8-2026,Cape Town,2026-06-08,2026-06-08 16:40:00+00:00,T-6,4.0,16°C,16.0,0.997,0.9822660098522168
highest-temperature-in-cape-town-on-june-8-2026,Cape Town,2026-06-08,2026-06-08 16:40:00+00:00,T-6,5.0,17°C,17.0,0.0015,0.001477832512315271
highest-temperature-in-cape-town-on-june-8-2026,Cape Town,2026-06-08,2026-06-08 16:40:00+00:00,T-6,6.0,18°C,18.0,0.003,0.002955665024630542
highest-temperature-in-cape-town-on-june-8-2026,Cape Town,2026-06-08,2026-06-08 16:40:00+00:00,T-6,7.0,19°C,19.0,0.0015,0.001477832512315271
highest-temperature-in-cape-town-on-june-8-2026,Cape Town,2026-06-08,2026-06-08 16:40:00+00:00,T-6,8.0,20°C,20.0,0.002,0.001970443349753695
highest-temperature-in-cape-town-on-june-8-2026,Cape Town,2026-06-08,2026-06-08 16:40:00+00:00,T-6,9.0,21°C,21.0,0.002,0.001970443349753695
highest-temperature-in-cape-town-on-june-8-2026,Cape Town,2026-06-08,2026-06-08 16:40:00+00:00,T-6,10.0,22°C or higher,22.0,0.0015,0.001477832512315271
highest-temperature-in-cape-town-on-june-8-2026,Cape Town,2026-06-08,2026-06-08 21:40:00+00:00,T-1,0.0,12°C or below,12.0,0.0015,0.0014763779527559055
highest-temperature-in-cape-town-on-june-8-2026,Cape Town,2026-06-08,2026-06-08 21:40:00+00:00,T-1,1.0,13°C,13.0,0.0015,0.0014763779527559055
highest-temperature-in-cape-town-on-june-8-2026,Cape Town,2026-06-08,2026-06-08 21:40:00+00:00,T-1,2.0,14°C,14.0,0.0015,0.0014763779527559055
highest-temperature-in-cape-town-on-june-8-2026,Cape Town,2026-06-08,2026-06-08 21:40:00+00:00,T-1,3.0,15°C,15.0,0.002,0.001968503937007874
highest-temperature-in-cape-town-on-june-8-2026,Cape Town,2026-06-08,2026-06-08 21:40:00+00:00,T-1,4.0,16°C,16.0,0.9975,0.9817913385826772
highest-temperature-in-cape-town-on-june-8-2026,Cape Town,2026-06-08,2026-06-08 21:40:00+00:00,T-1,5.0,17°C,17.0,0.002,0.001968503937007874
highest-temperature-in-cape-town-on-june-8-2026,Cape Town,2026-06-08,2026-06-08 21:40:00+00:00,T-1,6.0,18°C,18.0,0.003,0.002952755905511811
highest-temperature-in-cape-town-on-june-8-2026,Cape Town,2026-06-08,2026-06-08 21:40:00+00:00,T-1,7.0,19°C,19.0,0.0015,0.0014763779527559055
highest-temperature-in-cape-town-on-june-8-2026,Cape Town,2026-06-08,2026-06-08 21:40:00+00:00,T-1,8.0,20°C,20.0,0.002,0.001968503937007874
highest-temperature-in-cape-town-on-june-8-2026,Cape Town,2026-06-08,2026-06-08 21:40:00+00:00,T-1,9.0,21°C,21.0,0.002,0.001968503937007874
highest-temperature-in-cape-town-on-june-8-2026,Cape Town,2026-06-08,2026-06-08 21:40:00+00:00,T-1,10.0,22°C or higher,22.0,0.0015,0.0014763779527559055
highest-temperature-in-beijing-on-june-8-2026,Beijing,2026-06-08,2026-06-07 16:42:00+00:00,T-24,0.0,25°C or below,25.0,0.0035,0.0035787321063394687
highest-temperature-in-beijing-on-june-8-2026,Beijing,2026-06-08,2026-06-07 16:42:00+00:00,T-24,1.0,26°C,26.0,0.009000000000000001,0.009202453987730064
highest-temperature-in-beijing-on-june-8-2026,Beijing,2026-06-08,2026-06-07 16:42:00+00:00,T-24,2.0,27°C,27.0,0.066,0.06748466257668713
highest-temperature-in-beijing-on-june-8-2026,Beijing,2026-06-08,2026-06-07 16:42:00+00:00,T-24,3.0,28°C,28.0,0.14500000000000002,0.14826175869120659
highest-temperature-in-beijing-on-june-8-2026,Beijing,2026-06-08,2026-06-07 16:42:00+00:00,T-24,4.0,29°C,29.0,0.28500000000000003,0.29141104294478537
highest-temperature-in-beijing-on-june-8-2026,Beijing,2026-06-08,2026-06-07 16:42:00+00:00,T-24,5.0,30°C,30.0,0.3,0.3067484662576687
highest-temperature-in-beijing-on-june-8-2026,Beijing,2026-06-08,2026-06-07 16:42:00+00:00,T-24,6.0,31°C,31.0,0.105,0.10736196319018405
highest-temperature-in-beijing-on-june-8-2026,Beijing,2026-06-08,2026-06-07 16:42:00+00:00,T-24,7.0,32°C,32.0,0.055,0.05623721881390594
highest-temperature-in-beijing-on-june-8-2026,Beijing,2026-06-08,2026-06-07 16:42:00+00:00,T-24,8.0,33°C,33.0,0.0055,0.005623721881390593
highest-temperature-in-beijing-on-june-8-2026,Beijing,2026-06-08,2026-06-07 16:42:00+00:00,T-24,9.0,34°C,34.0,0.0025,0.0025562372188139065
highest-temperature-in-beijing-on-june-8-2026,Beijing,2026-06-08,2026-06-07 16:42:00+00:00,T-24,10.0,35°C or higher,35.0,0.0015,0.0015337423312883438
highest-temperature-in-beijing-on-june-8-2026,Beijing,2026-06-08,2026-06-08 10:42:00+00:00,T-6,0.0,25°C or below,25.0,0.0015,0.001477104874446086
highest-temperature-in-beijing-on-june-8-2026,Beijing,2026-06-08,2026-06-08 10:42:00+00:00,T-6,1.0,26°C,26.0,0.0015,0.001477104874446086
highest-temperature-in-beijing-on-june-8-2026,Beijing,2026-06-08,2026-06-08 10:42:00+00:00,T-6,2.0,27°C,27.0,0.0015,0.001477104874446086
highest-temperature-in-beijing-on-june-8-2026,Beijing,2026-06-08,2026-06-08 10:42:00+00:00,T-6,3.0,28°C,28.0,0.0025,0.0024618414574101434
highest-temperature-in-beijing-on-june-8-2026,Beijing,2026-06-08,2026-06-08 10:42:00+00:00,T-6,4.0,29°C,29.0,0.998,0.9827671097981292
highest-temperature-in-beijing-on-june-8-2026,Beijing,2026-06-08,2026-06-08 10:42:00+00:00,T-6,5.0,30°C,30.0,0.0025,0.0024618414574101434
highest-temperature-in-beijing-on-june-8-2026,Beijing,2026-06-08,2026-06-08 10:42:00+00:00,T-6,6.0,31°C,31.0,0.0015,0.001477104874446086
highest-temperature-in-beijing-on-june-8-2026,Beijing,2026-06-08,2026-06-08 10:42:00+00:00,T-6,7.0,32°C,32.0,0.0015,0.001477104874446086
highest-temperature-in-beijing-on-june-8-2026,Beijing,2026-06-08,2026-06-08 10:42:00+00:00,T-6,8.0,33°C,33.0,0.0015,0.001477104874446086
highest-temperature-in-beijing-on-june-8-2026,Beijing,2026-06-08,2026-06-08 10:42:00+00:00,T-6,9.0,34°C,34.0,0.002,0.0019694731659281144
highest-temperature-in-beijing-on-june-8-2026,Beijing,2026-06-08,2026-06-08 10:42:00+00:00,T-6,10.0,35°C or higher,35.0,0.0015,0.001477104874446086
highest-temperature-in-beijing-on-june-8-2026,Beijing,2026-06-08,2026-06-08 15:42:00+00:00,T-1,0.0,25°C or below,25.0,0.0015,0.0014785608674223758
highest-temperature-in-beijing-on-june-8-2026,Beijing,2026-06-08,2026-06-08 15:42:00+00:00,T-1,1.0,26°C,26.0,0.0015,0.0014785608674223758
highest-temperature-in-beijing-on-june-8-2026,Beijing,2026-06-08,2026-06-08 15:42:00+00:00,T-1,2.0,27°C,27.0,0.0015,0.0014785608674223758
highest-temperature-in-beijing-on-june-8-2026,Beijing,2026-06-08,2026-06-08 15:42:00+00:00,T-1,3.0,28°C,28.0,0.0025,0.002464268112370626
highest-temperature-in-beijing-on-june-8-2026,Beijing,2026-06-08,2026-06-08 15:42:00+00:00,T-1,4.0,29°C,29.0,0.997,0.9827501232134056
highest-temperature-in-beijing-on-june-8-2026,Beijing,2026-06-08,2026-06-08 15:42:00+00:00,T-1,5.0,30°C,30.0,0.0025,0.002464268112370626
highest-temperature-in-beijing-on-june-8-2026,Beijing,2026-06-08,2026-06-08 15:42:00+00:00,T-1,6.0,31°C,31.0,0.0015,0.0014785608674223758
highest-temperature-in-beijing-on-june-8-2026,Beijing,2026-06-08,2026-06-08 15:42:00+00:00,T-1,7.0,32°C,32.0,0.0015,0.0014785608674223758
highest-temperature-in-beijing-on-june-8-2026,Beijing,2026-06-08,2026-06-08 15:42:00+00:00,T-1,8.0,33°C,33.0,0.0015,0.0014785608674223758
highest-temperature-in-beijing-on-june-8-2026,Beijing,2026-06-08,2026-06-08 15:42:00+00:00,T-1,9.0,34°C,34.0,0.002,0.001971414489896501
highest-temperature-in-beijing-on-june-8-2026,Beijing,2026-06-08,2026-06-08 15:42:00+00:00,T-1,10.0,35°C or higher,35.0,0.0015,0.0014785608674223758
highest-temperature-in-qingdao-on-june-9-2026,Qingdao,2026-06-09,2026-06-07 16:46:00+00:00,T-48,0.0,20°C or below,20.0,0.002,0.0019240019240019239
highest-temperature-in-qingdao-on-june-9-2026,Qingdao,2026-06-09,2026-06-07 16:46:00+00:00,T-48,1.0,21°C,21.0,0.0015,0.001443001443001443
highest-temperature-in-qingdao-on-june-9-2026,Qingdao,2026-06-09,2026-06-07 16:46:00+00:00,T-48,2.0,22°C,22.0,0.0015,0.001443001443001443
highest-temperature-in-qingdao-on-june-9-2026,Qingdao,2026-06-09,2026-06-07 16:46:00+00:00,T-48,3.0,23°C,23.0,0.01,0.009620009620009619
highest-temperature-in-qingdao-on-june-9-2026,Qingdao,2026-06-09,2026-06-07 16:46:00+00:00,T-48,4.0,24°C,24.0,0.019,0.018278018278018275
highest-temperature-in-qingdao-on-june-9-2026,Qingdao,2026-06-09,2026-06-07 16:46:00+00:00,T-48,5.0,25°C,25.0,0.009,0.008658008658008656
highest-temperature-in-qingdao-on-june-9-2026,Qingdao,2026-06-09,2026-06-07 16:46:00+00:00,T-48,6.0,26°C,26.0,0.036500000000000005,0.03511303511303512
highest-temperature-in-qingdao-on-june-9-2026,Qingdao,2026-06-09,2026-06-07 16:46:00+00:00,T-48,7.0,27°C,27.0,0.1,0.0962000962000962
highest-temperature-in-qingdao-on-june-9-2026,Qingdao,2026-06-09,2026-06-07 16:46:00+00:00,T-48,8.0,28°C,28.0,0.15000000000000002,0.14430014430014432
highest-temperature-in-qingdao-on-june-9-2026,Qingdao,2026-06-09,2026-06-07 16:46:00+00:00,T-48,9.0,29°C,29.0,0.315,0.303030303030303
highest-temperature-in-qingdao-on-june-9-2026,Qingdao,2026-06-09,2026-06-07 16:46:00+00:00,T-48,10.0,30°C or higher,30.0,0.395,0.37999037999038
highest-temperature-in-qingdao-on-june-9-2026,Qingdao,2026-06-09,2026-06-08 16:46:00+00:00,T-24,0.0,20°C or below,20.0,0.0015,0.0015544041450777201
highest-temperature-in-qingdao-on-june-9-2026,Qingdao,2026-06-09,2026-06-08 16:46:00+00:00,T-24,1.0,21°C,21.0,0.0025,0.0025906735751295333
highest-temperature-in-qingdao-on-june-9-2026,Qingdao,2026-06-09,2026-06-08 16:46:00+00:00,T-24,2.0,22°C,22.0,0.0035,0.0036269430051813468
highest-temperature-in-qingdao-on-june-9-2026,Qingdao,2026-06-09,2026-06-08 16:46:00+00:00,T-24,3.0,23°C,23.0,0.0025,0.0025906735751295333
highest-temperature-in-qingdao-on-june-9-2026,Qingdao,2026-06-09,2026-06-08 16:46:00+00:00,T-24,4.0,24°C,24.0,0.0015,0.0015544041450777201
highest-temperature-in-qingdao-on-june-9-2026,Qingdao,2026-06-09,2026-06-08 16:46:00+00:00,T-24,5.0,25°C,25.0,0.006999999999999999,0.007253886010362693
highest-temperature-in-qingdao-on-june-9-2026,Qingdao,2026-06-09,2026-06-08 16:46:00+00:00,T-24,6.0,26°C,26.0,0.0365,0.037823834196891185
highest-temperature-in-qingdao-on-june-9-2026,Qingdao,2026-06-09,2026-06-08 16:46:00+00:00,T-24,7.0,27°C,27.0,0.05,0.05181347150259067
highest-temperature-in-qingdao-on-june-9-2026,Qingdao,2026-06-09,2026-06-08 16:46:00+00:00,T-24,8.0,28°C,28.0,0.17,0.17616580310880828
highest-temperature-in-qingdao-on-june-9-2026,Qingdao,2026-06-09,2026-06-08 16:46:00+00:00,T-24,9.0,29°C,29.0,0.305,0.31606217616580307
highest-temperature-in-qingdao-on-june-9-2026,Qingdao,2026-06-09,2026-06-08 16:46:00+00:00,T-24,10.0,30°C or higher,30.0,0.385,0.39896373056994816
highest-temperature-in-qingdao-on-june-9-2026,Qingdao,2026-06-09,2026-06-09 10:46:00+00:00,T-6,0.0,20°C or below,20.0,0.0015,0.0014713094654242274
highest-temperature-in-qingdao-on-june-9-2026,Qingdao,2026-06-09,2026-06-09 10:46:00+00:00,T-6,1.0,21°C,21.0,0.003,0.002942618930848455
highest-temperature-in-qingdao-on-june-9-2026,Qingdao,2026-06-09,2026-06-09 10:46:00+00:00,T-6,2.0,22°C,22.0,0.0035,0.0034330554193231977
highest-temperature-in-qingdao-on-june-9-2026,Qingdao,2026-06-09,2026-06-09 10:46:00+00:00,T-6,3.0,23°C,23.0,0.0015,0.0014713094654242274
highest-temperature-in-qingdao-on-june-9-2026,Qingdao,2026-06-09,2026-06-09 10:46:00+00:00,T-6,4.0,24°C,24.0,0.0025,0.0024521824423737125
highest-temperature-in-qingdao-on-june-9-2026,Qingdao,2026-06-09,2026-06-09 10:46:00+00:00,T-6,5.0,25°C,25.0,0.0025,0.0024521824423737125
highest-temperature-in-qingdao-on-june-9-2026,Qingdao,2026-06-09,2026-06-09 10:46:00+00:00,T-6,6.0,26°C,26.0,0.0025,0.0024521824423737125
highest-temperature-in-qingdao-on-june-9-2026,Qingdao,2026-06-09,2026-06-09 10:46:00+00:00,T-6,7.0,27°C,27.0,0.0015,0.0014713094654242274
highest-temperature-in-qingdao-on-june-9-2026,Qingdao,2026-06-09,2026-06-09 10:46:00+00:00,T-6,8.0,28°C,28.0,0.0015,0.0014713094654242274
highest-temperature-in-qingdao-on-june-9-2026,Qingdao,2026-06-09,2026-06-09 10:46:00+00:00,T-6,9.0,29°C,29.0,0.0015,0.0014713094654242274
highest-temperature-in-qingdao-on-june-9-2026,Qingdao,2026-06-09,2026-06-09 10:46:00+00:00,T-6,10.0,30°C or higher,30.0,0.998,0.978911230995586
highest-temperature-in-qingdao-on-june-9-2026,Qingdao,2026-06-09,2026-06-09 15:45:00+00:00,T-1,0.0,20°C or below,20.0,0.0015,0.0014713094654242274
highest-temperature-in-qingdao-on-june-9-2026,Qingdao,2026-06-09,2026-06-09 15:45:00+00:00,T-1,1.0,21°C,21.0,0.003,0.002942618930848455
highest-temperature-in-qingdao-on-june-9-2026,Qingdao,2026-06-09,2026-06-09 15:45:00+00:00,T-1,2.0,22°C,22.0,0.0035,0.0034330554193231977
highest-temperature-in-qingdao-on-june-9-2026,Qingdao,2026-06-09,2026-06-09 15:45:00+00:00,T-1,3.0,23°C,23.0,0.0015,0.0014713094654242274
highest-temperature-in-qingdao-on-june-9-2026,Qingdao,2026-06-09,2026-06-09 15:45:00+00:00,T-1,4.0,24°C,24.0,0.0025,0.0024521824423737125
highest-temperature-in-qingdao-on-june-9-2026,Qingdao,2026-06-09,2026-06-09 15:45:00+00:00,T-1,5.0,25°C,25.0,0.0025,0.0024521824423737125
highest-temperature-in-qingdao-on-june-9-2026,Qingdao,2026-06-09,2026-06-09 15:45:00+00:00,T-1,6.0,26°C,26.0,0.0025,0.0024521824423737125
highest-temperature-in-qingdao-on-june-9-2026,Qingdao,2026-06-09,2026-06-09 15:45:00+00:00,T-1,7.0,27°C,27.0,0.0015,0.0014713094654242274
highest-temperature-in-qingdao-on-june-9-2026,Qingdao,2026-06-09,2026-06-09 15:45:00+00:00,T-1,8.0,28°C,28.0,0.0015,0.0014713094654242274
highest-temperature-in-qingdao-on-june-9-2026,Qingdao,2026-06-09,2026-06-09 15:45:00+00:00,T-1,9.0,29°C,29.0,0.0015,0.0014713094654242274
highest-temperature-in-qingdao-on-june-9-2026,Qingdao,2026-06-09,2026-06-09 15:45:00+00:00,T-1,10.0,30°C or higher,30.0,0.998,0.978911230995586
highest-temperature-in-buenos-aires-on-june-9-2026,Buenos Aires,2026-06-09,2026-06-08 03:54:00+00:00,T-48,0.0,10°C or below,10.0,0.004,0.0038498556304138606
highest-temperature-in-buenos-aires-on-june-9-2026,Buenos Aires,2026-06-09,2026-06-08 03:54:00+00:00,T-48,1.0,11°C,11.0,0.0125,0.012030798845043315
highest-temperature-in-buenos-aires-on-june-9-2026,Buenos Aires,2026-06-09,2026-06-08 03:54:00+00:00,T-48,2.0,12°C,12.0,0.045,0.04331087584215593
highest-temperature-in-buenos-aires-on-june-9-2026,Buenos Aires,2026-06-09,2026-06-08 03:54:00+00:00,T-48,3.0,13°C,13.0,0.175,0.1684311838306064
highest-temperature-in-buenos-aires-on-june-9-2026,Buenos Aires,2026-06-09,2026-06-08 03:54:00+00:00,T-48,4.0,14°C,14.0,0.335,0.3224254090471608
highest-temperature-in-buenos-aires-on-june-9-2026,Buenos Aires,2026-06-09,2026-06-08 03:54:00+00:00,T-48,5.0,15°C,15.0,0.29000000000000004,0.2791145332050049
highest-temperature-in-buenos-aires-on-june-9-2026,Buenos Aires,2026-06-09,2026-06-08 03:54:00+00:00,T-48,6.0,16°C,16.0,0.11499999999999999,0.11068334937439848
highest-temperature-in-buenos-aires-on-june-9-2026,Buenos Aires,2026-06-09,2026-06-08 03:54:00+00:00,T-48,7.0,17°C,17.0,0.045,0.04331087584215593
highest-temperature-in-buenos-aires-on-june-9-2026,Buenos Aires,2026-06-09,2026-06-08 03:54:00+00:00,T-48,8.0,18°C,18.0,0.010499999999999999,0.010105871029836382
highest-temperature-in-buenos-aires-on-june-9-2026,Buenos Aires,2026-06-09,2026-06-08 03:54:00+00:00,T-48,9.0,19°C,19.0,0.004,0.0038498556304138606
highest-temperature-in-buenos-aires-on-june-9-2026,Buenos Aires,2026-06-09,2026-06-08 03:54:00+00:00,T-48,10.0,20°C or higher,20.0,0.003,0.0028873917228103953
highest-temperature-in-buenos-aires-on-june-9-2026,Buenos Aires,2026-06-09,2026-06-09 03:54:00+00:00,T-24,0.0,10°C or below,10.0,0.0015,0.0015600624024961
highest-temperature-in-buenos-aires-on-june-9-2026,Buenos Aires,2026-06-09,2026-06-09 03:54:00+00:00,T-24,1.0,11°C,11.0,0.004,0.004160166406656266
highest-temperature-in-buenos-aires-on-june-9-2026,Buenos Aires,2026-06-09,2026-06-09 03:54:00+00:00,T-24,2.0,12°C,12.0,0.014499999999999999,0.015080603224128963
highest-temperature-in-buenos-aires-on-june-9-2026,Buenos Aires,2026-06-09,2026-06-09 03:54:00+00:00,T-24,3.0,13°C,13.0,0.07,0.07280291211648467
highest-temperature-in-buenos-aires-on-june-9-2026,Buenos Aires,2026-06-09,2026-06-09 03:54:00+00:00,T-24,4.0,14°C,14.0,0.47,0.48881955278211126
highest-temperature-in-buenos-aires-on-june-9-2026,Buenos Aires,2026-06-09,2026-06-09 03:54:00+00:00,T-24,5.0,15°C,15.0,0.28,0.29121164846593867
highest-temperature-in-buenos-aires-on-june-9-2026,Buenos Aires,2026-06-09,2026-06-09 03:54:00+00:00,T-24,6.0,16°C,16.0,0.1,0.10400416016640666
highest-temperature-in-buenos-aires-on-june-9-2026,Buenos Aires,2026-06-09,2026-06-09 03:54:00+00:00,T-24,7.0,17°C,17.0,0.014499999999999999,0.015080603224128963
highest-temperature-in-buenos-aires-on-june-9-2026,Buenos Aires,2026-06-09,2026-06-09 03:54:00+00:00,T-24,8.0,18°C,18.0,0.002,0.002080083203328133
highest-temperature-in-buenos-aires-on-june-9-2026,Buenos Aires,2026-06-09,2026-06-09 03:54:00+00:00,T-24,9.0,19°C,19.0,0.003,0.0031201248049922
highest-temperature-in-buenos-aires-on-june-9-2026,Buenos Aires,2026-06-09,2026-06-09 03:54:00+00:00,T-24,10.0,20°C or higher,20.0,0.002,0.002080083203328133
highest-temperature-in-buenos-aires-on-june-9-2026,Buenos Aires,2026-06-09,2026-06-09 21:54:00+00:00,T-6,0.0,10°C or below,10.0,0.0015,0.0014814814814814812
highest-temperature-in-buenos-aires-on-june-9-2026,Buenos Aires,2026-06-09,2026-06-09 21:54:00+00:00,T-6,1.0,11°C,11.0,0.0015,0.0014814814814814812
highest-temperature-in-buenos-aires-on-june-9-2026,Buenos Aires,2026-06-09,2026-06-09 21:54:00+00:00,T-6,2.0,12°C,12.0,0.0015,0.0014814814814814812
highest-temperature-in-buenos-aires-on-june-9-2026,Buenos Aires,2026-06-09,2026-06-09 21:54:00+00:00,T-6,3.0,13°C,13.0,0.0015,0.0014814814814814812
highest-temperature-in-buenos-aires-on-june-9-2026,Buenos Aires,2026-06-09,2026-06-09 21:54:00+00:00,T-6,4.0,14°C,14.0,0.002,0.0019753086419753083
highest-temperature-in-buenos-aires-on-june-9-2026,Buenos Aires,2026-06-09,2026-06-09 21:54:00+00:00,T-6,5.0,15°C,15.0,0.997,0.9846913580246912
highest-temperature-in-buenos-aires-on-june-9-2026,Buenos Aires,2026-06-09,2026-06-09 21:54:00+00:00,T-6,6.0,16°C,16.0,0.0015,0.0014814814814814812
highest-temperature-in-buenos-aires-on-june-9-2026,Buenos Aires,2026-06-09,2026-06-09 21:54:00+00:00,T-6,7.0,17°C,17.0,0.0015,0.0014814814814814812
highest-temperature-in-buenos-aires-on-june-9-2026,Buenos Aires,2026-06-09,2026-06-09 21:54:00+00:00,T-6,8.0,18°C,18.0,0.0015,0.0014814814814814812
highest-temperature-in-buenos-aires-on-june-9-2026,Buenos Aires,2026-06-09,2026-06-09 21:54:00+00:00,T-6,9.0,19°C,19.0,0.0015,0.0014814814814814812
highest-temperature-in-buenos-aires-on-june-9-2026,Buenos Aires,2026-06-09,2026-06-09 21:54:00+00:00,T-6,10.0,20°C or higher,20.0,0.0015,0.0014814814814814812
highest-temperature-in-buenos-aires-on-june-9-2026,Buenos Aires,2026-06-09,2026-06-10 02:37:00+00:00,T-1,0.0,10°C or below,10.0,0.0015,0.0014814814814814812
highest-temperature-in-buenos-aires-on-june-9-2026,Buenos Aires,2026-06-09,2026-06-10 02:37:00+00:00,T-1,1.0,11°C,11.0,0.0015,0.0014814814814814812
highest-temperature-in-buenos-aires-on-june-9-2026,Buenos Aires,2026-06-09,2026-06-10 02:37:00+00:00,T-1,2.0,12°C,12.0,0.0015,0.0014814814814814812
highest-temperature-in-buenos-aires-on-june-9-2026,Buenos Aires,2026-06-09,2026-06-10 02:37:00+00:00,T-1,3.0,13°C,13.0,0.0015,0.0014814814814814812
highest-temperature-in-buenos-aires-on-june-9-2026,Buenos Aires,2026-06-09,2026-06-10 02:37:00+00:00,T-1,4.0,14°C,14.0,0.002,0.0019753086419753083
highest-temperature-in-buenos-aires-on-june-9-2026,Buenos Aires,2026-06-09,2026-06-10 02:37:00+00:00,T-1,5.0,15°C,15.0,0.997,0.9846913580246912
highest-temperature-in-buenos-aires-on-june-9-2026,Buenos Aires,2026-06-09,2026-06-10 02:37:00+00:00,T-1,6.0,16°C,16.0,0.0015,0.0014814814814814812
highest-temperature-in-buenos-aires-on-june-9-2026,Buenos Aires,2026-06-09,2026-06-10 02:37:00+00:00,T-1,7.0,17°C,17.0,0.0015,0.0014814814814814812
highest-temperature-in-buenos-aires-on-june-9-2026,Buenos Aires,2026-06-09,2026-06-10 02:37:00+00:00,T-1,8.0,18°C,18.0,0.0015,0.0014814814814814812
highest-temperature-in-buenos-aires-on-june-9-2026,Buenos Aires,2026-06-09,2026-06-10 02:37:00+00:00,T-1,9.0,19°C,19.0,0.0015,0.0014814814814814812
highest-temperature-in-buenos-aires-on-june-9-2026,Buenos Aires,2026-06-09,2026-06-10 02:37:00+00:00,T-1,10.0,20°C or higher,20.0,0.0015,0.0014814814814814812
highest-temperature-in-karachi-on-june-9-2026,Karachi,2026-06-09,2026-06-07 20:09:00+00:00,T-48,0.0,30°C or below,30.0,0.0045000000000000005,0.004235294117647059
highest-temperature-in-karachi-on-june-9-2026,Karachi,2026-06-09,2026-06-07 20:09:00+00:00,T-48,1.0,31°C,31.0,0.0015,0.001411764705882353
highest-temperature-in-karachi-on-june-9-2026,Karachi,2026-06-09,2026-06-07 20:09:00+00:00,T-48,2.0,32°C,32.0,0.0015,0.001411764705882353
highest-temperature-in-karachi-on-june-9-2026,Karachi,2026-06-09,2026-06-07 20:09:00+00:00,T-48,3.0,33°C,33.0,0.0055,0.005176470588235294
highest-temperature-in-karachi-on-june-9-2026,Karachi,2026-06-09,2026-06-07 20:09:00+00:00,T-48,4.0,34°C,34.0,0.010499999999999999,0.009882352941176469
highest-temperature-in-karachi-on-june-9-2026,Karachi,2026-06-09,2026-06-07 20:09:00+00:00,T-48,5.0,35°C,35.0,0.0125,0.011764705882352941
highest-temperature-in-karachi-on-june-9-2026,Karachi,2026-06-09,2026-06-07 20:09:00+00:00,T-48,6.0,36°C,36.0,0.275,0.25882352941176473
highest-temperature-in-karachi-on-june-9-2026,Karachi,2026-06-09,2026-06-07 20:09:00+00:00,T-48,7.0,37°C,37.0,0.405,0.38117647058823534
highest-temperature-in-karachi-on-june-9-2026,Karachi,2026-06-09,2026-06-07 20:09:00+00:00,T-48,8.0,38°C,38.0,0.265,0.24941176470588236
highest-temperature-in-karachi-on-june-9-2026,Karachi,2026-06-09,2026-06-07 20:09:00+00:00,T-48,9.0,39°C,39.0,0.055,0.05176470588235294
highest-temperature-in-karachi-on-june-9-2026,Karachi,2026-06-09,2026-06-07 20:09:00+00:00,T-48,10.0,40°C or higher,40.0,0.026500000000000003,0.024941176470588237
highest-temperature-in-karachi-on-june-9-2026,Karachi,2026-06-09,2026-06-08 20:09:00+00:00,T-24,0.0,30°C or below,30.0,0.0045000000000000005,0.004663212435233161
highest-temperature-in-karachi-on-june-9-2026,Karachi,2026-06-09,2026-06-08 20:09:00+00:00,T-24,1.0,31°C,31.0,0.0015,0.0015544041450777204
highest-temperature-in-karachi-on-june-9-2026,Karachi,2026-06-09,2026-06-08 20:09:00+00:00,T-24,2.0,32°C,32.0,0.0015,0.0015544041450777204
highest-temperature-in-karachi-on-june-9-2026,Karachi,2026-06-09,2026-06-08 20:09:00+00:00,T-24,3.0,33°C,33.0,0.003,0.0031088082901554407
highest-temperature-in-karachi-on-june-9-2026,Karachi,2026-06-09,2026-06-08 20:09:00+00:00,T-24,4.0,34°C,34.0,0.0065,0.006735751295336788
highest-temperature-in-karachi-on-june-9-2026,Karachi,2026-06-09,2026-06-08 20:09:00+00:00,T-24,5.0,35°C,35.0,0.025,0.02590673575129534
highest-temperature-in-karachi-on-june-9-2026,Karachi,2026-06-09,2026-06-08 20:09:00+00:00,T-24,6.0,36°C,36.0,0.22999999999999998,0.23834196891191708
highest-temperature-in-karachi-on-june-9-2026,Karachi,2026-06-09,2026-06-08 20:09:00+00:00,T-24,7.0,37°C,37.0,0.415,0.43005181347150256
highest-temperature-in-karachi-on-june-9-2026,Karachi,2026-06-09,2026-06-08 20:09:00+00:00,T-24,8.0,38°C,38.0,0.22999999999999998,0.23834196891191708
highest-temperature-in-karachi-on-june-9-2026,Karachi,2026-06-09,2026-06-08 20:09:00+00:00,T-24,9.0,39°C,39.0,0.045,0.046632124352331605
highest-temperature-in-karachi-on-june-9-2026,Karachi,2026-06-09,2026-06-08 20:09:00+00:00,T-24,10.0,40°C or higher,40.0,0.003,0.0031088082901554407
highest-temperature-in-karachi-on-june-9-2026,Karachi,2026-06-09,2026-06-09 14:09:00+00:00,T-6,0.0,30°C or below,30.0,0.0045000000000000005,0.00438810336421258
highest-temperature-in-karachi-on-june-9-2026,Karachi,2026-06-09,2026-06-09 14:09:00+00:00,T-6,1.0,31°C,31.0,0.0015,0.0014627011214041934
highest-temperature-in-karachi-on-june-9-2026,Karachi,2026-06-09,2026-06-09 14:09:00+00:00,T-6,2.0,32°C,32.0,0.0015,0.0014627011214041934
highest-temperature-in-karachi-on-june-9-2026,Karachi,2026-06-09,2026-06-09 14:09:00+00:00,T-6,3.0,33°C,33.0,0.003,0.002925402242808387
highest-temperature-in-karachi-on-june-9-2026,Karachi,2026-06-09,2026-06-09 14:09:00+00:00,T-6,4.0,34°C,34.0,0.0045000000000000005,0.00438810336421258
highest-temperature-in-karachi-on-june-9-2026,Karachi,2026-06-09,2026-06-09 14:09:00+00:00,T-6,5.0,35°C,35.0,0.0015,0.0014627011214041934
highest-temperature-in-karachi-on-june-9-2026,Karachi,2026-06-09,2026-06-09 14:09:00+00:00,T-6,6.0,36°C,36.0,0.9984999999999999,0.9736713798147246
highest-temperature-in-karachi-on-june-9-2026,Karachi,2026-06-09,2026-06-09 14:09:00+00:00,T-6,7.0,37°C,37.0,0.0015,0.0014627011214041934
highest-temperature-in-karachi-on-june-9-2026,Karachi,2026-06-09,2026-06-09 14:09:00+00:00,T-6,8.0,38°C,38.0,0.002,0.0019502681618722578
highest-temperature-in-karachi-on-june-9-2026,Karachi,2026-06-09,2026-06-09 14:09:00+00:00,T-6,9.0,39°C,39.0,0.0055,0.0053632374451487086
highest-temperature-in-karachi-on-june-9-2026,Karachi,2026-06-09,2026-06-09 14:09:00+00:00,T-6,10.0,40°C or higher,40.0,0.0015,0.0014627011214041934
highest-temperature-in-karachi-on-june-9-2026,Karachi,2026-06-09,2026-06-09 16:55:00+00:00,T-1,0.0,30°C or below,30.0,0.0045000000000000005,0.00438810336421258
highest-temperature-in-karachi-on-june-9-2026,Karachi,2026-06-09,2026-06-09 16:55:00+00:00,T-1,1.0,31°C,31.0,0.0015,0.0014627011214041934
highest-temperature-in-karachi-on-june-9-2026,Karachi,2026-06-09,2026-06-09 16:55:00+00:00,T-1,2.0,32°C,32.0,0.0015,0.0014627011214041934
highest-temperature-in-karachi-on-june-9-2026,Karachi,2026-06-09,2026-06-09 16:55:00+00:00,T-1,3.0,33°C,33.0,0.003,0.002925402242808387
highest-temperature-in-karachi-on-june-9-2026,Karachi,2026-06-09,2026-06-09 16:55:00+00:00,T-1,4.0,34°C,34.0,0.0045000000000000005,0.00438810336421258
highest-temperature-in-karachi-on-june-9-2026,Karachi,2026-06-09,2026-06-09 16:55:00+00:00,T-1,5.0,35°C,35.0,0.0015,0.0014627011214041934
highest-temperature-in-karachi-on-june-9-2026,Karachi,2026-06-09,2026-06-09 16:55:00+00:00,T-1,6.0,36°C,36.0,0.9984999999999999,0.9736713798147246
highest-temperature-in-karachi-on-june-9-2026,Karachi,2026-06-09,2026-06-09 16:55:00+00:00,T-1,7.0,37°C,37.0,0.0015,0.0014627011214041934
highest-temperature-in-karachi-on-june-9-2026,Karachi,2026-06-09,2026-06-09 16:55:00+00:00,T-1,8.0,38°C,38.0,0.002,0.0019502681618722578
highest-temperature-in-karachi-on-june-9-2026,Karachi,2026-06-09,2026-06-09 16:55:00+00:00,T-1,9.0,39°C,39.0,0.0055,0.0053632374451487086
highest-temperature-in-karachi-on-june-9-2026,Karachi,2026-06-09,2026-06-09 16:55:00+00:00,T-1,10.0,40°C or higher,40.0,0.0015,0.0014627011214041934
highest-temperature-in-kuala-lumpur-on-june-9-2026,Kuala Lumpur,2026-06-09,2026-06-07 16:48:00+00:00,T-48,0.0,27°C or below,27.0,0.0015,0.0014044943820224719
highest-temperature-in-kuala-lumpur-on-june-9-2026,Kuala Lumpur,2026-06-09,2026-06-07 16:48:00+00:00,T-48,1.0,28°C,28.0,0.010499999999999999,0.009831460674157301
highest-temperature-in-kuala-lumpur-on-june-9-2026,Kuala Lumpur,2026-06-09,2026-06-07 16:48:00+00:00,T-48,2.0,29°C,29.0,0.056,0.05243445692883895
highest-temperature-in-kuala-lumpur-on-june-9-2026,Kuala Lumpur,2026-06-09,2026-06-07 16:48:00+00:00,T-48,3.0,30°C,30.0,0.22,0.20599250936329586
highest-temperature-in-kuala-lumpur-on-june-9-2026,Kuala Lumpur,2026-06-09,2026-06-07 16:48:00+00:00,T-48,4.0,31°C,31.0,0.28,0.2621722846441948
highest-temperature-in-kuala-lumpur-on-june-9-2026,Kuala Lumpur,2026-06-09,2026-06-07 16:48:00+00:00,T-48,5.0,32°C,32.0,0.265,0.24812734082397003
highest-temperature-in-kuala-lumpur-on-june-9-2026,Kuala Lumpur,2026-06-09,2026-06-07 16:48:00+00:00,T-48,6.0,33°C,33.0,0.15000000000000002,0.1404494382022472
highest-temperature-in-kuala-lumpur-on-june-9-2026,Kuala Lumpur,2026-06-09,2026-06-07 16:48:00+00:00,T-48,7.0,34°C,34.0,0.065,0.06086142322097378
highest-temperature-in-kuala-lumpur-on-june-9-2026,Kuala Lumpur,2026-06-09,2026-06-07 16:48:00+00:00,T-48,8.0,35°C,35.0,0.012,0.011235955056179775
highest-temperature-in-kuala-lumpur-on-june-9-2026,Kuala Lumpur,2026-06-09,2026-06-07 16:48:00+00:00,T-48,9.0,36°C,36.0,0.0055,0.005149812734082397
highest-temperature-in-kuala-lumpur-on-june-9-2026,Kuala Lumpur,2026-06-09,2026-06-07 16:48:00+00:00,T-48,10.0,37°C or higher,37.0,0.0025,0.0023408239700374533
highest-temperature-in-kuala-lumpur-on-june-9-2026,Kuala Lumpur,2026-06-09,2026-06-08 16:48:00+00:00,T-24,0.0,27°C or below,27.0,0.0025,0.002351834430856068
highest-temperature-in-kuala-lumpur-on-june-9-2026,Kuala Lumpur,2026-06-09,2026-06-08 16:48:00+00:00,T-24,1.0,28°C,28.0,0.0025,0.002351834430856068
highest-temperature-in-kuala-lumpur-on-june-9-2026,Kuala Lumpur,2026-06-09,2026-06-08 16:48:00+00:00,T-24,2.0,29°C,29.0,0.014499999999999999,0.013640639698965193
highest-temperature-in-kuala-lumpur-on-june-9-2026,Kuala Lumpur,2026-06-09,2026-06-08 16:48:00+00:00,T-24,3.0,30°C,30.0,0.07500000000000001,0.07055503292568205
highest-temperature-in-kuala-lumpur-on-june-9-2026,Kuala Lumpur,2026-06-09,2026-06-08 16:48:00+00:00,T-24,4.0,31°C,31.0,0.30500000000000005,0.28692380056444033
highest-temperature-in-kuala-lumpur-on-june-9-2026,Kuala Lumpur,2026-06-09,2026-06-08 16:48:00+00:00,T-24,5.0,32°C,32.0,0.42000000000000004,0.39510818438381945
highest-temperature-in-kuala-lumpur-on-june-9-2026,Kuala Lumpur,2026-06-09,2026-06-08 16:48:00+00:00,T-24,6.0,33°C,33.0,0.19,0.17873941674506116
highest-temperature-in-kuala-lumpur-on-june-9-2026,Kuala Lumpur,2026-06-09,2026-06-08 16:48:00+00:00,T-24,7.0,34°C,34.0,0.039,0.036688617121354655
highest-temperature-in-kuala-lumpur-on-june-9-2026,Kuala Lumpur,2026-06-09,2026-06-08 16:48:00+00:00,T-24,8.0,35°C,35.0,0.008,0.007525870178739417
highest-temperature-in-kuala-lumpur-on-june-9-2026,Kuala Lumpur,2026-06-09,2026-06-08 16:48:00+00:00,T-24,9.0,36°C,36.0,0.004,0.0037629350893697085
highest-temperature-in-kuala-lumpur-on-june-9-2026,Kuala Lumpur,2026-06-09,2026-06-08 16:48:00+00:00,T-24,10.0,37°C or higher,37.0,0.0025,0.002351834430856068
highest-temperature-in-kuala-lumpur-on-june-9-2026,Kuala Lumpur,2026-06-09,2026-06-09 10:48:00+00:00,T-6,0.0,27°C or below,27.0,0.0025,0.0024618414574101434
highest-temperature-in-kuala-lumpur-on-june-9-2026,Kuala Lumpur,2026-06-09,2026-06-09 10:48:00+00:00,T-6,1.0,28°C,28.0,0.0015,0.001477104874446086
highest-temperature-in-kuala-lumpur-on-june-9-2026,Kuala Lumpur,2026-06-09,2026-06-09 10:48:00+00:00,T-6,2.0,29°C,29.0,0.0015,0.001477104874446086
highest-temperature-in-kuala-lumpur-on-june-9-2026,Kuala Lumpur,2026-06-09,2026-06-09 10:48:00+00:00,T-6,3.0,30°C,30.0,0.0015,0.001477104874446086
highest-temperature-in-kuala-lumpur-on-june-9-2026,Kuala Lumpur,2026-06-09,2026-06-09 10:48:00+00:00,T-6,4.0,31°C,31.0,0.0015,0.001477104874446086
highest-temperature-in-kuala-lumpur-on-june-9-2026,Kuala Lumpur,2026-06-09,2026-06-09 10:48:00+00:00,T-6,5.0,32°C,32.0,0.9984999999999999,0.9832594780896111
highest-temperature-in-kuala-lumpur-on-june-9-2026,Kuala Lumpur,2026-06-09,2026-06-09 10:48:00+00:00,T-6,6.0,33°C,33.0,0.0015,0.001477104874446086
highest-temperature-in-kuala-lumpur-on-june-9-2026,Kuala Lumpur,2026-06-09,2026-06-09 10:48:00+00:00,T-6,7.0,34°C,34.0,0.0015,0.001477104874446086
highest-temperature-in-kuala-lumpur-on-june-9-2026,Kuala Lumpur,2026-06-09,2026-06-09 10:48:00+00:00,T-6,8.0,35°C,35.0,0.0025,0.0024618414574101434
highest-temperature-in-kuala-lumpur-on-june-9-2026,Kuala Lumpur,2026-06-09,2026-06-09 10:48:00+00:00,T-6,9.0,36°C,36.0,0.0015,0.001477104874446086
highest-temperature-in-kuala-lumpur-on-june-9-2026,Kuala Lumpur,2026-06-09,2026-06-09 10:48:00+00:00,T-6,10.0,37°C or higher,37.0,0.0015,0.001477104874446086
highest-temperature-in-kuala-lumpur-on-june-9-2026,Kuala Lumpur,2026-06-09,2026-06-09 15:48:00+00:00,T-1,0.0,27°C or below,27.0,0.0025,0.0024618414574101434
highest-temperature-in-kuala-lumpur-on-june-9-2026,Kuala Lumpur,2026-06-09,2026-06-09 15:48:00+00:00,T-1,1.0,28°C,28.0,0.0015,0.001477104874446086
highest-temperature-in-kuala-lumpur-on-june-9-2026,Kuala Lumpur,2026-06-09,2026-06-09 15:48:00+00:00,T-1,2.0,29°C,29.0,0.0015,0.001477104874446086
highest-temperature-in-kuala-lumpur-on-june-9-2026,Kuala Lumpur,2026-06-09,2026-06-09 15:48:00+00:00,T-1,3.0,30°C,30.0,0.0015,0.001477104874446086
highest-temperature-in-kuala-lumpur-on-june-9-2026,Kuala Lumpur,2026-06-09,2026-06-09 15:48:00+00:00,T-1,4.0,31°C,31.0,0.0015,0.001477104874446086
highest-temperature-in-kuala-lumpur-on-june-9-2026,Kuala Lumpur,2026-06-09,2026-06-09 15:48:00+00:00,T-1,5.0,32°C,32.0,0.9984999999999999,0.9832594780896111
highest-temperature-in-kuala-lumpur-on-june-9-2026,Kuala Lumpur,2026-06-09,2026-06-09 15:48:00+00:00,T-1,6.0,33°C,33.0,0.0015,0.001477104874446086
highest-temperature-in-kuala-lumpur-on-june-9-2026,Kuala Lumpur,2026-06-09,2026-06-09 15:48:00+00:00,T-1,7.0,34°C,34.0,0.0015,0.001477104874446086
highest-temperature-in-kuala-lumpur-on-june-9-2026,Kuala Lumpur,2026-06-09,2026-06-09 15:48:00+00:00,T-1,8.0,35°C,35.0,0.0025,0.0024618414574101434
highest-temperature-in-kuala-lumpur-on-june-9-2026,Kuala Lumpur,2026-06-09,2026-06-09 15:48:00+00:00,T-1,9.0,36°C,36.0,0.0015,0.001477104874446086
highest-temperature-in-kuala-lumpur-on-june-9-2026,Kuala Lumpur,2026-06-09,2026-06-09 15:48:00+00:00,T-1,10.0,37°C or higher,37.0,0.0015,0.001477104874446086
highest-temperature-in-wellington-on-june-9-2026,Wellington,2026-06-09,2026-06-07 12:40:00+00:00,T-48,0.0,7°C or below,7.0,0.003,0.002807674309780066
highest-temperature-in-wellington-on-june-9-2026,Wellington,2026-06-09,2026-06-07 12:40:00+00:00,T-48,1.0,8°C,8.0,0.0025,0.0023397285914833884
highest-temperature-in-wellington-on-june-9-2026,Wellington,2026-06-09,2026-06-07 12:40:00+00:00,T-48,2.0,9°C,9.0,0.006,0.005615348619560132
highest-temperature-in-wellington-on-june-9-2026,Wellington,2026-06-09,2026-06-07 12:40:00+00:00,T-48,3.0,10°C,10.0,0.014499999999999999,0.013570425830603652
highest-temperature-in-wellington-on-june-9-2026,Wellington,2026-06-09,2026-06-07 12:40:00+00:00,T-48,4.0,11°C,11.0,0.15000000000000002,0.14038371548900333
highest-temperature-in-wellington-on-june-9-2026,Wellington,2026-06-09,2026-06-07 12:40:00+00:00,T-48,5.0,12°C,12.0,0.345,0.3228825456247076
highest-temperature-in-wellington-on-june-9-2026,Wellington,2026-06-09,2026-06-07 12:40:00+00:00,T-48,6.0,13°C,13.0,0.38,0.35563874590547506
highest-temperature-in-wellington-on-june-9-2026,Wellington,2026-06-09,2026-06-07 12:40:00+00:00,T-48,7.0,14°C,14.0,0.135,0.126345343940103
highest-temperature-in-wellington-on-june-9-2026,Wellington,2026-06-09,2026-06-07 12:40:00+00:00,T-48,8.0,15°C,15.0,0.0225,0.021057557323350493
highest-temperature-in-wellington-on-june-9-2026,Wellington,2026-06-09,2026-06-07 12:40:00+00:00,T-48,9.0,16°C,16.0,0.006999999999999999,0.006551240056153487
highest-temperature-in-wellington-on-june-9-2026,Wellington,2026-06-09,2026-06-07 12:40:00+00:00,T-48,10.0,17°C or higher,17.0,0.003,0.002807674309780066
highest-temperature-in-wellington-on-june-9-2026,Wellington,2026-06-09,2026-06-08 12:40:00+00:00,T-24,0.0,7°C or below,7.0,0.003,0.002901353965183753
highest-temperature-in-wellington-on-june-9-2026,Wellington,2026-06-09,2026-06-08 12:40:00+00:00,T-24,1.0,8°C,8.0,0.0015,0.0014506769825918765
highest-temperature-in-wellington-on-june-9-2026,Wellington,2026-06-09,2026-06-08 12:40:00+00:00,T-24,2.0,9°C,9.0,0.0015,0.0014506769825918765
highest-temperature-in-wellington-on-june-9-2026,Wellington,2026-06-09,2026-06-08 12:40:00+00:00,T-24,3.0,10°C,10.0,0.0015,0.0014506769825918765
highest-temperature-in-wellington-on-june-9-2026,Wellington,2026-06-09,2026-06-08 12:40:00+00:00,T-24,4.0,11°C,11.0,0.0335,0.03239845261121858
highest-temperature-in-wellington-on-june-9-2026,Wellington,2026-06-09,2026-06-08 12:40:00+00:00,T-24,5.0,12°C,12.0,0.345,0.3336557059961316
highest-temperature-in-wellington-on-june-9-2026,Wellington,2026-06-09,2026-06-08 12:40:00+00:00,T-24,6.0,13°C,13.0,0.505,0.48839458413926506
highest-temperature-in-wellington-on-june-9-2026,Wellington,2026-06-09,2026-06-08 12:40:00+00:00,T-24,7.0,14°C,14.0,0.125,0.12088974854932304
highest-temperature-in-wellington-on-june-9-2026,Wellington,2026-06-09,2026-06-08 12:40:00+00:00,T-24,8.0,15°C,15.0,0.012499999999999999,0.012088974854932303
highest-temperature-in-wellington-on-june-9-2026,Wellington,2026-06-09,2026-06-08 12:40:00+00:00,T-24,9.0,16°C,16.0,0.003,0.002901353965183753
highest-temperature-in-wellington-on-june-9-2026,Wellington,2026-06-09,2026-06-08 12:40:00+00:00,T-24,10.0,17°C or higher,17.0,0.0025,0.002417794970986461
highest-temperature-in-wellington-on-june-9-2026,Wellington,2026-06-09,2026-06-09 06:40:00+00:00,T-6,0.0,7°C or below,7.0,0.003,0.002942618930848455
highest-temperature-in-wellington-on-june-9-2026,Wellington,2026-06-09,2026-06-09 06:40:00+00:00,T-6,1.0,8°C,8.0,0.0015,0.0014713094654242274
highest-temperature-in-wellington-on-june-9-2026,Wellington,2026-06-09,2026-06-09 06:40:00+00:00,T-6,2.0,9°C,9.0,0.0015,0.0014713094654242274
highest-temperature-in-wellington-on-june-9-2026,Wellington,2026-06-09,2026-06-09 06:40:00+00:00,T-6,3.0,10°C,10.0,0.0015,0.0014713094654242274
highest-temperature-in-wellington-on-june-9-2026,Wellington,2026-06-09,2026-06-09 06:40:00+00:00,T-6,4.0,11°C,11.0,0.002,0.0019617459538989698
highest-temperature-in-wellington-on-june-9-2026,Wellington,2026-06-09,2026-06-09 06:40:00+00:00,T-6,5.0,12°C,12.0,0.002,0.0019617459538989698
highest-temperature-in-wellington-on-june-9-2026,Wellington,2026-06-09,2026-06-09 06:40:00+00:00,T-6,6.0,13°C,13.0,0.998,0.978911230995586
highest-temperature-in-wellington-on-june-9-2026,Wellington,2026-06-09,2026-06-09 06:40:00+00:00,T-6,7.0,14°C,14.0,0.0025,0.0024521824423737125
highest-temperature-in-wellington-on-june-9-2026,Wellington,2026-06-09,2026-06-09 06:40:00+00:00,T-6,8.0,15°C,15.0,0.0015,0.0014713094654242274
highest-temperature-in-wellington-on-june-9-2026,Wellington,2026-06-09,2026-06-09 06:40:00+00:00,T-6,9.0,16°C,16.0,0.004,0.0039234919077979396
highest-temperature-in-wellington-on-june-9-2026,Wellington,2026-06-09,2026-06-09 06:40:00+00:00,T-6,10.0,17°C or higher,17.0,0.002,0.0019617459538989698
highest-temperature-in-wellington-on-june-9-2026,Wellington,2026-06-09,2026-06-09 11:35:00+00:00,T-1,0.0,7°C or below,7.0,0.003,0.0029455081001472758
highest-temperature-in-wellington-on-june-9-2026,Wellington,2026-06-09,2026-06-09 11:35:00+00:00,T-1,1.0,8°C,8.0,0.0015,0.0014727540500736379
highest-temperature-in-wellington-on-june-9-2026,Wellington,2026-06-09,2026-06-09 11:35:00+00:00,T-1,2.0,9°C,9.0,0.0015,0.0014727540500736379
highest-temperature-in-wellington-on-june-9-2026,Wellington,2026-06-09,2026-06-09 11:35:00+00:00,T-1,3.0,10°C,10.0,0.0015,0.0014727540500736379
highest-temperature-in-wellington-on-june-9-2026,Wellington,2026-06-09,2026-06-09 11:35:00+00:00,T-1,4.0,11°C,11.0,0.002,0.0019636720667648502
highest-temperature-in-wellington-on-june-9-2026,Wellington,2026-06-09,2026-06-09 11:35:00+00:00,T-1,5.0,12°C,12.0,0.002,0.0019636720667648502
highest-temperature-in-wellington-on-june-9-2026,Wellington,2026-06-09,2026-06-09 11:35:00+00:00,T-1,6.0,13°C,13.0,0.998,0.9798723613156604
highest-temperature-in-wellington-on-june-9-2026,Wellington,2026-06-09,2026-06-09 11:35:00+00:00,T-1,7.0,14°C,14.0,0.0015,0.0014727540500736379
highest-temperature-in-wellington-on-june-9-2026,Wellington,2026-06-09,2026-06-09 11:35:00+00:00,T-1,8.0,15°C,15.0,0.0015,0.0014727540500736379
highest-temperature-in-wellington-on-june-9-2026,Wellington,2026-06-09,2026-06-09 11:35:00+00:00,T-1,9.0,16°C,16.0,0.004,0.0039273441335297005
highest-temperature-in-wellington-on-june-9-2026,Wellington,2026-06-09,2026-06-09 11:35:00+00:00,T-1,10.0,17°C or higher,17.0,0.002,0.0019636720667648502
highest-temperature-in-shanghai-on-june-9-2026,Shanghai,2026-06-09,2026-06-07 16:43:00+00:00,T-48,0.0,18°C or below,18.0,0.0025,0.002376425855513308
highest-temperature-in-shanghai-on-june-9-2026,Shanghai,2026-06-09,2026-06-07 16:43:00+00:00,T-48,1.0,19°C,19.0,0.0015,0.0014258555133079848
highest-temperature-in-shanghai-on-june-9-2026,Shanghai,2026-06-09,2026-06-07 16:43:00+00:00,T-48,2.0,20°C,20.0,0.006999999999999999,0.006653992395437261
highest-temperature-in-shanghai-on-june-9-2026,Shanghai,2026-06-09,2026-06-07 16:43:00+00:00,T-48,3.0,21°C,21.0,0.006,0.005703422053231939
highest-temperature-in-shanghai-on-june-9-2026,Shanghai,2026-06-09,2026-06-07 16:43:00+00:00,T-48,4.0,22°C,22.0,0.04,0.03802281368821293
highest-temperature-in-shanghai-on-june-9-2026,Shanghai,2026-06-09,2026-06-07 16:43:00+00:00,T-48,5.0,23°C,23.0,0.13,0.12357414448669202
highest-temperature-in-shanghai-on-june-9-2026,Shanghai,2026-06-09,2026-06-07 16:43:00+00:00,T-48,6.0,24°C,24.0,0.315,0.2994296577946768
highest-temperature-in-shanghai-on-june-9-2026,Shanghai,2026-06-09,2026-06-07 16:43:00+00:00,T-48,7.0,25°C,25.0,0.32999999999999996,0.3136882129277566
highest-temperature-in-shanghai-on-june-9-2026,Shanghai,2026-06-09,2026-06-07 16:43:00+00:00,T-48,8.0,26°C,26.0,0.18,0.17110266159695817
highest-temperature-in-shanghai-on-june-9-2026,Shanghai,2026-06-09,2026-06-07 16:43:00+00:00,T-48,9.0,27°C,27.0,0.0265,0.02519011406844106
highest-temperature-in-shanghai-on-june-9-2026,Shanghai,2026-06-09,2026-06-07 16:43:00+00:00,T-48,10.0,28°C or higher,28.0,0.0135,0.012832699619771862
highest-temperature-in-shanghai-on-june-9-2026,Shanghai,2026-06-09,2026-06-08 16:43:00+00:00,T-24,0.0,18°C or below,18.0,0.0025,0.002521432173474534
highest-temperature-in-shanghai-on-june-9-2026,Shanghai,2026-06-09,2026-06-08 16:43:00+00:00,T-24,1.0,19°C,19.0,0.0015,0.0015128593040847202
highest-temperature-in-shanghai-on-june-9-2026,Shanghai,2026-06-09,2026-06-08 16:43:00+00:00,T-24,2.0,20°C,20.0,0.0015,0.0015128593040847202
highest-temperature-in-shanghai-on-june-9-2026,Shanghai,2026-06-09,2026-06-08 16:43:00+00:00,T-24,3.0,21°C,21.0,0.0035,0.003530005042864347
highest-temperature-in-shanghai-on-june-9-2026,Shanghai,2026-06-09,2026-06-08 16:43:00+00:00,T-24,4.0,22°C,22.0,0.011,0.011094301563287948
highest-temperature-in-shanghai-on-june-9-2026,Shanghai,2026-06-09,2026-06-08 16:43:00+00:00,T-24,5.0,23°C,23.0,0.07500000000000001,0.07564296520423602
highest-temperature-in-shanghai-on-june-9-2026,Shanghai,2026-06-09,2026-06-08 16:43:00+00:00,T-24,6.0,24°C,24.0,0.365,0.3681290973272819
highest-temperature-in-shanghai-on-june-9-2026,Shanghai,2026-06-09,2026-06-08 16:43:00+00:00,T-24,7.0,25°C,25.0,0.39,0.39334341906202724
highest-temperature-in-shanghai-on-june-9-2026,Shanghai,2026-06-09,2026-06-08 16:43:00+00:00,T-24,8.0,26°C,26.0,0.11,0.11094301563287948
highest-temperature-in-shanghai-on-june-9-2026,Shanghai,2026-06-09,2026-06-08 16:43:00+00:00,T-24,9.0,27°C,27.0,0.025,0.02521432173474534
highest-temperature-in-shanghai-on-june-9-2026,Shanghai,2026-06-09,2026-06-08 16:43:00+00:00,T-24,10.0,28°C or higher,28.0,0.006500000000000001,0.006555723651033788
highest-temperature-in-shanghai-on-june-9-2026,Shanghai,2026-06-09,2026-06-09 10:43:00+00:00,T-6,0.0,18°C or below,18.0,0.0025,0.0024630541871921187
highest-temperature-in-shanghai-on-june-9-2026,Shanghai,2026-06-09,2026-06-09 10:43:00+00:00,T-6,1.0,19°C,19.0,0.0015,0.001477832512315271
highest-temperature-in-shanghai-on-june-9-2026,Shanghai,2026-06-09,2026-06-09 10:43:00+00:00,T-6,2.0,20°C,20.0,0.0015,0.001477832512315271
highest-temperature-in-shanghai-on-june-9-2026,Shanghai,2026-06-09,2026-06-09 10:43:00+00:00,T-6,3.0,21°C,21.0,0.0015,0.001477832512315271
highest-temperature-in-shanghai-on-june-9-2026,Shanghai,2026-06-09,2026-06-09 10:43:00+00:00,T-6,4.0,22°C,22.0,0.0015,0.001477832512315271
highest-temperature-in-shanghai-on-june-9-2026,Shanghai,2026-06-09,2026-06-09 10:43:00+00:00,T-6,5.0,23°C,23.0,0.0015,0.001477832512315271
highest-temperature-in-shanghai-on-june-9-2026,Shanghai,2026-06-09,2026-06-09 10:43:00+00:00,T-6,6.0,24°C,24.0,0.0015,0.001477832512315271
highest-temperature-in-shanghai-on-june-9-2026,Shanghai,2026-06-09,2026-06-09 10:43:00+00:00,T-6,7.0,25°C,25.0,0.9975,0.9827586206896554
highest-temperature-in-shanghai-on-june-9-2026,Shanghai,2026-06-09,2026-06-09 10:43:00+00:00,T-6,8.0,26°C,26.0,0.0025,0.0024630541871921187
highest-temperature-in-shanghai-on-june-9-2026,Shanghai,2026-06-09,2026-06-09 10:43:00+00:00,T-6,9.0,27°C,27.0,0.002,0.001970443349753695
highest-temperature-in-shanghai-on-june-9-2026,Shanghai,2026-06-09,2026-06-09 10:43:00+00:00,T-6,10.0,28°C or higher,28.0,0.0015,0.001477832512315271
highest-temperature-in-shanghai-on-june-9-2026,Shanghai,2026-06-09,2026-06-09 15:43:00+00:00,T-1,0.0,18°C or below,18.0,0.0025,0.0024630541871921187
highest-temperature-in-shanghai-on-june-9-2026,Shanghai,2026-06-09,2026-06-09 15:43:00+00:00,T-1,1.0,19°C,19.0,0.0015,0.001477832512315271
highest-temperature-in-shanghai-on-june-9-2026,Shanghai,2026-06-09,2026-06-09 15:43:00+00:00,T-1,2.0,20°C,20.0,0.0015,0.001477832512315271
highest-temperature-in-shanghai-on-june-9-2026,Shanghai,2026-06-09,2026-06-09 15:43:00+00:00,T-1,3.0,21°C,21.0,0.0015,0.001477832512315271
highest-temperature-in-shanghai-on-june-9-2026,Shanghai,2026-06-09,2026-06-09 15:43:00+00:00,T-1,4.0,22°C,22.0,0.0015,0.001477832512315271
highest-temperature-in-shanghai-on-june-9-2026,Shanghai,2026-06-09,2026-06-09 15:43:00+00:00,T-1,5.0,23°C,23.0,0.0015,0.001477832512315271
highest-temperature-in-shanghai-on-june-9-2026,Shanghai,2026-06-09,2026-06-09 15:43:00+00:00,T-1,6.0,24°C,24.0,0.0015,0.001477832512315271
highest-temperature-in-shanghai-on-june-9-2026,Shanghai,2026-06-09,2026-06-09 15:43:00+00:00,T-1,7.0,25°C,25.0,0.9975,0.9827586206896554
highest-temperature-in-shanghai-on-june-9-2026,Shanghai,2026-06-09,2026-06-09 15:43:00+00:00,T-1,8.0,26°C,26.0,0.0025,0.0024630541871921187
highest-temperature-in-shanghai-on-june-9-2026,Shanghai,2026-06-09,2026-06-09 15:43:00+00:00,T-1,9.0,27°C,27.0,0.002,0.001970443349753695
highest-temperature-in-shanghai-on-june-9-2026,Shanghai,2026-06-09,2026-06-09 15:43:00+00:00,T-1,10.0,28°C or higher,28.0,0.0015,0.001477832512315271
highest-temperature-in-munich-on-june-9-2026,Munich,2026-06-09,2026-06-07 22:59:00+00:00,T-48,0.0,14°C or below,14.0,0.0015,0.001519756838905775
highest-temperature-in-munich-on-june-9-2026,Munich,2026-06-09,2026-06-07 22:59:00+00:00,T-48,1.0,15°C,15.0,0.0115,0.01165146909827761
highest-temperature-in-munich-on-june-9-2026,Munich,2026-06-09,2026-06-07 22:59:00+00:00,T-48,2.0,16°C,16.0,0.025,0.025329280648429587
highest-temperature-in-munich-on-june-9-2026,Munich,2026-06-09,2026-06-07 22:59:00+00:00,T-48,3.0,17°C,17.0,0.15500000000000003,0.15704154002026346
highest-temperature-in-munich-on-june-9-2026,Munich,2026-06-09,2026-06-07 22:59:00+00:00,T-48,4.0,18°C,18.0,0.295,0.2988855116514691
highest-temperature-in-munich-on-june-9-2026,Munich,2026-06-09,2026-06-07 22:59:00+00:00,T-48,5.0,19°C,19.0,0.295,0.2988855116514691
highest-temperature-in-munich-on-june-9-2026,Munich,2026-06-09,2026-06-07 22:59:00+00:00,T-48,6.0,20°C,20.0,0.135,0.13677811550151978
highest-temperature-in-munich-on-june-9-2026,Munich,2026-06-09,2026-06-07 22:59:00+00:00,T-48,7.0,21°C,21.0,0.045,0.04559270516717325
highest-temperature-in-munich-on-june-9-2026,Munich,2026-06-09,2026-06-07 22:59:00+00:00,T-48,8.0,22°C,22.0,0.0135,0.013677811550151976
highest-temperature-in-munich-on-june-9-2026,Munich,2026-06-09,2026-06-07 22:59:00+00:00,T-48,9.0,23°C,23.0,0.006,0.0060790273556231
highest-temperature-in-munich-on-june-9-2026,Munich,2026-06-09,2026-06-07 22:59:00+00:00,T-48,10.0,24°C or higher,24.0,0.0045000000000000005,0.004559270516717326
highest-temperature-in-munich-on-june-9-2026,Munich,2026-06-09,2026-06-08 22:59:00+00:00,T-24,0.0,14°C or below,14.0,0.0015,0.001556824078879087
highest-temperature-in-munich-on-june-9-2026,Munich,2026-06-09,2026-06-08 22:59:00+00:00,T-24,1.0,15°C,15.0,0.0015,0.001556824078879087
highest-temperature-in-munich-on-june-9-2026,Munich,2026-06-09,2026-06-08 22:59:00+00:00,T-24,2.0,16°C,16.0,0.0015,0.001556824078879087
highest-temperature-in-munich-on-june-9-2026,Munich,2026-06-09,2026-06-08 22:59:00+00:00,T-24,3.0,17°C,17.0,0.35,0.3632589517384536
highest-temperature-in-munich-on-june-9-2026,Munich,2026-06-09,2026-06-08 22:59:00+00:00,T-24,4.0,18°C,18.0,0.355,0.3684483653347172
highest-temperature-in-munich-on-june-9-2026,Munich,2026-06-09,2026-06-08 22:59:00+00:00,T-24,5.0,19°C,19.0,0.215,0.22314478463933576
highest-temperature-in-munich-on-june-9-2026,Munich,2026-06-09,2026-06-08 22:59:00+00:00,T-24,6.0,20°C,20.0,0.025,0.025947067981318114
highest-temperature-in-munich-on-june-9-2026,Munich,2026-06-09,2026-06-08 22:59:00+00:00,T-24,7.0,21°C,21.0,0.008,0.008303061754021797
highest-temperature-in-munich-on-june-9-2026,Munich,2026-06-09,2026-06-08 22:59:00+00:00,T-24,8.0,22°C,22.0,0.0025,0.0025947067981318115
highest-temperature-in-munich-on-june-9-2026,Munich,2026-06-09,2026-06-08 22:59:00+00:00,T-24,9.0,23°C,23.0,0.0015,0.001556824078879087
highest-temperature-in-munich-on-june-9-2026,Munich,2026-06-09,2026-06-08 22:59:00+00:00,T-24,10.0,24°C or higher,24.0,0.002,0.002075765438505449
highest-temperature-in-munich-on-june-9-2026,Munich,2026-06-09,2026-06-09 16:59:00+00:00,T-6,0.0,14°C or below,14.0,0.0015,0.0014771048744460856
highest-temperature-in-munich-on-june-9-2026,Munich,2026-06-09,2026-06-09 16:59:00+00:00,T-6,1.0,15°C,15.0,0.0015,0.0014771048744460856
highest-temperature-in-munich-on-june-9-2026,Munich,2026-06-09,2026-06-09 16:59:00+00:00,T-6,2.0,16°C,16.0,0.0015,0.0014771048744460856
highest-temperature-in-munich-on-june-9-2026,Munich,2026-06-09,2026-06-09 16:59:00+00:00,T-6,3.0,17°C,17.0,0.0015,0.0014771048744460856
highest-temperature-in-munich-on-june-9-2026,Munich,2026-06-09,2026-06-09 16:59:00+00:00,T-6,4.0,18°C,18.0,0.9984999999999999,0.9832594780896109
highest-temperature-in-munich-on-june-9-2026,Munich,2026-06-09,2026-06-09 16:59:00+00:00,T-6,5.0,19°C,19.0,0.002,0.001969473165928114
highest-temperature-in-munich-on-june-9-2026,Munich,2026-06-09,2026-06-09 16:59:00+00:00,T-6,6.0,20°C,20.0,0.0025,0.0024618414574101425
highest-temperature-in-munich-on-june-9-2026,Munich,2026-06-09,2026-06-09 16:59:00+00:00,T-6,7.0,21°C,21.0,0.0015,0.0014771048744460856
highest-temperature-in-munich-on-june-9-2026,Munich,2026-06-09,2026-06-09 16:59:00+00:00,T-6,8.0,22°C,22.0,0.0015,0.0014771048744460856
highest-temperature-in-munich-on-june-9-2026,Munich,2026-06-09,2026-06-09 16:59:00+00:00,T-6,9.0,23°C,23.0,0.0015,0.0014771048744460856
highest-temperature-in-munich-on-june-9-2026,Munich,2026-06-09,2026-06-09 16:59:00+00:00,T-6,10.0,24°C or higher,24.0,0.002,0.001969473165928114
highest-temperature-in-munich-on-june-9-2026,Munich,2026-06-09,2026-06-09 20:35:00+00:00,T-1,0.0,14°C or below,14.0,0.0015,0.0014771048744460856
highest-temperature-in-munich-on-june-9-2026,Munich,2026-06-09,2026-06-09 20:35:00+00:00,T-1,1.0,15°C,15.0,0.0015,0.0014771048744460856
highest-temperature-in-munich-on-june-9-2026,Munich,2026-06-09,2026-06-09 20:35:00+00:00,T-1,2.0,16°C,16.0,0.0015,0.0014771048744460856
highest-temperature-in-munich-on-june-9-2026,Munich,2026-06-09,2026-06-09 20:35:00+00:00,T-1,3.0,17°C,17.0,0.0015,0.0014771048744460856
highest-temperature-in-munich-on-june-9-2026,Munich,2026-06-09,2026-06-09 20:35:00+00:00,T-1,4.0,18°C,18.0,0.9984999999999999,0.9832594780896109
highest-temperature-in-munich-on-june-9-2026,Munich,2026-06-09,2026-06-09 20:35:00+00:00,T-1,5.0,19°C,19.0,0.002,0.001969473165928114
highest-temperature-in-munich-on-june-9-2026,Munich,2026-06-09,2026-06-09 20:35:00+00:00,T-1,6.0,20°C,20.0,0.0025,0.0024618414574101425
highest-temperature-in-munich-on-june-9-2026,Munich,2026-06-09,2026-06-09 20:35:00+00:00,T-1,7.0,21°C,21.0,0.0015,0.0014771048744460856
highest-temperature-in-munich-on-june-9-2026,Munich,2026-06-09,2026-06-09 20:35:00+00:00,T-1,8.0,22°C,22.0,0.0015,0.0014771048744460856
highest-temperature-in-munich-on-june-9-2026,Munich,2026-06-09,2026-06-09 20:35:00+00:00,T-1,9.0,23°C,23.0,0.0015,0.0014771048744460856
highest-temperature-in-munich-on-june-9-2026,Munich,2026-06-09,2026-06-09 20:35:00+00:00,T-1,10.0,24°C or higher,24.0,0.002,0.001969473165928114
highest-temperature-in-ankara-on-june-10-2026,Ankara,2026-06-10,2026-06-08 22:09:00+00:00,T-48,0.0,22°C or below,22.0,0.095,0.09354997538158542
highest-temperature-in-ankara-on-june-10-2026,Ankara,2026-06-10,2026-06-08 22:09:00+00:00,T-48,1.0,23°C,23.0,0.27,0.2658788774002954
highest-temperature-in-ankara-on-june-10-2026,Ankara,2026-06-10,2026-06-08 22:09:00+00:00,T-48,2.0,24°C,24.0,0.4,0.39389463318562284
highest-temperature-in-ankara-on-june-10-2026,Ankara,2026-06-10,2026-06-08 22:09:00+00:00,T-48,3.0,25°C,25.0,0.16499999999999998,0.16248153618906938
highest-temperature-in-ankara-on-june-10-2026,Ankara,2026-06-10,2026-06-08 22:09:00+00:00,T-48,4.0,26°C,26.0,0.060000000000000005,0.05908419497784343
highest-temperature-in-ankara-on-june-10-2026,Ankara,2026-06-10,2026-06-08 22:09:00+00:00,T-48,5.0,27°C,27.0,0.010499999999999999,0.010339734121122598
highest-temperature-in-ankara-on-june-10-2026,Ankara,2026-06-10,2026-06-08 22:09:00+00:00,T-48,6.0,28°C,28.0,0.0055,0.005416051206302314
highest-temperature-in-ankara-on-june-10-2026,Ankara,2026-06-10,2026-06-08 22:09:00+00:00,T-48,7.0,29°C,29.0,0.0025,0.0024618414574101425
highest-temperature-in-ankara-on-june-10-2026,Ankara,2026-06-10,2026-06-08 22:09:00+00:00,T-48,8.0,30°C,30.0,0.0035,0.0034465780403741997
highest-temperature-in-ankara-on-june-10-2026,Ankara,2026-06-10,2026-06-08 22:09:00+00:00,T-48,9.0,31°C,31.0,0.002,0.001969473165928114
highest-temperature-in-ankara-on-june-10-2026,Ankara,2026-06-10,2026-06-08 22:09:00+00:00,T-48,10.0,32°C or higher,32.0,0.0015,0.0014771048744460856
highest-temperature-in-ankara-on-june-10-2026,Ankara,2026-06-10,2026-06-09 22:09:00+00:00,T-24,0.0,22°C or below,22.0,0.15000000000000002,0.14177693761814744
highest-temperature-in-ankara-on-june-10-2026,Ankara,2026-06-10,2026-06-09 22:09:00+00:00,T-24,1.0,23°C,23.0,0.305,0.28827977315689973
highest-temperature-in-ankara-on-june-10-2026,Ankara,2026-06-10,2026-06-09 22:09:00+00:00,T-24,2.0,24°C,24.0,0.385,0.36389413988657837
highest-temperature-in-ankara-on-june-10-2026,Ankara,2026-06-10,2026-06-09 22:09:00+00:00,T-24,3.0,25°C,25.0,0.165,0.15595463137996216
highest-temperature-in-ankara-on-june-10-2026,Ankara,2026-06-10,2026-06-09 22:09:00+00:00,T-24,4.0,26°C,26.0,0.0345,0.032608695652173905
highest-temperature-in-ankara-on-june-10-2026,Ankara,2026-06-10,2026-06-09 22:09:00+00:00,T-24,5.0,27°C,27.0,0.009000000000000001,0.008506616257088845
highest-temperature-in-ankara-on-june-10-2026,Ankara,2026-06-10,2026-06-09 22:09:00+00:00,T-24,6.0,28°C,28.0,0.0035,0.0033081285444234395
highest-temperature-in-ankara-on-june-10-2026,Ankara,2026-06-10,2026-06-09 22:09:00+00:00,T-24,7.0,29°C,29.0,0.0015,0.0014177693761814741
highest-temperature-in-ankara-on-june-10-2026,Ankara,2026-06-10,2026-06-09 22:09:00+00:00,T-24,8.0,30°C,30.0,0.0015,0.0014177693761814741
highest-temperature-in-ankara-on-june-10-2026,Ankara,2026-06-10,2026-06-09 22:09:00+00:00,T-24,9.0,31°C,31.0,0.0015,0.0014177693761814741
highest-temperature-in-ankara-on-june-10-2026,Ankara,2026-06-10,2026-06-09 22:09:00+00:00,T-24,10.0,32°C or higher,32.0,0.0015,0.0014177693761814741
highest-temperature-in-ankara-on-june-10-2026,Ankara,2026-06-10,2026-06-10 16:09:00+00:00,T-6,0.0,22°C or below,22.0,0.995,0.9769268532155131
highest-temperature-in-ankara-on-june-10-2026,Ankara,2026-06-10,2026-06-10 16:09:00+00:00,T-6,1.0,23°C,23.0,0.004999999999999999,0.004909180166912125
highest-temperature-in-ankara-on-june-10-2026,Ankara,2026-06-10,2026-06-10 16:09:00+00:00,T-6,2.0,24°C,24.0,0.004,0.0039273441335297005
highest-temperature-in-ankara-on-june-10-2026,Ankara,2026-06-10,2026-06-10 16:09:00+00:00,T-6,3.0,25°C,25.0,0.003,0.0029455081001472758
highest-temperature-in-ankara-on-june-10-2026,Ankara,2026-06-10,2026-06-10 16:09:00+00:00,T-6,4.0,26°C,26.0,0.0015,0.0014727540500736379
highest-temperature-in-ankara-on-june-10-2026,Ankara,2026-06-10,2026-06-10 16:09:00+00:00,T-6,5.0,27°C,27.0,0.0015,0.0014727540500736379
highest-temperature-in-ankara-on-june-10-2026,Ankara,2026-06-10,2026-06-10 16:09:00+00:00,T-6,6.0,28°C,28.0,0.0025,0.002454590083456063
highest-temperature-in-ankara-on-june-10-2026,Ankara,2026-06-10,2026-06-10 16:09:00+00:00,T-6,7.0,29°C,29.0,0.0015,0.0014727540500736379
highest-temperature-in-ankara-on-june-10-2026,Ankara,2026-06-10,2026-06-10 16:09:00+00:00,T-6,8.0,30°C,30.0,0.0015,0.0014727540500736379
highest-temperature-in-ankara-on-june-10-2026,Ankara,2026-06-10,2026-06-10 16:09:00+00:00,T-6,9.0,31°C,31.0,0.0015,0.0014727540500736379
highest-temperature-in-ankara-on-june-10-2026,Ankara,2026-06-10,2026-06-10 16:09:00+00:00,T-6,10.0,32°C or higher,32.0,0.0015,0.0014727540500736379
highest-temperature-in-ankara-on-june-10-2026,Ankara,2026-06-10,2026-06-10 20:50:00+00:00,T-1,0.0,22°C or below,22.0,0.998,0.9837358304583539
highest-temperature-in-ankara-on-june-10-2026,Ankara,2026-06-10,2026-06-10 20:50:00+00:00,T-1,1.0,23°C,23.0,0.002,0.001971414489896501
highest-temperature-in-ankara-on-june-10-2026,Ankara,2026-06-10,2026-06-10 20:50:00+00:00,T-1,2.0,24°C,24.0,0.0015,0.0014785608674223758
highest-temperature-in-ankara-on-june-10-2026,Ankara,2026-06-10,2026-06-10 20:50:00+00:00,T-1,3.0,25°C,25.0,0.0015,0.0014785608674223758
highest-temperature-in-ankara-on-june-10-2026,Ankara,2026-06-10,2026-06-10 20:50:00+00:00,T-1,4.0,26°C,26.0,0.0015,0.0014785608674223758
highest-temperature-in-ankara-on-june-10-2026,Ankara,2026-06-10,2026-06-10 20:50:00+00:00,T-1,5.0,27°C,27.0,0.0015,0.0014785608674223758
highest-temperature-in-ankara-on-june-10-2026,Ankara,2026-06-10,2026-06-10 20:50:00+00:00,T-1,6.0,28°C,28.0,0.0025,0.002464268112370626
highest-temperature-in-ankara-on-june-10-2026,Ankara,2026-06-10,2026-06-10 20:50:00+00:00,T-1,7.0,29°C,29.0,0.0015,0.0014785608674223758
highest-temperature-in-ankara-on-june-10-2026,Ankara,2026-06-10,2026-06-10 20:50:00+00:00,T-1,8.0,30°C,30.0,0.0015,0.0014785608674223758
highest-temperature-in-ankara-on-june-10-2026,Ankara,2026-06-10,2026-06-10 20:50:00+00:00,T-1,9.0,31°C,31.0,0.0015,0.0014785608674223758
highest-temperature-in-ankara-on-june-10-2026,Ankara,2026-06-10,2026-06-10 20:50:00+00:00,T-1,10.0,32°C or higher,32.0,0.0015,0.0014785608674223758
highest-temperature-in-chengdu-on-june-10-2026,Chengdu,2026-06-10,2026-06-08 16:48:00+00:00,T-48,0.0,25°C or below,25.0,0.004,0.0037019898195279964
highest-temperature-in-chengdu-on-june-10-2026,Chengdu,2026-06-10,2026-06-08 16:48:00+00:00,T-48,1.0,26°C,26.0,0.0105,0.00971772327626099
highest-temperature-in-chengdu-on-june-10-2026,Chengdu,2026-06-10,2026-06-08 16:48:00+00:00,T-48,2.0,27°C,27.0,0.065,0.06015733456732994
highest-temperature-in-chengdu-on-june-10-2026,Chengdu,2026-06-10,2026-06-08 16:48:00+00:00,T-48,3.0,28°C,28.0,0.145,0.13419713095788985
highest-temperature-in-chengdu-on-june-10-2026,Chengdu,2026-06-10,2026-06-08 16:48:00+00:00,T-48,4.0,29°C,29.0,0.235,0.21749190189726977
highest-temperature-in-chengdu-on-june-10-2026,Chengdu,2026-06-10,2026-06-08 16:48:00+00:00,T-48,5.0,30°C,30.0,0.225,0.20823692734844979
highest-temperature-in-chengdu-on-june-10-2026,Chengdu,2026-06-10,2026-06-08 16:48:00+00:00,T-48,6.0,31°C,31.0,0.23,0.2128644146228598
highest-temperature-in-chengdu-on-june-10-2026,Chengdu,2026-06-10,2026-06-08 16:48:00+00:00,T-48,7.0,32°C,32.0,0.09,0.08329477093937991
highest-temperature-in-chengdu-on-june-10-2026,Chengdu,2026-06-10,2026-06-08 16:48:00+00:00,T-48,8.0,33°C,33.0,0.06,0.05552984729291994
highest-temperature-in-chengdu-on-june-10-2026,Chengdu,2026-06-10,2026-06-08 16:48:00+00:00,T-48,9.0,34°C,34.0,0.0125,0.01156871818602499
highest-temperature-in-chengdu-on-june-10-2026,Chengdu,2026-06-10,2026-06-08 16:48:00+00:00,T-48,10.0,35°C or higher,35.0,0.0035,0.003239241092086997
highest-temperature-in-chengdu-on-june-10-2026,Chengdu,2026-06-10,2026-06-09 16:48:00+00:00,T-24,0.0,25°C or below,25.0,0.0015,0.0014170996693434106
highest-temperature-in-chengdu-on-june-10-2026,Chengdu,2026-06-10,2026-06-09 16:48:00+00:00,T-24,1.0,26°C,26.0,0.002,0.001889466225791214
highest-temperature-in-chengdu-on-june-10-2026,Chengdu,2026-06-10,2026-06-09 16:48:00+00:00,T-24,2.0,27°C,27.0,0.0335,0.03164855928200284
highest-temperature-in-chengdu-on-june-10-2026,Chengdu,2026-06-10,2026-06-09 16:48:00+00:00,T-24,3.0,28°C,28.0,0.12,0.11336797354747284
highest-temperature-in-chengdu-on-june-10-2026,Chengdu,2026-06-10,2026-06-09 16:48:00+00:00,T-24,4.0,29°C,29.0,0.22,0.20784128483703354
highest-temperature-in-chengdu-on-june-10-2026,Chengdu,2026-06-10,2026-06-09 16:48:00+00:00,T-24,5.0,30°C,30.0,0.29500000000000004,0.2786962683042041
highest-temperature-in-chengdu-on-june-10-2026,Chengdu,2026-06-10,2026-06-09 16:48:00+00:00,T-24,6.0,31°C,31.0,0.22999999999999998,0.21728861596598958
highest-temperature-in-chengdu-on-june-10-2026,Chengdu,2026-06-10,2026-06-09 16:48:00+00:00,T-24,7.0,32°C,32.0,0.11,0.10392064241851677
highest-temperature-in-chengdu-on-june-10-2026,Chengdu,2026-06-10,2026-06-09 16:48:00+00:00,T-24,8.0,33°C,33.0,0.0415,0.03920642418516769
highest-temperature-in-chengdu-on-june-10-2026,Chengdu,2026-06-10,2026-06-09 16:48:00+00:00,T-24,9.0,34°C,34.0,0.003,0.002834199338686821
highest-temperature-in-chengdu-on-june-10-2026,Chengdu,2026-06-10,2026-06-09 16:48:00+00:00,T-24,10.0,35°C or higher,35.0,0.002,0.001889466225791214
highest-temperature-in-chengdu-on-june-10-2026,Chengdu,2026-06-10,2026-06-10 10:48:00+00:00,T-6,0.0,25°C or below,25.0,0.0015,0.0014713094654242279
highest-temperature-in-chengdu-on-june-10-2026,Chengdu,2026-06-10,2026-06-10 10:48:00+00:00,T-6,1.0,26°C,26.0,0.0015,0.0014713094654242279
highest-temperature-in-chengdu-on-june-10-2026,Chengdu,2026-06-10,2026-06-10 10:48:00+00:00,T-6,2.0,27°C,27.0,0.0015,0.0014713094654242279
highest-temperature-in-chengdu-on-june-10-2026,Chengdu,2026-06-10,2026-06-10 10:48:00+00:00,T-6,3.0,28°C,28.0,0.0015,0.0014713094654242279
highest-temperature-in-chengdu-on-june-10-2026,Chengdu,2026-06-10,2026-06-10 10:48:00+00:00,T-6,4.0,29°C,29.0,0.0015,0.0014713094654242279
highest-temperature-in-chengdu-on-june-10-2026,Chengdu,2026-06-10,2026-06-10 10:48:00+00:00,T-6,5.0,30°C,30.0,0.0015,0.0014713094654242279
highest-temperature-in-chengdu-on-june-10-2026,Chengdu,2026-06-10,2026-06-10 10:48:00+00:00,T-6,6.0,31°C,31.0,0.9984999999999999,0.9794016674840609
highest-temperature-in-chengdu-on-june-10-2026,Chengdu,2026-06-10,2026-06-10 10:48:00+00:00,T-6,7.0,32°C,32.0,0.0035,0.003433055419323198
highest-temperature-in-chengdu-on-june-10-2026,Chengdu,2026-06-10,2026-06-10 10:48:00+00:00,T-6,8.0,33°C,33.0,0.002,0.00196174595389897
highest-temperature-in-chengdu-on-june-10-2026,Chengdu,2026-06-10,2026-06-10 10:48:00+00:00,T-6,9.0,34°C,34.0,0.004999999999999999,0.004904364884747425
highest-temperature-in-chengdu-on-june-10-2026,Chengdu,2026-06-10,2026-06-10 10:48:00+00:00,T-6,10.0,35°C or higher,35.0,0.0015,0.0014713094654242279
highest-temperature-in-chengdu-on-june-10-2026,Chengdu,2026-06-10,2026-06-10 15:48:00+00:00,T-1,0.0,25°C or below,25.0,0.0015,0.0014713094654242279
highest-temperature-in-chengdu-on-june-10-2026,Chengdu,2026-06-10,2026-06-10 15:48:00+00:00,T-1,1.0,26°C,26.0,0.0015,0.0014713094654242279
highest-temperature-in-chengdu-on-june-10-2026,Chengdu,2026-06-10,2026-06-10 15:48:00+00:00,T-1,2.0,27°C,27.0,0.0015,0.0014713094654242279
highest-temperature-in-chengdu-on-june-10-2026,Chengdu,2026-06-10,2026-06-10 15:48:00+00:00,T-1,3.0,28°C,28.0,0.0015,0.0014713094654242279
highest-temperature-in-chengdu-on-june-10-2026,Chengdu,2026-06-10,2026-06-10 15:48:00+00:00,T-1,4.0,29°C,29.0,0.0015,0.0014713094654242279
highest-temperature-in-chengdu-on-june-10-2026,Chengdu,2026-06-10,2026-06-10 15:48:00+00:00,T-1,5.0,30°C,30.0,0.0015,0.0014713094654242279
highest-temperature-in-chengdu-on-june-10-2026,Chengdu,2026-06-10,2026-06-10 15:48:00+00:00,T-1,6.0,31°C,31.0,0.9984999999999999,0.9794016674840609
highest-temperature-in-chengdu-on-june-10-2026,Chengdu,2026-06-10,2026-06-10 15:48:00+00:00,T-1,7.0,32°C,32.0,0.0035,0.003433055419323198
highest-temperature-in-chengdu-on-june-10-2026,Chengdu,2026-06-10,2026-06-10 15:48:00+00:00,T-1,8.0,33°C,33.0,0.002,0.00196174595389897
highest-temperature-in-chengdu-on-june-10-2026,Chengdu,2026-06-10,2026-06-10 15:48:00+00:00,T-1,9.0,34°C,34.0,0.004999999999999999,0.004904364884747425
highest-temperature-in-chengdu-on-june-10-2026,Chengdu,2026-06-10,2026-06-10 15:48:00+00:00,T-1,10.0,35°C or higher,35.0,0.0015,0.0014713094654242279
highest-temperature-in-wuhan-on-june-10-2026,Wuhan,2026-06-10,2026-06-08 16:50:00+00:00,T-48,0.0,25°C or below,25.0,0.0015,0.0017035775127768316
highest-temperature-in-wuhan-on-june-10-2026,Wuhan,2026-06-10,2026-06-08 16:50:00+00:00,T-48,1.0,26°C,26.0,0.005,0.0056785917092561046
highest-temperature-in-wuhan-on-june-10-2026,Wuhan,2026-06-10,2026-06-08 16:50:00+00:00,T-48,2.0,27°C,27.0,0.0045000000000000005,0.0051107325383304945
highest-temperature-in-wuhan-on-june-10-2026,Wuhan,2026-06-10,2026-06-08 16:50:00+00:00,T-48,3.0,28°C,28.0,0.020999999999999998,0.023850085178875637
highest-temperature-in-wuhan-on-june-10-2026,Wuhan,2026-06-10,2026-06-08 16:50:00+00:00,T-48,5.0,30°C,30.0,0.215,0.24417944349801252
highest-temperature-in-wuhan-on-june-10-2026,Wuhan,2026-06-10,2026-06-08 16:50:00+00:00,T-48,6.0,31°C,31.0,0.295,0.33503691084611015
highest-temperature-in-wuhan-on-june-10-2026,Wuhan,2026-06-10,2026-06-08 16:50:00+00:00,T-48,7.0,32°C,32.0,0.245,0.2782509937535491
highest-temperature-in-wuhan-on-june-10-2026,Wuhan,2026-06-10,2026-06-08 16:50:00+00:00,T-48,8.0,33°C,33.0,0.07,0.07950028392958547
highest-temperature-in-wuhan-on-june-10-2026,Wuhan,2026-06-10,2026-06-08 16:50:00+00:00,T-48,9.0,34°C,34.0,0.02,0.022714366837024418
highest-temperature-in-wuhan-on-june-10-2026,Wuhan,2026-06-10,2026-06-08 16:50:00+00:00,T-48,10.0,35°C or higher,35.0,0.0035,0.003975014196479274
highest-temperature-in-wuhan-on-june-10-2026,Wuhan,2026-06-10,2026-06-09 16:50:00+00:00,T-24,0.0,25°C or below,25.0,0.0015,0.0015974440894568687
highest-temperature-in-wuhan-on-june-10-2026,Wuhan,2026-06-10,2026-06-09 16:50:00+00:00,T-24,1.0,26°C,26.0,0.0035,0.003727369542066027
highest-temperature-in-wuhan-on-june-10-2026,Wuhan,2026-06-10,2026-06-09 16:50:00+00:00,T-24,2.0,27°C,27.0,0.0025,0.002662406815761448
highest-temperature-in-wuhan-on-june-10-2026,Wuhan,2026-06-10,2026-06-09 16:50:00+00:00,T-24,3.0,28°C,28.0,0.0125,0.01331203407880724
highest-temperature-in-wuhan-on-june-10-2026,Wuhan,2026-06-10,2026-06-09 16:50:00+00:00,T-24,5.0,30°C,30.0,0.21500000000000002,0.22896698615548455
highest-temperature-in-wuhan-on-june-10-2026,Wuhan,2026-06-10,2026-06-09 16:50:00+00:00,T-24,6.0,31°C,31.0,0.385,0.41001064962726297
highest-temperature-in-wuhan-on-june-10-2026,Wuhan,2026-06-10,2026-06-09 16:50:00+00:00,T-24,7.0,32°C,32.0,0.28,0.2981895633652822
highest-temperature-in-wuhan-on-june-10-2026,Wuhan,2026-06-10,2026-06-09 16:50:00+00:00,T-24,8.0,33°C,33.0,0.0275,0.02928647497337593
highest-temperature-in-wuhan-on-june-10-2026,Wuhan,2026-06-10,2026-06-09 16:50:00+00:00,T-24,9.0,34°C,34.0,0.0085,0.009052183173588923
highest-temperature-in-wuhan-on-june-10-2026,Wuhan,2026-06-10,2026-06-09 16:50:00+00:00,T-24,10.0,35°C or higher,35.0,0.003,0.0031948881789137375
highest-temperature-in-wuhan-on-june-10-2026,Wuhan,2026-06-10,2026-06-10 10:50:00+00:00,T-6,0.0,25°C or below,25.0,0.0015,0.0014785608674223758
highest-temperature-in-wuhan-on-june-10-2026,Wuhan,2026-06-10,2026-06-10 10:50:00+00:00,T-6,1.0,26°C,26.0,0.0035,0.0034499753573188764
highest-temperature-in-wuhan-on-june-10-2026,Wuhan,2026-06-10,2026-06-10 10:50:00+00:00,T-6,2.0,27°C,27.0,0.0015,0.0014785608674223758
highest-temperature-in-wuhan-on-june-10-2026,Wuhan,2026-06-10,2026-06-10 10:50:00+00:00,T-6,3.0,28°C,28.0,0.0015,0.0014785608674223758
highest-temperature-in-wuhan-on-june-10-2026,Wuhan,2026-06-10,2026-06-10 10:50:00+00:00,T-6,5.0,30°C,30.0,0.997,0.9827501232134056
highest-temperature-in-wuhan-on-june-10-2026,Wuhan,2026-06-10,2026-06-10 10:50:00+00:00,T-6,6.0,31°C,31.0,0.0025,0.002464268112370626
highest-temperature-in-wuhan-on-june-10-2026,Wuhan,2026-06-10,2026-06-10 10:50:00+00:00,T-6,7.0,32°C,32.0,0.0015,0.0014785608674223758
highest-temperature-in-wuhan-on-june-10-2026,Wuhan,2026-06-10,2026-06-10 10:50:00+00:00,T-6,8.0,33°C,33.0,0.0015,0.0014785608674223758
highest-temperature-in-wuhan-on-june-10-2026,Wuhan,2026-06-10,2026-06-10 10:50:00+00:00,T-6,9.0,34°C,34.0,0.0025,0.002464268112370626
highest-temperature-in-wuhan-on-june-10-2026,Wuhan,2026-06-10,2026-06-10 10:50:00+00:00,T-6,10.0,35°C or higher,35.0,0.0015,0.0014785608674223758
highest-temperature-in-wuhan-on-june-10-2026,Wuhan,2026-06-10,2026-06-10 15:45:00+00:00,T-1,0.0,25°C or below,25.0,0.0015,0.0014785608674223758
highest-temperature-in-wuhan-on-june-10-2026,Wuhan,2026-06-10,2026-06-10 15:45:00+00:00,T-1,1.0,26°C,26.0,0.0035,0.0034499753573188764
highest-temperature-in-wuhan-on-june-10-2026,Wuhan,2026-06-10,2026-06-10 15:45:00+00:00,T-1,2.0,27°C,27.0,0.0015,0.0014785608674223758
highest-temperature-in-wuhan-on-june-10-2026,Wuhan,2026-06-10,2026-06-10 15:45:00+00:00,T-1,3.0,28°C,28.0,0.0015,0.0014785608674223758
highest-temperature-in-wuhan-on-june-10-2026,Wuhan,2026-06-10,2026-06-10 15:45:00+00:00,T-1,5.0,30°C,30.0,0.997,0.9827501232134056
highest-temperature-in-wuhan-on-june-10-2026,Wuhan,2026-06-10,2026-06-10 15:45:00+00:00,T-1,6.0,31°C,31.0,0.0025,0.002464268112370626
highest-temperature-in-wuhan-on-june-10-2026,Wuhan,2026-06-10,2026-06-10 15:45:00+00:00,T-1,7.0,32°C,32.0,0.0015,0.0014785608674223758
highest-temperature-in-wuhan-on-june-10-2026,Wuhan,2026-06-10,2026-06-10 15:45:00+00:00,T-1,8.0,33°C,33.0,0.0015,0.0014785608674223758
highest-temperature-in-wuhan-on-june-10-2026,Wuhan,2026-06-10,2026-06-10 15:45:00+00:00,T-1,9.0,34°C,34.0,0.0025,0.002464268112370626
highest-temperature-in-wuhan-on-june-10-2026,Wuhan,2026-06-10,2026-06-10 15:45:00+00:00,T-1,10.0,35°C or higher,35.0,0.0015,0.0014785608674223758
highest-temperature-in-singapore-on-june-10-2026,Singapore,2026-06-10,2026-06-08 16:37:00+00:00,T-48,0.0,25°C or below,25.0,0.0015,0.0015864621893178215
highest-temperature-in-singapore-on-june-10-2026,Singapore,2026-06-10,2026-06-08 16:37:00+00:00,T-48,1.0,26°C,26.0,0.0015,0.0015864621893178215
highest-temperature-in-singapore-on-june-10-2026,Singapore,2026-06-10,2026-06-08 16:37:00+00:00,T-48,2.0,27°C,27.0,0.0055,0.005817028027498678
highest-temperature-in-singapore-on-june-10-2026,Singapore,2026-06-10,2026-06-08 16:37:00+00:00,T-48,3.0,28°C,28.0,0.009,0.009518773135906928
highest-temperature-in-singapore-on-june-10-2026,Singapore,2026-06-10,2026-06-08 16:37:00+00:00,T-48,4.0,29°C,29.0,0.09,0.09518773135906929
highest-temperature-in-singapore-on-june-10-2026,Singapore,2026-06-10,2026-06-08 16:37:00+00:00,T-48,5.0,30°C,30.0,0.175,0.1850872554204125
highest-temperature-in-singapore-on-june-10-2026,Singapore,2026-06-10,2026-06-08 16:37:00+00:00,T-48,6.0,31°C,31.0,0.29000000000000004,0.3067160232681122
highest-temperature-in-singapore-on-june-10-2026,Singapore,2026-06-10,2026-06-08 16:37:00+00:00,T-48,7.0,32°C,32.0,0.255,0.26969857218402965
highest-temperature-in-singapore-on-june-10-2026,Singapore,2026-06-10,2026-06-08 16:37:00+00:00,T-48,8.0,33°C,33.0,0.095,0.10047593865679535
highest-temperature-in-singapore-on-june-10-2026,Singapore,2026-06-10,2026-06-08 16:37:00+00:00,T-48,9.0,34°C,34.0,0.0165,0.017451084082496036
highest-temperature-in-singapore-on-june-10-2026,Singapore,2026-06-10,2026-06-08 16:37:00+00:00,T-48,10.0,35°C or higher,35.0,0.006500000000000001,0.006874669487043894
highest-temperature-in-singapore-on-june-10-2026,Singapore,2026-06-10,2026-06-09 16:37:00+00:00,T-24,0.0,25°C or below,25.0,0.0015,0.0014742014742014744
highest-temperature-in-singapore-on-june-10-2026,Singapore,2026-06-10,2026-06-09 16:37:00+00:00,T-24,1.0,26°C,26.0,0.0015,0.0014742014742014744
highest-temperature-in-singapore-on-june-10-2026,Singapore,2026-06-10,2026-06-09 16:37:00+00:00,T-24,2.0,27°C,27.0,0.0015,0.0014742014742014744
highest-temperature-in-singapore-on-june-10-2026,Singapore,2026-06-10,2026-06-09 16:37:00+00:00,T-24,3.0,28°C,28.0,0.0025,0.0024570024570024574
highest-temperature-in-singapore-on-june-10-2026,Singapore,2026-06-10,2026-06-09 16:37:00+00:00,T-24,4.0,29°C,29.0,0.027500000000000004,0.027027027027027035
highest-temperature-in-singapore-on-june-10-2026,Singapore,2026-06-10,2026-06-09 16:37:00+00:00,T-24,5.0,30°C,30.0,0.22499999999999998,0.22113022113022113
highest-temperature-in-singapore-on-june-10-2026,Singapore,2026-06-10,2026-06-09 16:37:00+00:00,T-24,6.0,31°C,31.0,0.475,0.46683046683046686
highest-temperature-in-singapore-on-june-10-2026,Singapore,2026-06-10,2026-06-09 16:37:00+00:00,T-24,7.0,32°C,32.0,0.215,0.21130221130221133
highest-temperature-in-singapore-on-june-10-2026,Singapore,2026-06-10,2026-06-09 16:37:00+00:00,T-24,8.0,33°C,33.0,0.060000000000000005,0.058968058968058984
highest-temperature-in-singapore-on-june-10-2026,Singapore,2026-06-10,2026-06-09 16:37:00+00:00,T-24,9.0,34°C,34.0,0.006500000000000001,0.006388206388206389
highest-temperature-in-singapore-on-june-10-2026,Singapore,2026-06-10,2026-06-09 16:37:00+00:00,T-24,10.0,35°C or higher,35.0,0.0015,0.0014742014742014744
highest-temperature-in-singapore-on-june-10-2026,Singapore,2026-06-10,2026-06-10 10:37:00+00:00,T-6,0.0,25°C or below,25.0,0.0015,0.0014792899408284023
highest-temperature-in-singapore-on-june-10-2026,Singapore,2026-06-10,2026-06-10 10:37:00+00:00,T-6,1.0,26°C,26.0,0.0015,0.0014792899408284023
highest-temperature-in-singapore-on-june-10-2026,Singapore,2026-06-10,2026-06-10 10:37:00+00:00,T-6,2.0,27°C,27.0,0.0015,0.0014792899408284023
highest-temperature-in-singapore-on-june-10-2026,Singapore,2026-06-10,2026-06-10 10:37:00+00:00,T-6,3.0,28°C,28.0,0.0015,0.0014792899408284023
highest-temperature-in-singapore-on-june-10-2026,Singapore,2026-06-10,2026-06-10 10:37:00+00:00,T-6,4.0,29°C,29.0,0.0015,0.0014792899408284023
highest-temperature-in-singapore-on-june-10-2026,Singapore,2026-06-10,2026-06-10 10:37:00+00:00,T-6,5.0,30°C,30.0,0.002,0.0019723865877712033
highest-temperature-in-singapore-on-june-10-2026,Singapore,2026-06-10,2026-06-10 10:37:00+00:00,T-6,6.0,31°C,31.0,0.9975,0.9837278106508877
highest-temperature-in-singapore-on-june-10-2026,Singapore,2026-06-10,2026-06-10 10:37:00+00:00,T-6,7.0,32°C,32.0,0.0015,0.0014792899408284023
highest-temperature-in-singapore-on-june-10-2026,Singapore,2026-06-10,2026-06-10 10:37:00+00:00,T-6,8.0,33°C,33.0,0.0015,0.0014792899408284023
highest-temperature-in-singapore-on-june-10-2026,Singapore,2026-06-10,2026-06-10 10:37:00+00:00,T-6,9.0,34°C,34.0,0.0025,0.002465483234714004
highest-temperature-in-singapore-on-june-10-2026,Singapore,2026-06-10,2026-06-10 10:37:00+00:00,T-6,10.0,35°C or higher,35.0,0.0015,0.0014792899408284023
highest-temperature-in-singapore-on-june-10-2026,Singapore,2026-06-10,2026-06-10 15:15:00+00:00,T-1,0.0,25°C or below,25.0,0.0015,0.0014792899408284023
highest-temperature-in-singapore-on-june-10-2026,Singapore,2026-06-10,2026-06-10 15:15:00+00:00,T-1,1.0,26°C,26.0,0.0015,0.0014792899408284023
highest-temperature-in-singapore-on-june-10-2026,Singapore,2026-06-10,2026-06-10 15:15:00+00:00,T-1,2.0,27°C,27.0,0.0015,0.0014792899408284023
highest-temperature-in-singapore-on-june-10-2026,Singapore,2026-06-10,2026-06-10 15:15:00+00:00,T-1,3.0,28°C,28.0,0.0015,0.0014792899408284023
highest-temperature-in-singapore-on-june-10-2026,Singapore,2026-06-10,2026-06-10 15:15:00+00:00,T-1,4.0,29°C,29.0,0.0015,0.0014792899408284023
highest-temperature-in-singapore-on-june-10-2026,Singapore,2026-06-10,2026-06-10 15:15:00+00:00,T-1,5.0,30°C,30.0,0.002,0.0019723865877712033
highest-temperature-in-singapore-on-june-10-2026,Singapore,2026-06-10,2026-06-10 15:15:00+00:00,T-1,6.0,31°C,31.0,0.9975,0.9837278106508877
highest-temperature-in-singapore-on-june-10-2026,Singapore,2026-06-10,2026-06-10 15:15:00+00:00,T-1,7.0,32°C,32.0,0.0015,0.0014792899408284023
highest-temperature-in-singapore-on-june-10-2026,Singapore,2026-06-10,2026-06-10 15:15:00+00:00,T-1,8.0,33°C,33.0,0.0015,0.0014792899408284023
highest-temperature-in-singapore-on-june-10-2026,Singapore,2026-06-10,2026-06-10 15:15:00+00:00,T-1,9.0,34°C,34.0,0.0025,0.002465483234714004
highest-temperature-in-singapore-on-june-10-2026,Singapore,2026-06-10,2026-06-10 15:15:00+00:00,T-1,10.0,35°C or higher,35.0,0.0015,0.0014792899408284023
highest-temperature-in-paris-on-june-10-2026,Paris,2026-06-10,2026-06-08 22:43:00+00:00,T-48,0.0,15°C or below,15.0,0.006500000000000001,0.0063414634146341485
highest-temperature-in-paris-on-june-10-2026,Paris,2026-06-10,2026-06-08 22:43:00+00:00,T-48,1.0,16°C,16.0,0.013,0.012682926829268295
highest-temperature-in-paris-on-june-10-2026,Paris,2026-06-10,2026-06-08 22:43:00+00:00,T-48,2.0,17°C,17.0,0.07500000000000001,0.07317073170731711
highest-temperature-in-paris-on-june-10-2026,Paris,2026-06-10,2026-06-08 22:43:00+00:00,T-48,3.0,18°C,18.0,0.31,0.302439024390244
highest-temperature-in-paris-on-june-10-2026,Paris,2026-06-10,2026-06-08 22:43:00+00:00,T-48,4.0,19°C,19.0,0.4,0.3902439024390245
highest-temperature-in-paris-on-june-10-2026,Paris,2026-06-10,2026-06-08 22:43:00+00:00,T-48,5.0,20°C,20.0,0.175,0.1707317073170732
highest-temperature-in-paris-on-june-10-2026,Paris,2026-06-10,2026-06-08 22:43:00+00:00,T-48,6.0,21°C,21.0,0.0275,0.026829268292682937
highest-temperature-in-paris-on-june-10-2026,Paris,2026-06-10,2026-06-08 22:43:00+00:00,T-48,7.0,22°C,22.0,0.009000000000000001,0.008780487804878053
highest-temperature-in-paris-on-june-10-2026,Paris,2026-06-10,2026-06-08 22:43:00+00:00,T-48,8.0,23°C,23.0,0.003,0.002926829268292684
highest-temperature-in-paris-on-june-10-2026,Paris,2026-06-10,2026-06-08 22:43:00+00:00,T-48,9.0,24°C,24.0,0.003,0.002926829268292684
highest-temperature-in-paris-on-june-10-2026,Paris,2026-06-10,2026-06-08 22:43:00+00:00,T-48,10.0,25°C or higher,25.0,0.003,0.002926829268292684
highest-temperature-in-paris-on-june-10-2026,Paris,2026-06-10,2026-06-09 22:43:00+00:00,T-24,0.0,15°C or below,15.0,0.0015,0.001449975833736104
highest-temperature-in-paris-on-june-10-2026,Paris,2026-06-10,2026-06-09 22:43:00+00:00,T-24,1.0,16°C,16.0,0.0055,0.005316578057032381
highest-temperature-in-paris-on-june-10-2026,Paris,2026-06-10,2026-06-09 22:43:00+00:00,T-24,2.0,17°C,17.0,0.07500000000000001,0.07249879168680522
highest-temperature-in-paris-on-june-10-2026,Paris,2026-06-10,2026-06-09 22:43:00+00:00,T-24,3.0,18°C,18.0,0.41000000000000003,0.3963267278878685
highest-temperature-in-paris-on-june-10-2026,Paris,2026-06-10,2026-06-09 22:43:00+00:00,T-24,4.0,19°C,19.0,0.45,0.4349927501208313
highest-temperature-in-paris-on-june-10-2026,Paris,2026-06-10,2026-06-09 22:43:00+00:00,T-24,5.0,20°C,20.0,0.07500000000000001,0.07249879168680522
highest-temperature-in-paris-on-june-10-2026,Paris,2026-06-10,2026-06-09 22:43:00+00:00,T-24,6.0,21°C,21.0,0.0075,0.00724987916868052
highest-temperature-in-paris-on-june-10-2026,Paris,2026-06-10,2026-06-09 22:43:00+00:00,T-24,7.0,22°C,22.0,0.0045000000000000005,0.004349927501208313
highest-temperature-in-paris-on-june-10-2026,Paris,2026-06-10,2026-06-09 22:43:00+00:00,T-24,8.0,23°C,23.0,0.0015,0.001449975833736104
highest-temperature-in-paris-on-june-10-2026,Paris,2026-06-10,2026-06-09 22:43:00+00:00,T-24,9.0,24°C,24.0,0.0025,0.0024166263895601735
highest-temperature-in-paris-on-june-10-2026,Paris,2026-06-10,2026-06-09 22:43:00+00:00,T-24,10.0,25°C or higher,25.0,0.0015,0.001449975833736104
highest-temperature-in-paris-on-june-10-2026,Paris,2026-06-10,2026-06-10 16:43:00+00:00,T-6,0.0,15°C or below,15.0,0.0015,0.0014756517461879
highest-temperature-in-paris-on-june-10-2026,Paris,2026-06-10,2026-06-10 16:43:00+00:00,T-6,1.0,16°C,16.0,0.0015,0.0014756517461879
highest-temperature-in-paris-on-june-10-2026,Paris,2026-06-10,2026-06-10 16:43:00+00:00,T-6,2.0,17°C,17.0,0.0015,0.0014756517461879
highest-temperature-in-paris-on-june-10-2026,Paris,2026-06-10,2026-06-10 16:43:00+00:00,T-6,3.0,18°C,18.0,0.0025,0.0024594195769798333
highest-temperature-in-paris-on-june-10-2026,Paris,2026-06-10,2026-06-10 16:43:00+00:00,T-6,4.0,19°C,19.0,0.9984999999999999,0.9822921790457454
highest-temperature-in-paris-on-june-10-2026,Paris,2026-06-10,2026-06-10 16:43:00+00:00,T-6,5.0,20°C,20.0,0.0025,0.0024594195769798333
highest-temperature-in-paris-on-june-10-2026,Paris,2026-06-10,2026-06-10 16:43:00+00:00,T-6,6.0,21°C,21.0,0.0015,0.0014756517461879
highest-temperature-in-paris-on-june-10-2026,Paris,2026-06-10,2026-06-10 16:43:00+00:00,T-6,7.0,22°C,22.0,0.0015,0.0014756517461879
highest-temperature-in-paris-on-june-10-2026,Paris,2026-06-10,2026-06-10 16:43:00+00:00,T-6,8.0,23°C,23.0,0.0015,0.0014756517461879
highest-temperature-in-paris-on-june-10-2026,Paris,2026-06-10,2026-06-10 16:43:00+00:00,T-6,9.0,24°C,24.0,0.0025,0.0024594195769798333
highest-temperature-in-paris-on-june-10-2026,Paris,2026-06-10,2026-06-10 16:43:00+00:00,T-6,10.0,25°C or higher,25.0,0.0015,0.0014756517461879
highest-temperature-in-paris-on-june-10-2026,Paris,2026-06-10,2026-06-10 21:43:00+00:00,T-1,0.0,15°C or below,15.0,0.0015,0.001477832512315271
highest-temperature-in-paris-on-june-10-2026,Paris,2026-06-10,2026-06-10 21:43:00+00:00,T-1,1.0,16°C,16.0,0.0015,0.001477832512315271
highest-temperature-in-paris-on-june-10-2026,Paris,2026-06-10,2026-06-10 21:43:00+00:00,T-1,2.0,17°C,17.0,0.0015,0.001477832512315271
highest-temperature-in-paris-on-june-10-2026,Paris,2026-06-10,2026-06-10 21:43:00+00:00,T-1,3.0,18°C,18.0,0.0025,0.0024630541871921187
highest-temperature-in-paris-on-june-10-2026,Paris,2026-06-10,2026-06-10 21:43:00+00:00,T-1,4.0,19°C,19.0,0.998,0.9832512315270937
highest-temperature-in-paris-on-june-10-2026,Paris,2026-06-10,2026-06-10 21:43:00+00:00,T-1,5.0,20°C,20.0,0.0015,0.001477832512315271
highest-temperature-in-paris-on-june-10-2026,Paris,2026-06-10,2026-06-10 21:43:00+00:00,T-1,6.0,21°C,21.0,0.0015,0.001477832512315271
highest-temperature-in-paris-on-june-10-2026,Paris,2026-06-10,2026-06-10 21:43:00+00:00,T-1,7.0,22°C,22.0,0.0015,0.001477832512315271
highest-temperature-in-paris-on-june-10-2026,Paris,2026-06-10,2026-06-10 21:43:00+00:00,T-1,8.0,23°C,23.0,0.0015,0.001477832512315271
highest-temperature-in-paris-on-june-10-2026,Paris,2026-06-10,2026-06-10 21:43:00+00:00,T-1,9.0,24°C,24.0,0.0025,0.0024630541871921187
highest-temperature-in-paris-on-june-10-2026,Paris,2026-06-10,2026-06-10 21:43:00+00:00,T-1,10.0,25°C or higher,25.0,0.0015,0.001477832512315271
highest-temperature-in-tokyo-on-june-10-2026,Tokyo,2026-06-10,2026-06-08 15:43:00+00:00,T-48,0.0,17°C or below,17.0,0.003,0.003022670025188917
highest-temperature-in-tokyo-on-june-10-2026,Tokyo,2026-06-10,2026-06-08 15:43:00+00:00,T-48,1.0,18°C,18.0,0.008,0.008060453400503778
highest-temperature-in-tokyo-on-june-10-2026,Tokyo,2026-06-10,2026-06-08 15:43:00+00:00,T-48,2.0,19°C,19.0,0.0505,0.0508816120906801
highest-temperature-in-tokyo-on-june-10-2026,Tokyo,2026-06-10,2026-06-08 15:43:00+00:00,T-48,3.0,20°C,20.0,0.14500000000000002,0.146095717884131
highest-temperature-in-tokyo-on-june-10-2026,Tokyo,2026-06-10,2026-06-08 15:43:00+00:00,T-48,4.0,21°C,21.0,0.315,0.31738035264483627
highest-temperature-in-tokyo-on-june-10-2026,Tokyo,2026-06-10,2026-06-08 15:43:00+00:00,T-48,5.0,22°C,22.0,0.28500000000000003,0.2871536523929471
highest-temperature-in-tokyo-on-june-10-2026,Tokyo,2026-06-10,2026-06-08 15:43:00+00:00,T-48,6.0,23°C,23.0,0.125,0.12594458438287154
highest-temperature-in-tokyo-on-june-10-2026,Tokyo,2026-06-10,2026-06-08 15:43:00+00:00,T-48,7.0,24°C,24.0,0.0455,0.045843828715365235
highest-temperature-in-tokyo-on-june-10-2026,Tokyo,2026-06-10,2026-06-08 15:43:00+00:00,T-48,8.0,25°C,25.0,0.006999999999999999,0.007052896725440805
highest-temperature-in-tokyo-on-june-10-2026,Tokyo,2026-06-10,2026-06-08 15:43:00+00:00,T-48,9.0,26°C,26.0,0.0055,0.005541561712846347
highest-temperature-in-tokyo-on-june-10-2026,Tokyo,2026-06-10,2026-06-08 15:43:00+00:00,T-48,10.0,27°C or higher,27.0,0.003,0.003022670025188917
highest-temperature-in-tokyo-on-june-10-2026,Tokyo,2026-06-10,2026-06-09 15:43:00+00:00,T-24,0.0,17°C or below,17.0,0.0015,0.0014265335235378034
highest-temperature-in-tokyo-on-june-10-2026,Tokyo,2026-06-10,2026-06-09 15:43:00+00:00,T-24,1.0,18°C,18.0,0.0015,0.0014265335235378034
highest-temperature-in-tokyo-on-june-10-2026,Tokyo,2026-06-10,2026-06-09 15:43:00+00:00,T-24,2.0,19°C,19.0,0.0015,0.0014265335235378034
highest-temperature-in-tokyo-on-june-10-2026,Tokyo,2026-06-10,2026-06-09 15:43:00+00:00,T-24,3.0,20°C,20.0,0.0015,0.0014265335235378034
highest-temperature-in-tokyo-on-june-10-2026,Tokyo,2026-06-10,2026-06-09 15:43:00+00:00,T-24,4.0,21°C,21.0,0.375,0.35663338088445085
highest-temperature-in-tokyo-on-june-10-2026,Tokyo,2026-06-10,2026-06-09 15:43:00+00:00,T-24,5.0,22°C,22.0,0.43,0.40893961008083696
highest-temperature-in-tokyo-on-june-10-2026,Tokyo,2026-06-10,2026-06-09 15:43:00+00:00,T-24,6.0,23°C,23.0,0.185,0.1759391345696624
highest-temperature-in-tokyo-on-june-10-2026,Tokyo,2026-06-10,2026-06-09 15:43:00+00:00,T-24,7.0,24°C,24.0,0.037500000000000006,0.03566333808844509
highest-temperature-in-tokyo-on-june-10-2026,Tokyo,2026-06-10,2026-06-09 15:43:00+00:00,T-24,8.0,25°C,25.0,0.0095,0.009034712315739421
highest-temperature-in-tokyo-on-june-10-2026,Tokyo,2026-06-10,2026-06-09 15:43:00+00:00,T-24,9.0,26°C,26.0,0.007,0.006657156443176416
highest-temperature-in-tokyo-on-june-10-2026,Tokyo,2026-06-10,2026-06-09 15:43:00+00:00,T-24,10.0,27°C or higher,27.0,0.0015,0.0014265335235378034
highest-temperature-in-tokyo-on-june-10-2026,Tokyo,2026-06-10,2026-06-10 09:43:00+00:00,T-6,0.0,17°C or below,17.0,0.0015,0.0014749262536873154
highest-temperature-in-tokyo-on-june-10-2026,Tokyo,2026-06-10,2026-06-10 09:43:00+00:00,T-6,1.0,18°C,18.0,0.0015,0.0014749262536873154
highest-temperature-in-tokyo-on-june-10-2026,Tokyo,2026-06-10,2026-06-10 09:43:00+00:00,T-6,2.0,19°C,19.0,0.0015,0.0014749262536873154
highest-temperature-in-tokyo-on-june-10-2026,Tokyo,2026-06-10,2026-06-10 09:43:00+00:00,T-6,3.0,20°C,20.0,0.0015,0.0014749262536873154
highest-temperature-in-tokyo-on-june-10-2026,Tokyo,2026-06-10,2026-06-10 09:43:00+00:00,T-6,4.0,21°C,21.0,0.004,0.003933136676499508
highest-temperature-in-tokyo-on-june-10-2026,Tokyo,2026-06-10,2026-06-10 09:43:00+00:00,T-6,5.0,22°C,22.0,0.9984999999999999,0.9818092428711896
highest-temperature-in-tokyo-on-june-10-2026,Tokyo,2026-06-10,2026-06-10 09:43:00+00:00,T-6,6.0,23°C,23.0,0.0025,0.0024582104228121925
highest-temperature-in-tokyo-on-june-10-2026,Tokyo,2026-06-10,2026-06-10 09:43:00+00:00,T-6,7.0,24°C,24.0,0.0015,0.0014749262536873154
highest-temperature-in-tokyo-on-june-10-2026,Tokyo,2026-06-10,2026-06-10 09:43:00+00:00,T-6,8.0,25°C,25.0,0.0015,0.0014749262536873154
highest-temperature-in-tokyo-on-june-10-2026,Tokyo,2026-06-10,2026-06-10 09:43:00+00:00,T-6,9.0,26°C,26.0,0.0015,0.0014749262536873154
highest-temperature-in-tokyo-on-june-10-2026,Tokyo,2026-06-10,2026-06-10 09:43:00+00:00,T-6,10.0,27°C or higher,27.0,0.0015,0.0014749262536873154
highest-temperature-in-tokyo-on-june-10-2026,Tokyo,2026-06-10,2026-06-10 14:43:00+00:00,T-1,0.0,17°C or below,17.0,0.0015,0.0014749262536873154
highest-temperature-in-tokyo-on-june-10-2026,Tokyo,2026-06-10,2026-06-10 14:43:00+00:00,T-1,1.0,18°C,18.0,0.0015,0.0014749262536873154
highest-temperature-in-tokyo-on-june-10-2026,Tokyo,2026-06-10,2026-06-10 14:43:00+00:00,T-1,2.0,19°C,19.0,0.0015,0.0014749262536873154
highest-temperature-in-tokyo-on-june-10-2026,Tokyo,2026-06-10,2026-06-10 14:43:00+00:00,T-1,3.0,20°C,20.0,0.0015,0.0014749262536873154
highest-temperature-in-tokyo-on-june-10-2026,Tokyo,2026-06-10,2026-06-10 14:43:00+00:00,T-1,4.0,21°C,21.0,0.004,0.003933136676499508
highest-temperature-in-tokyo-on-june-10-2026,Tokyo,2026-06-10,2026-06-10 14:43:00+00:00,T-1,5.0,22°C,22.0,0.9984999999999999,0.9818092428711896
highest-temperature-in-tokyo-on-june-10-2026,Tokyo,2026-06-10,2026-06-10 14:43:00+00:00,T-1,6.0,23°C,23.0,0.0025,0.0024582104228121925
highest-temperature-in-tokyo-on-june-10-2026,Tokyo,2026-06-10,2026-06-10 14:43:00+00:00,T-1,7.0,24°C,24.0,0.0015,0.0014749262536873154
highest-temperature-in-tokyo-on-june-10-2026,Tokyo,2026-06-10,2026-06-10 14:43:00+00:00,T-1,8.0,25°C,25.0,0.0015,0.0014749262536873154
highest-temperature-in-tokyo-on-june-10-2026,Tokyo,2026-06-10,2026-06-10 14:43:00+00:00,T-1,9.0,26°C,26.0,0.0015,0.0014749262536873154
highest-temperature-in-tokyo-on-june-10-2026,Tokyo,2026-06-10,2026-06-10 14:43:00+00:00,T-1,10.0,27°C or higher,27.0,0.0015,0.0014749262536873154
highest-temperature-in-seoul-on-june-10-2026,Seoul,2026-06-10,2026-06-08 15:36:00+00:00,T-48,0.0,16°C or below,16.0,0.0015,0.0014866204162537167
highest-temperature-in-seoul-on-june-10-2026,Seoul,2026-06-10,2026-06-08 15:36:00+00:00,T-48,1.0,17°C,17.0,0.0025,0.0024777006937561946
highest-temperature-in-seoul-on-june-10-2026,Seoul,2026-06-10,2026-06-08 15:36:00+00:00,T-48,2.0,18°C,18.0,0.0025,0.0024777006937561946
highest-temperature-in-seoul-on-june-10-2026,Seoul,2026-06-10,2026-06-08 15:36:00+00:00,T-48,3.0,19°C,19.0,0.0025,0.0024777006937561946
highest-temperature-in-seoul-on-june-10-2026,Seoul,2026-06-10,2026-06-08 15:36:00+00:00,T-48,4.0,20°C,20.0,0.0055,0.005450941526263627
highest-temperature-in-seoul-on-june-10-2026,Seoul,2026-06-10,2026-06-08 15:36:00+00:00,T-48,5.0,21°C,21.0,0.014499999999999999,0.014370664023785926
highest-temperature-in-seoul-on-june-10-2026,Seoul,2026-06-10,2026-06-08 15:36:00+00:00,T-48,6.0,22°C,22.0,0.10500000000000001,0.10406342913776018
highest-temperature-in-seoul-on-june-10-2026,Seoul,2026-06-10,2026-06-08 15:36:00+00:00,T-48,7.0,23°C,23.0,0.265,0.2626362735381566
highest-temperature-in-seoul-on-june-10-2026,Seoul,2026-06-10,2026-06-08 15:36:00+00:00,T-48,8.0,24°C,24.0,0.315,0.31219028741328053
highest-temperature-in-seoul-on-june-10-2026,Seoul,2026-06-10,2026-06-08 15:36:00+00:00,T-48,9.0,25°C,25.0,0.16,0.15857284440039646
highest-temperature-in-seoul-on-june-10-2026,Seoul,2026-06-10,2026-06-08 15:36:00+00:00,T-48,10.0,26°C or higher,26.0,0.135,0.13379583746283452
highest-temperature-in-seoul-on-june-10-2026,Seoul,2026-06-10,2026-06-09 15:36:00+00:00,T-24,0.0,16°C or below,16.0,0.0015,0.0014164305949008497
highest-temperature-in-seoul-on-june-10-2026,Seoul,2026-06-10,2026-06-09 15:36:00+00:00,T-24,1.0,17°C,17.0,0.0015,0.0014164305949008497
highest-temperature-in-seoul-on-june-10-2026,Seoul,2026-06-10,2026-06-09 15:36:00+00:00,T-24,2.0,18°C,18.0,0.0015,0.0014164305949008497
highest-temperature-in-seoul-on-june-10-2026,Seoul,2026-06-10,2026-06-09 15:36:00+00:00,T-24,3.0,19°C,19.0,0.0015,0.0014164305949008497
highest-temperature-in-seoul-on-june-10-2026,Seoul,2026-06-10,2026-06-09 15:36:00+00:00,T-24,4.0,20°C,20.0,0.0015,0.0014164305949008497
highest-temperature-in-seoul-on-june-10-2026,Seoul,2026-06-10,2026-06-09 15:36:00+00:00,T-24,5.0,21°C,21.0,0.01,0.009442870632672332
highest-temperature-in-seoul-on-june-10-2026,Seoul,2026-06-10,2026-06-09 15:36:00+00:00,T-24,6.0,22°C,22.0,0.10500000000000001,0.09915014164305948
highest-temperature-in-seoul-on-june-10-2026,Seoul,2026-06-10,2026-06-09 15:36:00+00:00,T-24,7.0,23°C,23.0,0.425,0.40132200188857403
highest-temperature-in-seoul-on-june-10-2026,Seoul,2026-06-10,2026-06-09 15:36:00+00:00,T-24,8.0,24°C,24.0,0.375,0.3541076487252124
highest-temperature-in-seoul-on-june-10-2026,Seoul,2026-06-10,2026-06-09 15:36:00+00:00,T-24,9.0,25°C,25.0,0.10500000000000001,0.09915014164305948
highest-temperature-in-seoul-on-june-10-2026,Seoul,2026-06-10,2026-06-09 15:36:00+00:00,T-24,10.0,26°C or higher,26.0,0.0315,0.02974504249291784
highest-temperature-in-seoul-on-june-10-2026,Seoul,2026-06-10,2026-06-10 09:36:00+00:00,T-6,0.0,16°C or below,16.0,0.0015,0.001267962806424345
highest-temperature-in-seoul-on-june-10-2026,Seoul,2026-06-10,2026-06-10 09:36:00+00:00,T-6,1.0,17°C,17.0,0.0015,0.001267962806424345
highest-temperature-in-seoul-on-june-10-2026,Seoul,2026-06-10,2026-06-10 09:36:00+00:00,T-6,2.0,18°C,18.0,0.0015,0.001267962806424345
highest-temperature-in-seoul-on-june-10-2026,Seoul,2026-06-10,2026-06-10 09:36:00+00:00,T-6,3.0,19°C,19.0,0.0035,0.0029585798816568047
highest-temperature-in-seoul-on-june-10-2026,Seoul,2026-06-10,2026-06-10 09:36:00+00:00,T-6,4.0,20°C,20.0,0.0015,0.001267962806424345
highest-temperature-in-seoul-on-june-10-2026,Seoul,2026-06-10,2026-06-10 09:36:00+00:00,T-6,5.0,21°C,21.0,0.0015,0.001267962806424345
highest-temperature-in-seoul-on-june-10-2026,Seoul,2026-06-10,2026-06-10 09:36:00+00:00,T-6,6.0,22°C,22.0,0.17,0.1437024513947591
highest-temperature-in-seoul-on-june-10-2026,Seoul,2026-06-10,2026-06-10 09:36:00+00:00,T-6,7.0,23°C,23.0,0.9975,0.8431952662721893
highest-temperature-in-seoul-on-june-10-2026,Seoul,2026-06-10,2026-06-10 09:36:00+00:00,T-6,8.0,24°C,24.0,0.0015,0.001267962806424345
highest-temperature-in-seoul-on-june-10-2026,Seoul,2026-06-10,2026-06-10 09:36:00+00:00,T-6,9.0,25°C,25.0,0.0015,0.001267962806424345
highest-temperature-in-seoul-on-june-10-2026,Seoul,2026-06-10,2026-06-10 09:36:00+00:00,T-6,10.0,26°C or higher,26.0,0.0015,0.001267962806424345
highest-temperature-in-seoul-on-june-10-2026,Seoul,2026-06-10,2026-06-10 14:36:00+00:00,T-1,0.0,16°C or below,16.0,0.0015,0.001267427122940431
highest-temperature-in-seoul-on-june-10-2026,Seoul,2026-06-10,2026-06-10 14:36:00+00:00,T-1,1.0,17°C,17.0,0.0015,0.001267427122940431
highest-temperature-in-seoul-on-june-10-2026,Seoul,2026-06-10,2026-06-10 14:36:00+00:00,T-1,2.0,18°C,18.0,0.0015,0.001267427122940431
highest-temperature-in-seoul-on-june-10-2026,Seoul,2026-06-10,2026-06-10 14:36:00+00:00,T-1,3.0,19°C,19.0,0.0035,0.002957329953527672
highest-temperature-in-seoul-on-june-10-2026,Seoul,2026-06-10,2026-06-10 14:36:00+00:00,T-1,4.0,20°C,20.0,0.0015,0.001267427122940431
highest-temperature-in-seoul-on-june-10-2026,Seoul,2026-06-10,2026-06-10 14:36:00+00:00,T-1,5.0,21°C,21.0,0.0015,0.001267427122940431
highest-temperature-in-seoul-on-june-10-2026,Seoul,2026-06-10,2026-06-10 14:36:00+00:00,T-1,6.0,22°C,22.0,0.17,0.14364174059991552
highest-temperature-in-seoul-on-june-10-2026,Seoul,2026-06-10,2026-06-10 14:36:00+00:00,T-1,7.0,23°C,23.0,0.998,0.8432615124630334
highest-temperature-in-seoul-on-june-10-2026,Seoul,2026-06-10,2026-06-10 14:36:00+00:00,T-1,8.0,24°C,24.0,0.0015,0.001267427122940431
highest-temperature-in-seoul-on-june-10-2026,Seoul,2026-06-10,2026-06-10 14:36:00+00:00,T-1,9.0,25°C,25.0,0.0015,0.001267427122940431
highest-temperature-in-seoul-on-june-10-2026,Seoul,2026-06-10,2026-06-10 14:36:00+00:00,T-1,10.0,26°C or higher,26.0,0.0015,0.001267427122940431
