event_slug,event_title,event_start,event_end,market_index,market_label,condition_id,asset_id,token_side,queue_model,fill_window_seconds,markout_seconds,timestamp_received,fill_timestamp,quote_side,factor_quantile,quote_price,future_mid,markout,fill_wait_seconds
highest-temperature-in-shanghai-on-june-9-2026,Highest temperature in Shanghai on June 9?,2026-06-07T04:34:03Z,2026-06-09T12:00:00Z,1,19°C,0xe9270a0ad0e9215e2249b5573f8e1e40b39e76d19b45ded06aa4c0faeae9b9a8,74502948617169463266911772205376938956442075011044734712645525624423814463171,YES,optimistic,60,60,2026-06-08 09:14:53.743000+00:00,2026-06-08 09:15:16.867000+00:00,buy_bid,5,0.001,,,23.124
highest-temperature-in-shanghai-on-june-9-2026,Highest temperature in Shanghai on June 9?,2026-06-07T04:34:03Z,2026-06-09T12:00:00Z,1,19°C,0xe9270a0ad0e9215e2249b5573f8e1e40b39e76d19b45ded06aa4c0faeae9b9a8,74502948617169463266911772205376938956442075011044734712645525624423814463171,YES,optimistic,60,300,2026-06-08 09:14:53.743000+00:00,2026-06-08 09:15:16.867000+00:00,buy_bid,5,0.001,,,23.124
highest-temperature-in-shanghai-on-june-9-2026,Highest temperature in Shanghai on June 9?,2026-06-07T04:34:03Z,2026-06-09T12:00:00Z,1,19°C,0xe9270a0ad0e9215e2249b5573f8e1e40b39e76d19b45ded06aa4c0faeae9b9a8,74502948617169463266911772205376938956442075011044734712645525624423814463171,YES,optimistic,60,900,2026-06-08 09:14:53.743000+00:00,2026-06-08 09:15:16.867000+00:00,buy_bid,5,0.001,,,23.124
highest-temperature-in-shanghai-on-june-9-2026,Highest temperature in Shanghai on June 9?,2026-06-07T04:34:03Z,2026-06-09T12:00:00Z,1,19°C,0xe9270a0ad0e9215e2249b5573f8e1e40b39e76d19b45ded06aa4c0faeae9b9a8,74502948617169463266911772205376938956442075011044734712645525624423814463171,YES,optimistic,300,60,2026-06-08 09:14:53.743000+00:00,2026-06-08 09:15:16.867000+00:00,buy_bid,5,0.001,,,23.124
highest-temperature-in-shanghai-on-june-9-2026,Highest temperature in Shanghai on June 9?,2026-06-07T04:34:03Z,2026-06-09T12:00:00Z,1,19°C,0xe9270a0ad0e9215e2249b5573f8e1e40b39e76d19b45ded06aa4c0faeae9b9a8,74502948617169463266911772205376938956442075011044734712645525624423814463171,YES,optimistic,300,300,2026-06-08 09:14:53.743000+00:00,2026-06-08 09:15:16.867000+00:00,buy_bid,5,0.001,,,23.124
highest-temperature-in-shanghai-on-june-9-2026,Highest temperature in Shanghai on June 9?,2026-06-07T04:34:03Z,2026-06-09T12:00:00Z,1,19°C,0xe9270a0ad0e9215e2249b5573f8e1e40b39e76d19b45ded06aa4c0faeae9b9a8,74502948617169463266911772205376938956442075011044734712645525624423814463171,YES,optimistic,300,900,2026-06-08 09:14:53.743000+00:00,2026-06-08 09:15:16.867000+00:00,buy_bid,5,0.001,,,23.124
highest-temperature-in-shanghai-on-june-9-2026,Highest temperature in Shanghai on June 9?,2026-06-07T04:34:03Z,2026-06-09T12:00:00Z,2,20°C,0xe692a6f51125cf6914c090f8e01ecf1491030ed0ad775156b7dea9ed74099392,29363478216105628907851761749240280974313606434750483239415068662725185057677,YES,optimistic,60,60,2026-06-08 00:01:58.177000+00:00,2026-06-08 00:02:22.026000+00:00,buy_bid,4,0.003,0.0045,0.0015,23.849
highest-temperature-in-shanghai-on-june-9-2026,Highest temperature in Shanghai on June 9?,2026-06-07T04:34:03Z,2026-06-09T12:00:00Z,2,20°C,0xe692a6f51125cf6914c090f8e01ecf1491030ed0ad775156b7dea9ed74099392,29363478216105628907851761749240280974313606434750483239415068662725185057677,YES,optimistic,60,60,2026-06-08 03:42:55.776000+00:00,2026-06-08 03:43:09.203000+00:00,buy_bid,4,0.002,0.003,0.001,13.427
highest-temperature-in-shanghai-on-june-9-2026,Highest temperature in Shanghai on June 9?,2026-06-07T04:34:03Z,2026-06-09T12:00:00Z,2,20°C,0xe692a6f51125cf6914c090f8e01ecf1491030ed0ad775156b7dea9ed74099392,29363478216105628907851761749240280974313606434750483239415068662725185057677,YES,optimistic,60,60,2026-06-08 09:15:58.985000+00:00,2026-06-08 09:16:28.412000+00:00,buy_bid,5,0.002,,,29.427
highest-temperature-in-shanghai-on-june-9-2026,Highest temperature in Shanghai on June 9?,2026-06-07T04:34:03Z,2026-06-09T12:00:00Z,2,20°C,0xe692a6f51125cf6914c090f8e01ecf1491030ed0ad775156b7dea9ed74099392,29363478216105628907851761749240280974313606434750483239415068662725185057677,YES,optimistic,60,300,2026-06-08 00:01:58.177000+00:00,2026-06-08 00:02:22.026000+00:00,buy_bid,4,0.003,0.0045,0.0015,23.849
highest-temperature-in-shanghai-on-june-9-2026,Highest temperature in Shanghai on June 9?,2026-06-07T04:34:03Z,2026-06-09T12:00:00Z,2,20°C,0xe692a6f51125cf6914c090f8e01ecf1491030ed0ad775156b7dea9ed74099392,29363478216105628907851761749240280974313606434750483239415068662725185057677,YES,optimistic,60,300,2026-06-08 03:42:55.776000+00:00,2026-06-08 03:43:09.203000+00:00,buy_bid,4,0.002,0.003,0.001,13.427
highest-temperature-in-shanghai-on-june-9-2026,Highest temperature in Shanghai on June 9?,2026-06-07T04:34:03Z,2026-06-09T12:00:00Z,2,20°C,0xe692a6f51125cf6914c090f8e01ecf1491030ed0ad775156b7dea9ed74099392,29363478216105628907851761749240280974313606434750483239415068662725185057677,YES,optimistic,60,300,2026-06-08 09:15:58.985000+00:00,2026-06-08 09:16:28.412000+00:00,buy_bid,5,0.002,,,29.427
highest-temperature-in-shanghai-on-june-9-2026,Highest temperature in Shanghai on June 9?,2026-06-07T04:34:03Z,2026-06-09T12:00:00Z,2,20°C,0xe692a6f51125cf6914c090f8e01ecf1491030ed0ad775156b7dea9ed74099392,29363478216105628907851761749240280974313606434750483239415068662725185057677,YES,optimistic,60,900,2026-06-08 00:01:58.177000+00:00,2026-06-08 00:02:22.026000+00:00,buy_bid,4,0.003,0.003,0.0,23.849
highest-temperature-in-shanghai-on-june-9-2026,Highest temperature in Shanghai on June 9?,2026-06-07T04:34:03Z,2026-06-09T12:00:00Z,2,20°C,0xe692a6f51125cf6914c090f8e01ecf1491030ed0ad775156b7dea9ed74099392,29363478216105628907851761749240280974313606434750483239415068662725185057677,YES,optimistic,60,900,2026-06-08 03:42:55.776000+00:00,2026-06-08 03:43:09.203000+00:00,buy_bid,4,0.002,0.003,0.001,13.427
highest-temperature-in-shanghai-on-june-9-2026,Highest temperature in Shanghai on June 9?,2026-06-07T04:34:03Z,2026-06-09T12:00:00Z,2,20°C,0xe692a6f51125cf6914c090f8e01ecf1491030ed0ad775156b7dea9ed74099392,29363478216105628907851761749240280974313606434750483239415068662725185057677,YES,optimistic,60,900,2026-06-08 09:15:58.985000+00:00,2026-06-08 09:16:28.412000+00:00,buy_bid,5,0.002,,,29.427
highest-temperature-in-shanghai-on-june-9-2026,Highest temperature in Shanghai on June 9?,2026-06-07T04:34:03Z,2026-06-09T12:00:00Z,2,20°C,0xe692a6f51125cf6914c090f8e01ecf1491030ed0ad775156b7dea9ed74099392,29363478216105628907851761749240280974313606434750483239415068662725185057677,YES,optimistic,300,60,2026-06-07 23:57:59.745000+00:00,2026-06-08 00:02:22.026000+00:00,buy_bid,4,0.003,0.0045,0.0015,262.281
highest-temperature-in-shanghai-on-june-9-2026,Highest temperature in Shanghai on June 9?,2026-06-07T04:34:03Z,2026-06-09T12:00:00Z,2,20°C,0xe692a6f51125cf6914c090f8e01ecf1491030ed0ad775156b7dea9ed74099392,29363478216105628907851761749240280974313606434750483239415068662725185057677,YES,optimistic,300,60,2026-06-07 23:58:58.569000+00:00,2026-06-08 00:02:22.026000+00:00,buy_bid,4,0.003,0.0045,0.0015,203.457
highest-temperature-in-shanghai-on-june-9-2026,Highest temperature in Shanghai on June 9?,2026-06-07T04:34:03Z,2026-06-09T12:00:00Z,2,20°C,0xe692a6f51125cf6914c090f8e01ecf1491030ed0ad775156b7dea9ed74099392,29363478216105628907851761749240280974313606434750483239415068662725185057677,YES,optimistic,300,60,2026-06-07 23:59:45.066000+00:00,2026-06-08 00:02:22.026000+00:00,buy_bid,4,0.003,0.0045,0.0015,156.96
highest-temperature-in-shanghai-on-june-9-2026,Highest temperature in Shanghai on June 9?,2026-06-07T04:34:03Z,2026-06-09T12:00:00Z,2,20°C,0xe692a6f51125cf6914c090f8e01ecf1491030ed0ad775156b7dea9ed74099392,29363478216105628907851761749240280974313606434750483239415068662725185057677,YES,optimistic,300,60,2026-06-08 00:00:45.176000+00:00,2026-06-08 00:02:22.026000+00:00,buy_bid,4,0.003,0.0045,0.0015,96.85
highest-temperature-in-shanghai-on-june-9-2026,Highest temperature in Shanghai on June 9?,2026-06-07T04:34:03Z,2026-06-09T12:00:00Z,2,20°C,0xe692a6f51125cf6914c090f8e01ecf1491030ed0ad775156b7dea9ed74099392,29363478216105628907851761749240280974313606434750483239415068662725185057677,YES,optimistic,300,60,2026-06-08 00:01:58.177000+00:00,2026-06-08 00:02:22.026000+00:00,buy_bid,4,0.003,0.0045,0.0015,23.849
highest-temperature-in-shanghai-on-june-9-2026,Highest temperature in Shanghai on June 9?,2026-06-07T04:34:03Z,2026-06-09T12:00:00Z,2,20°C,0xe692a6f51125cf6914c090f8e01ecf1491030ed0ad775156b7dea9ed74099392,29363478216105628907851761749240280974313606434750483239415068662725185057677,YES,optimistic,300,60,2026-06-08 03:38:54.832000+00:00,2026-06-08 03:43:09.203000+00:00,buy_bid,4,0.002,0.003,0.001,254.371
highest-temperature-in-shanghai-on-june-9-2026,Highest temperature in Shanghai on June 9?,2026-06-07T04:34:03Z,2026-06-09T12:00:00Z,2,20°C,0xe692a6f51125cf6914c090f8e01ecf1491030ed0ad775156b7dea9ed74099392,29363478216105628907851761749240280974313606434750483239415068662725185057677,YES,optimistic,300,60,2026-06-08 03:39:48.332000+00:00,2026-06-08 03:43:09.203000+00:00,buy_bid,4,0.002,0.003,0.001,200.871
highest-temperature-in-shanghai-on-june-9-2026,Highest temperature in Shanghai on June 9?,2026-06-07T04:34:03Z,2026-06-09T12:00:00Z,2,20°C,0xe692a6f51125cf6914c090f8e01ecf1491030ed0ad775156b7dea9ed74099392,29363478216105628907851761749240280974313606434750483239415068662725185057677,YES,optimistic,300,60,2026-06-08 03:40:42.494000+00:00,2026-06-08 03:43:09.203000+00:00,buy_bid,4,0.002,0.003,0.001,146.709
highest-temperature-in-shanghai-on-june-9-2026,Highest temperature in Shanghai on June 9?,2026-06-07T04:34:03Z,2026-06-09T12:00:00Z,2,20°C,0xe692a6f51125cf6914c090f8e01ecf1491030ed0ad775156b7dea9ed74099392,29363478216105628907851761749240280974313606434750483239415068662725185057677,YES,optimistic,300,60,2026-06-08 03:41:57.671000+00:00,2026-06-08 03:43:09.203000+00:00,buy_bid,4,0.002,0.003,0.001,71.532
highest-temperature-in-shanghai-on-june-9-2026,Highest temperature in Shanghai on June 9?,2026-06-07T04:34:03Z,2026-06-09T12:00:00Z,2,20°C,0xe692a6f51125cf6914c090f8e01ecf1491030ed0ad775156b7dea9ed74099392,29363478216105628907851761749240280974313606434750483239415068662725185057677,YES,optimistic,300,60,2026-06-08 03:42:55.776000+00:00,2026-06-08 03:43:09.203000+00:00,buy_bid,4,0.002,0.003,0.001,13.427
highest-temperature-in-shanghai-on-june-9-2026,Highest temperature in Shanghai on June 9?,2026-06-07T04:34:03Z,2026-06-09T12:00:00Z,2,20°C,0xe692a6f51125cf6914c090f8e01ecf1491030ed0ad775156b7dea9ed74099392,29363478216105628907851761749240280974313606434750483239415068662725185057677,YES,optimistic,300,60,2026-06-08 09:11:55.933000+00:00,2026-06-08 09:16:28.412000+00:00,buy_bid,4,0.001,,,272.479
highest-temperature-in-shanghai-on-june-9-2026,Highest temperature in Shanghai on June 9?,2026-06-07T04:34:03Z,2026-06-09T12:00:00Z,2,20°C,0xe692a6f51125cf6914c090f8e01ecf1491030ed0ad775156b7dea9ed74099392,29363478216105628907851761749240280974313606434750483239415068662725185057677,YES,optimistic,300,60,2026-06-08 09:12:58.333000+00:00,2026-06-08 09:16:28.412000+00:00,buy_bid,4,0.001,,,210.079
highest-temperature-in-shanghai-on-june-9-2026,Highest temperature in Shanghai on June 9?,2026-06-07T04:34:03Z,2026-06-09T12:00:00Z,2,20°C,0xe692a6f51125cf6914c090f8e01ecf1491030ed0ad775156b7dea9ed74099392,29363478216105628907851761749240280974313606434750483239415068662725185057677,YES,optimistic,300,60,2026-06-08 09:13:57.612000+00:00,2026-06-08 09:16:28.412000+00:00,buy_bid,4,0.001,,,150.8
highest-temperature-in-shanghai-on-june-9-2026,Highest temperature in Shanghai on June 9?,2026-06-07T04:34:03Z,2026-06-09T12:00:00Z,2,20°C,0xe692a6f51125cf6914c090f8e01ecf1491030ed0ad775156b7dea9ed74099392,29363478216105628907851761749240280974313606434750483239415068662725185057677,YES,optimistic,300,60,2026-06-08 09:14:59.736000+00:00,2026-06-08 09:16:28.412000+00:00,buy_bid,5,0.002,,,88.676
highest-temperature-in-shanghai-on-june-9-2026,Highest temperature in Shanghai on June 9?,2026-06-07T04:34:03Z,2026-06-09T12:00:00Z,2,20°C,0xe692a6f51125cf6914c090f8e01ecf1491030ed0ad775156b7dea9ed74099392,29363478216105628907851761749240280974313606434750483239415068662725185057677,YES,optimistic,300,60,2026-06-08 09:15:58.985000+00:00,2026-06-08 09:16:28.412000+00:00,buy_bid,5,0.002,,,29.427
highest-temperature-in-shanghai-on-june-9-2026,Highest temperature in Shanghai on June 9?,2026-06-07T04:34:03Z,2026-06-09T12:00:00Z,2,20°C,0xe692a6f51125cf6914c090f8e01ecf1491030ed0ad775156b7dea9ed74099392,29363478216105628907851761749240280974313606434750483239415068662725185057677,YES,optimistic,300,300,2026-06-07 23:57:59.745000+00:00,2026-06-08 00:02:22.026000+00:00,buy_bid,4,0.003,0.0045,0.0015,262.281
highest-temperature-in-shanghai-on-june-9-2026,Highest temperature in Shanghai on June 9?,2026-06-07T04:34:03Z,2026-06-09T12:00:00Z,2,20°C,0xe692a6f51125cf6914c090f8e01ecf1491030ed0ad775156b7dea9ed74099392,29363478216105628907851761749240280974313606434750483239415068662725185057677,YES,optimistic,300,300,2026-06-07 23:58:58.569000+00:00,2026-06-08 00:02:22.026000+00:00,buy_bid,4,0.003,0.0045,0.0015,203.457
highest-temperature-in-shanghai-on-june-9-2026,Highest temperature in Shanghai on June 9?,2026-06-07T04:34:03Z,2026-06-09T12:00:00Z,2,20°C,0xe692a6f51125cf6914c090f8e01ecf1491030ed0ad775156b7dea9ed74099392,29363478216105628907851761749240280974313606434750483239415068662725185057677,YES,optimistic,300,300,2026-06-07 23:59:45.066000+00:00,2026-06-08 00:02:22.026000+00:00,buy_bid,4,0.003,0.0045,0.0015,156.96
highest-temperature-in-shanghai-on-june-9-2026,Highest temperature in Shanghai on June 9?,2026-06-07T04:34:03Z,2026-06-09T12:00:00Z,2,20°C,0xe692a6f51125cf6914c090f8e01ecf1491030ed0ad775156b7dea9ed74099392,29363478216105628907851761749240280974313606434750483239415068662725185057677,YES,optimistic,300,300,2026-06-08 00:00:45.176000+00:00,2026-06-08 00:02:22.026000+00:00,buy_bid,4,0.003,0.0045,0.0015,96.85
highest-temperature-in-shanghai-on-june-9-2026,Highest temperature in Shanghai on June 9?,2026-06-07T04:34:03Z,2026-06-09T12:00:00Z,2,20°C,0xe692a6f51125cf6914c090f8e01ecf1491030ed0ad775156b7dea9ed74099392,29363478216105628907851761749240280974313606434750483239415068662725185057677,YES,optimistic,300,300,2026-06-08 00:01:58.177000+00:00,2026-06-08 00:02:22.026000+00:00,buy_bid,4,0.003,0.0045,0.0015,23.849
highest-temperature-in-shanghai-on-june-9-2026,Highest temperature in Shanghai on June 9?,2026-06-07T04:34:03Z,2026-06-09T12:00:00Z,2,20°C,0xe692a6f51125cf6914c090f8e01ecf1491030ed0ad775156b7dea9ed74099392,29363478216105628907851761749240280974313606434750483239415068662725185057677,YES,optimistic,300,300,2026-06-08 03:38:54.832000+00:00,2026-06-08 03:43:09.203000+00:00,buy_bid,4,0.002,0.003,0.001,254.371
highest-temperature-in-shanghai-on-june-9-2026,Highest temperature in Shanghai on June 9?,2026-06-07T04:34:03Z,2026-06-09T12:00:00Z,2,20°C,0xe692a6f51125cf6914c090f8e01ecf1491030ed0ad775156b7dea9ed74099392,29363478216105628907851761749240280974313606434750483239415068662725185057677,YES,optimistic,300,300,2026-06-08 03:39:48.332000+00:00,2026-06-08 03:43:09.203000+00:00,buy_bid,4,0.002,0.003,0.001,200.871
highest-temperature-in-shanghai-on-june-9-2026,Highest temperature in Shanghai on June 9?,2026-06-07T04:34:03Z,2026-06-09T12:00:00Z,2,20°C,0xe692a6f51125cf6914c090f8e01ecf1491030ed0ad775156b7dea9ed74099392,29363478216105628907851761749240280974313606434750483239415068662725185057677,YES,optimistic,300,300,2026-06-08 03:40:42.494000+00:00,2026-06-08 03:43:09.203000+00:00,buy_bid,4,0.002,0.003,0.001,146.709
highest-temperature-in-shanghai-on-june-9-2026,Highest temperature in Shanghai on June 9?,2026-06-07T04:34:03Z,2026-06-09T12:00:00Z,2,20°C,0xe692a6f51125cf6914c090f8e01ecf1491030ed0ad775156b7dea9ed74099392,29363478216105628907851761749240280974313606434750483239415068662725185057677,YES,optimistic,300,300,2026-06-08 03:41:57.671000+00:00,2026-06-08 03:43:09.203000+00:00,buy_bid,4,0.002,0.003,0.001,71.532
highest-temperature-in-shanghai-on-june-9-2026,Highest temperature in Shanghai on June 9?,2026-06-07T04:34:03Z,2026-06-09T12:00:00Z,2,20°C,0xe692a6f51125cf6914c090f8e01ecf1491030ed0ad775156b7dea9ed74099392,29363478216105628907851761749240280974313606434750483239415068662725185057677,YES,optimistic,300,300,2026-06-08 03:42:55.776000+00:00,2026-06-08 03:43:09.203000+00:00,buy_bid,4,0.002,0.003,0.001,13.427
highest-temperature-in-shanghai-on-june-9-2026,Highest temperature in Shanghai on June 9?,2026-06-07T04:34:03Z,2026-06-09T12:00:00Z,2,20°C,0xe692a6f51125cf6914c090f8e01ecf1491030ed0ad775156b7dea9ed74099392,29363478216105628907851761749240280974313606434750483239415068662725185057677,YES,optimistic,300,300,2026-06-08 09:11:55.933000+00:00,2026-06-08 09:16:28.412000+00:00,buy_bid,4,0.001,,,272.479
highest-temperature-in-shanghai-on-june-9-2026,Highest temperature in Shanghai on June 9?,2026-06-07T04:34:03Z,2026-06-09T12:00:00Z,2,20°C,0xe692a6f51125cf6914c090f8e01ecf1491030ed0ad775156b7dea9ed74099392,29363478216105628907851761749240280974313606434750483239415068662725185057677,YES,optimistic,300,300,2026-06-08 09:12:58.333000+00:00,2026-06-08 09:16:28.412000+00:00,buy_bid,4,0.001,,,210.079
highest-temperature-in-shanghai-on-june-9-2026,Highest temperature in Shanghai on June 9?,2026-06-07T04:34:03Z,2026-06-09T12:00:00Z,2,20°C,0xe692a6f51125cf6914c090f8e01ecf1491030ed0ad775156b7dea9ed74099392,29363478216105628907851761749240280974313606434750483239415068662725185057677,YES,optimistic,300,300,2026-06-08 09:13:57.612000+00:00,2026-06-08 09:16:28.412000+00:00,buy_bid,4,0.001,,,150.8
highest-temperature-in-shanghai-on-june-9-2026,Highest temperature in Shanghai on June 9?,2026-06-07T04:34:03Z,2026-06-09T12:00:00Z,2,20°C,0xe692a6f51125cf6914c090f8e01ecf1491030ed0ad775156b7dea9ed74099392,29363478216105628907851761749240280974313606434750483239415068662725185057677,YES,optimistic,300,300,2026-06-08 09:14:59.736000+00:00,2026-06-08 09:16:28.412000+00:00,buy_bid,5,0.002,,,88.676
highest-temperature-in-shanghai-on-june-9-2026,Highest temperature in Shanghai on June 9?,2026-06-07T04:34:03Z,2026-06-09T12:00:00Z,2,20°C,0xe692a6f51125cf6914c090f8e01ecf1491030ed0ad775156b7dea9ed74099392,29363478216105628907851761749240280974313606434750483239415068662725185057677,YES,optimistic,300,300,2026-06-08 09:15:58.985000+00:00,2026-06-08 09:16:28.412000+00:00,buy_bid,5,0.002,,,29.427
highest-temperature-in-shanghai-on-june-9-2026,Highest temperature in Shanghai on June 9?,2026-06-07T04:34:03Z,2026-06-09T12:00:00Z,2,20°C,0xe692a6f51125cf6914c090f8e01ecf1491030ed0ad775156b7dea9ed74099392,29363478216105628907851761749240280974313606434750483239415068662725185057677,YES,optimistic,300,900,2026-06-07 23:57:59.745000+00:00,2026-06-08 00:02:22.026000+00:00,buy_bid,4,0.003,0.003,0.0,262.281
highest-temperature-in-shanghai-on-june-9-2026,Highest temperature in Shanghai on June 9?,2026-06-07T04:34:03Z,2026-06-09T12:00:00Z,2,20°C,0xe692a6f51125cf6914c090f8e01ecf1491030ed0ad775156b7dea9ed74099392,29363478216105628907851761749240280974313606434750483239415068662725185057677,YES,optimistic,300,900,2026-06-07 23:58:58.569000+00:00,2026-06-08 00:02:22.026000+00:00,buy_bid,4,0.003,0.003,0.0,203.457
highest-temperature-in-shanghai-on-june-9-2026,Highest temperature in Shanghai on June 9?,2026-06-07T04:34:03Z,2026-06-09T12:00:00Z,2,20°C,0xe692a6f51125cf6914c090f8e01ecf1491030ed0ad775156b7dea9ed74099392,29363478216105628907851761749240280974313606434750483239415068662725185057677,YES,optimistic,300,900,2026-06-07 23:59:45.066000+00:00,2026-06-08 00:02:22.026000+00:00,buy_bid,4,0.003,0.003,0.0,156.96
highest-temperature-in-shanghai-on-june-9-2026,Highest temperature in Shanghai on June 9?,2026-06-07T04:34:03Z,2026-06-09T12:00:00Z,2,20°C,0xe692a6f51125cf6914c090f8e01ecf1491030ed0ad775156b7dea9ed74099392,29363478216105628907851761749240280974313606434750483239415068662725185057677,YES,optimistic,300,900,2026-06-08 00:00:45.176000+00:00,2026-06-08 00:02:22.026000+00:00,buy_bid,4,0.003,0.003,0.0,96.85
highest-temperature-in-shanghai-on-june-9-2026,Highest temperature in Shanghai on June 9?,2026-06-07T04:34:03Z,2026-06-09T12:00:00Z,2,20°C,0xe692a6f51125cf6914c090f8e01ecf1491030ed0ad775156b7dea9ed74099392,29363478216105628907851761749240280974313606434750483239415068662725185057677,YES,optimistic,300,900,2026-06-08 00:01:58.177000+00:00,2026-06-08 00:02:22.026000+00:00,buy_bid,4,0.003,0.003,0.0,23.849
highest-temperature-in-shanghai-on-june-9-2026,Highest temperature in Shanghai on June 9?,2026-06-07T04:34:03Z,2026-06-09T12:00:00Z,2,20°C,0xe692a6f51125cf6914c090f8e01ecf1491030ed0ad775156b7dea9ed74099392,29363478216105628907851761749240280974313606434750483239415068662725185057677,YES,optimistic,300,900,2026-06-08 03:38:54.832000+00:00,2026-06-08 03:43:09.203000+00:00,buy_bid,4,0.002,0.003,0.001,254.371
highest-temperature-in-shanghai-on-june-9-2026,Highest temperature in Shanghai on June 9?,2026-06-07T04:34:03Z,2026-06-09T12:00:00Z,2,20°C,0xe692a6f51125cf6914c090f8e01ecf1491030ed0ad775156b7dea9ed74099392,29363478216105628907851761749240280974313606434750483239415068662725185057677,YES,optimistic,300,900,2026-06-08 03:39:48.332000+00:00,2026-06-08 03:43:09.203000+00:00,buy_bid,4,0.002,0.003,0.001,200.871
highest-temperature-in-shanghai-on-june-9-2026,Highest temperature in Shanghai on June 9?,2026-06-07T04:34:03Z,2026-06-09T12:00:00Z,2,20°C,0xe692a6f51125cf6914c090f8e01ecf1491030ed0ad775156b7dea9ed74099392,29363478216105628907851761749240280974313606434750483239415068662725185057677,YES,optimistic,300,900,2026-06-08 03:40:42.494000+00:00,2026-06-08 03:43:09.203000+00:00,buy_bid,4,0.002,0.003,0.001,146.709
highest-temperature-in-shanghai-on-june-9-2026,Highest temperature in Shanghai on June 9?,2026-06-07T04:34:03Z,2026-06-09T12:00:00Z,2,20°C,0xe692a6f51125cf6914c090f8e01ecf1491030ed0ad775156b7dea9ed74099392,29363478216105628907851761749240280974313606434750483239415068662725185057677,YES,optimistic,300,900,2026-06-08 03:41:57.671000+00:00,2026-06-08 03:43:09.203000+00:00,buy_bid,4,0.002,0.003,0.001,71.532
highest-temperature-in-shanghai-on-june-9-2026,Highest temperature in Shanghai on June 9?,2026-06-07T04:34:03Z,2026-06-09T12:00:00Z,2,20°C,0xe692a6f51125cf6914c090f8e01ecf1491030ed0ad775156b7dea9ed74099392,29363478216105628907851761749240280974313606434750483239415068662725185057677,YES,optimistic,300,900,2026-06-08 03:42:55.776000+00:00,2026-06-08 03:43:09.203000+00:00,buy_bid,4,0.002,0.003,0.001,13.427
highest-temperature-in-shanghai-on-june-9-2026,Highest temperature in Shanghai on June 9?,2026-06-07T04:34:03Z,2026-06-09T12:00:00Z,2,20°C,0xe692a6f51125cf6914c090f8e01ecf1491030ed0ad775156b7dea9ed74099392,29363478216105628907851761749240280974313606434750483239415068662725185057677,YES,optimistic,300,900,2026-06-08 09:11:55.933000+00:00,2026-06-08 09:16:28.412000+00:00,buy_bid,4,0.001,,,272.479
highest-temperature-in-shanghai-on-june-9-2026,Highest temperature in Shanghai on June 9?,2026-06-07T04:34:03Z,2026-06-09T12:00:00Z,2,20°C,0xe692a6f51125cf6914c090f8e01ecf1491030ed0ad775156b7dea9ed74099392,29363478216105628907851761749240280974313606434750483239415068662725185057677,YES,optimistic,300,900,2026-06-08 09:12:58.333000+00:00,2026-06-08 09:16:28.412000+00:00,buy_bid,4,0.001,,,210.079
highest-temperature-in-shanghai-on-june-9-2026,Highest temperature in Shanghai on June 9?,2026-06-07T04:34:03Z,2026-06-09T12:00:00Z,2,20°C,0xe692a6f51125cf6914c090f8e01ecf1491030ed0ad775156b7dea9ed74099392,29363478216105628907851761749240280974313606434750483239415068662725185057677,YES,optimistic,300,900,2026-06-08 09:13:57.612000+00:00,2026-06-08 09:16:28.412000+00:00,buy_bid,4,0.001,,,150.8
highest-temperature-in-shanghai-on-june-9-2026,Highest temperature in Shanghai on June 9?,2026-06-07T04:34:03Z,2026-06-09T12:00:00Z,2,20°C,0xe692a6f51125cf6914c090f8e01ecf1491030ed0ad775156b7dea9ed74099392,29363478216105628907851761749240280974313606434750483239415068662725185057677,YES,optimistic,300,900,2026-06-08 09:14:59.736000+00:00,2026-06-08 09:16:28.412000+00:00,buy_bid,5,0.002,,,88.676
highest-temperature-in-shanghai-on-june-9-2026,Highest temperature in Shanghai on June 9?,2026-06-07T04:34:03Z,2026-06-09T12:00:00Z,2,20°C,0xe692a6f51125cf6914c090f8e01ecf1491030ed0ad775156b7dea9ed74099392,29363478216105628907851761749240280974313606434750483239415068662725185057677,YES,optimistic,300,900,2026-06-08 09:15:58.985000+00:00,2026-06-08 09:16:28.412000+00:00,buy_bid,5,0.002,,,29.427
highest-temperature-in-shanghai-on-june-9-2026,Highest temperature in Shanghai on June 9?,2026-06-07T04:34:03Z,2026-06-09T12:00:00Z,2,20°C,0xe692a6f51125cf6914c090f8e01ecf1491030ed0ad775156b7dea9ed74099392,29363478216105628907851761749240280974313606434750483239415068662725185057677,YES,half_queue,300,60,2026-06-08 09:11:55.933000+00:00,2026-06-08 09:16:28.412000+00:00,buy_bid,4,0.001,,,272.479
highest-temperature-in-shanghai-on-june-9-2026,Highest temperature in Shanghai on June 9?,2026-06-07T04:34:03Z,2026-06-09T12:00:00Z,2,20°C,0xe692a6f51125cf6914c090f8e01ecf1491030ed0ad775156b7dea9ed74099392,29363478216105628907851761749240280974313606434750483239415068662725185057677,YES,half_queue,300,60,2026-06-08 09:12:58.333000+00:00,2026-06-08 09:16:28.412000+00:00,buy_bid,4,0.001,,,210.079
highest-temperature-in-shanghai-on-june-9-2026,Highest temperature in Shanghai on June 9?,2026-06-07T04:34:03Z,2026-06-09T12:00:00Z,2,20°C,0xe692a6f51125cf6914c090f8e01ecf1491030ed0ad775156b7dea9ed74099392,29363478216105628907851761749240280974313606434750483239415068662725185057677,YES,half_queue,300,60,2026-06-08 09:13:57.612000+00:00,2026-06-08 09:16:28.412000+00:00,buy_bid,4,0.001,,,150.8
highest-temperature-in-shanghai-on-june-9-2026,Highest temperature in Shanghai on June 9?,2026-06-07T04:34:03Z,2026-06-09T12:00:00Z,2,20°C,0xe692a6f51125cf6914c090f8e01ecf1491030ed0ad775156b7dea9ed74099392,29363478216105628907851761749240280974313606434750483239415068662725185057677,YES,half_queue,300,300,2026-06-08 09:11:55.933000+00:00,2026-06-08 09:16:28.412000+00:00,buy_bid,4,0.001,,,272.479
highest-temperature-in-shanghai-on-june-9-2026,Highest temperature in Shanghai on June 9?,2026-06-07T04:34:03Z,2026-06-09T12:00:00Z,2,20°C,0xe692a6f51125cf6914c090f8e01ecf1491030ed0ad775156b7dea9ed74099392,29363478216105628907851761749240280974313606434750483239415068662725185057677,YES,half_queue,300,300,2026-06-08 09:12:58.333000+00:00,2026-06-08 09:16:28.412000+00:00,buy_bid,4,0.001,,,210.079
highest-temperature-in-shanghai-on-june-9-2026,Highest temperature in Shanghai on June 9?,2026-06-07T04:34:03Z,2026-06-09T12:00:00Z,2,20°C,0xe692a6f51125cf6914c090f8e01ecf1491030ed0ad775156b7dea9ed74099392,29363478216105628907851761749240280974313606434750483239415068662725185057677,YES,half_queue,300,300,2026-06-08 09:13:57.612000+00:00,2026-06-08 09:16:28.412000+00:00,buy_bid,4,0.001,,,150.8
highest-temperature-in-shanghai-on-june-9-2026,Highest temperature in Shanghai on June 9?,2026-06-07T04:34:03Z,2026-06-09T12:00:00Z,2,20°C,0xe692a6f51125cf6914c090f8e01ecf1491030ed0ad775156b7dea9ed74099392,29363478216105628907851761749240280974313606434750483239415068662725185057677,YES,half_queue,300,900,2026-06-08 09:11:55.933000+00:00,2026-06-08 09:16:28.412000+00:00,buy_bid,4,0.001,,,272.479
highest-temperature-in-shanghai-on-june-9-2026,Highest temperature in Shanghai on June 9?,2026-06-07T04:34:03Z,2026-06-09T12:00:00Z,2,20°C,0xe692a6f51125cf6914c090f8e01ecf1491030ed0ad775156b7dea9ed74099392,29363478216105628907851761749240280974313606434750483239415068662725185057677,YES,half_queue,300,900,2026-06-08 09:12:58.333000+00:00,2026-06-08 09:16:28.412000+00:00,buy_bid,4,0.001,,,210.079
highest-temperature-in-shanghai-on-june-9-2026,Highest temperature in Shanghai on June 9?,2026-06-07T04:34:03Z,2026-06-09T12:00:00Z,2,20°C,0xe692a6f51125cf6914c090f8e01ecf1491030ed0ad775156b7dea9ed74099392,29363478216105628907851761749240280974313606434750483239415068662725185057677,YES,half_queue,300,900,2026-06-08 09:13:57.612000+00:00,2026-06-08 09:16:28.412000+00:00,buy_bid,4,0.001,,,150.8
highest-temperature-in-shanghai-on-june-9-2026,Highest temperature in Shanghai on June 9?,2026-06-07T04:34:03Z,2026-06-09T12:00:00Z,2,20°C,0xe692a6f51125cf6914c090f8e01ecf1491030ed0ad775156b7dea9ed74099392,29363478216105628907851761749240280974313606434750483239415068662725185057677,YES,optimistic,60,60,2026-06-08 03:42:55.776000+00:00,2026-06-08 03:43:18.602000+00:00,sell_ask,4,0.004,0.003,0.001,22.826
highest-temperature-in-shanghai-on-june-9-2026,Highest temperature in Shanghai on June 9?,2026-06-07T04:34:03Z,2026-06-09T12:00:00Z,2,20°C,0xe692a6f51125cf6914c090f8e01ecf1491030ed0ad775156b7dea9ed74099392,29363478216105628907851761749240280974313606434750483239415068662725185057677,YES,optimistic,60,60,2026-06-08 09:13:57.612000+00:00,2026-06-08 09:14:51.635000+00:00,sell_ask,4,0.002,0.003,-0.001,54.023
highest-temperature-in-shanghai-on-june-9-2026,Highest temperature in Shanghai on June 9?,2026-06-07T04:34:03Z,2026-06-09T12:00:00Z,2,20°C,0xe692a6f51125cf6914c090f8e01ecf1491030ed0ad775156b7dea9ed74099392,29363478216105628907851761749240280974313606434750483239415068662725185057677,YES,optimistic,60,300,2026-06-08 03:42:55.776000+00:00,2026-06-08 03:43:18.602000+00:00,sell_ask,4,0.004,0.003,0.001,22.826
highest-temperature-in-shanghai-on-june-9-2026,Highest temperature in Shanghai on June 9?,2026-06-07T04:34:03Z,2026-06-09T12:00:00Z,2,20°C,0xe692a6f51125cf6914c090f8e01ecf1491030ed0ad775156b7dea9ed74099392,29363478216105628907851761749240280974313606434750483239415068662725185057677,YES,optimistic,60,300,2026-06-08 09:13:57.612000+00:00,2026-06-08 09:14:51.635000+00:00,sell_ask,4,0.002,,,54.023
highest-temperature-in-shanghai-on-june-9-2026,Highest temperature in Shanghai on June 9?,2026-06-07T04:34:03Z,2026-06-09T12:00:00Z,2,20°C,0xe692a6f51125cf6914c090f8e01ecf1491030ed0ad775156b7dea9ed74099392,29363478216105628907851761749240280974313606434750483239415068662725185057677,YES,optimistic,60,900,2026-06-08 03:42:55.776000+00:00,2026-06-08 03:43:18.602000+00:00,sell_ask,4,0.004,0.003,0.001,22.826
highest-temperature-in-shanghai-on-june-9-2026,Highest temperature in Shanghai on June 9?,2026-06-07T04:34:03Z,2026-06-09T12:00:00Z,2,20°C,0xe692a6f51125cf6914c090f8e01ecf1491030ed0ad775156b7dea9ed74099392,29363478216105628907851761749240280974313606434750483239415068662725185057677,YES,optimistic,60,900,2026-06-08 09:13:57.612000+00:00,2026-06-08 09:14:51.635000+00:00,sell_ask,4,0.002,,,54.023
highest-temperature-in-shanghai-on-june-9-2026,Highest temperature in Shanghai on June 9?,2026-06-07T04:34:03Z,2026-06-09T12:00:00Z,2,20°C,0xe692a6f51125cf6914c090f8e01ecf1491030ed0ad775156b7dea9ed74099392,29363478216105628907851761749240280974313606434750483239415068662725185057677,YES,optimistic,300,60,2026-06-08 03:38:54.832000+00:00,2026-06-08 03:43:18.602000+00:00,sell_ask,4,0.004,0.003,0.001,263.77
highest-temperature-in-shanghai-on-june-9-2026,Highest temperature in Shanghai on June 9?,2026-06-07T04:34:03Z,2026-06-09T12:00:00Z,2,20°C,0xe692a6f51125cf6914c090f8e01ecf1491030ed0ad775156b7dea9ed74099392,29363478216105628907851761749240280974313606434750483239415068662725185057677,YES,optimistic,300,60,2026-06-08 03:39:48.332000+00:00,2026-06-08 03:43:18.602000+00:00,sell_ask,4,0.004,0.003,0.001,210.27
highest-temperature-in-shanghai-on-june-9-2026,Highest temperature in Shanghai on June 9?,2026-06-07T04:34:03Z,2026-06-09T12:00:00Z,2,20°C,0xe692a6f51125cf6914c090f8e01ecf1491030ed0ad775156b7dea9ed74099392,29363478216105628907851761749240280974313606434750483239415068662725185057677,YES,optimistic,300,60,2026-06-08 03:40:42.494000+00:00,2026-06-08 03:43:18.602000+00:00,sell_ask,4,0.004,0.003,0.001,156.108
highest-temperature-in-shanghai-on-june-9-2026,Highest temperature in Shanghai on June 9?,2026-06-07T04:34:03Z,2026-06-09T12:00:00Z,2,20°C,0xe692a6f51125cf6914c090f8e01ecf1491030ed0ad775156b7dea9ed74099392,29363478216105628907851761749240280974313606434750483239415068662725185057677,YES,optimistic,300,60,2026-06-08 03:41:57.671000+00:00,2026-06-08 03:43:18.602000+00:00,sell_ask,4,0.004,0.003,0.001,80.931
highest-temperature-in-shanghai-on-june-9-2026,Highest temperature in Shanghai on June 9?,2026-06-07T04:34:03Z,2026-06-09T12:00:00Z,2,20°C,0xe692a6f51125cf6914c090f8e01ecf1491030ed0ad775156b7dea9ed74099392,29363478216105628907851761749240280974313606434750483239415068662725185057677,YES,optimistic,300,60,2026-06-08 03:42:55.776000+00:00,2026-06-08 03:43:18.602000+00:00,sell_ask,4,0.004,0.003,0.001,22.826
highest-temperature-in-shanghai-on-june-9-2026,Highest temperature in Shanghai on June 9?,2026-06-07T04:34:03Z,2026-06-09T12:00:00Z,2,20°C,0xe692a6f51125cf6914c090f8e01ecf1491030ed0ad775156b7dea9ed74099392,29363478216105628907851761749240280974313606434750483239415068662725185057677,YES,optimistic,300,60,2026-06-08 09:09:59.888000+00:00,2026-06-08 09:14:51.635000+00:00,sell_ask,5,0.002,0.003,-0.001,291.747
highest-temperature-in-shanghai-on-june-9-2026,Highest temperature in Shanghai on June 9?,2026-06-07T04:34:03Z,2026-06-09T12:00:00Z,2,20°C,0xe692a6f51125cf6914c090f8e01ecf1491030ed0ad775156b7dea9ed74099392,29363478216105628907851761749240280974313606434750483239415068662725185057677,YES,optimistic,300,60,2026-06-08 09:10:55.797000+00:00,2026-06-08 09:14:51.635000+00:00,sell_ask,5,0.002,0.003,-0.001,235.838
highest-temperature-in-shanghai-on-june-9-2026,Highest temperature in Shanghai on June 9?,2026-06-07T04:34:03Z,2026-06-09T12:00:00Z,2,20°C,0xe692a6f51125cf6914c090f8e01ecf1491030ed0ad775156b7dea9ed74099392,29363478216105628907851761749240280974313606434750483239415068662725185057677,YES,optimistic,300,60,2026-06-08 09:11:55.933000+00:00,2026-06-08 09:14:51.635000+00:00,sell_ask,4,0.002,0.003,-0.001,175.702
highest-temperature-in-shanghai-on-june-9-2026,Highest temperature in Shanghai on June 9?,2026-06-07T04:34:03Z,2026-06-09T12:00:00Z,2,20°C,0xe692a6f51125cf6914c090f8e01ecf1491030ed0ad775156b7dea9ed74099392,29363478216105628907851761749240280974313606434750483239415068662725185057677,YES,optimistic,300,60,2026-06-08 09:12:58.333000+00:00,2026-06-08 09:14:51.635000+00:00,sell_ask,4,0.002,0.003,-0.001,113.302
highest-temperature-in-shanghai-on-june-9-2026,Highest temperature in Shanghai on June 9?,2026-06-07T04:34:03Z,2026-06-09T12:00:00Z,2,20°C,0xe692a6f51125cf6914c090f8e01ecf1491030ed0ad775156b7dea9ed74099392,29363478216105628907851761749240280974313606434750483239415068662725185057677,YES,optimistic,300,60,2026-06-08 09:13:57.612000+00:00,2026-06-08 09:14:51.635000+00:00,sell_ask,4,0.002,0.003,-0.001,54.023
highest-temperature-in-shanghai-on-june-9-2026,Highest temperature in Shanghai on June 9?,2026-06-07T04:34:03Z,2026-06-09T12:00:00Z,2,20°C,0xe692a6f51125cf6914c090f8e01ecf1491030ed0ad775156b7dea9ed74099392,29363478216105628907851761749240280974313606434750483239415068662725185057677,YES,optimistic,300,300,2026-06-08 03:38:54.832000+00:00,2026-06-08 03:43:18.602000+00:00,sell_ask,4,0.004,0.003,0.001,263.77
highest-temperature-in-shanghai-on-june-9-2026,Highest temperature in Shanghai on June 9?,2026-06-07T04:34:03Z,2026-06-09T12:00:00Z,2,20°C,0xe692a6f51125cf6914c090f8e01ecf1491030ed0ad775156b7dea9ed74099392,29363478216105628907851761749240280974313606434750483239415068662725185057677,YES,optimistic,300,300,2026-06-08 03:39:48.332000+00:00,2026-06-08 03:43:18.602000+00:00,sell_ask,4,0.004,0.003,0.001,210.27
highest-temperature-in-shanghai-on-june-9-2026,Highest temperature in Shanghai on June 9?,2026-06-07T04:34:03Z,2026-06-09T12:00:00Z,2,20°C,0xe692a6f51125cf6914c090f8e01ecf1491030ed0ad775156b7dea9ed74099392,29363478216105628907851761749240280974313606434750483239415068662725185057677,YES,optimistic,300,300,2026-06-08 03:40:42.494000+00:00,2026-06-08 03:43:18.602000+00:00,sell_ask,4,0.004,0.003,0.001,156.108
highest-temperature-in-shanghai-on-june-9-2026,Highest temperature in Shanghai on June 9?,2026-06-07T04:34:03Z,2026-06-09T12:00:00Z,2,20°C,0xe692a6f51125cf6914c090f8e01ecf1491030ed0ad775156b7dea9ed74099392,29363478216105628907851761749240280974313606434750483239415068662725185057677,YES,optimistic,300,300,2026-06-08 03:41:57.671000+00:00,2026-06-08 03:43:18.602000+00:00,sell_ask,4,0.004,0.003,0.001,80.931
highest-temperature-in-shanghai-on-june-9-2026,Highest temperature in Shanghai on June 9?,2026-06-07T04:34:03Z,2026-06-09T12:00:00Z,2,20°C,0xe692a6f51125cf6914c090f8e01ecf1491030ed0ad775156b7dea9ed74099392,29363478216105628907851761749240280974313606434750483239415068662725185057677,YES,optimistic,300,300,2026-06-08 03:42:55.776000+00:00,2026-06-08 03:43:18.602000+00:00,sell_ask,4,0.004,0.003,0.001,22.826
highest-temperature-in-shanghai-on-june-9-2026,Highest temperature in Shanghai on June 9?,2026-06-07T04:34:03Z,2026-06-09T12:00:00Z,2,20°C,0xe692a6f51125cf6914c090f8e01ecf1491030ed0ad775156b7dea9ed74099392,29363478216105628907851761749240280974313606434750483239415068662725185057677,YES,optimistic,300,300,2026-06-08 09:09:59.888000+00:00,2026-06-08 09:14:51.635000+00:00,sell_ask,5,0.002,,,291.747
highest-temperature-in-shanghai-on-june-9-2026,Highest temperature in Shanghai on June 9?,2026-06-07T04:34:03Z,2026-06-09T12:00:00Z,2,20°C,0xe692a6f51125cf6914c090f8e01ecf1491030ed0ad775156b7dea9ed74099392,29363478216105628907851761749240280974313606434750483239415068662725185057677,YES,optimistic,300,300,2026-06-08 09:10:55.797000+00:00,2026-06-08 09:14:51.635000+00:00,sell_ask,5,0.002,,,235.838
highest-temperature-in-shanghai-on-june-9-2026,Highest temperature in Shanghai on June 9?,2026-06-07T04:34:03Z,2026-06-09T12:00:00Z,2,20°C,0xe692a6f51125cf6914c090f8e01ecf1491030ed0ad775156b7dea9ed74099392,29363478216105628907851761749240280974313606434750483239415068662725185057677,YES,optimistic,300,300,2026-06-08 09:11:55.933000+00:00,2026-06-08 09:14:51.635000+00:00,sell_ask,4,0.002,,,175.702
highest-temperature-in-shanghai-on-june-9-2026,Highest temperature in Shanghai on June 9?,2026-06-07T04:34:03Z,2026-06-09T12:00:00Z,2,20°C,0xe692a6f51125cf6914c090f8e01ecf1491030ed0ad775156b7dea9ed74099392,29363478216105628907851761749240280974313606434750483239415068662725185057677,YES,optimistic,300,300,2026-06-08 09:12:58.333000+00:00,2026-06-08 09:14:51.635000+00:00,sell_ask,4,0.002,,,113.302
highest-temperature-in-shanghai-on-june-9-2026,Highest temperature in Shanghai on June 9?,2026-06-07T04:34:03Z,2026-06-09T12:00:00Z,2,20°C,0xe692a6f51125cf6914c090f8e01ecf1491030ed0ad775156b7dea9ed74099392,29363478216105628907851761749240280974313606434750483239415068662725185057677,YES,optimistic,300,300,2026-06-08 09:13:57.612000+00:00,2026-06-08 09:14:51.635000+00:00,sell_ask,4,0.002,,,54.023
highest-temperature-in-shanghai-on-june-9-2026,Highest temperature in Shanghai on June 9?,2026-06-07T04:34:03Z,2026-06-09T12:00:00Z,2,20°C,0xe692a6f51125cf6914c090f8e01ecf1491030ed0ad775156b7dea9ed74099392,29363478216105628907851761749240280974313606434750483239415068662725185057677,YES,optimistic,300,900,2026-06-08 03:38:54.832000+00:00,2026-06-08 03:43:18.602000+00:00,sell_ask,4,0.004,0.003,0.001,263.77
highest-temperature-in-shanghai-on-june-9-2026,Highest temperature in Shanghai on June 9?,2026-06-07T04:34:03Z,2026-06-09T12:00:00Z,2,20°C,0xe692a6f51125cf6914c090f8e01ecf1491030ed0ad775156b7dea9ed74099392,29363478216105628907851761749240280974313606434750483239415068662725185057677,YES,optimistic,300,900,2026-06-08 03:39:48.332000+00:00,2026-06-08 03:43:18.602000+00:00,sell_ask,4,0.004,0.003,0.001,210.27
highest-temperature-in-shanghai-on-june-9-2026,Highest temperature in Shanghai on June 9?,2026-06-07T04:34:03Z,2026-06-09T12:00:00Z,2,20°C,0xe692a6f51125cf6914c090f8e01ecf1491030ed0ad775156b7dea9ed74099392,29363478216105628907851761749240280974313606434750483239415068662725185057677,YES,optimistic,300,900,2026-06-08 03:40:42.494000+00:00,2026-06-08 03:43:18.602000+00:00,sell_ask,4,0.004,0.003,0.001,156.108
highest-temperature-in-shanghai-on-june-9-2026,Highest temperature in Shanghai on June 9?,2026-06-07T04:34:03Z,2026-06-09T12:00:00Z,2,20°C,0xe692a6f51125cf6914c090f8e01ecf1491030ed0ad775156b7dea9ed74099392,29363478216105628907851761749240280974313606434750483239415068662725185057677,YES,optimistic,300,900,2026-06-08 03:41:57.671000+00:00,2026-06-08 03:43:18.602000+00:00,sell_ask,4,0.004,0.003,0.001,80.931
highest-temperature-in-shanghai-on-june-9-2026,Highest temperature in Shanghai on June 9?,2026-06-07T04:34:03Z,2026-06-09T12:00:00Z,2,20°C,0xe692a6f51125cf6914c090f8e01ecf1491030ed0ad775156b7dea9ed74099392,29363478216105628907851761749240280974313606434750483239415068662725185057677,YES,optimistic,300,900,2026-06-08 03:42:55.776000+00:00,2026-06-08 03:43:18.602000+00:00,sell_ask,4,0.004,0.003,0.001,22.826
highest-temperature-in-shanghai-on-june-9-2026,Highest temperature in Shanghai on June 9?,2026-06-07T04:34:03Z,2026-06-09T12:00:00Z,2,20°C,0xe692a6f51125cf6914c090f8e01ecf1491030ed0ad775156b7dea9ed74099392,29363478216105628907851761749240280974313606434750483239415068662725185057677,YES,optimistic,300,900,2026-06-08 09:09:59.888000+00:00,2026-06-08 09:14:51.635000+00:00,sell_ask,5,0.002,,,291.747
highest-temperature-in-shanghai-on-june-9-2026,Highest temperature in Shanghai on June 9?,2026-06-07T04:34:03Z,2026-06-09T12:00:00Z,2,20°C,0xe692a6f51125cf6914c090f8e01ecf1491030ed0ad775156b7dea9ed74099392,29363478216105628907851761749240280974313606434750483239415068662725185057677,YES,optimistic,300,900,2026-06-08 09:10:55.797000+00:00,2026-06-08 09:14:51.635000+00:00,sell_ask,5,0.002,,,235.838
highest-temperature-in-shanghai-on-june-9-2026,Highest temperature in Shanghai on June 9?,2026-06-07T04:34:03Z,2026-06-09T12:00:00Z,2,20°C,0xe692a6f51125cf6914c090f8e01ecf1491030ed0ad775156b7dea9ed74099392,29363478216105628907851761749240280974313606434750483239415068662725185057677,YES,optimistic,300,900,2026-06-08 09:11:55.933000+00:00,2026-06-08 09:14:51.635000+00:00,sell_ask,4,0.002,,,175.702
highest-temperature-in-shanghai-on-june-9-2026,Highest temperature in Shanghai on June 9?,2026-06-07T04:34:03Z,2026-06-09T12:00:00Z,2,20°C,0xe692a6f51125cf6914c090f8e01ecf1491030ed0ad775156b7dea9ed74099392,29363478216105628907851761749240280974313606434750483239415068662725185057677,YES,optimistic,300,900,2026-06-08 09:12:58.333000+00:00,2026-06-08 09:14:51.635000+00:00,sell_ask,4,0.002,,,113.302
highest-temperature-in-shanghai-on-june-9-2026,Highest temperature in Shanghai on June 9?,2026-06-07T04:34:03Z,2026-06-09T12:00:00Z,2,20°C,0xe692a6f51125cf6914c090f8e01ecf1491030ed0ad775156b7dea9ed74099392,29363478216105628907851761749240280974313606434750483239415068662725185057677,YES,optimistic,300,900,2026-06-08 09:13:57.612000+00:00,2026-06-08 09:14:51.635000+00:00,sell_ask,4,0.002,,,54.023
highest-temperature-in-shanghai-on-june-9-2026,Highest temperature in Shanghai on June 9?,2026-06-07T04:34:03Z,2026-06-09T12:00:00Z,2,20°C,0xe692a6f51125cf6914c090f8e01ecf1491030ed0ad775156b7dea9ed74099392,29363478216105628907851761749240280974313606434750483239415068662725185057677,YES,half_queue,60,60,2026-06-08 09:13:57.612000+00:00,2026-06-08 09:14:51.635000+00:00,sell_ask,4,0.002,0.003,-0.001,54.023
highest-temperature-in-shanghai-on-june-9-2026,Highest temperature in Shanghai on June 9?,2026-06-07T04:34:03Z,2026-06-09T12:00:00Z,2,20°C,0xe692a6f51125cf6914c090f8e01ecf1491030ed0ad775156b7dea9ed74099392,29363478216105628907851761749240280974313606434750483239415068662725185057677,YES,half_queue,60,300,2026-06-08 09:13:57.612000+00:00,2026-06-08 09:14:51.635000+00:00,sell_ask,4,0.002,,,54.023
highest-temperature-in-shanghai-on-june-9-2026,Highest temperature in Shanghai on June 9?,2026-06-07T04:34:03Z,2026-06-09T12:00:00Z,2,20°C,0xe692a6f51125cf6914c090f8e01ecf1491030ed0ad775156b7dea9ed74099392,29363478216105628907851761749240280974313606434750483239415068662725185057677,YES,half_queue,60,900,2026-06-08 09:13:57.612000+00:00,2026-06-08 09:14:51.635000+00:00,sell_ask,4,0.002,,,54.023
highest-temperature-in-shanghai-on-june-9-2026,Highest temperature in Shanghai on June 9?,2026-06-07T04:34:03Z,2026-06-09T12:00:00Z,2,20°C,0xe692a6f51125cf6914c090f8e01ecf1491030ed0ad775156b7dea9ed74099392,29363478216105628907851761749240280974313606434750483239415068662725185057677,YES,half_queue,300,60,2026-06-08 09:09:59.888000+00:00,2026-06-08 09:14:51.635000+00:00,sell_ask,5,0.002,0.003,-0.001,291.747
highest-temperature-in-shanghai-on-june-9-2026,Highest temperature in Shanghai on June 9?,2026-06-07T04:34:03Z,2026-06-09T12:00:00Z,2,20°C,0xe692a6f51125cf6914c090f8e01ecf1491030ed0ad775156b7dea9ed74099392,29363478216105628907851761749240280974313606434750483239415068662725185057677,YES,half_queue,300,60,2026-06-08 09:10:55.797000+00:00,2026-06-08 09:14:51.635000+00:00,sell_ask,5,0.002,0.003,-0.001,235.838
highest-temperature-in-shanghai-on-june-9-2026,Highest temperature in Shanghai on June 9?,2026-06-07T04:34:03Z,2026-06-09T12:00:00Z,2,20°C,0xe692a6f51125cf6914c090f8e01ecf1491030ed0ad775156b7dea9ed74099392,29363478216105628907851761749240280974313606434750483239415068662725185057677,YES,half_queue,300,60,2026-06-08 09:11:55.933000+00:00,2026-06-08 09:14:51.635000+00:00,sell_ask,4,0.002,0.003,-0.001,175.702
highest-temperature-in-shanghai-on-june-9-2026,Highest temperature in Shanghai on June 9?,2026-06-07T04:34:03Z,2026-06-09T12:00:00Z,2,20°C,0xe692a6f51125cf6914c090f8e01ecf1491030ed0ad775156b7dea9ed74099392,29363478216105628907851761749240280974313606434750483239415068662725185057677,YES,half_queue,300,60,2026-06-08 09:12:58.333000+00:00,2026-06-08 09:14:51.635000+00:00,sell_ask,4,0.002,0.003,-0.001,113.302
highest-temperature-in-shanghai-on-june-9-2026,Highest temperature in Shanghai on June 9?,2026-06-07T04:34:03Z,2026-06-09T12:00:00Z,2,20°C,0xe692a6f51125cf6914c090f8e01ecf1491030ed0ad775156b7dea9ed74099392,29363478216105628907851761749240280974313606434750483239415068662725185057677,YES,half_queue,300,60,2026-06-08 09:13:57.612000+00:00,2026-06-08 09:14:51.635000+00:00,sell_ask,4,0.002,0.003,-0.001,54.023
highest-temperature-in-shanghai-on-june-9-2026,Highest temperature in Shanghai on June 9?,2026-06-07T04:34:03Z,2026-06-09T12:00:00Z,2,20°C,0xe692a6f51125cf6914c090f8e01ecf1491030ed0ad775156b7dea9ed74099392,29363478216105628907851761749240280974313606434750483239415068662725185057677,YES,half_queue,300,300,2026-06-08 09:09:59.888000+00:00,2026-06-08 09:14:51.635000+00:00,sell_ask,5,0.002,,,291.747
highest-temperature-in-shanghai-on-june-9-2026,Highest temperature in Shanghai on June 9?,2026-06-07T04:34:03Z,2026-06-09T12:00:00Z,2,20°C,0xe692a6f51125cf6914c090f8e01ecf1491030ed0ad775156b7dea9ed74099392,29363478216105628907851761749240280974313606434750483239415068662725185057677,YES,half_queue,300,300,2026-06-08 09:10:55.797000+00:00,2026-06-08 09:14:51.635000+00:00,sell_ask,5,0.002,,,235.838
highest-temperature-in-shanghai-on-june-9-2026,Highest temperature in Shanghai on June 9?,2026-06-07T04:34:03Z,2026-06-09T12:00:00Z,2,20°C,0xe692a6f51125cf6914c090f8e01ecf1491030ed0ad775156b7dea9ed74099392,29363478216105628907851761749240280974313606434750483239415068662725185057677,YES,half_queue,300,300,2026-06-08 09:11:55.933000+00:00,2026-06-08 09:14:51.635000+00:00,sell_ask,4,0.002,,,175.702
highest-temperature-in-shanghai-on-june-9-2026,Highest temperature in Shanghai on June 9?,2026-06-07T04:34:03Z,2026-06-09T12:00:00Z,2,20°C,0xe692a6f51125cf6914c090f8e01ecf1491030ed0ad775156b7dea9ed74099392,29363478216105628907851761749240280974313606434750483239415068662725185057677,YES,half_queue,300,300,2026-06-08 09:12:58.333000+00:00,2026-06-08 09:14:51.635000+00:00,sell_ask,4,0.002,,,113.302
highest-temperature-in-shanghai-on-june-9-2026,Highest temperature in Shanghai on June 9?,2026-06-07T04:34:03Z,2026-06-09T12:00:00Z,2,20°C,0xe692a6f51125cf6914c090f8e01ecf1491030ed0ad775156b7dea9ed74099392,29363478216105628907851761749240280974313606434750483239415068662725185057677,YES,half_queue,300,300,2026-06-08 09:13:57.612000+00:00,2026-06-08 09:14:51.635000+00:00,sell_ask,4,0.002,,,54.023
highest-temperature-in-shanghai-on-june-9-2026,Highest temperature in Shanghai on June 9?,2026-06-07T04:34:03Z,2026-06-09T12:00:00Z,2,20°C,0xe692a6f51125cf6914c090f8e01ecf1491030ed0ad775156b7dea9ed74099392,29363478216105628907851761749240280974313606434750483239415068662725185057677,YES,half_queue,300,900,2026-06-08 09:09:59.888000+00:00,2026-06-08 09:14:51.635000+00:00,sell_ask,5,0.002,,,291.747
highest-temperature-in-shanghai-on-june-9-2026,Highest temperature in Shanghai on June 9?,2026-06-07T04:34:03Z,2026-06-09T12:00:00Z,2,20°C,0xe692a6f51125cf6914c090f8e01ecf1491030ed0ad775156b7dea9ed74099392,29363478216105628907851761749240280974313606434750483239415068662725185057677,YES,half_queue,300,900,2026-06-08 09:10:55.797000+00:00,2026-06-08 09:14:51.635000+00:00,sell_ask,5,0.002,,,235.838
highest-temperature-in-shanghai-on-june-9-2026,Highest temperature in Shanghai on June 9?,2026-06-07T04:34:03Z,2026-06-09T12:00:00Z,2,20°C,0xe692a6f51125cf6914c090f8e01ecf1491030ed0ad775156b7dea9ed74099392,29363478216105628907851761749240280974313606434750483239415068662725185057677,YES,half_queue,300,900,2026-06-08 09:11:55.933000+00:00,2026-06-08 09:14:51.635000+00:00,sell_ask,4,0.002,,,175.702
highest-temperature-in-shanghai-on-june-9-2026,Highest temperature in Shanghai on June 9?,2026-06-07T04:34:03Z,2026-06-09T12:00:00Z,2,20°C,0xe692a6f51125cf6914c090f8e01ecf1491030ed0ad775156b7dea9ed74099392,29363478216105628907851761749240280974313606434750483239415068662725185057677,YES,half_queue,300,900,2026-06-08 09:12:58.333000+00:00,2026-06-08 09:14:51.635000+00:00,sell_ask,4,0.002,,,113.302
highest-temperature-in-shanghai-on-june-9-2026,Highest temperature in Shanghai on June 9?,2026-06-07T04:34:03Z,2026-06-09T12:00:00Z,2,20°C,0xe692a6f51125cf6914c090f8e01ecf1491030ed0ad775156b7dea9ed74099392,29363478216105628907851761749240280974313606434750483239415068662725185057677,YES,half_queue,300,900,2026-06-08 09:13:57.612000+00:00,2026-06-08 09:14:51.635000+00:00,sell_ask,4,0.002,,,54.023
highest-temperature-in-shanghai-on-june-9-2026,Highest temperature in Shanghai on June 9?,2026-06-07T04:34:03Z,2026-06-09T12:00:00Z,3,21°C,0x4b71fc3b2d6d0a5a6d4a3c57a66f3b7c0a70049d1bd8fb47fdb985ca5e42a0e7,32958582433402594997678224016035388842620018324746531711463337433683768535571,YES,optimistic,60,60,2026-06-08 00:01:58.177000+00:00,2026-06-08 00:02:20.291000+00:00,buy_bid,5,0.005,0.0069999999999999,0.0019999999999999,22.114
highest-temperature-in-shanghai-on-june-9-2026,Highest temperature in Shanghai on June 9?,2026-06-07T04:34:03Z,2026-06-09T12:00:00Z,3,21°C,0x4b71fc3b2d6d0a5a6d4a3c57a66f3b7c0a70049d1bd8fb47fdb985ca5e42a0e7,32958582433402594997678224016035388842620018324746531711463337433683768535571,YES,optimistic,60,60,2026-06-08 12:58:59.891000+00:00,2026-06-08 12:59:21.654000+00:00,buy_bid,4,0.002,0.0035,0.0015,21.763
highest-temperature-in-shanghai-on-june-9-2026,Highest temperature in Shanghai on June 9?,2026-06-07T04:34:03Z,2026-06-09T12:00:00Z,3,21°C,0x4b71fc3b2d6d0a5a6d4a3c57a66f3b7c0a70049d1bd8fb47fdb985ca5e42a0e7,32958582433402594997678224016035388842620018324746531711463337433683768535571,YES,optimistic,60,60,2026-06-08 19:56:54.562000+00:00,2026-06-08 19:57:42.298000+00:00,buy_bid,2,0.001,0.003,0.002,47.736
highest-temperature-in-shanghai-on-june-9-2026,Highest temperature in Shanghai on June 9?,2026-06-07T04:34:03Z,2026-06-09T12:00:00Z,3,21°C,0x4b71fc3b2d6d0a5a6d4a3c57a66f3b7c0a70049d1bd8fb47fdb985ca5e42a0e7,32958582433402594997678224016035388842620018324746531711463337433683768535571,YES,optimistic,60,60,2026-06-08 19:57:56.811000+00:00,2026-06-08 19:58:50.161000+00:00,buy_bid,1,0.001,0.004,0.003,53.35
highest-temperature-in-shanghai-on-june-9-2026,Highest temperature in Shanghai on June 9?,2026-06-07T04:34:03Z,2026-06-09T12:00:00Z,3,21°C,0x4b71fc3b2d6d0a5a6d4a3c57a66f3b7c0a70049d1bd8fb47fdb985ca5e42a0e7,32958582433402594997678224016035388842620018324746531711463337433683768535571,YES,optimistic,60,300,2026-06-08 00:01:58.177000+00:00,2026-06-08 00:02:20.291000+00:00,buy_bid,5,0.005,0.0069999999999999,0.0019999999999999,22.114
highest-temperature-in-shanghai-on-june-9-2026,Highest temperature in Shanghai on June 9?,2026-06-07T04:34:03Z,2026-06-09T12:00:00Z,3,21°C,0x4b71fc3b2d6d0a5a6d4a3c57a66f3b7c0a70049d1bd8fb47fdb985ca5e42a0e7,32958582433402594997678224016035388842620018324746531711463337433683768535571,YES,optimistic,60,300,2026-06-08 12:58:59.891000+00:00,2026-06-08 12:59:21.654000+00:00,buy_bid,4,0.002,0.0035,0.0015,21.763
highest-temperature-in-shanghai-on-june-9-2026,Highest temperature in Shanghai on June 9?,2026-06-07T04:34:03Z,2026-06-09T12:00:00Z,3,21°C,0x4b71fc3b2d6d0a5a6d4a3c57a66f3b7c0a70049d1bd8fb47fdb985ca5e42a0e7,32958582433402594997678224016035388842620018324746531711463337433683768535571,YES,optimistic,60,300,2026-06-08 19:56:54.562000+00:00,2026-06-08 19:57:42.298000+00:00,buy_bid,2,0.001,0.002,0.001,47.736
highest-temperature-in-shanghai-on-june-9-2026,Highest temperature in Shanghai on June 9?,2026-06-07T04:34:03Z,2026-06-09T12:00:00Z,3,21°C,0x4b71fc3b2d6d0a5a6d4a3c57a66f3b7c0a70049d1bd8fb47fdb985ca5e42a0e7,32958582433402594997678224016035388842620018324746531711463337433683768535571,YES,optimistic,60,300,2026-06-08 19:57:56.811000+00:00,2026-06-08 19:58:50.161000+00:00,buy_bid,1,0.001,0.002,0.001,53.35
highest-temperature-in-shanghai-on-june-9-2026,Highest temperature in Shanghai on June 9?,2026-06-07T04:34:03Z,2026-06-09T12:00:00Z,3,21°C,0x4b71fc3b2d6d0a5a6d4a3c57a66f3b7c0a70049d1bd8fb47fdb985ca5e42a0e7,32958582433402594997678224016035388842620018324746531711463337433683768535571,YES,optimistic,60,900,2026-06-08 00:01:58.177000+00:00,2026-06-08 00:02:20.291000+00:00,buy_bid,5,0.005,0.009,0.004,22.114
highest-temperature-in-shanghai-on-june-9-2026,Highest temperature in Shanghai on June 9?,2026-06-07T04:34:03Z,2026-06-09T12:00:00Z,3,21°C,0x4b71fc3b2d6d0a5a6d4a3c57a66f3b7c0a70049d1bd8fb47fdb985ca5e42a0e7,32958582433402594997678224016035388842620018324746531711463337433683768535571,YES,optimistic,60,900,2026-06-08 12:58:59.891000+00:00,2026-06-08 12:59:21.654000+00:00,buy_bid,4,0.002,0.0035,0.0015,21.763
highest-temperature-in-shanghai-on-june-9-2026,Highest temperature in Shanghai on June 9?,2026-06-07T04:34:03Z,2026-06-09T12:00:00Z,3,21°C,0x4b71fc3b2d6d0a5a6d4a3c57a66f3b7c0a70049d1bd8fb47fdb985ca5e42a0e7,32958582433402594997678224016035388842620018324746531711463337433683768535571,YES,optimistic,60,900,2026-06-08 19:56:54.562000+00:00,2026-06-08 19:57:42.298000+00:00,buy_bid,2,0.001,0.002,0.001,47.736
highest-temperature-in-shanghai-on-june-9-2026,Highest temperature in Shanghai on June 9?,2026-06-07T04:34:03Z,2026-06-09T12:00:00Z,3,21°C,0x4b71fc3b2d6d0a5a6d4a3c57a66f3b7c0a70049d1bd8fb47fdb985ca5e42a0e7,32958582433402594997678224016035388842620018324746531711463337433683768535571,YES,optimistic,60,900,2026-06-08 19:57:56.811000+00:00,2026-06-08 19:58:50.161000+00:00,buy_bid,1,0.001,0.002,0.001,53.35
highest-temperature-in-shanghai-on-june-9-2026,Highest temperature in Shanghai on June 9?,2026-06-07T04:34:03Z,2026-06-09T12:00:00Z,3,21°C,0x4b71fc3b2d6d0a5a6d4a3c57a66f3b7c0a70049d1bd8fb47fdb985ca5e42a0e7,32958582433402594997678224016035388842620018324746531711463337433683768535571,YES,optimistic,300,60,2026-06-08 00:00:44.107000+00:00,2026-06-08 00:02:20.291000+00:00,buy_bid,5,0.005,0.0069999999999999,0.0019999999999999,96.184
highest-temperature-in-shanghai-on-june-9-2026,Highest temperature in Shanghai on June 9?,2026-06-07T04:34:03Z,2026-06-09T12:00:00Z,3,21°C,0x4b71fc3b2d6d0a5a6d4a3c57a66f3b7c0a70049d1bd8fb47fdb985ca5e42a0e7,32958582433402594997678224016035388842620018324746531711463337433683768535571,YES,optimistic,300,60,2026-06-08 00:01:58.177000+00:00,2026-06-08 00:02:20.291000+00:00,buy_bid,5,0.005,0.0069999999999999,0.0019999999999999,22.114
highest-temperature-in-shanghai-on-june-9-2026,Highest temperature in Shanghai on June 9?,2026-06-07T04:34:03Z,2026-06-09T12:00:00Z,3,21°C,0x4b71fc3b2d6d0a5a6d4a3c57a66f3b7c0a70049d1bd8fb47fdb985ca5e42a0e7,32958582433402594997678224016035388842620018324746531711463337433683768535571,YES,optimistic,300,60,2026-06-08 12:54:46.025000+00:00,2026-06-08 12:59:21.654000+00:00,buy_bid,4,0.002,0.0035,0.0015,275.629
highest-temperature-in-shanghai-on-june-9-2026,Highest temperature in Shanghai on June 9?,2026-06-07T04:34:03Z,2026-06-09T12:00:00Z,3,21°C,0x4b71fc3b2d6d0a5a6d4a3c57a66f3b7c0a70049d1bd8fb47fdb985ca5e42a0e7,32958582433402594997678224016035388842620018324746531711463337433683768535571,YES,optimistic,300,60,2026-06-08 12:55:48.607000+00:00,2026-06-08 12:59:21.654000+00:00,buy_bid,4,0.002,0.0035,0.0015,213.047
highest-temperature-in-shanghai-on-june-9-2026,Highest temperature in Shanghai on June 9?,2026-06-07T04:34:03Z,2026-06-09T12:00:00Z,3,21°C,0x4b71fc3b2d6d0a5a6d4a3c57a66f3b7c0a70049d1bd8fb47fdb985ca5e42a0e7,32958582433402594997678224016035388842620018324746531711463337433683768535571,YES,optimistic,300,60,2026-06-08 12:56:59.278000+00:00,2026-06-08 12:59:21.654000+00:00,buy_bid,4,0.002,0.0035,0.0015,142.376
highest-temperature-in-shanghai-on-june-9-2026,Highest temperature in Shanghai on June 9?,2026-06-07T04:34:03Z,2026-06-09T12:00:00Z,3,21°C,0x4b71fc3b2d6d0a5a6d4a3c57a66f3b7c0a70049d1bd8fb47fdb985ca5e42a0e7,32958582433402594997678224016035388842620018324746531711463337433683768535571,YES,optimistic,300,60,2026-06-08 12:57:59.851000+00:00,2026-06-08 12:59:21.654000+00:00,buy_bid,4,0.002,0.0035,0.0015,81.803
highest-temperature-in-shanghai-on-june-9-2026,Highest temperature in Shanghai on June 9?,2026-06-07T04:34:03Z,2026-06-09T12:00:00Z,3,21°C,0x4b71fc3b2d6d0a5a6d4a3c57a66f3b7c0a70049d1bd8fb47fdb985ca5e42a0e7,32958582433402594997678224016035388842620018324746531711463337433683768535571,YES,optimistic,300,60,2026-06-08 12:58:59.891000+00:00,2026-06-08 12:59:21.654000+00:00,buy_bid,4,0.002,0.0035,0.0015,21.763
highest-temperature-in-shanghai-on-june-9-2026,Highest temperature in Shanghai on June 9?,2026-06-07T04:34:03Z,2026-06-09T12:00:00Z,3,21°C,0x4b71fc3b2d6d0a5a6d4a3c57a66f3b7c0a70049d1bd8fb47fdb985ca5e42a0e7,32958582433402594997678224016035388842620018324746531711463337433683768535571,YES,optimistic,300,60,2026-06-08 19:53:30.697000+00:00,2026-06-08 19:57:42.298000+00:00,buy_bid,3,0.001,0.003,0.002,251.601
highest-temperature-in-shanghai-on-june-9-2026,Highest temperature in Shanghai on June 9?,2026-06-07T04:34:03Z,2026-06-09T12:00:00Z,3,21°C,0x4b71fc3b2d6d0a5a6d4a3c57a66f3b7c0a70049d1bd8fb47fdb985ca5e42a0e7,32958582433402594997678224016035388842620018324746531711463337433683768535571,YES,optimistic,300,60,2026-06-08 19:54:46.083000+00:00,2026-06-08 19:57:42.298000+00:00,buy_bid,3,0.001,0.003,0.002,176.215
highest-temperature-in-shanghai-on-june-9-2026,Highest temperature in Shanghai on June 9?,2026-06-07T04:34:03Z,2026-06-09T12:00:00Z,3,21°C,0x4b71fc3b2d6d0a5a6d4a3c57a66f3b7c0a70049d1bd8fb47fdb985ca5e42a0e7,32958582433402594997678224016035388842620018324746531711463337433683768535571,YES,optimistic,300,60,2026-06-08 19:55:59.948000+00:00,2026-06-08 19:57:42.298000+00:00,buy_bid,2,0.001,0.003,0.002,102.35
highest-temperature-in-shanghai-on-june-9-2026,Highest temperature in Shanghai on June 9?,2026-06-07T04:34:03Z,2026-06-09T12:00:00Z,3,21°C,0x4b71fc3b2d6d0a5a6d4a3c57a66f3b7c0a70049d1bd8fb47fdb985ca5e42a0e7,32958582433402594997678224016035388842620018324746531711463337433683768535571,YES,optimistic,300,60,2026-06-08 19:56:54.562000+00:00,2026-06-08 19:57:42.298000+00:00,buy_bid,2,0.001,0.003,0.002,47.736
highest-temperature-in-shanghai-on-june-9-2026,Highest temperature in Shanghai on June 9?,2026-06-07T04:34:03Z,2026-06-09T12:00:00Z,3,21°C,0x4b71fc3b2d6d0a5a6d4a3c57a66f3b7c0a70049d1bd8fb47fdb985ca5e42a0e7,32958582433402594997678224016035388842620018324746531711463337433683768535571,YES,optimistic,300,60,2026-06-08 19:57:56.811000+00:00,2026-06-08 19:58:50.161000+00:00,buy_bid,1,0.001,0.004,0.003,53.35
highest-temperature-in-shanghai-on-june-9-2026,Highest temperature in Shanghai on June 9?,2026-06-07T04:34:03Z,2026-06-09T12:00:00Z,3,21°C,0x4b71fc3b2d6d0a5a6d4a3c57a66f3b7c0a70049d1bd8fb47fdb985ca5e42a0e7,32958582433402594997678224016035388842620018324746531711463337433683768535571,YES,optimistic,300,300,2026-06-08 00:00:44.107000+00:00,2026-06-08 00:02:20.291000+00:00,buy_bid,5,0.005,0.0069999999999999,0.0019999999999999,96.184
highest-temperature-in-shanghai-on-june-9-2026,Highest temperature in Shanghai on June 9?,2026-06-07T04:34:03Z,2026-06-09T12:00:00Z,3,21°C,0x4b71fc3b2d6d0a5a6d4a3c57a66f3b7c0a70049d1bd8fb47fdb985ca5e42a0e7,32958582433402594997678224016035388842620018324746531711463337433683768535571,YES,optimistic,300,300,2026-06-08 00:01:58.177000+00:00,2026-06-08 00:02:20.291000+00:00,buy_bid,5,0.005,0.0069999999999999,0.0019999999999999,22.114
highest-temperature-in-shanghai-on-june-9-2026,Highest temperature in Shanghai on June 9?,2026-06-07T04:34:03Z,2026-06-09T12:00:00Z,3,21°C,0x4b71fc3b2d6d0a5a6d4a3c57a66f3b7c0a70049d1bd8fb47fdb985ca5e42a0e7,32958582433402594997678224016035388842620018324746531711463337433683768535571,YES,optimistic,300,300,2026-06-08 12:54:46.025000+00:00,2026-06-08 12:59:21.654000+00:00,buy_bid,4,0.002,0.0035,0.0015,275.629
highest-temperature-in-shanghai-on-june-9-2026,Highest temperature in Shanghai on June 9?,2026-06-07T04:34:03Z,2026-06-09T12:00:00Z,3,21°C,0x4b71fc3b2d6d0a5a6d4a3c57a66f3b7c0a70049d1bd8fb47fdb985ca5e42a0e7,32958582433402594997678224016035388842620018324746531711463337433683768535571,YES,optimistic,300,300,2026-06-08 12:55:48.607000+00:00,2026-06-08 12:59:21.654000+00:00,buy_bid,4,0.002,0.0035,0.0015,213.047
highest-temperature-in-shanghai-on-june-9-2026,Highest temperature in Shanghai on June 9?,2026-06-07T04:34:03Z,2026-06-09T12:00:00Z,3,21°C,0x4b71fc3b2d6d0a5a6d4a3c57a66f3b7c0a70049d1bd8fb47fdb985ca5e42a0e7,32958582433402594997678224016035388842620018324746531711463337433683768535571,YES,optimistic,300,300,2026-06-08 12:56:59.278000+00:00,2026-06-08 12:59:21.654000+00:00,buy_bid,4,0.002,0.0035,0.0015,142.376
highest-temperature-in-shanghai-on-june-9-2026,Highest temperature in Shanghai on June 9?,2026-06-07T04:34:03Z,2026-06-09T12:00:00Z,3,21°C,0x4b71fc3b2d6d0a5a6d4a3c57a66f3b7c0a70049d1bd8fb47fdb985ca5e42a0e7,32958582433402594997678224016035388842620018324746531711463337433683768535571,YES,optimistic,300,300,2026-06-08 12:57:59.851000+00:00,2026-06-08 12:59:21.654000+00:00,buy_bid,4,0.002,0.0035,0.0015,81.803
highest-temperature-in-shanghai-on-june-9-2026,Highest temperature in Shanghai on June 9?,2026-06-07T04:34:03Z,2026-06-09T12:00:00Z,3,21°C,0x4b71fc3b2d6d0a5a6d4a3c57a66f3b7c0a70049d1bd8fb47fdb985ca5e42a0e7,32958582433402594997678224016035388842620018324746531711463337433683768535571,YES,optimistic,300,300,2026-06-08 12:58:59.891000+00:00,2026-06-08 12:59:21.654000+00:00,buy_bid,4,0.002,0.0035,0.0015,21.763
highest-temperature-in-shanghai-on-june-9-2026,Highest temperature in Shanghai on June 9?,2026-06-07T04:34:03Z,2026-06-09T12:00:00Z,3,21°C,0x4b71fc3b2d6d0a5a6d4a3c57a66f3b7c0a70049d1bd8fb47fdb985ca5e42a0e7,32958582433402594997678224016035388842620018324746531711463337433683768535571,YES,optimistic,300,300,2026-06-08 19:53:30.697000+00:00,2026-06-08 19:57:42.298000+00:00,buy_bid,3,0.001,0.002,0.001,251.601
highest-temperature-in-shanghai-on-june-9-2026,Highest temperature in Shanghai on June 9?,2026-06-07T04:34:03Z,2026-06-09T12:00:00Z,3,21°C,0x4b71fc3b2d6d0a5a6d4a3c57a66f3b7c0a70049d1bd8fb47fdb985ca5e42a0e7,32958582433402594997678224016035388842620018324746531711463337433683768535571,YES,optimistic,300,300,2026-06-08 19:54:46.083000+00:00,2026-06-08 19:57:42.298000+00:00,buy_bid,3,0.001,0.002,0.001,176.215
highest-temperature-in-shanghai-on-june-9-2026,Highest temperature in Shanghai on June 9?,2026-06-07T04:34:03Z,2026-06-09T12:00:00Z,3,21°C,0x4b71fc3b2d6d0a5a6d4a3c57a66f3b7c0a70049d1bd8fb47fdb985ca5e42a0e7,32958582433402594997678224016035388842620018324746531711463337433683768535571,YES,optimistic,300,300,2026-06-08 19:55:59.948000+00:00,2026-06-08 19:57:42.298000+00:00,buy_bid,2,0.001,0.002,0.001,102.35
highest-temperature-in-shanghai-on-june-9-2026,Highest temperature in Shanghai on June 9?,2026-06-07T04:34:03Z,2026-06-09T12:00:00Z,3,21°C,0x4b71fc3b2d6d0a5a6d4a3c57a66f3b7c0a70049d1bd8fb47fdb985ca5e42a0e7,32958582433402594997678224016035388842620018324746531711463337433683768535571,YES,optimistic,300,300,2026-06-08 19:56:54.562000+00:00,2026-06-08 19:57:42.298000+00:00,buy_bid,2,0.001,0.002,0.001,47.736
highest-temperature-in-shanghai-on-june-9-2026,Highest temperature in Shanghai on June 9?,2026-06-07T04:34:03Z,2026-06-09T12:00:00Z,3,21°C,0x4b71fc3b2d6d0a5a6d4a3c57a66f3b7c0a70049d1bd8fb47fdb985ca5e42a0e7,32958582433402594997678224016035388842620018324746531711463337433683768535571,YES,optimistic,300,300,2026-06-08 19:57:56.811000+00:00,2026-06-08 19:58:50.161000+00:00,buy_bid,1,0.001,0.002,0.001,53.35
highest-temperature-in-shanghai-on-june-9-2026,Highest temperature in Shanghai on June 9?,2026-06-07T04:34:03Z,2026-06-09T12:00:00Z,3,21°C,0x4b71fc3b2d6d0a5a6d4a3c57a66f3b7c0a70049d1bd8fb47fdb985ca5e42a0e7,32958582433402594997678224016035388842620018324746531711463337433683768535571,YES,optimistic,300,900,2026-06-08 00:00:44.107000+00:00,2026-06-08 00:02:20.291000+00:00,buy_bid,5,0.005,0.009,0.004,96.184
highest-temperature-in-shanghai-on-june-9-2026,Highest temperature in Shanghai on June 9?,2026-06-07T04:34:03Z,2026-06-09T12:00:00Z,3,21°C,0x4b71fc3b2d6d0a5a6d4a3c57a66f3b7c0a70049d1bd8fb47fdb985ca5e42a0e7,32958582433402594997678224016035388842620018324746531711463337433683768535571,YES,optimistic,300,900,2026-06-08 00:01:58.177000+00:00,2026-06-08 00:02:20.291000+00:00,buy_bid,5,0.005,0.009,0.004,22.114
highest-temperature-in-shanghai-on-june-9-2026,Highest temperature in Shanghai on June 9?,2026-06-07T04:34:03Z,2026-06-09T12:00:00Z,3,21°C,0x4b71fc3b2d6d0a5a6d4a3c57a66f3b7c0a70049d1bd8fb47fdb985ca5e42a0e7,32958582433402594997678224016035388842620018324746531711463337433683768535571,YES,optimistic,300,900,2026-06-08 12:54:46.025000+00:00,2026-06-08 12:59:21.654000+00:00,buy_bid,4,0.002,0.0035,0.0015,275.629
highest-temperature-in-shanghai-on-june-9-2026,Highest temperature in Shanghai on June 9?,2026-06-07T04:34:03Z,2026-06-09T12:00:00Z,3,21°C,0x4b71fc3b2d6d0a5a6d4a3c57a66f3b7c0a70049d1bd8fb47fdb985ca5e42a0e7,32958582433402594997678224016035388842620018324746531711463337433683768535571,YES,optimistic,300,900,2026-06-08 12:55:48.607000+00:00,2026-06-08 12:59:21.654000+00:00,buy_bid,4,0.002,0.0035,0.0015,213.047
highest-temperature-in-shanghai-on-june-9-2026,Highest temperature in Shanghai on June 9?,2026-06-07T04:34:03Z,2026-06-09T12:00:00Z,3,21°C,0x4b71fc3b2d6d0a5a6d4a3c57a66f3b7c0a70049d1bd8fb47fdb985ca5e42a0e7,32958582433402594997678224016035388842620018324746531711463337433683768535571,YES,optimistic,300,900,2026-06-08 12:56:59.278000+00:00,2026-06-08 12:59:21.654000+00:00,buy_bid,4,0.002,0.0035,0.0015,142.376
highest-temperature-in-shanghai-on-june-9-2026,Highest temperature in Shanghai on June 9?,2026-06-07T04:34:03Z,2026-06-09T12:00:00Z,3,21°C,0x4b71fc3b2d6d0a5a6d4a3c57a66f3b7c0a70049d1bd8fb47fdb985ca5e42a0e7,32958582433402594997678224016035388842620018324746531711463337433683768535571,YES,optimistic,300,900,2026-06-08 12:57:59.851000+00:00,2026-06-08 12:59:21.654000+00:00,buy_bid,4,0.002,0.0035,0.0015,81.803
highest-temperature-in-shanghai-on-june-9-2026,Highest temperature in Shanghai on June 9?,2026-06-07T04:34:03Z,2026-06-09T12:00:00Z,3,21°C,0x4b71fc3b2d6d0a5a6d4a3c57a66f3b7c0a70049d1bd8fb47fdb985ca5e42a0e7,32958582433402594997678224016035388842620018324746531711463337433683768535571,YES,optimistic,300,900,2026-06-08 12:58:59.891000+00:00,2026-06-08 12:59:21.654000+00:00,buy_bid,4,0.002,0.0035,0.0015,21.763
highest-temperature-in-shanghai-on-june-9-2026,Highest temperature in Shanghai on June 9?,2026-06-07T04:34:03Z,2026-06-09T12:00:00Z,3,21°C,0x4b71fc3b2d6d0a5a6d4a3c57a66f3b7c0a70049d1bd8fb47fdb985ca5e42a0e7,32958582433402594997678224016035388842620018324746531711463337433683768535571,YES,optimistic,300,900,2026-06-08 19:53:30.697000+00:00,2026-06-08 19:57:42.298000+00:00,buy_bid,3,0.001,0.002,0.001,251.601
highest-temperature-in-shanghai-on-june-9-2026,Highest temperature in Shanghai on June 9?,2026-06-07T04:34:03Z,2026-06-09T12:00:00Z,3,21°C,0x4b71fc3b2d6d0a5a6d4a3c57a66f3b7c0a70049d1bd8fb47fdb985ca5e42a0e7,32958582433402594997678224016035388842620018324746531711463337433683768535571,YES,optimistic,300,900,2026-06-08 19:54:46.083000+00:00,2026-06-08 19:57:42.298000+00:00,buy_bid,3,0.001,0.002,0.001,176.215
highest-temperature-in-shanghai-on-june-9-2026,Highest temperature in Shanghai on June 9?,2026-06-07T04:34:03Z,2026-06-09T12:00:00Z,3,21°C,0x4b71fc3b2d6d0a5a6d4a3c57a66f3b7c0a70049d1bd8fb47fdb985ca5e42a0e7,32958582433402594997678224016035388842620018324746531711463337433683768535571,YES,optimistic,300,900,2026-06-08 19:55:59.948000+00:00,2026-06-08 19:57:42.298000+00:00,buy_bid,2,0.001,0.002,0.001,102.35
highest-temperature-in-shanghai-on-june-9-2026,Highest temperature in Shanghai on June 9?,2026-06-07T04:34:03Z,2026-06-09T12:00:00Z,3,21°C,0x4b71fc3b2d6d0a5a6d4a3c57a66f3b7c0a70049d1bd8fb47fdb985ca5e42a0e7,32958582433402594997678224016035388842620018324746531711463337433683768535571,YES,optimistic,300,900,2026-06-08 19:56:54.562000+00:00,2026-06-08 19:57:42.298000+00:00,buy_bid,2,0.001,0.002,0.001,47.736
highest-temperature-in-shanghai-on-june-9-2026,Highest temperature in Shanghai on June 9?,2026-06-07T04:34:03Z,2026-06-09T12:00:00Z,3,21°C,0x4b71fc3b2d6d0a5a6d4a3c57a66f3b7c0a70049d1bd8fb47fdb985ca5e42a0e7,32958582433402594997678224016035388842620018324746531711463337433683768535571,YES,optimistic,300,900,2026-06-08 19:57:56.811000+00:00,2026-06-08 19:58:50.161000+00:00,buy_bid,1,0.001,0.002,0.001,53.35
highest-temperature-in-shanghai-on-june-9-2026,Highest temperature in Shanghai on June 9?,2026-06-07T04:34:03Z,2026-06-09T12:00:00Z,3,21°C,0x4b71fc3b2d6d0a5a6d4a3c57a66f3b7c0a70049d1bd8fb47fdb985ca5e42a0e7,32958582433402594997678224016035388842620018324746531711463337433683768535571,YES,half_queue,60,60,2026-06-08 19:56:54.562000+00:00,2026-06-08 19:57:42.298000+00:00,buy_bid,2,0.001,0.003,0.002,47.736
highest-temperature-in-shanghai-on-june-9-2026,Highest temperature in Shanghai on June 9?,2026-06-07T04:34:03Z,2026-06-09T12:00:00Z,3,21°C,0x4b71fc3b2d6d0a5a6d4a3c57a66f3b7c0a70049d1bd8fb47fdb985ca5e42a0e7,32958582433402594997678224016035388842620018324746531711463337433683768535571,YES,half_queue,60,60,2026-06-08 19:57:56.811000+00:00,2026-06-08 19:58:50.161000+00:00,buy_bid,1,0.001,0.004,0.003,53.35
highest-temperature-in-shanghai-on-june-9-2026,Highest temperature in Shanghai on June 9?,2026-06-07T04:34:03Z,2026-06-09T12:00:00Z,3,21°C,0x4b71fc3b2d6d0a5a6d4a3c57a66f3b7c0a70049d1bd8fb47fdb985ca5e42a0e7,32958582433402594997678224016035388842620018324746531711463337433683768535571,YES,half_queue,60,300,2026-06-08 19:56:54.562000+00:00,2026-06-08 19:57:42.298000+00:00,buy_bid,2,0.001,0.002,0.001,47.736
highest-temperature-in-shanghai-on-june-9-2026,Highest temperature in Shanghai on June 9?,2026-06-07T04:34:03Z,2026-06-09T12:00:00Z,3,21°C,0x4b71fc3b2d6d0a5a6d4a3c57a66f3b7c0a70049d1bd8fb47fdb985ca5e42a0e7,32958582433402594997678224016035388842620018324746531711463337433683768535571,YES,half_queue,60,300,2026-06-08 19:57:56.811000+00:00,2026-06-08 19:58:50.161000+00:00,buy_bid,1,0.001,0.002,0.001,53.35
highest-temperature-in-shanghai-on-june-9-2026,Highest temperature in Shanghai on June 9?,2026-06-07T04:34:03Z,2026-06-09T12:00:00Z,3,21°C,0x4b71fc3b2d6d0a5a6d4a3c57a66f3b7c0a70049d1bd8fb47fdb985ca5e42a0e7,32958582433402594997678224016035388842620018324746531711463337433683768535571,YES,half_queue,60,900,2026-06-08 19:56:54.562000+00:00,2026-06-08 19:57:42.298000+00:00,buy_bid,2,0.001,0.002,0.001,47.736
highest-temperature-in-shanghai-on-june-9-2026,Highest temperature in Shanghai on June 9?,2026-06-07T04:34:03Z,2026-06-09T12:00:00Z,3,21°C,0x4b71fc3b2d6d0a5a6d4a3c57a66f3b7c0a70049d1bd8fb47fdb985ca5e42a0e7,32958582433402594997678224016035388842620018324746531711463337433683768535571,YES,half_queue,60,900,2026-06-08 19:57:56.811000+00:00,2026-06-08 19:58:50.161000+00:00,buy_bid,1,0.001,0.002,0.001,53.35
highest-temperature-in-shanghai-on-june-9-2026,Highest temperature in Shanghai on June 9?,2026-06-07T04:34:03Z,2026-06-09T12:00:00Z,3,21°C,0x4b71fc3b2d6d0a5a6d4a3c57a66f3b7c0a70049d1bd8fb47fdb985ca5e42a0e7,32958582433402594997678224016035388842620018324746531711463337433683768535571,YES,half_queue,300,60,2026-06-08 19:53:30.697000+00:00,2026-06-08 19:57:42.298000+00:00,buy_bid,3,0.001,0.003,0.002,251.601
highest-temperature-in-shanghai-on-june-9-2026,Highest temperature in Shanghai on June 9?,2026-06-07T04:34:03Z,2026-06-09T12:00:00Z,3,21°C,0x4b71fc3b2d6d0a5a6d4a3c57a66f3b7c0a70049d1bd8fb47fdb985ca5e42a0e7,32958582433402594997678224016035388842620018324746531711463337433683768535571,YES,half_queue,300,60,2026-06-08 19:54:46.083000+00:00,2026-06-08 19:57:42.298000+00:00,buy_bid,3,0.001,0.003,0.002,176.215
highest-temperature-in-shanghai-on-june-9-2026,Highest temperature in Shanghai on June 9?,2026-06-07T04:34:03Z,2026-06-09T12:00:00Z,3,21°C,0x4b71fc3b2d6d0a5a6d4a3c57a66f3b7c0a70049d1bd8fb47fdb985ca5e42a0e7,32958582433402594997678224016035388842620018324746531711463337433683768535571,YES,half_queue,300,60,2026-06-08 19:55:59.948000+00:00,2026-06-08 19:57:42.298000+00:00,buy_bid,2,0.001,0.003,0.002,102.35
highest-temperature-in-shanghai-on-june-9-2026,Highest temperature in Shanghai on June 9?,2026-06-07T04:34:03Z,2026-06-09T12:00:00Z,3,21°C,0x4b71fc3b2d6d0a5a6d4a3c57a66f3b7c0a70049d1bd8fb47fdb985ca5e42a0e7,32958582433402594997678224016035388842620018324746531711463337433683768535571,YES,half_queue,300,60,2026-06-08 19:56:54.562000+00:00,2026-06-08 19:57:42.298000+00:00,buy_bid,2,0.001,0.003,0.002,47.736
highest-temperature-in-shanghai-on-june-9-2026,Highest temperature in Shanghai on June 9?,2026-06-07T04:34:03Z,2026-06-09T12:00:00Z,3,21°C,0x4b71fc3b2d6d0a5a6d4a3c57a66f3b7c0a70049d1bd8fb47fdb985ca5e42a0e7,32958582433402594997678224016035388842620018324746531711463337433683768535571,YES,half_queue,300,60,2026-06-08 19:57:56.811000+00:00,2026-06-08 19:58:50.161000+00:00,buy_bid,1,0.001,0.004,0.003,53.35
highest-temperature-in-shanghai-on-june-9-2026,Highest temperature in Shanghai on June 9?,2026-06-07T04:34:03Z,2026-06-09T12:00:00Z,3,21°C,0x4b71fc3b2d6d0a5a6d4a3c57a66f3b7c0a70049d1bd8fb47fdb985ca5e42a0e7,32958582433402594997678224016035388842620018324746531711463337433683768535571,YES,half_queue,300,300,2026-06-08 19:53:30.697000+00:00,2026-06-08 19:57:42.298000+00:00,buy_bid,3,0.001,0.002,0.001,251.601
highest-temperature-in-shanghai-on-june-9-2026,Highest temperature in Shanghai on June 9?,2026-06-07T04:34:03Z,2026-06-09T12:00:00Z,3,21°C,0x4b71fc3b2d6d0a5a6d4a3c57a66f3b7c0a70049d1bd8fb47fdb985ca5e42a0e7,32958582433402594997678224016035388842620018324746531711463337433683768535571,YES,half_queue,300,300,2026-06-08 19:54:46.083000+00:00,2026-06-08 19:57:42.298000+00:00,buy_bid,3,0.001,0.002,0.001,176.215
highest-temperature-in-shanghai-on-june-9-2026,Highest temperature in Shanghai on June 9?,2026-06-07T04:34:03Z,2026-06-09T12:00:00Z,3,21°C,0x4b71fc3b2d6d0a5a6d4a3c57a66f3b7c0a70049d1bd8fb47fdb985ca5e42a0e7,32958582433402594997678224016035388842620018324746531711463337433683768535571,YES,half_queue,300,300,2026-06-08 19:55:59.948000+00:00,2026-06-08 19:57:42.298000+00:00,buy_bid,2,0.001,0.002,0.001,102.35
highest-temperature-in-shanghai-on-june-9-2026,Highest temperature in Shanghai on June 9?,2026-06-07T04:34:03Z,2026-06-09T12:00:00Z,3,21°C,0x4b71fc3b2d6d0a5a6d4a3c57a66f3b7c0a70049d1bd8fb47fdb985ca5e42a0e7,32958582433402594997678224016035388842620018324746531711463337433683768535571,YES,half_queue,300,300,2026-06-08 19:56:54.562000+00:00,2026-06-08 19:57:42.298000+00:00,buy_bid,2,0.001,0.002,0.001,47.736
highest-temperature-in-shanghai-on-june-9-2026,Highest temperature in Shanghai on June 9?,2026-06-07T04:34:03Z,2026-06-09T12:00:00Z,3,21°C,0x4b71fc3b2d6d0a5a6d4a3c57a66f3b7c0a70049d1bd8fb47fdb985ca5e42a0e7,32958582433402594997678224016035388842620018324746531711463337433683768535571,YES,half_queue,300,300,2026-06-08 19:57:56.811000+00:00,2026-06-08 19:58:50.161000+00:00,buy_bid,1,0.001,0.002,0.001,53.35
highest-temperature-in-shanghai-on-june-9-2026,Highest temperature in Shanghai on June 9?,2026-06-07T04:34:03Z,2026-06-09T12:00:00Z,3,21°C,0x4b71fc3b2d6d0a5a6d4a3c57a66f3b7c0a70049d1bd8fb47fdb985ca5e42a0e7,32958582433402594997678224016035388842620018324746531711463337433683768535571,YES,half_queue,300,900,2026-06-08 19:53:30.697000+00:00,2026-06-08 19:57:42.298000+00:00,buy_bid,3,0.001,0.002,0.001,251.601
highest-temperature-in-shanghai-on-june-9-2026,Highest temperature in Shanghai on June 9?,2026-06-07T04:34:03Z,2026-06-09T12:00:00Z,3,21°C,0x4b71fc3b2d6d0a5a6d4a3c57a66f3b7c0a70049d1bd8fb47fdb985ca5e42a0e7,32958582433402594997678224016035388842620018324746531711463337433683768535571,YES,half_queue,300,900,2026-06-08 19:54:46.083000+00:00,2026-06-08 19:57:42.298000+00:00,buy_bid,3,0.001,0.002,0.001,176.215
highest-temperature-in-shanghai-on-june-9-2026,Highest temperature in Shanghai on June 9?,2026-06-07T04:34:03Z,2026-06-09T12:00:00Z,3,21°C,0x4b71fc3b2d6d0a5a6d4a3c57a66f3b7c0a70049d1bd8fb47fdb985ca5e42a0e7,32958582433402594997678224016035388842620018324746531711463337433683768535571,YES,half_queue,300,900,2026-06-08 19:55:59.948000+00:00,2026-06-08 19:57:42.298000+00:00,buy_bid,2,0.001,0.002,0.001,102.35
highest-temperature-in-shanghai-on-june-9-2026,Highest temperature in Shanghai on June 9?,2026-06-07T04:34:03Z,2026-06-09T12:00:00Z,3,21°C,0x4b71fc3b2d6d0a5a6d4a3c57a66f3b7c0a70049d1bd8fb47fdb985ca5e42a0e7,32958582433402594997678224016035388842620018324746531711463337433683768535571,YES,half_queue,300,900,2026-06-08 19:56:54.562000+00:00,2026-06-08 19:57:42.298000+00:00,buy_bid,2,0.001,0.002,0.001,47.736
highest-temperature-in-shanghai-on-june-9-2026,Highest temperature in Shanghai on June 9?,2026-06-07T04:34:03Z,2026-06-09T12:00:00Z,3,21°C,0x4b71fc3b2d6d0a5a6d4a3c57a66f3b7c0a70049d1bd8fb47fdb985ca5e42a0e7,32958582433402594997678224016035388842620018324746531711463337433683768535571,YES,half_queue,300,900,2026-06-08 19:57:56.811000+00:00,2026-06-08 19:58:50.161000+00:00,buy_bid,1,0.001,0.002,0.001,53.35
highest-temperature-in-shanghai-on-june-9-2026,Highest temperature in Shanghai on June 9?,2026-06-07T04:34:03Z,2026-06-09T12:00:00Z,3,21°C,0x4b71fc3b2d6d0a5a6d4a3c57a66f3b7c0a70049d1bd8fb47fdb985ca5e42a0e7,32958582433402594997678224016035388842620018324746531711463337433683768535571,YES,optimistic,60,60,2026-06-08 21:21:37.970000+00:00,2026-06-08 21:22:17.276000+00:00,sell_ask,1,0.003,0.004,-0.001,39.306
highest-temperature-in-shanghai-on-june-9-2026,Highest temperature in Shanghai on June 9?,2026-06-07T04:34:03Z,2026-06-09T12:00:00Z,3,21°C,0x4b71fc3b2d6d0a5a6d4a3c57a66f3b7c0a70049d1bd8fb47fdb985ca5e42a0e7,32958582433402594997678224016035388842620018324746531711463337433683768535571,YES,optimistic,60,300,2026-06-08 21:21:37.970000+00:00,2026-06-08 21:22:17.276000+00:00,sell_ask,1,0.003,0.004,-0.001,39.306
highest-temperature-in-shanghai-on-june-9-2026,Highest temperature in Shanghai on June 9?,2026-06-07T04:34:03Z,2026-06-09T12:00:00Z,3,21°C,0x4b71fc3b2d6d0a5a6d4a3c57a66f3b7c0a70049d1bd8fb47fdb985ca5e42a0e7,32958582433402594997678224016035388842620018324746531711463337433683768535571,YES,optimistic,60,900,2026-06-08 21:21:37.970000+00:00,2026-06-08 21:22:17.276000+00:00,sell_ask,1,0.003,0.003,0.0,39.306
highest-temperature-in-shanghai-on-june-9-2026,Highest temperature in Shanghai on June 9?,2026-06-07T04:34:03Z,2026-06-09T12:00:00Z,3,21°C,0x4b71fc3b2d6d0a5a6d4a3c57a66f3b7c0a70049d1bd8fb47fdb985ca5e42a0e7,32958582433402594997678224016035388842620018324746531711463337433683768535571,YES,optimistic,300,60,2026-06-08 21:18:34.988000+00:00,2026-06-08 21:22:17.276000+00:00,sell_ask,1,0.003,0.004,-0.001,222.288
highest-temperature-in-shanghai-on-june-9-2026,Highest temperature in Shanghai on June 9?,2026-06-07T04:34:03Z,2026-06-09T12:00:00Z,3,21°C,0x4b71fc3b2d6d0a5a6d4a3c57a66f3b7c0a70049d1bd8fb47fdb985ca5e42a0e7,32958582433402594997678224016035388842620018324746531711463337433683768535571,YES,optimistic,300,60,2026-06-08 21:19:57.625000+00:00,2026-06-08 21:22:17.276000+00:00,sell_ask,1,0.003,0.004,-0.001,139.651
highest-temperature-in-shanghai-on-june-9-2026,Highest temperature in Shanghai on June 9?,2026-06-07T04:34:03Z,2026-06-09T12:00:00Z,3,21°C,0x4b71fc3b2d6d0a5a6d4a3c57a66f3b7c0a70049d1bd8fb47fdb985ca5e42a0e7,32958582433402594997678224016035388842620018324746531711463337433683768535571,YES,optimistic,300,60,2026-06-08 21:20:59.787000+00:00,2026-06-08 21:22:17.276000+00:00,sell_ask,1,0.003,0.004,-0.001,77.489
highest-temperature-in-shanghai-on-june-9-2026,Highest temperature in Shanghai on June 9?,2026-06-07T04:34:03Z,2026-06-09T12:00:00Z,3,21°C,0x4b71fc3b2d6d0a5a6d4a3c57a66f3b7c0a70049d1bd8fb47fdb985ca5e42a0e7,32958582433402594997678224016035388842620018324746531711463337433683768535571,YES,optimistic,300,60,2026-06-08 21:21:37.970000+00:00,2026-06-08 21:22:17.276000+00:00,sell_ask,1,0.003,0.004,-0.001,39.306
highest-temperature-in-shanghai-on-june-9-2026,Highest temperature in Shanghai on June 9?,2026-06-07T04:34:03Z,2026-06-09T12:00:00Z,3,21°C,0x4b71fc3b2d6d0a5a6d4a3c57a66f3b7c0a70049d1bd8fb47fdb985ca5e42a0e7,32958582433402594997678224016035388842620018324746531711463337433683768535571,YES,optimistic,300,300,2026-06-08 21:18:34.988000+00:00,2026-06-08 21:22:17.276000+00:00,sell_ask,1,0.003,0.004,-0.001,222.288
highest-temperature-in-shanghai-on-june-9-2026,Highest temperature in Shanghai on June 9?,2026-06-07T04:34:03Z,2026-06-09T12:00:00Z,3,21°C,0x4b71fc3b2d6d0a5a6d4a3c57a66f3b7c0a70049d1bd8fb47fdb985ca5e42a0e7,32958582433402594997678224016035388842620018324746531711463337433683768535571,YES,optimistic,300,300,2026-06-08 21:19:57.625000+00:00,2026-06-08 21:22:17.276000+00:00,sell_ask,1,0.003,0.004,-0.001,139.651
highest-temperature-in-shanghai-on-june-9-2026,Highest temperature in Shanghai on June 9?,2026-06-07T04:34:03Z,2026-06-09T12:00:00Z,3,21°C,0x4b71fc3b2d6d0a5a6d4a3c57a66f3b7c0a70049d1bd8fb47fdb985ca5e42a0e7,32958582433402594997678224016035388842620018324746531711463337433683768535571,YES,optimistic,300,300,2026-06-08 21:20:59.787000+00:00,2026-06-08 21:22:17.276000+00:00,sell_ask,1,0.003,0.004,-0.001,77.489
highest-temperature-in-shanghai-on-june-9-2026,Highest temperature in Shanghai on June 9?,2026-06-07T04:34:03Z,2026-06-09T12:00:00Z,3,21°C,0x4b71fc3b2d6d0a5a6d4a3c57a66f3b7c0a70049d1bd8fb47fdb985ca5e42a0e7,32958582433402594997678224016035388842620018324746531711463337433683768535571,YES,optimistic,300,300,2026-06-08 21:21:37.970000+00:00,2026-06-08 21:22:17.276000+00:00,sell_ask,1,0.003,0.004,-0.001,39.306
highest-temperature-in-shanghai-on-june-9-2026,Highest temperature in Shanghai on June 9?,2026-06-07T04:34:03Z,2026-06-09T12:00:00Z,3,21°C,0x4b71fc3b2d6d0a5a6d4a3c57a66f3b7c0a70049d1bd8fb47fdb985ca5e42a0e7,32958582433402594997678224016035388842620018324746531711463337433683768535571,YES,optimistic,300,900,2026-06-08 21:18:34.988000+00:00,2026-06-08 21:22:17.276000+00:00,sell_ask,1,0.003,0.003,0.0,222.288
highest-temperature-in-shanghai-on-june-9-2026,Highest temperature in Shanghai on June 9?,2026-06-07T04:34:03Z,2026-06-09T12:00:00Z,3,21°C,0x4b71fc3b2d6d0a5a6d4a3c57a66f3b7c0a70049d1bd8fb47fdb985ca5e42a0e7,32958582433402594997678224016035388842620018324746531711463337433683768535571,YES,optimistic,300,900,2026-06-08 21:19:57.625000+00:00,2026-06-08 21:22:17.276000+00:00,sell_ask,1,0.003,0.003,0.0,139.651
highest-temperature-in-shanghai-on-june-9-2026,Highest temperature in Shanghai on June 9?,2026-06-07T04:34:03Z,2026-06-09T12:00:00Z,3,21°C,0x4b71fc3b2d6d0a5a6d4a3c57a66f3b7c0a70049d1bd8fb47fdb985ca5e42a0e7,32958582433402594997678224016035388842620018324746531711463337433683768535571,YES,optimistic,300,900,2026-06-08 21:20:59.787000+00:00,2026-06-08 21:22:17.276000+00:00,sell_ask,1,0.003,0.003,0.0,77.489
highest-temperature-in-shanghai-on-june-9-2026,Highest temperature in Shanghai on June 9?,2026-06-07T04:34:03Z,2026-06-09T12:00:00Z,3,21°C,0x4b71fc3b2d6d0a5a6d4a3c57a66f3b7c0a70049d1bd8fb47fdb985ca5e42a0e7,32958582433402594997678224016035388842620018324746531711463337433683768535571,YES,optimistic,300,900,2026-06-08 21:21:37.970000+00:00,2026-06-08 21:22:17.276000+00:00,sell_ask,1,0.003,0.003,0.0,39.306
highest-temperature-in-shanghai-on-june-9-2026,Highest temperature in Shanghai on June 9?,2026-06-07T04:34:03Z,2026-06-09T12:00:00Z,3,21°C,0x4b71fc3b2d6d0a5a6d4a3c57a66f3b7c0a70049d1bd8fb47fdb985ca5e42a0e7,32958582433402594997678224016035388842620018324746531711463337433683768535571,YES,half_queue,60,60,2026-06-08 21:21:37.970000+00:00,2026-06-08 21:22:17.276000+00:00,sell_ask,1,0.003,0.004,-0.001,39.306
highest-temperature-in-shanghai-on-june-9-2026,Highest temperature in Shanghai on June 9?,2026-06-07T04:34:03Z,2026-06-09T12:00:00Z,3,21°C,0x4b71fc3b2d6d0a5a6d4a3c57a66f3b7c0a70049d1bd8fb47fdb985ca5e42a0e7,32958582433402594997678224016035388842620018324746531711463337433683768535571,YES,half_queue,60,300,2026-06-08 21:21:37.970000+00:00,2026-06-08 21:22:17.276000+00:00,sell_ask,1,0.003,0.004,-0.001,39.306
highest-temperature-in-shanghai-on-june-9-2026,Highest temperature in Shanghai on June 9?,2026-06-07T04:34:03Z,2026-06-09T12:00:00Z,3,21°C,0x4b71fc3b2d6d0a5a6d4a3c57a66f3b7c0a70049d1bd8fb47fdb985ca5e42a0e7,32958582433402594997678224016035388842620018324746531711463337433683768535571,YES,half_queue,60,900,2026-06-08 21:21:37.970000+00:00,2026-06-08 21:22:17.276000+00:00,sell_ask,1,0.003,0.003,0.0,39.306
highest-temperature-in-shanghai-on-june-9-2026,Highest temperature in Shanghai on June 9?,2026-06-07T04:34:03Z,2026-06-09T12:00:00Z,3,21°C,0x4b71fc3b2d6d0a5a6d4a3c57a66f3b7c0a70049d1bd8fb47fdb985ca5e42a0e7,32958582433402594997678224016035388842620018324746531711463337433683768535571,YES,half_queue,300,60,2026-06-08 21:18:34.988000+00:00,2026-06-08 21:22:17.276000+00:00,sell_ask,1,0.003,0.004,-0.001,222.288
highest-temperature-in-shanghai-on-june-9-2026,Highest temperature in Shanghai on June 9?,2026-06-07T04:34:03Z,2026-06-09T12:00:00Z,3,21°C,0x4b71fc3b2d6d0a5a6d4a3c57a66f3b7c0a70049d1bd8fb47fdb985ca5e42a0e7,32958582433402594997678224016035388842620018324746531711463337433683768535571,YES,half_queue,300,60,2026-06-08 21:19:57.625000+00:00,2026-06-08 21:22:17.276000+00:00,sell_ask,1,0.003,0.004,-0.001,139.651
highest-temperature-in-shanghai-on-june-9-2026,Highest temperature in Shanghai on June 9?,2026-06-07T04:34:03Z,2026-06-09T12:00:00Z,3,21°C,0x4b71fc3b2d6d0a5a6d4a3c57a66f3b7c0a70049d1bd8fb47fdb985ca5e42a0e7,32958582433402594997678224016035388842620018324746531711463337433683768535571,YES,half_queue,300,60,2026-06-08 21:20:59.787000+00:00,2026-06-08 21:22:17.276000+00:00,sell_ask,1,0.003,0.004,-0.001,77.489
highest-temperature-in-shanghai-on-june-9-2026,Highest temperature in Shanghai on June 9?,2026-06-07T04:34:03Z,2026-06-09T12:00:00Z,3,21°C,0x4b71fc3b2d6d0a5a6d4a3c57a66f3b7c0a70049d1bd8fb47fdb985ca5e42a0e7,32958582433402594997678224016035388842620018324746531711463337433683768535571,YES,half_queue,300,60,2026-06-08 21:21:37.970000+00:00,2026-06-08 21:22:17.276000+00:00,sell_ask,1,0.003,0.004,-0.001,39.306
highest-temperature-in-shanghai-on-june-9-2026,Highest temperature in Shanghai on June 9?,2026-06-07T04:34:03Z,2026-06-09T12:00:00Z,3,21°C,0x4b71fc3b2d6d0a5a6d4a3c57a66f3b7c0a70049d1bd8fb47fdb985ca5e42a0e7,32958582433402594997678224016035388842620018324746531711463337433683768535571,YES,half_queue,300,300,2026-06-08 21:18:34.988000+00:00,2026-06-08 21:22:17.276000+00:00,sell_ask,1,0.003,0.004,-0.001,222.288
highest-temperature-in-shanghai-on-june-9-2026,Highest temperature in Shanghai on June 9?,2026-06-07T04:34:03Z,2026-06-09T12:00:00Z,3,21°C,0x4b71fc3b2d6d0a5a6d4a3c57a66f3b7c0a70049d1bd8fb47fdb985ca5e42a0e7,32958582433402594997678224016035388842620018324746531711463337433683768535571,YES,half_queue,300,300,2026-06-08 21:19:57.625000+00:00,2026-06-08 21:22:17.276000+00:00,sell_ask,1,0.003,0.004,-0.001,139.651
highest-temperature-in-shanghai-on-june-9-2026,Highest temperature in Shanghai on June 9?,2026-06-07T04:34:03Z,2026-06-09T12:00:00Z,3,21°C,0x4b71fc3b2d6d0a5a6d4a3c57a66f3b7c0a70049d1bd8fb47fdb985ca5e42a0e7,32958582433402594997678224016035388842620018324746531711463337433683768535571,YES,half_queue,300,300,2026-06-08 21:20:59.787000+00:00,2026-06-08 21:22:17.276000+00:00,sell_ask,1,0.003,0.004,-0.001,77.489
highest-temperature-in-shanghai-on-june-9-2026,Highest temperature in Shanghai on June 9?,2026-06-07T04:34:03Z,2026-06-09T12:00:00Z,3,21°C,0x4b71fc3b2d6d0a5a6d4a3c57a66f3b7c0a70049d1bd8fb47fdb985ca5e42a0e7,32958582433402594997678224016035388842620018324746531711463337433683768535571,YES,half_queue,300,300,2026-06-08 21:21:37.970000+00:00,2026-06-08 21:22:17.276000+00:00,sell_ask,1,0.003,0.004,-0.001,39.306
highest-temperature-in-shanghai-on-june-9-2026,Highest temperature in Shanghai on June 9?,2026-06-07T04:34:03Z,2026-06-09T12:00:00Z,3,21°C,0x4b71fc3b2d6d0a5a6d4a3c57a66f3b7c0a70049d1bd8fb47fdb985ca5e42a0e7,32958582433402594997678224016035388842620018324746531711463337433683768535571,YES,half_queue,300,900,2026-06-08 21:18:34.988000+00:00,2026-06-08 21:22:17.276000+00:00,sell_ask,1,0.003,0.003,0.0,222.288
highest-temperature-in-shanghai-on-june-9-2026,Highest temperature in Shanghai on June 9?,2026-06-07T04:34:03Z,2026-06-09T12:00:00Z,3,21°C,0x4b71fc3b2d6d0a5a6d4a3c57a66f3b7c0a70049d1bd8fb47fdb985ca5e42a0e7,32958582433402594997678224016035388842620018324746531711463337433683768535571,YES,half_queue,300,900,2026-06-08 21:19:57.625000+00:00,2026-06-08 21:22:17.276000+00:00,sell_ask,1,0.003,0.003,0.0,139.651
highest-temperature-in-shanghai-on-june-9-2026,Highest temperature in Shanghai on June 9?,2026-06-07T04:34:03Z,2026-06-09T12:00:00Z,3,21°C,0x4b71fc3b2d6d0a5a6d4a3c57a66f3b7c0a70049d1bd8fb47fdb985ca5e42a0e7,32958582433402594997678224016035388842620018324746531711463337433683768535571,YES,half_queue,300,900,2026-06-08 21:20:59.787000+00:00,2026-06-08 21:22:17.276000+00:00,sell_ask,1,0.003,0.003,0.0,77.489
highest-temperature-in-shanghai-on-june-9-2026,Highest temperature in Shanghai on June 9?,2026-06-07T04:34:03Z,2026-06-09T12:00:00Z,3,21°C,0x4b71fc3b2d6d0a5a6d4a3c57a66f3b7c0a70049d1bd8fb47fdb985ca5e42a0e7,32958582433402594997678224016035388842620018324746531711463337433683768535571,YES,half_queue,300,900,2026-06-08 21:21:37.970000+00:00,2026-06-08 21:22:17.276000+00:00,sell_ask,1,0.003,0.003,0.0,39.306
highest-temperature-in-shanghai-on-june-9-2026,Highest temperature in Shanghai on June 9?,2026-06-07T04:34:03Z,2026-06-09T12:00:00Z,3,21°C,0x4b71fc3b2d6d0a5a6d4a3c57a66f3b7c0a70049d1bd8fb47fdb985ca5e42a0e7,32958582433402594997678224016035388842620018324746531711463337433683768535571,YES,full_queue,60,60,2026-06-08 21:21:37.970000+00:00,2026-06-08 21:22:17.276000+00:00,sell_ask,1,0.003,0.004,-0.001,39.306
highest-temperature-in-shanghai-on-june-9-2026,Highest temperature in Shanghai on June 9?,2026-06-07T04:34:03Z,2026-06-09T12:00:00Z,3,21°C,0x4b71fc3b2d6d0a5a6d4a3c57a66f3b7c0a70049d1bd8fb47fdb985ca5e42a0e7,32958582433402594997678224016035388842620018324746531711463337433683768535571,YES,full_queue,60,300,2026-06-08 21:21:37.970000+00:00,2026-06-08 21:22:17.276000+00:00,sell_ask,1,0.003,0.004,-0.001,39.306
highest-temperature-in-shanghai-on-june-9-2026,Highest temperature in Shanghai on June 9?,2026-06-07T04:34:03Z,2026-06-09T12:00:00Z,3,21°C,0x4b71fc3b2d6d0a5a6d4a3c57a66f3b7c0a70049d1bd8fb47fdb985ca5e42a0e7,32958582433402594997678224016035388842620018324746531711463337433683768535571,YES,full_queue,60,900,2026-06-08 21:21:37.970000+00:00,2026-06-08 21:22:17.276000+00:00,sell_ask,1,0.003,0.003,0.0,39.306
highest-temperature-in-shanghai-on-june-9-2026,Highest temperature in Shanghai on June 9?,2026-06-07T04:34:03Z,2026-06-09T12:00:00Z,3,21°C,0x4b71fc3b2d6d0a5a6d4a3c57a66f3b7c0a70049d1bd8fb47fdb985ca5e42a0e7,32958582433402594997678224016035388842620018324746531711463337433683768535571,YES,full_queue,300,60,2026-06-08 21:18:34.988000+00:00,2026-06-08 21:22:17.276000+00:00,sell_ask,1,0.003,0.004,-0.001,222.288
highest-temperature-in-shanghai-on-june-9-2026,Highest temperature in Shanghai on June 9?,2026-06-07T04:34:03Z,2026-06-09T12:00:00Z,3,21°C,0x4b71fc3b2d6d0a5a6d4a3c57a66f3b7c0a70049d1bd8fb47fdb985ca5e42a0e7,32958582433402594997678224016035388842620018324746531711463337433683768535571,YES,full_queue,300,60,2026-06-08 21:19:57.625000+00:00,2026-06-08 21:22:17.276000+00:00,sell_ask,1,0.003,0.004,-0.001,139.651
highest-temperature-in-shanghai-on-june-9-2026,Highest temperature in Shanghai on June 9?,2026-06-07T04:34:03Z,2026-06-09T12:00:00Z,3,21°C,0x4b71fc3b2d6d0a5a6d4a3c57a66f3b7c0a70049d1bd8fb47fdb985ca5e42a0e7,32958582433402594997678224016035388842620018324746531711463337433683768535571,YES,full_queue,300,60,2026-06-08 21:20:59.787000+00:00,2026-06-08 21:22:17.276000+00:00,sell_ask,1,0.003,0.004,-0.001,77.489
highest-temperature-in-shanghai-on-june-9-2026,Highest temperature in Shanghai on June 9?,2026-06-07T04:34:03Z,2026-06-09T12:00:00Z,3,21°C,0x4b71fc3b2d6d0a5a6d4a3c57a66f3b7c0a70049d1bd8fb47fdb985ca5e42a0e7,32958582433402594997678224016035388842620018324746531711463337433683768535571,YES,full_queue,300,60,2026-06-08 21:21:37.970000+00:00,2026-06-08 21:22:17.276000+00:00,sell_ask,1,0.003,0.004,-0.001,39.306
highest-temperature-in-shanghai-on-june-9-2026,Highest temperature in Shanghai on June 9?,2026-06-07T04:34:03Z,2026-06-09T12:00:00Z,3,21°C,0x4b71fc3b2d6d0a5a6d4a3c57a66f3b7c0a70049d1bd8fb47fdb985ca5e42a0e7,32958582433402594997678224016035388842620018324746531711463337433683768535571,YES,full_queue,300,300,2026-06-08 21:18:34.988000+00:00,2026-06-08 21:22:17.276000+00:00,sell_ask,1,0.003,0.004,-0.001,222.288
highest-temperature-in-shanghai-on-june-9-2026,Highest temperature in Shanghai on June 9?,2026-06-07T04:34:03Z,2026-06-09T12:00:00Z,3,21°C,0x4b71fc3b2d6d0a5a6d4a3c57a66f3b7c0a70049d1bd8fb47fdb985ca5e42a0e7,32958582433402594997678224016035388842620018324746531711463337433683768535571,YES,full_queue,300,300,2026-06-08 21:19:57.625000+00:00,2026-06-08 21:22:17.276000+00:00,sell_ask,1,0.003,0.004,-0.001,139.651
highest-temperature-in-shanghai-on-june-9-2026,Highest temperature in Shanghai on June 9?,2026-06-07T04:34:03Z,2026-06-09T12:00:00Z,3,21°C,0x4b71fc3b2d6d0a5a6d4a3c57a66f3b7c0a70049d1bd8fb47fdb985ca5e42a0e7,32958582433402594997678224016035388842620018324746531711463337433683768535571,YES,full_queue,300,300,2026-06-08 21:20:59.787000+00:00,2026-06-08 21:22:17.276000+00:00,sell_ask,1,0.003,0.004,-0.001,77.489
highest-temperature-in-shanghai-on-june-9-2026,Highest temperature in Shanghai on June 9?,2026-06-07T04:34:03Z,2026-06-09T12:00:00Z,3,21°C,0x4b71fc3b2d6d0a5a6d4a3c57a66f3b7c0a70049d1bd8fb47fdb985ca5e42a0e7,32958582433402594997678224016035388842620018324746531711463337433683768535571,YES,full_queue,300,300,2026-06-08 21:21:37.970000+00:00,2026-06-08 21:22:17.276000+00:00,sell_ask,1,0.003,0.004,-0.001,39.306
highest-temperature-in-shanghai-on-june-9-2026,Highest temperature in Shanghai on June 9?,2026-06-07T04:34:03Z,2026-06-09T12:00:00Z,3,21°C,0x4b71fc3b2d6d0a5a6d4a3c57a66f3b7c0a70049d1bd8fb47fdb985ca5e42a0e7,32958582433402594997678224016035388842620018324746531711463337433683768535571,YES,full_queue,300,900,2026-06-08 21:18:34.988000+00:00,2026-06-08 21:22:17.276000+00:00,sell_ask,1,0.003,0.003,0.0,222.288
highest-temperature-in-shanghai-on-june-9-2026,Highest temperature in Shanghai on June 9?,2026-06-07T04:34:03Z,2026-06-09T12:00:00Z,3,21°C,0x4b71fc3b2d6d0a5a6d4a3c57a66f3b7c0a70049d1bd8fb47fdb985ca5e42a0e7,32958582433402594997678224016035388842620018324746531711463337433683768535571,YES,full_queue,300,900,2026-06-08 21:19:57.625000+00:00,2026-06-08 21:22:17.276000+00:00,sell_ask,1,0.003,0.003,0.0,139.651
highest-temperature-in-shanghai-on-june-9-2026,Highest temperature in Shanghai on June 9?,2026-06-07T04:34:03Z,2026-06-09T12:00:00Z,3,21°C,0x4b71fc3b2d6d0a5a6d4a3c57a66f3b7c0a70049d1bd8fb47fdb985ca5e42a0e7,32958582433402594997678224016035388842620018324746531711463337433683768535571,YES,full_queue,300,900,2026-06-08 21:20:59.787000+00:00,2026-06-08 21:22:17.276000+00:00,sell_ask,1,0.003,0.003,0.0,77.489
highest-temperature-in-shanghai-on-june-9-2026,Highest temperature in Shanghai on June 9?,2026-06-07T04:34:03Z,2026-06-09T12:00:00Z,3,21°C,0x4b71fc3b2d6d0a5a6d4a3c57a66f3b7c0a70049d1bd8fb47fdb985ca5e42a0e7,32958582433402594997678224016035388842620018324746531711463337433683768535571,YES,full_queue,300,900,2026-06-08 21:21:37.970000+00:00,2026-06-08 21:22:17.276000+00:00,sell_ask,1,0.003,0.003,0.0,39.306
highest-temperature-in-shanghai-on-june-9-2026,Highest temperature in Shanghai on June 9?,2026-06-07T04:34:03Z,2026-06-09T12:00:00Z,4,22°C,0x5e9cdf0acfadf1d761629c3e824f608b4c8abda66747f716816cd21a6ef44b02,21885399021320574560651114684216824442350810668622956886293663194490254187234,YES,optimistic,60,60,2026-06-08 00:01:57.963000+00:00,2026-06-08 00:02:16.907000+00:00,buy_bid,3,0.032,0.036,0.004,18.944
highest-temperature-in-shanghai-on-june-9-2026,Highest temperature in Shanghai on June 9?,2026-06-07T04:34:03Z,2026-06-09T12:00:00Z,4,22°C,0x5e9cdf0acfadf1d761629c3e824f608b4c8abda66747f716816cd21a6ef44b02,21885399021320574560651114684216824442350810668622956886293663194490254187234,YES,optimistic,60,60,2026-06-08 00:05:58.917000+00:00,2026-06-08 00:06:11.490000+00:00,buy_bid,5,0.021,0.035,0.014,12.573
highest-temperature-in-shanghai-on-june-9-2026,Highest temperature in Shanghai on June 9?,2026-06-07T04:34:03Z,2026-06-09T12:00:00Z,4,22°C,0x5e9cdf0acfadf1d761629c3e824f608b4c8abda66747f716816cd21a6ef44b02,21885399021320574560651114684216824442350810668622956886293663194490254187234,YES,optimistic,60,60,2026-06-08 14:45:53.276000+00:00,2026-06-08 14:46:36.034000+00:00,buy_bid,1,0.021,0.025,0.004,42.758
highest-temperature-in-shanghai-on-june-9-2026,Highest temperature in Shanghai on June 9?,2026-06-07T04:34:03Z,2026-06-09T12:00:00Z,4,22°C,0x5e9cdf0acfadf1d761629c3e824f608b4c8abda66747f716816cd21a6ef44b02,21885399021320574560651114684216824442350810668622956886293663194490254187234,YES,optimistic,60,60,2026-06-08 15:35:49.329000+00:00,2026-06-08 15:36:20.911000+00:00,buy_bid,2,0.015,0.0155,0.0005,31.582
highest-temperature-in-shanghai-on-june-9-2026,Highest temperature in Shanghai on June 9?,2026-06-07T04:34:03Z,2026-06-09T12:00:00Z,4,22°C,0x5e9cdf0acfadf1d761629c3e824f608b4c8abda66747f716816cd21a6ef44b02,21885399021320574560651114684216824442350810668622956886293663194490254187234,YES,optimistic,60,60,2026-06-08 19:00:59.762000+00:00,2026-06-08 19:01:52.044000+00:00,buy_bid,2,0.005,0.0085,0.0035,52.282
highest-temperature-in-shanghai-on-june-9-2026,Highest temperature in Shanghai on June 9?,2026-06-07T04:34:03Z,2026-06-09T12:00:00Z,4,22°C,0x5e9cdf0acfadf1d761629c3e824f608b4c8abda66747f716816cd21a6ef44b02,21885399021320574560651114684216824442350810668622956886293663194490254187234,YES,optimistic,60,60,2026-06-08 19:35:55.445000+00:00,2026-06-08 19:36:47.921000+00:00,buy_bid,2,0.005,0.0065,0.0014999999999999,52.476
highest-temperature-in-shanghai-on-june-9-2026,Highest temperature in Shanghai on June 9?,2026-06-07T04:34:03Z,2026-06-09T12:00:00Z,4,22°C,0x5e9cdf0acfadf1d761629c3e824f608b4c8abda66747f716816cd21a6ef44b02,21885399021320574560651114684216824442350810668622956886293663194490254187234,YES,optimistic,60,60,2026-06-08 19:56:56.105000+00:00,2026-06-08 19:57:55.533000+00:00,buy_bid,3,0.002,0.0049999999999999,0.0029999999999999,59.428
highest-temperature-in-shanghai-on-june-9-2026,Highest temperature in Shanghai on June 9?,2026-06-07T04:34:03Z,2026-06-09T12:00:00Z,4,22°C,0x5e9cdf0acfadf1d761629c3e824f608b4c8abda66747f716816cd21a6ef44b02,21885399021320574560651114684216824442350810668622956886293663194490254187234,YES,optimistic,60,60,2026-06-09 01:17:52.228000+00:00,2026-06-09 01:18:17.014000+00:00,buy_bid,2,0.011,0.0144999999999999,0.0034999999999999,24.786
highest-temperature-in-shanghai-on-june-9-2026,Highest temperature in Shanghai on June 9?,2026-06-07T04:34:03Z,2026-06-09T12:00:00Z,4,22°C,0x5e9cdf0acfadf1d761629c3e824f608b4c8abda66747f716816cd21a6ef44b02,21885399021320574560651114684216824442350810668622956886293663194490254187234,YES,optimistic,60,60,2026-06-09 01:43:52.976000+00:00,2026-06-09 01:44:20.493000+00:00,buy_bid,3,0.028,0.024,-0.004,27.517
highest-temperature-in-shanghai-on-june-9-2026,Highest temperature in Shanghai on June 9?,2026-06-07T04:34:03Z,2026-06-09T12:00:00Z,4,22°C,0x5e9cdf0acfadf1d761629c3e824f608b4c8abda66747f716816cd21a6ef44b02,21885399021320574560651114684216824442350810668622956886293663194490254187234,YES,optimistic,60,60,2026-06-09 01:47:58.495000+00:00,2026-06-09 01:48:13.217000+00:00,buy_bid,2,0.021,0.0284999999999999,0.0074999999999999,14.722
highest-temperature-in-shanghai-on-june-9-2026,Highest temperature in Shanghai on June 9?,2026-06-07T04:34:03Z,2026-06-09T12:00:00Z,4,22°C,0x5e9cdf0acfadf1d761629c3e824f608b4c8abda66747f716816cd21a6ef44b02,21885399021320574560651114684216824442350810668622956886293663194490254187234,YES,optimistic,60,60,2026-06-09 02:23:41.988000+00:00,2026-06-09 02:24:40.407000+00:00,buy_bid,5,0.024,0.0195,-0.0045,58.419
highest-temperature-in-shanghai-on-june-9-2026,Highest temperature in Shanghai on June 9?,2026-06-07T04:34:03Z,2026-06-09T12:00:00Z,4,22°C,0x5e9cdf0acfadf1d761629c3e824f608b4c8abda66747f716816cd21a6ef44b02,21885399021320574560651114684216824442350810668622956886293663194490254187234,YES,optimistic,60,60,2026-06-09 02:25:58.790000+00:00,2026-06-09 02:26:50.427000+00:00,buy_bid,3,0.019,0.022,0.0029999999999999,51.637
highest-temperature-in-shanghai-on-june-9-2026,Highest temperature in Shanghai on June 9?,2026-06-07T04:34:03Z,2026-06-09T12:00:00Z,4,22°C,0x5e9cdf0acfadf1d761629c3e824f608b4c8abda66747f716816cd21a6ef44b02,21885399021320574560651114684216824442350810668622956886293663194490254187234,YES,optimistic,60,60,2026-06-09 02:26:50.913000+00:00,2026-06-09 02:27:02.733000+00:00,buy_bid,3,0.018,0.0225,0.0045,11.82
highest-temperature-in-shanghai-on-june-9-2026,Highest temperature in Shanghai on June 9?,2026-06-07T04:34:03Z,2026-06-09T12:00:00Z,4,22°C,0x5e9cdf0acfadf1d761629c3e824f608b4c8abda66747f716816cd21a6ef44b02,21885399021320574560651114684216824442350810668622956886293663194490254187234,YES,optimistic,60,60,2026-06-09 02:29:59.470000+00:00,2026-06-09 02:30:37.092000+00:00,buy_bid,4,0.009,0.002,-0.0069999999999999,37.622
highest-temperature-in-shanghai-on-june-9-2026,Highest temperature in Shanghai on June 9?,2026-06-07T04:34:03Z,2026-06-09T12:00:00Z,4,22°C,0x5e9cdf0acfadf1d761629c3e824f608b4c8abda66747f716816cd21a6ef44b02,21885399021320574560651114684216824442350810668622956886293663194490254187234,YES,optimistic,60,60,2026-06-09 02:30:59.724000+00:00,2026-06-09 02:31:43.781000+00:00,buy_bid,4,0.002,0.0035,0.0015,44.057
highest-temperature-in-shanghai-on-june-9-2026,Highest temperature in Shanghai on June 9?,2026-06-07T04:34:03Z,2026-06-09T12:00:00Z,4,22°C,0x5e9cdf0acfadf1d761629c3e824f608b4c8abda66747f716816cd21a6ef44b02,21885399021320574560651114684216824442350810668622956886293663194490254187234,YES,optimistic,60,60,2026-06-09 02:31:45.490000+00:00,2026-06-09 02:32:11.213000+00:00,buy_bid,5,0.001,0.0035,0.0025,25.723
highest-temperature-in-shanghai-on-june-9-2026,Highest temperature in Shanghai on June 9?,2026-06-07T04:34:03Z,2026-06-09T12:00:00Z,4,22°C,0x5e9cdf0acfadf1d761629c3e824f608b4c8abda66747f716816cd21a6ef44b02,21885399021320574560651114684216824442350810668622956886293663194490254187234,YES,optimistic,60,60,2026-06-09 02:35:59.678000+00:00,2026-06-09 02:36:04.333000+00:00,buy_bid,3,0.001,0.0015,0.0005,4.655
highest-temperature-in-shanghai-on-june-9-2026,Highest temperature in Shanghai on June 9?,2026-06-07T04:34:03Z,2026-06-09T12:00:00Z,4,22°C,0x5e9cdf0acfadf1d761629c3e824f608b4c8abda66747f716816cd21a6ef44b02,21885399021320574560651114684216824442350810668622956886293663194490254187234,YES,optimistic,60,60,2026-06-09 02:37:59.454000+00:00,2026-06-09 02:38:08.262000+00:00,buy_bid,3,0.001,0.0015,0.0005,8.808
highest-temperature-in-shanghai-on-june-9-2026,Highest temperature in Shanghai on June 9?,2026-06-07T04:34:03Z,2026-06-09T12:00:00Z,4,22°C,0x5e9cdf0acfadf1d761629c3e824f608b4c8abda66747f716816cd21a6ef44b02,21885399021320574560651114684216824442350810668622956886293663194490254187234,YES,optimistic,60,60,2026-06-09 02:39:59.463000+00:00,2026-06-09 02:40:05.746000+00:00,buy_bid,2,0.001,,,6.283
highest-temperature-in-shanghai-on-june-9-2026,Highest temperature in Shanghai on June 9?,2026-06-07T04:34:03Z,2026-06-09T12:00:00Z,4,22°C,0x5e9cdf0acfadf1d761629c3e824f608b4c8abda66747f716816cd21a6ef44b02,21885399021320574560651114684216824442350810668622956886293663194490254187234,YES,optimistic,60,300,2026-06-08 00:01:57.963000+00:00,2026-06-08 00:02:16.907000+00:00,buy_bid,3,0.032,0.035,0.003,18.944
highest-temperature-in-shanghai-on-june-9-2026,Highest temperature in Shanghai on June 9?,2026-06-07T04:34:03Z,2026-06-09T12:00:00Z,4,22°C,0x5e9cdf0acfadf1d761629c3e824f608b4c8abda66747f716816cd21a6ef44b02,21885399021320574560651114684216824442350810668622956886293663194490254187234,YES,optimistic,60,300,2026-06-08 00:05:58.917000+00:00,2026-06-08 00:06:11.490000+00:00,buy_bid,5,0.021,0.0355,0.0145,12.573
highest-temperature-in-shanghai-on-june-9-2026,Highest temperature in Shanghai on June 9?,2026-06-07T04:34:03Z,2026-06-09T12:00:00Z,4,22°C,0x5e9cdf0acfadf1d761629c3e824f608b4c8abda66747f716816cd21a6ef44b02,21885399021320574560651114684216824442350810668622956886293663194490254187234,YES,optimistic,60,300,2026-06-08 14:45:53.276000+00:00,2026-06-08 14:46:36.034000+00:00,buy_bid,1,0.021,0.025,0.004,42.758
highest-temperature-in-shanghai-on-june-9-2026,Highest temperature in Shanghai on June 9?,2026-06-07T04:34:03Z,2026-06-09T12:00:00Z,4,22°C,0x5e9cdf0acfadf1d761629c3e824f608b4c8abda66747f716816cd21a6ef44b02,21885399021320574560651114684216824442350810668622956886293663194490254187234,YES,optimistic,60,300,2026-06-08 15:35:49.329000+00:00,2026-06-08 15:36:20.911000+00:00,buy_bid,2,0.015,0.0165,0.0015,31.582
highest-temperature-in-shanghai-on-june-9-2026,Highest temperature in Shanghai on June 9?,2026-06-07T04:34:03Z,2026-06-09T12:00:00Z,4,22°C,0x5e9cdf0acfadf1d761629c3e824f608b4c8abda66747f716816cd21a6ef44b02,21885399021320574560651114684216824442350810668622956886293663194490254187234,YES,optimistic,60,300,2026-06-08 19:00:59.762000+00:00,2026-06-08 19:01:52.044000+00:00,buy_bid,2,0.005,0.0085,0.0035,52.282
highest-temperature-in-shanghai-on-june-9-2026,Highest temperature in Shanghai on June 9?,2026-06-07T04:34:03Z,2026-06-09T12:00:00Z,4,22°C,0x5e9cdf0acfadf1d761629c3e824f608b4c8abda66747f716816cd21a6ef44b02,21885399021320574560651114684216824442350810668622956886293663194490254187234,YES,optimistic,60,300,2026-06-08 19:35:55.445000+00:00,2026-06-08 19:36:47.921000+00:00,buy_bid,2,0.005,0.0065,0.0014999999999999,52.476
highest-temperature-in-shanghai-on-june-9-2026,Highest temperature in Shanghai on June 9?,2026-06-07T04:34:03Z,2026-06-09T12:00:00Z,4,22°C,0x5e9cdf0acfadf1d761629c3e824f608b4c8abda66747f716816cd21a6ef44b02,21885399021320574560651114684216824442350810668622956886293663194490254187234,YES,optimistic,60,300,2026-06-08 19:56:56.105000+00:00,2026-06-08 19:57:55.533000+00:00,buy_bid,3,0.002,0.0045,0.0025,59.428
highest-temperature-in-shanghai-on-june-9-2026,Highest temperature in Shanghai on June 9?,2026-06-07T04:34:03Z,2026-06-09T12:00:00Z,4,22°C,0x5e9cdf0acfadf1d761629c3e824f608b4c8abda66747f716816cd21a6ef44b02,21885399021320574560651114684216824442350810668622956886293663194490254187234,YES,optimistic,60,300,2026-06-09 01:17:52.228000+00:00,2026-06-09 01:18:17.014000+00:00,buy_bid,2,0.011,0.0135,0.0025,24.786
highest-temperature-in-shanghai-on-june-9-2026,Highest temperature in Shanghai on June 9?,2026-06-07T04:34:03Z,2026-06-09T12:00:00Z,4,22°C,0x5e9cdf0acfadf1d761629c3e824f608b4c8abda66747f716816cd21a6ef44b02,21885399021320574560651114684216824442350810668622956886293663194490254187234,YES,optimistic,60,300,2026-06-09 01:43:52.976000+00:00,2026-06-09 01:44:20.493000+00:00,buy_bid,3,0.028,0.0284999999999999,0.0004999999999999,27.517
highest-temperature-in-shanghai-on-june-9-2026,Highest temperature in Shanghai on June 9?,2026-06-07T04:34:03Z,2026-06-09T12:00:00Z,4,22°C,0x5e9cdf0acfadf1d761629c3e824f608b4c8abda66747f716816cd21a6ef44b02,21885399021320574560651114684216824442350810668622956886293663194490254187234,YES,optimistic,60,300,2026-06-09 01:47:58.495000+00:00,2026-06-09 01:48:13.217000+00:00,buy_bid,2,0.021,0.0215,0.0004999999999999,14.722
highest-temperature-in-shanghai-on-june-9-2026,Highest temperature in Shanghai on June 9?,2026-06-07T04:34:03Z,2026-06-09T12:00:00Z,4,22°C,0x5e9cdf0acfadf1d761629c3e824f608b4c8abda66747f716816cd21a6ef44b02,21885399021320574560651114684216824442350810668622956886293663194490254187234,YES,optimistic,60,300,2026-06-09 02:23:41.988000+00:00,2026-06-09 02:24:40.407000+00:00,buy_bid,5,0.024,0.019,-0.005,58.419
highest-temperature-in-shanghai-on-june-9-2026,Highest temperature in Shanghai on June 9?,2026-06-07T04:34:03Z,2026-06-09T12:00:00Z,4,22°C,0x5e9cdf0acfadf1d761629c3e824f608b4c8abda66747f716816cd21a6ef44b02,21885399021320574560651114684216824442350810668622956886293663194490254187234,YES,optimistic,60,300,2026-06-09 02:25:58.790000+00:00,2026-06-09 02:26:50.427000+00:00,buy_bid,3,0.019,0.002,-0.017,51.637
highest-temperature-in-shanghai-on-june-9-2026,Highest temperature in Shanghai on June 9?,2026-06-07T04:34:03Z,2026-06-09T12:00:00Z,4,22°C,0x5e9cdf0acfadf1d761629c3e824f608b4c8abda66747f716816cd21a6ef44b02,21885399021320574560651114684216824442350810668622956886293663194490254187234,YES,optimistic,60,300,2026-06-09 02:26:50.913000+00:00,2026-06-09 02:27:02.733000+00:00,buy_bid,3,0.018,0.002,-0.016,11.82
highest-temperature-in-shanghai-on-june-9-2026,Highest temperature in Shanghai on June 9?,2026-06-07T04:34:03Z,2026-06-09T12:00:00Z,4,22°C,0x5e9cdf0acfadf1d761629c3e824f608b4c8abda66747f716816cd21a6ef44b02,21885399021320574560651114684216824442350810668622956886293663194490254187234,YES,optimistic,60,300,2026-06-09 02:29:59.470000+00:00,2026-06-09 02:30:37.092000+00:00,buy_bid,4,0.009,0.0035,-0.0055,37.622
highest-temperature-in-shanghai-on-june-9-2026,Highest temperature in Shanghai on June 9?,2026-06-07T04:34:03Z,2026-06-09T12:00:00Z,4,22°C,0x5e9cdf0acfadf1d761629c3e824f608b4c8abda66747f716816cd21a6ef44b02,21885399021320574560651114684216824442350810668622956886293663194490254187234,YES,optimistic,60,300,2026-06-09 02:30:59.724000+00:00,2026-06-09 02:31:43.781000+00:00,buy_bid,4,0.002,0.0015,-0.0005,44.057
highest-temperature-in-shanghai-on-june-9-2026,Highest temperature in Shanghai on June 9?,2026-06-07T04:34:03Z,2026-06-09T12:00:00Z,4,22°C,0x5e9cdf0acfadf1d761629c3e824f608b4c8abda66747f716816cd21a6ef44b02,21885399021320574560651114684216824442350810668622956886293663194490254187234,YES,optimistic,60,300,2026-06-09 02:31:45.490000+00:00,2026-06-09 02:32:11.213000+00:00,buy_bid,5,0.001,0.0015,0.0005,25.723
highest-temperature-in-shanghai-on-june-9-2026,Highest temperature in Shanghai on June 9?,2026-06-07T04:34:03Z,2026-06-09T12:00:00Z,4,22°C,0x5e9cdf0acfadf1d761629c3e824f608b4c8abda66747f716816cd21a6ef44b02,21885399021320574560651114684216824442350810668622956886293663194490254187234,YES,optimistic,60,300,2026-06-09 02:35:59.678000+00:00,2026-06-09 02:36:04.333000+00:00,buy_bid,3,0.001,,,4.655
highest-temperature-in-shanghai-on-june-9-2026,Highest temperature in Shanghai on June 9?,2026-06-07T04:34:03Z,2026-06-09T12:00:00Z,4,22°C,0x5e9cdf0acfadf1d761629c3e824f608b4c8abda66747f716816cd21a6ef44b02,21885399021320574560651114684216824442350810668622956886293663194490254187234,YES,optimistic,60,300,2026-06-09 02:37:59.454000+00:00,2026-06-09 02:38:08.262000+00:00,buy_bid,3,0.001,,,8.808
highest-temperature-in-shanghai-on-june-9-2026,Highest temperature in Shanghai on June 9?,2026-06-07T04:34:03Z,2026-06-09T12:00:00Z,4,22°C,0x5e9cdf0acfadf1d761629c3e824f608b4c8abda66747f716816cd21a6ef44b02,21885399021320574560651114684216824442350810668622956886293663194490254187234,YES,optimistic,60,300,2026-06-09 02:39:59.463000+00:00,2026-06-09 02:40:05.746000+00:00,buy_bid,2,0.001,,,6.283
highest-temperature-in-shanghai-on-june-9-2026,Highest temperature in Shanghai on June 9?,2026-06-07T04:34:03Z,2026-06-09T12:00:00Z,4,22°C,0x5e9cdf0acfadf1d761629c3e824f608b4c8abda66747f716816cd21a6ef44b02,21885399021320574560651114684216824442350810668622956886293663194490254187234,YES,optimistic,60,900,2026-06-08 00:01:57.963000+00:00,2026-06-08 00:02:16.907000+00:00,buy_bid,3,0.032,0.0375,0.0054999999999999,18.944
highest-temperature-in-shanghai-on-june-9-2026,Highest temperature in Shanghai on June 9?,2026-06-07T04:34:03Z,2026-06-09T12:00:00Z,4,22°C,0x5e9cdf0acfadf1d761629c3e824f608b4c8abda66747f716816cd21a6ef44b02,21885399021320574560651114684216824442350810668622956886293663194490254187234,YES,optimistic,60,900,2026-06-08 00:05:58.917000+00:00,2026-06-08 00:06:11.490000+00:00,buy_bid,5,0.021,0.0375,0.0164999999999999,12.573
highest-temperature-in-shanghai-on-june-9-2026,Highest temperature in Shanghai on June 9?,2026-06-07T04:34:03Z,2026-06-09T12:00:00Z,4,22°C,0x5e9cdf0acfadf1d761629c3e824f608b4c8abda66747f716816cd21a6ef44b02,21885399021320574560651114684216824442350810668622956886293663194490254187234,YES,optimistic,60,900,2026-06-08 14:45:53.276000+00:00,2026-06-08 14:46:36.034000+00:00,buy_bid,1,0.021,0.025,0.004,42.758
highest-temperature-in-shanghai-on-june-9-2026,Highest temperature in Shanghai on June 9?,2026-06-07T04:34:03Z,2026-06-09T12:00:00Z,4,22°C,0x5e9cdf0acfadf1d761629c3e824f608b4c8abda66747f716816cd21a6ef44b02,21885399021320574560651114684216824442350810668622956886293663194490254187234,YES,optimistic,60,900,2026-06-08 15:35:49.329000+00:00,2026-06-08 15:36:20.911000+00:00,buy_bid,2,0.015,0.022,0.0069999999999999,31.582
highest-temperature-in-shanghai-on-june-9-2026,Highest temperature in Shanghai on June 9?,2026-06-07T04:34:03Z,2026-06-09T12:00:00Z,4,22°C,0x5e9cdf0acfadf1d761629c3e824f608b4c8abda66747f716816cd21a6ef44b02,21885399021320574560651114684216824442350810668622956886293663194490254187234,YES,optimistic,60,900,2026-06-08 19:00:59.762000+00:00,2026-06-08 19:01:52.044000+00:00,buy_bid,2,0.005,0.0085,0.0035,52.282
highest-temperature-in-shanghai-on-june-9-2026,Highest temperature in Shanghai on June 9?,2026-06-07T04:34:03Z,2026-06-09T12:00:00Z,4,22°C,0x5e9cdf0acfadf1d761629c3e824f608b4c8abda66747f716816cd21a6ef44b02,21885399021320574560651114684216824442350810668622956886293663194490254187234,YES,optimistic,60,900,2026-06-08 19:35:55.445000+00:00,2026-06-08 19:36:47.921000+00:00,buy_bid,2,0.005,0.0065,0.0014999999999999,52.476
highest-temperature-in-shanghai-on-june-9-2026,Highest temperature in Shanghai on June 9?,2026-06-07T04:34:03Z,2026-06-09T12:00:00Z,4,22°C,0x5e9cdf0acfadf1d761629c3e824f608b4c8abda66747f716816cd21a6ef44b02,21885399021320574560651114684216824442350810668622956886293663194490254187234,YES,optimistic,60,900,2026-06-08 19:56:56.105000+00:00,2026-06-08 19:57:55.533000+00:00,buy_bid,3,0.002,0.003,0.001,59.428
highest-temperature-in-shanghai-on-june-9-2026,Highest temperature in Shanghai on June 9?,2026-06-07T04:34:03Z,2026-06-09T12:00:00Z,4,22°C,0x5e9cdf0acfadf1d761629c3e824f608b4c8abda66747f716816cd21a6ef44b02,21885399021320574560651114684216824442350810668622956886293663194490254187234,YES,optimistic,60,900,2026-06-09 01:17:52.228000+00:00,2026-06-09 01:18:17.014000+00:00,buy_bid,2,0.011,0.0155,0.0045,24.786
highest-temperature-in-shanghai-on-june-9-2026,Highest temperature in Shanghai on June 9?,2026-06-07T04:34:03Z,2026-06-09T12:00:00Z,4,22°C,0x5e9cdf0acfadf1d761629c3e824f608b4c8abda66747f716816cd21a6ef44b02,21885399021320574560651114684216824442350810668622956886293663194490254187234,YES,optimistic,60,900,2026-06-09 01:43:52.976000+00:00,2026-06-09 01:44:20.493000+00:00,buy_bid,3,0.028,0.0195,-0.0085,27.517
highest-temperature-in-shanghai-on-june-9-2026,Highest temperature in Shanghai on June 9?,2026-06-07T04:34:03Z,2026-06-09T12:00:00Z,4,22°C,0x5e9cdf0acfadf1d761629c3e824f608b4c8abda66747f716816cd21a6ef44b02,21885399021320574560651114684216824442350810668622956886293663194490254187234,YES,optimistic,60,900,2026-06-09 01:47:58.495000+00:00,2026-06-09 01:48:13.217000+00:00,buy_bid,2,0.021,0.0155,-0.0055,14.722
highest-temperature-in-shanghai-on-june-9-2026,Highest temperature in Shanghai on June 9?,2026-06-07T04:34:03Z,2026-06-09T12:00:00Z,4,22°C,0x5e9cdf0acfadf1d761629c3e824f608b4c8abda66747f716816cd21a6ef44b02,21885399021320574560651114684216824442350810668622956886293663194490254187234,YES,optimistic,60,900,2026-06-09 02:23:41.988000+00:00,2026-06-09 02:24:40.407000+00:00,buy_bid,5,0.024,0.0015,-0.0225,58.419
highest-temperature-in-shanghai-on-june-9-2026,Highest temperature in Shanghai on June 9?,2026-06-07T04:34:03Z,2026-06-09T12:00:00Z,4,22°C,0x5e9cdf0acfadf1d761629c3e824f608b4c8abda66747f716816cd21a6ef44b02,21885399021320574560651114684216824442350810668622956886293663194490254187234,YES,optimistic,60,900,2026-06-09 02:25:58.790000+00:00,2026-06-09 02:26:50.427000+00:00,buy_bid,3,0.019,,,51.637
highest-temperature-in-shanghai-on-june-9-2026,Highest temperature in Shanghai on June 9?,2026-06-07T04:34:03Z,2026-06-09T12:00:00Z,4,22°C,0x5e9cdf0acfadf1d761629c3e824f608b4c8abda66747f716816cd21a6ef44b02,21885399021320574560651114684216824442350810668622956886293663194490254187234,YES,optimistic,60,900,2026-06-09 02:26:50.913000+00:00,2026-06-09 02:27:02.733000+00:00,buy_bid,3,0.018,,,11.82
highest-temperature-in-shanghai-on-june-9-2026,Highest temperature in Shanghai on June 9?,2026-06-07T04:34:03Z,2026-06-09T12:00:00Z,4,22°C,0x5e9cdf0acfadf1d761629c3e824f608b4c8abda66747f716816cd21a6ef44b02,21885399021320574560651114684216824442350810668622956886293663194490254187234,YES,optimistic,60,900,2026-06-09 02:29:59.470000+00:00,2026-06-09 02:30:37.092000+00:00,buy_bid,4,0.009,,,37.622
highest-temperature-in-shanghai-on-june-9-2026,Highest temperature in Shanghai on June 9?,2026-06-07T04:34:03Z,2026-06-09T12:00:00Z,4,22°C,0x5e9cdf0acfadf1d761629c3e824f608b4c8abda66747f716816cd21a6ef44b02,21885399021320574560651114684216824442350810668622956886293663194490254187234,YES,optimistic,60,900,2026-06-09 02:30:59.724000+00:00,2026-06-09 02:31:43.781000+00:00,buy_bid,4,0.002,,,44.057
highest-temperature-in-shanghai-on-june-9-2026,Highest temperature in Shanghai on June 9?,2026-06-07T04:34:03Z,2026-06-09T12:00:00Z,4,22°C,0x5e9cdf0acfadf1d761629c3e824f608b4c8abda66747f716816cd21a6ef44b02,21885399021320574560651114684216824442350810668622956886293663194490254187234,YES,optimistic,60,900,2026-06-09 02:31:45.490000+00:00,2026-06-09 02:32:11.213000+00:00,buy_bid,5,0.001,,,25.723
highest-temperature-in-shanghai-on-june-9-2026,Highest temperature in Shanghai on June 9?,2026-06-07T04:34:03Z,2026-06-09T12:00:00Z,4,22°C,0x5e9cdf0acfadf1d761629c3e824f608b4c8abda66747f716816cd21a6ef44b02,21885399021320574560651114684216824442350810668622956886293663194490254187234,YES,optimistic,60,900,2026-06-09 02:35:59.678000+00:00,2026-06-09 02:36:04.333000+00:00,buy_bid,3,0.001,,,4.655
highest-temperature-in-shanghai-on-june-9-2026,Highest temperature in Shanghai on June 9?,2026-06-07T04:34:03Z,2026-06-09T12:00:00Z,4,22°C,0x5e9cdf0acfadf1d761629c3e824f608b4c8abda66747f716816cd21a6ef44b02,21885399021320574560651114684216824442350810668622956886293663194490254187234,YES,optimistic,60,900,2026-06-09 02:37:59.454000+00:00,2026-06-09 02:38:08.262000+00:00,buy_bid,3,0.001,,,8.808
highest-temperature-in-shanghai-on-june-9-2026,Highest temperature in Shanghai on June 9?,2026-06-07T04:34:03Z,2026-06-09T12:00:00Z,4,22°C,0x5e9cdf0acfadf1d761629c3e824f608b4c8abda66747f716816cd21a6ef44b02,21885399021320574560651114684216824442350810668622956886293663194490254187234,YES,optimistic,60,900,2026-06-09 02:39:59.463000+00:00,2026-06-09 02:40:05.746000+00:00,buy_bid,2,0.001,,,6.283
highest-temperature-in-shanghai-on-june-9-2026,Highest temperature in Shanghai on June 9?,2026-06-07T04:34:03Z,2026-06-09T12:00:00Z,4,22°C,0x5e9cdf0acfadf1d761629c3e824f608b4c8abda66747f716816cd21a6ef44b02,21885399021320574560651114684216824442350810668622956886293663194490254187234,YES,optimistic,300,60,2026-06-07 23:57:59.745000+00:00,2026-06-08 00:02:16.907000+00:00,buy_bid,2,0.032,0.036,0.004,257.162
highest-temperature-in-shanghai-on-june-9-2026,Highest temperature in Shanghai on June 9?,2026-06-07T04:34:03Z,2026-06-09T12:00:00Z,4,22°C,0x5e9cdf0acfadf1d761629c3e824f608b4c8abda66747f716816cd21a6ef44b02,21885399021320574560651114684216824442350810668622956886293663194490254187234,YES,optimistic,300,60,2026-06-07 23:58:45.778000+00:00,2026-06-08 00:02:16.907000+00:00,buy_bid,2,0.032,0.036,0.004,211.129
highest-temperature-in-shanghai-on-june-9-2026,Highest temperature in Shanghai on June 9?,2026-06-07T04:34:03Z,2026-06-09T12:00:00Z,4,22°C,0x5e9cdf0acfadf1d761629c3e824f608b4c8abda66747f716816cd21a6ef44b02,21885399021320574560651114684216824442350810668622956886293663194490254187234,YES,optimistic,300,60,2026-06-07 23:59:55.237000+00:00,2026-06-08 00:02:16.907000+00:00,buy_bid,2,0.032,0.036,0.004,141.67
highest-temperature-in-shanghai-on-june-9-2026,Highest temperature in Shanghai on June 9?,2026-06-07T04:34:03Z,2026-06-09T12:00:00Z,4,22°C,0x5e9cdf0acfadf1d761629c3e824f608b4c8abda66747f716816cd21a6ef44b02,21885399021320574560651114684216824442350810668622956886293663194490254187234,YES,optimistic,300,60,2026-06-08 00:00:41.765000+00:00,2026-06-08 00:02:16.907000+00:00,buy_bid,3,0.032,0.036,0.004,95.142
highest-temperature-in-shanghai-on-june-9-2026,Highest temperature in Shanghai on June 9?,2026-06-07T04:34:03Z,2026-06-09T12:00:00Z,4,22°C,0x5e9cdf0acfadf1d761629c3e824f608b4c8abda66747f716816cd21a6ef44b02,21885399021320574560651114684216824442350810668622956886293663194490254187234,YES,optimistic,300,60,2026-06-08 00:01:57.963000+00:00,2026-06-08 00:02:16.907000+00:00,buy_bid,3,0.032,0.036,0.004,18.944
highest-temperature-in-shanghai-on-june-9-2026,Highest temperature in Shanghai on June 9?,2026-06-07T04:34:03Z,2026-06-09T12:00:00Z,4,22°C,0x5e9cdf0acfadf1d761629c3e824f608b4c8abda66747f716816cd21a6ef44b02,21885399021320574560651114684216824442350810668622956886293663194490254187234,YES,optimistic,300,60,2026-06-08 00:02:58.440000+00:00,2026-06-08 00:06:11.490000+00:00,buy_bid,3,0.022,0.035,0.013,193.05
highest-temperature-in-shanghai-on-june-9-2026,Highest temperature in Shanghai on June 9?,2026-06-07T04:34:03Z,2026-06-09T12:00:00Z,4,22°C,0x5e9cdf0acfadf1d761629c3e824f608b4c8abda66747f716816cd21a6ef44b02,21885399021320574560651114684216824442350810668622956886293663194490254187234,YES,optimistic,300,60,2026-06-08 00:03:58.689000+00:00,2026-06-08 00:06:11.490000+00:00,buy_bid,3,0.022,0.035,0.013,132.801
highest-temperature-in-shanghai-on-june-9-2026,Highest temperature in Shanghai on June 9?,2026-06-07T04:34:03Z,2026-06-09T12:00:00Z,4,22°C,0x5e9cdf0acfadf1d761629c3e824f608b4c8abda66747f716816cd21a6ef44b02,21885399021320574560651114684216824442350810668622956886293663194490254187234,YES,optimistic,300,60,2026-06-08 00:04:58.399000+00:00,2026-06-08 00:06:11.490000+00:00,buy_bid,3,0.022,0.035,0.013,73.091
highest-temperature-in-shanghai-on-june-9-2026,Highest temperature in Shanghai on June 9?,2026-06-07T04:34:03Z,2026-06-09T12:00:00Z,4,22°C,0x5e9cdf0acfadf1d761629c3e824f608b4c8abda66747f716816cd21a6ef44b02,21885399021320574560651114684216824442350810668622956886293663194490254187234,YES,optimistic,300,60,2026-06-08 00:05:58.917000+00:00,2026-06-08 00:06:11.490000+00:00,buy_bid,5,0.021,0.035,0.014,12.573
highest-temperature-in-shanghai-on-june-9-2026,Highest temperature in Shanghai on June 9?,2026-06-07T04:34:03Z,2026-06-09T12:00:00Z,4,22°C,0x5e9cdf0acfadf1d761629c3e824f608b4c8abda66747f716816cd21a6ef44b02,21885399021320574560651114684216824442350810668622956886293663194490254187234,YES,optimistic,300,60,2026-06-08 14:41:54.832000+00:00,2026-06-08 14:46:36.034000+00:00,buy_bid,1,0.021,0.025,0.004,281.202
highest-temperature-in-shanghai-on-june-9-2026,Highest temperature in Shanghai on June 9?,2026-06-07T04:34:03Z,2026-06-09T12:00:00Z,4,22°C,0x5e9cdf0acfadf1d761629c3e824f608b4c8abda66747f716816cd21a6ef44b02,21885399021320574560651114684216824442350810668622956886293663194490254187234,YES,optimistic,300,60,2026-06-08 14:42:59.895000+00:00,2026-06-08 14:46:36.034000+00:00,buy_bid,1,0.021,0.025,0.004,216.139
highest-temperature-in-shanghai-on-june-9-2026,Highest temperature in Shanghai on June 9?,2026-06-07T04:34:03Z,2026-06-09T12:00:00Z,4,22°C,0x5e9cdf0acfadf1d761629c3e824f608b4c8abda66747f716816cd21a6ef44b02,21885399021320574560651114684216824442350810668622956886293663194490254187234,YES,optimistic,300,60,2026-06-08 14:43:57.872000+00:00,2026-06-08 14:46:36.034000+00:00,buy_bid,1,0.021,0.025,0.004,158.162
highest-temperature-in-shanghai-on-june-9-2026,Highest temperature in Shanghai on June 9?,2026-06-07T04:34:03Z,2026-06-09T12:00:00Z,4,22°C,0x5e9cdf0acfadf1d761629c3e824f608b4c8abda66747f716816cd21a6ef44b02,21885399021320574560651114684216824442350810668622956886293663194490254187234,YES,optimistic,300,60,2026-06-08 14:44:52.756000+00:00,2026-06-08 14:46:36.034000+00:00,buy_bid,1,0.021,0.025,0.004,103.278
highest-temperature-in-shanghai-on-june-9-2026,Highest temperature in Shanghai on June 9?,2026-06-07T04:34:03Z,2026-06-09T12:00:00Z,4,22°C,0x5e9cdf0acfadf1d761629c3e824f608b4c8abda66747f716816cd21a6ef44b02,21885399021320574560651114684216824442350810668622956886293663194490254187234,YES,optimistic,300,60,2026-06-08 14:45:53.276000+00:00,2026-06-08 14:46:36.034000+00:00,buy_bid,1,0.021,0.025,0.004,42.758
highest-temperature-in-shanghai-on-june-9-2026,Highest temperature in Shanghai on June 9?,2026-06-07T04:34:03Z,2026-06-09T12:00:00Z,4,22°C,0x5e9cdf0acfadf1d761629c3e824f608b4c8abda66747f716816cd21a6ef44b02,21885399021320574560651114684216824442350810668622956886293663194490254187234,YES,optimistic,300,60,2026-06-08 15:31:55.373000+00:00,2026-06-08 15:36:20.911000+00:00,buy_bid,2,0.015,0.0155,0.0005,265.538
highest-temperature-in-shanghai-on-june-9-2026,Highest temperature in Shanghai on June 9?,2026-06-07T04:34:03Z,2026-06-09T12:00:00Z,4,22°C,0x5e9cdf0acfadf1d761629c3e824f608b4c8abda66747f716816cd21a6ef44b02,21885399021320574560651114684216824442350810668622956886293663194490254187234,YES,optimistic,300,60,2026-06-08 15:32:59.781000+00:00,2026-06-08 15:36:20.911000+00:00,buy_bid,2,0.015,0.0155,0.0005,201.13
highest-temperature-in-shanghai-on-june-9-2026,Highest temperature in Shanghai on June 9?,2026-06-07T04:34:03Z,2026-06-09T12:00:00Z,4,22°C,0x5e9cdf0acfadf1d761629c3e824f608b4c8abda66747f716816cd21a6ef44b02,21885399021320574560651114684216824442350810668622956886293663194490254187234,YES,optimistic,300,60,2026-06-08 15:33:58.938000+00:00,2026-06-08 15:36:20.911000+00:00,buy_bid,2,0.015,0.0155,0.0005,141.973
highest-temperature-in-shanghai-on-june-9-2026,Highest temperature in Shanghai on June 9?,2026-06-07T04:34:03Z,2026-06-09T12:00:00Z,4,22°C,0x5e9cdf0acfadf1d761629c3e824f608b4c8abda66747f716816cd21a6ef44b02,21885399021320574560651114684216824442350810668622956886293663194490254187234,YES,optimistic,300,60,2026-06-08 15:34:59.937000+00:00,2026-06-08 15:36:20.911000+00:00,buy_bid,2,0.015,0.0155,0.0005,80.974
highest-temperature-in-shanghai-on-june-9-2026,Highest temperature in Shanghai on June 9?,2026-06-07T04:34:03Z,2026-06-09T12:00:00Z,4,22°C,0x5e9cdf0acfadf1d761629c3e824f608b4c8abda66747f716816cd21a6ef44b02,21885399021320574560651114684216824442350810668622956886293663194490254187234,YES,optimistic,300,60,2026-06-08 15:35:49.329000+00:00,2026-06-08 15:36:20.911000+00:00,buy_bid,2,0.015,0.0155,0.0005,31.582
highest-temperature-in-shanghai-on-june-9-2026,Highest temperature in Shanghai on June 9?,2026-06-07T04:34:03Z,2026-06-09T12:00:00Z,4,22°C,0x5e9cdf0acfadf1d761629c3e824f608b4c8abda66747f716816cd21a6ef44b02,21885399021320574560651114684216824442350810668622956886293663194490254187234,YES,optimistic,300,60,2026-06-08 18:56:55.551000+00:00,2026-06-08 19:01:52.044000+00:00,buy_bid,2,0.005,0.0085,0.0035,296.493
highest-temperature-in-shanghai-on-june-9-2026,Highest temperature in Shanghai on June 9?,2026-06-07T04:34:03Z,2026-06-09T12:00:00Z,4,22°C,0x5e9cdf0acfadf1d761629c3e824f608b4c8abda66747f716816cd21a6ef44b02,21885399021320574560651114684216824442350810668622956886293663194490254187234,YES,optimistic,300,60,2026-06-08 18:57:56.915000+00:00,2026-06-08 19:01:52.044000+00:00,buy_bid,2,0.005,0.0085,0.0035,235.129
highest-temperature-in-shanghai-on-june-9-2026,Highest temperature in Shanghai on June 9?,2026-06-07T04:34:03Z,2026-06-09T12:00:00Z,4,22°C,0x5e9cdf0acfadf1d761629c3e824f608b4c8abda66747f716816cd21a6ef44b02,21885399021320574560651114684216824442350810668622956886293663194490254187234,YES,optimistic,300,60,2026-06-08 18:58:44.850000+00:00,2026-06-08 19:01:52.044000+00:00,buy_bid,2,0.005,0.0085,0.0035,187.194
highest-temperature-in-shanghai-on-june-9-2026,Highest temperature in Shanghai on June 9?,2026-06-07T04:34:03Z,2026-06-09T12:00:00Z,4,22°C,0x5e9cdf0acfadf1d761629c3e824f608b4c8abda66747f716816cd21a6ef44b02,21885399021320574560651114684216824442350810668622956886293663194490254187234,YES,optimistic,300,60,2026-06-08 18:59:59.280000+00:00,2026-06-08 19:01:52.044000+00:00,buy_bid,2,0.005,0.0085,0.0035,112.764
highest-temperature-in-shanghai-on-june-9-2026,Highest temperature in Shanghai on June 9?,2026-06-07T04:34:03Z,2026-06-09T12:00:00Z,4,22°C,0x5e9cdf0acfadf1d761629c3e824f608b4c8abda66747f716816cd21a6ef44b02,21885399021320574560651114684216824442350810668622956886293663194490254187234,YES,optimistic,300,60,2026-06-08 19:00:59.762000+00:00,2026-06-08 19:01:52.044000+00:00,buy_bid,2,0.005,0.0085,0.0035,52.282
highest-temperature-in-shanghai-on-june-9-2026,Highest temperature in Shanghai on June 9?,2026-06-07T04:34:03Z,2026-06-09T12:00:00Z,4,22°C,0x5e9cdf0acfadf1d761629c3e824f608b4c8abda66747f716816cd21a6ef44b02,21885399021320574560651114684216824442350810668622956886293663194490254187234,YES,optimistic,300,60,2026-06-08 19:31:59.913000+00:00,2026-06-08 19:36:47.921000+00:00,buy_bid,2,0.005,0.0065,0.0014999999999999,288.008
highest-temperature-in-shanghai-on-june-9-2026,Highest temperature in Shanghai on June 9?,2026-06-07T04:34:03Z,2026-06-09T12:00:00Z,4,22°C,0x5e9cdf0acfadf1d761629c3e824f608b4c8abda66747f716816cd21a6ef44b02,21885399021320574560651114684216824442350810668622956886293663194490254187234,YES,optimistic,300,300,2026-06-07 23:57:59.745000+00:00,2026-06-08 00:02:16.907000+00:00,buy_bid,2,0.032,0.035,0.003,257.162
highest-temperature-in-shanghai-on-june-9-2026,Highest temperature in Shanghai on June 9?,2026-06-07T04:34:03Z,2026-06-09T12:00:00Z,4,22°C,0x5e9cdf0acfadf1d761629c3e824f608b4c8abda66747f716816cd21a6ef44b02,21885399021320574560651114684216824442350810668622956886293663194490254187234,YES,optimistic,300,300,2026-06-07 23:58:45.778000+00:00,2026-06-08 00:02:16.907000+00:00,buy_bid,2,0.032,0.035,0.003,211.129
highest-temperature-in-shanghai-on-june-9-2026,Highest temperature in Shanghai on June 9?,2026-06-07T04:34:03Z,2026-06-09T12:00:00Z,4,22°C,0x5e9cdf0acfadf1d761629c3e824f608b4c8abda66747f716816cd21a6ef44b02,21885399021320574560651114684216824442350810668622956886293663194490254187234,YES,optimistic,300,300,2026-06-07 23:59:55.237000+00:00,2026-06-08 00:02:16.907000+00:00,buy_bid,2,0.032,0.035,0.003,141.67
highest-temperature-in-shanghai-on-june-9-2026,Highest temperature in Shanghai on June 9?,2026-06-07T04:34:03Z,2026-06-09T12:00:00Z,4,22°C,0x5e9cdf0acfadf1d761629c3e824f608b4c8abda66747f716816cd21a6ef44b02,21885399021320574560651114684216824442350810668622956886293663194490254187234,YES,optimistic,300,300,2026-06-08 00:00:41.765000+00:00,2026-06-08 00:02:16.907000+00:00,buy_bid,3,0.032,0.035,0.003,95.142
highest-temperature-in-shanghai-on-june-9-2026,Highest temperature in Shanghai on June 9?,2026-06-07T04:34:03Z,2026-06-09T12:00:00Z,4,22°C,0x5e9cdf0acfadf1d761629c3e824f608b4c8abda66747f716816cd21a6ef44b02,21885399021320574560651114684216824442350810668622956886293663194490254187234,YES,optimistic,300,300,2026-06-08 00:01:57.963000+00:00,2026-06-08 00:02:16.907000+00:00,buy_bid,3,0.032,0.035,0.003,18.944
highest-temperature-in-shanghai-on-june-9-2026,Highest temperature in Shanghai on June 9?,2026-06-07T04:34:03Z,2026-06-09T12:00:00Z,4,22°C,0x5e9cdf0acfadf1d761629c3e824f608b4c8abda66747f716816cd21a6ef44b02,21885399021320574560651114684216824442350810668622956886293663194490254187234,YES,optimistic,300,300,2026-06-08 00:02:58.440000+00:00,2026-06-08 00:06:11.490000+00:00,buy_bid,3,0.022,0.0355,0.0135,193.05
highest-temperature-in-shanghai-on-june-9-2026,Highest temperature in Shanghai on June 9?,2026-06-07T04:34:03Z,2026-06-09T12:00:00Z,4,22°C,0x5e9cdf0acfadf1d761629c3e824f608b4c8abda66747f716816cd21a6ef44b02,21885399021320574560651114684216824442350810668622956886293663194490254187234,YES,optimistic,300,300,2026-06-08 00:03:58.689000+00:00,2026-06-08 00:06:11.490000+00:00,buy_bid,3,0.022,0.0355,0.0135,132.801
highest-temperature-in-shanghai-on-june-9-2026,Highest temperature in Shanghai on June 9?,2026-06-07T04:34:03Z,2026-06-09T12:00:00Z,4,22°C,0x5e9cdf0acfadf1d761629c3e824f608b4c8abda66747f716816cd21a6ef44b02,21885399021320574560651114684216824442350810668622956886293663194490254187234,YES,optimistic,300,300,2026-06-08 00:04:58.399000+00:00,2026-06-08 00:06:11.490000+00:00,buy_bid,3,0.022,0.0355,0.0135,73.091
highest-temperature-in-shanghai-on-june-9-2026,Highest temperature in Shanghai on June 9?,2026-06-07T04:34:03Z,2026-06-09T12:00:00Z,4,22°C,0x5e9cdf0acfadf1d761629c3e824f608b4c8abda66747f716816cd21a6ef44b02,21885399021320574560651114684216824442350810668622956886293663194490254187234,YES,optimistic,300,300,2026-06-08 00:05:58.917000+00:00,2026-06-08 00:06:11.490000+00:00,buy_bid,5,0.021,0.0355,0.0145,12.573
highest-temperature-in-shanghai-on-june-9-2026,Highest temperature in Shanghai on June 9?,2026-06-07T04:34:03Z,2026-06-09T12:00:00Z,4,22°C,0x5e9cdf0acfadf1d761629c3e824f608b4c8abda66747f716816cd21a6ef44b02,21885399021320574560651114684216824442350810668622956886293663194490254187234,YES,optimistic,300,300,2026-06-08 14:41:54.832000+00:00,2026-06-08 14:46:36.034000+00:00,buy_bid,1,0.021,0.025,0.004,281.202
highest-temperature-in-shanghai-on-june-9-2026,Highest temperature in Shanghai on June 9?,2026-06-07T04:34:03Z,2026-06-09T12:00:00Z,4,22°C,0x5e9cdf0acfadf1d761629c3e824f608b4c8abda66747f716816cd21a6ef44b02,21885399021320574560651114684216824442350810668622956886293663194490254187234,YES,optimistic,300,300,2026-06-08 14:42:59.895000+00:00,2026-06-08 14:46:36.034000+00:00,buy_bid,1,0.021,0.025,0.004,216.139
highest-temperature-in-shanghai-on-june-9-2026,Highest temperature in Shanghai on June 9?,2026-06-07T04:34:03Z,2026-06-09T12:00:00Z,4,22°C,0x5e9cdf0acfadf1d761629c3e824f608b4c8abda66747f716816cd21a6ef44b02,21885399021320574560651114684216824442350810668622956886293663194490254187234,YES,optimistic,300,300,2026-06-08 14:43:57.872000+00:00,2026-06-08 14:46:36.034000+00:00,buy_bid,1,0.021,0.025,0.004,158.162
highest-temperature-in-shanghai-on-june-9-2026,Highest temperature in Shanghai on June 9?,2026-06-07T04:34:03Z,2026-06-09T12:00:00Z,4,22°C,0x5e9cdf0acfadf1d761629c3e824f608b4c8abda66747f716816cd21a6ef44b02,21885399021320574560651114684216824442350810668622956886293663194490254187234,YES,optimistic,300,300,2026-06-08 14:44:52.756000+00:00,2026-06-08 14:46:36.034000+00:00,buy_bid,1,0.021,0.025,0.004,103.278
highest-temperature-in-shanghai-on-june-9-2026,Highest temperature in Shanghai on June 9?,2026-06-07T04:34:03Z,2026-06-09T12:00:00Z,4,22°C,0x5e9cdf0acfadf1d761629c3e824f608b4c8abda66747f716816cd21a6ef44b02,21885399021320574560651114684216824442350810668622956886293663194490254187234,YES,optimistic,300,300,2026-06-08 14:45:53.276000+00:00,2026-06-08 14:46:36.034000+00:00,buy_bid,1,0.021,0.025,0.004,42.758
highest-temperature-in-shanghai-on-june-9-2026,Highest temperature in Shanghai on June 9?,2026-06-07T04:34:03Z,2026-06-09T12:00:00Z,4,22°C,0x5e9cdf0acfadf1d761629c3e824f608b4c8abda66747f716816cd21a6ef44b02,21885399021320574560651114684216824442350810668622956886293663194490254187234,YES,optimistic,300,300,2026-06-08 15:31:55.373000+00:00,2026-06-08 15:36:20.911000+00:00,buy_bid,2,0.015,0.0165,0.0015,265.538
highest-temperature-in-shanghai-on-june-9-2026,Highest temperature in Shanghai on June 9?,2026-06-07T04:34:03Z,2026-06-09T12:00:00Z,4,22°C,0x5e9cdf0acfadf1d761629c3e824f608b4c8abda66747f716816cd21a6ef44b02,21885399021320574560651114684216824442350810668622956886293663194490254187234,YES,optimistic,300,300,2026-06-08 15:32:59.781000+00:00,2026-06-08 15:36:20.911000+00:00,buy_bid,2,0.015,0.0165,0.0015,201.13
highest-temperature-in-shanghai-on-june-9-2026,Highest temperature in Shanghai on June 9?,2026-06-07T04:34:03Z,2026-06-09T12:00:00Z,4,22°C,0x5e9cdf0acfadf1d761629c3e824f608b4c8abda66747f716816cd21a6ef44b02,21885399021320574560651114684216824442350810668622956886293663194490254187234,YES,optimistic,300,300,2026-06-08 15:33:58.938000+00:00,2026-06-08 15:36:20.911000+00:00,buy_bid,2,0.015,0.0165,0.0015,141.973
highest-temperature-in-shanghai-on-june-9-2026,Highest temperature in Shanghai on June 9?,2026-06-07T04:34:03Z,2026-06-09T12:00:00Z,4,22°C,0x5e9cdf0acfadf1d761629c3e824f608b4c8abda66747f716816cd21a6ef44b02,21885399021320574560651114684216824442350810668622956886293663194490254187234,YES,optimistic,300,300,2026-06-08 15:34:59.937000+00:00,2026-06-08 15:36:20.911000+00:00,buy_bid,2,0.015,0.0165,0.0015,80.974
highest-temperature-in-shanghai-on-june-9-2026,Highest temperature in Shanghai on June 9?,2026-06-07T04:34:03Z,2026-06-09T12:00:00Z,4,22°C,0x5e9cdf0acfadf1d761629c3e824f608b4c8abda66747f716816cd21a6ef44b02,21885399021320574560651114684216824442350810668622956886293663194490254187234,YES,optimistic,300,300,2026-06-08 15:35:49.329000+00:00,2026-06-08 15:36:20.911000+00:00,buy_bid,2,0.015,0.0165,0.0015,31.582
highest-temperature-in-shanghai-on-june-9-2026,Highest temperature in Shanghai on June 9?,2026-06-07T04:34:03Z,2026-06-09T12:00:00Z,4,22°C,0x5e9cdf0acfadf1d761629c3e824f608b4c8abda66747f716816cd21a6ef44b02,21885399021320574560651114684216824442350810668622956886293663194490254187234,YES,optimistic,300,300,2026-06-08 18:56:55.551000+00:00,2026-06-08 19:01:52.044000+00:00,buy_bid,2,0.005,0.0085,0.0035,296.493
highest-temperature-in-shanghai-on-june-9-2026,Highest temperature in Shanghai on June 9?,2026-06-07T04:34:03Z,2026-06-09T12:00:00Z,4,22°C,0x5e9cdf0acfadf1d761629c3e824f608b4c8abda66747f716816cd21a6ef44b02,21885399021320574560651114684216824442350810668622956886293663194490254187234,YES,optimistic,300,300,2026-06-08 18:57:56.915000+00:00,2026-06-08 19:01:52.044000+00:00,buy_bid,2,0.005,0.0085,0.0035,235.129
highest-temperature-in-shanghai-on-june-9-2026,Highest temperature in Shanghai on June 9?,2026-06-07T04:34:03Z,2026-06-09T12:00:00Z,4,22°C,0x5e9cdf0acfadf1d761629c3e824f608b4c8abda66747f716816cd21a6ef44b02,21885399021320574560651114684216824442350810668622956886293663194490254187234,YES,optimistic,300,300,2026-06-08 18:58:44.850000+00:00,2026-06-08 19:01:52.044000+00:00,buy_bid,2,0.005,0.0085,0.0035,187.194
highest-temperature-in-shanghai-on-june-9-2026,Highest temperature in Shanghai on June 9?,2026-06-07T04:34:03Z,2026-06-09T12:00:00Z,4,22°C,0x5e9cdf0acfadf1d761629c3e824f608b4c8abda66747f716816cd21a6ef44b02,21885399021320574560651114684216824442350810668622956886293663194490254187234,YES,optimistic,300,300,2026-06-08 18:59:59.280000+00:00,2026-06-08 19:01:52.044000+00:00,buy_bid,2,0.005,0.0085,0.0035,112.764
highest-temperature-in-shanghai-on-june-9-2026,Highest temperature in Shanghai on June 9?,2026-06-07T04:34:03Z,2026-06-09T12:00:00Z,4,22°C,0x5e9cdf0acfadf1d761629c3e824f608b4c8abda66747f716816cd21a6ef44b02,21885399021320574560651114684216824442350810668622956886293663194490254187234,YES,optimistic,300,300,2026-06-08 19:00:59.762000+00:00,2026-06-08 19:01:52.044000+00:00,buy_bid,2,0.005,0.0085,0.0035,52.282
highest-temperature-in-shanghai-on-june-9-2026,Highest temperature in Shanghai on June 9?,2026-06-07T04:34:03Z,2026-06-09T12:00:00Z,4,22°C,0x5e9cdf0acfadf1d761629c3e824f608b4c8abda66747f716816cd21a6ef44b02,21885399021320574560651114684216824442350810668622956886293663194490254187234,YES,optimistic,300,300,2026-06-08 19:31:59.913000+00:00,2026-06-08 19:36:47.921000+00:00,buy_bid,2,0.005,0.0065,0.0014999999999999,288.008
highest-temperature-in-shanghai-on-june-9-2026,Highest temperature in Shanghai on June 9?,2026-06-07T04:34:03Z,2026-06-09T12:00:00Z,4,22°C,0x5e9cdf0acfadf1d761629c3e824f608b4c8abda66747f716816cd21a6ef44b02,21885399021320574560651114684216824442350810668622956886293663194490254187234,YES,optimistic,300,900,2026-06-07 23:57:59.745000+00:00,2026-06-08 00:02:16.907000+00:00,buy_bid,2,0.032,0.0375,0.0054999999999999,257.162
highest-temperature-in-shanghai-on-june-9-2026,Highest temperature in Shanghai on June 9?,2026-06-07T04:34:03Z,2026-06-09T12:00:00Z,4,22°C,0x5e9cdf0acfadf1d761629c3e824f608b4c8abda66747f716816cd21a6ef44b02,21885399021320574560651114684216824442350810668622956886293663194490254187234,YES,optimistic,300,900,2026-06-07 23:58:45.778000+00:00,2026-06-08 00:02:16.907000+00:00,buy_bid,2,0.032,0.0375,0.0054999999999999,211.129
highest-temperature-in-shanghai-on-june-9-2026,Highest temperature in Shanghai on June 9?,2026-06-07T04:34:03Z,2026-06-09T12:00:00Z,4,22°C,0x5e9cdf0acfadf1d761629c3e824f608b4c8abda66747f716816cd21a6ef44b02,21885399021320574560651114684216824442350810668622956886293663194490254187234,YES,optimistic,300,900,2026-06-07 23:59:55.237000+00:00,2026-06-08 00:02:16.907000+00:00,buy_bid,2,0.032,0.0375,0.0054999999999999,141.67
highest-temperature-in-shanghai-on-june-9-2026,Highest temperature in Shanghai on June 9?,2026-06-07T04:34:03Z,2026-06-09T12:00:00Z,4,22°C,0x5e9cdf0acfadf1d761629c3e824f608b4c8abda66747f716816cd21a6ef44b02,21885399021320574560651114684216824442350810668622956886293663194490254187234,YES,optimistic,300,900,2026-06-08 00:00:41.765000+00:00,2026-06-08 00:02:16.907000+00:00,buy_bid,3,0.032,0.0375,0.0054999999999999,95.142
highest-temperature-in-shanghai-on-june-9-2026,Highest temperature in Shanghai on June 9?,2026-06-07T04:34:03Z,2026-06-09T12:00:00Z,4,22°C,0x5e9cdf0acfadf1d761629c3e824f608b4c8abda66747f716816cd21a6ef44b02,21885399021320574560651114684216824442350810668622956886293663194490254187234,YES,optimistic,300,900,2026-06-08 00:01:57.963000+00:00,2026-06-08 00:02:16.907000+00:00,buy_bid,3,0.032,0.0375,0.0054999999999999,18.944
highest-temperature-in-shanghai-on-june-9-2026,Highest temperature in Shanghai on June 9?,2026-06-07T04:34:03Z,2026-06-09T12:00:00Z,4,22°C,0x5e9cdf0acfadf1d761629c3e824f608b4c8abda66747f716816cd21a6ef44b02,21885399021320574560651114684216824442350810668622956886293663194490254187234,YES,optimistic,300,900,2026-06-08 00:02:58.440000+00:00,2026-06-08 00:06:11.490000+00:00,buy_bid,3,0.022,0.0375,0.0155,193.05
highest-temperature-in-shanghai-on-june-9-2026,Highest temperature in Shanghai on June 9?,2026-06-07T04:34:03Z,2026-06-09T12:00:00Z,4,22°C,0x5e9cdf0acfadf1d761629c3e824f608b4c8abda66747f716816cd21a6ef44b02,21885399021320574560651114684216824442350810668622956886293663194490254187234,YES,optimistic,300,900,2026-06-08 00:03:58.689000+00:00,2026-06-08 00:06:11.490000+00:00,buy_bid,3,0.022,0.0375,0.0155,132.801
highest-temperature-in-shanghai-on-june-9-2026,Highest temperature in Shanghai on June 9?,2026-06-07T04:34:03Z,2026-06-09T12:00:00Z,4,22°C,0x5e9cdf0acfadf1d761629c3e824f608b4c8abda66747f716816cd21a6ef44b02,21885399021320574560651114684216824442350810668622956886293663194490254187234,YES,optimistic,300,900,2026-06-08 00:04:58.399000+00:00,2026-06-08 00:06:11.490000+00:00,buy_bid,3,0.022,0.0375,0.0155,73.091
highest-temperature-in-shanghai-on-june-9-2026,Highest temperature in Shanghai on June 9?,2026-06-07T04:34:03Z,2026-06-09T12:00:00Z,4,22°C,0x5e9cdf0acfadf1d761629c3e824f608b4c8abda66747f716816cd21a6ef44b02,21885399021320574560651114684216824442350810668622956886293663194490254187234,YES,optimistic,300,900,2026-06-08 00:05:58.917000+00:00,2026-06-08 00:06:11.490000+00:00,buy_bid,5,0.021,0.0375,0.0164999999999999,12.573
highest-temperature-in-shanghai-on-june-9-2026,Highest temperature in Shanghai on June 9?,2026-06-07T04:34:03Z,2026-06-09T12:00:00Z,4,22°C,0x5e9cdf0acfadf1d761629c3e824f608b4c8abda66747f716816cd21a6ef44b02,21885399021320574560651114684216824442350810668622956886293663194490254187234,YES,optimistic,300,900,2026-06-08 14:41:54.832000+00:00,2026-06-08 14:46:36.034000+00:00,buy_bid,1,0.021,0.025,0.004,281.202
highest-temperature-in-shanghai-on-june-9-2026,Highest temperature in Shanghai on June 9?,2026-06-07T04:34:03Z,2026-06-09T12:00:00Z,4,22°C,0x5e9cdf0acfadf1d761629c3e824f608b4c8abda66747f716816cd21a6ef44b02,21885399021320574560651114684216824442350810668622956886293663194490254187234,YES,optimistic,300,900,2026-06-08 14:42:59.895000+00:00,2026-06-08 14:46:36.034000+00:00,buy_bid,1,0.021,0.025,0.004,216.139
highest-temperature-in-shanghai-on-june-9-2026,Highest temperature in Shanghai on June 9?,2026-06-07T04:34:03Z,2026-06-09T12:00:00Z,4,22°C,0x5e9cdf0acfadf1d761629c3e824f608b4c8abda66747f716816cd21a6ef44b02,21885399021320574560651114684216824442350810668622956886293663194490254187234,YES,optimistic,300,900,2026-06-08 14:43:57.872000+00:00,2026-06-08 14:46:36.034000+00:00,buy_bid,1,0.021,0.025,0.004,158.162
highest-temperature-in-shanghai-on-june-9-2026,Highest temperature in Shanghai on June 9?,2026-06-07T04:34:03Z,2026-06-09T12:00:00Z,4,22°C,0x5e9cdf0acfadf1d761629c3e824f608b4c8abda66747f716816cd21a6ef44b02,21885399021320574560651114684216824442350810668622956886293663194490254187234,YES,optimistic,300,900,2026-06-08 14:44:52.756000+00:00,2026-06-08 14:46:36.034000+00:00,buy_bid,1,0.021,0.025,0.004,103.278
highest-temperature-in-shanghai-on-june-9-2026,Highest temperature in Shanghai on June 9?,2026-06-07T04:34:03Z,2026-06-09T12:00:00Z,4,22°C,0x5e9cdf0acfadf1d761629c3e824f608b4c8abda66747f716816cd21a6ef44b02,21885399021320574560651114684216824442350810668622956886293663194490254187234,YES,optimistic,300,900,2026-06-08 14:45:53.276000+00:00,2026-06-08 14:46:36.034000+00:00,buy_bid,1,0.021,0.025,0.004,42.758
highest-temperature-in-shanghai-on-june-9-2026,Highest temperature in Shanghai on June 9?,2026-06-07T04:34:03Z,2026-06-09T12:00:00Z,4,22°C,0x5e9cdf0acfadf1d761629c3e824f608b4c8abda66747f716816cd21a6ef44b02,21885399021320574560651114684216824442350810668622956886293663194490254187234,YES,optimistic,300,900,2026-06-08 15:31:55.373000+00:00,2026-06-08 15:36:20.911000+00:00,buy_bid,2,0.015,0.022,0.0069999999999999,265.538
highest-temperature-in-shanghai-on-june-9-2026,Highest temperature in Shanghai on June 9?,2026-06-07T04:34:03Z,2026-06-09T12:00:00Z,4,22°C,0x5e9cdf0acfadf1d761629c3e824f608b4c8abda66747f716816cd21a6ef44b02,21885399021320574560651114684216824442350810668622956886293663194490254187234,YES,optimistic,300,900,2026-06-08 15:32:59.781000+00:00,2026-06-08 15:36:20.911000+00:00,buy_bid,2,0.015,0.022,0.0069999999999999,201.13
highest-temperature-in-shanghai-on-june-9-2026,Highest temperature in Shanghai on June 9?,2026-06-07T04:34:03Z,2026-06-09T12:00:00Z,4,22°C,0x5e9cdf0acfadf1d761629c3e824f608b4c8abda66747f716816cd21a6ef44b02,21885399021320574560651114684216824442350810668622956886293663194490254187234,YES,optimistic,300,900,2026-06-08 15:33:58.938000+00:00,2026-06-08 15:36:20.911000+00:00,buy_bid,2,0.015,0.022,0.0069999999999999,141.973
highest-temperature-in-shanghai-on-june-9-2026,Highest temperature in Shanghai on June 9?,2026-06-07T04:34:03Z,2026-06-09T12:00:00Z,4,22°C,0x5e9cdf0acfadf1d761629c3e824f608b4c8abda66747f716816cd21a6ef44b02,21885399021320574560651114684216824442350810668622956886293663194490254187234,YES,optimistic,300,900,2026-06-08 15:34:59.937000+00:00,2026-06-08 15:36:20.911000+00:00,buy_bid,2,0.015,0.022,0.0069999999999999,80.974
highest-temperature-in-shanghai-on-june-9-2026,Highest temperature in Shanghai on June 9?,2026-06-07T04:34:03Z,2026-06-09T12:00:00Z,4,22°C,0x5e9cdf0acfadf1d761629c3e824f608b4c8abda66747f716816cd21a6ef44b02,21885399021320574560651114684216824442350810668622956886293663194490254187234,YES,optimistic,300,900,2026-06-08 15:35:49.329000+00:00,2026-06-08 15:36:20.911000+00:00,buy_bid,2,0.015,0.022,0.0069999999999999,31.582
highest-temperature-in-shanghai-on-june-9-2026,Highest temperature in Shanghai on June 9?,2026-06-07T04:34:03Z,2026-06-09T12:00:00Z,4,22°C,0x5e9cdf0acfadf1d761629c3e824f608b4c8abda66747f716816cd21a6ef44b02,21885399021320574560651114684216824442350810668622956886293663194490254187234,YES,optimistic,300,900,2026-06-08 18:56:55.551000+00:00,2026-06-08 19:01:52.044000+00:00,buy_bid,2,0.005,0.0085,0.0035,296.493
highest-temperature-in-shanghai-on-june-9-2026,Highest temperature in Shanghai on June 9?,2026-06-07T04:34:03Z,2026-06-09T12:00:00Z,4,22°C,0x5e9cdf0acfadf1d761629c3e824f608b4c8abda66747f716816cd21a6ef44b02,21885399021320574560651114684216824442350810668622956886293663194490254187234,YES,optimistic,300,900,2026-06-08 18:57:56.915000+00:00,2026-06-08 19:01:52.044000+00:00,buy_bid,2,0.005,0.0085,0.0035,235.129
highest-temperature-in-shanghai-on-june-9-2026,Highest temperature in Shanghai on June 9?,2026-06-07T04:34:03Z,2026-06-09T12:00:00Z,4,22°C,0x5e9cdf0acfadf1d761629c3e824f608b4c8abda66747f716816cd21a6ef44b02,21885399021320574560651114684216824442350810668622956886293663194490254187234,YES,optimistic,300,900,2026-06-08 18:58:44.850000+00:00,2026-06-08 19:01:52.044000+00:00,buy_bid,2,0.005,0.0085,0.0035,187.194
highest-temperature-in-shanghai-on-june-9-2026,Highest temperature in Shanghai on June 9?,2026-06-07T04:34:03Z,2026-06-09T12:00:00Z,4,22°C,0x5e9cdf0acfadf1d761629c3e824f608b4c8abda66747f716816cd21a6ef44b02,21885399021320574560651114684216824442350810668622956886293663194490254187234,YES,optimistic,300,900,2026-06-08 18:59:59.280000+00:00,2026-06-08 19:01:52.044000+00:00,buy_bid,2,0.005,0.0085,0.0035,112.764
highest-temperature-in-shanghai-on-june-9-2026,Highest temperature in Shanghai on June 9?,2026-06-07T04:34:03Z,2026-06-09T12:00:00Z,4,22°C,0x5e9cdf0acfadf1d761629c3e824f608b4c8abda66747f716816cd21a6ef44b02,21885399021320574560651114684216824442350810668622956886293663194490254187234,YES,optimistic,300,900,2026-06-08 19:00:59.762000+00:00,2026-06-08 19:01:52.044000+00:00,buy_bid,2,0.005,0.0085,0.0035,52.282
highest-temperature-in-shanghai-on-june-9-2026,Highest temperature in Shanghai on June 9?,2026-06-07T04:34:03Z,2026-06-09T12:00:00Z,4,22°C,0x5e9cdf0acfadf1d761629c3e824f608b4c8abda66747f716816cd21a6ef44b02,21885399021320574560651114684216824442350810668622956886293663194490254187234,YES,optimistic,300,900,2026-06-08 19:31:59.913000+00:00,2026-06-08 19:36:47.921000+00:00,buy_bid,2,0.005,0.0065,0.0014999999999999,288.008
highest-temperature-in-shanghai-on-june-9-2026,Highest temperature in Shanghai on June 9?,2026-06-07T04:34:03Z,2026-06-09T12:00:00Z,4,22°C,0x5e9cdf0acfadf1d761629c3e824f608b4c8abda66747f716816cd21a6ef44b02,21885399021320574560651114684216824442350810668622956886293663194490254187234,YES,half_queue,60,60,2026-06-08 00:01:57.963000+00:00,2026-06-08 00:02:16.907000+00:00,buy_bid,3,0.032,0.036,0.004,18.944
highest-temperature-in-shanghai-on-june-9-2026,Highest temperature in Shanghai on June 9?,2026-06-07T04:34:03Z,2026-06-09T12:00:00Z,4,22°C,0x5e9cdf0acfadf1d761629c3e824f608b4c8abda66747f716816cd21a6ef44b02,21885399021320574560651114684216824442350810668622956886293663194490254187234,YES,half_queue,60,60,2026-06-08 15:35:49.329000+00:00,2026-06-08 15:36:20.911000+00:00,buy_bid,2,0.015,0.0155,0.0005,31.582
highest-temperature-in-shanghai-on-june-9-2026,Highest temperature in Shanghai on June 9?,2026-06-07T04:34:03Z,2026-06-09T12:00:00Z,4,22°C,0x5e9cdf0acfadf1d761629c3e824f608b4c8abda66747f716816cd21a6ef44b02,21885399021320574560651114684216824442350810668622956886293663194490254187234,YES,half_queue,60,60,2026-06-08 19:35:55.445000+00:00,2026-06-08 19:36:47.921000+00:00,buy_bid,2,0.005,0.0065,0.0014999999999999,52.476
highest-temperature-in-shanghai-on-june-9-2026,Highest temperature in Shanghai on June 9?,2026-06-07T04:34:03Z,2026-06-09T12:00:00Z,4,22°C,0x5e9cdf0acfadf1d761629c3e824f608b4c8abda66747f716816cd21a6ef44b02,21885399021320574560651114684216824442350810668622956886293663194490254187234,YES,half_queue,60,60,2026-06-08 19:56:56.105000+00:00,2026-06-08 19:57:55.533000+00:00,buy_bid,3,0.002,0.0049999999999999,0.0029999999999999,59.428
highest-temperature-in-shanghai-on-june-9-2026,Highest temperature in Shanghai on June 9?,2026-06-07T04:34:03Z,2026-06-09T12:00:00Z,4,22°C,0x5e9cdf0acfadf1d761629c3e824f608b4c8abda66747f716816cd21a6ef44b02,21885399021320574560651114684216824442350810668622956886293663194490254187234,YES,half_queue,60,60,2026-06-09 01:17:52.228000+00:00,2026-06-09 01:18:17.014000+00:00,buy_bid,2,0.011,0.0144999999999999,0.0034999999999999,24.786
highest-temperature-in-shanghai-on-june-9-2026,Highest temperature in Shanghai on June 9?,2026-06-07T04:34:03Z,2026-06-09T12:00:00Z,4,22°C,0x5e9cdf0acfadf1d761629c3e824f608b4c8abda66747f716816cd21a6ef44b02,21885399021320574560651114684216824442350810668622956886293663194490254187234,YES,half_queue,60,60,2026-06-09 01:47:58.495000+00:00,2026-06-09 01:48:13.217000+00:00,buy_bid,2,0.021,0.0284999999999999,0.0074999999999999,14.722
highest-temperature-in-shanghai-on-june-9-2026,Highest temperature in Shanghai on June 9?,2026-06-07T04:34:03Z,2026-06-09T12:00:00Z,4,22°C,0x5e9cdf0acfadf1d761629c3e824f608b4c8abda66747f716816cd21a6ef44b02,21885399021320574560651114684216824442350810668622956886293663194490254187234,YES,half_queue,60,60,2026-06-09 02:23:41.988000+00:00,2026-06-09 02:24:40.407000+00:00,buy_bid,5,0.024,0.0195,-0.0045,58.419
highest-temperature-in-shanghai-on-june-9-2026,Highest temperature in Shanghai on June 9?,2026-06-07T04:34:03Z,2026-06-09T12:00:00Z,4,22°C,0x5e9cdf0acfadf1d761629c3e824f608b4c8abda66747f716816cd21a6ef44b02,21885399021320574560651114684216824442350810668622956886293663194490254187234,YES,half_queue,60,60,2026-06-09 02:25:58.790000+00:00,2026-06-09 02:26:50.427000+00:00,buy_bid,3,0.019,0.022,0.0029999999999999,51.637
highest-temperature-in-shanghai-on-june-9-2026,Highest temperature in Shanghai on June 9?,2026-06-07T04:34:03Z,2026-06-09T12:00:00Z,4,22°C,0x5e9cdf0acfadf1d761629c3e824f608b4c8abda66747f716816cd21a6ef44b02,21885399021320574560651114684216824442350810668622956886293663194490254187234,YES,half_queue,60,60,2026-06-09 02:26:50.913000+00:00,2026-06-09 02:27:02.733000+00:00,buy_bid,3,0.018,0.0225,0.0045,11.82
highest-temperature-in-shanghai-on-june-9-2026,Highest temperature in Shanghai on June 9?,2026-06-07T04:34:03Z,2026-06-09T12:00:00Z,4,22°C,0x5e9cdf0acfadf1d761629c3e824f608b4c8abda66747f716816cd21a6ef44b02,21885399021320574560651114684216824442350810668622956886293663194490254187234,YES,half_queue,60,60,2026-06-09 02:29:59.470000+00:00,2026-06-09 02:30:37.092000+00:00,buy_bid,4,0.009,0.002,-0.0069999999999999,37.622
highest-temperature-in-shanghai-on-june-9-2026,Highest temperature in Shanghai on June 9?,2026-06-07T04:34:03Z,2026-06-09T12:00:00Z,4,22°C,0x5e9cdf0acfadf1d761629c3e824f608b4c8abda66747f716816cd21a6ef44b02,21885399021320574560651114684216824442350810668622956886293663194490254187234,YES,half_queue,60,60,2026-06-09 02:30:59.724000+00:00,2026-06-09 02:31:43.781000+00:00,buy_bid,4,0.002,0.0035,0.0015,44.057
highest-temperature-in-shanghai-on-june-9-2026,Highest temperature in Shanghai on June 9?,2026-06-07T04:34:03Z,2026-06-09T12:00:00Z,4,22°C,0x5e9cdf0acfadf1d761629c3e824f608b4c8abda66747f716816cd21a6ef44b02,21885399021320574560651114684216824442350810668622956886293663194490254187234,YES,half_queue,60,60,2026-06-09 02:39:59.463000+00:00,2026-06-09 02:40:05.746000+00:00,buy_bid,2,0.001,,,6.283
highest-temperature-in-shanghai-on-june-9-2026,Highest temperature in Shanghai on June 9?,2026-06-07T04:34:03Z,2026-06-09T12:00:00Z,4,22°C,0x5e9cdf0acfadf1d761629c3e824f608b4c8abda66747f716816cd21a6ef44b02,21885399021320574560651114684216824442350810668622956886293663194490254187234,YES,half_queue,60,300,2026-06-08 00:01:57.963000+00:00,2026-06-08 00:02:16.907000+00:00,buy_bid,3,0.032,0.035,0.003,18.944
highest-temperature-in-shanghai-on-june-9-2026,Highest temperature in Shanghai on June 9?,2026-06-07T04:34:03Z,2026-06-09T12:00:00Z,4,22°C,0x5e9cdf0acfadf1d761629c3e824f608b4c8abda66747f716816cd21a6ef44b02,21885399021320574560651114684216824442350810668622956886293663194490254187234,YES,half_queue,60,300,2026-06-08 15:35:49.329000+00:00,2026-06-08 15:36:20.911000+00:00,buy_bid,2,0.015,0.0165,0.0015,31.582
highest-temperature-in-shanghai-on-june-9-2026,Highest temperature in Shanghai on June 9?,2026-06-07T04:34:03Z,2026-06-09T12:00:00Z,4,22°C,0x5e9cdf0acfadf1d761629c3e824f608b4c8abda66747f716816cd21a6ef44b02,21885399021320574560651114684216824442350810668622956886293663194490254187234,YES,half_queue,60,300,2026-06-08 19:35:55.445000+00:00,2026-06-08 19:36:47.921000+00:00,buy_bid,2,0.005,0.0065,0.0014999999999999,52.476
highest-temperature-in-shanghai-on-june-9-2026,Highest temperature in Shanghai on June 9?,2026-06-07T04:34:03Z,2026-06-09T12:00:00Z,4,22°C,0x5e9cdf0acfadf1d761629c3e824f608b4c8abda66747f716816cd21a6ef44b02,21885399021320574560651114684216824442350810668622956886293663194490254187234,YES,half_queue,60,300,2026-06-08 19:56:56.105000+00:00,2026-06-08 19:57:55.533000+00:00,buy_bid,3,0.002,0.0045,0.0025,59.428
highest-temperature-in-shanghai-on-june-9-2026,Highest temperature in Shanghai on June 9?,2026-06-07T04:34:03Z,2026-06-09T12:00:00Z,4,22°C,0x5e9cdf0acfadf1d761629c3e824f608b4c8abda66747f716816cd21a6ef44b02,21885399021320574560651114684216824442350810668622956886293663194490254187234,YES,half_queue,60,300,2026-06-09 01:17:52.228000+00:00,2026-06-09 01:18:17.014000+00:00,buy_bid,2,0.011,0.0135,0.0025,24.786
highest-temperature-in-shanghai-on-june-9-2026,Highest temperature in Shanghai on June 9?,2026-06-07T04:34:03Z,2026-06-09T12:00:00Z,4,22°C,0x5e9cdf0acfadf1d761629c3e824f608b4c8abda66747f716816cd21a6ef44b02,21885399021320574560651114684216824442350810668622956886293663194490254187234,YES,half_queue,60,300,2026-06-09 01:47:58.495000+00:00,2026-06-09 01:48:13.217000+00:00,buy_bid,2,0.021,0.0215,0.0004999999999999,14.722
highest-temperature-in-shanghai-on-june-9-2026,Highest temperature in Shanghai on June 9?,2026-06-07T04:34:03Z,2026-06-09T12:00:00Z,4,22°C,0x5e9cdf0acfadf1d761629c3e824f608b4c8abda66747f716816cd21a6ef44b02,21885399021320574560651114684216824442350810668622956886293663194490254187234,YES,half_queue,60,300,2026-06-09 02:23:41.988000+00:00,2026-06-09 02:24:40.407000+00:00,buy_bid,5,0.024,0.019,-0.005,58.419
highest-temperature-in-shanghai-on-june-9-2026,Highest temperature in Shanghai on June 9?,2026-06-07T04:34:03Z,2026-06-09T12:00:00Z,4,22°C,0x5e9cdf0acfadf1d761629c3e824f608b4c8abda66747f716816cd21a6ef44b02,21885399021320574560651114684216824442350810668622956886293663194490254187234,YES,half_queue,60,300,2026-06-09 02:25:58.790000+00:00,2026-06-09 02:26:50.427000+00:00,buy_bid,3,0.019,0.002,-0.017,51.637
highest-temperature-in-shanghai-on-june-9-2026,Highest temperature in Shanghai on June 9?,2026-06-07T04:34:03Z,2026-06-09T12:00:00Z,4,22°C,0x5e9cdf0acfadf1d761629c3e824f608b4c8abda66747f716816cd21a6ef44b02,21885399021320574560651114684216824442350810668622956886293663194490254187234,YES,half_queue,60,300,2026-06-09 02:26:50.913000+00:00,2026-06-09 02:27:02.733000+00:00,buy_bid,3,0.018,0.002,-0.016,11.82
highest-temperature-in-shanghai-on-june-9-2026,Highest temperature in Shanghai on June 9?,2026-06-07T04:34:03Z,2026-06-09T12:00:00Z,4,22°C,0x5e9cdf0acfadf1d761629c3e824f608b4c8abda66747f716816cd21a6ef44b02,21885399021320574560651114684216824442350810668622956886293663194490254187234,YES,half_queue,60,300,2026-06-09 02:29:59.470000+00:00,2026-06-09 02:30:37.092000+00:00,buy_bid,4,0.009,0.0035,-0.0055,37.622
highest-temperature-in-shanghai-on-june-9-2026,Highest temperature in Shanghai on June 9?,2026-06-07T04:34:03Z,2026-06-09T12:00:00Z,4,22°C,0x5e9cdf0acfadf1d761629c3e824f608b4c8abda66747f716816cd21a6ef44b02,21885399021320574560651114684216824442350810668622956886293663194490254187234,YES,half_queue,60,300,2026-06-09 02:30:59.724000+00:00,2026-06-09 02:31:43.781000+00:00,buy_bid,4,0.002,0.0015,-0.0005,44.057
highest-temperature-in-shanghai-on-june-9-2026,Highest temperature in Shanghai on June 9?,2026-06-07T04:34:03Z,2026-06-09T12:00:00Z,4,22°C,0x5e9cdf0acfadf1d761629c3e824f608b4c8abda66747f716816cd21a6ef44b02,21885399021320574560651114684216824442350810668622956886293663194490254187234,YES,half_queue,60,300,2026-06-09 02:39:59.463000+00:00,2026-06-09 02:40:05.746000+00:00,buy_bid,2,0.001,,,6.283
highest-temperature-in-shanghai-on-june-9-2026,Highest temperature in Shanghai on June 9?,2026-06-07T04:34:03Z,2026-06-09T12:00:00Z,4,22°C,0x5e9cdf0acfadf1d761629c3e824f608b4c8abda66747f716816cd21a6ef44b02,21885399021320574560651114684216824442350810668622956886293663194490254187234,YES,half_queue,60,900,2026-06-08 00:01:57.963000+00:00,2026-06-08 00:02:16.907000+00:00,buy_bid,3,0.032,0.0375,0.0054999999999999,18.944
highest-temperature-in-shanghai-on-june-9-2026,Highest temperature in Shanghai on June 9?,2026-06-07T04:34:03Z,2026-06-09T12:00:00Z,4,22°C,0x5e9cdf0acfadf1d761629c3e824f608b4c8abda66747f716816cd21a6ef44b02,21885399021320574560651114684216824442350810668622956886293663194490254187234,YES,half_queue,60,900,2026-06-08 15:35:49.329000+00:00,2026-06-08 15:36:20.911000+00:00,buy_bid,2,0.015,0.022,0.0069999999999999,31.582
highest-temperature-in-shanghai-on-june-9-2026,Highest temperature in Shanghai on June 9?,2026-06-07T04:34:03Z,2026-06-09T12:00:00Z,4,22°C,0x5e9cdf0acfadf1d761629c3e824f608b4c8abda66747f716816cd21a6ef44b02,21885399021320574560651114684216824442350810668622956886293663194490254187234,YES,half_queue,60,900,2026-06-08 19:35:55.445000+00:00,2026-06-08 19:36:47.921000+00:00,buy_bid,2,0.005,0.0065,0.0014999999999999,52.476
highest-temperature-in-shanghai-on-june-9-2026,Highest temperature in Shanghai on June 9?,2026-06-07T04:34:03Z,2026-06-09T12:00:00Z,4,22°C,0x5e9cdf0acfadf1d761629c3e824f608b4c8abda66747f716816cd21a6ef44b02,21885399021320574560651114684216824442350810668622956886293663194490254187234,YES,half_queue,60,900,2026-06-08 19:56:56.105000+00:00,2026-06-08 19:57:55.533000+00:00,buy_bid,3,0.002,0.003,0.001,59.428
highest-temperature-in-shanghai-on-june-9-2026,Highest temperature in Shanghai on June 9?,2026-06-07T04:34:03Z,2026-06-09T12:00:00Z,4,22°C,0x5e9cdf0acfadf1d761629c3e824f608b4c8abda66747f716816cd21a6ef44b02,21885399021320574560651114684216824442350810668622956886293663194490254187234,YES,half_queue,60,900,2026-06-09 01:17:52.228000+00:00,2026-06-09 01:18:17.014000+00:00,buy_bid,2,0.011,0.0155,0.0045,24.786
highest-temperature-in-shanghai-on-june-9-2026,Highest temperature in Shanghai on June 9?,2026-06-07T04:34:03Z,2026-06-09T12:00:00Z,4,22°C,0x5e9cdf0acfadf1d761629c3e824f608b4c8abda66747f716816cd21a6ef44b02,21885399021320574560651114684216824442350810668622956886293663194490254187234,YES,half_queue,60,900,2026-06-09 01:47:58.495000+00:00,2026-06-09 01:48:13.217000+00:00,buy_bid,2,0.021,0.0155,-0.0055,14.722
highest-temperature-in-shanghai-on-june-9-2026,Highest temperature in Shanghai on June 9?,2026-06-07T04:34:03Z,2026-06-09T12:00:00Z,4,22°C,0x5e9cdf0acfadf1d761629c3e824f608b4c8abda66747f716816cd21a6ef44b02,21885399021320574560651114684216824442350810668622956886293663194490254187234,YES,half_queue,60,900,2026-06-09 02:23:41.988000+00:00,2026-06-09 02:24:40.407000+00:00,buy_bid,5,0.024,0.0015,-0.0225,58.419
highest-temperature-in-shanghai-on-june-9-2026,Highest temperature in Shanghai on June 9?,2026-06-07T04:34:03Z,2026-06-09T12:00:00Z,4,22°C,0x5e9cdf0acfadf1d761629c3e824f608b4c8abda66747f716816cd21a6ef44b02,21885399021320574560651114684216824442350810668622956886293663194490254187234,YES,half_queue,60,900,2026-06-09 02:25:58.790000+00:00,2026-06-09 02:26:50.427000+00:00,buy_bid,3,0.019,,,51.637
highest-temperature-in-shanghai-on-june-9-2026,Highest temperature in Shanghai on June 9?,2026-06-07T04:34:03Z,2026-06-09T12:00:00Z,4,22°C,0x5e9cdf0acfadf1d761629c3e824f608b4c8abda66747f716816cd21a6ef44b02,21885399021320574560651114684216824442350810668622956886293663194490254187234,YES,half_queue,60,900,2026-06-09 02:26:50.913000+00:00,2026-06-09 02:27:02.733000+00:00,buy_bid,3,0.018,,,11.82
highest-temperature-in-shanghai-on-june-9-2026,Highest temperature in Shanghai on June 9?,2026-06-07T04:34:03Z,2026-06-09T12:00:00Z,4,22°C,0x5e9cdf0acfadf1d761629c3e824f608b4c8abda66747f716816cd21a6ef44b02,21885399021320574560651114684216824442350810668622956886293663194490254187234,YES,half_queue,60,900,2026-06-09 02:29:59.470000+00:00,2026-06-09 02:30:37.092000+00:00,buy_bid,4,0.009,,,37.622
highest-temperature-in-shanghai-on-june-9-2026,Highest temperature in Shanghai on June 9?,2026-06-07T04:34:03Z,2026-06-09T12:00:00Z,4,22°C,0x5e9cdf0acfadf1d761629c3e824f608b4c8abda66747f716816cd21a6ef44b02,21885399021320574560651114684216824442350810668622956886293663194490254187234,YES,half_queue,60,900,2026-06-09 02:30:59.724000+00:00,2026-06-09 02:31:43.781000+00:00,buy_bid,4,0.002,,,44.057
highest-temperature-in-shanghai-on-june-9-2026,Highest temperature in Shanghai on June 9?,2026-06-07T04:34:03Z,2026-06-09T12:00:00Z,4,22°C,0x5e9cdf0acfadf1d761629c3e824f608b4c8abda66747f716816cd21a6ef44b02,21885399021320574560651114684216824442350810668622956886293663194490254187234,YES,half_queue,60,900,2026-06-09 02:39:59.463000+00:00,2026-06-09 02:40:05.746000+00:00,buy_bid,2,0.001,,,6.283
highest-temperature-in-shanghai-on-june-9-2026,Highest temperature in Shanghai on June 9?,2026-06-07T04:34:03Z,2026-06-09T12:00:00Z,4,22°C,0x5e9cdf0acfadf1d761629c3e824f608b4c8abda66747f716816cd21a6ef44b02,21885399021320574560651114684216824442350810668622956886293663194490254187234,YES,half_queue,300,60,2026-06-07 23:57:59.745000+00:00,2026-06-08 00:02:16.907000+00:00,buy_bid,2,0.032,0.036,0.004,257.162
highest-temperature-in-shanghai-on-june-9-2026,Highest temperature in Shanghai on June 9?,2026-06-07T04:34:03Z,2026-06-09T12:00:00Z,4,22°C,0x5e9cdf0acfadf1d761629c3e824f608b4c8abda66747f716816cd21a6ef44b02,21885399021320574560651114684216824442350810668622956886293663194490254187234,YES,half_queue,300,60,2026-06-07 23:58:45.778000+00:00,2026-06-08 00:02:16.907000+00:00,buy_bid,2,0.032,0.036,0.004,211.129
highest-temperature-in-shanghai-on-june-9-2026,Highest temperature in Shanghai on June 9?,2026-06-07T04:34:03Z,2026-06-09T12:00:00Z,4,22°C,0x5e9cdf0acfadf1d761629c3e824f608b4c8abda66747f716816cd21a6ef44b02,21885399021320574560651114684216824442350810668622956886293663194490254187234,YES,half_queue,300,60,2026-06-07 23:59:55.237000+00:00,2026-06-08 00:02:16.907000+00:00,buy_bid,2,0.032,0.036,0.004,141.67
highest-temperature-in-shanghai-on-june-9-2026,Highest temperature in Shanghai on June 9?,2026-06-07T04:34:03Z,2026-06-09T12:00:00Z,4,22°C,0x5e9cdf0acfadf1d761629c3e824f608b4c8abda66747f716816cd21a6ef44b02,21885399021320574560651114684216824442350810668622956886293663194490254187234,YES,half_queue,300,60,2026-06-08 00:00:41.765000+00:00,2026-06-08 00:02:16.907000+00:00,buy_bid,3,0.032,0.036,0.004,95.142
highest-temperature-in-shanghai-on-june-9-2026,Highest temperature in Shanghai on June 9?,2026-06-07T04:34:03Z,2026-06-09T12:00:00Z,4,22°C,0x5e9cdf0acfadf1d761629c3e824f608b4c8abda66747f716816cd21a6ef44b02,21885399021320574560651114684216824442350810668622956886293663194490254187234,YES,half_queue,300,60,2026-06-08 00:01:57.963000+00:00,2026-06-08 00:02:16.907000+00:00,buy_bid,3,0.032,0.036,0.004,18.944
highest-temperature-in-shanghai-on-june-9-2026,Highest temperature in Shanghai on June 9?,2026-06-07T04:34:03Z,2026-06-09T12:00:00Z,4,22°C,0x5e9cdf0acfadf1d761629c3e824f608b4c8abda66747f716816cd21a6ef44b02,21885399021320574560651114684216824442350810668622956886293663194490254187234,YES,half_queue,300,60,2026-06-08 15:31:55.373000+00:00,2026-06-08 15:36:20.911000+00:00,buy_bid,2,0.015,0.0155,0.0005,265.538
highest-temperature-in-shanghai-on-june-9-2026,Highest temperature in Shanghai on June 9?,2026-06-07T04:34:03Z,2026-06-09T12:00:00Z,4,22°C,0x5e9cdf0acfadf1d761629c3e824f608b4c8abda66747f716816cd21a6ef44b02,21885399021320574560651114684216824442350810668622956886293663194490254187234,YES,half_queue,300,60,2026-06-08 15:32:59.781000+00:00,2026-06-08 15:36:20.911000+00:00,buy_bid,2,0.015,0.0155,0.0005,201.13
highest-temperature-in-shanghai-on-june-9-2026,Highest temperature in Shanghai on June 9?,2026-06-07T04:34:03Z,2026-06-09T12:00:00Z,4,22°C,0x5e9cdf0acfadf1d761629c3e824f608b4c8abda66747f716816cd21a6ef44b02,21885399021320574560651114684216824442350810668622956886293663194490254187234,YES,half_queue,300,60,2026-06-08 15:33:58.938000+00:00,2026-06-08 15:36:20.911000+00:00,buy_bid,2,0.015,0.0155,0.0005,141.973
highest-temperature-in-shanghai-on-june-9-2026,Highest temperature in Shanghai on June 9?,2026-06-07T04:34:03Z,2026-06-09T12:00:00Z,4,22°C,0x5e9cdf0acfadf1d761629c3e824f608b4c8abda66747f716816cd21a6ef44b02,21885399021320574560651114684216824442350810668622956886293663194490254187234,YES,half_queue,300,60,2026-06-08 15:34:59.937000+00:00,2026-06-08 15:36:20.911000+00:00,buy_bid,2,0.015,0.0155,0.0005,80.974
highest-temperature-in-shanghai-on-june-9-2026,Highest temperature in Shanghai on June 9?,2026-06-07T04:34:03Z,2026-06-09T12:00:00Z,4,22°C,0x5e9cdf0acfadf1d761629c3e824f608b4c8abda66747f716816cd21a6ef44b02,21885399021320574560651114684216824442350810668622956886293663194490254187234,YES,half_queue,300,60,2026-06-08 15:35:49.329000+00:00,2026-06-08 15:36:20.911000+00:00,buy_bid,2,0.015,0.0155,0.0005,31.582
highest-temperature-in-shanghai-on-june-9-2026,Highest temperature in Shanghai on June 9?,2026-06-07T04:34:03Z,2026-06-09T12:00:00Z,4,22°C,0x5e9cdf0acfadf1d761629c3e824f608b4c8abda66747f716816cd21a6ef44b02,21885399021320574560651114684216824442350810668622956886293663194490254187234,YES,half_queue,300,60,2026-06-08 19:31:59.913000+00:00,2026-06-08 19:36:47.921000+00:00,buy_bid,2,0.005,0.0065,0.0014999999999999,288.008
highest-temperature-in-shanghai-on-june-9-2026,Highest temperature in Shanghai on June 9?,2026-06-07T04:34:03Z,2026-06-09T12:00:00Z,4,22°C,0x5e9cdf0acfadf1d761629c3e824f608b4c8abda66747f716816cd21a6ef44b02,21885399021320574560651114684216824442350810668622956886293663194490254187234,YES,half_queue,300,60,2026-06-08 19:32:58.071000+00:00,2026-06-08 19:36:47.921000+00:00,buy_bid,2,0.005,0.0065,0.0014999999999999,229.85
highest-temperature-in-shanghai-on-june-9-2026,Highest temperature in Shanghai on June 9?,2026-06-07T04:34:03Z,2026-06-09T12:00:00Z,4,22°C,0x5e9cdf0acfadf1d761629c3e824f608b4c8abda66747f716816cd21a6ef44b02,21885399021320574560651114684216824442350810668622956886293663194490254187234,YES,half_queue,300,60,2026-06-08 19:33:53.373000+00:00,2026-06-08 19:36:47.921000+00:00,buy_bid,2,0.005,0.0065,0.0014999999999999,174.548
highest-temperature-in-shanghai-on-june-9-2026,Highest temperature in Shanghai on June 9?,2026-06-07T04:34:03Z,2026-06-09T12:00:00Z,4,22°C,0x5e9cdf0acfadf1d761629c3e824f608b4c8abda66747f716816cd21a6ef44b02,21885399021320574560651114684216824442350810668622956886293663194490254187234,YES,half_queue,300,60,2026-06-08 19:34:56.226000+00:00,2026-06-08 19:36:47.921000+00:00,buy_bid,2,0.005,0.0065,0.0014999999999999,111.695
highest-temperature-in-shanghai-on-june-9-2026,Highest temperature in Shanghai on June 9?,2026-06-07T04:34:03Z,2026-06-09T12:00:00Z,4,22°C,0x5e9cdf0acfadf1d761629c3e824f608b4c8abda66747f716816cd21a6ef44b02,21885399021320574560651114684216824442350810668622956886293663194490254187234,YES,half_queue,300,60,2026-06-08 19:35:55.445000+00:00,2026-06-08 19:36:47.921000+00:00,buy_bid,2,0.005,0.0065,0.0014999999999999,52.476
highest-temperature-in-shanghai-on-june-9-2026,Highest temperature in Shanghai on June 9?,2026-06-07T04:34:03Z,2026-06-09T12:00:00Z,4,22°C,0x5e9cdf0acfadf1d761629c3e824f608b4c8abda66747f716816cd21a6ef44b02,21885399021320574560651114684216824442350810668622956886293663194490254187234,YES,half_queue,300,60,2026-06-08 19:52:59.320000+00:00,2026-06-08 19:57:55.533000+00:00,buy_bid,3,0.002,0.0049999999999999,0.0029999999999999,296.213
highest-temperature-in-shanghai-on-june-9-2026,Highest temperature in Shanghai on June 9?,2026-06-07T04:34:03Z,2026-06-09T12:00:00Z,4,22°C,0x5e9cdf0acfadf1d761629c3e824f608b4c8abda66747f716816cd21a6ef44b02,21885399021320574560651114684216824442350810668622956886293663194490254187234,YES,half_queue,300,60,2026-06-08 19:53:58.277000+00:00,2026-06-08 19:57:55.533000+00:00,buy_bid,3,0.002,0.0049999999999999,0.0029999999999999,237.256
highest-temperature-in-shanghai-on-june-9-2026,Highest temperature in Shanghai on June 9?,2026-06-07T04:34:03Z,2026-06-09T12:00:00Z,4,22°C,0x5e9cdf0acfadf1d761629c3e824f608b4c8abda66747f716816cd21a6ef44b02,21885399021320574560651114684216824442350810668622956886293663194490254187234,YES,half_queue,300,60,2026-06-08 19:54:55.775000+00:00,2026-06-08 19:57:55.533000+00:00,buy_bid,3,0.002,0.0049999999999999,0.0029999999999999,179.758
highest-temperature-in-shanghai-on-june-9-2026,Highest temperature in Shanghai on June 9?,2026-06-07T04:34:03Z,2026-06-09T12:00:00Z,4,22°C,0x5e9cdf0acfadf1d761629c3e824f608b4c8abda66747f716816cd21a6ef44b02,21885399021320574560651114684216824442350810668622956886293663194490254187234,YES,half_queue,300,60,2026-06-08 19:55:59.781000+00:00,2026-06-08 19:57:55.533000+00:00,buy_bid,3,0.002,0.0049999999999999,0.0029999999999999,115.752
highest-temperature-in-shanghai-on-june-9-2026,Highest temperature in Shanghai on June 9?,2026-06-07T04:34:03Z,2026-06-09T12:00:00Z,4,22°C,0x5e9cdf0acfadf1d761629c3e824f608b4c8abda66747f716816cd21a6ef44b02,21885399021320574560651114684216824442350810668622956886293663194490254187234,YES,half_queue,300,60,2026-06-08 19:56:56.105000+00:00,2026-06-08 19:57:55.533000+00:00,buy_bid,3,0.002,0.0049999999999999,0.0029999999999999,59.428
highest-temperature-in-shanghai-on-june-9-2026,Highest temperature in Shanghai on June 9?,2026-06-07T04:34:03Z,2026-06-09T12:00:00Z,4,22°C,0x5e9cdf0acfadf1d761629c3e824f608b4c8abda66747f716816cd21a6ef44b02,21885399021320574560651114684216824442350810668622956886293663194490254187234,YES,half_queue,300,60,2026-06-09 01:13:59.764000+00:00,2026-06-09 01:18:17.014000+00:00,buy_bid,2,0.011,0.0144999999999999,0.0034999999999999,257.25
highest-temperature-in-shanghai-on-june-9-2026,Highest temperature in Shanghai on June 9?,2026-06-07T04:34:03Z,2026-06-09T12:00:00Z,4,22°C,0x5e9cdf0acfadf1d761629c3e824f608b4c8abda66747f716816cd21a6ef44b02,21885399021320574560651114684216824442350810668622956886293663194490254187234,YES,half_queue,300,60,2026-06-09 01:14:49.168000+00:00,2026-06-09 01:18:17.014000+00:00,buy_bid,2,0.011,0.0144999999999999,0.0034999999999999,207.846
highest-temperature-in-shanghai-on-june-9-2026,Highest temperature in Shanghai on June 9?,2026-06-07T04:34:03Z,2026-06-09T12:00:00Z,4,22°C,0x5e9cdf0acfadf1d761629c3e824f608b4c8abda66747f716816cd21a6ef44b02,21885399021320574560651114684216824442350810668622956886293663194490254187234,YES,half_queue,300,60,2026-06-09 01:15:45.071000+00:00,2026-06-09 01:18:17.014000+00:00,buy_bid,2,0.011,0.0144999999999999,0.0034999999999999,151.943
highest-temperature-in-shanghai-on-june-9-2026,Highest temperature in Shanghai on June 9?,2026-06-07T04:34:03Z,2026-06-09T12:00:00Z,4,22°C,0x5e9cdf0acfadf1d761629c3e824f608b4c8abda66747f716816cd21a6ef44b02,21885399021320574560651114684216824442350810668622956886293663194490254187234,YES,half_queue,300,60,2026-06-09 01:16:58.923000+00:00,2026-06-09 01:18:17.014000+00:00,buy_bid,2,0.011,0.0144999999999999,0.0034999999999999,78.091
highest-temperature-in-shanghai-on-june-9-2026,Highest temperature in Shanghai on June 9?,2026-06-07T04:34:03Z,2026-06-09T12:00:00Z,4,22°C,0x5e9cdf0acfadf1d761629c3e824f608b4c8abda66747f716816cd21a6ef44b02,21885399021320574560651114684216824442350810668622956886293663194490254187234,YES,half_queue,300,60,2026-06-09 01:17:52.228000+00:00,2026-06-09 01:18:17.014000+00:00,buy_bid,2,0.011,0.0144999999999999,0.0034999999999999,24.786
highest-temperature-in-shanghai-on-june-9-2026,Highest temperature in Shanghai on June 9?,2026-06-07T04:34:03Z,2026-06-09T12:00:00Z,4,22°C,0x5e9cdf0acfadf1d761629c3e824f608b4c8abda66747f716816cd21a6ef44b02,21885399021320574560651114684216824442350810668622956886293663194490254187234,YES,half_queue,300,300,2026-06-07 23:57:59.745000+00:00,2026-06-08 00:02:16.907000+00:00,buy_bid,2,0.032,0.035,0.003,257.162
highest-temperature-in-shanghai-on-june-9-2026,Highest temperature in Shanghai on June 9?,2026-06-07T04:34:03Z,2026-06-09T12:00:00Z,4,22°C,0x5e9cdf0acfadf1d761629c3e824f608b4c8abda66747f716816cd21a6ef44b02,21885399021320574560651114684216824442350810668622956886293663194490254187234,YES,half_queue,300,300,2026-06-07 23:58:45.778000+00:00,2026-06-08 00:02:16.907000+00:00,buy_bid,2,0.032,0.035,0.003,211.129
highest-temperature-in-shanghai-on-june-9-2026,Highest temperature in Shanghai on June 9?,2026-06-07T04:34:03Z,2026-06-09T12:00:00Z,4,22°C,0x5e9cdf0acfadf1d761629c3e824f608b4c8abda66747f716816cd21a6ef44b02,21885399021320574560651114684216824442350810668622956886293663194490254187234,YES,half_queue,300,300,2026-06-07 23:59:55.237000+00:00,2026-06-08 00:02:16.907000+00:00,buy_bid,2,0.032,0.035,0.003,141.67
highest-temperature-in-shanghai-on-june-9-2026,Highest temperature in Shanghai on June 9?,2026-06-07T04:34:03Z,2026-06-09T12:00:00Z,4,22°C,0x5e9cdf0acfadf1d761629c3e824f608b4c8abda66747f716816cd21a6ef44b02,21885399021320574560651114684216824442350810668622956886293663194490254187234,YES,half_queue,300,300,2026-06-08 00:00:41.765000+00:00,2026-06-08 00:02:16.907000+00:00,buy_bid,3,0.032,0.035,0.003,95.142
highest-temperature-in-shanghai-on-june-9-2026,Highest temperature in Shanghai on June 9?,2026-06-07T04:34:03Z,2026-06-09T12:00:00Z,4,22°C,0x5e9cdf0acfadf1d761629c3e824f608b4c8abda66747f716816cd21a6ef44b02,21885399021320574560651114684216824442350810668622956886293663194490254187234,YES,half_queue,300,300,2026-06-08 00:01:57.963000+00:00,2026-06-08 00:02:16.907000+00:00,buy_bid,3,0.032,0.035,0.003,18.944
highest-temperature-in-shanghai-on-june-9-2026,Highest temperature in Shanghai on June 9?,2026-06-07T04:34:03Z,2026-06-09T12:00:00Z,4,22°C,0x5e9cdf0acfadf1d761629c3e824f608b4c8abda66747f716816cd21a6ef44b02,21885399021320574560651114684216824442350810668622956886293663194490254187234,YES,half_queue,300,300,2026-06-08 15:31:55.373000+00:00,2026-06-08 15:36:20.911000+00:00,buy_bid,2,0.015,0.0165,0.0015,265.538
highest-temperature-in-shanghai-on-june-9-2026,Highest temperature in Shanghai on June 9?,2026-06-07T04:34:03Z,2026-06-09T12:00:00Z,4,22°C,0x5e9cdf0acfadf1d761629c3e824f608b4c8abda66747f716816cd21a6ef44b02,21885399021320574560651114684216824442350810668622956886293663194490254187234,YES,half_queue,300,300,2026-06-08 15:32:59.781000+00:00,2026-06-08 15:36:20.911000+00:00,buy_bid,2,0.015,0.0165,0.0015,201.13
highest-temperature-in-shanghai-on-june-9-2026,Highest temperature in Shanghai on June 9?,2026-06-07T04:34:03Z,2026-06-09T12:00:00Z,4,22°C,0x5e9cdf0acfadf1d761629c3e824f608b4c8abda66747f716816cd21a6ef44b02,21885399021320574560651114684216824442350810668622956886293663194490254187234,YES,half_queue,300,300,2026-06-08 15:33:58.938000+00:00,2026-06-08 15:36:20.911000+00:00,buy_bid,2,0.015,0.0165,0.0015,141.973
highest-temperature-in-shanghai-on-june-9-2026,Highest temperature in Shanghai on June 9?,2026-06-07T04:34:03Z,2026-06-09T12:00:00Z,4,22°C,0x5e9cdf0acfadf1d761629c3e824f608b4c8abda66747f716816cd21a6ef44b02,21885399021320574560651114684216824442350810668622956886293663194490254187234,YES,half_queue,300,300,2026-06-08 15:34:59.937000+00:00,2026-06-08 15:36:20.911000+00:00,buy_bid,2,0.015,0.0165,0.0015,80.974
highest-temperature-in-shanghai-on-june-9-2026,Highest temperature in Shanghai on June 9?,2026-06-07T04:34:03Z,2026-06-09T12:00:00Z,4,22°C,0x5e9cdf0acfadf1d761629c3e824f608b4c8abda66747f716816cd21a6ef44b02,21885399021320574560651114684216824442350810668622956886293663194490254187234,YES,half_queue,300,300,2026-06-08 15:35:49.329000+00:00,2026-06-08 15:36:20.911000+00:00,buy_bid,2,0.015,0.0165,0.0015,31.582
highest-temperature-in-shanghai-on-june-9-2026,Highest temperature in Shanghai on June 9?,2026-06-07T04:34:03Z,2026-06-09T12:00:00Z,4,22°C,0x5e9cdf0acfadf1d761629c3e824f608b4c8abda66747f716816cd21a6ef44b02,21885399021320574560651114684216824442350810668622956886293663194490254187234,YES,half_queue,300,300,2026-06-08 19:31:59.913000+00:00,2026-06-08 19:36:47.921000+00:00,buy_bid,2,0.005,0.0065,0.0014999999999999,288.008
highest-temperature-in-shanghai-on-june-9-2026,Highest temperature in Shanghai on June 9?,2026-06-07T04:34:03Z,2026-06-09T12:00:00Z,4,22°C,0x5e9cdf0acfadf1d761629c3e824f608b4c8abda66747f716816cd21a6ef44b02,21885399021320574560651114684216824442350810668622956886293663194490254187234,YES,half_queue,300,300,2026-06-08 19:32:58.071000+00:00,2026-06-08 19:36:47.921000+00:00,buy_bid,2,0.005,0.0065,0.0014999999999999,229.85
highest-temperature-in-shanghai-on-june-9-2026,Highest temperature in Shanghai on June 9?,2026-06-07T04:34:03Z,2026-06-09T12:00:00Z,4,22°C,0x5e9cdf0acfadf1d761629c3e824f608b4c8abda66747f716816cd21a6ef44b02,21885399021320574560651114684216824442350810668622956886293663194490254187234,YES,half_queue,300,300,2026-06-08 19:33:53.373000+00:00,2026-06-08 19:36:47.921000+00:00,buy_bid,2,0.005,0.0065,0.0014999999999999,174.548
highest-temperature-in-shanghai-on-june-9-2026,Highest temperature in Shanghai on June 9?,2026-06-07T04:34:03Z,2026-06-09T12:00:00Z,4,22°C,0x5e9cdf0acfadf1d761629c3e824f608b4c8abda66747f716816cd21a6ef44b02,21885399021320574560651114684216824442350810668622956886293663194490254187234,YES,half_queue,300,300,2026-06-08 19:34:56.226000+00:00,2026-06-08 19:36:47.921000+00:00,buy_bid,2,0.005,0.0065,0.0014999999999999,111.695
highest-temperature-in-shanghai-on-june-9-2026,Highest temperature in Shanghai on June 9?,2026-06-07T04:34:03Z,2026-06-09T12:00:00Z,4,22°C,0x5e9cdf0acfadf1d761629c3e824f608b4c8abda66747f716816cd21a6ef44b02,21885399021320574560651114684216824442350810668622956886293663194490254187234,YES,half_queue,300,300,2026-06-08 19:35:55.445000+00:00,2026-06-08 19:36:47.921000+00:00,buy_bid,2,0.005,0.0065,0.0014999999999999,52.476
highest-temperature-in-shanghai-on-june-9-2026,Highest temperature in Shanghai on June 9?,2026-06-07T04:34:03Z,2026-06-09T12:00:00Z,4,22°C,0x5e9cdf0acfadf1d761629c3e824f608b4c8abda66747f716816cd21a6ef44b02,21885399021320574560651114684216824442350810668622956886293663194490254187234,YES,half_queue,300,300,2026-06-08 19:52:59.320000+00:00,2026-06-08 19:57:55.533000+00:00,buy_bid,3,0.002,0.0045,0.0025,296.213
highest-temperature-in-shanghai-on-june-9-2026,Highest temperature in Shanghai on June 9?,2026-06-07T04:34:03Z,2026-06-09T12:00:00Z,4,22°C,0x5e9cdf0acfadf1d761629c3e824f608b4c8abda66747f716816cd21a6ef44b02,21885399021320574560651114684216824442350810668622956886293663194490254187234,YES,half_queue,300,300,2026-06-08 19:53:58.277000+00:00,2026-06-08 19:57:55.533000+00:00,buy_bid,3,0.002,0.0045,0.0025,237.256
highest-temperature-in-shanghai-on-june-9-2026,Highest temperature in Shanghai on June 9?,2026-06-07T04:34:03Z,2026-06-09T12:00:00Z,4,22°C,0x5e9cdf0acfadf1d761629c3e824f608b4c8abda66747f716816cd21a6ef44b02,21885399021320574560651114684216824442350810668622956886293663194490254187234,YES,half_queue,300,300,2026-06-08 19:54:55.775000+00:00,2026-06-08 19:57:55.533000+00:00,buy_bid,3,0.002,0.0045,0.0025,179.758
highest-temperature-in-shanghai-on-june-9-2026,Highest temperature in Shanghai on June 9?,2026-06-07T04:34:03Z,2026-06-09T12:00:00Z,4,22°C,0x5e9cdf0acfadf1d761629c3e824f608b4c8abda66747f716816cd21a6ef44b02,21885399021320574560651114684216824442350810668622956886293663194490254187234,YES,half_queue,300,300,2026-06-08 19:55:59.781000+00:00,2026-06-08 19:57:55.533000+00:00,buy_bid,3,0.002,0.0045,0.0025,115.752
highest-temperature-in-shanghai-on-june-9-2026,Highest temperature in Shanghai on June 9?,2026-06-07T04:34:03Z,2026-06-09T12:00:00Z,4,22°C,0x5e9cdf0acfadf1d761629c3e824f608b4c8abda66747f716816cd21a6ef44b02,21885399021320574560651114684216824442350810668622956886293663194490254187234,YES,half_queue,300,300,2026-06-08 19:56:56.105000+00:00,2026-06-08 19:57:55.533000+00:00,buy_bid,3,0.002,0.0045,0.0025,59.428
highest-temperature-in-shanghai-on-june-9-2026,Highest temperature in Shanghai on June 9?,2026-06-07T04:34:03Z,2026-06-09T12:00:00Z,4,22°C,0x5e9cdf0acfadf1d761629c3e824f608b4c8abda66747f716816cd21a6ef44b02,21885399021320574560651114684216824442350810668622956886293663194490254187234,YES,half_queue,300,300,2026-06-09 01:13:59.764000+00:00,2026-06-09 01:18:17.014000+00:00,buy_bid,2,0.011,0.0135,0.0025,257.25
highest-temperature-in-shanghai-on-june-9-2026,Highest temperature in Shanghai on June 9?,2026-06-07T04:34:03Z,2026-06-09T12:00:00Z,4,22°C,0x5e9cdf0acfadf1d761629c3e824f608b4c8abda66747f716816cd21a6ef44b02,21885399021320574560651114684216824442350810668622956886293663194490254187234,YES,half_queue,300,300,2026-06-09 01:14:49.168000+00:00,2026-06-09 01:18:17.014000+00:00,buy_bid,2,0.011,0.0135,0.0025,207.846
highest-temperature-in-shanghai-on-june-9-2026,Highest temperature in Shanghai on June 9?,2026-06-07T04:34:03Z,2026-06-09T12:00:00Z,4,22°C,0x5e9cdf0acfadf1d761629c3e824f608b4c8abda66747f716816cd21a6ef44b02,21885399021320574560651114684216824442350810668622956886293663194490254187234,YES,half_queue,300,300,2026-06-09 01:15:45.071000+00:00,2026-06-09 01:18:17.014000+00:00,buy_bid,2,0.011,0.0135,0.0025,151.943
highest-temperature-in-shanghai-on-june-9-2026,Highest temperature in Shanghai on June 9?,2026-06-07T04:34:03Z,2026-06-09T12:00:00Z,4,22°C,0x5e9cdf0acfadf1d761629c3e824f608b4c8abda66747f716816cd21a6ef44b02,21885399021320574560651114684216824442350810668622956886293663194490254187234,YES,half_queue,300,300,2026-06-09 01:16:58.923000+00:00,2026-06-09 01:18:17.014000+00:00,buy_bid,2,0.011,0.0135,0.0025,78.091
highest-temperature-in-shanghai-on-june-9-2026,Highest temperature in Shanghai on June 9?,2026-06-07T04:34:03Z,2026-06-09T12:00:00Z,4,22°C,0x5e9cdf0acfadf1d761629c3e824f608b4c8abda66747f716816cd21a6ef44b02,21885399021320574560651114684216824442350810668622956886293663194490254187234,YES,half_queue,300,300,2026-06-09 01:17:52.228000+00:00,2026-06-09 01:18:17.014000+00:00,buy_bid,2,0.011,0.0135,0.0025,24.786
highest-temperature-in-shanghai-on-june-9-2026,Highest temperature in Shanghai on June 9?,2026-06-07T04:34:03Z,2026-06-09T12:00:00Z,4,22°C,0x5e9cdf0acfadf1d761629c3e824f608b4c8abda66747f716816cd21a6ef44b02,21885399021320574560651114684216824442350810668622956886293663194490254187234,YES,half_queue,300,900,2026-06-07 23:57:59.745000+00:00,2026-06-08 00:02:16.907000+00:00,buy_bid,2,0.032,0.0375,0.0054999999999999,257.162
highest-temperature-in-shanghai-on-june-9-2026,Highest temperature in Shanghai on June 9?,2026-06-07T04:34:03Z,2026-06-09T12:00:00Z,4,22°C,0x5e9cdf0acfadf1d761629c3e824f608b4c8abda66747f716816cd21a6ef44b02,21885399021320574560651114684216824442350810668622956886293663194490254187234,YES,half_queue,300,900,2026-06-07 23:58:45.778000+00:00,2026-06-08 00:02:16.907000+00:00,buy_bid,2,0.032,0.0375,0.0054999999999999,211.129
highest-temperature-in-shanghai-on-june-9-2026,Highest temperature in Shanghai on June 9?,2026-06-07T04:34:03Z,2026-06-09T12:00:00Z,4,22°C,0x5e9cdf0acfadf1d761629c3e824f608b4c8abda66747f716816cd21a6ef44b02,21885399021320574560651114684216824442350810668622956886293663194490254187234,YES,half_queue,300,900,2026-06-07 23:59:55.237000+00:00,2026-06-08 00:02:16.907000+00:00,buy_bid,2,0.032,0.0375,0.0054999999999999,141.67
highest-temperature-in-shanghai-on-june-9-2026,Highest temperature in Shanghai on June 9?,2026-06-07T04:34:03Z,2026-06-09T12:00:00Z,4,22°C,0x5e9cdf0acfadf1d761629c3e824f608b4c8abda66747f716816cd21a6ef44b02,21885399021320574560651114684216824442350810668622956886293663194490254187234,YES,half_queue,300,900,2026-06-08 00:00:41.765000+00:00,2026-06-08 00:02:16.907000+00:00,buy_bid,3,0.032,0.0375,0.0054999999999999,95.142
highest-temperature-in-shanghai-on-june-9-2026,Highest temperature in Shanghai on June 9?,2026-06-07T04:34:03Z,2026-06-09T12:00:00Z,4,22°C,0x5e9cdf0acfadf1d761629c3e824f608b4c8abda66747f716816cd21a6ef44b02,21885399021320574560651114684216824442350810668622956886293663194490254187234,YES,half_queue,300,900,2026-06-08 00:01:57.963000+00:00,2026-06-08 00:02:16.907000+00:00,buy_bid,3,0.032,0.0375,0.0054999999999999,18.944
highest-temperature-in-shanghai-on-june-9-2026,Highest temperature in Shanghai on June 9?,2026-06-07T04:34:03Z,2026-06-09T12:00:00Z,4,22°C,0x5e9cdf0acfadf1d761629c3e824f608b4c8abda66747f716816cd21a6ef44b02,21885399021320574560651114684216824442350810668622956886293663194490254187234,YES,half_queue,300,900,2026-06-08 15:31:55.373000+00:00,2026-06-08 15:36:20.911000+00:00,buy_bid,2,0.015,0.022,0.0069999999999999,265.538
highest-temperature-in-shanghai-on-june-9-2026,Highest temperature in Shanghai on June 9?,2026-06-07T04:34:03Z,2026-06-09T12:00:00Z,4,22°C,0x5e9cdf0acfadf1d761629c3e824f608b4c8abda66747f716816cd21a6ef44b02,21885399021320574560651114684216824442350810668622956886293663194490254187234,YES,half_queue,300,900,2026-06-08 15:32:59.781000+00:00,2026-06-08 15:36:20.911000+00:00,buy_bid,2,0.015,0.022,0.0069999999999999,201.13
highest-temperature-in-shanghai-on-june-9-2026,Highest temperature in Shanghai on June 9?,2026-06-07T04:34:03Z,2026-06-09T12:00:00Z,4,22°C,0x5e9cdf0acfadf1d761629c3e824f608b4c8abda66747f716816cd21a6ef44b02,21885399021320574560651114684216824442350810668622956886293663194490254187234,YES,half_queue,300,900,2026-06-08 15:33:58.938000+00:00,2026-06-08 15:36:20.911000+00:00,buy_bid,2,0.015,0.022,0.0069999999999999,141.973
highest-temperature-in-shanghai-on-june-9-2026,Highest temperature in Shanghai on June 9?,2026-06-07T04:34:03Z,2026-06-09T12:00:00Z,4,22°C,0x5e9cdf0acfadf1d761629c3e824f608b4c8abda66747f716816cd21a6ef44b02,21885399021320574560651114684216824442350810668622956886293663194490254187234,YES,half_queue,300,900,2026-06-08 15:34:59.937000+00:00,2026-06-08 15:36:20.911000+00:00,buy_bid,2,0.015,0.022,0.0069999999999999,80.974
highest-temperature-in-shanghai-on-june-9-2026,Highest temperature in Shanghai on June 9?,2026-06-07T04:34:03Z,2026-06-09T12:00:00Z,4,22°C,0x5e9cdf0acfadf1d761629c3e824f608b4c8abda66747f716816cd21a6ef44b02,21885399021320574560651114684216824442350810668622956886293663194490254187234,YES,half_queue,300,900,2026-06-08 15:35:49.329000+00:00,2026-06-08 15:36:20.911000+00:00,buy_bid,2,0.015,0.022,0.0069999999999999,31.582
highest-temperature-in-shanghai-on-june-9-2026,Highest temperature in Shanghai on June 9?,2026-06-07T04:34:03Z,2026-06-09T12:00:00Z,4,22°C,0x5e9cdf0acfadf1d761629c3e824f608b4c8abda66747f716816cd21a6ef44b02,21885399021320574560651114684216824442350810668622956886293663194490254187234,YES,half_queue,300,900,2026-06-08 19:31:59.913000+00:00,2026-06-08 19:36:47.921000+00:00,buy_bid,2,0.005,0.0065,0.0014999999999999,288.008
highest-temperature-in-shanghai-on-june-9-2026,Highest temperature in Shanghai on June 9?,2026-06-07T04:34:03Z,2026-06-09T12:00:00Z,4,22°C,0x5e9cdf0acfadf1d761629c3e824f608b4c8abda66747f716816cd21a6ef44b02,21885399021320574560651114684216824442350810668622956886293663194490254187234,YES,half_queue,300,900,2026-06-08 19:32:58.071000+00:00,2026-06-08 19:36:47.921000+00:00,buy_bid,2,0.005,0.0065,0.0014999999999999,229.85
highest-temperature-in-shanghai-on-june-9-2026,Highest temperature in Shanghai on June 9?,2026-06-07T04:34:03Z,2026-06-09T12:00:00Z,4,22°C,0x5e9cdf0acfadf1d761629c3e824f608b4c8abda66747f716816cd21a6ef44b02,21885399021320574560651114684216824442350810668622956886293663194490254187234,YES,half_queue,300,900,2026-06-08 19:33:53.373000+00:00,2026-06-08 19:36:47.921000+00:00,buy_bid,2,0.005,0.0065,0.0014999999999999,174.548
highest-temperature-in-shanghai-on-june-9-2026,Highest temperature in Shanghai on June 9?,2026-06-07T04:34:03Z,2026-06-09T12:00:00Z,4,22°C,0x5e9cdf0acfadf1d761629c3e824f608b4c8abda66747f716816cd21a6ef44b02,21885399021320574560651114684216824442350810668622956886293663194490254187234,YES,half_queue,300,900,2026-06-08 19:34:56.226000+00:00,2026-06-08 19:36:47.921000+00:00,buy_bid,2,0.005,0.0065,0.0014999999999999,111.695
highest-temperature-in-shanghai-on-june-9-2026,Highest temperature in Shanghai on June 9?,2026-06-07T04:34:03Z,2026-06-09T12:00:00Z,4,22°C,0x5e9cdf0acfadf1d761629c3e824f608b4c8abda66747f716816cd21a6ef44b02,21885399021320574560651114684216824442350810668622956886293663194490254187234,YES,half_queue,300,900,2026-06-08 19:35:55.445000+00:00,2026-06-08 19:36:47.921000+00:00,buy_bid,2,0.005,0.0065,0.0014999999999999,52.476
highest-temperature-in-shanghai-on-june-9-2026,Highest temperature in Shanghai on June 9?,2026-06-07T04:34:03Z,2026-06-09T12:00:00Z,4,22°C,0x5e9cdf0acfadf1d761629c3e824f608b4c8abda66747f716816cd21a6ef44b02,21885399021320574560651114684216824442350810668622956886293663194490254187234,YES,half_queue,300,900,2026-06-08 19:52:59.320000+00:00,2026-06-08 19:57:55.533000+00:00,buy_bid,3,0.002,0.003,0.001,296.213
highest-temperature-in-shanghai-on-june-9-2026,Highest temperature in Shanghai on June 9?,2026-06-07T04:34:03Z,2026-06-09T12:00:00Z,4,22°C,0x5e9cdf0acfadf1d761629c3e824f608b4c8abda66747f716816cd21a6ef44b02,21885399021320574560651114684216824442350810668622956886293663194490254187234,YES,half_queue,300,900,2026-06-08 19:53:58.277000+00:00,2026-06-08 19:57:55.533000+00:00,buy_bid,3,0.002,0.003,0.001,237.256
highest-temperature-in-shanghai-on-june-9-2026,Highest temperature in Shanghai on June 9?,2026-06-07T04:34:03Z,2026-06-09T12:00:00Z,4,22°C,0x5e9cdf0acfadf1d761629c3e824f608b4c8abda66747f716816cd21a6ef44b02,21885399021320574560651114684216824442350810668622956886293663194490254187234,YES,half_queue,300,900,2026-06-08 19:54:55.775000+00:00,2026-06-08 19:57:55.533000+00:00,buy_bid,3,0.002,0.003,0.001,179.758
highest-temperature-in-shanghai-on-june-9-2026,Highest temperature in Shanghai on June 9?,2026-06-07T04:34:03Z,2026-06-09T12:00:00Z,4,22°C,0x5e9cdf0acfadf1d761629c3e824f608b4c8abda66747f716816cd21a6ef44b02,21885399021320574560651114684216824442350810668622956886293663194490254187234,YES,half_queue,300,900,2026-06-08 19:55:59.781000+00:00,2026-06-08 19:57:55.533000+00:00,buy_bid,3,0.002,0.003,0.001,115.752
highest-temperature-in-shanghai-on-june-9-2026,Highest temperature in Shanghai on June 9?,2026-06-07T04:34:03Z,2026-06-09T12:00:00Z,4,22°C,0x5e9cdf0acfadf1d761629c3e824f608b4c8abda66747f716816cd21a6ef44b02,21885399021320574560651114684216824442350810668622956886293663194490254187234,YES,half_queue,300,900,2026-06-08 19:56:56.105000+00:00,2026-06-08 19:57:55.533000+00:00,buy_bid,3,0.002,0.003,0.001,59.428
highest-temperature-in-shanghai-on-june-9-2026,Highest temperature in Shanghai on June 9?,2026-06-07T04:34:03Z,2026-06-09T12:00:00Z,4,22°C,0x5e9cdf0acfadf1d761629c3e824f608b4c8abda66747f716816cd21a6ef44b02,21885399021320574560651114684216824442350810668622956886293663194490254187234,YES,half_queue,300,900,2026-06-09 01:13:59.764000+00:00,2026-06-09 01:18:17.014000+00:00,buy_bid,2,0.011,0.0155,0.0045,257.25
highest-temperature-in-shanghai-on-june-9-2026,Highest temperature in Shanghai on June 9?,2026-06-07T04:34:03Z,2026-06-09T12:00:00Z,4,22°C,0x5e9cdf0acfadf1d761629c3e824f608b4c8abda66747f716816cd21a6ef44b02,21885399021320574560651114684216824442350810668622956886293663194490254187234,YES,half_queue,300,900,2026-06-09 01:14:49.168000+00:00,2026-06-09 01:18:17.014000+00:00,buy_bid,2,0.011,0.0155,0.0045,207.846
highest-temperature-in-shanghai-on-june-9-2026,Highest temperature in Shanghai on June 9?,2026-06-07T04:34:03Z,2026-06-09T12:00:00Z,4,22°C,0x5e9cdf0acfadf1d761629c3e824f608b4c8abda66747f716816cd21a6ef44b02,21885399021320574560651114684216824442350810668622956886293663194490254187234,YES,half_queue,300,900,2026-06-09 01:15:45.071000+00:00,2026-06-09 01:18:17.014000+00:00,buy_bid,2,0.011,0.0155,0.0045,151.943
highest-temperature-in-shanghai-on-june-9-2026,Highest temperature in Shanghai on June 9?,2026-06-07T04:34:03Z,2026-06-09T12:00:00Z,4,22°C,0x5e9cdf0acfadf1d761629c3e824f608b4c8abda66747f716816cd21a6ef44b02,21885399021320574560651114684216824442350810668622956886293663194490254187234,YES,half_queue,300,900,2026-06-09 01:16:58.923000+00:00,2026-06-09 01:18:17.014000+00:00,buy_bid,2,0.011,0.0155,0.0045,78.091
highest-temperature-in-shanghai-on-june-9-2026,Highest temperature in Shanghai on June 9?,2026-06-07T04:34:03Z,2026-06-09T12:00:00Z,4,22°C,0x5e9cdf0acfadf1d761629c3e824f608b4c8abda66747f716816cd21a6ef44b02,21885399021320574560651114684216824442350810668622956886293663194490254187234,YES,half_queue,300,900,2026-06-09 01:17:52.228000+00:00,2026-06-09 01:18:17.014000+00:00,buy_bid,2,0.011,0.0155,0.0045,24.786
highest-temperature-in-shanghai-on-june-9-2026,Highest temperature in Shanghai on June 9?,2026-06-07T04:34:03Z,2026-06-09T12:00:00Z,4,22°C,0x5e9cdf0acfadf1d761629c3e824f608b4c8abda66747f716816cd21a6ef44b02,21885399021320574560651114684216824442350810668622956886293663194490254187234,YES,full_queue,60,60,2026-06-08 15:35:49.329000+00:00,2026-06-08 15:36:20.911000+00:00,buy_bid,2,0.015,0.0155,0.0005,31.582
highest-temperature-in-shanghai-on-june-9-2026,Highest temperature in Shanghai on June 9?,2026-06-07T04:34:03Z,2026-06-09T12:00:00Z,4,22°C,0x5e9cdf0acfadf1d761629c3e824f608b4c8abda66747f716816cd21a6ef44b02,21885399021320574560651114684216824442350810668622956886293663194490254187234,YES,full_queue,60,60,2026-06-08 19:35:55.445000+00:00,2026-06-08 19:36:47.921000+00:00,buy_bid,2,0.005,0.0065,0.0014999999999999,52.476
highest-temperature-in-shanghai-on-june-9-2026,Highest temperature in Shanghai on June 9?,2026-06-07T04:34:03Z,2026-06-09T12:00:00Z,4,22°C,0x5e9cdf0acfadf1d761629c3e824f608b4c8abda66747f716816cd21a6ef44b02,21885399021320574560651114684216824442350810668622956886293663194490254187234,YES,full_queue,60,60,2026-06-08 19:56:56.105000+00:00,2026-06-08 19:57:55.533000+00:00,buy_bid,3,0.002,0.0049999999999999,0.0029999999999999,59.428
highest-temperature-in-shanghai-on-june-9-2026,Highest temperature in Shanghai on June 9?,2026-06-07T04:34:03Z,2026-06-09T12:00:00Z,4,22°C,0x5e9cdf0acfadf1d761629c3e824f608b4c8abda66747f716816cd21a6ef44b02,21885399021320574560651114684216824442350810668622956886293663194490254187234,YES,full_queue,60,60,2026-06-09 01:47:58.495000+00:00,2026-06-09 01:48:13.217000+00:00,buy_bid,2,0.021,0.0284999999999999,0.0074999999999999,14.722
highest-temperature-in-shanghai-on-june-9-2026,Highest temperature in Shanghai on June 9?,2026-06-07T04:34:03Z,2026-06-09T12:00:00Z,4,22°C,0x5e9cdf0acfadf1d761629c3e824f608b4c8abda66747f716816cd21a6ef44b02,21885399021320574560651114684216824442350810668622956886293663194490254187234,YES,full_queue,60,60,2026-06-09 02:23:41.988000+00:00,2026-06-09 02:24:40.407000+00:00,buy_bid,5,0.024,0.0195,-0.0045,58.419
highest-temperature-in-shanghai-on-june-9-2026,Highest temperature in Shanghai on June 9?,2026-06-07T04:34:03Z,2026-06-09T12:00:00Z,4,22°C,0x5e9cdf0acfadf1d761629c3e824f608b4c8abda66747f716816cd21a6ef44b02,21885399021320574560651114684216824442350810668622956886293663194490254187234,YES,full_queue,60,60,2026-06-09 02:25:58.790000+00:00,2026-06-09 02:26:50.427000+00:00,buy_bid,3,0.019,0.022,0.0029999999999999,51.637
highest-temperature-in-shanghai-on-june-9-2026,Highest temperature in Shanghai on June 9?,2026-06-07T04:34:03Z,2026-06-09T12:00:00Z,4,22°C,0x5e9cdf0acfadf1d761629c3e824f608b4c8abda66747f716816cd21a6ef44b02,21885399021320574560651114684216824442350810668622956886293663194490254187234,YES,full_queue,60,60,2026-06-09 02:29:59.470000+00:00,2026-06-09 02:30:37.092000+00:00,buy_bid,4,0.009,0.002,-0.0069999999999999,37.622
highest-temperature-in-shanghai-on-june-9-2026,Highest temperature in Shanghai on June 9?,2026-06-07T04:34:03Z,2026-06-09T12:00:00Z,4,22°C,0x5e9cdf0acfadf1d761629c3e824f608b4c8abda66747f716816cd21a6ef44b02,21885399021320574560651114684216824442350810668622956886293663194490254187234,YES,full_queue,60,60,2026-06-09 02:30:59.724000+00:00,2026-06-09 02:31:43.781000+00:00,buy_bid,4,0.002,0.0035,0.0015,44.057
highest-temperature-in-shanghai-on-june-9-2026,Highest temperature in Shanghai on June 9?,2026-06-07T04:34:03Z,2026-06-09T12:00:00Z,4,22°C,0x5e9cdf0acfadf1d761629c3e824f608b4c8abda66747f716816cd21a6ef44b02,21885399021320574560651114684216824442350810668622956886293663194490254187234,YES,full_queue,60,60,2026-06-09 02:39:59.463000+00:00,2026-06-09 02:40:05.746000+00:00,buy_bid,2,0.001,,,6.283
highest-temperature-in-shanghai-on-june-9-2026,Highest temperature in Shanghai on June 9?,2026-06-07T04:34:03Z,2026-06-09T12:00:00Z,4,22°C,0x5e9cdf0acfadf1d761629c3e824f608b4c8abda66747f716816cd21a6ef44b02,21885399021320574560651114684216824442350810668622956886293663194490254187234,YES,full_queue,60,300,2026-06-08 15:35:49.329000+00:00,2026-06-08 15:36:20.911000+00:00,buy_bid,2,0.015,0.0165,0.0015,31.582
highest-temperature-in-shanghai-on-june-9-2026,Highest temperature in Shanghai on June 9?,2026-06-07T04:34:03Z,2026-06-09T12:00:00Z,4,22°C,0x5e9cdf0acfadf1d761629c3e824f608b4c8abda66747f716816cd21a6ef44b02,21885399021320574560651114684216824442350810668622956886293663194490254187234,YES,full_queue,60,300,2026-06-08 19:35:55.445000+00:00,2026-06-08 19:36:47.921000+00:00,buy_bid,2,0.005,0.0065,0.0014999999999999,52.476
highest-temperature-in-shanghai-on-june-9-2026,Highest temperature in Shanghai on June 9?,2026-06-07T04:34:03Z,2026-06-09T12:00:00Z,4,22°C,0x5e9cdf0acfadf1d761629c3e824f608b4c8abda66747f716816cd21a6ef44b02,21885399021320574560651114684216824442350810668622956886293663194490254187234,YES,full_queue,60,300,2026-06-08 19:56:56.105000+00:00,2026-06-08 19:57:55.533000+00:00,buy_bid,3,0.002,0.0045,0.0025,59.428
highest-temperature-in-shanghai-on-june-9-2026,Highest temperature in Shanghai on June 9?,2026-06-07T04:34:03Z,2026-06-09T12:00:00Z,4,22°C,0x5e9cdf0acfadf1d761629c3e824f608b4c8abda66747f716816cd21a6ef44b02,21885399021320574560651114684216824442350810668622956886293663194490254187234,YES,full_queue,60,300,2026-06-09 01:47:58.495000+00:00,2026-06-09 01:48:13.217000+00:00,buy_bid,2,0.021,0.0215,0.0004999999999999,14.722
highest-temperature-in-shanghai-on-june-9-2026,Highest temperature in Shanghai on June 9?,2026-06-07T04:34:03Z,2026-06-09T12:00:00Z,4,22°C,0x5e9cdf0acfadf1d761629c3e824f608b4c8abda66747f716816cd21a6ef44b02,21885399021320574560651114684216824442350810668622956886293663194490254187234,YES,full_queue,60,300,2026-06-09 02:23:41.988000+00:00,2026-06-09 02:24:40.407000+00:00,buy_bid,5,0.024,0.019,-0.005,58.419
highest-temperature-in-shanghai-on-june-9-2026,Highest temperature in Shanghai on June 9?,2026-06-07T04:34:03Z,2026-06-09T12:00:00Z,4,22°C,0x5e9cdf0acfadf1d761629c3e824f608b4c8abda66747f716816cd21a6ef44b02,21885399021320574560651114684216824442350810668622956886293663194490254187234,YES,full_queue,60,300,2026-06-09 02:25:58.790000+00:00,2026-06-09 02:26:50.427000+00:00,buy_bid,3,0.019,0.002,-0.017,51.637
highest-temperature-in-shanghai-on-june-9-2026,Highest temperature in Shanghai on June 9?,2026-06-07T04:34:03Z,2026-06-09T12:00:00Z,4,22°C,0x5e9cdf0acfadf1d761629c3e824f608b4c8abda66747f716816cd21a6ef44b02,21885399021320574560651114684216824442350810668622956886293663194490254187234,YES,full_queue,60,300,2026-06-09 02:29:59.470000+00:00,2026-06-09 02:30:37.092000+00:00,buy_bid,4,0.009,0.0035,-0.0055,37.622
highest-temperature-in-shanghai-on-june-9-2026,Highest temperature in Shanghai on June 9?,2026-06-07T04:34:03Z,2026-06-09T12:00:00Z,4,22°C,0x5e9cdf0acfadf1d761629c3e824f608b4c8abda66747f716816cd21a6ef44b02,21885399021320574560651114684216824442350810668622956886293663194490254187234,YES,full_queue,60,300,2026-06-09 02:30:59.724000+00:00,2026-06-09 02:31:43.781000+00:00,buy_bid,4,0.002,0.0015,-0.0005,44.057
highest-temperature-in-shanghai-on-june-9-2026,Highest temperature in Shanghai on June 9?,2026-06-07T04:34:03Z,2026-06-09T12:00:00Z,4,22°C,0x5e9cdf0acfadf1d761629c3e824f608b4c8abda66747f716816cd21a6ef44b02,21885399021320574560651114684216824442350810668622956886293663194490254187234,YES,full_queue,60,300,2026-06-09 02:39:59.463000+00:00,2026-06-09 02:40:05.746000+00:00,buy_bid,2,0.001,,,6.283
highest-temperature-in-shanghai-on-june-9-2026,Highest temperature in Shanghai on June 9?,2026-06-07T04:34:03Z,2026-06-09T12:00:00Z,4,22°C,0x5e9cdf0acfadf1d761629c3e824f608b4c8abda66747f716816cd21a6ef44b02,21885399021320574560651114684216824442350810668622956886293663194490254187234,YES,full_queue,60,900,2026-06-08 15:35:49.329000+00:00,2026-06-08 15:36:20.911000+00:00,buy_bid,2,0.015,0.022,0.0069999999999999,31.582
highest-temperature-in-shanghai-on-june-9-2026,Highest temperature in Shanghai on June 9?,2026-06-07T04:34:03Z,2026-06-09T12:00:00Z,4,22°C,0x5e9cdf0acfadf1d761629c3e824f608b4c8abda66747f716816cd21a6ef44b02,21885399021320574560651114684216824442350810668622956886293663194490254187234,YES,full_queue,60,900,2026-06-08 19:35:55.445000+00:00,2026-06-08 19:36:47.921000+00:00,buy_bid,2,0.005,0.0065,0.0014999999999999,52.476
