event_slug,event_title,event_start,event_end,market_index,market_label,condition_id,asset_id,token_side,factor,factor_family,label_name,label_mode,horizon_value,time_to_close_bucket,count,raw_spearman,nonzero_direction_hit,zero_return_share,median_label_elapsed_seconds
highest-temperature-in-shanghai-on-june-9-2026,Highest temperature in Shanghai on June 9?,2026-06-07T04:34:03Z,2026-06-09T12:00:00Z,0,18°C or below,0xc2e74183c15adfc561bdab466ce80efb6525b907ff36a1667452f14e7e607b73,82108548216968010072870699597305974161044963313995774427931182710031745067538,YES,depth_imbalance_1,book,wall_60s,wall_clock_seconds,60,early_gt_24h,7500,-0.3610832097253896,0.31875,0.9786666666666667,64.7815
highest-temperature-in-shanghai-on-june-9-2026,Highest temperature in Shanghai on June 9?,2026-06-07T04:34:03Z,2026-06-09T12:00:00Z,0,18°C or below,0xc2e74183c15adfc561bdab466ce80efb6525b907ff36a1667452f14e7e607b73,82108548216968010072870699597305974161044963313995774427931182710031745067538,YES,depth_imbalance_3,book,wall_60s,wall_clock_seconds,60,early_gt_24h,7500,-0.03334748510869946,0.3375,0.9786666666666667,64.7815
highest-temperature-in-shanghai-on-june-9-2026,Highest temperature in Shanghai on June 9?,2026-06-07T04:34:03Z,2026-06-09T12:00:00Z,0,18°C or below,0xc2e74183c15adfc561bdab466ce80efb6525b907ff36a1667452f14e7e607b73,82108548216968010072870699597305974161044963313995774427931182710031745067538,YES,depth_imbalance_5,book,wall_60s,wall_clock_seconds,60,early_gt_24h,7500,0.006807718755927798,0.40625,0.9786666666666667,64.7815
highest-temperature-in-shanghai-on-june-9-2026,Highest temperature in Shanghai on June 9?,2026-06-07T04:34:03Z,2026-06-09T12:00:00Z,0,18°C or below,0xc2e74183c15adfc561bdab466ce80efb6525b907ff36a1667452f14e7e607b73,82108548216968010072870699597305974161044963313995774427931182710031745067538,YES,microprice_minus_mid,book,wall_60s,wall_clock_seconds,60,early_gt_24h,7500,-0.15488117711701435,0.375,0.9786666666666667,64.7815
highest-temperature-in-shanghai-on-june-9-2026,Highest temperature in Shanghai on June 9?,2026-06-07T04:34:03Z,2026-06-09T12:00:00Z,0,18°C or below,0xc2e74183c15adfc561bdab466ce80efb6525b907ff36a1667452f14e7e607b73,82108548216968010072870699597305974161044963313995774427931182710031745067538,YES,ofi_30s,flow_clock_sensitive,wall_60s,wall_clock_seconds,60,early_gt_24h,7500,-0.0809162889642281,0.775,0.9786666666666667,64.7815
highest-temperature-in-shanghai-on-june-9-2026,Highest temperature in Shanghai on June 9?,2026-06-07T04:34:03Z,2026-06-09T12:00:00Z,0,18°C or below,0xc2e74183c15adfc561bdab466ce80efb6525b907ff36a1667452f14e7e607b73,82108548216968010072870699597305974161044963313995774427931182710031745067538,YES,trade_pressure_30s,flow_clock_sensitive,wall_60s,wall_clock_seconds,60,early_gt_24h,7500,,0.0625,0.9786666666666667,64.7815
highest-temperature-in-shanghai-on-june-9-2026,Highest temperature in Shanghai on June 9?,2026-06-07T04:34:03Z,2026-06-09T12:00:00Z,0,18°C or below,0xc2e74183c15adfc561bdab466ce80efb6525b907ff36a1667452f14e7e607b73,82108548216968010072870699597305974161044963313995774427931182710031745067538,YES,depth_imbalance_1,book,wall_300s,wall_clock_seconds,300,early_gt_24h,7451,-0.6635764448998094,0.1781609195402299,0.9532948597503691,308.85699999999997
highest-temperature-in-shanghai-on-june-9-2026,Highest temperature in Shanghai on June 9?,2026-06-07T04:34:03Z,2026-06-09T12:00:00Z,0,18°C or below,0xc2e74183c15adfc561bdab466ce80efb6525b907ff36a1667452f14e7e607b73,82108548216968010072870699597305974161044963313995774427931182710031745067538,YES,depth_imbalance_3,book,wall_300s,wall_clock_seconds,300,early_gt_24h,7451,-0.0425852350186984,0.3275862068965517,0.9532948597503691,308.85699999999997
highest-temperature-in-shanghai-on-june-9-2026,Highest temperature in Shanghai on June 9?,2026-06-07T04:34:03Z,2026-06-09T12:00:00Z,0,18°C or below,0xc2e74183c15adfc561bdab466ce80efb6525b907ff36a1667452f14e7e607b73,82108548216968010072870699597305974161044963313995774427931182710031745067538,YES,depth_imbalance_5,book,wall_300s,wall_clock_seconds,300,early_gt_24h,7451,-0.019980189276350004,0.3936781609195402,0.9532948597503691,308.85699999999997
highest-temperature-in-shanghai-on-june-9-2026,Highest temperature in Shanghai on June 9?,2026-06-07T04:34:03Z,2026-06-09T12:00:00Z,0,18°C or below,0xc2e74183c15adfc561bdab466ce80efb6525b907ff36a1667452f14e7e607b73,82108548216968010072870699597305974161044963313995774427931182710031745067538,YES,microprice_minus_mid,book,wall_300s,wall_clock_seconds,300,early_gt_24h,7451,-0.33140369499081007,0.2959770114942529,0.9532948597503691,308.85699999999997
highest-temperature-in-shanghai-on-june-9-2026,Highest temperature in Shanghai on June 9?,2026-06-07T04:34:03Z,2026-06-09T12:00:00Z,0,18°C or below,0xc2e74183c15adfc561bdab466ce80efb6525b907ff36a1667452f14e7e607b73,82108548216968010072870699597305974161044963313995774427931182710031745067538,YES,ofi_30s,flow_clock_sensitive,wall_300s,wall_clock_seconds,300,early_gt_24h,7451,-0.13163921948975077,0.7270114942528736,0.9532948597503691,308.85699999999997
highest-temperature-in-shanghai-on-june-9-2026,Highest temperature in Shanghai on June 9?,2026-06-07T04:34:03Z,2026-06-09T12:00:00Z,0,18°C or below,0xc2e74183c15adfc561bdab466ce80efb6525b907ff36a1667452f14e7e607b73,82108548216968010072870699597305974161044963313995774427931182710031745067538,YES,trade_pressure_30s,flow_clock_sensitive,wall_300s,wall_clock_seconds,300,early_gt_24h,7451,,0.06321839080459771,0.9532948597503691,308.85699999999997
highest-temperature-in-shanghai-on-june-9-2026,Highest temperature in Shanghai on June 9?,2026-06-07T04:34:03Z,2026-06-09T12:00:00Z,0,18°C or below,0xc2e74183c15adfc561bdab466ce80efb6525b907ff36a1667452f14e7e607b73,82108548216968010072870699597305974161044963313995774427931182710031745067538,YES,depth_imbalance_1,book,wall_900s,wall_clock_seconds,900,early_gt_24h,7350,-0.9485127760442915,0.09563409563409564,0.9345578231292517,907.641
highest-temperature-in-shanghai-on-june-9-2026,Highest temperature in Shanghai on June 9?,2026-06-07T04:34:03Z,2026-06-09T12:00:00Z,0,18°C or below,0xc2e74183c15adfc561bdab466ce80efb6525b907ff36a1667452f14e7e607b73,82108548216968010072870699597305974161044963313995774427931182710031745067538,YES,depth_imbalance_3,book,wall_900s,wall_clock_seconds,900,early_gt_24h,7350,-0.11133952509878499,0.20374220374220375,0.9345578231292517,907.641
highest-temperature-in-shanghai-on-june-9-2026,Highest temperature in Shanghai on June 9?,2026-06-07T04:34:03Z,2026-06-09T12:00:00Z,0,18°C or below,0xc2e74183c15adfc561bdab466ce80efb6525b907ff36a1667452f14e7e607b73,82108548216968010072870699597305974161044963313995774427931182710031745067538,YES,depth_imbalance_5,book,wall_900s,wall_clock_seconds,900,early_gt_24h,7350,-0.11457008322993847,0.2515592515592516,0.9345578231292517,907.641
highest-temperature-in-shanghai-on-june-9-2026,Highest temperature in Shanghai on June 9?,2026-06-07T04:34:03Z,2026-06-09T12:00:00Z,0,18°C or below,0xc2e74183c15adfc561bdab466ce80efb6525b907ff36a1667452f14e7e607b73,82108548216968010072870699597305974161044963313995774427931182710031745067538,YES,microprice_minus_mid,book,wall_900s,wall_clock_seconds,900,early_gt_24h,7350,-0.6475670225981616,0.18087318087318088,0.9345578231292517,907.641
highest-temperature-in-shanghai-on-june-9-2026,Highest temperature in Shanghai on June 9?,2026-06-07T04:34:03Z,2026-06-09T12:00:00Z,0,18°C or below,0xc2e74183c15adfc561bdab466ce80efb6525b907ff36a1667452f14e7e607b73,82108548216968010072870699597305974161044963313995774427931182710031745067538,YES,ofi_30s,flow_clock_sensitive,wall_900s,wall_clock_seconds,900,early_gt_24h,7350,-0.1947922998447203,0.8004158004158004,0.9345578231292517,907.641
highest-temperature-in-shanghai-on-june-9-2026,Highest temperature in Shanghai on June 9?,2026-06-07T04:34:03Z,2026-06-09T12:00:00Z,0,18°C or below,0xc2e74183c15adfc561bdab466ce80efb6525b907ff36a1667452f14e7e607b73,82108548216968010072870699597305974161044963313995774427931182710031745067538,YES,trade_pressure_30s,flow_clock_sensitive,wall_900s,wall_clock_seconds,900,early_gt_24h,7350,,0.0,0.9345578231292517,907.641
highest-temperature-in-shanghai-on-june-9-2026,Highest temperature in Shanghai on June 9?,2026-06-07T04:34:03Z,2026-06-09T12:00:00Z,0,18°C or below,0xc2e74183c15adfc561bdab466ce80efb6525b907ff36a1667452f14e7e607b73,82108548216968010072870699597305974161044963313995774427931182710031745067538,YES,depth_imbalance_1,book,valid_obs_10,valid_observation_steps,10,early_gt_24h,7492,-0.3387935741627084,0.3037974683544304,0.9789108382274426,40.155
highest-temperature-in-shanghai-on-june-9-2026,Highest temperature in Shanghai on June 9?,2026-06-07T04:34:03Z,2026-06-09T12:00:00Z,0,18°C or below,0xc2e74183c15adfc561bdab466ce80efb6525b907ff36a1667452f14e7e607b73,82108548216968010072870699597305974161044963313995774427931182710031745067538,YES,depth_imbalance_3,book,valid_obs_10,valid_observation_steps,10,early_gt_24h,7492,-0.08473289844889086,0.310126582278481,0.9789108382274426,40.155
highest-temperature-in-shanghai-on-june-9-2026,Highest temperature in Shanghai on June 9?,2026-06-07T04:34:03Z,2026-06-09T12:00:00Z,0,18°C or below,0xc2e74183c15adfc561bdab466ce80efb6525b907ff36a1667452f14e7e607b73,82108548216968010072870699597305974161044963313995774427931182710031745067538,YES,depth_imbalance_5,book,valid_obs_10,valid_observation_steps,10,early_gt_24h,7492,-0.0357701469586418,0.379746835443038,0.9789108382274426,40.155
highest-temperature-in-shanghai-on-june-9-2026,Highest temperature in Shanghai on June 9?,2026-06-07T04:34:03Z,2026-06-09T12:00:00Z,0,18°C or below,0xc2e74183c15adfc561bdab466ce80efb6525b907ff36a1667452f14e7e607b73,82108548216968010072870699597305974161044963313995774427931182710031745067538,YES,microprice_minus_mid,book,valid_obs_10,valid_observation_steps,10,early_gt_24h,7492,-0.18977851970205603,0.34810126582278483,0.9789108382274426,40.155
highest-temperature-in-shanghai-on-june-9-2026,Highest temperature in Shanghai on June 9?,2026-06-07T04:34:03Z,2026-06-09T12:00:00Z,0,18°C or below,0xc2e74183c15adfc561bdab466ce80efb6525b907ff36a1667452f14e7e607b73,82108548216968010072870699597305974161044963313995774427931182710031745067538,YES,ofi_30s,flow_clock_sensitive,valid_obs_10,valid_observation_steps,10,early_gt_24h,7492,-0.09462617484422754,0.7088607594936709,0.9789108382274426,40.155
highest-temperature-in-shanghai-on-june-9-2026,Highest temperature in Shanghai on June 9?,2026-06-07T04:34:03Z,2026-06-09T12:00:00Z,0,18°C or below,0xc2e74183c15adfc561bdab466ce80efb6525b907ff36a1667452f14e7e607b73,82108548216968010072870699597305974161044963313995774427931182710031745067538,YES,trade_pressure_30s,flow_clock_sensitive,valid_obs_10,valid_observation_steps,10,early_gt_24h,7492,,0.12658227848101267,0.9789108382274426,40.155
highest-temperature-in-shanghai-on-june-9-2026,Highest temperature in Shanghai on June 9?,2026-06-07T04:34:03Z,2026-06-09T12:00:00Z,0,18°C or below,0xc2e74183c15adfc561bdab466ce80efb6525b907ff36a1667452f14e7e607b73,82108548216968010072870699597305974161044963313995774427931182710031745067538,YES,depth_imbalance_1,book,valid_obs_50,valid_observation_steps,50,early_gt_24h,7402,-0.7544031121236366,0.15789473684210525,0.9486625236422589,261.691
highest-temperature-in-shanghai-on-june-9-2026,Highest temperature in Shanghai on June 9?,2026-06-07T04:34:03Z,2026-06-09T12:00:00Z,0,18°C or below,0xc2e74183c15adfc561bdab466ce80efb6525b907ff36a1667452f14e7e607b73,82108548216968010072870699597305974161044963313995774427931182710031745067538,YES,depth_imbalance_3,book,valid_obs_50,valid_observation_steps,50,early_gt_24h,7402,-0.08856848785628514,0.29473684210526313,0.9486625236422589,261.691
highest-temperature-in-shanghai-on-june-9-2026,Highest temperature in Shanghai on June 9?,2026-06-07T04:34:03Z,2026-06-09T12:00:00Z,0,18°C or below,0xc2e74183c15adfc561bdab466ce80efb6525b907ff36a1667452f14e7e607b73,82108548216968010072870699597305974161044963313995774427931182710031745067538,YES,depth_imbalance_5,book,valid_obs_50,valid_observation_steps,50,early_gt_24h,7402,-0.05351980271346248,0.35526315789473684,0.9486625236422589,261.691
highest-temperature-in-shanghai-on-june-9-2026,Highest temperature in Shanghai on June 9?,2026-06-07T04:34:03Z,2026-06-09T12:00:00Z,0,18°C or below,0xc2e74183c15adfc561bdab466ce80efb6525b907ff36a1667452f14e7e607b73,82108548216968010072870699597305974161044963313995774427931182710031745067538,YES,microprice_minus_mid,book,valid_obs_50,valid_observation_steps,50,early_gt_24h,7402,-0.4326345575469329,0.2657894736842105,0.9486625236422589,261.691
highest-temperature-in-shanghai-on-june-9-2026,Highest temperature in Shanghai on June 9?,2026-06-07T04:34:03Z,2026-06-09T12:00:00Z,0,18°C or below,0xc2e74183c15adfc561bdab466ce80efb6525b907ff36a1667452f14e7e607b73,82108548216968010072870699597305974161044963313995774427931182710031745067538,YES,ofi_30s,flow_clock_sensitive,valid_obs_50,valid_observation_steps,50,early_gt_24h,7402,-0.205974066896204,0.7368421052631579,0.9486625236422589,261.691
highest-temperature-in-shanghai-on-june-9-2026,Highest temperature in Shanghai on June 9?,2026-06-07T04:34:03Z,2026-06-09T12:00:00Z,0,18°C or below,0xc2e74183c15adfc561bdab466ce80efb6525b907ff36a1667452f14e7e607b73,82108548216968010072870699597305974161044963313995774427931182710031745067538,YES,trade_pressure_30s,flow_clock_sensitive,valid_obs_50,valid_observation_steps,50,early_gt_24h,7402,,0.02368421052631579,0.9486625236422589,261.691
highest-temperature-in-shanghai-on-june-9-2026,Highest temperature in Shanghai on June 9?,2026-06-07T04:34:03Z,2026-06-09T12:00:00Z,0,18°C or below,0xc2e74183c15adfc561bdab466ce80efb6525b907ff36a1667452f14e7e607b73,82108548216968010072870699597305974161044963313995774427931182710031745067538,YES,depth_imbalance_1,book,valid_obs_200,valid_observation_steps,200,early_gt_24h,7106,-0.9428149860043001,0.1026694045174538,0.9314663664508865,988.342
highest-temperature-in-shanghai-on-june-9-2026,Highest temperature in Shanghai on June 9?,2026-06-07T04:34:03Z,2026-06-09T12:00:00Z,0,18°C or below,0xc2e74183c15adfc561bdab466ce80efb6525b907ff36a1667452f14e7e607b73,82108548216968010072870699597305974161044963313995774427931182710031745067538,YES,depth_imbalance_3,book,valid_obs_200,valid_observation_steps,200,early_gt_24h,7106,-0.10477840239443213,0.20944558521560575,0.9314663664508865,988.342
highest-temperature-in-shanghai-on-june-9-2026,Highest temperature in Shanghai on June 9?,2026-06-07T04:34:03Z,2026-06-09T12:00:00Z,0,18°C or below,0xc2e74183c15adfc561bdab466ce80efb6525b907ff36a1667452f14e7e607b73,82108548216968010072870699597305974161044963313995774427931182710031745067538,YES,depth_imbalance_5,book,valid_obs_200,valid_observation_steps,200,early_gt_24h,7106,-0.10850581220666755,0.25667351129363447,0.9314663664508865,988.342
highest-temperature-in-shanghai-on-june-9-2026,Highest temperature in Shanghai on June 9?,2026-06-07T04:34:03Z,2026-06-09T12:00:00Z,0,18°C or below,0xc2e74183c15adfc561bdab466ce80efb6525b907ff36a1667452f14e7e607b73,82108548216968010072870699597305974161044963313995774427931182710031745067538,YES,microprice_minus_mid,book,valid_obs_200,valid_observation_steps,200,early_gt_24h,7106,-0.6437428881062444,0.1868583162217659,0.9314663664508865,988.342
highest-temperature-in-shanghai-on-june-9-2026,Highest temperature in Shanghai on June 9?,2026-06-07T04:34:03Z,2026-06-09T12:00:00Z,0,18°C or below,0xc2e74183c15adfc561bdab466ce80efb6525b907ff36a1667452f14e7e607b73,82108548216968010072870699597305974161044963313995774427931182710031745067538,YES,ofi_30s,flow_clock_sensitive,valid_obs_200,valid_observation_steps,200,early_gt_24h,7106,-0.1936100646776017,0.7987679671457906,0.9314663664508865,988.342
highest-temperature-in-shanghai-on-june-9-2026,Highest temperature in Shanghai on June 9?,2026-06-07T04:34:03Z,2026-06-09T12:00:00Z,0,18°C or below,0xc2e74183c15adfc561bdab466ce80efb6525b907ff36a1667452f14e7e607b73,82108548216968010072870699597305974161044963313995774427931182710031745067538,YES,trade_pressure_30s,flow_clock_sensitive,valid_obs_200,valid_observation_steps,200,early_gt_24h,7106,,0.004106776180698152,0.9314663664508865,988.342
highest-temperature-in-shanghai-on-june-9-2026,Highest temperature in Shanghai on June 9?,2026-06-07T04:34:03Z,2026-06-09T12:00:00Z,1,19°C,0xe9270a0ad0e9215e2249b5573f8e1e40b39e76d19b45ded06aa4c0faeae9b9a8,74502948617169463266911772205376938956442075011044734712645525624423814463171,YES,depth_imbalance_1,book,wall_60s,wall_clock_seconds,60,early_gt_24h,10830,-0.041100748922711636,0.452,0.976915974145891,64.956
highest-temperature-in-shanghai-on-june-9-2026,Highest temperature in Shanghai on June 9?,2026-06-07T04:34:03Z,2026-06-09T12:00:00Z,1,19°C,0xe9270a0ad0e9215e2249b5573f8e1e40b39e76d19b45ded06aa4c0faeae9b9a8,74502948617169463266911772205376938956442075011044734712645525624423814463171,YES,depth_imbalance_3,book,wall_60s,wall_clock_seconds,60,early_gt_24h,10830,-0.0704931583871478,0.228,0.976915974145891,64.956
highest-temperature-in-shanghai-on-june-9-2026,Highest temperature in Shanghai on June 9?,2026-06-07T04:34:03Z,2026-06-09T12:00:00Z,1,19°C,0xe9270a0ad0e9215e2249b5573f8e1e40b39e76d19b45ded06aa4c0faeae9b9a8,74502948617169463266911772205376938956442075011044734712645525624423814463171,YES,depth_imbalance_5,book,wall_60s,wall_clock_seconds,60,early_gt_24h,10830,0.0019353718932682861,0.56,0.976915974145891,64.956
highest-temperature-in-shanghai-on-june-9-2026,Highest temperature in Shanghai on June 9?,2026-06-07T04:34:03Z,2026-06-09T12:00:00Z,1,19°C,0xe9270a0ad0e9215e2249b5573f8e1e40b39e76d19b45ded06aa4c0faeae9b9a8,74502948617169463266911772205376938956442075011044734712645525624423814463171,YES,microprice_minus_mid,book,wall_60s,wall_clock_seconds,60,early_gt_24h,10830,-0.03243360156352843,0.452,0.976915974145891,64.956
highest-temperature-in-shanghai-on-june-9-2026,Highest temperature in Shanghai on June 9?,2026-06-07T04:34:03Z,2026-06-09T12:00:00Z,1,19°C,0xe9270a0ad0e9215e2249b5573f8e1e40b39e76d19b45ded06aa4c0faeae9b9a8,74502948617169463266911772205376938956442075011044734712645525624423814463171,YES,ofi_30s,flow_clock_sensitive,wall_60s,wall_clock_seconds,60,early_gt_24h,10830,0.12978514315534254,0.608,0.976915974145891,64.956
highest-temperature-in-shanghai-on-june-9-2026,Highest temperature in Shanghai on June 9?,2026-06-07T04:34:03Z,2026-06-09T12:00:00Z,1,19°C,0xe9270a0ad0e9215e2249b5573f8e1e40b39e76d19b45ded06aa4c0faeae9b9a8,74502948617169463266911772205376938956442075011044734712645525624423814463171,YES,trade_pressure_30s,flow_clock_sensitive,wall_60s,wall_clock_seconds,60,early_gt_24h,10830,0.0003130259050222153,0.52,0.976915974145891,64.956
highest-temperature-in-shanghai-on-june-9-2026,Highest temperature in Shanghai on June 9?,2026-06-07T04:34:03Z,2026-06-09T12:00:00Z,1,19°C,0xe9270a0ad0e9215e2249b5573f8e1e40b39e76d19b45ded06aa4c0faeae9b9a8,74502948617169463266911772205376938956442075011044734712645525624423814463171,YES,depth_imbalance_1,book,wall_300s,wall_clock_seconds,300,early_gt_24h,10704,-0.08129910919802087,0.38449612403100775,0.9397421524663677,308.661
highest-temperature-in-shanghai-on-june-9-2026,Highest temperature in Shanghai on June 9?,2026-06-07T04:34:03Z,2026-06-09T12:00:00Z,1,19°C,0xe9270a0ad0e9215e2249b5573f8e1e40b39e76d19b45ded06aa4c0faeae9b9a8,74502948617169463266911772205376938956442075011044734712645525624423814463171,YES,depth_imbalance_3,book,wall_300s,wall_clock_seconds,300,early_gt_24h,10704,-0.14769186872952636,0.23565891472868217,0.9397421524663677,308.661
highest-temperature-in-shanghai-on-june-9-2026,Highest temperature in Shanghai on June 9?,2026-06-07T04:34:03Z,2026-06-09T12:00:00Z,1,19°C,0xe9270a0ad0e9215e2249b5573f8e1e40b39e76d19b45ded06aa4c0faeae9b9a8,74502948617169463266911772205376938956442075011044734712645525624423814463171,YES,depth_imbalance_5,book,wall_300s,wall_clock_seconds,300,early_gt_24h,10704,-0.08233295664003572,0.4186046511627907,0.9397421524663677,308.661
highest-temperature-in-shanghai-on-june-9-2026,Highest temperature in Shanghai on June 9?,2026-06-07T04:34:03Z,2026-06-09T12:00:00Z,1,19°C,0xe9270a0ad0e9215e2249b5573f8e1e40b39e76d19b45ded06aa4c0faeae9b9a8,74502948617169463266911772205376938956442075011044734712645525624423814463171,YES,microprice_minus_mid,book,wall_300s,wall_clock_seconds,300,early_gt_24h,10704,-0.106047535650855,0.38449612403100775,0.9397421524663677,308.661
highest-temperature-in-shanghai-on-june-9-2026,Highest temperature in Shanghai on June 9?,2026-06-07T04:34:03Z,2026-06-09T12:00:00Z,1,19°C,0xe9270a0ad0e9215e2249b5573f8e1e40b39e76d19b45ded06aa4c0faeae9b9a8,74502948617169463266911772205376938956442075011044734712645525624423814463171,YES,ofi_30s,flow_clock_sensitive,wall_300s,wall_clock_seconds,300,early_gt_24h,10704,0.07503869603130289,0.4263565891472868,0.9397421524663677,308.661
highest-temperature-in-shanghai-on-june-9-2026,Highest temperature in Shanghai on June 9?,2026-06-07T04:34:03Z,2026-06-09T12:00:00Z,1,19°C,0xe9270a0ad0e9215e2249b5573f8e1e40b39e76d19b45ded06aa4c0faeae9b9a8,74502948617169463266911772205376938956442075011044734712645525624423814463171,YES,trade_pressure_30s,flow_clock_sensitive,wall_300s,wall_clock_seconds,300,early_gt_24h,10704,,0.3875968992248062,0.9397421524663677,308.661
highest-temperature-in-shanghai-on-june-9-2026,Highest temperature in Shanghai on June 9?,2026-06-07T04:34:03Z,2026-06-09T12:00:00Z,1,19°C,0xe9270a0ad0e9215e2249b5573f8e1e40b39e76d19b45ded06aa4c0faeae9b9a8,74502948617169463266911772205376938956442075011044734712645525624423814463171,YES,depth_imbalance_1,book,wall_900s,wall_clock_seconds,900,early_gt_24h,10672,-0.05630121190643997,0.4756242568370987,0.842391304347826,908.3105
highest-temperature-in-shanghai-on-june-9-2026,Highest temperature in Shanghai on June 9?,2026-06-07T04:34:03Z,2026-06-09T12:00:00Z,1,19°C,0xe9270a0ad0e9215e2249b5573f8e1e40b39e76d19b45ded06aa4c0faeae9b9a8,74502948617169463266911772205376938956442075011044734712645525624423814463171,YES,depth_imbalance_3,book,wall_900s,wall_clock_seconds,900,early_gt_24h,10672,-0.22606260040302492,0.2211652794292509,0.842391304347826,908.3105
highest-temperature-in-shanghai-on-june-9-2026,Highest temperature in Shanghai on June 9?,2026-06-07T04:34:03Z,2026-06-09T12:00:00Z,1,19°C,0xe9270a0ad0e9215e2249b5573f8e1e40b39e76d19b45ded06aa4c0faeae9b9a8,74502948617169463266911772205376938956442075011044734712645525624423814463171,YES,depth_imbalance_5,book,wall_900s,wall_clock_seconds,900,early_gt_24h,10672,-0.17708483900657687,0.4244946492271106,0.842391304347826,908.3105
highest-temperature-in-shanghai-on-june-9-2026,Highest temperature in Shanghai on June 9?,2026-06-07T04:34:03Z,2026-06-09T12:00:00Z,1,19°C,0xe9270a0ad0e9215e2249b5573f8e1e40b39e76d19b45ded06aa4c0faeae9b9a8,74502948617169463266911772205376938956442075011044734712645525624423814463171,YES,microprice_minus_mid,book,wall_900s,wall_clock_seconds,900,early_gt_24h,10672,-0.08889234145561432,0.4768133174791914,0.842391304347826,908.3105
highest-temperature-in-shanghai-on-june-9-2026,Highest temperature in Shanghai on June 9?,2026-06-07T04:34:03Z,2026-06-09T12:00:00Z,1,19°C,0xe9270a0ad0e9215e2249b5573f8e1e40b39e76d19b45ded06aa4c0faeae9b9a8,74502948617169463266911772205376938956442075011044734712645525624423814463171,YES,ofi_30s,flow_clock_sensitive,wall_900s,wall_clock_seconds,900,early_gt_24h,10672,0.037638001532112164,0.34185493460166466,0.842391304347826,908.3105
highest-temperature-in-shanghai-on-june-9-2026,Highest temperature in Shanghai on June 9?,2026-06-07T04:34:03Z,2026-06-09T12:00:00Z,1,19°C,0xe9270a0ad0e9215e2249b5573f8e1e40b39e76d19b45ded06aa4c0faeae9b9a8,74502948617169463266911772205376938956442075011044734712645525624423814463171,YES,trade_pressure_30s,flow_clock_sensitive,wall_900s,wall_clock_seconds,900,early_gt_24h,10672,,0.3347205707491082,0.842391304347826,908.3105
highest-temperature-in-shanghai-on-june-9-2026,Highest temperature in Shanghai on June 9?,2026-06-07T04:34:03Z,2026-06-09T12:00:00Z,1,19°C,0xe9270a0ad0e9215e2249b5573f8e1e40b39e76d19b45ded06aa4c0faeae9b9a8,74502948617169463266911772205376938956442075011044734712645525624423814463171,YES,depth_imbalance_1,book,valid_obs_10,valid_observation_steps,10,early_gt_24h,10839,-0.018393818345375058,0.4581005586592179,0.9834855613986531,42.386
highest-temperature-in-shanghai-on-june-9-2026,Highest temperature in Shanghai on June 9?,2026-06-07T04:34:03Z,2026-06-09T12:00:00Z,1,19°C,0xe9270a0ad0e9215e2249b5573f8e1e40b39e76d19b45ded06aa4c0faeae9b9a8,74502948617169463266911772205376938956442075011044734712645525624423814463171,YES,depth_imbalance_3,book,valid_obs_10,valid_observation_steps,10,early_gt_24h,10839,-0.029792566376184045,0.40782122905027934,0.9834855613986531,42.386
highest-temperature-in-shanghai-on-june-9-2026,Highest temperature in Shanghai on June 9?,2026-06-07T04:34:03Z,2026-06-09T12:00:00Z,1,19°C,0xe9270a0ad0e9215e2249b5573f8e1e40b39e76d19b45ded06aa4c0faeae9b9a8,74502948617169463266911772205376938956442075011044734712645525624423814463171,YES,depth_imbalance_5,book,valid_obs_10,valid_observation_steps,10,early_gt_24h,10839,-0.008712447433361498,0.4692737430167598,0.9834855613986531,42.386
highest-temperature-in-shanghai-on-june-9-2026,Highest temperature in Shanghai on June 9?,2026-06-07T04:34:03Z,2026-06-09T12:00:00Z,1,19°C,0xe9270a0ad0e9215e2249b5573f8e1e40b39e76d19b45ded06aa4c0faeae9b9a8,74502948617169463266911772205376938956442075011044734712645525624423814463171,YES,microprice_minus_mid,book,valid_obs_10,valid_observation_steps,10,early_gt_24h,10839,-0.028924184458633675,0.4581005586592179,0.9834855613986531,42.386
highest-temperature-in-shanghai-on-june-9-2026,Highest temperature in Shanghai on June 9?,2026-06-07T04:34:03Z,2026-06-09T12:00:00Z,1,19°C,0xe9270a0ad0e9215e2249b5573f8e1e40b39e76d19b45ded06aa4c0faeae9b9a8,74502948617169463266911772205376938956442075011044734712645525624423814463171,YES,ofi_30s,flow_clock_sensitive,valid_obs_10,valid_observation_steps,10,early_gt_24h,10839,0.14776354712591383,0.5307262569832403,0.9834855613986531,42.386
highest-temperature-in-shanghai-on-june-9-2026,Highest temperature in Shanghai on June 9?,2026-06-07T04:34:03Z,2026-06-09T12:00:00Z,1,19°C,0xe9270a0ad0e9215e2249b5573f8e1e40b39e76d19b45ded06aa4c0faeae9b9a8,74502948617169463266911772205376938956442075011044734712645525624423814463171,YES,trade_pressure_30s,flow_clock_sensitive,valid_obs_10,valid_observation_steps,10,early_gt_24h,10839,0.001878852896774709,0.6424581005586593,0.9834855613986531,42.386
highest-temperature-in-shanghai-on-june-9-2026,Highest temperature in Shanghai on June 9?,2026-06-07T04:34:03Z,2026-06-09T12:00:00Z,1,19°C,0xe9270a0ad0e9215e2249b5573f8e1e40b39e76d19b45ded06aa4c0faeae9b9a8,74502948617169463266911772205376938956442075011044734712645525624423814463171,YES,depth_imbalance_1,book,valid_obs_50,valid_observation_steps,50,early_gt_24h,10749,-0.021919647843770415,0.5153733528550513,0.9364592055074891,282.843
highest-temperature-in-shanghai-on-june-9-2026,Highest temperature in Shanghai on June 9?,2026-06-07T04:34:03Z,2026-06-09T12:00:00Z,1,19°C,0xe9270a0ad0e9215e2249b5573f8e1e40b39e76d19b45ded06aa4c0faeae9b9a8,74502948617169463266911772205376938956442075011044734712645525624423814463171,YES,depth_imbalance_3,book,valid_obs_50,valid_observation_steps,50,early_gt_24h,10749,-0.09821126916286545,0.2972181551976574,0.9364592055074891,282.843
highest-temperature-in-shanghai-on-june-9-2026,Highest temperature in Shanghai on June 9?,2026-06-07T04:34:03Z,2026-06-09T12:00:00Z,1,19°C,0xe9270a0ad0e9215e2249b5573f8e1e40b39e76d19b45ded06aa4c0faeae9b9a8,74502948617169463266911772205376938956442075011044734712645525624423814463171,YES,depth_imbalance_5,book,valid_obs_50,valid_observation_steps,50,early_gt_24h,10749,-0.03629023794163738,0.48755490483162517,0.9364592055074891,282.843
highest-temperature-in-shanghai-on-june-9-2026,Highest temperature in Shanghai on June 9?,2026-06-07T04:34:03Z,2026-06-09T12:00:00Z,1,19°C,0xe9270a0ad0e9215e2249b5573f8e1e40b39e76d19b45ded06aa4c0faeae9b9a8,74502948617169463266911772205376938956442075011044734712645525624423814463171,YES,microprice_minus_mid,book,valid_obs_50,valid_observation_steps,50,early_gt_24h,10749,-0.018898924703413898,0.5153733528550513,0.9364592055074891,282.843
highest-temperature-in-shanghai-on-june-9-2026,Highest temperature in Shanghai on June 9?,2026-06-07T04:34:03Z,2026-06-09T12:00:00Z,1,19°C,0xe9270a0ad0e9215e2249b5573f8e1e40b39e76d19b45ded06aa4c0faeae9b9a8,74502948617169463266911772205376938956442075011044734712645525624423814463171,YES,ofi_30s,flow_clock_sensitive,valid_obs_50,valid_observation_steps,50,early_gt_24h,10749,0.08852480560869812,0.4363103953147877,0.9364592055074891,282.843
highest-temperature-in-shanghai-on-june-9-2026,Highest temperature in Shanghai on June 9?,2026-06-07T04:34:03Z,2026-06-09T12:00:00Z,1,19°C,0xe9270a0ad0e9215e2249b5573f8e1e40b39e76d19b45ded06aa4c0faeae9b9a8,74502948617169463266911772205376938956442075011044734712645525624423814463171,YES,trade_pressure_30s,flow_clock_sensitive,valid_obs_50,valid_observation_steps,50,early_gt_24h,10749,,0.39970717423133234,0.9364592055074891,282.843
highest-temperature-in-shanghai-on-june-9-2026,Highest temperature in Shanghai on June 9?,2026-06-07T04:34:03Z,2026-06-09T12:00:00Z,1,19°C,0xe9270a0ad0e9215e2249b5573f8e1e40b39e76d19b45ded06aa4c0faeae9b9a8,74502948617169463266911772205376938956442075011044734712645525624423814463171,YES,depth_imbalance_1,book,valid_obs_200,valid_observation_steps,200,early_gt_24h,10469,0.05277618347979577,0.5962059620596206,0.7885184831407012,1108.406
highest-temperature-in-shanghai-on-june-9-2026,Highest temperature in Shanghai on June 9?,2026-06-07T04:34:03Z,2026-06-09T12:00:00Z,1,19°C,0xe9270a0ad0e9215e2249b5573f8e1e40b39e76d19b45ded06aa4c0faeae9b9a8,74502948617169463266911772205376938956442075011044734712645525624423814463171,YES,depth_imbalance_3,book,valid_obs_200,valid_observation_steps,200,early_gt_24h,10469,-0.1506624931706389,0.3215898825654923,0.7885184831407012,1108.406
highest-temperature-in-shanghai-on-june-9-2026,Highest temperature in Shanghai on June 9?,2026-06-07T04:34:03Z,2026-06-09T12:00:00Z,1,19°C,0xe9270a0ad0e9215e2249b5573f8e1e40b39e76d19b45ded06aa4c0faeae9b9a8,74502948617169463266911772205376938956442075011044734712645525624423814463171,YES,depth_imbalance_5,book,valid_obs_200,valid_observation_steps,200,early_gt_24h,10469,-0.13304875317748766,0.46973803071364045,0.7885184831407012,1108.406
highest-temperature-in-shanghai-on-june-9-2026,Highest temperature in Shanghai on June 9?,2026-06-07T04:34:03Z,2026-06-09T12:00:00Z,1,19°C,0xe9270a0ad0e9215e2249b5573f8e1e40b39e76d19b45ded06aa4c0faeae9b9a8,74502948617169463266911772205376938956442075011044734712645525624423814463171,YES,microprice_minus_mid,book,valid_obs_200,valid_observation_steps,200,early_gt_24h,10469,0.059154175297840166,0.5962059620596206,0.7885184831407012,1108.406
highest-temperature-in-shanghai-on-june-9-2026,Highest temperature in Shanghai on June 9?,2026-06-07T04:34:03Z,2026-06-09T12:00:00Z,1,19°C,0xe9270a0ad0e9215e2249b5573f8e1e40b39e76d19b45ded06aa4c0faeae9b9a8,74502948617169463266911772205376938956442075011044734712645525624423814463171,YES,ofi_30s,flow_clock_sensitive,valid_obs_200,valid_observation_steps,200,early_gt_24h,10469,-0.02416888596949418,0.32791327913279134,0.7885184831407012,1108.406
highest-temperature-in-shanghai-on-june-9-2026,Highest temperature in Shanghai on June 9?,2026-06-07T04:34:03Z,2026-06-09T12:00:00Z,1,19°C,0xe9270a0ad0e9215e2249b5573f8e1e40b39e76d19b45ded06aa4c0faeae9b9a8,74502948617169463266911772205376938956442075011044734712645525624423814463171,YES,trade_pressure_30s,flow_clock_sensitive,valid_obs_200,valid_observation_steps,200,early_gt_24h,10469,,0.34327009936766034,0.7885184831407012,1108.406
highest-temperature-in-shanghai-on-june-9-2026,Highest temperature in Shanghai on June 9?,2026-06-07T04:34:03Z,2026-06-09T12:00:00Z,2,20°C,0xe692a6f51125cf6914c090f8e01ecf1491030ed0ad775156b7dea9ed74099392,29363478216105628907851761749240280974313606434750483239415068662725185057677,YES,depth_imbalance_1,book,wall_60s,wall_clock_seconds,60,early_gt_24h,54176,0.04491412716556854,0.561519146264909,0.9411916715888955,63.06
highest-temperature-in-shanghai-on-june-9-2026,Highest temperature in Shanghai on June 9?,2026-06-07T04:34:03Z,2026-06-09T12:00:00Z,2,20°C,0xe692a6f51125cf6914c090f8e01ecf1491030ed0ad775156b7dea9ed74099392,29363478216105628907851761749240280974313606434750483239415068662725185057677,YES,depth_imbalance_3,book,wall_60s,wall_clock_seconds,60,early_gt_24h,54176,0.04418185885582703,0.5364092906465788,0.9411916715888955,63.06
highest-temperature-in-shanghai-on-june-9-2026,Highest temperature in Shanghai on June 9?,2026-06-07T04:34:03Z,2026-06-09T12:00:00Z,2,20°C,0xe692a6f51125cf6914c090f8e01ecf1491030ed0ad775156b7dea9ed74099392,29363478216105628907851761749240280974313606434750483239415068662725185057677,YES,depth_imbalance_5,book,wall_60s,wall_clock_seconds,60,early_gt_24h,54176,0.04121571333996987,0.5982423101067169,0.9411916715888955,63.06
highest-temperature-in-shanghai-on-june-9-2026,Highest temperature in Shanghai on June 9?,2026-06-07T04:34:03Z,2026-06-09T12:00:00Z,2,20°C,0xe692a6f51125cf6914c090f8e01ecf1491030ed0ad775156b7dea9ed74099392,29363478216105628907851761749240280974313606434750483239415068662725185057677,YES,microprice_minus_mid,book,wall_60s,wall_clock_seconds,60,early_gt_24h,54176,0.021292197735962467,0.5018832391713748,0.9411916715888955,63.06
highest-temperature-in-shanghai-on-june-9-2026,Highest temperature in Shanghai on June 9?,2026-06-07T04:34:03Z,2026-06-09T12:00:00Z,2,20°C,0xe692a6f51125cf6914c090f8e01ecf1491030ed0ad775156b7dea9ed74099392,29363478216105628907851761749240280974313606434750483239415068662725185057677,YES,ofi_30s,flow_clock_sensitive,wall_60s,wall_clock_seconds,60,early_gt_24h,54176,-0.08245402666731692,0.4005021971123666,0.9411916715888955,63.06
highest-temperature-in-shanghai-on-june-9-2026,Highest temperature in Shanghai on June 9?,2026-06-07T04:34:03Z,2026-06-09T12:00:00Z,2,20°C,0xe692a6f51125cf6914c090f8e01ecf1491030ed0ad775156b7dea9ed74099392,29363478216105628907851761749240280974313606434750483239415068662725185057677,YES,trade_pressure_30s,flow_clock_sensitive,wall_60s,wall_clock_seconds,60,early_gt_24h,54176,0.01337701807046881,0.6666666666666666,0.9411916715888955,63.06
highest-temperature-in-shanghai-on-june-9-2026,Highest temperature in Shanghai on June 9?,2026-06-07T04:34:03Z,2026-06-09T12:00:00Z,2,20°C,0xe692a6f51125cf6914c090f8e01ecf1491030ed0ad775156b7dea9ed74099392,29363478216105628907851761749240280974313606434750483239415068662725185057677,YES,depth_imbalance_1,book,wall_300s,wall_clock_seconds,300,early_gt_24h,54018,0.06331317484205216,0.5492396813902969,0.8977377911066682,304.099
highest-temperature-in-shanghai-on-june-9-2026,Highest temperature in Shanghai on June 9?,2026-06-07T04:34:03Z,2026-06-09T12:00:00Z,2,20°C,0xe692a6f51125cf6914c090f8e01ecf1491030ed0ad775156b7dea9ed74099392,29363478216105628907851761749240280974313606434750483239415068662725185057677,YES,depth_imbalance_3,book,wall_300s,wall_clock_seconds,300,early_gt_24h,54018,0.05633332295018053,0.5059739319333816,0.8977377911066682,304.099
highest-temperature-in-shanghai-on-june-9-2026,Highest temperature in Shanghai on June 9?,2026-06-07T04:34:03Z,2026-06-09T12:00:00Z,2,20°C,0xe692a6f51125cf6914c090f8e01ecf1491030ed0ad775156b7dea9ed74099392,29363478216105628907851761749240280974313606434750483239415068662725185057677,YES,depth_imbalance_5,book,wall_300s,wall_clock_seconds,300,early_gt_24h,54018,0.10772666468379286,0.6884503982621288,0.8977377911066682,304.099
highest-temperature-in-shanghai-on-june-9-2026,Highest temperature in Shanghai on June 9?,2026-06-07T04:34:03Z,2026-06-09T12:00:00Z,2,20°C,0xe692a6f51125cf6914c090f8e01ecf1491030ed0ad775156b7dea9ed74099392,29363478216105628907851761749240280974313606434750483239415068662725185057677,YES,microprice_minus_mid,book,wall_300s,wall_clock_seconds,300,early_gt_24h,54018,0.048145845487767534,0.553584359160029,0.8977377911066682,304.099
highest-temperature-in-shanghai-on-june-9-2026,Highest temperature in Shanghai on June 9?,2026-06-07T04:34:03Z,2026-06-09T12:00:00Z,2,20°C,0xe692a6f51125cf6914c090f8e01ecf1491030ed0ad775156b7dea9ed74099392,29363478216105628907851761749240280974313606434750483239415068662725185057677,YES,ofi_30s,flow_clock_sensitive,wall_300s,wall_clock_seconds,300,early_gt_24h,54018,0.0071145048478149,0.4355539464156408,0.8977377911066682,304.099
highest-temperature-in-shanghai-on-june-9-2026,Highest temperature in Shanghai on June 9?,2026-06-07T04:34:03Z,2026-06-09T12:00:00Z,2,20°C,0xe692a6f51125cf6914c090f8e01ecf1491030ed0ad775156b7dea9ed74099392,29363478216105628907851761749240280974313606434750483239415068662725185057677,YES,trade_pressure_30s,flow_clock_sensitive,wall_300s,wall_clock_seconds,300,early_gt_24h,54018,-0.0012603760427298903,0.416545981173063,0.8977377911066682,304.099
highest-temperature-in-shanghai-on-june-9-2026,Highest temperature in Shanghai on June 9?,2026-06-07T04:34:03Z,2026-06-09T12:00:00Z,2,20°C,0xe692a6f51125cf6914c090f8e01ecf1491030ed0ad775156b7dea9ed74099392,29363478216105628907851761749240280974313606434750483239415068662725185057677,YES,depth_imbalance_1,book,wall_900s,wall_clock_seconds,900,early_gt_24h,53795,0.08152015845403215,0.6003514252245217,0.8095733804256902,904.356
highest-temperature-in-shanghai-on-june-9-2026,Highest temperature in Shanghai on June 9?,2026-06-07T04:34:03Z,2026-06-09T12:00:00Z,2,20°C,0xe692a6f51125cf6914c090f8e01ecf1491030ed0ad775156b7dea9ed74099392,29363478216105628907851761749240280974313606434750483239415068662725185057677,YES,depth_imbalance_3,book,wall_900s,wall_clock_seconds,900,early_gt_24h,53795,-0.016566591442161674,0.4204412338930105,0.8095733804256902,904.356
highest-temperature-in-shanghai-on-june-9-2026,Highest temperature in Shanghai on June 9?,2026-06-07T04:34:03Z,2026-06-09T12:00:00Z,2,20°C,0xe692a6f51125cf6914c090f8e01ecf1491030ed0ad775156b7dea9ed74099392,29363478216105628907851761749240280974313606434750483239415068662725185057677,YES,depth_imbalance_5,book,wall_900s,wall_clock_seconds,900,early_gt_24h,53795,0.08366232822563342,0.6596056228035924,0.8095733804256902,904.356
highest-temperature-in-shanghai-on-june-9-2026,Highest temperature in Shanghai on June 9?,2026-06-07T04:34:03Z,2026-06-09T12:00:00Z,2,20°C,0xe692a6f51125cf6914c090f8e01ecf1491030ed0ad775156b7dea9ed74099392,29363478216105628907851761749240280974313606434750483239415068662725185057677,YES,microprice_minus_mid,book,wall_900s,wall_clock_seconds,900,early_gt_24h,53795,-0.0418687776692938,0.5091761030847325,0.8095733804256902,904.356
highest-temperature-in-shanghai-on-june-9-2026,Highest temperature in Shanghai on June 9?,2026-06-07T04:34:03Z,2026-06-09T12:00:00Z,2,20°C,0xe692a6f51125cf6914c090f8e01ecf1491030ed0ad775156b7dea9ed74099392,29363478216105628907851761749240280974313606434750483239415068662725185057677,YES,ofi_30s,flow_clock_sensitive,wall_900s,wall_clock_seconds,900,early_gt_24h,53795,0.01259437402221581,0.33043732916829366,0.8095733804256902,904.356
highest-temperature-in-shanghai-on-june-9-2026,Highest temperature in Shanghai on June 9?,2026-06-07T04:34:03Z,2026-06-09T12:00:00Z,2,20°C,0xe692a6f51125cf6914c090f8e01ecf1491030ed0ad775156b7dea9ed74099392,29363478216105628907851761749240280974313606434750483239415068662725185057677,YES,trade_pressure_30s,flow_clock_sensitive,wall_900s,wall_clock_seconds,900,early_gt_24h,53795,0.010697042690862066,0.27928543537680595,0.8095733804256902,904.356
highest-temperature-in-shanghai-on-june-9-2026,Highest temperature in Shanghai on June 9?,2026-06-07T04:34:03Z,2026-06-09T12:00:00Z,2,20°C,0xe692a6f51125cf6914c090f8e01ecf1491030ed0ad775156b7dea9ed74099392,29363478216105628907851761749240280974313606434750483239415068662725185057677,YES,depth_imbalance_1,book,valid_obs_10,valid_observation_steps,10,early_gt_24h,54228,0.02139498997327039,0.49145477282200917,0.95576086154754,28.936
highest-temperature-in-shanghai-on-june-9-2026,Highest temperature in Shanghai on June 9?,2026-06-07T04:34:03Z,2026-06-09T12:00:00Z,2,20°C,0xe692a6f51125cf6914c090f8e01ecf1491030ed0ad775156b7dea9ed74099392,29363478216105628907851761749240280974313606434750483239415068662725185057677,YES,depth_imbalance_3,book,valid_obs_10,valid_observation_steps,10,early_gt_24h,54228,0.013208979376379062,0.49187161317215505,0.95576086154754,28.936
highest-temperature-in-shanghai-on-june-9-2026,Highest temperature in Shanghai on June 9?,2026-06-07T04:34:03Z,2026-06-09T12:00:00Z,2,20°C,0xe692a6f51125cf6914c090f8e01ecf1491030ed0ad775156b7dea9ed74099392,29363478216105628907851761749240280974313606434750483239415068662725185057677,YES,depth_imbalance_5,book,valid_obs_10,valid_observation_steps,10,early_gt_24h,54228,0.0017424467174168132,0.5360566902876198,0.95576086154754,28.936
highest-temperature-in-shanghai-on-june-9-2026,Highest temperature in Shanghai on June 9?,2026-06-07T04:34:03Z,2026-06-09T12:00:00Z,2,20°C,0xe692a6f51125cf6914c090f8e01ecf1491030ed0ad775156b7dea9ed74099392,29363478216105628907851761749240280974313606434750483239415068662725185057677,YES,microprice_minus_mid,book,valid_obs_10,valid_observation_steps,10,early_gt_24h,54228,0.006248073520702733,0.4910379324718633,0.95576086154754,28.936
highest-temperature-in-shanghai-on-june-9-2026,Highest temperature in Shanghai on June 9?,2026-06-07T04:34:03Z,2026-06-09T12:00:00Z,2,20°C,0xe692a6f51125cf6914c090f8e01ecf1491030ed0ad775156b7dea9ed74099392,29363478216105628907851761749240280974313606434750483239415068662725185057677,YES,ofi_30s,flow_clock_sensitive,valid_obs_10,valid_observation_steps,10,early_gt_24h,54228,-0.01105379896443457,0.49854105877448934,0.95576086154754,28.936
highest-temperature-in-shanghai-on-june-9-2026,Highest temperature in Shanghai on June 9?,2026-06-07T04:34:03Z,2026-06-09T12:00:00Z,2,20°C,0xe692a6f51125cf6914c090f8e01ecf1491030ed0ad775156b7dea9ed74099392,29363478216105628907851761749240280974313606434750483239415068662725185057677,YES,trade_pressure_30s,flow_clock_sensitive,valid_obs_10,valid_observation_steps,10,early_gt_24h,54228,0.031238107083072675,1.0,0.95576086154754,28.936
highest-temperature-in-shanghai-on-june-9-2026,Highest temperature in Shanghai on June 9?,2026-06-07T04:34:03Z,2026-06-09T12:00:00Z,2,20°C,0xe692a6f51125cf6914c090f8e01ecf1491030ed0ad775156b7dea9ed74099392,29363478216105628907851761749240280974313606434750483239415068662725185057677,YES,depth_imbalance_1,book,valid_obs_50,valid_observation_steps,50,early_gt_24h,54154,0.05593174245995976,0.6024401473296501,0.9197843187945489,166.372
highest-temperature-in-shanghai-on-june-9-2026,Highest temperature in Shanghai on June 9?,2026-06-07T04:34:03Z,2026-06-09T12:00:00Z,2,20°C,0xe692a6f51125cf6914c090f8e01ecf1491030ed0ad775156b7dea9ed74099392,29363478216105628907851761749240280974313606434750483239415068662725185057677,YES,depth_imbalance_3,book,valid_obs_50,valid_observation_steps,50,early_gt_24h,54154,0.01758916392076932,0.47744014732965007,0.9197843187945489,166.372
highest-temperature-in-shanghai-on-june-9-2026,Highest temperature in Shanghai on June 9?,2026-06-07T04:34:03Z,2026-06-09T12:00:00Z,2,20°C,0xe692a6f51125cf6914c090f8e01ecf1491030ed0ad775156b7dea9ed74099392,29363478216105628907851761749240280974313606434750483239415068662725185057677,YES,depth_imbalance_5,book,valid_obs_50,valid_observation_steps,50,early_gt_24h,54154,0.01200970626340851,0.5752762430939227,0.9197843187945489,166.372
highest-temperature-in-shanghai-on-june-9-2026,Highest temperature in Shanghai on June 9?,2026-06-07T04:34:03Z,2026-06-09T12:00:00Z,2,20°C,0xe692a6f51125cf6914c090f8e01ecf1491030ed0ad775156b7dea9ed74099392,29363478216105628907851761749240280974313606434750483239415068662725185057677,YES,microprice_minus_mid,book,valid_obs_50,valid_observation_steps,50,early_gt_24h,54154,0.04812107012546422,0.5725138121546961,0.9197843187945489,166.372
highest-temperature-in-shanghai-on-june-9-2026,Highest temperature in Shanghai on June 9?,2026-06-07T04:34:03Z,2026-06-09T12:00:00Z,2,20°C,0xe692a6f51125cf6914c090f8e01ecf1491030ed0ad775156b7dea9ed74099392,29363478216105628907851761749240280974313606434750483239415068662725185057677,YES,ofi_30s,flow_clock_sensitive,valid_obs_50,valid_observation_steps,50,early_gt_24h,54154,0.009836717809118373,0.4498158379373849,0.9197843187945489,166.372
highest-temperature-in-shanghai-on-june-9-2026,Highest temperature in Shanghai on June 9?,2026-06-07T04:34:03Z,2026-06-09T12:00:00Z,2,20°C,0xe692a6f51125cf6914c090f8e01ecf1491030ed0ad775156b7dea9ed74099392,29363478216105628907851761749240280974313606434750483239415068662725185057677,YES,trade_pressure_30s,flow_clock_sensitive,valid_obs_50,valid_observation_steps,50,early_gt_24h,54154,-0.011690602940167298,0.4139042357274402,0.9197843187945489,166.372
highest-temperature-in-shanghai-on-june-9-2026,Highest temperature in Shanghai on June 9?,2026-06-07T04:34:03Z,2026-06-09T12:00:00Z,2,20°C,0xe692a6f51125cf6914c090f8e01ecf1491030ed0ad775156b7dea9ed74099392,29363478216105628907851761749240280974313606434750483239415068662725185057677,YES,depth_imbalance_1,book,valid_obs_200,valid_observation_steps,200,early_gt_24h,53882,0.10211023827743775,0.6300043047783039,0.8275490887494896,706.982
highest-temperature-in-shanghai-on-june-9-2026,Highest temperature in Shanghai on June 9?,2026-06-07T04:34:03Z,2026-06-09T12:00:00Z,2,20°C,0xe692a6f51125cf6914c090f8e01ecf1491030ed0ad775156b7dea9ed74099392,29363478216105628907851761749240280974313606434750483239415068662725185057677,YES,depth_imbalance_3,book,valid_obs_200,valid_observation_steps,200,early_gt_24h,53882,0.007276271654782759,0.44866551872578564,0.8275490887494896,706.982
highest-temperature-in-shanghai-on-june-9-2026,Highest temperature in Shanghai on June 9?,2026-06-07T04:34:03Z,2026-06-09T12:00:00Z,2,20°C,0xe692a6f51125cf6914c090f8e01ecf1491030ed0ad775156b7dea9ed74099392,29363478216105628907851761749240280974313606434750483239415068662725185057677,YES,depth_imbalance_5,book,valid_obs_200,valid_observation_steps,200,early_gt_24h,53882,0.04736539708390204,0.6499139044339216,0.8275490887494896,706.982
highest-temperature-in-shanghai-on-june-9-2026,Highest temperature in Shanghai on June 9?,2026-06-07T04:34:03Z,2026-06-09T12:00:00Z,2,20°C,0xe692a6f51125cf6914c090f8e01ecf1491030ed0ad775156b7dea9ed74099392,29363478216105628907851761749240280974313606434750483239415068662725185057677,YES,microprice_minus_mid,book,valid_obs_200,valid_observation_steps,200,early_gt_24h,53882,0.07270399009567051,0.6036375376668102,0.8275490887494896,706.982
highest-temperature-in-shanghai-on-june-9-2026,Highest temperature in Shanghai on June 9?,2026-06-07T04:34:03Z,2026-06-09T12:00:00Z,2,20°C,0xe692a6f51125cf6914c090f8e01ecf1491030ed0ad775156b7dea9ed74099392,29363478216105628907851761749240280974313606434750483239415068662725185057677,YES,ofi_30s,flow_clock_sensitive,valid_obs_200,valid_observation_steps,200,early_gt_24h,53882,0.023414768593102375,0.41476538958243653,0.8275490887494896,706.982
highest-temperature-in-shanghai-on-june-9-2026,Highest temperature in Shanghai on June 9?,2026-06-07T04:34:03Z,2026-06-09T12:00:00Z,2,20°C,0xe692a6f51125cf6914c090f8e01ecf1491030ed0ad775156b7dea9ed74099392,29363478216105628907851761749240280974313606434750483239415068662725185057677,YES,trade_pressure_30s,flow_clock_sensitive,valid_obs_200,valid_observation_steps,200,early_gt_24h,53882,-0.0029640200039805814,0.35449849332759364,0.8275490887494896,706.982
highest-temperature-in-shanghai-on-june-9-2026,Highest temperature in Shanghai on June 9?,2026-06-07T04:34:03Z,2026-06-09T12:00:00Z,3,21°C,0x4b71fc3b2d6d0a5a6d4a3c57a66f3b7c0a70049d1bd8fb47fdb985ca5e42a0e7,32958582433402594997678224016035388842620018324746531711463337433683768535571,YES,depth_imbalance_1,book,wall_60s,wall_clock_seconds,60,early_gt_24h,62004,-0.025530681378730304,0.4603244837758112,0.7813044319721308,62.789
highest-temperature-in-shanghai-on-june-9-2026,Highest temperature in Shanghai on June 9?,2026-06-07T04:34:03Z,2026-06-09T12:00:00Z,3,21°C,0x4b71fc3b2d6d0a5a6d4a3c57a66f3b7c0a70049d1bd8fb47fdb985ca5e42a0e7,32958582433402594997678224016035388842620018324746531711463337433683768535571,YES,depth_imbalance_1,book,wall_60s,wall_clock_seconds,60,last_24h,17110,0.0586286778027207,0.5938628158844765,0.9676212741087084,64.07
highest-temperature-in-shanghai-on-june-9-2026,Highest temperature in Shanghai on June 9?,2026-06-07T04:34:03Z,2026-06-09T12:00:00Z,3,21°C,0x4b71fc3b2d6d0a5a6d4a3c57a66f3b7c0a70049d1bd8fb47fdb985ca5e42a0e7,32958582433402594997678224016035388842620018324746531711463337433683768535571,YES,depth_imbalance_3,book,wall_60s,wall_clock_seconds,60,early_gt_24h,62004,-0.029164351380427812,0.474188790560472,0.7813044319721308,62.789
highest-temperature-in-shanghai-on-june-9-2026,Highest temperature in Shanghai on June 9?,2026-06-07T04:34:03Z,2026-06-09T12:00:00Z,3,21°C,0x4b71fc3b2d6d0a5a6d4a3c57a66f3b7c0a70049d1bd8fb47fdb985ca5e42a0e7,32958582433402594997678224016035388842620018324746531711463337433683768535571,YES,depth_imbalance_3,book,wall_60s,wall_clock_seconds,60,last_24h,17110,-0.019238877737814627,0.36823104693140796,0.9676212741087084,64.07
highest-temperature-in-shanghai-on-june-9-2026,Highest temperature in Shanghai on June 9?,2026-06-07T04:34:03Z,2026-06-09T12:00:00Z,3,21°C,0x4b71fc3b2d6d0a5a6d4a3c57a66f3b7c0a70049d1bd8fb47fdb985ca5e42a0e7,32958582433402594997678224016035388842620018324746531711463337433683768535571,YES,depth_imbalance_5,book,wall_60s,wall_clock_seconds,60,early_gt_24h,62004,-0.023778696017542112,0.4680678466076696,0.7813044319721308,62.789
highest-temperature-in-shanghai-on-june-9-2026,Highest temperature in Shanghai on June 9?,2026-06-07T04:34:03Z,2026-06-09T12:00:00Z,3,21°C,0x4b71fc3b2d6d0a5a6d4a3c57a66f3b7c0a70049d1bd8fb47fdb985ca5e42a0e7,32958582433402594997678224016035388842620018324746531711463337433683768535571,YES,depth_imbalance_5,book,wall_60s,wall_clock_seconds,60,last_24h,17110,-0.019895664520110094,0.42057761732851984,0.9676212741087084,64.07
highest-temperature-in-shanghai-on-june-9-2026,Highest temperature in Shanghai on June 9?,2026-06-07T04:34:03Z,2026-06-09T12:00:00Z,3,21°C,0x4b71fc3b2d6d0a5a6d4a3c57a66f3b7c0a70049d1bd8fb47fdb985ca5e42a0e7,32958582433402594997678224016035388842620018324746531711463337433683768535571,YES,microprice_minus_mid,book,wall_60s,wall_clock_seconds,60,early_gt_24h,62004,0.01629739109383374,0.5015486725663717,0.7813044319721308,62.789
highest-temperature-in-shanghai-on-june-9-2026,Highest temperature in Shanghai on June 9?,2026-06-07T04:34:03Z,2026-06-09T12:00:00Z,3,21°C,0x4b71fc3b2d6d0a5a6d4a3c57a66f3b7c0a70049d1bd8fb47fdb985ca5e42a0e7,32958582433402594997678224016035388842620018324746531711463337433683768535571,YES,microprice_minus_mid,book,wall_60s,wall_clock_seconds,60,last_24h,17110,-0.008643256809260997,0.3574007220216607,0.9676212741087084,64.07
highest-temperature-in-shanghai-on-june-9-2026,Highest temperature in Shanghai on June 9?,2026-06-07T04:34:03Z,2026-06-09T12:00:00Z,3,21°C,0x4b71fc3b2d6d0a5a6d4a3c57a66f3b7c0a70049d1bd8fb47fdb985ca5e42a0e7,32958582433402594997678224016035388842620018324746531711463337433683768535571,YES,ofi_30s,flow_clock_sensitive,wall_60s,wall_clock_seconds,60,early_gt_24h,62004,0.07527737551011476,0.4926991150442478,0.7813044319721308,62.789
highest-temperature-in-shanghai-on-june-9-2026,Highest temperature in Shanghai on June 9?,2026-06-07T04:34:03Z,2026-06-09T12:00:00Z,3,21°C,0x4b71fc3b2d6d0a5a6d4a3c57a66f3b7c0a70049d1bd8fb47fdb985ca5e42a0e7,32958582433402594997678224016035388842620018324746531711463337433683768535571,YES,ofi_30s,flow_clock_sensitive,wall_60s,wall_clock_seconds,60,last_24h,17110,-0.011900033902355785,0.6191335740072202,0.9676212741087084,64.07
highest-temperature-in-shanghai-on-june-9-2026,Highest temperature in Shanghai on June 9?,2026-06-07T04:34:03Z,2026-06-09T12:00:00Z,3,21°C,0x4b71fc3b2d6d0a5a6d4a3c57a66f3b7c0a70049d1bd8fb47fdb985ca5e42a0e7,32958582433402594997678224016035388842620018324746531711463337433683768535571,YES,trade_pressure_30s,flow_clock_sensitive,wall_60s,wall_clock_seconds,60,early_gt_24h,62004,0.0006512983832697716,0.5413716814159292,0.7813044319721308,62.789
highest-temperature-in-shanghai-on-june-9-2026,Highest temperature in Shanghai on June 9?,2026-06-07T04:34:03Z,2026-06-09T12:00:00Z,3,21°C,0x4b71fc3b2d6d0a5a6d4a3c57a66f3b7c0a70049d1bd8fb47fdb985ca5e42a0e7,32958582433402594997678224016035388842620018324746531711463337433683768535571,YES,trade_pressure_30s,flow_clock_sensitive,wall_60s,wall_clock_seconds,60,last_24h,17110,-0.05166005734056671,0.33574007220216606,0.9676212741087084,64.07
highest-temperature-in-shanghai-on-june-9-2026,Highest temperature in Shanghai on June 9?,2026-06-07T04:34:03Z,2026-06-09T12:00:00Z,3,21°C,0x4b71fc3b2d6d0a5a6d4a3c57a66f3b7c0a70049d1bd8fb47fdb985ca5e42a0e7,32958582433402594997678224016035388842620018324746531711463337433683768535571,YES,depth_imbalance_1,book,wall_300s,wall_clock_seconds,300,early_gt_24h,62001,-0.00790022667150901,0.48248309772587583,0.6588603409622426,304.083
highest-temperature-in-shanghai-on-june-9-2026,Highest temperature in Shanghai on June 9?,2026-06-07T04:34:03Z,2026-06-09T12:00:00Z,3,21°C,0x4b71fc3b2d6d0a5a6d4a3c57a66f3b7c0a70049d1bd8fb47fdb985ca5e42a0e7,32958582433402594997678224016035388842620018324746531711463337433683768535571,YES,depth_imbalance_1,book,wall_300s,wall_clock_seconds,300,last_24h,16885,-0.02131269761971699,0.413953488372093,0.9108676339946699,305.261
highest-temperature-in-shanghai-on-june-9-2026,Highest temperature in Shanghai on June 9?,2026-06-07T04:34:03Z,2026-06-09T12:00:00Z,3,21°C,0x4b71fc3b2d6d0a5a6d4a3c57a66f3b7c0a70049d1bd8fb47fdb985ca5e42a0e7,32958582433402594997678224016035388842620018324746531711463337433683768535571,YES,depth_imbalance_3,book,wall_300s,wall_clock_seconds,300,early_gt_24h,62001,-0.020558313119210886,0.5102832017398704,0.6588603409622426,304.083
highest-temperature-in-shanghai-on-june-9-2026,Highest temperature in Shanghai on June 9?,2026-06-07T04:34:03Z,2026-06-09T12:00:00Z,3,21°C,0x4b71fc3b2d6d0a5a6d4a3c57a66f3b7c0a70049d1bd8fb47fdb985ca5e42a0e7,32958582433402594997678224016035388842620018324746531711463337433683768535571,YES,depth_imbalance_3,book,wall_300s,wall_clock_seconds,300,last_24h,16885,-0.16248333065733997,0.16943521594684385,0.9108676339946699,305.261
highest-temperature-in-shanghai-on-june-9-2026,Highest temperature in Shanghai on June 9?,2026-06-07T04:34:03Z,2026-06-09T12:00:00Z,3,21°C,0x4b71fc3b2d6d0a5a6d4a3c57a66f3b7c0a70049d1bd8fb47fdb985ca5e42a0e7,32958582433402594997678224016035388842620018324746531711463337433683768535571,YES,depth_imbalance_5,book,wall_300s,wall_clock_seconds,300,early_gt_24h,62001,0.002164847680344671,0.5177060186279608,0.6588603409622426,304.083
highest-temperature-in-shanghai-on-june-9-2026,Highest temperature in Shanghai on June 9?,2026-06-07T04:34:03Z,2026-06-09T12:00:00Z,3,21°C,0x4b71fc3b2d6d0a5a6d4a3c57a66f3b7c0a70049d1bd8fb47fdb985ca5e42a0e7,32958582433402594997678224016035388842620018324746531711463337433683768535571,YES,depth_imbalance_5,book,wall_300s,wall_clock_seconds,300,last_24h,16885,-0.1360925338722192,0.24651162790697675,0.9108676339946699,305.261
highest-temperature-in-shanghai-on-june-9-2026,Highest temperature in Shanghai on June 9?,2026-06-07T04:34:03Z,2026-06-09T12:00:00Z,3,21°C,0x4b71fc3b2d6d0a5a6d4a3c57a66f3b7c0a70049d1bd8fb47fdb985ca5e42a0e7,32958582433402594997678224016035388842620018324746531711463337433683768535571,YES,microprice_minus_mid,book,wall_300s,wall_clock_seconds,300,early_gt_24h,62001,-0.04186171232306002,0.46300411328069596,0.6588603409622426,304.083
highest-temperature-in-shanghai-on-june-9-2026,Highest temperature in Shanghai on June 9?,2026-06-07T04:34:03Z,2026-06-09T12:00:00Z,3,21°C,0x4b71fc3b2d6d0a5a6d4a3c57a66f3b7c0a70049d1bd8fb47fdb985ca5e42a0e7,32958582433402594997678224016035388842620018324746531711463337433683768535571,YES,microprice_minus_mid,book,wall_300s,wall_clock_seconds,300,last_24h,16885,-0.03176921361362861,0.43588039867109635,0.9108676339946699,305.261
highest-temperature-in-shanghai-on-june-9-2026,Highest temperature in Shanghai on June 9?,2026-06-07T04:34:03Z,2026-06-09T12:00:00Z,3,21°C,0x4b71fc3b2d6d0a5a6d4a3c57a66f3b7c0a70049d1bd8fb47fdb985ca5e42a0e7,32958582433402594997678224016035388842620018324746531711463337433683768535571,YES,ofi_30s,flow_clock_sensitive,wall_300s,wall_clock_seconds,300,early_gt_24h,62001,0.0393212470951389,0.48413786582194696,0.6588603409622426,304.083
highest-temperature-in-shanghai-on-june-9-2026,Highest temperature in Shanghai on June 9?,2026-06-07T04:34:03Z,2026-06-09T12:00:00Z,3,21°C,0x4b71fc3b2d6d0a5a6d4a3c57a66f3b7c0a70049d1bd8fb47fdb985ca5e42a0e7,32958582433402594997678224016035388842620018324746531711463337433683768535571,YES,ofi_30s,flow_clock_sensitive,wall_300s,wall_clock_seconds,300,last_24h,16885,-0.019722242612342827,0.6219269102990034,0.9108676339946699,305.261
highest-temperature-in-shanghai-on-june-9-2026,Highest temperature in Shanghai on June 9?,2026-06-07T04:34:03Z,2026-06-09T12:00:00Z,3,21°C,0x4b71fc3b2d6d0a5a6d4a3c57a66f3b7c0a70049d1bd8fb47fdb985ca5e42a0e7,32958582433402594997678224016035388842620018324746531711463337433683768535571,YES,trade_pressure_30s,flow_clock_sensitive,wall_300s,wall_clock_seconds,300,early_gt_24h,62001,0.00045464768879148216,0.5216301829700724,0.6588603409622426,304.083
highest-temperature-in-shanghai-on-june-9-2026,Highest temperature in Shanghai on June 9?,2026-06-07T04:34:03Z,2026-06-09T12:00:00Z,3,21°C,0x4b71fc3b2d6d0a5a6d4a3c57a66f3b7c0a70049d1bd8fb47fdb985ca5e42a0e7,32958582433402594997678224016035388842620018324746531711463337433683768535571,YES,trade_pressure_30s,flow_clock_sensitive,wall_300s,wall_clock_seconds,300,last_24h,16885,0.05773702702546374,0.3661129568106312,0.9108676339946699,305.261
highest-temperature-in-shanghai-on-june-9-2026,Highest temperature in Shanghai on June 9?,2026-06-07T04:34:03Z,2026-06-09T12:00:00Z,3,21°C,0x4b71fc3b2d6d0a5a6d4a3c57a66f3b7c0a70049d1bd8fb47fdb985ca5e42a0e7,32958582433402594997678224016035388842620018324746531711463337433683768535571,YES,depth_imbalance_1,book,wall_900s,wall_clock_seconds,900,early_gt_24h,62004,0.050345669591834646,0.5072046109510087,0.552286949229082,904.583
highest-temperature-in-shanghai-on-june-9-2026,Highest temperature in Shanghai on June 9?,2026-06-07T04:34:03Z,2026-06-09T12:00:00Z,3,21°C,0x4b71fc3b2d6d0a5a6d4a3c57a66f3b7c0a70049d1bd8fb47fdb985ca5e42a0e7,32958582433402594997678224016035388842620018324746531711463337433683768535571,YES,depth_imbalance_1,book,wall_900s,wall_clock_seconds,900,last_24h,16367,0.02681978673506284,0.4912912912912913,0.7965418219588196,906.242
highest-temperature-in-shanghai-on-june-9-2026,Highest temperature in Shanghai on June 9?,2026-06-07T04:34:03Z,2026-06-09T12:00:00Z,3,21°C,0x4b71fc3b2d6d0a5a6d4a3c57a66f3b7c0a70049d1bd8fb47fdb985ca5e42a0e7,32958582433402594997678224016035388842620018324746531711463337433683768535571,YES,depth_imbalance_3,book,wall_900s,wall_clock_seconds,900,early_gt_24h,62004,0.1058582793813673,0.5693804034582133,0.552286949229082,904.583
highest-temperature-in-shanghai-on-june-9-2026,Highest temperature in Shanghai on June 9?,2026-06-07T04:34:03Z,2026-06-09T12:00:00Z,3,21°C,0x4b71fc3b2d6d0a5a6d4a3c57a66f3b7c0a70049d1bd8fb47fdb985ca5e42a0e7,32958582433402594997678224016035388842620018324746531711463337433683768535571,YES,depth_imbalance_3,book,wall_900s,wall_clock_seconds,900,last_24h,16367,-0.3401153354096134,0.15735735735735737,0.7965418219588196,906.242
highest-temperature-in-shanghai-on-june-9-2026,Highest temperature in Shanghai on June 9?,2026-06-07T04:34:03Z,2026-06-09T12:00:00Z,3,21°C,0x4b71fc3b2d6d0a5a6d4a3c57a66f3b7c0a70049d1bd8fb47fdb985ca5e42a0e7,32958582433402594997678224016035388842620018324746531711463337433683768535571,YES,depth_imbalance_5,book,wall_900s,wall_clock_seconds,900,early_gt_24h,62004,0.12982792098361953,0.5842579250720461,0.552286949229082,904.583
highest-temperature-in-shanghai-on-june-9-2026,Highest temperature in Shanghai on June 9?,2026-06-07T04:34:03Z,2026-06-09T12:00:00Z,3,21°C,0x4b71fc3b2d6d0a5a6d4a3c57a66f3b7c0a70049d1bd8fb47fdb985ca5e42a0e7,32958582433402594997678224016035388842620018324746531711463337433683768535571,YES,depth_imbalance_5,book,wall_900s,wall_clock_seconds,900,last_24h,16367,-0.2621624558993843,0.24804804804804806,0.7965418219588196,906.242
highest-temperature-in-shanghai-on-june-9-2026,Highest temperature in Shanghai on June 9?,2026-06-07T04:34:03Z,2026-06-09T12:00:00Z,3,21°C,0x4b71fc3b2d6d0a5a6d4a3c57a66f3b7c0a70049d1bd8fb47fdb985ca5e42a0e7,32958582433402594997678224016035388842620018324746531711463337433683768535571,YES,microprice_minus_mid,book,wall_900s,wall_clock_seconds,900,early_gt_24h,62004,-0.08921228483866891,0.44247118155619597,0.552286949229082,904.583
highest-temperature-in-shanghai-on-june-9-2026,Highest temperature in Shanghai on June 9?,2026-06-07T04:34:03Z,2026-06-09T12:00:00Z,3,21°C,0x4b71fc3b2d6d0a5a6d4a3c57a66f3b7c0a70049d1bd8fb47fdb985ca5e42a0e7,32958582433402594997678224016035388842620018324746531711463337433683768535571,YES,microprice_minus_mid,book,wall_900s,wall_clock_seconds,900,last_24h,16367,-0.09636942373361786,0.4021021021021021,0.7965418219588196,906.242
highest-temperature-in-shanghai-on-june-9-2026,Highest temperature in Shanghai on June 9?,2026-06-07T04:34:03Z,2026-06-09T12:00:00Z,3,21°C,0x4b71fc3b2d6d0a5a6d4a3c57a66f3b7c0a70049d1bd8fb47fdb985ca5e42a0e7,32958582433402594997678224016035388842620018324746531711463337433683768535571,YES,ofi_30s,flow_clock_sensitive,wall_900s,wall_clock_seconds,900,early_gt_24h,62004,0.010100791639553092,0.5338976945244956,0.552286949229082,904.583
highest-temperature-in-shanghai-on-june-9-2026,Highest temperature in Shanghai on June 9?,2026-06-07T04:34:03Z,2026-06-09T12:00:00Z,3,21°C,0x4b71fc3b2d6d0a5a6d4a3c57a66f3b7c0a70049d1bd8fb47fdb985ca5e42a0e7,32958582433402594997678224016035388842620018324746531711463337433683768535571,YES,ofi_30s,flow_clock_sensitive,wall_900s,wall_clock_seconds,900,last_24h,16367,0.13022137511451048,0.7720720720720721,0.7965418219588196,906.242
highest-temperature-in-shanghai-on-june-9-2026,Highest temperature in Shanghai on June 9?,2026-06-07T04:34:03Z,2026-06-09T12:00:00Z,3,21°C,0x4b71fc3b2d6d0a5a6d4a3c57a66f3b7c0a70049d1bd8fb47fdb985ca5e42a0e7,32958582433402594997678224016035388842620018324746531711463337433683768535571,YES,trade_pressure_30s,flow_clock_sensitive,wall_900s,wall_clock_seconds,900,early_gt_24h,62004,-0.023775306713265894,0.4162463976945245,0.552286949229082,904.583
highest-temperature-in-shanghai-on-june-9-2026,Highest temperature in Shanghai on June 9?,2026-06-07T04:34:03Z,2026-06-09T12:00:00Z,3,21°C,0x4b71fc3b2d6d0a5a6d4a3c57a66f3b7c0a70049d1bd8fb47fdb985ca5e42a0e7,32958582433402594997678224016035388842620018324746531711463337433683768535571,YES,trade_pressure_30s,flow_clock_sensitive,wall_900s,wall_clock_seconds,900,last_24h,16367,0.019963546777409278,0.19789789789789788,0.7965418219588196,906.242
highest-temperature-in-shanghai-on-june-9-2026,Highest temperature in Shanghai on June 9?,2026-06-07T04:34:03Z,2026-06-09T12:00:00Z,3,21°C,0x4b71fc3b2d6d0a5a6d4a3c57a66f3b7c0a70049d1bd8fb47fdb985ca5e42a0e7,32958582433402594997678224016035388842620018324746531711463337433683768535571,YES,depth_imbalance_1,book,valid_obs_10,valid_observation_steps,10,early_gt_24h,62004,0.004889158951127005,0.48895552223888056,0.8386394426166054,26.3405
highest-temperature-in-shanghai-on-june-9-2026,Highest temperature in Shanghai on June 9?,2026-06-07T04:34:03Z,2026-06-09T12:00:00Z,3,21°C,0x4b71fc3b2d6d0a5a6d4a3c57a66f3b7c0a70049d1bd8fb47fdb985ca5e42a0e7,32958582433402594997678224016035388842620018324746531711463337433683768535571,YES,depth_imbalance_1,book,valid_obs_10,valid_observation_steps,10,last_24h,17372,0.07346378829319375,0.6409691629955947,0.9738659912502878,30.676000000000002
highest-temperature-in-shanghai-on-june-9-2026,Highest temperature in Shanghai on June 9?,2026-06-07T04:34:03Z,2026-06-09T12:00:00Z,3,21°C,0x4b71fc3b2d6d0a5a6d4a3c57a66f3b7c0a70049d1bd8fb47fdb985ca5e42a0e7,32958582433402594997678224016035388842620018324746531711463337433683768535571,YES,depth_imbalance_3,book,valid_obs_10,valid_observation_steps,10,early_gt_24h,62004,-0.014581632336388402,0.4848575712143928,0.8386394426166054,26.3405
highest-temperature-in-shanghai-on-june-9-2026,Highest temperature in Shanghai on June 9?,2026-06-07T04:34:03Z,2026-06-09T12:00:00Z,3,21°C,0x4b71fc3b2d6d0a5a6d4a3c57a66f3b7c0a70049d1bd8fb47fdb985ca5e42a0e7,32958582433402594997678224016035388842620018324746531711463337433683768535571,YES,depth_imbalance_3,book,valid_obs_10,valid_observation_steps,10,last_24h,17372,0.0056646373575730755,0.40308370044052866,0.9738659912502878,30.676000000000002
highest-temperature-in-shanghai-on-june-9-2026,Highest temperature in Shanghai on June 9?,2026-06-07T04:34:03Z,2026-06-09T12:00:00Z,3,21°C,0x4b71fc3b2d6d0a5a6d4a3c57a66f3b7c0a70049d1bd8fb47fdb985ca5e42a0e7,32958582433402594997678224016035388842620018324746531711463337433683768535571,YES,depth_imbalance_5,book,valid_obs_10,valid_observation_steps,10,early_gt_24h,62004,-0.022566216501321904,0.4754622688655672,0.8386394426166054,26.3405
highest-temperature-in-shanghai-on-june-9-2026,Highest temperature in Shanghai on June 9?,2026-06-07T04:34:03Z,2026-06-09T12:00:00Z,3,21°C,0x4b71fc3b2d6d0a5a6d4a3c57a66f3b7c0a70049d1bd8fb47fdb985ca5e42a0e7,32958582433402594997678224016035388842620018324746531711463337433683768535571,YES,depth_imbalance_5,book,valid_obs_10,valid_observation_steps,10,last_24h,17372,0.007300362049933594,0.48237885462555063,0.9738659912502878,30.676000000000002
highest-temperature-in-shanghai-on-june-9-2026,Highest temperature in Shanghai on June 9?,2026-06-07T04:34:03Z,2026-06-09T12:00:00Z,3,21°C,0x4b71fc3b2d6d0a5a6d4a3c57a66f3b7c0a70049d1bd8fb47fdb985ca5e42a0e7,32958582433402594997678224016035388842620018324746531711463337433683768535571,YES,microprice_minus_mid,book,valid_obs_10,valid_observation_steps,10,early_gt_24h,62004,0.017693611096902602,0.49395302348825587,0.8386394426166054,26.3405
highest-temperature-in-shanghai-on-june-9-2026,Highest temperature in Shanghai on June 9?,2026-06-07T04:34:03Z,2026-06-09T12:00:00Z,3,21°C,0x4b71fc3b2d6d0a5a6d4a3c57a66f3b7c0a70049d1bd8fb47fdb985ca5e42a0e7,32958582433402594997678224016035388842620018324746531711463337433683768535571,YES,microprice_minus_mid,book,valid_obs_10,valid_observation_steps,10,last_24h,17372,0.021038248648650334,0.42951541850220265,0.9738659912502878,30.676000000000002
highest-temperature-in-shanghai-on-june-9-2026,Highest temperature in Shanghai on June 9?,2026-06-07T04:34:03Z,2026-06-09T12:00:00Z,3,21°C,0x4b71fc3b2d6d0a5a6d4a3c57a66f3b7c0a70049d1bd8fb47fdb985ca5e42a0e7,32958582433402594997678224016035388842620018324746531711463337433683768535571,YES,ofi_30s,flow_clock_sensitive,valid_obs_10,valid_observation_steps,10,early_gt_24h,62004,0.053410192402118785,0.4992503748125937,0.8386394426166054,26.3405
highest-temperature-in-shanghai-on-june-9-2026,Highest temperature in Shanghai on June 9?,2026-06-07T04:34:03Z,2026-06-09T12:00:00Z,3,21°C,0x4b71fc3b2d6d0a5a6d4a3c57a66f3b7c0a70049d1bd8fb47fdb985ca5e42a0e7,32958582433402594997678224016035388842620018324746531711463337433683768535571,YES,ofi_30s,flow_clock_sensitive,valid_obs_10,valid_observation_steps,10,last_24h,17372,0.01573475020926522,0.3854625550660793,0.9738659912502878,30.676000000000002
highest-temperature-in-shanghai-on-june-9-2026,Highest temperature in Shanghai on June 9?,2026-06-07T04:34:03Z,2026-06-09T12:00:00Z,3,21°C,0x4b71fc3b2d6d0a5a6d4a3c57a66f3b7c0a70049d1bd8fb47fdb985ca5e42a0e7,32958582433402594997678224016035388842620018324746531711463337433683768535571,YES,trade_pressure_30s,flow_clock_sensitive,valid_obs_10,valid_observation_steps,10,early_gt_24h,62004,0.00018419685834494676,0.5140429785107447,0.8386394426166054,26.3405
highest-temperature-in-shanghai-on-june-9-2026,Highest temperature in Shanghai on June 9?,2026-06-07T04:34:03Z,2026-06-09T12:00:00Z,3,21°C,0x4b71fc3b2d6d0a5a6d4a3c57a66f3b7c0a70049d1bd8fb47fdb985ca5e42a0e7,32958582433402594997678224016035388842620018324746531711463337433683768535571,YES,trade_pressure_30s,flow_clock_sensitive,valid_obs_10,valid_observation_steps,10,last_24h,17372,-0.0020993807148422484,0.3524229074889868,0.9738659912502878,30.676000000000002
highest-temperature-in-shanghai-on-june-9-2026,Highest temperature in Shanghai on June 9?,2026-06-07T04:34:03Z,2026-06-09T12:00:00Z,3,21°C,0x4b71fc3b2d6d0a5a6d4a3c57a66f3b7c0a70049d1bd8fb47fdb985ca5e42a0e7,32958582433402594997678224016035388842620018324746531711463337433683768535571,YES,depth_imbalance_1,book,valid_obs_50,valid_observation_steps,50,early_gt_24h,62004,-0.013120254078505516,0.4794319582184144,0.725162892716599,155.421
highest-temperature-in-shanghai-on-june-9-2026,Highest temperature in Shanghai on June 9?,2026-06-07T04:34:03Z,2026-06-09T12:00:00Z,3,21°C,0x4b71fc3b2d6d0a5a6d4a3c57a66f3b7c0a70049d1bd8fb47fdb985ca5e42a0e7,32958582433402594997678224016035388842620018324746531711463337433683768535571,YES,depth_imbalance_1,book,valid_obs_50,valid_observation_steps,50,last_24h,17269,0.1275839499927882,0.6257753273604411,0.9159766054780242,177.425
highest-temperature-in-shanghai-on-june-9-2026,Highest temperature in Shanghai on June 9?,2026-06-07T04:34:03Z,2026-06-09T12:00:00Z,3,21°C,0x4b71fc3b2d6d0a5a6d4a3c57a66f3b7c0a70049d1bd8fb47fdb985ca5e42a0e7,32958582433402594997678224016035388842620018324746531711463337433683768535571,YES,depth_imbalance_3,book,valid_obs_50,valid_observation_steps,50,early_gt_24h,62004,-0.0012384973633789273,0.504195763159439,0.725162892716599,155.421
highest-temperature-in-shanghai-on-june-9-2026,Highest temperature in Shanghai on June 9?,2026-06-07T04:34:03Z,2026-06-09T12:00:00Z,3,21°C,0x4b71fc3b2d6d0a5a6d4a3c57a66f3b7c0a70049d1bd8fb47fdb985ca5e42a0e7,32958582433402594997678224016035388842620018324746531711463337433683768535571,YES,depth_imbalance_3,book,valid_obs_50,valid_observation_steps,50,last_24h,17269,-0.07029590416750442,0.27842866988283943,0.9159766054780242,177.425
highest-temperature-in-shanghai-on-june-9-2026,Highest temperature in Shanghai on June 9?,2026-06-07T04:34:03Z,2026-06-09T12:00:00Z,3,21°C,0x4b71fc3b2d6d0a5a6d4a3c57a66f3b7c0a70049d1bd8fb47fdb985ca5e42a0e7,32958582433402594997678224016035388842620018324746531711463337433683768535571,YES,depth_imbalance_5,book,valid_obs_50,valid_observation_steps,50,early_gt_24h,62004,0.006945964604196668,0.4987383369520568,0.725162892716599,155.421
highest-temperature-in-shanghai-on-june-9-2026,Highest temperature in Shanghai on June 9?,2026-06-07T04:34:03Z,2026-06-09T12:00:00Z,3,21°C,0x4b71fc3b2d6d0a5a6d4a3c57a66f3b7c0a70049d1bd8fb47fdb985ca5e42a0e7,32958582433402594997678224016035388842620018324746531711463337433683768535571,YES,depth_imbalance_5,book,valid_obs_50,valid_observation_steps,50,last_24h,17269,-0.038004013326402006,0.39352170916609236,0.9159766054780242,177.425
highest-temperature-in-shanghai-on-june-9-2026,Highest temperature in Shanghai on June 9?,2026-06-07T04:34:03Z,2026-06-09T12:00:00Z,3,21°C,0x4b71fc3b2d6d0a5a6d4a3c57a66f3b7c0a70049d1bd8fb47fdb985ca5e42a0e7,32958582433402594997678224016035388842620018324746531711463337433683768535571,YES,microprice_minus_mid,book,valid_obs_50,valid_observation_steps,50,early_gt_24h,62004,-0.03673579702462198,0.4691039258259492,0.725162892716599,155.421
highest-temperature-in-shanghai-on-june-9-2026,Highest temperature in Shanghai on June 9?,2026-06-07T04:34:03Z,2026-06-09T12:00:00Z,3,21°C,0x4b71fc3b2d6d0a5a6d4a3c57a66f3b7c0a70049d1bd8fb47fdb985ca5e42a0e7,32958582433402594997678224016035388842620018324746531711463337433683768535571,YES,microprice_minus_mid,book,valid_obs_50,valid_observation_steps,50,last_24h,17269,0.05393417908501489,0.5010337698139214,0.9159766054780242,177.425
highest-temperature-in-shanghai-on-june-9-2026,Highest temperature in Shanghai on June 9?,2026-06-07T04:34:03Z,2026-06-09T12:00:00Z,3,21°C,0x4b71fc3b2d6d0a5a6d4a3c57a66f3b7c0a70049d1bd8fb47fdb985ca5e42a0e7,32958582433402594997678224016035388842620018324746531711463337433683768535571,YES,ofi_30s,flow_clock_sensitive,valid_obs_50,valid_observation_steps,50,early_gt_24h,62004,0.04980493578423871,0.4819552843143008,0.725162892716599,155.421
highest-temperature-in-shanghai-on-june-9-2026,Highest temperature in Shanghai on June 9?,2026-06-07T04:34:03Z,2026-06-09T12:00:00Z,3,21°C,0x4b71fc3b2d6d0a5a6d4a3c57a66f3b7c0a70049d1bd8fb47fdb985ca5e42a0e7,32958582433402594997678224016035388842620018324746531711463337433683768535571,YES,ofi_30s,flow_clock_sensitive,valid_obs_50,valid_observation_steps,50,last_24h,17269,0.03219470004789734,0.7167470709855273,0.9159766054780242,177.425
highest-temperature-in-shanghai-on-june-9-2026,Highest temperature in Shanghai on June 9?,2026-06-07T04:34:03Z,2026-06-09T12:00:00Z,3,21°C,0x4b71fc3b2d6d0a5a6d4a3c57a66f3b7c0a70049d1bd8fb47fdb985ca5e42a0e7,32958582433402594997678224016035388842620018324746531711463337433683768535571,YES,trade_pressure_30s,flow_clock_sensitive,valid_obs_50,valid_observation_steps,50,early_gt_24h,62004,0.00014678122587959356,0.5080687753066134,0.725162892716599,155.421
highest-temperature-in-shanghai-on-june-9-2026,Highest temperature in Shanghai on June 9?,2026-06-07T04:34:03Z,2026-06-09T12:00:00Z,3,21°C,0x4b71fc3b2d6d0a5a6d4a3c57a66f3b7c0a70049d1bd8fb47fdb985ca5e42a0e7,32958582433402594997678224016035388842620018324746531711463337433683768535571,YES,trade_pressure_30s,flow_clock_sensitive,valid_obs_50,valid_observation_steps,50,last_24h,17269,0.05814766001391749,0.29772570640937285,0.9159766054780242,177.425
highest-temperature-in-shanghai-on-june-9-2026,Highest temperature in Shanghai on June 9?,2026-06-07T04:34:03Z,2026-06-09T12:00:00Z,3,21°C,0x4b71fc3b2d6d0a5a6d4a3c57a66f3b7c0a70049d1bd8fb47fdb985ca5e42a0e7,32958582433402594997678224016035388842620018324746531711463337433683768535571,YES,depth_imbalance_1,book,valid_obs_200,valid_observation_steps,200,early_gt_24h,62004,0.04709053392953168,0.5136,0.5968002064382943,646.941
highest-temperature-in-shanghai-on-june-9-2026,Highest temperature in Shanghai on June 9?,2026-06-07T04:34:03Z,2026-06-09T12:00:00Z,3,21°C,0x4b71fc3b2d6d0a5a6d4a3c57a66f3b7c0a70049d1bd8fb47fdb985ca5e42a0e7,32958582433402594997678224016035388842620018324746531711463337433683768535571,YES,depth_imbalance_1,book,valid_obs_200,valid_observation_steps,200,last_24h,16964,0.1278762904905283,0.5860103626943005,0.7724593256307475,808.0625
highest-temperature-in-shanghai-on-june-9-2026,Highest temperature in Shanghai on June 9?,2026-06-07T04:34:03Z,2026-06-09T12:00:00Z,3,21°C,0x4b71fc3b2d6d0a5a6d4a3c57a66f3b7c0a70049d1bd8fb47fdb985ca5e42a0e7,32958582433402594997678224016035388842620018324746531711463337433683768535571,YES,depth_imbalance_3,book,valid_obs_200,valid_observation_steps,200,early_gt_24h,62004,0.06440737257377868,0.5482,0.5968002064382943,646.941
highest-temperature-in-shanghai-on-june-9-2026,Highest temperature in Shanghai on June 9?,2026-06-07T04:34:03Z,2026-06-09T12:00:00Z,3,21°C,0x4b71fc3b2d6d0a5a6d4a3c57a66f3b7c0a70049d1bd8fb47fdb985ca5e42a0e7,32958582433402594997678224016035388842620018324746531711463337433683768535571,YES,depth_imbalance_3,book,valid_obs_200,valid_observation_steps,200,last_24h,16964,-0.301535792214367,0.1738341968911917,0.7724593256307475,808.0625
highest-temperature-in-shanghai-on-june-9-2026,Highest temperature in Shanghai on June 9?,2026-06-07T04:34:03Z,2026-06-09T12:00:00Z,3,21°C,0x4b71fc3b2d6d0a5a6d4a3c57a66f3b7c0a70049d1bd8fb47fdb985ca5e42a0e7,32958582433402594997678224016035388842620018324746531711463337433683768535571,YES,depth_imbalance_5,book,valid_obs_200,valid_observation_steps,200,early_gt_24h,62004,0.08388372528756674,0.56324,0.5968002064382943,646.941
highest-temperature-in-shanghai-on-june-9-2026,Highest temperature in Shanghai on June 9?,2026-06-07T04:34:03Z,2026-06-09T12:00:00Z,3,21°C,0x4b71fc3b2d6d0a5a6d4a3c57a66f3b7c0a70049d1bd8fb47fdb985ca5e42a0e7,32958582433402594997678224016035388842620018324746531711463337433683768535571,YES,depth_imbalance_5,book,valid_obs_200,valid_observation_steps,200,last_24h,16964,-0.22047473615000177,0.2699481865284974,0.7724593256307475,808.0625
highest-temperature-in-shanghai-on-june-9-2026,Highest temperature in Shanghai on June 9?,2026-06-07T04:34:03Z,2026-06-09T12:00:00Z,3,21°C,0x4b71fc3b2d6d0a5a6d4a3c57a66f3b7c0a70049d1bd8fb47fdb985ca5e42a0e7,32958582433402594997678224016035388842620018324746531711463337433683768535571,YES,microprice_minus_mid,book,valid_obs_200,valid_observation_steps,200,early_gt_24h,62004,-0.028109548364959006,0.48008,0.5968002064382943,646.941
highest-temperature-in-shanghai-on-june-9-2026,Highest temperature in Shanghai on June 9?,2026-06-07T04:34:03Z,2026-06-09T12:00:00Z,3,21°C,0x4b71fc3b2d6d0a5a6d4a3c57a66f3b7c0a70049d1bd8fb47fdb985ca5e42a0e7,32958582433402594997678224016035388842620018324746531711463337433683768535571,YES,microprice_minus_mid,book,valid_obs_200,valid_observation_steps,200,last_24h,16964,-0.019815028288463075,0.42176165803108806,0.7724593256307475,808.0625
highest-temperature-in-shanghai-on-june-9-2026,Highest temperature in Shanghai on June 9?,2026-06-07T04:34:03Z,2026-06-09T12:00:00Z,3,21°C,0x4b71fc3b2d6d0a5a6d4a3c57a66f3b7c0a70049d1bd8fb47fdb985ca5e42a0e7,32958582433402594997678224016035388842620018324746531711463337433683768535571,YES,ofi_30s,flow_clock_sensitive,valid_obs_200,valid_observation_steps,200,early_gt_24h,62004,0.0271924477519187,0.50204,0.5968002064382943,646.941
highest-temperature-in-shanghai-on-june-9-2026,Highest temperature in Shanghai on June 9?,2026-06-07T04:34:03Z,2026-06-09T12:00:00Z,3,21°C,0x4b71fc3b2d6d0a5a6d4a3c57a66f3b7c0a70049d1bd8fb47fdb985ca5e42a0e7,32958582433402594997678224016035388842620018324746531711463337433683768535571,YES,ofi_30s,flow_clock_sensitive,valid_obs_200,valid_observation_steps,200,last_24h,16964,0.11602833749030904,0.7489637305699481,0.7724593256307475,808.0625
highest-temperature-in-shanghai-on-june-9-2026,Highest temperature in Shanghai on June 9?,2026-06-07T04:34:03Z,2026-06-09T12:00:00Z,3,21°C,0x4b71fc3b2d6d0a5a6d4a3c57a66f3b7c0a70049d1bd8fb47fdb985ca5e42a0e7,32958582433402594997678224016035388842620018324746531711463337433683768535571,YES,trade_pressure_30s,flow_clock_sensitive,valid_obs_200,valid_observation_steps,200,early_gt_24h,62004,-0.0009339260393559428,0.46052,0.5968002064382943,646.941
highest-temperature-in-shanghai-on-june-9-2026,Highest temperature in Shanghai on June 9?,2026-06-07T04:34:03Z,2026-06-09T12:00:00Z,3,21°C,0x4b71fc3b2d6d0a5a6d4a3c57a66f3b7c0a70049d1bd8fb47fdb985ca5e42a0e7,32958582433402594997678224016035388842620018324746531711463337433683768535571,YES,trade_pressure_30s,flow_clock_sensitive,valid_obs_200,valid_observation_steps,200,last_24h,16964,0.00818030996946016,0.2194300518134715,0.7724593256307475,808.0625
highest-temperature-in-shanghai-on-june-9-2026,Highest temperature in Shanghai on June 9?,2026-06-07T04:34:03Z,2026-06-09T12:00:00Z,4,22°C,0x5e9cdf0acfadf1d761629c3e824f608b4c8abda66747f716816cd21a6ef44b02,21885399021320574560651114684216824442350810668622956886293663194490254187234,YES,depth_imbalance_1,book,wall_60s,wall_clock_seconds,60,early_gt_24h,76031,0.13008441158517078,0.5727848101265823,0.5635990582788599,61.711
highest-temperature-in-shanghai-on-june-9-2026,Highest temperature in Shanghai on June 9?,2026-06-07T04:34:03Z,2026-06-09T12:00:00Z,4,22°C,0x5e9cdf0acfadf1d761629c3e824f608b4c8abda66747f716816cd21a6ef44b02,21885399021320574560651114684216824442350810668622956886293663194490254187234,YES,depth_imbalance_1,book,wall_60s,wall_clock_seconds,60,last_24h,56758,0.17459979500203285,0.6039442467378411,0.6435392367595757,61.5045
highest-temperature-in-shanghai-on-june-9-2026,Highest temperature in Shanghai on June 9?,2026-06-07T04:34:03Z,2026-06-09T12:00:00Z,4,22°C,0x5e9cdf0acfadf1d761629c3e824f608b4c8abda66747f716816cd21a6ef44b02,21885399021320574560651114684216824442350810668622956886293663194490254187234,YES,depth_imbalance_3,book,wall_60s,wall_clock_seconds,60,early_gt_24h,76031,0.06683327468032826,0.5556057866184448,0.5635990582788599,61.711
highest-temperature-in-shanghai-on-june-9-2026,Highest temperature in Shanghai on June 9?,2026-06-07T04:34:03Z,2026-06-09T12:00:00Z,4,22°C,0x5e9cdf0acfadf1d761629c3e824f608b4c8abda66747f716816cd21a6ef44b02,21885399021320574560651114684216824442350810668622956886293663194490254187234,YES,depth_imbalance_3,book,wall_60s,wall_clock_seconds,60,last_24h,56758,0.12356492482402157,0.5414689600632661,0.6435392367595757,61.5045
highest-temperature-in-shanghai-on-june-9-2026,Highest temperature in Shanghai on June 9?,2026-06-07T04:34:03Z,2026-06-09T12:00:00Z,4,22°C,0x5e9cdf0acfadf1d761629c3e824f608b4c8abda66747f716816cd21a6ef44b02,21885399021320574560651114684216824442350810668622956886293663194490254187234,YES,depth_imbalance_5,book,wall_60s,wall_clock_seconds,60,early_gt_24h,76031,0.04079765642162155,0.5411693791440627,0.5635990582788599,61.711
highest-temperature-in-shanghai-on-june-9-2026,Highest temperature in Shanghai on June 9?,2026-06-07T04:34:03Z,2026-06-09T12:00:00Z,4,22°C,0x5e9cdf0acfadf1d761629c3e824f608b4c8abda66747f716816cd21a6ef44b02,21885399021320574560651114684216824442350810668622956886293663194490254187234,YES,depth_imbalance_5,book,wall_60s,wall_clock_seconds,60,last_24h,56758,0.13876981808436142,0.6018683274021353,0.6435392367595757,61.5045
highest-temperature-in-shanghai-on-june-9-2026,Highest temperature in Shanghai on June 9?,2026-06-07T04:34:03Z,2026-06-09T12:00:00Z,4,22°C,0x5e9cdf0acfadf1d761629c3e824f608b4c8abda66747f716816cd21a6ef44b02,21885399021320574560651114684216824442350810668622956886293663194490254187234,YES,microprice_minus_mid,book,wall_60s,wall_clock_seconds,60,early_gt_24h,76031,0.09528579223604185,0.5657625075346594,0.5635990582788599,61.711
highest-temperature-in-shanghai-on-june-9-2026,Highest temperature in Shanghai on June 9?,2026-06-07T04:34:03Z,2026-06-09T12:00:00Z,4,22°C,0x5e9cdf0acfadf1d761629c3e824f608b4c8abda66747f716816cd21a6ef44b02,21885399021320574560651114684216824442350810668622956886293663194490254187234,YES,microprice_minus_mid,book,wall_60s,wall_clock_seconds,60,last_24h,56758,0.19689494632800258,0.608590351917754,0.6435392367595757,61.5045
highest-temperature-in-shanghai-on-june-9-2026,Highest temperature in Shanghai on June 9?,2026-06-07T04:34:03Z,2026-06-09T12:00:00Z,4,22°C,0x5e9cdf0acfadf1d761629c3e824f608b4c8abda66747f716816cd21a6ef44b02,21885399021320574560651114684216824442350810668622956886293663194490254187234,YES,ofi_30s,flow_clock_sensitive,wall_60s,wall_clock_seconds,60,early_gt_24h,76031,0.088155239163265,0.5419529837251357,0.5635990582788599,61.711
highest-temperature-in-shanghai-on-june-9-2026,Highest temperature in Shanghai on June 9?,2026-06-07T04:34:03Z,2026-06-09T12:00:00Z,4,22°C,0x5e9cdf0acfadf1d761629c3e824f608b4c8abda66747f716816cd21a6ef44b02,21885399021320574560651114684216824442350810668622956886293663194490254187234,YES,ofi_30s,flow_clock_sensitive,wall_60s,wall_clock_seconds,60,last_24h,56758,0.0245363840025216,0.5266409648082246,0.6435392367595757,61.5045
highest-temperature-in-shanghai-on-june-9-2026,Highest temperature in Shanghai on June 9?,2026-06-07T04:34:03Z,2026-06-09T12:00:00Z,4,22°C,0x5e9cdf0acfadf1d761629c3e824f608b4c8abda66747f716816cd21a6ef44b02,21885399021320574560651114684216824442350810668622956886293663194490254187234,YES,trade_pressure_30s,flow_clock_sensitive,wall_60s,wall_clock_seconds,60,early_gt_24h,76031,0.011154519725250885,0.5325195901145269,0.5635990582788599,61.711
highest-temperature-in-shanghai-on-june-9-2026,Highest temperature in Shanghai on June 9?,2026-06-07T04:34:03Z,2026-06-09T12:00:00Z,4,22°C,0x5e9cdf0acfadf1d761629c3e824f608b4c8abda66747f716816cd21a6ef44b02,21885399021320574560651114684216824442350810668622956886293663194490254187234,YES,trade_pressure_30s,flow_clock_sensitive,wall_60s,wall_clock_seconds,60,last_24h,56758,0.029195691341903907,0.5152234084618427,0.6435392367595757,61.5045
highest-temperature-in-shanghai-on-june-9-2026,Highest temperature in Shanghai on June 9?,2026-06-07T04:34:03Z,2026-06-09T12:00:00Z,4,22°C,0x5e9cdf0acfadf1d761629c3e824f608b4c8abda66747f716816cd21a6ef44b02,21885399021320574560651114684216824442350810668622956886293663194490254187234,YES,depth_imbalance_1,book,wall_300s,wall_clock_seconds,300,early_gt_24h,75756,0.0485456743233515,0.5054922450322952,0.35828185226252707,302.365
highest-temperature-in-shanghai-on-june-9-2026,Highest temperature in Shanghai on June 9?,2026-06-07T04:34:03Z,2026-06-09T12:00:00Z,4,22°C,0x5e9cdf0acfadf1d761629c3e824f608b4c8abda66747f716816cd21a6ef44b02,21885399021320574560651114684216824442350810668622956886293663194490254187234,YES,depth_imbalance_1,book,wall_300s,wall_clock_seconds,300,last_24h,55660,0.18381094643877505,0.6323593006733799,0.41836148041681637,302.238
highest-temperature-in-shanghai-on-june-9-2026,Highest temperature in Shanghai on June 9?,2026-06-07T04:34:03Z,2026-06-09T12:00:00Z,4,22°C,0x5e9cdf0acfadf1d761629c3e824f608b4c8abda66747f716816cd21a6ef44b02,21885399021320574560651114684216824442350810668622956886293663194490254187234,YES,depth_imbalance_3,book,wall_300s,wall_clock_seconds,300,early_gt_24h,75756,0.09398272855886151,0.5663594849220389,0.35828185226252707,302.365
highest-temperature-in-shanghai-on-june-9-2026,Highest temperature in Shanghai on June 9?,2026-06-07T04:34:03Z,2026-06-09T12:00:00Z,4,22°C,0x5e9cdf0acfadf1d761629c3e824f608b4c8abda66747f716816cd21a6ef44b02,21885399021320574560651114684216824442350810668622956886293663194490254187234,YES,depth_imbalance_3,book,wall_300s,wall_clock_seconds,300,last_24h,55660,0.17476294157928854,0.5620868598257861,0.41836148041681637,302.238
highest-temperature-in-shanghai-on-june-9-2026,Highest temperature in Shanghai on June 9?,2026-06-07T04:34:03Z,2026-06-09T12:00:00Z,4,22°C,0x5e9cdf0acfadf1d761629c3e824f608b4c8abda66747f716816cd21a6ef44b02,21885399021320574560651114684216824442350810668622956886293663194490254187234,YES,depth_imbalance_5,book,wall_300s,wall_clock_seconds,300,early_gt_24h,75756,0.05610425460629752,0.5736207676800922,0.35828185226252707,302.365
highest-temperature-in-shanghai-on-june-9-2026,Highest temperature in Shanghai on June 9?,2026-06-07T04:34:03Z,2026-06-09T12:00:00Z,4,22°C,0x5e9cdf0acfadf1d761629c3e824f608b4c8abda66747f716816cd21a6ef44b02,21885399021320574560651114684216824442350810668622956886293663194490254187234,YES,depth_imbalance_5,book,wall_300s,wall_clock_seconds,300,last_24h,55660,0.21249690457469456,0.6238030518317168,0.41836148041681637,302.238
highest-temperature-in-shanghai-on-june-9-2026,Highest temperature in Shanghai on June 9?,2026-06-07T04:34:03Z,2026-06-09T12:00:00Z,4,22°C,0x5e9cdf0acfadf1d761629c3e824f608b4c8abda66747f716816cd21a6ef44b02,21885399021320574560651114684216824442350810668622956886293663194490254187234,YES,microprice_minus_mid,book,wall_300s,wall_clock_seconds,300,early_gt_24h,75756,0.002680557094826203,0.49243016415024476,0.35828185226252707,302.365
highest-temperature-in-shanghai-on-june-9-2026,Highest temperature in Shanghai on June 9?,2026-06-07T04:34:03Z,2026-06-09T12:00:00Z,4,22°C,0x5e9cdf0acfadf1d761629c3e824f608b4c8abda66747f716816cd21a6ef44b02,21885399021320574560651114684216824442350810668622956886293663194490254187234,YES,microprice_minus_mid,book,wall_300s,wall_clock_seconds,300,last_24h,55660,0.24219951476375762,0.6346759745474764,0.41836148041681637,302.238
highest-temperature-in-shanghai-on-june-9-2026,Highest temperature in Shanghai on June 9?,2026-06-07T04:34:03Z,2026-06-09T12:00:00Z,4,22°C,0x5e9cdf0acfadf1d761629c3e824f608b4c8abda66747f716816cd21a6ef44b02,21885399021320574560651114684216824442350810668622956886293663194490254187234,YES,ofi_30s,flow_clock_sensitive,wall_300s,wall_clock_seconds,300,early_gt_24h,75756,0.0605613423725425,0.550006171061834,0.35828185226252707,302.365
highest-temperature-in-shanghai-on-june-9-2026,Highest temperature in Shanghai on June 9?,2026-06-07T04:34:03Z,2026-06-09T12:00:00Z,4,22°C,0x5e9cdf0acfadf1d761629c3e824f608b4c8abda66747f716816cd21a6ef44b02,21885399021320574560651114684216824442350810668622956886293663194490254187234,YES,ofi_30s,flow_clock_sensitive,wall_300s,wall_clock_seconds,300,last_24h,55660,0.0803131107248065,0.5554766170383642,0.41836148041681637,302.238
highest-temperature-in-shanghai-on-june-9-2026,Highest temperature in Shanghai on June 9?,2026-06-07T04:34:03Z,2026-06-09T12:00:00Z,4,22°C,0x5e9cdf0acfadf1d761629c3e824f608b4c8abda66747f716816cd21a6ef44b02,21885399021320574560651114684216824442350810668622956886293663194490254187234,YES,trade_pressure_30s,flow_clock_sensitive,wall_300s,wall_clock_seconds,300,early_gt_24h,75756,0.0058348592454920386,0.5914962767926935,0.35828185226252707,302.365
highest-temperature-in-shanghai-on-june-9-2026,Highest temperature in Shanghai on June 9?,2026-06-07T04:34:03Z,2026-06-09T12:00:00Z,4,22°C,0x5e9cdf0acfadf1d761629c3e824f608b4c8abda66747f716816cd21a6ef44b02,21885399021320574560651114684216824442350810668622956886293663194490254187234,YES,trade_pressure_30s,flow_clock_sensitive,wall_300s,wall_clock_seconds,300,last_24h,55660,0.09820372235392802,0.552264162599617,0.41836148041681637,302.238
highest-temperature-in-shanghai-on-june-9-2026,Highest temperature in Shanghai on June 9?,2026-06-07T04:34:03Z,2026-06-09T12:00:00Z,4,22°C,0x5e9cdf0acfadf1d761629c3e824f608b4c8abda66747f716816cd21a6ef44b02,21885399021320574560651114684216824442350810668622956886293663194490254187234,YES,depth_imbalance_1,book,wall_900s,wall_clock_seconds,900,early_gt_24h,74146,0.18000760609583474,0.6112592017229509,0.2360073368758935,902.612
highest-temperature-in-shanghai-on-june-9-2026,Highest temperature in Shanghai on June 9?,2026-06-07T04:34:03Z,2026-06-09T12:00:00Z,4,22°C,0x5e9cdf0acfadf1d761629c3e824f608b4c8abda66747f716816cd21a6ef44b02,21885399021320574560651114684216824442350810668622956886293663194490254187234,YES,depth_imbalance_1,book,wall_900s,wall_clock_seconds,900,last_24h,54830,-0.029636059106720927,0.527079375262158,0.2608243662228707,902.118
highest-temperature-in-shanghai-on-june-9-2026,Highest temperature in Shanghai on June 9?,2026-06-07T04:34:03Z,2026-06-09T12:00:00Z,4,22°C,0x5e9cdf0acfadf1d761629c3e824f608b4c8abda66747f716816cd21a6ef44b02,21885399021320574560651114684216824442350810668622956886293663194490254187234,YES,depth_imbalance_3,book,wall_900s,wall_clock_seconds,900,early_gt_24h,74146,0.061868139384026445,0.532349462460501,0.2360073368758935,902.612
highest-temperature-in-shanghai-on-june-9-2026,Highest temperature in Shanghai on June 9?,2026-06-07T04:34:03Z,2026-06-09T12:00:00Z,4,22°C,0x5e9cdf0acfadf1d761629c3e824f608b4c8abda66747f716816cd21a6ef44b02,21885399021320574560651114684216824442350810668622956886293663194490254187234,YES,depth_imbalance_3,book,wall_900s,wall_clock_seconds,900,last_24h,54830,-0.00957447789214589,0.48772483900416985,0.2608243662228707,902.118
highest-temperature-in-shanghai-on-june-9-2026,Highest temperature in Shanghai on June 9?,2026-06-07T04:34:03Z,2026-06-09T12:00:00Z,4,22°C,0x5e9cdf0acfadf1d761629c3e824f608b4c8abda66747f716816cd21a6ef44b02,21885399021320574560651114684216824442350810668622956886293663194490254187234,YES,depth_imbalance_5,book,wall_900s,wall_clock_seconds,900,early_gt_24h,74146,0.013838598651258891,0.5099475700390136,0.2360073368758935,902.612
highest-temperature-in-shanghai-on-june-9-2026,Highest temperature in Shanghai on June 9?,2026-06-07T04:34:03Z,2026-06-09T12:00:00Z,4,22°C,0x5e9cdf0acfadf1d761629c3e824f608b4c8abda66747f716816cd21a6ef44b02,21885399021320574560651114684216824442350810668622956886293663194490254187234,YES,depth_imbalance_5,book,wall_900s,wall_clock_seconds,900,last_24h,54830,0.0536461162897385,0.5392928520318784,0.2608243662228707,902.118
highest-temperature-in-shanghai-on-june-9-2026,Highest temperature in Shanghai on June 9?,2026-06-07T04:34:03Z,2026-06-09T12:00:00Z,4,22°C,0x5e9cdf0acfadf1d761629c3e824f608b4c8abda66747f716816cd21a6ef44b02,21885399021320574560651114684216824442350810668622956886293663194490254187234,YES,microprice_minus_mid,book,wall_900s,wall_clock_seconds,900,early_gt_24h,74146,0.10418215269127622,0.5978604339153,0.2360073368758935,902.612
highest-temperature-in-shanghai-on-june-9-2026,Highest temperature in Shanghai on June 9?,2026-06-07T04:34:03Z,2026-06-09T12:00:00Z,4,22°C,0x5e9cdf0acfadf1d761629c3e824f608b4c8abda66747f716816cd21a6ef44b02,21885399021320574560651114684216824442350810668622956886293663194490254187234,YES,microprice_minus_mid,book,wall_900s,wall_clock_seconds,900,last_24h,54830,-0.033877663897763005,0.5204421525327543,0.2608243662228707,902.118
highest-temperature-in-shanghai-on-june-9-2026,Highest temperature in Shanghai on June 9?,2026-06-07T04:34:03Z,2026-06-09T12:00:00Z,4,22°C,0x5e9cdf0acfadf1d761629c3e824f608b4c8abda66747f716816cd21a6ef44b02,21885399021320574560651114684216824442350810668622956886293663194490254187234,YES,ofi_30s,flow_clock_sensitive,wall_900s,wall_clock_seconds,900,early_gt_24h,74146,0.03652329031287957,0.5069818348721027,0.2360073368758935,902.612
highest-temperature-in-shanghai-on-june-9-2026,Highest temperature in Shanghai on June 9?,2026-06-07T04:34:03Z,2026-06-09T12:00:00Z,4,22°C,0x5e9cdf0acfadf1d761629c3e824f608b4c8abda66747f716816cd21a6ef44b02,21885399021320574560651114684216824442350810668622956886293663194490254187234,YES,ofi_30s,flow_clock_sensitive,wall_900s,wall_clock_seconds,900,last_24h,54830,-0.09490869007416827,0.4947074933997878,0.2608243662228707,902.118
highest-temperature-in-shanghai-on-june-9-2026,Highest temperature in Shanghai on June 9?,2026-06-07T04:34:03Z,2026-06-09T12:00:00Z,4,22°C,0x5e9cdf0acfadf1d761629c3e824f608b4c8abda66747f716816cd21a6ef44b02,21885399021320574560651114684216824442350810668622956886293663194490254187234,YES,trade_pressure_30s,flow_clock_sensitive,wall_900s,wall_clock_seconds,900,early_gt_24h,74146,-0.04302251116251185,0.4901230427030558,0.2360073368758935,902.612
highest-temperature-in-shanghai-on-june-9-2026,Highest temperature in Shanghai on June 9?,2026-06-07T04:34:03Z,2026-06-09T12:00:00Z,4,22°C,0x5e9cdf0acfadf1d761629c3e824f608b4c8abda66747f716816cd21a6ef44b02,21885399021320574560651114684216824442350810668622956886293663194490254187234,YES,trade_pressure_30s,flow_clock_sensitive,wall_900s,wall_clock_seconds,900,last_24h,54830,0.08171270037230416,0.690517900762417,0.2608243662228707,902.118
highest-temperature-in-shanghai-on-june-9-2026,Highest temperature in Shanghai on June 9?,2026-06-07T04:34:03Z,2026-06-09T12:00:00Z,4,22°C,0x5e9cdf0acfadf1d761629c3e824f608b4c8abda66747f716816cd21a6ef44b02,21885399021320574560651114684216824442350810668622956886293663194490254187234,YES,depth_imbalance_1,book,valid_obs_10,valid_observation_steps,10,early_gt_24h,76156,0.1329820461819144,0.589336623973448,0.6914097379064027,15.534
highest-temperature-in-shanghai-on-june-9-2026,Highest temperature in Shanghai on June 9?,2026-06-07T04:34:03Z,2026-06-09T12:00:00Z,4,22°C,0x5e9cdf0acfadf1d761629c3e824f608b4c8abda66747f716816cd21a6ef44b02,21885399021320574560651114684216824442350810668622956886293663194490254187234,YES,depth_imbalance_1,book,valid_obs_10,valid_observation_steps,10,last_24h,56999,0.050822431882234516,0.539836919147264,0.8214179196126248,9.899
highest-temperature-in-shanghai-on-june-9-2026,Highest temperature in Shanghai on June 9?,2026-06-07T04:34:03Z,2026-06-09T12:00:00Z,4,22°C,0x5e9cdf0acfadf1d761629c3e824f608b4c8abda66747f716816cd21a6ef44b02,21885399021320574560651114684216824442350810668622956886293663194490254187234,YES,depth_imbalance_3,book,valid_obs_10,valid_observation_steps,10,early_gt_24h,76156,0.05439611833574145,0.5475511680354027,0.6914097379064027,15.534
highest-temperature-in-shanghai-on-june-9-2026,Highest temperature in Shanghai on June 9?,2026-06-07T04:34:03Z,2026-06-09T12:00:00Z,4,22°C,0x5e9cdf0acfadf1d761629c3e824f608b4c8abda66747f716816cd21a6ef44b02,21885399021320574560651114684216824442350810668622956886293663194490254187234,YES,depth_imbalance_3,book,valid_obs_10,valid_observation_steps,10,last_24h,56999,0.030751870327878596,0.4917968366244228,0.8214179196126248,9.899
highest-temperature-in-shanghai-on-june-9-2026,Highest temperature in Shanghai on June 9?,2026-06-07T04:34:03Z,2026-06-09T12:00:00Z,4,22°C,0x5e9cdf0acfadf1d761629c3e824f608b4c8abda66747f716816cd21a6ef44b02,21885399021320574560651114684216824442350810668622956886293663194490254187234,YES,depth_imbalance_5,book,valid_obs_10,valid_observation_steps,10,early_gt_24h,76156,0.02903418043887776,0.5167439683417727,0.6914097379064027,15.534
highest-temperature-in-shanghai-on-june-9-2026,Highest temperature in Shanghai on June 9?,2026-06-07T04:34:03Z,2026-06-09T12:00:00Z,4,22°C,0x5e9cdf0acfadf1d761629c3e824f608b4c8abda66747f716816cd21a6ef44b02,21885399021320574560651114684216824442350810668622956886293663194490254187234,YES,depth_imbalance_5,book,valid_obs_10,valid_observation_steps,10,last_24h,56999,0.01956826764581402,0.515473032714412,0.8214179196126248,9.899
highest-temperature-in-shanghai-on-june-9-2026,Highest temperature in Shanghai on June 9?,2026-06-07T04:34:03Z,2026-06-09T12:00:00Z,4,22°C,0x5e9cdf0acfadf1d761629c3e824f608b4c8abda66747f716816cd21a6ef44b02,21885399021320574560651114684216824442350810668622956886293663194490254187234,YES,microprice_minus_mid,book,valid_obs_10,valid_observation_steps,10,early_gt_24h,76156,0.10169620731466512,0.5873367090762095,0.6914097379064027,15.534
highest-temperature-in-shanghai-on-june-9-2026,Highest temperature in Shanghai on June 9?,2026-06-07T04:34:03Z,2026-06-09T12:00:00Z,4,22°C,0x5e9cdf0acfadf1d761629c3e824f608b4c8abda66747f716816cd21a6ef44b02,21885399021320574560651114684216824442350810668622956886293663194490254187234,YES,microprice_minus_mid,book,valid_obs_10,valid_observation_steps,10,last_24h,56999,0.04088409017318683,0.5417035072207486,0.8214179196126248,9.899
highest-temperature-in-shanghai-on-june-9-2026,Highest temperature in Shanghai on June 9?,2026-06-07T04:34:03Z,2026-06-09T12:00:00Z,4,22°C,0x5e9cdf0acfadf1d761629c3e824f608b4c8abda66747f716816cd21a6ef44b02,21885399021320574560651114684216824442350810668622956886293663194490254187234,YES,ofi_30s,flow_clock_sensitive,valid_obs_10,valid_observation_steps,10,early_gt_24h,76156,0.07936099470031031,0.5489979149823412,0.6914097379064027,15.534
highest-temperature-in-shanghai-on-june-9-2026,Highest temperature in Shanghai on June 9?,2026-06-07T04:34:03Z,2026-06-09T12:00:00Z,4,22°C,0x5e9cdf0acfadf1d761629c3e824f608b4c8abda66747f716816cd21a6ef44b02,21885399021320574560651114684216824442350810668622956886293663194490254187234,YES,ofi_30s,flow_clock_sensitive,valid_obs_10,valid_observation_steps,10,last_24h,56999,0.028821923623401864,0.5217604872777286,0.8214179196126248,9.899
highest-temperature-in-shanghai-on-june-9-2026,Highest temperature in Shanghai on June 9?,2026-06-07T04:34:03Z,2026-06-09T12:00:00Z,4,22°C,0x5e9cdf0acfadf1d761629c3e824f608b4c8abda66747f716816cd21a6ef44b02,21885399021320574560651114684216824442350810668622956886293663194490254187234,YES,trade_pressure_30s,flow_clock_sensitive,valid_obs_10,valid_observation_steps,10,early_gt_24h,76156,0.01010368851668869,0.5258499638313263,0.6914097379064027,15.534
highest-temperature-in-shanghai-on-june-9-2026,Highest temperature in Shanghai on June 9?,2026-06-07T04:34:03Z,2026-06-09T12:00:00Z,4,22°C,0x5e9cdf0acfadf1d761629c3e824f608b4c8abda66747f716816cd21a6ef44b02,21885399021320574560651114684216824442350810668622956886293663194490254187234,YES,trade_pressure_30s,flow_clock_sensitive,valid_obs_10,valid_observation_steps,10,last_24h,56999,0.040586243828195624,0.5355142941349837,0.8214179196126248,9.899
highest-temperature-in-shanghai-on-june-9-2026,Highest temperature in Shanghai on June 9?,2026-06-07T04:34:03Z,2026-06-09T12:00:00Z,4,22°C,0x5e9cdf0acfadf1d761629c3e824f608b4c8abda66747f716816cd21a6ef44b02,21885399021320574560651114684216824442350810668622956886293663194490254187234,YES,depth_imbalance_1,book,valid_obs_50,valid_observation_steps,50,early_gt_24h,76156,0.12316313132353213,0.5686827268067658,0.48763065287042384,98.40950000000001
highest-temperature-in-shanghai-on-june-9-2026,Highest temperature in Shanghai on June 9?,2026-06-07T04:34:03Z,2026-06-09T12:00:00Z,4,22°C,0x5e9cdf0acfadf1d761629c3e824f608b4c8abda66747f716816cd21a6ef44b02,21885399021320574560651114684216824442350810668622956886293663194490254187234,YES,depth_imbalance_1,book,valid_obs_50,valid_observation_steps,50,last_24h,56916,0.08729664079307205,0.5642737071096608,0.6446341977651275,64.319
highest-temperature-in-shanghai-on-june-9-2026,Highest temperature in Shanghai on June 9?,2026-06-07T04:34:03Z,2026-06-09T12:00:00Z,4,22°C,0x5e9cdf0acfadf1d761629c3e824f608b4c8abda66747f716816cd21a6ef44b02,21885399021320574560651114684216824442350810668622956886293663194490254187234,YES,depth_imbalance_3,book,valid_obs_50,valid_observation_steps,50,early_gt_24h,76156,0.06353692516930108,0.547744746283957,0.48763065287042384,98.40950000000001
highest-temperature-in-shanghai-on-june-9-2026,Highest temperature in Shanghai on June 9?,2026-06-07T04:34:03Z,2026-06-09T12:00:00Z,4,22°C,0x5e9cdf0acfadf1d761629c3e824f608b4c8abda66747f716816cd21a6ef44b02,21885399021320574560651114684216824442350810668622956886293663194490254187234,YES,depth_imbalance_3,book,valid_obs_50,valid_observation_steps,50,last_24h,56916,0.07927652150864853,0.5113715020270938,0.6446341977651275,64.319
highest-temperature-in-shanghai-on-june-9-2026,Highest temperature in Shanghai on June 9?,2026-06-07T04:34:03Z,2026-06-09T12:00:00Z,4,22°C,0x5e9cdf0acfadf1d761629c3e824f608b4c8abda66747f716816cd21a6ef44b02,21885399021320574560651114684216824442350810668622956886293663194490254187234,YES,depth_imbalance_5,book,valid_obs_50,valid_observation_steps,50,early_gt_24h,76156,0.041882415945673865,0.5259866735007689,0.48763065287042384,98.40950000000001
highest-temperature-in-shanghai-on-june-9-2026,Highest temperature in Shanghai on June 9?,2026-06-07T04:34:03Z,2026-06-09T12:00:00Z,4,22°C,0x5e9cdf0acfadf1d761629c3e824f608b4c8abda66747f716816cd21a6ef44b02,21885399021320574560651114684216824442350810668622956886293663194490254187234,YES,depth_imbalance_5,book,valid_obs_50,valid_observation_steps,50,last_24h,56916,0.07590163803198062,0.5521111440719866,0.6446341977651275,64.319
highest-temperature-in-shanghai-on-june-9-2026,Highest temperature in Shanghai on June 9?,2026-06-07T04:34:03Z,2026-06-09T12:00:00Z,4,22°C,0x5e9cdf0acfadf1d761629c3e824f608b4c8abda66747f716816cd21a6ef44b02,21885399021320574560651114684216824442350810668622956886293663194490254187234,YES,microprice_minus_mid,book,valid_obs_50,valid_observation_steps,50,early_gt_24h,76156,0.07187220887874064,0.5643772424397745,0.48763065287042384,98.40950000000001
highest-temperature-in-shanghai-on-june-9-2026,Highest temperature in Shanghai on June 9?,2026-06-07T04:34:03Z,2026-06-09T12:00:00Z,4,22°C,0x5e9cdf0acfadf1d761629c3e824f608b4c8abda66747f716816cd21a6ef44b02,21885399021320574560651114684216824442350810668622956886293663194490254187234,YES,microprice_minus_mid,book,valid_obs_50,valid_observation_steps,50,last_24h,56916,0.09410408905063268,0.558785721348759,0.6446341977651275,64.319
highest-temperature-in-shanghai-on-june-9-2026,Highest temperature in Shanghai on June 9?,2026-06-07T04:34:03Z,2026-06-09T12:00:00Z,4,22°C,0x5e9cdf0acfadf1d761629c3e824f608b4c8abda66747f716816cd21a6ef44b02,21885399021320574560651114684216824442350810668622956886293663194490254187234,YES,ofi_30s,flow_clock_sensitive,valid_obs_50,valid_observation_steps,50,early_gt_24h,76156,0.05485003952413513,0.5162480779087647,0.48763065287042384,98.40950000000001
highest-temperature-in-shanghai-on-june-9-2026,Highest temperature in Shanghai on June 9?,2026-06-07T04:34:03Z,2026-06-09T12:00:00Z,4,22°C,0x5e9cdf0acfadf1d761629c3e824f608b4c8abda66747f716816cd21a6ef44b02,21885399021320574560651114684216824442350810668622956886293663194490254187234,YES,ofi_30s,flow_clock_sensitive,valid_obs_50,valid_observation_steps,50,last_24h,56916,0.025803950818810793,0.5288737268861861,0.6446341977651275,64.319
highest-temperature-in-shanghai-on-june-9-2026,Highest temperature in Shanghai on June 9?,2026-06-07T04:34:03Z,2026-06-09T12:00:00Z,4,22°C,0x5e9cdf0acfadf1d761629c3e824f608b4c8abda66747f716816cd21a6ef44b02,21885399021320574560651114684216824442350810668622956886293663194490254187234,YES,trade_pressure_30s,flow_clock_sensitive,valid_obs_50,valid_observation_steps,50,early_gt_24h,76156,-0.016740908785736898,0.5239108149666838,0.48763065287042384,98.40950000000001
highest-temperature-in-shanghai-on-june-9-2026,Highest temperature in Shanghai on June 9?,2026-06-07T04:34:03Z,2026-06-09T12:00:00Z,4,22°C,0x5e9cdf0acfadf1d761629c3e824f608b4c8abda66747f716816cd21a6ef44b02,21885399021320574560651114684216824442350810668622956886293663194490254187234,YES,trade_pressure_30s,flow_clock_sensitive,valid_obs_50,valid_observation_steps,50,last_24h,56916,0.04363800028233576,0.5309502620389598,0.6446341977651275,64.319
highest-temperature-in-shanghai-on-june-9-2026,Highest temperature in Shanghai on June 9?,2026-06-07T04:34:03Z,2026-06-09T12:00:00Z,4,22°C,0x5e9cdf0acfadf1d761629c3e824f608b4c8abda66747f716816cd21a6ef44b02,21885399021320574560651114684216824442350810668622956886293663194490254187234,YES,depth_imbalance_1,book,valid_obs_200,valid_observation_steps,200,early_gt_24h,76156,0.09588662830297008,0.5441234148254673,0.29692998581858293,432.705
highest-temperature-in-shanghai-on-june-9-2026,Highest temperature in Shanghai on June 9?,2026-06-07T04:34:03Z,2026-06-09T12:00:00Z,4,22°C,0x5e9cdf0acfadf1d761629c3e824f608b4c8abda66747f716816cd21a6ef44b02,21885399021320574560651114684216824442350810668622956886293663194490254187234,YES,depth_imbalance_1,book,valid_obs_200,valid_observation_steps,200,last_24h,56632,0.13673353934450108,0.5876049183882058,0.42988063285774825,296.434
highest-temperature-in-shanghai-on-june-9-2026,Highest temperature in Shanghai on June 9?,2026-06-07T04:34:03Z,2026-06-09T12:00:00Z,4,22°C,0x5e9cdf0acfadf1d761629c3e824f608b4c8abda66747f716816cd21a6ef44b02,21885399021320574560651114684216824442350810668622956886293663194490254187234,YES,depth_imbalance_3,book,valid_obs_200,valid_observation_steps,200,early_gt_24h,76156,0.04049666925586049,0.5327680555814952,0.29692998581858293,432.705
highest-temperature-in-shanghai-on-june-9-2026,Highest temperature in Shanghai on June 9?,2026-06-07T04:34:03Z,2026-06-09T12:00:00Z,4,22°C,0x5e9cdf0acfadf1d761629c3e824f608b4c8abda66747f716816cd21a6ef44b02,21885399021320574560651114684216824442350810668622956886293663194490254187234,YES,depth_imbalance_3,book,valid_obs_200,valid_observation_steps,200,last_24h,56632,0.15016577424088096,0.5406510360206894,0.42988063285774825,296.434
highest-temperature-in-shanghai-on-june-9-2026,Highest temperature in Shanghai on June 9?,2026-06-07T04:34:03Z,2026-06-09T12:00:00Z,4,22°C,0x5e9cdf0acfadf1d761629c3e824f608b4c8abda66747f716816cd21a6ef44b02,21885399021320574560651114684216824442350810668622956886293663194490254187234,YES,depth_imbalance_5,book,valid_obs_200,valid_observation_steps,200,early_gt_24h,76156,0.015879682116998108,0.5202173953644734,0.29692998581858293,432.705
highest-temperature-in-shanghai-on-june-9-2026,Highest temperature in Shanghai on June 9?,2026-06-07T04:34:03Z,2026-06-09T12:00:00Z,4,22°C,0x5e9cdf0acfadf1d761629c3e824f608b4c8abda66747f716816cd21a6ef44b02,21885399021320574560651114684216824442350810668622956886293663194490254187234,YES,depth_imbalance_5,book,valid_obs_200,valid_observation_steps,200,last_24h,56632,0.18769315980116774,0.5899278347322452,0.42988063285774825,296.434
highest-temperature-in-shanghai-on-june-9-2026,Highest temperature in Shanghai on June 9?,2026-06-07T04:34:03Z,2026-06-09T12:00:00Z,4,22°C,0x5e9cdf0acfadf1d761629c3e824f608b4c8abda66747f716816cd21a6ef44b02,21885399021320574560651114684216824442350810668622956886293663194490254187234,YES,microprice_minus_mid,book,valid_obs_200,valid_observation_steps,200,early_gt_24h,76156,0.02007628584592855,0.5262312533851297,0.29692998581858293,432.705
highest-temperature-in-shanghai-on-june-9-2026,Highest temperature in Shanghai on June 9?,2026-06-07T04:34:03Z,2026-06-09T12:00:00Z,4,22°C,0x5e9cdf0acfadf1d761629c3e824f608b4c8abda66747f716816cd21a6ef44b02,21885399021320574560651114684216824442350810668622956886293663194490254187234,YES,microprice_minus_mid,book,valid_obs_200,valid_observation_steps,200,last_24h,56632,0.17944717984676767,0.5958745005729861,0.42988063285774825,296.434
highest-temperature-in-shanghai-on-june-9-2026,Highest temperature in Shanghai on June 9?,2026-06-07T04:34:03Z,2026-06-09T12:00:00Z,4,22°C,0x5e9cdf0acfadf1d761629c3e824f608b4c8abda66747f716816cd21a6ef44b02,21885399021320574560651114684216824442350810668622956886293663194490254187234,YES,ofi_30s,flow_clock_sensitive,valid_obs_200,valid_observation_steps,200,early_gt_24h,76156,0.07403716145748908,0.5263246362736492,0.29692998581858293,432.705
highest-temperature-in-shanghai-on-june-9-2026,Highest temperature in Shanghai on June 9?,2026-06-07T04:34:03Z,2026-06-09T12:00:00Z,4,22°C,0x5e9cdf0acfadf1d761629c3e824f608b4c8abda66747f716816cd21a6ef44b02,21885399021320574560651114684216824442350810668622956886293663194490254187234,YES,ofi_30s,flow_clock_sensitive,valid_obs_200,valid_observation_steps,200,last_24h,56632,0.03236629728219662,0.5246693715736984,0.42988063285774825,296.434
highest-temperature-in-shanghai-on-june-9-2026,Highest temperature in Shanghai on June 9?,2026-06-07T04:34:03Z,2026-06-09T12:00:00Z,4,22°C,0x5e9cdf0acfadf1d761629c3e824f608b4c8abda66747f716816cd21a6ef44b02,21885399021320574560651114684216824442350810668622956886293663194490254187234,YES,trade_pressure_30s,flow_clock_sensitive,valid_obs_200,valid_observation_steps,200,early_gt_24h,76156,-0.020066183712978802,0.5201987187867695,0.29692998581858293,432.705
highest-temperature-in-shanghai-on-june-9-2026,Highest temperature in Shanghai on June 9?,2026-06-07T04:34:03Z,2026-06-09T12:00:00Z,4,22°C,0x5e9cdf0acfadf1d761629c3e824f608b4c8abda66747f716816cd21a6ef44b02,21885399021320574560651114684216824442350810668622956886293663194490254187234,YES,trade_pressure_30s,flow_clock_sensitive,valid_obs_200,valid_observation_steps,200,last_24h,56632,0.10216548227937094,0.5545265896490847,0.42988063285774825,296.434
highest-temperature-in-shanghai-on-june-9-2026,Highest temperature in Shanghai on June 9?,2026-06-07T04:34:03Z,2026-06-09T12:00:00Z,5,23°C,0xc6e48d3b9fb338a583851f46245eeb5d016d1c7db5325bc711b47592d44dea31,88280062208897936928474997251824304255619443393959943341817445415105690345219,YES,depth_imbalance_1,book,wall_60s,wall_clock_seconds,60,early_gt_24h,113404,0.1437077393914496,0.6466060790537896,0.7972117385630136,60.83
highest-temperature-in-shanghai-on-june-9-2026,Highest temperature in Shanghai on June 9?,2026-06-07T04:34:03Z,2026-06-09T12:00:00Z,5,23°C,0xc6e48d3b9fb338a583851f46245eeb5d016d1c7db5325bc711b47592d44dea31,88280062208897936928474997251824304255619443393959943341817445415105690345219,YES,depth_imbalance_1,book,wall_60s,wall_clock_seconds,60,last_24h,160669,0.1420152087152521,0.587998288525993,0.4763271072826743,60.449
highest-temperature-in-shanghai-on-june-9-2026,Highest temperature in Shanghai on June 9?,2026-06-07T04:34:03Z,2026-06-09T12:00:00Z,5,23°C,0xc6e48d3b9fb338a583851f46245eeb5d016d1c7db5325bc711b47592d44dea31,88280062208897936928474997251824304255619443393959943341817445415105690345219,YES,depth_imbalance_3,book,wall_60s,wall_clock_seconds,60,early_gt_24h,113404,0.07342655997225023,0.5620298299778232,0.7972117385630136,60.83
highest-temperature-in-shanghai-on-june-9-2026,Highest temperature in Shanghai on June 9?,2026-06-07T04:34:03Z,2026-06-09T12:00:00Z,5,23°C,0xc6e48d3b9fb338a583851f46245eeb5d016d1c7db5325bc711b47592d44dea31,88280062208897936928474997251824304255619443393959943341817445415105690345219,YES,depth_imbalance_3,book,wall_60s,wall_clock_seconds,60,last_24h,160669,0.10537298738827994,0.5527229076041741,0.4763271072826743,60.449
highest-temperature-in-shanghai-on-june-9-2026,Highest temperature in Shanghai on June 9?,2026-06-07T04:34:03Z,2026-06-09T12:00:00Z,5,23°C,0xc6e48d3b9fb338a583851f46245eeb5d016d1c7db5325bc711b47592d44dea31,88280062208897936928474997251824304255619443393959943341817445415105690345219,YES,depth_imbalance_5,book,wall_60s,wall_clock_seconds,60,early_gt_24h,113404,0.0666380838538512,0.5552028525459842,0.7972117385630136,60.83
highest-temperature-in-shanghai-on-june-9-2026,Highest temperature in Shanghai on June 9?,2026-06-07T04:34:03Z,2026-06-09T12:00:00Z,5,23°C,0xc6e48d3b9fb338a583851f46245eeb5d016d1c7db5325bc711b47592d44dea31,88280062208897936928474997251824304255619443393959943341817445415105690345219,YES,depth_imbalance_5,book,wall_60s,wall_clock_seconds,60,last_24h,160669,0.08952454340227446,0.5521643015046709,0.4763271072826743,60.449
highest-temperature-in-shanghai-on-june-9-2026,Highest temperature in Shanghai on June 9?,2026-06-07T04:34:03Z,2026-06-09T12:00:00Z,5,23°C,0xc6e48d3b9fb338a583851f46245eeb5d016d1c7db5325bc711b47592d44dea31,88280062208897936928474997251824304255619443393959943341817445415105690345219,YES,microprice_minus_mid,book,wall_60s,wall_clock_seconds,60,early_gt_24h,113404,0.15914173338017543,0.636256903074314,0.7972117385630136,60.83
highest-temperature-in-shanghai-on-june-9-2026,Highest temperature in Shanghai on June 9?,2026-06-07T04:34:03Z,2026-06-09T12:00:00Z,5,23°C,0xc6e48d3b9fb338a583851f46245eeb5d016d1c7db5325bc711b47592d44dea31,88280062208897936928474997251824304255619443393959943341817445415105690345219,YES,microprice_minus_mid,book,wall_60s,wall_clock_seconds,60,last_24h,160669,0.13367266646794512,0.5858827164895767,0.4763271072826743,60.449
highest-temperature-in-shanghai-on-june-9-2026,Highest temperature in Shanghai on June 9?,2026-06-07T04:34:03Z,2026-06-09T12:00:00Z,5,23°C,0xc6e48d3b9fb338a583851f46245eeb5d016d1c7db5325bc711b47592d44dea31,88280062208897936928474997251824304255619443393959943341817445415105690345219,YES,ofi_30s,flow_clock_sensitive,wall_60s,wall_clock_seconds,60,early_gt_24h,113404,0.01100951244631116,0.5219811279732139,0.7972117385630136,60.83
highest-temperature-in-shanghai-on-june-9-2026,Highest temperature in Shanghai on June 9?,2026-06-07T04:34:03Z,2026-06-09T12:00:00Z,5,23°C,0xc6e48d3b9fb338a583851f46245eeb5d016d1c7db5325bc711b47592d44dea31,88280062208897936928474997251824304255619443393959943341817445415105690345219,YES,ofi_30s,flow_clock_sensitive,wall_60s,wall_clock_seconds,60,last_24h,160669,0.024094855609885155,0.5210725237110462,0.4763271072826743,60.449
highest-temperature-in-shanghai-on-june-9-2026,Highest temperature in Shanghai on June 9?,2026-06-07T04:34:03Z,2026-06-09T12:00:00Z,5,23°C,0xc6e48d3b9fb338a583851f46245eeb5d016d1c7db5325bc711b47592d44dea31,88280062208897936928474997251824304255619443393959943341817445415105690345219,YES,trade_pressure_30s,flow_clock_sensitive,wall_60s,wall_clock_seconds,60,early_gt_24h,113404,-0.021924777087475304,0.4390572683393486,0.7972117385630136,60.83
highest-temperature-in-shanghai-on-june-9-2026,Highest temperature in Shanghai on June 9?,2026-06-07T04:34:03Z,2026-06-09T12:00:00Z,5,23°C,0xc6e48d3b9fb338a583851f46245eeb5d016d1c7db5325bc711b47592d44dea31,88280062208897936928474997251824304255619443393959943341817445415105690345219,YES,trade_pressure_30s,flow_clock_sensitive,wall_60s,wall_clock_seconds,60,last_24h,160669,0.09154856054577376,0.557679051082745,0.4763271072826743,60.449
highest-temperature-in-shanghai-on-june-9-2026,Highest temperature in Shanghai on June 9?,2026-06-07T04:34:03Z,2026-06-09T12:00:00Z,5,23°C,0xc6e48d3b9fb338a583851f46245eeb5d016d1c7db5325bc711b47592d44dea31,88280062208897936928474997251824304255619443393959943341817445415105690345219,YES,depth_imbalance_1,book,wall_300s,wall_clock_seconds,300,early_gt_24h,113561,0.19391693409590516,0.6328554311448994,0.5737445073572793,300.958
highest-temperature-in-shanghai-on-june-9-2026,Highest temperature in Shanghai on June 9?,2026-06-07T04:34:03Z,2026-06-09T12:00:00Z,5,23°C,0xc6e48d3b9fb338a583851f46245eeb5d016d1c7db5325bc711b47592d44dea31,88280062208897936928474997251824304255619443393959943341817445415105690345219,YES,depth_imbalance_1,book,wall_300s,wall_clock_seconds,300,last_24h,157945,0.12363848133428691,0.5663927353756713,0.24421159264300865,300.485
highest-temperature-in-shanghai-on-june-9-2026,Highest temperature in Shanghai on June 9?,2026-06-07T04:34:03Z,2026-06-09T12:00:00Z,5,23°C,0xc6e48d3b9fb338a583851f46245eeb5d016d1c7db5325bc711b47592d44dea31,88280062208897936928474997251824304255619443393959943341817445415105690345219,YES,depth_imbalance_3,book,wall_300s,wall_clock_seconds,300,early_gt_24h,113561,0.15000949887679008,0.5943064909308763,0.5737445073572793,300.958
highest-temperature-in-shanghai-on-june-9-2026,Highest temperature in Shanghai on June 9?,2026-06-07T04:34:03Z,2026-06-09T12:00:00Z,5,23°C,0xc6e48d3b9fb338a583851f46245eeb5d016d1c7db5325bc711b47592d44dea31,88280062208897936928474997251824304255619443393959943341817445415105690345219,YES,depth_imbalance_3,book,wall_300s,wall_clock_seconds,300,last_24h,157945,0.15788478377945353,0.563167550451107,0.24421159264300865,300.485
highest-temperature-in-shanghai-on-june-9-2026,Highest temperature in Shanghai on June 9?,2026-06-07T04:34:03Z,2026-06-09T12:00:00Z,5,23°C,0xc6e48d3b9fb338a583851f46245eeb5d016d1c7db5325bc711b47592d44dea31,88280062208897936928474997251824304255619443393959943341817445415105690345219,YES,depth_imbalance_5,book,wall_300s,wall_clock_seconds,300,early_gt_24h,113561,0.12716261102332233,0.5831715076643391,0.5737445073572793,300.958
highest-temperature-in-shanghai-on-june-9-2026,Highest temperature in Shanghai on June 9?,2026-06-07T04:34:03Z,2026-06-09T12:00:00Z,5,23°C,0xc6e48d3b9fb338a583851f46245eeb5d016d1c7db5325bc711b47592d44dea31,88280062208897936928474997251824304255619443393959943341817445415105690345219,YES,depth_imbalance_5,book,wall_300s,wall_clock_seconds,300,last_24h,157945,0.12995126675428145,0.5557370594690592,0.24421159264300865,300.485
highest-temperature-in-shanghai-on-june-9-2026,Highest temperature in Shanghai on June 9?,2026-06-07T04:34:03Z,2026-06-09T12:00:00Z,5,23°C,0xc6e48d3b9fb338a583851f46245eeb5d016d1c7db5325bc711b47592d44dea31,88280062208897936928474997251824304255619443393959943341817445415105690345219,YES,microprice_minus_mid,book,wall_300s,wall_clock_seconds,300,early_gt_24h,113561,0.20132371784430314,0.6162665785233236,0.5737445073572793,300.958
highest-temperature-in-shanghai-on-june-9-2026,Highest temperature in Shanghai on June 9?,2026-06-07T04:34:03Z,2026-06-09T12:00:00Z,5,23°C,0xc6e48d3b9fb338a583851f46245eeb5d016d1c7db5325bc711b47592d44dea31,88280062208897936928474997251824304255619443393959943341817445415105690345219,YES,microprice_minus_mid,book,wall_300s,wall_clock_seconds,300,last_24h,157945,0.12384573163415505,0.5654377455538522,0.24421159264300865,300.485
highest-temperature-in-shanghai-on-june-9-2026,Highest temperature in Shanghai on June 9?,2026-06-07T04:34:03Z,2026-06-09T12:00:00Z,5,23°C,0xc6e48d3b9fb338a583851f46245eeb5d016d1c7db5325bc711b47592d44dea31,88280062208897936928474997251824304255619443393959943341817445415105690345219,YES,ofi_30s,flow_clock_sensitive,wall_300s,wall_clock_seconds,300,early_gt_24h,113561,0.037128322020247934,0.502871544849812,0.5737445073572793,300.958
highest-temperature-in-shanghai-on-june-9-2026,Highest temperature in Shanghai on June 9?,2026-06-07T04:34:03Z,2026-06-09T12:00:00Z,5,23°C,0xc6e48d3b9fb338a583851f46245eeb5d016d1c7db5325bc711b47592d44dea31,88280062208897936928474997251824304255619443393959943341817445415105690345219,YES,ofi_30s,flow_clock_sensitive,wall_300s,wall_clock_seconds,300,last_24h,157945,0.02092067181907509,0.5168086585743845,0.24421159264300865,300.485
highest-temperature-in-shanghai-on-june-9-2026,Highest temperature in Shanghai on June 9?,2026-06-07T04:34:03Z,2026-06-09T12:00:00Z,5,23°C,0xc6e48d3b9fb338a583851f46245eeb5d016d1c7db5325bc711b47592d44dea31,88280062208897936928474997251824304255619443393959943341817445415105690345219,YES,trade_pressure_30s,flow_clock_sensitive,wall_300s,wall_clock_seconds,300,early_gt_24h,113561,0.004696262787336806,0.45537743254968394,0.5737445073572793,300.958
highest-temperature-in-shanghai-on-june-9-2026,Highest temperature in Shanghai on June 9?,2026-06-07T04:34:03Z,2026-06-09T12:00:00Z,5,23°C,0xc6e48d3b9fb338a583851f46245eeb5d016d1c7db5325bc711b47592d44dea31,88280062208897936928474997251824304255619443393959943341817445415105690345219,YES,trade_pressure_30s,flow_clock_sensitive,wall_300s,wall_clock_seconds,300,last_24h,157945,0.17294545852537202,0.5420237407118863,0.24421159264300865,300.485
highest-temperature-in-shanghai-on-june-9-2026,Highest temperature in Shanghai on June 9?,2026-06-07T04:34:03Z,2026-06-09T12:00:00Z,5,23°C,0xc6e48d3b9fb338a583851f46245eeb5d016d1c7db5325bc711b47592d44dea31,88280062208897936928474997251824304255619443393959943341817445415105690345219,YES,depth_imbalance_1,book,wall_900s,wall_clock_seconds,900,early_gt_24h,113404,0.26311719630535174,0.6450915362165031,0.33529681492716307,900.991
highest-temperature-in-shanghai-on-june-9-2026,Highest temperature in Shanghai on June 9?,2026-06-07T04:34:03Z,2026-06-09T12:00:00Z,5,23°C,0xc6e48d3b9fb338a583851f46245eeb5d016d1c7db5325bc711b47592d44dea31,88280062208897936928474997251824304255619443393959943341817445415105690345219,YES,depth_imbalance_1,book,wall_900s,wall_clock_seconds,900,last_24h,155922,0.08217331955273587,0.5690500148401249,0.1140506150511153,900.516
highest-temperature-in-shanghai-on-june-9-2026,Highest temperature in Shanghai on June 9?,2026-06-07T04:34:03Z,2026-06-09T12:00:00Z,5,23°C,0xc6e48d3b9fb338a583851f46245eeb5d016d1c7db5325bc711b47592d44dea31,88280062208897936928474997251824304255619443393959943341817445415105690345219,YES,depth_imbalance_3,book,wall_900s,wall_clock_seconds,900,early_gt_24h,113404,0.17111763153796525,0.5692358715839745,0.33529681492716307,900.991
highest-temperature-in-shanghai-on-june-9-2026,Highest temperature in Shanghai on June 9?,2026-06-07T04:34:03Z,2026-06-09T12:00:00Z,5,23°C,0xc6e48d3b9fb338a583851f46245eeb5d016d1c7db5325bc711b47592d44dea31,88280062208897936928474997251824304255619443393959943341817445415105690345219,YES,depth_imbalance_3,book,wall_900s,wall_clock_seconds,900,last_24h,155922,0.00929095860844905,0.4881532369569781,0.1140506150511153,900.516
highest-temperature-in-shanghai-on-june-9-2026,Highest temperature in Shanghai on June 9?,2026-06-07T04:34:03Z,2026-06-09T12:00:00Z,5,23°C,0xc6e48d3b9fb338a583851f46245eeb5d016d1c7db5325bc711b47592d44dea31,88280062208897936928474997251824304255619443393959943341817445415105690345219,YES,depth_imbalance_5,book,wall_900s,wall_clock_seconds,900,early_gt_24h,113404,0.16472670693872846,0.5531175378084372,0.33529681492716307,900.991
highest-temperature-in-shanghai-on-june-9-2026,Highest temperature in Shanghai on June 9?,2026-06-07T04:34:03Z,2026-06-09T12:00:00Z,5,23°C,0xc6e48d3b9fb338a583851f46245eeb5d016d1c7db5325bc711b47592d44dea31,88280062208897936928474997251824304255619443393959943341817445415105690345219,YES,depth_imbalance_5,book,wall_900s,wall_clock_seconds,900,last_24h,155922,0.0017490434463100096,0.4724589000933842,0.1140506150511153,900.516
highest-temperature-in-shanghai-on-june-9-2026,Highest temperature in Shanghai on June 9?,2026-06-07T04:34:03Z,2026-06-09T12:00:00Z,5,23°C,0xc6e48d3b9fb338a583851f46245eeb5d016d1c7db5325bc711b47592d44dea31,88280062208897936928474997251824304255619443393959943341817445415105690345219,YES,microprice_minus_mid,book,wall_900s,wall_clock_seconds,900,early_gt_24h,113404,0.25451608992043934,0.6374767842929159,0.33529681492716307,900.991
highest-temperature-in-shanghai-on-june-9-2026,Highest temperature in Shanghai on June 9?,2026-06-07T04:34:03Z,2026-06-09T12:00:00Z,5,23°C,0xc6e48d3b9fb338a583851f46245eeb5d016d1c7db5325bc711b47592d44dea31,88280062208897936928474997251824304255619443393959943341817445415105690345219,YES,microprice_minus_mid,book,wall_900s,wall_clock_seconds,900,last_24h,155922,0.0687158592582434,0.5676745886389796,0.1140506150511153,900.516
highest-temperature-in-shanghai-on-june-9-2026,Highest temperature in Shanghai on June 9?,2026-06-07T04:34:03Z,2026-06-09T12:00:00Z,5,23°C,0xc6e48d3b9fb338a583851f46245eeb5d016d1c7db5325bc711b47592d44dea31,88280062208897936928474997251824304255619443393959943341817445415105690345219,YES,ofi_30s,flow_clock_sensitive,wall_900s,wall_clock_seconds,900,early_gt_24h,113404,-0.004693964537534261,0.45606261607853543,0.33529681492716307,900.991
highest-temperature-in-shanghai-on-june-9-2026,Highest temperature in Shanghai on June 9?,2026-06-07T04:34:03Z,2026-06-09T12:00:00Z,5,23°C,0xc6e48d3b9fb338a583851f46245eeb5d016d1c7db5325bc711b47592d44dea31,88280062208897936928474997251824304255619443393959943341817445415105690345219,YES,ofi_30s,flow_clock_sensitive,wall_900s,wall_clock_seconds,900,last_24h,155922,0.08494176121291418,0.5264841934573148,0.1140506150511153,900.516
highest-temperature-in-shanghai-on-june-9-2026,Highest temperature in Shanghai on June 9?,2026-06-07T04:34:03Z,2026-06-09T12:00:00Z,5,23°C,0xc6e48d3b9fb338a583851f46245eeb5d016d1c7db5325bc711b47592d44dea31,88280062208897936928474997251824304255619443393959943341817445415105690345219,YES,trade_pressure_30s,flow_clock_sensitive,wall_900s,wall_clock_seconds,900,early_gt_24h,113404,-0.011328706371049936,0.41388962589546296,0.33529681492716307,900.991
highest-temperature-in-shanghai-on-june-9-2026,Highest temperature in Shanghai on June 9?,2026-06-07T04:34:03Z,2026-06-09T12:00:00Z,5,23°C,0xc6e48d3b9fb338a583851f46245eeb5d016d1c7db5325bc711b47592d44dea31,88280062208897936928474997251824304255619443393959943341817445415105690345219,YES,trade_pressure_30s,flow_clock_sensitive,wall_900s,wall_clock_seconds,900,last_24h,155922,0.19792148161633888,0.550315262163473,0.1140506150511153,900.516
highest-temperature-in-shanghai-on-june-9-2026,Highest temperature in Shanghai on June 9?,2026-06-07T04:34:03Z,2026-06-09T12:00:00Z,5,23°C,0xc6e48d3b9fb338a583851f46245eeb5d016d1c7db5325bc711b47592d44dea31,88280062208897936928474997251824304255619443393959943341817445415105690345219,YES,depth_imbalance_1,book,valid_obs_10,valid_observation_steps,10,early_gt_24h,113783,0.0960628940110785,0.6366804979253112,0.8940966576729389,8.629
highest-temperature-in-shanghai-on-june-9-2026,Highest temperature in Shanghai on June 9?,2026-06-07T04:34:03Z,2026-06-09T12:00:00Z,5,23°C,0xc6e48d3b9fb338a583851f46245eeb5d016d1c7db5325bc711b47592d44dea31,88280062208897936928474997251824304255619443393959943341817445415105690345219,YES,depth_imbalance_1,book,valid_obs_10,valid_observation_steps,10,last_24h,163325,0.13052265686626388,0.61226630800269,0.7723863462421552,4.489
highest-temperature-in-shanghai-on-june-9-2026,Highest temperature in Shanghai on June 9?,2026-06-07T04:34:03Z,2026-06-09T12:00:00Z,5,23°C,0xc6e48d3b9fb338a583851f46245eeb5d016d1c7db5325bc711b47592d44dea31,88280062208897936928474997251824304255619443393959943341817445415105690345219,YES,depth_imbalance_3,book,valid_obs_10,valid_observation_steps,10,early_gt_24h,113783,0.057694941047271235,0.575103734439834,0.8940966576729389,8.629
highest-temperature-in-shanghai-on-june-9-2026,Highest temperature in Shanghai on June 9?,2026-06-07T04:34:03Z,2026-06-09T12:00:00Z,5,23°C,0xc6e48d3b9fb338a583851f46245eeb5d016d1c7db5325bc711b47592d44dea31,88280062208897936928474997251824304255619443393959943341817445415105690345219,YES,depth_imbalance_3,book,valid_obs_10,valid_observation_steps,10,last_24h,163325,0.04638272400687913,0.5399865501008743,0.7723863462421552,4.489
highest-temperature-in-shanghai-on-june-9-2026,Highest temperature in Shanghai on June 9?,2026-06-07T04:34:03Z,2026-06-09T12:00:00Z,5,23°C,0xc6e48d3b9fb338a583851f46245eeb5d016d1c7db5325bc711b47592d44dea31,88280062208897936928474997251824304255619443393959943341817445415105690345219,YES,depth_imbalance_5,book,valid_obs_10,valid_observation_steps,10,early_gt_24h,113783,0.0434839963916578,0.5537759336099585,0.8940966576729389,8.629
highest-temperature-in-shanghai-on-june-9-2026,Highest temperature in Shanghai on June 9?,2026-06-07T04:34:03Z,2026-06-09T12:00:00Z,5,23°C,0xc6e48d3b9fb338a583851f46245eeb5d016d1c7db5325bc711b47592d44dea31,88280062208897936928474997251824304255619443393959943341817445415105690345219,YES,depth_imbalance_5,book,valid_obs_10,valid_observation_steps,10,last_24h,163325,0.02772823306839894,0.5266768907902172,0.7723863462421552,4.489
highest-temperature-in-shanghai-on-june-9-2026,Highest temperature in Shanghai on June 9?,2026-06-07T04:34:03Z,2026-06-09T12:00:00Z,5,23°C,0xc6e48d3b9fb338a583851f46245eeb5d016d1c7db5325bc711b47592d44dea31,88280062208897936928474997251824304255619443393959943341817445415105690345219,YES,microprice_minus_mid,book,valid_obs_10,valid_observation_steps,10,early_gt_24h,113783,0.10410452804783217,0.6267219917012448,0.8940966576729389,8.629
highest-temperature-in-shanghai-on-june-9-2026,Highest temperature in Shanghai on June 9?,2026-06-07T04:34:03Z,2026-06-09T12:00:00Z,5,23°C,0xc6e48d3b9fb338a583851f46245eeb5d016d1c7db5325bc711b47592d44dea31,88280062208897936928474997251824304255619443393959943341817445415105690345219,YES,microprice_minus_mid,book,valid_obs_10,valid_observation_steps,10,last_24h,163325,0.13325442659517978,0.6139609952925353,0.7723863462421552,4.489
highest-temperature-in-shanghai-on-june-9-2026,Highest temperature in Shanghai on June 9?,2026-06-07T04:34:03Z,2026-06-09T12:00:00Z,5,23°C,0xc6e48d3b9fb338a583851f46245eeb5d016d1c7db5325bc711b47592d44dea31,88280062208897936928474997251824304255619443393959943341817445415105690345219,YES,ofi_30s,flow_clock_sensitive,valid_obs_10,valid_observation_steps,10,early_gt_24h,113783,-0.0015506929209148325,0.4970954356846473,0.8940966576729389,8.629
highest-temperature-in-shanghai-on-june-9-2026,Highest temperature in Shanghai on June 9?,2026-06-07T04:34:03Z,2026-06-09T12:00:00Z,5,23°C,0xc6e48d3b9fb338a583851f46245eeb5d016d1c7db5325bc711b47592d44dea31,88280062208897936928474997251824304255619443393959943341817445415105690345219,YES,ofi_30s,flow_clock_sensitive,valid_obs_10,valid_observation_steps,10,last_24h,163325,0.03902994899144064,0.5317552118359112,0.7723863462421552,4.489
highest-temperature-in-shanghai-on-june-9-2026,Highest temperature in Shanghai on June 9?,2026-06-07T04:34:03Z,2026-06-09T12:00:00Z,5,23°C,0xc6e48d3b9fb338a583851f46245eeb5d016d1c7db5325bc711b47592d44dea31,88280062208897936928474997251824304255619443393959943341817445415105690345219,YES,trade_pressure_30s,flow_clock_sensitive,valid_obs_10,valid_observation_steps,10,early_gt_24h,113783,-0.006078013486462126,0.48639004149377596,0.8940966576729389,8.629
highest-temperature-in-shanghai-on-june-9-2026,Highest temperature in Shanghai on June 9?,2026-06-07T04:34:03Z,2026-06-09T12:00:00Z,5,23°C,0xc6e48d3b9fb338a583851f46245eeb5d016d1c7db5325bc711b47592d44dea31,88280062208897936928474997251824304255619443393959943341817445415105690345219,YES,trade_pressure_30s,flow_clock_sensitive,valid_obs_10,valid_observation_steps,10,last_24h,163325,0.039684433561459946,0.5265366509751177,0.7723863462421552,4.489
highest-temperature-in-shanghai-on-june-9-2026,Highest temperature in Shanghai on June 9?,2026-06-07T04:34:03Z,2026-06-09T12:00:00Z,5,23°C,0xc6e48d3b9fb338a583851f46245eeb5d016d1c7db5325bc711b47592d44dea31,88280062208897936928474997251824304255619443393959943341817445415105690345219,YES,depth_imbalance_1,book,valid_obs_50,valid_observation_steps,50,early_gt_24h,113783,0.12006898208120985,0.6210601435198033,0.7783236511605425,46.074
highest-temperature-in-shanghai-on-june-9-2026,Highest temperature in Shanghai on June 9?,2026-06-07T04:34:03Z,2026-06-09T12:00:00Z,5,23°C,0xc6e48d3b9fb338a583851f46245eeb5d016d1c7db5325bc711b47592d44dea31,88280062208897936928474997251824304255619443393959943341817445415105690345219,YES,depth_imbalance_1,book,valid_obs_50,valid_observation_steps,50,last_24h,163261,0.1496885770463152,0.5999348174179195,0.5677412241747876,25.408
highest-temperature-in-shanghai-on-june-9-2026,Highest temperature in Shanghai on June 9?,2026-06-07T04:34:03Z,2026-06-09T12:00:00Z,5,23°C,0xc6e48d3b9fb338a583851f46245eeb5d016d1c7db5325bc711b47592d44dea31,88280062208897936928474997251824304255619443393959943341817445415105690345219,YES,depth_imbalance_3,book,valid_obs_50,valid_observation_steps,50,early_gt_24h,113783,0.07940970228445937,0.5656345399040559,0.7783236511605425,46.074
highest-temperature-in-shanghai-on-june-9-2026,Highest temperature in Shanghai on June 9?,2026-06-07T04:34:03Z,2026-06-09T12:00:00Z,5,23°C,0xc6e48d3b9fb338a583851f46245eeb5d016d1c7db5325bc711b47592d44dea31,88280062208897936928474997251824304255619443393959943341817445415105690345219,YES,depth_imbalance_3,book,valid_obs_50,valid_observation_steps,50,last_24h,163261,0.04928575196681091,0.5261934789077667,0.5677412241747876,25.408
highest-temperature-in-shanghai-on-june-9-2026,Highest temperature in Shanghai on June 9?,2026-06-07T04:34:03Z,2026-06-09T12:00:00Z,5,23°C,0xc6e48d3b9fb338a583851f46245eeb5d016d1c7db5325bc711b47592d44dea31,88280062208897936928474997251824304255619443393959943341817445415105690345219,YES,depth_imbalance_5,book,valid_obs_50,valid_observation_steps,50,early_gt_24h,113783,0.07296106997098278,0.5636918685326884,0.7783236511605425,46.074
highest-temperature-in-shanghai-on-june-9-2026,Highest temperature in Shanghai on June 9?,2026-06-07T04:34:03Z,2026-06-09T12:00:00Z,5,23°C,0xc6e48d3b9fb338a583851f46245eeb5d016d1c7db5325bc711b47592d44dea31,88280062208897936928474997251824304255619443393959943341817445415105690345219,YES,depth_imbalance_5,book,valid_obs_50,valid_observation_steps,50,last_24h,163261,0.044183413455411026,0.5362967791302377,0.5677412241747876,25.408
highest-temperature-in-shanghai-on-june-9-2026,Highest temperature in Shanghai on June 9?,2026-06-07T04:34:03Z,2026-06-09T12:00:00Z,5,23°C,0xc6e48d3b9fb338a583851f46245eeb5d016d1c7db5325bc711b47592d44dea31,88280062208897936928474997251824304255619443393959943341817445415105690345219,YES,microprice_minus_mid,book,valid_obs_50,valid_observation_steps,50,early_gt_24h,113783,0.12459954569115166,0.607263212147643,0.7783236511605425,46.074
highest-temperature-in-shanghai-on-june-9-2026,Highest temperature in Shanghai on June 9?,2026-06-07T04:34:03Z,2026-06-09T12:00:00Z,5,23°C,0xc6e48d3b9fb338a583851f46245eeb5d016d1c7db5325bc711b47592d44dea31,88280062208897936928474997251824304255619443393959943341817445415105690345219,YES,microprice_minus_mid,book,valid_obs_50,valid_observation_steps,50,last_24h,163261,0.13664273969544793,0.599226311090958,0.5677412241747876,25.408
highest-temperature-in-shanghai-on-june-9-2026,Highest temperature in Shanghai on June 9?,2026-06-07T04:34:03Z,2026-06-09T12:00:00Z,5,23°C,0xc6e48d3b9fb338a583851f46245eeb5d016d1c7db5325bc711b47592d44dea31,88280062208897936928474997251824304255619443393959943341817445415105690345219,YES,ofi_30s,flow_clock_sensitive,valid_obs_50,valid_observation_steps,50,early_gt_24h,113783,0.01094016743560611,0.5115965586964278,0.7783236511605425,46.074
highest-temperature-in-shanghai-on-june-9-2026,Highest temperature in Shanghai on June 9?,2026-06-07T04:34:03Z,2026-06-09T12:00:00Z,5,23°C,0xc6e48d3b9fb338a583851f46245eeb5d016d1c7db5325bc711b47592d44dea31,88280062208897936928474997251824304255619443393959943341817445415105690345219,YES,ofi_30s,flow_clock_sensitive,valid_obs_50,valid_observation_steps,50,last_24h,163261,0.03168406833376103,0.5220983123379291,0.5677412241747876,25.408
highest-temperature-in-shanghai-on-june-9-2026,Highest temperature in Shanghai on June 9?,2026-06-07T04:34:03Z,2026-06-09T12:00:00Z,5,23°C,0xc6e48d3b9fb338a583851f46245eeb5d016d1c7db5325bc711b47592d44dea31,88280062208897936928474997251824304255619443393959943341817445415105690345219,YES,trade_pressure_30s,flow_clock_sensitive,valid_obs_50,valid_observation_steps,50,early_gt_24h,113783,-0.009749707074118426,0.47718352297506245,0.7783236511605425,46.074
highest-temperature-in-shanghai-on-june-9-2026,Highest temperature in Shanghai on June 9?,2026-06-07T04:34:03Z,2026-06-09T12:00:00Z,5,23°C,0xc6e48d3b9fb338a583851f46245eeb5d016d1c7db5325bc711b47592d44dea31,88280062208897936928474997251824304255619443393959943341817445415105690345219,YES,trade_pressure_30s,flow_clock_sensitive,valid_obs_50,valid_observation_steps,50,last_24h,163261,0.07914706355632928,0.5436935851837157,0.5677412241747876,25.408
highest-temperature-in-shanghai-on-june-9-2026,Highest temperature in Shanghai on June 9?,2026-06-07T04:34:03Z,2026-06-09T12:00:00Z,5,23°C,0xc6e48d3b9fb338a583851f46245eeb5d016d1c7db5325bc711b47592d44dea31,88280062208897936928474997251824304255619443393959943341817445415105690345219,YES,depth_imbalance_1,book,valid_obs_200,valid_observation_steps,200,early_gt_24h,113783,0.1422758104204788,0.6025586065296361,0.6104778393960434,197.829
highest-temperature-in-shanghai-on-june-9-2026,Highest temperature in Shanghai on June 9?,2026-06-07T04:34:03Z,2026-06-09T12:00:00Z,5,23°C,0xc6e48d3b9fb338a583851f46245eeb5d016d1c7db5325bc711b47592d44dea31,88280062208897936928474997251824304255619443393959943341817445415105690345219,YES,depth_imbalance_1,book,valid_obs_200,valid_observation_steps,200,last_24h,162945,0.1367916720726574,0.5736014266438957,0.34957807849274297,107.651
highest-temperature-in-shanghai-on-june-9-2026,Highest temperature in Shanghai on June 9?,2026-06-07T04:34:03Z,2026-06-09T12:00:00Z,5,23°C,0xc6e48d3b9fb338a583851f46245eeb5d016d1c7db5325bc711b47592d44dea31,88280062208897936928474997251824304255619443393959943341817445415105690345219,YES,depth_imbalance_3,book,valid_obs_200,valid_observation_steps,200,early_gt_24h,113783,0.09668985348758202,0.5728435730240744,0.6104778393960434,197.829
highest-temperature-in-shanghai-on-june-9-2026,Highest temperature in Shanghai on June 9?,2026-06-07T04:34:03Z,2026-06-09T12:00:00Z,5,23°C,0xc6e48d3b9fb338a583851f46245eeb5d016d1c7db5325bc711b47592d44dea31,88280062208897936928474997251824304255619443393959943341817445415105690345219,YES,depth_imbalance_3,book,valid_obs_200,valid_observation_steps,200,last_24h,162945,0.10273151880740813,0.5470594340601794,0.34957807849274297,107.651
highest-temperature-in-shanghai-on-june-9-2026,Highest temperature in Shanghai on June 9?,2026-06-07T04:34:03Z,2026-06-09T12:00:00Z,5,23°C,0xc6e48d3b9fb338a583851f46245eeb5d016d1c7db5325bc711b47592d44dea31,88280062208897936928474997251824304255619443393959943341817445415105690345219,YES,depth_imbalance_5,book,valid_obs_200,valid_observation_steps,200,early_gt_24h,113783,0.05892427272682238,0.5405563953881907,0.6104778393960434,197.829
highest-temperature-in-shanghai-on-june-9-2026,Highest temperature in Shanghai on June 9?,2026-06-07T04:34:03Z,2026-06-09T12:00:00Z,5,23°C,0xc6e48d3b9fb338a583851f46245eeb5d016d1c7db5325bc711b47592d44dea31,88280062208897936928474997251824304255619443393959943341817445415105690345219,YES,depth_imbalance_5,book,valid_obs_200,valid_observation_steps,200,last_24h,162945,0.08424212313530695,0.5407754073766547,0.34957807849274297,107.651
highest-temperature-in-shanghai-on-june-9-2026,Highest temperature in Shanghai on June 9?,2026-06-07T04:34:03Z,2026-06-09T12:00:00Z,5,23°C,0xc6e48d3b9fb338a583851f46245eeb5d016d1c7db5325bc711b47592d44dea31,88280062208897936928474997251824304255619443393959943341817445415105690345219,YES,microprice_minus_mid,book,valid_obs_200,valid_observation_steps,200,early_gt_24h,113783,0.1322191893277683,0.582161954829539,0.6104778393960434,197.829
highest-temperature-in-shanghai-on-june-9-2026,Highest temperature in Shanghai on June 9?,2026-06-07T04:34:03Z,2026-06-09T12:00:00Z,5,23°C,0xc6e48d3b9fb338a583851f46245eeb5d016d1c7db5325bc711b47592d44dea31,88280062208897936928474997251824304255619443393959943341817445415105690345219,YES,microprice_minus_mid,book,valid_obs_200,valid_observation_steps,200,last_24h,162945,0.12435733019957079,0.5735542492663918,0.34957807849274297,107.651
highest-temperature-in-shanghai-on-june-9-2026,Highest temperature in Shanghai on June 9?,2026-06-07T04:34:03Z,2026-06-09T12:00:00Z,5,23°C,0xc6e48d3b9fb338a583851f46245eeb5d016d1c7db5325bc711b47592d44dea31,88280062208897936928474997251824304255619443393959943341817445415105690345219,YES,ofi_30s,flow_clock_sensitive,valid_obs_200,valid_observation_steps,200,early_gt_24h,113783,0.0036548721334659835,0.5146770154103021,0.6104778393960434,197.829
highest-temperature-in-shanghai-on-june-9-2026,Highest temperature in Shanghai on June 9?,2026-06-07T04:34:03Z,2026-06-09T12:00:00Z,5,23°C,0xc6e48d3b9fb338a583851f46245eeb5d016d1c7db5325bc711b47592d44dea31,88280062208897936928474997251824304255619443393959943341817445415105690345219,YES,ofi_30s,flow_clock_sensitive,valid_obs_200,valid_observation_steps,200,last_24h,162945,0.021817497134678246,0.512431238972288,0.34957807849274297,107.651
highest-temperature-in-shanghai-on-june-9-2026,Highest temperature in Shanghai on June 9?,2026-06-07T04:34:03Z,2026-06-09T12:00:00Z,5,23°C,0xc6e48d3b9fb338a583851f46245eeb5d016d1c7db5325bc711b47592d44dea31,88280062208897936928474997251824304255619443393959943341817445415105690345219,YES,trade_pressure_30s,flow_clock_sensitive,valid_obs_200,valid_observation_steps,200,early_gt_24h,113783,-0.002768795986170744,0.4955438731075562,0.6104778393960434,197.829
highest-temperature-in-shanghai-on-june-9-2026,Highest temperature in Shanghai on June 9?,2026-06-07T04:34:03Z,2026-06-09T12:00:00Z,5,23°C,0xc6e48d3b9fb338a583851f46245eeb5d016d1c7db5325bc711b47592d44dea31,88280062208897936928474997251824304255619443393959943341817445415105690345219,YES,trade_pressure_30s,flow_clock_sensitive,valid_obs_200,valid_observation_steps,200,last_24h,162945,0.07927427616646314,0.5300944491097629,0.34957807849274297,107.651
highest-temperature-in-shanghai-on-june-9-2026,Highest temperature in Shanghai on June 9?,2026-06-07T04:34:03Z,2026-06-09T12:00:00Z,6,24°C,0x09e1e10495f1dbb1948b63ad02a4af9f59a0401dde53ec713e5105d75eefe748,24582299336321328719263949980519370081553878495528020204195731783368989713817,YES,depth_imbalance_1,book,wall_60s,wall_clock_seconds,60,early_gt_24h,120854,0.12145411451838357,0.6188741191543882,0.7933374153937809,60.957
highest-temperature-in-shanghai-on-june-9-2026,Highest temperature in Shanghai on June 9?,2026-06-07T04:34:03Z,2026-06-09T12:00:00Z,6,24°C,0x09e1e10495f1dbb1948b63ad02a4af9f59a0401dde53ec713e5105d75eefe748,24582299336321328719263949980519370081553878495528020204195731783368989713817,YES,depth_imbalance_1,book,wall_60s,wall_clock_seconds,60,last_24h,208272,0.11666362387385475,0.5609109181707039,0.5365771683183529,60.425
highest-temperature-in-shanghai-on-june-9-2026,Highest temperature in Shanghai on June 9?,2026-06-07T04:34:03Z,2026-06-09T12:00:00Z,6,24°C,0x09e1e10495f1dbb1948b63ad02a4af9f59a0401dde53ec713e5105d75eefe748,24582299336321328719263949980519370081553878495528020204195731783368989713817,YES,depth_imbalance_1,book,wall_60s,wall_clock_seconds,60,last_6h,733,0.2978673076786697,0.6909090909090909,0.9249658935879945,61.18
highest-temperature-in-shanghai-on-june-9-2026,Highest temperature in Shanghai on June 9?,2026-06-07T04:34:03Z,2026-06-09T12:00:00Z,6,24°C,0x09e1e10495f1dbb1948b63ad02a4af9f59a0401dde53ec713e5105d75eefe748,24582299336321328719263949980519370081553878495528020204195731783368989713817,YES,depth_imbalance_3,book,wall_60s,wall_clock_seconds,60,early_gt_24h,120854,0.05765185969191433,0.5776745675848814,0.7933374153937809,60.957
highest-temperature-in-shanghai-on-june-9-2026,Highest temperature in Shanghai on June 9?,2026-06-07T04:34:03Z,2026-06-09T12:00:00Z,6,24°C,0x09e1e10495f1dbb1948b63ad02a4af9f59a0401dde53ec713e5105d75eefe748,24582299336321328719263949980519370081553878495528020204195731783368989713817,YES,depth_imbalance_3,book,wall_60s,wall_clock_seconds,60,last_24h,208272,0.15206339448880868,0.5812594541950724,0.5365771683183529,60.425
highest-temperature-in-shanghai-on-june-9-2026,Highest temperature in Shanghai on June 9?,2026-06-07T04:34:03Z,2026-06-09T12:00:00Z,6,24°C,0x09e1e10495f1dbb1948b63ad02a4af9f59a0401dde53ec713e5105d75eefe748,24582299336321328719263949980519370081553878495528020204195731783368989713817,YES,depth_imbalance_3,book,wall_60s,wall_clock_seconds,60,last_6h,733,0.45687575930150504,1.0,0.9249658935879945,61.18
highest-temperature-in-shanghai-on-june-9-2026,Highest temperature in Shanghai on June 9?,2026-06-07T04:34:03Z,2026-06-09T12:00:00Z,6,24°C,0x09e1e10495f1dbb1948b63ad02a4af9f59a0401dde53ec713e5105d75eefe748,24582299336321328719263949980519370081553878495528020204195731783368989713817,YES,depth_imbalance_5,book,wall_60s,wall_clock_seconds,60,early_gt_24h,120854,0.09151031356050139,0.5970531710442024,0.7933374153937809,60.957
highest-temperature-in-shanghai-on-june-9-2026,Highest temperature in Shanghai on June 9?,2026-06-07T04:34:03Z,2026-06-09T12:00:00Z,6,24°C,0x09e1e10495f1dbb1948b63ad02a4af9f59a0401dde53ec713e5105d75eefe748,24582299336321328719263949980519370081553878495528020204195731783368989713817,YES,depth_imbalance_5,book,wall_60s,wall_clock_seconds,60,last_24h,208272,0.12515810683443682,0.5556683727387638,0.5365771683183529,60.425
highest-temperature-in-shanghai-on-june-9-2026,Highest temperature in Shanghai on June 9?,2026-06-07T04:34:03Z,2026-06-09T12:00:00Z,6,24°C,0x09e1e10495f1dbb1948b63ad02a4af9f59a0401dde53ec713e5105d75eefe748,24582299336321328719263949980519370081553878495528020204195731783368989713817,YES,depth_imbalance_5,book,wall_60s,wall_clock_seconds,60,last_6h,733,0.20011359178628996,1.0,0.9249658935879945,61.18
highest-temperature-in-shanghai-on-june-9-2026,Highest temperature in Shanghai on June 9?,2026-06-07T04:34:03Z,2026-06-09T12:00:00Z,6,24°C,0x09e1e10495f1dbb1948b63ad02a4af9f59a0401dde53ec713e5105d75eefe748,24582299336321328719263949980519370081553878495528020204195731783368989713817,YES,microprice_minus_mid,book,wall_60s,wall_clock_seconds,60,early_gt_24h,120854,0.11297856002071205,0.6172725816784113,0.7933374153937809,60.957
highest-temperature-in-shanghai-on-june-9-2026,Highest temperature in Shanghai on June 9?,2026-06-07T04:34:03Z,2026-06-09T12:00:00Z,6,24°C,0x09e1e10495f1dbb1948b63ad02a4af9f59a0401dde53ec713e5105d75eefe748,24582299336321328719263949980519370081553878495528020204195731783368989713817,YES,microprice_minus_mid,book,wall_60s,wall_clock_seconds,60,last_24h,208272,0.10950215644924859,0.5595122153380716,0.5365771683183529,60.425
highest-temperature-in-shanghai-on-june-9-2026,Highest temperature in Shanghai on June 9?,2026-06-07T04:34:03Z,2026-06-09T12:00:00Z,6,24°C,0x09e1e10495f1dbb1948b63ad02a4af9f59a0401dde53ec713e5105d75eefe748,24582299336321328719263949980519370081553878495528020204195731783368989713817,YES,microprice_minus_mid,book,wall_60s,wall_clock_seconds,60,last_6h,733,0.4270655734565194,0.9636363636363636,0.9249658935879945,61.18
highest-temperature-in-shanghai-on-june-9-2026,Highest temperature in Shanghai on June 9?,2026-06-07T04:34:03Z,2026-06-09T12:00:00Z,6,24°C,0x09e1e10495f1dbb1948b63ad02a4af9f59a0401dde53ec713e5105d75eefe748,24582299336321328719263949980519370081553878495528020204195731783368989713817,YES,ofi_30s,flow_clock_sensitive,wall_60s,wall_clock_seconds,60,early_gt_24h,120854,0.026309175118191953,0.5219811018577835,0.7933374153937809,60.957
highest-temperature-in-shanghai-on-june-9-2026,Highest temperature in Shanghai on June 9?,2026-06-07T04:34:03Z,2026-06-09T12:00:00Z,6,24°C,0x09e1e10495f1dbb1948b63ad02a4af9f59a0401dde53ec713e5105d75eefe748,24582299336321328719263949980519370081553878495528020204195731783368989713817,YES,ofi_30s,flow_clock_sensitive,wall_60s,wall_clock_seconds,60,last_24h,208272,-0.015401253441524387,0.4995648480076255,0.5365771683183529,60.425
highest-temperature-in-shanghai-on-june-9-2026,Highest temperature in Shanghai on June 9?,2026-06-07T04:34:03Z,2026-06-09T12:00:00Z,6,24°C,0x09e1e10495f1dbb1948b63ad02a4af9f59a0401dde53ec713e5105d75eefe748,24582299336321328719263949980519370081553878495528020204195731783368989713817,YES,ofi_30s,flow_clock_sensitive,wall_60s,wall_clock_seconds,60,last_6h,733,-0.1611354840135815,0.05454545454545454,0.9249658935879945,61.18
highest-temperature-in-shanghai-on-june-9-2026,Highest temperature in Shanghai on June 9?,2026-06-07T04:34:03Z,2026-06-09T12:00:00Z,6,24°C,0x09e1e10495f1dbb1948b63ad02a4af9f59a0401dde53ec713e5105d75eefe748,24582299336321328719263949980519370081553878495528020204195731783368989713817,YES,trade_pressure_30s,flow_clock_sensitive,wall_60s,wall_clock_seconds,60,early_gt_24h,120854,-0.06580459120204736,0.483544202434337,0.7933374153937809,60.957
highest-temperature-in-shanghai-on-june-9-2026,Highest temperature in Shanghai on June 9?,2026-06-07T04:34:03Z,2026-06-09T12:00:00Z,6,24°C,0x09e1e10495f1dbb1948b63ad02a4af9f59a0401dde53ec713e5105d75eefe748,24582299336321328719263949980519370081553878495528020204195731783368989713817,YES,trade_pressure_30s,flow_clock_sensitive,wall_60s,wall_clock_seconds,60,last_24h,208272,0.11275994338593298,0.5716653888393874,0.5365771683183529,60.425
highest-temperature-in-shanghai-on-june-9-2026,Highest temperature in Shanghai on June 9?,2026-06-07T04:34:03Z,2026-06-09T12:00:00Z,6,24°C,0x09e1e10495f1dbb1948b63ad02a4af9f59a0401dde53ec713e5105d75eefe748,24582299336321328719263949980519370081553878495528020204195731783368989713817,YES,trade_pressure_30s,flow_clock_sensitive,wall_60s,wall_clock_seconds,60,last_6h,733,-0.1672022615777879,0.0,0.9249658935879945,61.18
highest-temperature-in-shanghai-on-june-9-2026,Highest temperature in Shanghai on June 9?,2026-06-07T04:34:03Z,2026-06-09T12:00:00Z,6,24°C,0x09e1e10495f1dbb1948b63ad02a4af9f59a0401dde53ec713e5105d75eefe748,24582299336321328719263949980519370081553878495528020204195731783368989713817,YES,depth_imbalance_1,book,wall_300s,wall_clock_seconds,300,early_gt_24h,119344,0.18176623929554306,0.6227301130446309,0.5574892747017026,301.158
highest-temperature-in-shanghai-on-june-9-2026,Highest temperature in Shanghai on June 9?,2026-06-07T04:34:03Z,2026-06-09T12:00:00Z,6,24°C,0x09e1e10495f1dbb1948b63ad02a4af9f59a0401dde53ec713e5105d75eefe748,24582299336321328719263949980519370081553878495528020204195731783368989713817,YES,depth_imbalance_1,book,wall_300s,wall_clock_seconds,300,last_24h,203548,0.14256340804601547,0.561187656111514,0.3902666692868513,300.473
highest-temperature-in-shanghai-on-june-9-2026,Highest temperature in Shanghai on June 9?,2026-06-07T04:34:03Z,2026-06-09T12:00:00Z,6,24°C,0x09e1e10495f1dbb1948b63ad02a4af9f59a0401dde53ec713e5105d75eefe748,24582299336321328719263949980519370081553878495528020204195731783368989713817,YES,depth_imbalance_1,book,wall_300s,wall_clock_seconds,300,last_6h,701,0.3101469501815539,0.9636363636363636,0.9215406562054208,304.404
highest-temperature-in-shanghai-on-june-9-2026,Highest temperature in Shanghai on June 9?,2026-06-07T04:34:03Z,2026-06-09T12:00:00Z,6,24°C,0x09e1e10495f1dbb1948b63ad02a4af9f59a0401dde53ec713e5105d75eefe748,24582299336321328719263949980519370081553878495528020204195731783368989713817,YES,depth_imbalance_3,book,wall_300s,wall_clock_seconds,300,early_gt_24h,119344,0.09533074828243282,0.5538429493855447,0.5574892747017026,301.158
highest-temperature-in-shanghai-on-june-9-2026,Highest temperature in Shanghai on June 9?,2026-06-07T04:34:03Z,2026-06-09T12:00:00Z,6,24°C,0x09e1e10495f1dbb1948b63ad02a4af9f59a0401dde53ec713e5105d75eefe748,24582299336321328719263949980519370081553878495528020204195731783368989713817,YES,depth_imbalance_3,book,wall_300s,wall_clock_seconds,300,last_24h,203548,0.19986698682557322,0.582354363065023,0.3902666692868513,300.473
highest-temperature-in-shanghai-on-june-9-2026,Highest temperature in Shanghai on June 9?,2026-06-07T04:34:03Z,2026-06-09T12:00:00Z,6,24°C,0x09e1e10495f1dbb1948b63ad02a4af9f59a0401dde53ec713e5105d75eefe748,24582299336321328719263949980519370081553878495528020204195731783368989713817,YES,depth_imbalance_3,book,wall_300s,wall_clock_seconds,300,last_6h,701,0.46644540482734004,1.0,0.9215406562054208,304.404
highest-temperature-in-shanghai-on-june-9-2026,Highest temperature in Shanghai on June 9?,2026-06-07T04:34:03Z,2026-06-09T12:00:00Z,6,24°C,0x09e1e10495f1dbb1948b63ad02a4af9f59a0401dde53ec713e5105d75eefe748,24582299336321328719263949980519370081553878495528020204195731783368989713817,YES,depth_imbalance_5,book,wall_300s,wall_clock_seconds,300,early_gt_24h,119344,0.1341918934103126,0.5912783321656473,0.5574892747017026,301.158
highest-temperature-in-shanghai-on-june-9-2026,Highest temperature in Shanghai on June 9?,2026-06-07T04:34:03Z,2026-06-09T12:00:00Z,6,24°C,0x09e1e10495f1dbb1948b63ad02a4af9f59a0401dde53ec713e5105d75eefe748,24582299336321328719263949980519370081553878495528020204195731783368989713817,YES,depth_imbalance_5,book,wall_300s,wall_clock_seconds,300,last_24h,203548,0.22350331023233666,0.581234388848602,0.3902666692868513,300.473
highest-temperature-in-shanghai-on-june-9-2026,Highest temperature in Shanghai on June 9?,2026-06-07T04:34:03Z,2026-06-09T12:00:00Z,6,24°C,0x09e1e10495f1dbb1948b63ad02a4af9f59a0401dde53ec713e5105d75eefe748,24582299336321328719263949980519370081553878495528020204195731783368989713817,YES,depth_imbalance_5,book,wall_300s,wall_clock_seconds,300,last_6h,701,0.19129006250502753,1.0,0.9215406562054208,304.404
highest-temperature-in-shanghai-on-june-9-2026,Highest temperature in Shanghai on June 9?,2026-06-07T04:34:03Z,2026-06-09T12:00:00Z,6,24°C,0x09e1e10495f1dbb1948b63ad02a4af9f59a0401dde53ec713e5105d75eefe748,24582299336321328719263949980519370081553878495528020204195731783368989713817,YES,microprice_minus_mid,book,wall_300s,wall_clock_seconds,300,early_gt_24h,119344,0.15922822178931714,0.6195300221544754,0.5574892747017026,301.158
highest-temperature-in-shanghai-on-june-9-2026,Highest temperature in Shanghai on June 9?,2026-06-07T04:34:03Z,2026-06-09T12:00:00Z,6,24°C,0x09e1e10495f1dbb1948b63ad02a4af9f59a0401dde53ec713e5105d75eefe748,24582299336321328719263949980519370081553878495528020204195731783368989713817,YES,microprice_minus_mid,book,wall_300s,wall_clock_seconds,300,last_24h,203548,0.13978434405323398,0.5583756345177665,0.3902666692868513,300.473
highest-temperature-in-shanghai-on-june-9-2026,Highest temperature in Shanghai on June 9?,2026-06-07T04:34:03Z,2026-06-09T12:00:00Z,6,24°C,0x09e1e10495f1dbb1948b63ad02a4af9f59a0401dde53ec713e5105d75eefe748,24582299336321328719263949980519370081553878495528020204195731783368989713817,YES,microprice_minus_mid,book,wall_300s,wall_clock_seconds,300,last_6h,701,0.43623029990457135,0.9636363636363636,0.9215406562054208,304.404
highest-temperature-in-shanghai-on-june-9-2026,Highest temperature in Shanghai on June 9?,2026-06-07T04:34:03Z,2026-06-09T12:00:00Z,6,24°C,0x09e1e10495f1dbb1948b63ad02a4af9f59a0401dde53ec713e5105d75eefe748,24582299336321328719263949980519370081553878495528020204195731783368989713817,YES,ofi_30s,flow_clock_sensitive,wall_300s,wall_clock_seconds,300,early_gt_24h,119344,0.012007642146815564,0.5087387097385014,0.5574892747017026,301.158
highest-temperature-in-shanghai-on-june-9-2026,Highest temperature in Shanghai on June 9?,2026-06-07T04:34:03Z,2026-06-09T12:00:00Z,6,24°C,0x09e1e10495f1dbb1948b63ad02a4af9f59a0401dde53ec713e5105d75eefe748,24582299336321328719263949980519370081553878495528020204195731783368989713817,YES,ofi_30s,flow_clock_sensitive,wall_300s,wall_clock_seconds,300,last_24h,203548,0.03846312588338832,0.5337926033357505,0.3902666692868513,300.473
highest-temperature-in-shanghai-on-june-9-2026,Highest temperature in Shanghai on June 9?,2026-06-07T04:34:03Z,2026-06-09T12:00:00Z,6,24°C,0x09e1e10495f1dbb1948b63ad02a4af9f59a0401dde53ec713e5105d75eefe748,24582299336321328719263949980519370081553878495528020204195731783368989713817,YES,ofi_30s,flow_clock_sensitive,wall_300s,wall_clock_seconds,300,last_6h,701,-0.15594290646429287,0.05454545454545454,0.9215406562054208,304.404
highest-temperature-in-shanghai-on-june-9-2026,Highest temperature in Shanghai on June 9?,2026-06-07T04:34:03Z,2026-06-09T12:00:00Z,6,24°C,0x09e1e10495f1dbb1948b63ad02a4af9f59a0401dde53ec713e5105d75eefe748,24582299336321328719263949980519370081553878495528020204195731783368989713817,YES,trade_pressure_30s,flow_clock_sensitive,wall_300s,wall_clock_seconds,300,early_gt_24h,119344,-0.034456518770154786,0.5090416769233682,0.5574892747017026,301.158
highest-temperature-in-shanghai-on-june-9-2026,Highest temperature in Shanghai on June 9?,2026-06-07T04:34:03Z,2026-06-09T12:00:00Z,6,24°C,0x09e1e10495f1dbb1948b63ad02a4af9f59a0401dde53ec713e5105d75eefe748,24582299336321328719263949980519370081553878495528020204195731783368989713817,YES,trade_pressure_30s,flow_clock_sensitive,wall_300s,wall_clock_seconds,300,last_24h,203548,0.0872669269252252,0.5708645556361293,0.3902666692868513,300.473
highest-temperature-in-shanghai-on-june-9-2026,Highest temperature in Shanghai on June 9?,2026-06-07T04:34:03Z,2026-06-09T12:00:00Z,6,24°C,0x09e1e10495f1dbb1948b63ad02a4af9f59a0401dde53ec713e5105d75eefe748,24582299336321328719263949980519370081553878495528020204195731783368989713817,YES,trade_pressure_30s,flow_clock_sensitive,wall_300s,wall_clock_seconds,300,last_6h,701,-0.17631328287765452,0.0,0.9215406562054208,304.404
highest-temperature-in-shanghai-on-june-9-2026,Highest temperature in Shanghai on June 9?,2026-06-07T04:34:03Z,2026-06-09T12:00:00Z,6,24°C,0x09e1e10495f1dbb1948b63ad02a4af9f59a0401dde53ec713e5105d75eefe748,24582299336321328719263949980519370081553878495528020204195731783368989713817,YES,depth_imbalance_1,book,wall_900s,wall_clock_seconds,900,early_gt_24h,118547,0.23666289371118177,0.6080082532722935,0.3458712578133567,901.168
highest-temperature-in-shanghai-on-june-9-2026,Highest temperature in Shanghai on June 9?,2026-06-07T04:34:03Z,2026-06-09T12:00:00Z,6,24°C,0x09e1e10495f1dbb1948b63ad02a4af9f59a0401dde53ec713e5105d75eefe748,24582299336321328719263949980519370081553878495528020204195731783368989713817,YES,depth_imbalance_1,book,wall_900s,wall_clock_seconds,900,last_24h,194126,0.18482114170740596,0.6133121803034938,0.275918733193905,900.537
highest-temperature-in-shanghai-on-june-9-2026,Highest temperature in Shanghai on June 9?,2026-06-07T04:34:03Z,2026-06-09T12:00:00Z,6,24°C,0x09e1e10495f1dbb1948b63ad02a4af9f59a0401dde53ec713e5105d75eefe748,24582299336321328719263949980519370081553878495528020204195731783368989713817,YES,depth_imbalance_1,book,wall_900s,wall_clock_seconds,900,last_6h,449,-0.1256538042066083,0.4984520123839009,0.2806236080178174,901.721
highest-temperature-in-shanghai-on-june-9-2026,Highest temperature in Shanghai on June 9?,2026-06-07T04:34:03Z,2026-06-09T12:00:00Z,6,24°C,0x09e1e10495f1dbb1948b63ad02a4af9f59a0401dde53ec713e5105d75eefe748,24582299336321328719263949980519370081553878495528020204195731783368989713817,YES,depth_imbalance_3,book,wall_900s,wall_clock_seconds,900,early_gt_24h,118547,0.15282348293247996,0.5790444258172673,0.3458712578133567,901.168
highest-temperature-in-shanghai-on-june-9-2026,Highest temperature in Shanghai on June 9?,2026-06-07T04:34:03Z,2026-06-09T12:00:00Z,6,24°C,0x09e1e10495f1dbb1948b63ad02a4af9f59a0401dde53ec713e5105d75eefe748,24582299336321328719263949980519370081553878495528020204195731783368989713817,YES,depth_imbalance_3,book,wall_900s,wall_clock_seconds,900,last_24h,194126,0.19788791826513277,0.5923322638247619,0.275918733193905,900.537
highest-temperature-in-shanghai-on-june-9-2026,Highest temperature in Shanghai on June 9?,2026-06-07T04:34:03Z,2026-06-09T12:00:00Z,6,24°C,0x09e1e10495f1dbb1948b63ad02a4af9f59a0401dde53ec713e5105d75eefe748,24582299336321328719263949980519370081553878495528020204195731783368989713817,YES,depth_imbalance_3,book,wall_900s,wall_clock_seconds,900,last_6h,449,-0.17411254902733206,0.4953560371517028,0.2806236080178174,901.721
highest-temperature-in-shanghai-on-june-9-2026,Highest temperature in Shanghai on June 9?,2026-06-07T04:34:03Z,2026-06-09T12:00:00Z,6,24°C,0x09e1e10495f1dbb1948b63ad02a4af9f59a0401dde53ec713e5105d75eefe748,24582299336321328719263949980519370081553878495528020204195731783368989713817,YES,depth_imbalance_5,book,wall_900s,wall_clock_seconds,900,early_gt_24h,118547,0.20166543789353233,0.614223998968341,0.3458712578133567,901.168
highest-temperature-in-shanghai-on-june-9-2026,Highest temperature in Shanghai on June 9?,2026-06-07T04:34:03Z,2026-06-09T12:00:00Z,6,24°C,0x09e1e10495f1dbb1948b63ad02a4af9f59a0401dde53ec713e5105d75eefe748,24582299336321328719263949980519370081553878495528020204195731783368989713817,YES,depth_imbalance_5,book,wall_900s,wall_clock_seconds,900,last_24h,194126,0.24203987278922928,0.6040707725361582,0.275918733193905,900.537
highest-temperature-in-shanghai-on-june-9-2026,Highest temperature in Shanghai on June 9?,2026-06-07T04:34:03Z,2026-06-09T12:00:00Z,6,24°C,0x09e1e10495f1dbb1948b63ad02a4af9f59a0401dde53ec713e5105d75eefe748,24582299336321328719263949980519370081553878495528020204195731783368989713817,YES,depth_imbalance_5,book,wall_900s,wall_clock_seconds,900,last_6h,449,-0.41197507654847826,0.5015479876160991,0.2806236080178174,901.721
highest-temperature-in-shanghai-on-june-9-2026,Highest temperature in Shanghai on June 9?,2026-06-07T04:34:03Z,2026-06-09T12:00:00Z,6,24°C,0x09e1e10495f1dbb1948b63ad02a4af9f59a0401dde53ec713e5105d75eefe748,24582299336321328719263949980519370081553878495528020204195731783368989713817,YES,microprice_minus_mid,book,wall_900s,wall_clock_seconds,900,early_gt_24h,118547,0.19963058201816192,0.6120317235153782,0.3458712578133567,901.168
highest-temperature-in-shanghai-on-june-9-2026,Highest temperature in Shanghai on June 9?,2026-06-07T04:34:03Z,2026-06-09T12:00:00Z,6,24°C,0x09e1e10495f1dbb1948b63ad02a4af9f59a0401dde53ec713e5105d75eefe748,24582299336321328719263949980519370081553878495528020204195731783368989713817,YES,microprice_minus_mid,book,wall_900s,wall_clock_seconds,900,last_24h,194126,0.1849905085121302,0.6138528631289885,0.275918733193905,900.537
highest-temperature-in-shanghai-on-june-9-2026,Highest temperature in Shanghai on June 9?,2026-06-07T04:34:03Z,2026-06-09T12:00:00Z,6,24°C,0x09e1e10495f1dbb1948b63ad02a4af9f59a0401dde53ec713e5105d75eefe748,24582299336321328719263949980519370081553878495528020204195731783368989713817,YES,microprice_minus_mid,book,wall_900s,wall_clock_seconds,900,last_6h,449,-0.3753052968337616,0.4613003095975232,0.2806236080178174,901.721
highest-temperature-in-shanghai-on-june-9-2026,Highest temperature in Shanghai on June 9?,2026-06-07T04:34:03Z,2026-06-09T12:00:00Z,6,24°C,0x09e1e10495f1dbb1948b63ad02a4af9f59a0401dde53ec713e5105d75eefe748,24582299336321328719263949980519370081553878495528020204195731783368989713817,YES,ofi_30s,flow_clock_sensitive,wall_900s,wall_clock_seconds,900,early_gt_24h,118547,0.016936462082563004,0.5127990199239152,0.3458712578133567,901.168
highest-temperature-in-shanghai-on-june-9-2026,Highest temperature in Shanghai on June 9?,2026-06-07T04:34:03Z,2026-06-09T12:00:00Z,6,24°C,0x09e1e10495f1dbb1948b63ad02a4af9f59a0401dde53ec713e5105d75eefe748,24582299336321328719263949980519370081553878495528020204195731783368989713817,YES,ofi_30s,flow_clock_sensitive,wall_900s,wall_clock_seconds,900,last_24h,194126,0.051853727032495335,0.5025362293064319,0.275918733193905,900.537
highest-temperature-in-shanghai-on-june-9-2026,Highest temperature in Shanghai on June 9?,2026-06-07T04:34:03Z,2026-06-09T12:00:00Z,6,24°C,0x09e1e10495f1dbb1948b63ad02a4af9f59a0401dde53ec713e5105d75eefe748,24582299336321328719263949980519370081553878495528020204195731783368989713817,YES,ofi_30s,flow_clock_sensitive,wall_900s,wall_clock_seconds,900,last_6h,449,0.8149148744323392,0.6934984520123839,0.2806236080178174,901.721
highest-temperature-in-shanghai-on-june-9-2026,Highest temperature in Shanghai on June 9?,2026-06-07T04:34:03Z,2026-06-09T12:00:00Z,6,24°C,0x09e1e10495f1dbb1948b63ad02a4af9f59a0401dde53ec713e5105d75eefe748,24582299336321328719263949980519370081553878495528020204195731783368989713817,YES,trade_pressure_30s,flow_clock_sensitive,wall_900s,wall_clock_seconds,900,early_gt_24h,118547,-0.028000445510481312,0.5211038751692566,0.3458712578133567,901.168
highest-temperature-in-shanghai-on-june-9-2026,Highest temperature in Shanghai on June 9?,2026-06-07T04:34:03Z,2026-06-09T12:00:00Z,6,24°C,0x09e1e10495f1dbb1948b63ad02a4af9f59a0401dde53ec713e5105d75eefe748,24582299336321328719263949980519370081553878495528020204195731783368989713817,YES,trade_pressure_30s,flow_clock_sensitive,wall_900s,wall_clock_seconds,900,last_24h,194126,0.015049097340761887,0.48770302284384937,0.275918733193905,900.537
highest-temperature-in-shanghai-on-june-9-2026,Highest temperature in Shanghai on June 9?,2026-06-07T04:34:03Z,2026-06-09T12:00:00Z,6,24°C,0x09e1e10495f1dbb1948b63ad02a4af9f59a0401dde53ec713e5105d75eefe748,24582299336321328719263949980519370081553878495528020204195731783368989713817,YES,trade_pressure_30s,flow_clock_sensitive,wall_900s,wall_clock_seconds,900,last_6h,449,0.7051735812077445,0.6996904024767802,0.2806236080178174,901.721
highest-temperature-in-shanghai-on-june-9-2026,Highest temperature in Shanghai on June 9?,2026-06-07T04:34:03Z,2026-06-09T12:00:00Z,6,24°C,0x09e1e10495f1dbb1948b63ad02a4af9f59a0401dde53ec713e5105d75eefe748,24582299336321328719263949980519370081553878495528020204195731783368989713817,YES,depth_imbalance_1,book,valid_obs_10,valid_observation_steps,10,early_gt_24h,121855,0.06484256486147973,0.5949798845548364,0.9061671658938902,9.485
highest-temperature-in-shanghai-on-june-9-2026,Highest temperature in Shanghai on June 9?,2026-06-07T04:34:03Z,2026-06-09T12:00:00Z,6,24°C,0x09e1e10495f1dbb1948b63ad02a4af9f59a0401dde53ec713e5105d75eefe748,24582299336321328719263949980519370081553878495528020204195731783368989713817,YES,depth_imbalance_1,book,valid_obs_10,valid_observation_steps,10,last_24h,213019,0.10762049230994016,0.5868120348044868,0.7760997845262629,4.16
highest-temperature-in-shanghai-on-june-9-2026,Highest temperature in Shanghai on June 9?,2026-06-07T04:34:03Z,2026-06-09T12:00:00Z,6,24°C,0x09e1e10495f1dbb1948b63ad02a4af9f59a0401dde53ec713e5105d75eefe748,24582299336321328719263949980519370081553878495528020204195731783368989713817,YES,depth_imbalance_1,book,valid_obs_10,valid_observation_steps,10,last_6h,1004,-0.01445329684680233,0.5416666666666666,0.7370517928286853,8.327
highest-temperature-in-shanghai-on-june-9-2026,Highest temperature in Shanghai on June 9?,2026-06-07T04:34:03Z,2026-06-09T12:00:00Z,6,24°C,0x09e1e10495f1dbb1948b63ad02a4af9f59a0401dde53ec713e5105d75eefe748,24582299336321328719263949980519370081553878495528020204195731783368989713817,YES,depth_imbalance_3,book,valid_obs_10,valid_observation_steps,10,early_gt_24h,121855,0.006971004722427484,0.516966940703166,0.9061671658938902,9.485
highest-temperature-in-shanghai-on-june-9-2026,Highest temperature in Shanghai on June 9?,2026-06-07T04:34:03Z,2026-06-09T12:00:00Z,6,24°C,0x09e1e10495f1dbb1948b63ad02a4af9f59a0401dde53ec713e5105d75eefe748,24582299336321328719263949980519370081553878495528020204195731783368989713817,YES,depth_imbalance_3,book,valid_obs_10,valid_observation_steps,10,last_24h,213019,0.06581410843067859,0.5600587063633504,0.7760997845262629,4.16
highest-temperature-in-shanghai-on-june-9-2026,Highest temperature in Shanghai on June 9?,2026-06-07T04:34:03Z,2026-06-09T12:00:00Z,6,24°C,0x09e1e10495f1dbb1948b63ad02a4af9f59a0401dde53ec713e5105d75eefe748,24582299336321328719263949980519370081553878495528020204195731783368989713817,YES,depth_imbalance_3,book,valid_obs_10,valid_observation_steps,10,last_6h,1004,0.11960825353730574,0.5151515151515151,0.7370517928286853,8.327
highest-temperature-in-shanghai-on-june-9-2026,Highest temperature in Shanghai on June 9?,2026-06-07T04:34:03Z,2026-06-09T12:00:00Z,6,24°C,0x09e1e10495f1dbb1948b63ad02a4af9f59a0401dde53ec713e5105d75eefe748,24582299336321328719263949980519370081553878495528020204195731783368989713817,YES,depth_imbalance_5,book,valid_obs_10,valid_observation_steps,10,early_gt_24h,121855,0.026392701796430818,0.5374322196956446,0.9061671658938902,9.485
highest-temperature-in-shanghai-on-june-9-2026,Highest temperature in Shanghai on June 9?,2026-06-07T04:34:03Z,2026-06-09T12:00:00Z,6,24°C,0x09e1e10495f1dbb1948b63ad02a4af9f59a0401dde53ec713e5105d75eefe748,24582299336321328719263949980519370081553878495528020204195731783368989713817,YES,depth_imbalance_5,book,valid_obs_10,valid_observation_steps,10,last_24h,213019,0.039947015575565674,0.5277911730789391,0.7760997845262629,4.16
highest-temperature-in-shanghai-on-june-9-2026,Highest temperature in Shanghai on June 9?,2026-06-07T04:34:03Z,2026-06-09T12:00:00Z,6,24°C,0x09e1e10495f1dbb1948b63ad02a4af9f59a0401dde53ec713e5105d75eefe748,24582299336321328719263949980519370081553878495528020204195731783368989713817,YES,depth_imbalance_5,book,valid_obs_10,valid_observation_steps,10,last_6h,1004,0.00415357834631866,0.5265151515151515,0.7370517928286853,8.327
highest-temperature-in-shanghai-on-june-9-2026,Highest temperature in Shanghai on June 9?,2026-06-07T04:34:03Z,2026-06-09T12:00:00Z,6,24°C,0x09e1e10495f1dbb1948b63ad02a4af9f59a0401dde53ec713e5105d75eefe748,24582299336321328719263949980519370081553878495528020204195731783368989713817,YES,microprice_minus_mid,book,valid_obs_10,valid_observation_steps,10,early_gt_24h,121855,0.06127967176548324,0.5878082910617457,0.9061671658938902,9.485
highest-temperature-in-shanghai-on-june-9-2026,Highest temperature in Shanghai on June 9?,2026-06-07T04:34:03Z,2026-06-09T12:00:00Z,6,24°C,0x09e1e10495f1dbb1948b63ad02a4af9f59a0401dde53ec713e5105d75eefe748,24582299336321328719263949980519370081553878495528020204195731783368989713817,YES,microprice_minus_mid,book,valid_obs_10,valid_observation_steps,10,last_24h,213019,0.11773278397964347,0.5872313659712758,0.7760997845262629,4.16
highest-temperature-in-shanghai-on-june-9-2026,Highest temperature in Shanghai on June 9?,2026-06-07T04:34:03Z,2026-06-09T12:00:00Z,6,24°C,0x09e1e10495f1dbb1948b63ad02a4af9f59a0401dde53ec713e5105d75eefe748,24582299336321328719263949980519370081553878495528020204195731783368989713817,YES,microprice_minus_mid,book,valid_obs_10,valid_observation_steps,10,last_6h,1004,0.06292141251868072,0.5871212121212122,0.7370517928286853,8.327
highest-temperature-in-shanghai-on-june-9-2026,Highest temperature in Shanghai on June 9?,2026-06-07T04:34:03Z,2026-06-09T12:00:00Z,6,24°C,0x09e1e10495f1dbb1948b63ad02a4af9f59a0401dde53ec713e5105d75eefe748,24582299336321328719263949980519370081553878495528020204195731783368989713817,YES,ofi_30s,flow_clock_sensitive,valid_obs_10,valid_observation_steps,10,early_gt_24h,121855,0.027220838593031177,0.5288612908868288,0.9061671658938902,9.485
highest-temperature-in-shanghai-on-june-9-2026,Highest temperature in Shanghai on June 9?,2026-06-07T04:34:03Z,2026-06-09T12:00:00Z,6,24°C,0x09e1e10495f1dbb1948b63ad02a4af9f59a0401dde53ec713e5105d75eefe748,24582299336321328719263949980519370081553878495528020204195731783368989713817,YES,ofi_30s,flow_clock_sensitive,valid_obs_10,valid_observation_steps,10,last_24h,213019,0.05306305565355685,0.5427193626166265,0.7760997845262629,4.16
highest-temperature-in-shanghai-on-june-9-2026,Highest temperature in Shanghai on June 9?,2026-06-07T04:34:03Z,2026-06-09T12:00:00Z,6,24°C,0x09e1e10495f1dbb1948b63ad02a4af9f59a0401dde53ec713e5105d75eefe748,24582299336321328719263949980519370081553878495528020204195731783368989713817,YES,ofi_30s,flow_clock_sensitive,valid_obs_10,valid_observation_steps,10,last_6h,1004,0.11634615433153493,0.6136363636363636,0.7370517928286853,8.327
highest-temperature-in-shanghai-on-june-9-2026,Highest temperature in Shanghai on June 9?,2026-06-07T04:34:03Z,2026-06-09T12:00:00Z,6,24°C,0x09e1e10495f1dbb1948b63ad02a4af9f59a0401dde53ec713e5105d75eefe748,24582299336321328719263949980519370081553878495528020204195731783368989713817,YES,trade_pressure_30s,flow_clock_sensitive,valid_obs_10,valid_observation_steps,10,early_gt_24h,121855,-0.013842033322098594,0.5055098828056673,0.9061671658938902,9.485
highest-temperature-in-shanghai-on-june-9-2026,Highest temperature in Shanghai on June 9?,2026-06-07T04:34:03Z,2026-06-09T12:00:00Z,6,24°C,0x09e1e10495f1dbb1948b63ad02a4af9f59a0401dde53ec713e5105d75eefe748,24582299336321328719263949980519370081553878495528020204195731783368989713817,YES,trade_pressure_30s,flow_clock_sensitive,valid_obs_10,valid_observation_steps,10,last_24h,213019,0.038148584483430344,0.5216270049271412,0.7760997845262629,4.16
highest-temperature-in-shanghai-on-june-9-2026,Highest temperature in Shanghai on June 9?,2026-06-07T04:34:03Z,2026-06-09T12:00:00Z,6,24°C,0x09e1e10495f1dbb1948b63ad02a4af9f59a0401dde53ec713e5105d75eefe748,24582299336321328719263949980519370081553878495528020204195731783368989713817,YES,trade_pressure_30s,flow_clock_sensitive,valid_obs_10,valid_observation_steps,10,last_6h,1004,0.06705089227661958,0.4734848484848485,0.7370517928286853,8.327
highest-temperature-in-shanghai-on-june-9-2026,Highest temperature in Shanghai on June 9?,2026-06-07T04:34:03Z,2026-06-09T12:00:00Z,6,24°C,0x09e1e10495f1dbb1948b63ad02a4af9f59a0401dde53ec713e5105d75eefe748,24582299336321328719263949980519370081553878495528020204195731783368989713817,YES,depth_imbalance_1,book,valid_obs_50,valid_observation_steps,50,early_gt_24h,121855,0.09698076571820156,0.5983576774943682,0.774141397562677,50.942
highest-temperature-in-shanghai-on-june-9-2026,Highest temperature in Shanghai on June 9?,2026-06-07T04:34:03Z,2026-06-09T12:00:00Z,6,24°C,0x09e1e10495f1dbb1948b63ad02a4af9f59a0401dde53ec713e5105d75eefe748,24582299336321328719263949980519370081553878495528020204195731783368989713817,YES,depth_imbalance_1,book,valid_obs_50,valid_observation_steps,50,last_24h,213019,0.1241245870243084,0.5757583200294731,0.617733629394561,25.113
highest-temperature-in-shanghai-on-june-9-2026,Highest temperature in Shanghai on June 9?,2026-06-07T04:34:03Z,2026-06-09T12:00:00Z,6,24°C,0x09e1e10495f1dbb1948b63ad02a4af9f59a0401dde53ec713e5105d75eefe748,24582299336321328719263949980519370081553878495528020204195731783368989713817,YES,depth_imbalance_1,book,valid_obs_50,valid_observation_steps,50,last_6h,951,0.07375020101828483,0.6133333333333333,0.6845425867507886,67.301
highest-temperature-in-shanghai-on-june-9-2026,Highest temperature in Shanghai on June 9?,2026-06-07T04:34:03Z,2026-06-09T12:00:00Z,6,24°C,0x09e1e10495f1dbb1948b63ad02a4af9f59a0401dde53ec713e5105d75eefe748,24582299336321328719263949980519370081553878495528020204195731783368989713817,YES,depth_imbalance_3,book,valid_obs_50,valid_observation_steps,50,early_gt_24h,121855,0.03440670188191276,0.5587166630332098,0.774141397562677,50.942
highest-temperature-in-shanghai-on-june-9-2026,Highest temperature in Shanghai on June 9?,2026-06-07T04:34:03Z,2026-06-09T12:00:00Z,6,24°C,0x09e1e10495f1dbb1948b63ad02a4af9f59a0401dde53ec713e5105d75eefe748,24582299336321328719263949980519370081553878495528020204195731783368989713817,YES,depth_imbalance_3,book,valid_obs_50,valid_observation_steps,50,last_24h,213019,0.1034076068395265,0.5735109910352449,0.617733629394561,25.113
highest-temperature-in-shanghai-on-june-9-2026,Highest temperature in Shanghai on June 9?,2026-06-07T04:34:03Z,2026-06-09T12:00:00Z,6,24°C,0x09e1e10495f1dbb1948b63ad02a4af9f59a0401dde53ec713e5105d75eefe748,24582299336321328719263949980519370081553878495528020204195731783368989713817,YES,depth_imbalance_3,book,valid_obs_50,valid_observation_steps,50,last_6h,951,0.1709847546147779,0.6166666666666667,0.6845425867507886,67.301
highest-temperature-in-shanghai-on-june-9-2026,Highest temperature in Shanghai on June 9?,2026-06-07T04:34:03Z,2026-06-09T12:00:00Z,6,24°C,0x09e1e10495f1dbb1948b63ad02a4af9f59a0401dde53ec713e5105d75eefe748,24582299336321328719263949980519370081553878495528020204195731783368989713817,YES,depth_imbalance_5,book,valid_obs_50,valid_observation_steps,50,early_gt_24h,121855,0.0673870240324647,0.5671462829736211,0.774141397562677,50.942
highest-temperature-in-shanghai-on-june-9-2026,Highest temperature in Shanghai on June 9?,2026-06-07T04:34:03Z,2026-06-09T12:00:00Z,6,24°C,0x09e1e10495f1dbb1948b63ad02a4af9f59a0401dde53ec713e5105d75eefe748,24582299336321328719263949980519370081553878495528020204195731783368989713817,YES,depth_imbalance_5,book,valid_obs_50,valid_observation_steps,50,last_24h,213019,0.07067716137571468,0.5398870195259732,0.617733629394561,25.113
highest-temperature-in-shanghai-on-june-9-2026,Highest temperature in Shanghai on June 9?,2026-06-07T04:34:03Z,2026-06-09T12:00:00Z,6,24°C,0x09e1e10495f1dbb1948b63ad02a4af9f59a0401dde53ec713e5105d75eefe748,24582299336321328719263949980519370081553878495528020204195731783368989713817,YES,depth_imbalance_5,book,valid_obs_50,valid_observation_steps,50,last_6h,951,-0.04006222306927759,0.5566666666666666,0.6845425867507886,67.301
highest-temperature-in-shanghai-on-june-9-2026,Highest temperature in Shanghai on June 9?,2026-06-07T04:34:03Z,2026-06-09T12:00:00Z,6,24°C,0x09e1e10495f1dbb1948b63ad02a4af9f59a0401dde53ec713e5105d75eefe748,24582299336321328719263949980519370081553878495528020204195731783368989713817,YES,microprice_minus_mid,book,valid_obs_50,valid_observation_steps,50,early_gt_24h,121855,0.0963039734007778,0.5925441465009811,0.774141397562677,50.942
highest-temperature-in-shanghai-on-june-9-2026,Highest temperature in Shanghai on June 9?,2026-06-07T04:34:03Z,2026-06-09T12:00:00Z,6,24°C,0x09e1e10495f1dbb1948b63ad02a4af9f59a0401dde53ec713e5105d75eefe748,24582299336321328719263949980519370081553878495528020204195731783368989713817,YES,microprice_minus_mid,book,valid_obs_50,valid_observation_steps,50,last_24h,213019,0.120118537690222,0.5748250030701216,0.617733629394561,25.113
highest-temperature-in-shanghai-on-june-9-2026,Highest temperature in Shanghai on June 9?,2026-06-07T04:34:03Z,2026-06-09T12:00:00Z,6,24°C,0x09e1e10495f1dbb1948b63ad02a4af9f59a0401dde53ec713e5105d75eefe748,24582299336321328719263949980519370081553878495528020204195731783368989713817,YES,microprice_minus_mid,book,valid_obs_50,valid_observation_steps,50,last_6h,951,0.15752759572616748,0.6533333333333333,0.6845425867507886,67.301
highest-temperature-in-shanghai-on-june-9-2026,Highest temperature in Shanghai on June 9?,2026-06-07T04:34:03Z,2026-06-09T12:00:00Z,6,24°C,0x09e1e10495f1dbb1948b63ad02a4af9f59a0401dde53ec713e5105d75eefe748,24582299336321328719263949980519370081553878495528020204195731783368989713817,YES,ofi_30s,flow_clock_sensitive,valid_obs_50,valid_observation_steps,50,early_gt_24h,121855,0.009573906219042583,0.5208197078700676,0.774141397562677,50.942
highest-temperature-in-shanghai-on-june-9-2026,Highest temperature in Shanghai on June 9?,2026-06-07T04:34:03Z,2026-06-09T12:00:00Z,6,24°C,0x09e1e10495f1dbb1948b63ad02a4af9f59a0401dde53ec713e5105d75eefe748,24582299336321328719263949980519370081553878495528020204195731783368989713817,YES,ofi_30s,flow_clock_sensitive,valid_obs_50,valid_observation_steps,50,last_24h,213019,0.021914826794482586,0.5175979368783004,0.617733629394561,25.113
highest-temperature-in-shanghai-on-june-9-2026,Highest temperature in Shanghai on June 9?,2026-06-07T04:34:03Z,2026-06-09T12:00:00Z,6,24°C,0x09e1e10495f1dbb1948b63ad02a4af9f59a0401dde53ec713e5105d75eefe748,24582299336321328719263949980519370081553878495528020204195731783368989713817,YES,ofi_30s,flow_clock_sensitive,valid_obs_50,valid_observation_steps,50,last_6h,951,0.13799701593691258,0.63,0.6845425867507886,67.301
highest-temperature-in-shanghai-on-june-9-2026,Highest temperature in Shanghai on June 9?,2026-06-07T04:34:03Z,2026-06-09T12:00:00Z,6,24°C,0x09e1e10495f1dbb1948b63ad02a4af9f59a0401dde53ec713e5105d75eefe748,24582299336321328719263949980519370081553878495528020204195731783368989713817,YES,trade_pressure_30s,flow_clock_sensitive,valid_obs_50,valid_observation_steps,50,early_gt_24h,121855,-0.020793219694924425,0.5037424605769929,0.774141397562677,50.942
highest-temperature-in-shanghai-on-june-9-2026,Highest temperature in Shanghai on June 9?,2026-06-07T04:34:03Z,2026-06-09T12:00:00Z,6,24°C,0x09e1e10495f1dbb1948b63ad02a4af9f59a0401dde53ec713e5105d75eefe748,24582299336321328719263949980519370081553878495528020204195731783368989713817,YES,trade_pressure_30s,flow_clock_sensitive,valid_obs_50,valid_observation_steps,50,last_24h,213019,0.08893008007974666,0.5299398256170944,0.617733629394561,25.113
highest-temperature-in-shanghai-on-june-9-2026,Highest temperature in Shanghai on June 9?,2026-06-07T04:34:03Z,2026-06-09T12:00:00Z,6,24°C,0x09e1e10495f1dbb1948b63ad02a4af9f59a0401dde53ec713e5105d75eefe748,24582299336321328719263949980519370081553878495528020204195731783368989713817,YES,trade_pressure_30s,flow_clock_sensitive,valid_obs_50,valid_observation_steps,50,last_6h,951,0.1518263014321442,0.5066666666666667,0.6845425867507886,67.301
highest-temperature-in-shanghai-on-june-9-2026,Highest temperature in Shanghai on June 9?,2026-06-07T04:34:03Z,2026-06-09T12:00:00Z,6,24°C,0x09e1e10495f1dbb1948b63ad02a4af9f59a0401dde53ec713e5105d75eefe748,24582299336321328719263949980519370081553878495528020204195731783368989713817,YES,depth_imbalance_1,book,valid_obs_200,valid_observation_steps,200,early_gt_24h,121855,0.11894895650911312,0.5917537638999759,0.5579418160928973,227.21
highest-temperature-in-shanghai-on-june-9-2026,Highest temperature in Shanghai on June 9?,2026-06-07T04:34:03Z,2026-06-09T12:00:00Z,6,24°C,0x09e1e10495f1dbb1948b63ad02a4af9f59a0401dde53ec713e5105d75eefe748,24582299336321328719263949980519370081553878495528020204195731783368989713817,YES,depth_imbalance_1,book,valid_obs_200,valid_observation_steps,200,last_24h,213019,0.16371511557655702,0.5865160208612424,0.44282434900173223,106.644
highest-temperature-in-shanghai-on-june-9-2026,Highest temperature in Shanghai on June 9?,2026-06-07T04:34:03Z,2026-06-09T12:00:00Z,6,24°C,0x09e1e10495f1dbb1948b63ad02a4af9f59a0401dde53ec713e5105d75eefe748,24582299336321328719263949980519370081553878495528020204195731783368989713817,YES,depth_imbalance_1,book,valid_obs_200,valid_observation_steps,200,last_6h,710,-0.16474169144012257,0.4055727554179567,0.5450704225352113,324.52099999999996
highest-temperature-in-shanghai-on-june-9-2026,Highest temperature in Shanghai on June 9?,2026-06-07T04:34:03Z,2026-06-09T12:00:00Z,6,24°C,0x09e1e10495f1dbb1948b63ad02a4af9f59a0401dde53ec713e5105d75eefe748,24582299336321328719263949980519370081553878495528020204195731783368989713817,YES,depth_imbalance_3,book,valid_obs_200,valid_observation_steps,200,early_gt_24h,121855,0.009856055136805852,0.525479421538233,0.5579418160928973,227.21
highest-temperature-in-shanghai-on-june-9-2026,Highest temperature in Shanghai on June 9?,2026-06-07T04:34:03Z,2026-06-09T12:00:00Z,6,24°C,0x09e1e10495f1dbb1948b63ad02a4af9f59a0401dde53ec713e5105d75eefe748,24582299336321328719263949980519370081553878495528020204195731783368989713817,YES,depth_imbalance_3,book,valid_obs_200,valid_observation_steps,200,last_24h,213019,0.17459673996529299,0.5933068776381973,0.44282434900173223,106.644
highest-temperature-in-shanghai-on-june-9-2026,Highest temperature in Shanghai on June 9?,2026-06-07T04:34:03Z,2026-06-09T12:00:00Z,6,24°C,0x09e1e10495f1dbb1948b63ad02a4af9f59a0401dde53ec713e5105d75eefe748,24582299336321328719263949980519370081553878495528020204195731783368989713817,YES,depth_imbalance_3,book,valid_obs_200,valid_observation_steps,200,last_6h,710,-0.13859525813040424,0.39628482972136225,0.5450704225352113,324.52099999999996
highest-temperature-in-shanghai-on-june-9-2026,Highest temperature in Shanghai on June 9?,2026-06-07T04:34:03Z,2026-06-09T12:00:00Z,6,24°C,0x09e1e10495f1dbb1948b63ad02a4af9f59a0401dde53ec713e5105d75eefe748,24582299336321328719263949980519370081553878495528020204195731783368989713817,YES,depth_imbalance_5,book,valid_obs_200,valid_observation_steps,200,early_gt_24h,121855,0.045012107730101385,0.5456401878701246,0.5579418160928973,227.21
highest-temperature-in-shanghai-on-june-9-2026,Highest temperature in Shanghai on June 9?,2026-06-07T04:34:03Z,2026-06-09T12:00:00Z,6,24°C,0x09e1e10495f1dbb1948b63ad02a4af9f59a0401dde53ec713e5105d75eefe748,24582299336321328719263949980519370081553878495528020204195731783368989713817,YES,depth_imbalance_5,book,valid_obs_200,valid_observation_steps,200,last_24h,213019,0.15782348470531726,0.5737852707496062,0.44282434900173223,106.644
highest-temperature-in-shanghai-on-june-9-2026,Highest temperature in Shanghai on June 9?,2026-06-07T04:34:03Z,2026-06-09T12:00:00Z,6,24°C,0x09e1e10495f1dbb1948b63ad02a4af9f59a0401dde53ec713e5105d75eefe748,24582299336321328719263949980519370081553878495528020204195731783368989713817,YES,depth_imbalance_5,book,valid_obs_200,valid_observation_steps,200,last_6h,710,-0.4187775375181294,0.2848297213622291,0.5450704225352113,324.52099999999996
highest-temperature-in-shanghai-on-june-9-2026,Highest temperature in Shanghai on June 9?,2026-06-07T04:34:03Z,2026-06-09T12:00:00Z,6,24°C,0x09e1e10495f1dbb1948b63ad02a4af9f59a0401dde53ec713e5105d75eefe748,24582299336321328719263949980519370081553878495528020204195731783368989713817,YES,microprice_minus_mid,book,valid_obs_200,valid_observation_steps,200,early_gt_24h,121855,0.09687542111735156,0.5841052963781165,0.5579418160928973,227.21
highest-temperature-in-shanghai-on-june-9-2026,Highest temperature in Shanghai on June 9?,2026-06-07T04:34:03Z,2026-06-09T12:00:00Z,6,24°C,0x09e1e10495f1dbb1948b63ad02a4af9f59a0401dde53ec713e5105d75eefe748,24582299336321328719263949980519370081553878495528020204195731783368989713817,YES,microprice_minus_mid,book,valid_obs_200,valid_observation_steps,200,last_24h,213019,0.15470079122945551,0.5841484889079864,0.44282434900173223,106.644
highest-temperature-in-shanghai-on-june-9-2026,Highest temperature in Shanghai on June 9?,2026-06-07T04:34:03Z,2026-06-09T12:00:00Z,6,24°C,0x09e1e10495f1dbb1948b63ad02a4af9f59a0401dde53ec713e5105d75eefe748,24582299336321328719263949980519370081553878495528020204195731783368989713817,YES,microprice_minus_mid,book,valid_obs_200,valid_observation_steps,200,last_6h,710,-0.23892418801872994,0.4613003095975232,0.5450704225352113,324.52099999999996
highest-temperature-in-shanghai-on-june-9-2026,Highest temperature in Shanghai on June 9?,2026-06-07T04:34:03Z,2026-06-09T12:00:00Z,6,24°C,0x09e1e10495f1dbb1948b63ad02a4af9f59a0401dde53ec713e5105d75eefe748,24582299336321328719263949980519370081553878495528020204195731783368989713817,YES,ofi_30s,flow_clock_sensitive,valid_obs_200,valid_observation_steps,200,early_gt_24h,121855,0.009393502908846678,0.4971875174039765,0.5579418160928973,227.21
highest-temperature-in-shanghai-on-june-9-2026,Highest temperature in Shanghai on June 9?,2026-06-07T04:34:03Z,2026-06-09T12:00:00Z,6,24°C,0x09e1e10495f1dbb1948b63ad02a4af9f59a0401dde53ec713e5105d75eefe748,24582299336321328719263949980519370081553878495528020204195731783368989713817,YES,ofi_30s,flow_clock_sensitive,valid_obs_200,valid_observation_steps,200,last_24h,213019,0.003195763070356556,0.5072416146399413,0.44282434900173223,106.644
highest-temperature-in-shanghai-on-june-9-2026,Highest temperature in Shanghai on June 9?,2026-06-07T04:34:03Z,2026-06-09T12:00:00Z,6,24°C,0x09e1e10495f1dbb1948b63ad02a4af9f59a0401dde53ec713e5105d75eefe748,24582299336321328719263949980519370081553878495528020204195731783368989713817,YES,ofi_30s,flow_clock_sensitive,valid_obs_200,valid_observation_steps,200,last_6h,710,0.2975843872396872,0.678125,0.5450704225352113,324.52099999999996
highest-temperature-in-shanghai-on-june-9-2026,Highest temperature in Shanghai on June 9?,2026-06-07T04:34:03Z,2026-06-09T12:00:00Z,6,24°C,0x09e1e10495f1dbb1948b63ad02a4af9f59a0401dde53ec713e5105d75eefe748,24582299336321328719263949980519370081553878495528020204195731783368989713817,YES,trade_pressure_30s,flow_clock_sensitive,valid_obs_200,valid_observation_steps,200,early_gt_24h,121855,-0.04885544850188291,0.4932890266768151,0.5579418160928973,227.21
highest-temperature-in-shanghai-on-june-9-2026,Highest temperature in Shanghai on June 9?,2026-06-07T04:34:03Z,2026-06-09T12:00:00Z,6,24°C,0x09e1e10495f1dbb1948b63ad02a4af9f59a0401dde53ec713e5105d75eefe748,24582299336321328719263949980519370081553878495528020204195731783368989713817,YES,trade_pressure_30s,flow_clock_sensitive,valid_obs_200,valid_observation_steps,200,last_24h,213019,0.12187114758545146,0.5576422414882592,0.44282434900173223,106.644
highest-temperature-in-shanghai-on-june-9-2026,Highest temperature in Shanghai on June 9?,2026-06-07T04:34:03Z,2026-06-09T12:00:00Z,6,24°C,0x09e1e10495f1dbb1948b63ad02a4af9f59a0401dde53ec713e5105d75eefe748,24582299336321328719263949980519370081553878495528020204195731783368989713817,YES,trade_pressure_30s,flow_clock_sensitive,valid_obs_200,valid_observation_steps,200,last_6h,710,0.4895576497609886,0.6996904024767802,0.5450704225352113,324.52099999999996
highest-temperature-in-shanghai-on-june-9-2026,Highest temperature in Shanghai on June 9?,2026-06-07T04:34:03Z,2026-06-09T12:00:00Z,7,25°C,0x715ee73ffee65801adb9f51098cf61a14fb4262ae2b20eeb1d68528bdde59c41,93683348120137447419301462197228170067558545967622008841151707439369216600718,YES,depth_imbalance_1,book,wall_60s,wall_clock_seconds,60,early_gt_24h,80859,0.05655077295325748,0.5293217968886559,0.7169888324119764,61.87
highest-temperature-in-shanghai-on-june-9-2026,Highest temperature in Shanghai on June 9?,2026-06-07T04:34:03Z,2026-06-09T12:00:00Z,7,25°C,0x715ee73ffee65801adb9f51098cf61a14fb4262ae2b20eeb1d68528bdde59c41,93683348120137447419301462197228170067558545967622008841151707439369216600718,YES,depth_imbalance_1,book,wall_60s,wall_clock_seconds,60,last_24h,191240,0.12438011105468563,0.5735528650688471,0.5344174858816148,60.422
highest-temperature-in-shanghai-on-june-9-2026,Highest temperature in Shanghai on June 9?,2026-06-07T04:34:03Z,2026-06-09T12:00:00Z,7,25°C,0x715ee73ffee65801adb9f51098cf61a14fb4262ae2b20eeb1d68528bdde59c41,93683348120137447419301462197228170067558545967622008841151707439369216600718,YES,depth_imbalance_1,book,wall_60s,wall_clock_seconds,60,last_6h,52761,0.1497014897645344,0.5577584572465535,0.30022175470518,60.223
highest-temperature-in-shanghai-on-june-9-2026,Highest temperature in Shanghai on June 9?,2026-06-07T04:34:03Z,2026-06-09T12:00:00Z,7,25°C,0x715ee73ffee65801adb9f51098cf61a14fb4262ae2b20eeb1d68528bdde59c41,93683348120137447419301462197228170067558545967622008841151707439369216600718,YES,depth_imbalance_3,book,wall_60s,wall_clock_seconds,60,early_gt_24h,80859,0.1309258338985096,0.5806677154343646,0.7169888324119764,61.87
highest-temperature-in-shanghai-on-june-9-2026,Highest temperature in Shanghai on June 9?,2026-06-07T04:34:03Z,2026-06-09T12:00:00Z,7,25°C,0x715ee73ffee65801adb9f51098cf61a14fb4262ae2b20eeb1d68528bdde59c41,93683348120137447419301462197228170067558545967622008841151707439369216600718,YES,depth_imbalance_3,book,wall_60s,wall_clock_seconds,60,last_24h,191240,0.09417866981518709,0.5442620004941711,0.5344174858816148,60.422
highest-temperature-in-shanghai-on-june-9-2026,Highest temperature in Shanghai on June 9?,2026-06-07T04:34:03Z,2026-06-09T12:00:00Z,7,25°C,0x715ee73ffee65801adb9f51098cf61a14fb4262ae2b20eeb1d68528bdde59c41,93683348120137447419301462197228170067558545967622008841151707439369216600718,YES,depth_imbalance_3,book,wall_60s,wall_clock_seconds,60,last_6h,52761,0.13283311172820012,0.5717342433845237,0.30022175470518,60.223
highest-temperature-in-shanghai-on-june-9-2026,Highest temperature in Shanghai on June 9?,2026-06-07T04:34:03Z,2026-06-09T12:00:00Z,7,25°C,0x715ee73ffee65801adb9f51098cf61a14fb4262ae2b20eeb1d68528bdde59c41,93683348120137447419301462197228170067558545967622008841151707439369216600718,YES,depth_imbalance_5,book,wall_60s,wall_clock_seconds,60,early_gt_24h,80859,0.11158368127622471,0.5746809998252054,0.7169888324119764,61.87
highest-temperature-in-shanghai-on-june-9-2026,Highest temperature in Shanghai on June 9?,2026-06-07T04:34:03Z,2026-06-09T12:00:00Z,7,25°C,0x715ee73ffee65801adb9f51098cf61a14fb4262ae2b20eeb1d68528bdde59c41,93683348120137447419301462197228170067558545967622008841151707439369216600718,YES,depth_imbalance_5,book,wall_60s,wall_clock_seconds,60,last_24h,191240,0.08216597525738727,0.5448235584806487,0.5344174858816148,60.422
highest-temperature-in-shanghai-on-june-9-2026,Highest temperature in Shanghai on June 9?,2026-06-07T04:34:03Z,2026-06-09T12:00:00Z,7,25°C,0x715ee73ffee65801adb9f51098cf61a14fb4262ae2b20eeb1d68528bdde59c41,93683348120137447419301462197228170067558545967622008841151707439369216600718,YES,depth_imbalance_5,book,wall_60s,wall_clock_seconds,60,last_6h,52761,0.11417875630415196,0.534600904634219,0.30022175470518,60.223
highest-temperature-in-shanghai-on-june-9-2026,Highest temperature in Shanghai on June 9?,2026-06-07T04:34:03Z,2026-06-09T12:00:00Z,7,25°C,0x715ee73ffee65801adb9f51098cf61a14fb4262ae2b20eeb1d68528bdde59c41,93683348120137447419301462197228170067558545967622008841151707439369216600718,YES,microprice_minus_mid,book,wall_60s,wall_clock_seconds,60,early_gt_24h,80859,0.14999470047086266,0.611387869253627,0.7169888324119764,61.87
highest-temperature-in-shanghai-on-june-9-2026,Highest temperature in Shanghai on June 9?,2026-06-07T04:34:03Z,2026-06-09T12:00:00Z,7,25°C,0x715ee73ffee65801adb9f51098cf61a14fb4262ae2b20eeb1d68528bdde59c41,93683348120137447419301462197228170067558545967622008841151707439369216600718,YES,microprice_minus_mid,book,wall_60s,wall_clock_seconds,60,last_24h,191240,0.13351465590943512,0.5732608549158786,0.5344174858816148,60.422
highest-temperature-in-shanghai-on-june-9-2026,Highest temperature in Shanghai on June 9?,2026-06-07T04:34:03Z,2026-06-09T12:00:00Z,7,25°C,0x715ee73ffee65801adb9f51098cf61a14fb4262ae2b20eeb1d68528bdde59c41,93683348120137447419301462197228170067558545967622008841151707439369216600718,YES,microprice_minus_mid,book,wall_60s,wall_clock_seconds,60,last_6h,52761,0.05364237756507519,0.5263129384361204,0.30022175470518,60.223
highest-temperature-in-shanghai-on-june-9-2026,Highest temperature in Shanghai on June 9?,2026-06-07T04:34:03Z,2026-06-09T12:00:00Z,7,25°C,0x715ee73ffee65801adb9f51098cf61a14fb4262ae2b20eeb1d68528bdde59c41,93683348120137447419301462197228170067558545967622008841151707439369216600718,YES,ofi_30s,flow_clock_sensitive,wall_60s,wall_clock_seconds,60,early_gt_24h,80859,0.09608570360258421,0.5400716657926936,0.7169888324119764,61.87
highest-temperature-in-shanghai-on-june-9-2026,Highest temperature in Shanghai on June 9?,2026-06-07T04:34:03Z,2026-06-09T12:00:00Z,7,25°C,0x715ee73ffee65801adb9f51098cf61a14fb4262ae2b20eeb1d68528bdde59c41,93683348120137447419301462197228170067558545967622008841151707439369216600718,YES,ofi_30s,flow_clock_sensitive,wall_60s,wall_clock_seconds,60,last_24h,191240,0.06396629409992291,0.5293470203733237,0.5344174858816148,60.422
highest-temperature-in-shanghai-on-june-9-2026,Highest temperature in Shanghai on June 9?,2026-06-07T04:34:03Z,2026-06-09T12:00:00Z,7,25°C,0x715ee73ffee65801adb9f51098cf61a14fb4262ae2b20eeb1d68528bdde59c41,93683348120137447419301462197228170067558545967622008841151707439369216600718,YES,ofi_30s,flow_clock_sensitive,wall_60s,wall_clock_seconds,60,last_6h,52761,0.22255869519948854,0.5597085669402238,0.30022175470518,60.223
highest-temperature-in-shanghai-on-june-9-2026,Highest temperature in Shanghai on June 9?,2026-06-07T04:34:03Z,2026-06-09T12:00:00Z,7,25°C,0x715ee73ffee65801adb9f51098cf61a14fb4262ae2b20eeb1d68528bdde59c41,93683348120137447419301462197228170067558545967622008841151707439369216600718,YES,trade_pressure_30s,flow_clock_sensitive,wall_60s,wall_clock_seconds,60,early_gt_24h,80859,0.012229511626562512,0.39119035133717883,0.7169888324119764,61.87
highest-temperature-in-shanghai-on-june-9-2026,Highest temperature in Shanghai on June 9?,2026-06-07T04:34:03Z,2026-06-09T12:00:00Z,7,25°C,0x715ee73ffee65801adb9f51098cf61a14fb4262ae2b20eeb1d68528bdde59c41,93683348120137447419301462197228170067558545967622008841151707439369216600718,YES,trade_pressure_30s,flow_clock_sensitive,wall_60s,wall_clock_seconds,60,last_24h,191240,0.15035485093148518,0.5588849704620499,0.5344174858816148,60.422
highest-temperature-in-shanghai-on-june-9-2026,Highest temperature in Shanghai on June 9?,2026-06-07T04:34:03Z,2026-06-09T12:00:00Z,7,25°C,0x715ee73ffee65801adb9f51098cf61a14fb4262ae2b20eeb1d68528bdde59c41,93683348120137447419301462197228170067558545967622008841151707439369216600718,YES,trade_pressure_30s,flow_clock_sensitive,wall_60s,wall_clock_seconds,60,last_6h,52761,-0.027034245140668493,0.4598196148533355,0.30022175470518,60.223
highest-temperature-in-shanghai-on-june-9-2026,Highest temperature in Shanghai on June 9?,2026-06-07T04:34:03Z,2026-06-09T12:00:00Z,7,25°C,0x715ee73ffee65801adb9f51098cf61a14fb4262ae2b20eeb1d68528bdde59c41,93683348120137447419301462197228170067558545967622008841151707439369216600718,YES,depth_imbalance_1,book,wall_300s,wall_clock_seconds,300,early_gt_24h,81285,0.0959305753598948,0.53898376050483,0.5886448914313834,302.668
highest-temperature-in-shanghai-on-june-9-2026,Highest temperature in Shanghai on June 9?,2026-06-07T04:34:03Z,2026-06-09T12:00:00Z,7,25°C,0x715ee73ffee65801adb9f51098cf61a14fb4262ae2b20eeb1d68528bdde59c41,93683348120137447419301462197228170067558545967622008841151707439369216600718,YES,depth_imbalance_1,book,wall_300s,wall_clock_seconds,300,last_24h,190773,0.1740764328831449,0.5904552655965085,0.2985799877341133,300.463
highest-temperature-in-shanghai-on-june-9-2026,Highest temperature in Shanghai on June 9?,2026-06-07T04:34:03Z,2026-06-09T12:00:00Z,7,25°C,0x715ee73ffee65801adb9f51098cf61a14fb4262ae2b20eeb1d68528bdde59c41,93683348120137447419301462197228170067558545967622008841151707439369216600718,YES,depth_imbalance_1,book,wall_300s,wall_clock_seconds,300,last_6h,52739,0.18353523677628963,0.5555391619593626,0.10040008342971994,300.237
highest-temperature-in-shanghai-on-june-9-2026,Highest temperature in Shanghai on June 9?,2026-06-07T04:34:03Z,2026-06-09T12:00:00Z,7,25°C,0x715ee73ffee65801adb9f51098cf61a14fb4262ae2b20eeb1d68528bdde59c41,93683348120137447419301462197228170067558545967622008841151707439369216600718,YES,depth_imbalance_3,book,wall_300s,wall_clock_seconds,300,early_gt_24h,81285,0.1965137056286075,0.5851601519275055,0.5886448914313834,302.668
highest-temperature-in-shanghai-on-june-9-2026,Highest temperature in Shanghai on June 9?,2026-06-07T04:34:03Z,2026-06-09T12:00:00Z,7,25°C,0x715ee73ffee65801adb9f51098cf61a14fb4262ae2b20eeb1d68528bdde59c41,93683348120137447419301462197228170067558545967622008841151707439369216600718,YES,depth_imbalance_3,book,wall_300s,wall_clock_seconds,300,last_24h,190773,0.2544069694970382,0.617956536035632,0.2985799877341133,300.463
highest-temperature-in-shanghai-on-june-9-2026,Highest temperature in Shanghai on June 9?,2026-06-07T04:34:03Z,2026-06-09T12:00:00Z,7,25°C,0x715ee73ffee65801adb9f51098cf61a14fb4262ae2b20eeb1d68528bdde59c41,93683348120137447419301462197228170067558545967622008841151707439369216600718,YES,depth_imbalance_3,book,wall_300s,wall_clock_seconds,300,last_6h,52739,0.21558229653005243,0.5880406373830199,0.10040008342971994,300.237
highest-temperature-in-shanghai-on-june-9-2026,Highest temperature in Shanghai on June 9?,2026-06-07T04:34:03Z,2026-06-09T12:00:00Z,7,25°C,0x715ee73ffee65801adb9f51098cf61a14fb4262ae2b20eeb1d68528bdde59c41,93683348120137447419301462197228170067558545967622008841151707439369216600718,YES,depth_imbalance_5,book,wall_300s,wall_clock_seconds,300,early_gt_24h,81285,0.15325034716598732,0.5805390206694385,0.5886448914313834,302.668
highest-temperature-in-shanghai-on-june-9-2026,Highest temperature in Shanghai on June 9?,2026-06-07T04:34:03Z,2026-06-09T12:00:00Z,7,25°C,0x715ee73ffee65801adb9f51098cf61a14fb4262ae2b20eeb1d68528bdde59c41,93683348120137447419301462197228170067558545967622008841151707439369216600718,YES,depth_imbalance_5,book,wall_300s,wall_clock_seconds,300,last_24h,190773,0.22609486004280252,0.6055510716527666,0.2985799877341133,300.463
highest-temperature-in-shanghai-on-june-9-2026,Highest temperature in Shanghai on June 9?,2026-06-07T04:34:03Z,2026-06-09T12:00:00Z,7,25°C,0x715ee73ffee65801adb9f51098cf61a14fb4262ae2b20eeb1d68528bdde59c41,93683348120137447419301462197228170067558545967622008841151707439369216600718,YES,depth_imbalance_5,book,wall_300s,wall_clock_seconds,300,last_6h,52739,0.1846416640871462,0.5460332181097716,0.10040008342971994,300.237
highest-temperature-in-shanghai-on-june-9-2026,Highest temperature in Shanghai on June 9?,2026-06-07T04:34:03Z,2026-06-09T12:00:00Z,7,25°C,0x715ee73ffee65801adb9f51098cf61a14fb4262ae2b20eeb1d68528bdde59c41,93683348120137447419301462197228170067558545967622008841151707439369216600718,YES,microprice_minus_mid,book,wall_300s,wall_clock_seconds,300,early_gt_24h,81285,0.18112905015153985,0.5819601040763226,0.5886448914313834,302.668
highest-temperature-in-shanghai-on-june-9-2026,Highest temperature in Shanghai on June 9?,2026-06-07T04:34:03Z,2026-06-09T12:00:00Z,7,25°C,0x715ee73ffee65801adb9f51098cf61a14fb4262ae2b20eeb1d68528bdde59c41,93683348120137447419301462197228170067558545967622008841151707439369216600718,YES,microprice_minus_mid,book,wall_300s,wall_clock_seconds,300,last_24h,190773,0.18806426982980287,0.5914940364092907,0.2985799877341133,300.463
highest-temperature-in-shanghai-on-june-9-2026,Highest temperature in Shanghai on June 9?,2026-06-07T04:34:03Z,2026-06-09T12:00:00Z,7,25°C,0x715ee73ffee65801adb9f51098cf61a14fb4262ae2b20eeb1d68528bdde59c41,93683348120137447419301462197228170067558545967622008841151707439369216600718,YES,microprice_minus_mid,book,wall_300s,wall_clock_seconds,300,last_6h,52739,0.02140957018817717,0.5364218868560829,0.10040008342971994,300.237
highest-temperature-in-shanghai-on-june-9-2026,Highest temperature in Shanghai on June 9?,2026-06-07T04:34:03Z,2026-06-09T12:00:00Z,7,25°C,0x715ee73ffee65801adb9f51098cf61a14fb4262ae2b20eeb1d68528bdde59c41,93683348120137447419301462197228170067558545967622008841151707439369216600718,YES,ofi_30s,flow_clock_sensitive,wall_300s,wall_clock_seconds,300,early_gt_24h,81285,0.12885336426476976,0.5437987857762359,0.5886448914313834,302.668
highest-temperature-in-shanghai-on-june-9-2026,Highest temperature in Shanghai on June 9?,2026-06-07T04:34:03Z,2026-06-09T12:00:00Z,7,25°C,0x715ee73ffee65801adb9f51098cf61a14fb4262ae2b20eeb1d68528bdde59c41,93683348120137447419301462197228170067558545967622008841151707439369216600718,YES,ofi_30s,flow_clock_sensitive,wall_300s,wall_clock_seconds,300,last_24h,190773,0.11358915917311369,0.5338235733715959,0.2985799877341133,300.463
highest-temperature-in-shanghai-on-june-9-2026,Highest temperature in Shanghai on June 9?,2026-06-07T04:34:03Z,2026-06-09T12:00:00Z,7,25°C,0x715ee73ffee65801adb9f51098cf61a14fb4262ae2b20eeb1d68528bdde59c41,93683348120137447419301462197228170067558545967622008841151707439369216600718,YES,ofi_30s,flow_clock_sensitive,wall_300s,wall_clock_seconds,300,last_6h,52739,0.23600666564634154,0.5754363038529635,0.10040008342971994,300.237
highest-temperature-in-shanghai-on-june-9-2026,Highest temperature in Shanghai on June 9?,2026-06-07T04:34:03Z,2026-06-09T12:00:00Z,7,25°C,0x715ee73ffee65801adb9f51098cf61a14fb4262ae2b20eeb1d68528bdde59c41,93683348120137447419301462197228170067558545967622008841151707439369216600718,YES,trade_pressure_30s,flow_clock_sensitive,wall_300s,wall_clock_seconds,300,early_gt_24h,81285,0.0070675343901294785,0.34775847115470887,0.5886448914313834,302.668
highest-temperature-in-shanghai-on-june-9-2026,Highest temperature in Shanghai on June 9?,2026-06-07T04:34:03Z,2026-06-09T12:00:00Z,7,25°C,0x715ee73ffee65801adb9f51098cf61a14fb4262ae2b20eeb1d68528bdde59c41,93683348120137447419301462197228170067558545967622008841151707439369216600718,YES,trade_pressure_30s,flow_clock_sensitive,wall_300s,wall_clock_seconds,300,last_24h,190773,0.08562823880304177,0.5439571936747079,0.2985799877341133,300.463
highest-temperature-in-shanghai-on-june-9-2026,Highest temperature in Shanghai on June 9?,2026-06-07T04:34:03Z,2026-06-09T12:00:00Z,7,25°C,0x715ee73ffee65801adb9f51098cf61a14fb4262ae2b20eeb1d68528bdde59c41,93683348120137447419301462197228170067558545967622008841151707439369216600718,YES,trade_pressure_30s,flow_clock_sensitive,wall_300s,wall_clock_seconds,300,last_6h,52739,0.02512951276744774,0.4757608970575837,0.10040008342971994,300.237
highest-temperature-in-shanghai-on-june-9-2026,Highest temperature in Shanghai on June 9?,2026-06-07T04:34:03Z,2026-06-09T12:00:00Z,7,25°C,0x715ee73ffee65801adb9f51098cf61a14fb4262ae2b20eeb1d68528bdde59c41,93683348120137447419301462197228170067558545967622008841151707439369216600718,YES,depth_imbalance_1,book,wall_900s,wall_clock_seconds,900,early_gt_24h,81282,0.14522316042408956,0.5881970058581037,0.4896656086218351,903.0995
highest-temperature-in-shanghai-on-june-9-2026,Highest temperature in Shanghai on June 9?,2026-06-07T04:34:03Z,2026-06-09T12:00:00Z,7,25°C,0x715ee73ffee65801adb9f51098cf61a14fb4262ae2b20eeb1d68528bdde59c41,93683348120137447419301462197228170067558545967622008841151707439369216600718,YES,depth_imbalance_1,book,wall_900s,wall_clock_seconds,900,last_24h,191368,0.19282590687092274,0.6048183995456903,0.1534425818318632,900.468
highest-temperature-in-shanghai-on-june-9-2026,Highest temperature in Shanghai on June 9?,2026-06-07T04:34:03Z,2026-06-09T12:00:00Z,7,25°C,0x715ee73ffee65801adb9f51098cf61a14fb4262ae2b20eeb1d68528bdde59c41,93683348120137447419301462197228170067558545967622008841151707439369216600718,YES,depth_imbalance_1,book,wall_900s,wall_clock_seconds,900,last_6h,52638,0.19740260809661547,0.5726002192295647,0.02944640753828033,900.279
highest-temperature-in-shanghai-on-june-9-2026,Highest temperature in Shanghai on June 9?,2026-06-07T04:34:03Z,2026-06-09T12:00:00Z,7,25°C,0x715ee73ffee65801adb9f51098cf61a14fb4262ae2b20eeb1d68528bdde59c41,93683348120137447419301462197228170067558545967622008841151707439369216600718,YES,depth_imbalance_3,book,wall_900s,wall_clock_seconds,900,early_gt_24h,81282,0.24985093009892828,0.6032641450302548,0.4896656086218351,903.0995
highest-temperature-in-shanghai-on-june-9-2026,Highest temperature in Shanghai on June 9?,2026-06-07T04:34:03Z,2026-06-09T12:00:00Z,7,25°C,0x715ee73ffee65801adb9f51098cf61a14fb4262ae2b20eeb1d68528bdde59c41,93683348120137447419301462197228170067558545967622008841151707439369216600718,YES,depth_imbalance_3,book,wall_900s,wall_clock_seconds,900,last_24h,191368,0.2570964179852623,0.6018555097405003,0.1534425818318632,900.468
highest-temperature-in-shanghai-on-june-9-2026,Highest temperature in Shanghai on June 9?,2026-06-07T04:34:03Z,2026-06-09T12:00:00Z,7,25°C,0x715ee73ffee65801adb9f51098cf61a14fb4262ae2b20eeb1d68528bdde59c41,93683348120137447419301462197228170067558545967622008841151707439369216600718,YES,depth_imbalance_3,book,wall_900s,wall_clock_seconds,900,last_6h,52638,0.11512713310808186,0.544668023802067,0.02944640753828033,900.279
highest-temperature-in-shanghai-on-june-9-2026,Highest temperature in Shanghai on June 9?,2026-06-07T04:34:03Z,2026-06-09T12:00:00Z,7,25°C,0x715ee73ffee65801adb9f51098cf61a14fb4262ae2b20eeb1d68528bdde59c41,93683348120137447419301462197228170067558545967622008841151707439369216600718,YES,depth_imbalance_5,book,wall_900s,wall_clock_seconds,900,early_gt_24h,81282,0.21870321528993752,0.5933077794652973,0.4896656086218351,903.0995
highest-temperature-in-shanghai-on-june-9-2026,Highest temperature in Shanghai on June 9?,2026-06-07T04:34:03Z,2026-06-09T12:00:00Z,7,25°C,0x715ee73ffee65801adb9f51098cf61a14fb4262ae2b20eeb1d68528bdde59c41,93683348120137447419301462197228170067558545967622008841151707439369216600718,YES,depth_imbalance_5,book,wall_900s,wall_clock_seconds,900,last_24h,191368,0.36254520710762994,0.6702797461791067,0.1534425818318632,900.468
highest-temperature-in-shanghai-on-june-9-2026,Highest temperature in Shanghai on June 9?,2026-06-07T04:34:03Z,2026-06-09T12:00:00Z,7,25°C,0x715ee73ffee65801adb9f51098cf61a14fb4262ae2b20eeb1d68528bdde59c41,93683348120137447419301462197228170067558545967622008841151707439369216600718,YES,depth_imbalance_5,book,wall_900s,wall_clock_seconds,900,last_6h,52638,-0.05260941754032021,0.43378092702787346,0.02944640753828033,900.279
highest-temperature-in-shanghai-on-june-9-2026,Highest temperature in Shanghai on June 9?,2026-06-07T04:34:03Z,2026-06-09T12:00:00Z,7,25°C,0x715ee73ffee65801adb9f51098cf61a14fb4262ae2b20eeb1d68528bdde59c41,93683348120137447419301462197228170067558545967622008841151707439369216600718,YES,microprice_minus_mid,book,wall_900s,wall_clock_seconds,900,early_gt_24h,81282,0.16708032966154404,0.5641136906053373,0.4896656086218351,903.0995
highest-temperature-in-shanghai-on-june-9-2026,Highest temperature in Shanghai on June 9?,2026-06-07T04:34:03Z,2026-06-09T12:00:00Z,7,25°C,0x715ee73ffee65801adb9f51098cf61a14fb4262ae2b20eeb1d68528bdde59c41,93683348120137447419301462197228170067558545967622008841151707439369216600718,YES,microprice_minus_mid,book,wall_900s,wall_clock_seconds,900,last_24h,191368,0.21106004132326228,0.601590084195452,0.1534425818318632,900.468
highest-temperature-in-shanghai-on-june-9-2026,Highest temperature in Shanghai on June 9?,2026-06-07T04:34:03Z,2026-06-09T12:00:00Z,7,25°C,0x715ee73ffee65801adb9f51098cf61a14fb4262ae2b20eeb1d68528bdde59c41,93683348120137447419301462197228170067558545967622008841151707439369216600718,YES,microprice_minus_mid,book,wall_900s,wall_clock_seconds,900,last_6h,52638,-0.025594329054106718,0.534606952709051,0.02944640753828033,900.279
highest-temperature-in-shanghai-on-june-9-2026,Highest temperature in Shanghai on June 9?,2026-06-07T04:34:03Z,2026-06-09T12:00:00Z,7,25°C,0x715ee73ffee65801adb9f51098cf61a14fb4262ae2b20eeb1d68528bdde59c41,93683348120137447419301462197228170067558545967622008841151707439369216600718,YES,ofi_30s,flow_clock_sensitive,wall_900s,wall_clock_seconds,900,early_gt_24h,81282,0.15556787359681465,0.5507340710204672,0.4896656086218351,903.0995
highest-temperature-in-shanghai-on-june-9-2026,Highest temperature in Shanghai on June 9?,2026-06-07T04:34:03Z,2026-06-09T12:00:00Z,7,25°C,0x715ee73ffee65801adb9f51098cf61a14fb4262ae2b20eeb1d68528bdde59c41,93683348120137447419301462197228170067558545967622008841151707439369216600718,YES,ofi_30s,flow_clock_sensitive,wall_900s,wall_clock_seconds,900,last_24h,191368,0.0005039905152436326,0.5004012246611195,0.1534425818318632,900.468
highest-temperature-in-shanghai-on-june-9-2026,Highest temperature in Shanghai on June 9?,2026-06-07T04:34:03Z,2026-06-09T12:00:00Z,7,25°C,0x715ee73ffee65801adb9f51098cf61a14fb4262ae2b20eeb1d68528bdde59c41,93683348120137447419301462197228170067558545967622008841151707439369216600718,YES,ofi_30s,flow_clock_sensitive,wall_900s,wall_clock_seconds,900,last_6h,52638,0.3141640714973551,0.574851237081115,0.02944640753828033,900.279
highest-temperature-in-shanghai-on-june-9-2026,Highest temperature in Shanghai on June 9?,2026-06-07T04:34:03Z,2026-06-09T12:00:00Z,7,25°C,0x715ee73ffee65801adb9f51098cf61a14fb4262ae2b20eeb1d68528bdde59c41,93683348120137447419301462197228170067558545967622008841151707439369216600718,YES,trade_pressure_30s,flow_clock_sensitive,wall_900s,wall_clock_seconds,900,early_gt_24h,81282,-0.05066015846495482,0.3359610424049565,0.4896656086218351,903.0995
highest-temperature-in-shanghai-on-june-9-2026,Highest temperature in Shanghai on June 9?,2026-06-07T04:34:03Z,2026-06-09T12:00:00Z,7,25°C,0x715ee73ffee65801adb9f51098cf61a14fb4262ae2b20eeb1d68528bdde59c41,93683348120137447419301462197228170067558545967622008841151707439369216600718,YES,trade_pressure_30s,flow_clock_sensitive,wall_900s,wall_clock_seconds,900,last_24h,191368,0.02465826786594322,0.5015493444606306,0.1534425818318632,900.468
highest-temperature-in-shanghai-on-june-9-2026,Highest temperature in Shanghai on June 9?,2026-06-07T04:34:03Z,2026-06-09T12:00:00Z,7,25°C,0x715ee73ffee65801adb9f51098cf61a14fb4262ae2b20eeb1d68528bdde59c41,93683348120137447419301462197228170067558545967622008841151707439369216600718,YES,trade_pressure_30s,flow_clock_sensitive,wall_900s,wall_clock_seconds,900,last_6h,52638,-0.05220631955895883,0.3707328531161917,0.02944640753828033,900.279
highest-temperature-in-shanghai-on-june-9-2026,Highest temperature in Shanghai on June 9?,2026-06-07T04:34:03Z,2026-06-09T12:00:00Z,7,25°C,0x715ee73ffee65801adb9f51098cf61a14fb4262ae2b20eeb1d68528bdde59c41,93683348120137447419301462197228170067558545967622008841151707439369216600718,YES,depth_imbalance_1,book,valid_obs_10,valid_observation_steps,10,early_gt_24h,81298,0.05962611030556986,0.5562352012628256,0.8129843292577923,16.004
highest-temperature-in-shanghai-on-june-9-2026,Highest temperature in Shanghai on June 9?,2026-06-07T04:34:03Z,2026-06-09T12:00:00Z,7,25°C,0x715ee73ffee65801adb9f51098cf61a14fb4262ae2b20eeb1d68528bdde59c41,93683348120137447419301462197228170067558545967622008841151707439369216600718,YES,depth_imbalance_1,book,valid_obs_10,valid_observation_steps,10,last_24h,195049,0.11128902000854836,0.6062957937584803,0.811073114960856,4.286
highest-temperature-in-shanghai-on-june-9-2026,Highest temperature in Shanghai on June 9?,2026-06-07T04:34:03Z,2026-06-09T12:00:00Z,7,25°C,0x715ee73ffee65801adb9f51098cf61a14fb4262ae2b20eeb1d68528bdde59c41,93683348120137447419301462197228170067558545967622008841151707439369216600718,YES,depth_imbalance_1,book,valid_obs_10,valid_observation_steps,10,last_6h,52759,0.13947198978146366,0.5848168140576547,0.669933091984306,3.107
highest-temperature-in-shanghai-on-june-9-2026,Highest temperature in Shanghai on June 9?,2026-06-07T04:34:03Z,2026-06-09T12:00:00Z,7,25°C,0x715ee73ffee65801adb9f51098cf61a14fb4262ae2b20eeb1d68528bdde59c41,93683348120137447419301462197228170067558545967622008841151707439369216600718,YES,depth_imbalance_3,book,valid_obs_10,valid_observation_steps,10,early_gt_24h,81298,0.048083643621032054,0.5496579847408577,0.8129843292577923,16.004
highest-temperature-in-shanghai-on-june-9-2026,Highest temperature in Shanghai on June 9?,2026-06-07T04:34:03Z,2026-06-09T12:00:00Z,7,25°C,0x715ee73ffee65801adb9f51098cf61a14fb4262ae2b20eeb1d68528bdde59c41,93683348120137447419301462197228170067558545967622008841151707439369216600718,YES,depth_imbalance_3,book,valid_obs_10,valid_observation_steps,10,last_24h,195049,0.07852391846517297,0.5678697421981004,0.811073114960856,4.286
highest-temperature-in-shanghai-on-june-9-2026,Highest temperature in Shanghai on June 9?,2026-06-07T04:34:03Z,2026-06-09T12:00:00Z,7,25°C,0x715ee73ffee65801adb9f51098cf61a14fb4262ae2b20eeb1d68528bdde59c41,93683348120137447419301462197228170067558545967622008841151707439369216600718,YES,depth_imbalance_3,book,valid_obs_10,valid_observation_steps,10,last_6h,52759,0.12482479454502807,0.5903870449063972,0.669933091984306,3.107
highest-temperature-in-shanghai-on-june-9-2026,Highest temperature in Shanghai on June 9?,2026-06-07T04:34:03Z,2026-06-09T12:00:00Z,7,25°C,0x715ee73ffee65801adb9f51098cf61a14fb4262ae2b20eeb1d68528bdde59c41,93683348120137447419301462197228170067558545967622008841151707439369216600718,YES,depth_imbalance_5,book,valid_obs_10,valid_observation_steps,10,early_gt_24h,81298,0.04185018805655741,0.5295974743488555,0.8129843292577923,16.004
highest-temperature-in-shanghai-on-june-9-2026,Highest temperature in Shanghai on June 9?,2026-06-07T04:34:03Z,2026-06-09T12:00:00Z,7,25°C,0x715ee73ffee65801adb9f51098cf61a14fb4262ae2b20eeb1d68528bdde59c41,93683348120137447419301462197228170067558545967622008841151707439369216600718,YES,depth_imbalance_5,book,valid_obs_10,valid_observation_steps,10,last_24h,195049,0.05111017861456895,0.5466214382632293,0.811073114960856,4.286
highest-temperature-in-shanghai-on-june-9-2026,Highest temperature in Shanghai on June 9?,2026-06-07T04:34:03Z,2026-06-09T12:00:00Z,7,25°C,0x715ee73ffee65801adb9f51098cf61a14fb4262ae2b20eeb1d68528bdde59c41,93683348120137447419301462197228170067558545967622008841151707439369216600718,YES,depth_imbalance_5,book,valid_obs_10,valid_observation_steps,10,last_6h,52759,0.08580640360323549,0.5422074193177903,0.669933091984306,3.107
highest-temperature-in-shanghai-on-june-9-2026,Highest temperature in Shanghai on June 9?,2026-06-07T04:34:03Z,2026-06-09T12:00:00Z,7,25°C,0x715ee73ffee65801adb9f51098cf61a14fb4262ae2b20eeb1d68528bdde59c41,93683348120137447419301462197228170067558545967622008841151707439369216600718,YES,microprice_minus_mid,book,valid_obs_10,valid_observation_steps,10,early_gt_24h,81298,0.10562865903062686,0.5926729807945278,0.8129843292577923,16.004
highest-temperature-in-shanghai-on-june-9-2026,Highest temperature in Shanghai on June 9?,2026-06-07T04:34:03Z,2026-06-09T12:00:00Z,7,25°C,0x715ee73ffee65801adb9f51098cf61a14fb4262ae2b20eeb1d68528bdde59c41,93683348120137447419301462197228170067558545967622008841151707439369216600718,YES,microprice_minus_mid,book,valid_obs_10,valid_observation_steps,10,last_24h,195049,0.11862278692963754,0.6051017639077341,0.811073114960856,4.286
highest-temperature-in-shanghai-on-june-9-2026,Highest temperature in Shanghai on June 9?,2026-06-07T04:34:03Z,2026-06-09T12:00:00Z,7,25°C,0x715ee73ffee65801adb9f51098cf61a14fb4262ae2b20eeb1d68528bdde59c41,93683348120137447419301462197228170067558545967622008841151707439369216600718,YES,microprice_minus_mid,book,valid_obs_10,valid_observation_steps,10,last_6h,52759,0.05077413158963325,0.5191799701389687,0.669933091984306,3.107
highest-temperature-in-shanghai-on-june-9-2026,Highest temperature in Shanghai on June 9?,2026-06-07T04:34:03Z,2026-06-09T12:00:00Z,7,25°C,0x715ee73ffee65801adb9f51098cf61a14fb4262ae2b20eeb1d68528bdde59c41,93683348120137447419301462197228170067558545967622008841151707439369216600718,YES,ofi_30s,flow_clock_sensitive,valid_obs_10,valid_observation_steps,10,early_gt_24h,81298,0.015851299532913025,0.5004604051565378,0.8129843292577923,16.004
highest-temperature-in-shanghai-on-june-9-2026,Highest temperature in Shanghai on June 9?,2026-06-07T04:34:03Z,2026-06-09T12:00:00Z,7,25°C,0x715ee73ffee65801adb9f51098cf61a14fb4262ae2b20eeb1d68528bdde59c41,93683348120137447419301462197228170067558545967622008841151707439369216600718,YES,ofi_30s,flow_clock_sensitive,valid_obs_10,valid_observation_steps,10,last_24h,195049,0.014327514548521799,0.5145997286295794,0.811073114960856,4.286
highest-temperature-in-shanghai-on-june-9-2026,Highest temperature in Shanghai on June 9?,2026-06-07T04:34:03Z,2026-06-09T12:00:00Z,7,25°C,0x715ee73ffee65801adb9f51098cf61a14fb4262ae2b20eeb1d68528bdde59c41,93683348120137447419301462197228170067558545967622008841151707439369216600718,YES,ofi_30s,flow_clock_sensitive,valid_obs_10,valid_observation_steps,10,last_6h,52759,0.2770251264425661,0.6551050878603423,0.669933091984306,3.107
highest-temperature-in-shanghai-on-june-9-2026,Highest temperature in Shanghai on June 9?,2026-06-07T04:34:03Z,2026-06-09T12:00:00Z,7,25°C,0x715ee73ffee65801adb9f51098cf61a14fb4262ae2b20eeb1d68528bdde59c41,93683348120137447419301462197228170067558545967622008841151707439369216600718,YES,trade_pressure_30s,flow_clock_sensitive,valid_obs_10,valid_observation_steps,10,early_gt_24h,81298,0.014920755342218317,0.46757432254669823,0.8129843292577923,16.004
highest-temperature-in-shanghai-on-june-9-2026,Highest temperature in Shanghai on June 9?,2026-06-07T04:34:03Z,2026-06-09T12:00:00Z,7,25°C,0x715ee73ffee65801adb9f51098cf61a14fb4262ae2b20eeb1d68528bdde59c41,93683348120137447419301462197228170067558545967622008841151707439369216600718,YES,trade_pressure_30s,flow_clock_sensitive,valid_obs_10,valid_observation_steps,10,last_24h,195049,0.05223516866677416,0.5278154681139756,0.811073114960856,4.286
highest-temperature-in-shanghai-on-june-9-2026,Highest temperature in Shanghai on June 9?,2026-06-07T04:34:03Z,2026-06-09T12:00:00Z,7,25°C,0x715ee73ffee65801adb9f51098cf61a14fb4262ae2b20eeb1d68528bdde59c41,93683348120137447419301462197228170067558545967622008841151707439369216600718,YES,trade_pressure_30s,flow_clock_sensitive,valid_obs_10,valid_observation_steps,10,last_6h,52759,-0.05271291067848894,0.40105662110945217,0.669933091984306,3.107
highest-temperature-in-shanghai-on-june-9-2026,Highest temperature in Shanghai on June 9?,2026-06-07T04:34:03Z,2026-06-09T12:00:00Z,7,25°C,0x715ee73ffee65801adb9f51098cf61a14fb4262ae2b20eeb1d68528bdde59c41,93683348120137447419301462197228170067558545967622008841151707439369216600718,YES,depth_imbalance_1,book,valid_obs_50,valid_observation_steps,50,early_gt_24h,81298,0.09261870153044577,0.5662702448947656,0.6855765209476248,105.12950000000001
highest-temperature-in-shanghai-on-june-9-2026,Highest temperature in Shanghai on June 9?,2026-06-07T04:34:03Z,2026-06-09T12:00:00Z,7,25°C,0x715ee73ffee65801adb9f51098cf61a14fb4262ae2b20eeb1d68528bdde59c41,93683348120137447419301462197228170067558545967622008841151707439369216600718,YES,depth_imbalance_1,book,valid_obs_50,valid_observation_steps,50,last_24h,195049,0.153349992783477,0.5992787856763481,0.633189608764977,24.952
highest-temperature-in-shanghai-on-june-9-2026,Highest temperature in Shanghai on June 9?,2026-06-07T04:34:03Z,2026-06-09T12:00:00Z,7,25°C,0x715ee73ffee65801adb9f51098cf61a14fb4262ae2b20eeb1d68528bdde59c41,93683348120137447419301462197228170067558545967622008841151707439369216600718,YES,depth_imbalance_1,book,valid_obs_50,valid_observation_steps,50,last_6h,52698,0.16432372569988324,0.5861401748602552,0.47041633458575277,17.552
highest-temperature-in-shanghai-on-june-9-2026,Highest temperature in Shanghai on June 9?,2026-06-07T04:34:03Z,2026-06-09T12:00:00Z,7,25°C,0x715ee73ffee65801adb9f51098cf61a14fb4262ae2b20eeb1d68528bdde59c41,93683348120137447419301462197228170067558545967622008841151707439369216600718,YES,depth_imbalance_3,book,valid_obs_50,valid_observation_steps,50,early_gt_24h,81298,0.09791066289268269,0.5607542445818011,0.6855765209476248,105.12950000000001
highest-temperature-in-shanghai-on-june-9-2026,Highest temperature in Shanghai on June 9?,2026-06-07T04:34:03Z,2026-06-09T12:00:00Z,7,25°C,0x715ee73ffee65801adb9f51098cf61a14fb4262ae2b20eeb1d68528bdde59c41,93683348120137447419301462197228170067558545967622008841151707439369216600718,YES,depth_imbalance_3,book,valid_obs_50,valid_observation_steps,50,last_24h,195049,0.11167911889197264,0.5689626254437704,0.633189608764977,24.952
highest-temperature-in-shanghai-on-june-9-2026,Highest temperature in Shanghai on June 9?,2026-06-07T04:34:03Z,2026-06-09T12:00:00Z,7,25°C,0x715ee73ffee65801adb9f51098cf61a14fb4262ae2b20eeb1d68528bdde59c41,93683348120137447419301462197228170067558545967622008841151707439369216600718,YES,depth_imbalance_3,book,valid_obs_50,valid_observation_steps,50,last_6h,52698,0.1596636972229179,0.5991471979360756,0.47041633458575277,17.552
highest-temperature-in-shanghai-on-june-9-2026,Highest temperature in Shanghai on June 9?,2026-06-07T04:34:03Z,2026-06-09T12:00:00Z,7,25°C,0x715ee73ffee65801adb9f51098cf61a14fb4262ae2b20eeb1d68528bdde59c41,93683348120137447419301462197228170067558545967622008841151707439369216600718,YES,depth_imbalance_5,book,valid_obs_50,valid_observation_steps,50,early_gt_24h,81298,0.0748623545465215,0.5382207964947969,0.6855765209476248,105.12950000000001
highest-temperature-in-shanghai-on-june-9-2026,Highest temperature in Shanghai on June 9?,2026-06-07T04:34:03Z,2026-06-09T12:00:00Z,7,25°C,0x715ee73ffee65801adb9f51098cf61a14fb4262ae2b20eeb1d68528bdde59c41,93683348120137447419301462197228170067558545967622008841151707439369216600718,YES,depth_imbalance_5,book,valid_obs_50,valid_observation_steps,50,last_24h,195049,0.07724559036284809,0.5448662399016018,0.633189608764977,24.952
highest-temperature-in-shanghai-on-june-9-2026,Highest temperature in Shanghai on June 9?,2026-06-07T04:34:03Z,2026-06-09T12:00:00Z,7,25°C,0x715ee73ffee65801adb9f51098cf61a14fb4262ae2b20eeb1d68528bdde59c41,93683348120137447419301462197228170067558545967622008841151707439369216600718,YES,depth_imbalance_5,book,valid_obs_50,valid_observation_steps,50,last_6h,52698,0.10471233455220202,0.540490182026659,0.47041633458575277,17.552
highest-temperature-in-shanghai-on-june-9-2026,Highest temperature in Shanghai on June 9?,2026-06-07T04:34:03Z,2026-06-09T12:00:00Z,7,25°C,0x715ee73ffee65801adb9f51098cf61a14fb4262ae2b20eeb1d68528bdde59c41,93683348120137447419301462197228170067558545967622008841151707439369216600718,YES,microprice_minus_mid,book,valid_obs_50,valid_observation_steps,50,early_gt_24h,81298,0.15432841078184728,0.6044128002503717,0.6855765209476248,105.12950000000001
highest-temperature-in-shanghai-on-june-9-2026,Highest temperature in Shanghai on June 9?,2026-06-07T04:34:03Z,2026-06-09T12:00:00Z,7,25°C,0x715ee73ffee65801adb9f51098cf61a14fb4262ae2b20eeb1d68528bdde59c41,93683348120137447419301462197228170067558545967622008841151707439369216600718,YES,microprice_minus_mid,book,valid_obs_50,valid_observation_steps,50,last_24h,195049,0.1549323670736381,0.5986498196964191,0.633189608764977,24.952
highest-temperature-in-shanghai-on-june-9-2026,Highest temperature in Shanghai on June 9?,2026-06-07T04:34:03Z,2026-06-09T12:00:00Z,7,25°C,0x715ee73ffee65801adb9f51098cf61a14fb4262ae2b20eeb1d68528bdde59c41,93683348120137447419301462197228170067558545967622008841151707439369216600718,YES,microprice_minus_mid,book,valid_obs_50,valid_observation_steps,50,last_6h,52698,0.06069692819452292,0.5329296259137165,0.47041633458575277,17.552
highest-temperature-in-shanghai-on-june-9-2026,Highest temperature in Shanghai on June 9?,2026-06-07T04:34:03Z,2026-06-09T12:00:00Z,7,25°C,0x715ee73ffee65801adb9f51098cf61a14fb4262ae2b20eeb1d68528bdde59c41,93683348120137447419301462197228170067558545967622008841151707439369216600718,YES,ofi_30s,flow_clock_sensitive,valid_obs_50,valid_observation_steps,50,early_gt_24h,81298,0.049441731137327964,0.5132227525232768,0.6855765209476248,105.12950000000001
highest-temperature-in-shanghai-on-june-9-2026,Highest temperature in Shanghai on June 9?,2026-06-07T04:34:03Z,2026-06-09T12:00:00Z,7,25°C,0x715ee73ffee65801adb9f51098cf61a14fb4262ae2b20eeb1d68528bdde59c41,93683348120137447419301462197228170067558545967622008841151707439369216600718,YES,ofi_30s,flow_clock_sensitive,valid_obs_50,valid_observation_steps,50,last_24h,195049,0.02234676379562892,0.5193162440947083,0.633189608764977,24.952
highest-temperature-in-shanghai-on-june-9-2026,Highest temperature in Shanghai on June 9?,2026-06-07T04:34:03Z,2026-06-09T12:00:00Z,7,25°C,0x715ee73ffee65801adb9f51098cf61a14fb4262ae2b20eeb1d68528bdde59c41,93683348120137447419301462197228170067558545967622008841151707439369216600718,YES,ofi_30s,flow_clock_sensitive,valid_obs_50,valid_observation_steps,50,last_6h,52698,0.2616407561326859,0.6119033968754479,0.47041633458575277,17.552
highest-temperature-in-shanghai-on-june-9-2026,Highest temperature in Shanghai on June 9?,2026-06-07T04:34:03Z,2026-06-09T12:00:00Z,7,25°C,0x715ee73ffee65801adb9f51098cf61a14fb4262ae2b20eeb1d68528bdde59c41,93683348120137447419301462197228170067558545967622008841151707439369216600718,YES,trade_pressure_30s,flow_clock_sensitive,valid_obs_50,valid_observation_steps,50,early_gt_24h,81298,0.008880434282286014,0.4572803380017213,0.6855765209476248,105.12950000000001
highest-temperature-in-shanghai-on-june-9-2026,Highest temperature in Shanghai on June 9?,2026-06-07T04:34:03Z,2026-06-09T12:00:00Z,7,25°C,0x715ee73ffee65801adb9f51098cf61a14fb4262ae2b20eeb1d68528bdde59c41,93683348120137447419301462197228170067558545967622008841151707439369216600718,YES,trade_pressure_30s,flow_clock_sensitive,valid_obs_50,valid_observation_steps,50,last_24h,195049,0.10604504621011462,0.5497302434797193,0.633189608764977,24.952
highest-temperature-in-shanghai-on-june-9-2026,Highest temperature in Shanghai on June 9?,2026-06-07T04:34:03Z,2026-06-09T12:00:00Z,7,25°C,0x715ee73ffee65801adb9f51098cf61a14fb4262ae2b20eeb1d68528bdde59c41,93683348120137447419301462197228170067558545967622008841151707439369216600718,YES,trade_pressure_30s,flow_clock_sensitive,valid_obs_50,valid_observation_steps,50,last_6h,52698,-0.012205006270804028,0.43510821269886774,0.47041633458575277,17.552
highest-temperature-in-shanghai-on-june-9-2026,Highest temperature in Shanghai on June 9?,2026-06-07T04:34:03Z,2026-06-09T12:00:00Z,7,25°C,0x715ee73ffee65801adb9f51098cf61a14fb4262ae2b20eeb1d68528bdde59c41,93683348120137447419301462197228170067558545967622008841151707439369216600718,YES,depth_imbalance_1,book,valid_obs_200,valid_observation_steps,200,early_gt_24h,81298,0.11978984434092552,0.5693842038282731,0.5263967133262811,506.852
highest-temperature-in-shanghai-on-june-9-2026,Highest temperature in Shanghai on June 9?,2026-06-07T04:34:03Z,2026-06-09T12:00:00Z,7,25°C,0x715ee73ffee65801adb9f51098cf61a14fb4262ae2b20eeb1d68528bdde59c41,93683348120137447419301462197228170067558545967622008841151707439369216600718,YES,depth_imbalance_1,book,valid_obs_200,valid_observation_steps,200,last_24h,195049,0.1706186946520654,0.5900408276004937,0.40603130495413975,108.619
highest-temperature-in-shanghai-on-june-9-2026,Highest temperature in Shanghai on June 9?,2026-06-07T04:34:03Z,2026-06-09T12:00:00Z,7,25°C,0x715ee73ffee65801adb9f51098cf61a14fb4262ae2b20eeb1d68528bdde59c41,93683348120137447419301462197228170067558545967622008841151707439369216600718,YES,depth_imbalance_1,book,valid_obs_200,valid_observation_steps,200,last_6h,52485,0.12707617386595996,0.5515137821961139,0.24104029722777937,75.52
highest-temperature-in-shanghai-on-june-9-2026,Highest temperature in Shanghai on June 9?,2026-06-07T04:34:03Z,2026-06-09T12:00:00Z,7,25°C,0x715ee73ffee65801adb9f51098cf61a14fb4262ae2b20eeb1d68528bdde59c41,93683348120137447419301462197228170067558545967622008841151707439369216600718,YES,depth_imbalance_3,book,valid_obs_200,valid_observation_steps,200,early_gt_24h,81298,0.1590539165281362,0.5602160870581513,0.5263967133262811,506.852
highest-temperature-in-shanghai-on-june-9-2026,Highest temperature in Shanghai on June 9?,2026-06-07T04:34:03Z,2026-06-09T12:00:00Z,7,25°C,0x715ee73ffee65801adb9f51098cf61a14fb4262ae2b20eeb1d68528bdde59c41,93683348120137447419301462197228170067558545967622008841151707439369216600718,YES,depth_imbalance_3,book,valid_obs_200,valid_observation_steps,200,last_24h,195049,0.1598780962860193,0.5778011790803863,0.40603130495413975,108.619
highest-temperature-in-shanghai-on-june-9-2026,Highest temperature in Shanghai on June 9?,2026-06-07T04:34:03Z,2026-06-09T12:00:00Z,7,25°C,0x715ee73ffee65801adb9f51098cf61a14fb4262ae2b20eeb1d68528bdde59c41,93683348120137447419301462197228170067558545967622008841151707439369216600718,YES,depth_imbalance_3,book,valid_obs_200,valid_observation_steps,200,last_6h,52485,0.1347761376269783,0.5712205653461867,0.24104029722777937,75.52
highest-temperature-in-shanghai-on-june-9-2026,Highest temperature in Shanghai on June 9?,2026-06-07T04:34:03Z,2026-06-09T12:00:00Z,7,25°C,0x715ee73ffee65801adb9f51098cf61a14fb4262ae2b20eeb1d68528bdde59c41,93683348120137447419301462197228170067558545967622008841151707439369216600718,YES,depth_imbalance_5,book,valid_obs_200,valid_observation_steps,200,early_gt_24h,81298,0.08576588549104838,0.5200114276809599,0.5263967133262811,506.852
highest-temperature-in-shanghai-on-june-9-2026,Highest temperature in Shanghai on June 9?,2026-06-07T04:34:03Z,2026-06-09T12:00:00Z,7,25°C,0x715ee73ffee65801adb9f51098cf61a14fb4262ae2b20eeb1d68528bdde59c41,93683348120137447419301462197228170067558545967622008841151707439369216600718,YES,depth_imbalance_5,book,valid_obs_200,valid_observation_steps,200,last_24h,195049,0.12978046702663631,0.5668735380180056,0.40603130495413975,108.619
highest-temperature-in-shanghai-on-june-9-2026,Highest temperature in Shanghai on June 9?,2026-06-07T04:34:03Z,2026-06-09T12:00:00Z,7,25°C,0x715ee73ffee65801adb9f51098cf61a14fb4262ae2b20eeb1d68528bdde59c41,93683348120137447419301462197228170067558545967622008841151707439369216600718,YES,depth_imbalance_5,book,valid_obs_200,valid_observation_steps,200,last_6h,52485,0.11210982613061682,0.5341667921875785,0.24104029722777937,75.52
highest-temperature-in-shanghai-on-june-9-2026,Highest temperature in Shanghai on June 9?,2026-06-07T04:34:03Z,2026-06-09T12:00:00Z,7,25°C,0x715ee73ffee65801adb9f51098cf61a14fb4262ae2b20eeb1d68528bdde59c41,93683348120137447419301462197228170067558545967622008841151707439369216600718,YES,microprice_minus_mid,book,valid_obs_200,valid_observation_steps,200,early_gt_24h,81298,0.155743422111464,0.5778251045373087,0.5263967133262811,506.852
highest-temperature-in-shanghai-on-june-9-2026,Highest temperature in Shanghai on June 9?,2026-06-07T04:34:03Z,2026-06-09T12:00:00Z,7,25°C,0x715ee73ffee65801adb9f51098cf61a14fb4262ae2b20eeb1d68528bdde59c41,93683348120137447419301462197228170067558545967622008841151707439369216600718,YES,microprice_minus_mid,book,valid_obs_200,valid_observation_steps,200,last_24h,195049,0.1778838526467903,0.589350297359585,0.40603130495413975,108.619
highest-temperature-in-shanghai-on-june-9-2026,Highest temperature in Shanghai on June 9?,2026-06-07T04:34:03Z,2026-06-09T12:00:00Z,7,25°C,0x715ee73ffee65801adb9f51098cf61a14fb4262ae2b20eeb1d68528bdde59c41,93683348120137447419301462197228170067558545967622008841151707439369216600718,YES,microprice_minus_mid,book,valid_obs_200,valid_observation_steps,200,last_6h,52485,0.017009238461963887,0.5130039664608124,0.24104029722777937,75.52
highest-temperature-in-shanghai-on-june-9-2026,Highest temperature in Shanghai on June 9?,2026-06-07T04:34:03Z,2026-06-09T12:00:00Z,7,25°C,0x715ee73ffee65801adb9f51098cf61a14fb4262ae2b20eeb1d68528bdde59c41,93683348120137447419301462197228170067558545967622008841151707439369216600718,YES,ofi_30s,flow_clock_sensitive,valid_obs_200,valid_observation_steps,200,early_gt_24h,81298,0.10568641656753605,0.5393345973041062,0.5263967133262811,506.852
highest-temperature-in-shanghai-on-june-9-2026,Highest temperature in Shanghai on June 9?,2026-06-07T04:34:03Z,2026-06-09T12:00:00Z,7,25°C,0x715ee73ffee65801adb9f51098cf61a14fb4262ae2b20eeb1d68528bdde59c41,93683348120137447419301462197228170067558545967622008841151707439369216600718,YES,ofi_30s,flow_clock_sensitive,valid_obs_200,valid_observation_steps,200,last_24h,195049,0.06983412797984959,0.5353853590325671,0.40603130495413975,108.619
highest-temperature-in-shanghai-on-june-9-2026,Highest temperature in Shanghai on June 9?,2026-06-07T04:34:03Z,2026-06-09T12:00:00Z,7,25°C,0x715ee73ffee65801adb9f51098cf61a14fb4262ae2b20eeb1d68528bdde59c41,93683348120137447419301462197228170067558545967622008841151707439369216600718,YES,ofi_30s,flow_clock_sensitive,valid_obs_200,valid_observation_steps,200,last_6h,52485,0.23467578827727475,0.5655721243159111,0.24104029722777937,75.52
highest-temperature-in-shanghai-on-june-9-2026,Highest temperature in Shanghai on June 9?,2026-06-07T04:34:03Z,2026-06-09T12:00:00Z,7,25°C,0x715ee73ffee65801adb9f51098cf61a14fb4262ae2b20eeb1d68528bdde59c41,93683348120137447419301462197228170067558545967622008841151707439369216600718,YES,trade_pressure_30s,flow_clock_sensitive,valid_obs_200,valid_observation_steps,200,early_gt_24h,81298,0.002801137054777344,0.44004363296366517,0.5263967133262811,506.852
highest-temperature-in-shanghai-on-june-9-2026,Highest temperature in Shanghai on June 9?,2026-06-07T04:34:03Z,2026-06-09T12:00:00Z,7,25°C,0x715ee73ffee65801adb9f51098cf61a14fb4262ae2b20eeb1d68528bdde59c41,93683348120137447419301462197228170067558545967622008841151707439369216600718,YES,trade_pressure_30s,flow_clock_sensitive,valid_obs_200,valid_observation_steps,200,last_24h,195049,0.1451009582594883,0.561116242134429,0.40603130495413975,108.619
highest-temperature-in-shanghai-on-june-9-2026,Highest temperature in Shanghai on June 9?,2026-06-07T04:34:03Z,2026-06-09T12:00:00Z,7,25°C,0x715ee73ffee65801adb9f51098cf61a14fb4262ae2b20eeb1d68528bdde59c41,93683348120137447419301462197228170067558545967622008841151707439369216600718,YES,trade_pressure_30s,flow_clock_sensitive,valid_obs_200,valid_observation_steps,200,last_6h,52485,-0.04608344811930556,0.45601747251092034,0.24104029722777937,75.52
highest-temperature-in-shanghai-on-june-9-2026,Highest temperature in Shanghai on June 9?,2026-06-07T04:34:03Z,2026-06-09T12:00:00Z,8,26°C,0x2488923e3cccb1742f4a230dfe8d79f6add52e0807b81809f1cd1e33028d03c1,84036100857155819931728194506958678774155362425129625655151905448772883585970,YES,depth_imbalance_1,book,wall_60s,wall_clock_seconds,60,early_gt_24h,133777,0.12562891062233356,0.6291584812083347,0.7678898465356526,60.783
highest-temperature-in-shanghai-on-june-9-2026,Highest temperature in Shanghai on June 9?,2026-06-07T04:34:03Z,2026-06-09T12:00:00Z,8,26°C,0x2488923e3cccb1742f4a230dfe8d79f6add52e0807b81809f1cd1e33028d03c1,84036100857155819931728194506958678774155362425129625655151905448772883585970,YES,depth_imbalance_1,book,wall_60s,wall_clock_seconds,60,last_24h,153913,0.17667640279766875,0.6106916125837769,0.6325911391500393,60.43
highest-temperature-in-shanghai-on-june-9-2026,Highest temperature in Shanghai on June 9?,2026-06-07T04:34:03Z,2026-06-09T12:00:00Z,8,26°C,0x2488923e3cccb1742f4a230dfe8d79f6add52e0807b81809f1cd1e33028d03c1,84036100857155819931728194506958678774155362425129625655151905448772883585970,YES,depth_imbalance_1,book,wall_60s,wall_clock_seconds,60,last_6h,41816,0.04935602944353702,0.5348518683936281,0.19683853070594987,60.365
highest-temperature-in-shanghai-on-june-9-2026,Highest temperature in Shanghai on June 9?,2026-06-07T04:34:03Z,2026-06-09T12:00:00Z,8,26°C,0x2488923e3cccb1742f4a230dfe8d79f6add52e0807b81809f1cd1e33028d03c1,84036100857155819931728194506958678774155362425129625655151905448772883585970,YES,depth_imbalance_3,book,wall_60s,wall_clock_seconds,60,early_gt_24h,133777,0.1356247668080247,0.60426395285176,0.7678898465356526,60.783
highest-temperature-in-shanghai-on-june-9-2026,Highest temperature in Shanghai on June 9?,2026-06-07T04:34:03Z,2026-06-09T12:00:00Z,8,26°C,0x2488923e3cccb1742f4a230dfe8d79f6add52e0807b81809f1cd1e33028d03c1,84036100857155819931728194506958678774155362425129625655151905448772883585970,YES,depth_imbalance_3,book,wall_60s,wall_clock_seconds,60,last_24h,153913,0.10818566218234334,0.5625585795886607,0.6325911391500393,60.43
highest-temperature-in-shanghai-on-june-9-2026,Highest temperature in Shanghai on June 9?,2026-06-07T04:34:03Z,2026-06-09T12:00:00Z,8,26°C,0x2488923e3cccb1742f4a230dfe8d79f6add52e0807b81809f1cd1e33028d03c1,84036100857155819931728194506958678774155362425129625655151905448772883585970,YES,depth_imbalance_3,book,wall_60s,wall_clock_seconds,60,last_6h,41816,0.10743323454455594,0.5290754801250558,0.19683853070594987,60.365
highest-temperature-in-shanghai-on-june-9-2026,Highest temperature in Shanghai on June 9?,2026-06-07T04:34:03Z,2026-06-09T12:00:00Z,8,26°C,0x2488923e3cccb1742f4a230dfe8d79f6add52e0807b81809f1cd1e33028d03c1,84036100857155819931728194506958678774155362425129625655151905448772883585970,YES,depth_imbalance_5,book,wall_60s,wall_clock_seconds,60,early_gt_24h,133777,0.12766048429955518,0.612991530063444,0.7678898465356526,60.783
highest-temperature-in-shanghai-on-june-9-2026,Highest temperature in Shanghai on June 9?,2026-06-07T04:34:03Z,2026-06-09T12:00:00Z,8,26°C,0x2488923e3cccb1742f4a230dfe8d79f6add52e0807b81809f1cd1e33028d03c1,84036100857155819931728194506958678774155362425129625655151905448772883585970,YES,depth_imbalance_5,book,wall_60s,wall_clock_seconds,60,last_24h,153913,0.09403017013141332,0.5700012378645068,0.6325911391500393,60.43
highest-temperature-in-shanghai-on-june-9-2026,Highest temperature in Shanghai on June 9?,2026-06-07T04:34:03Z,2026-06-09T12:00:00Z,8,26°C,0x2488923e3cccb1742f4a230dfe8d79f6add52e0807b81809f1cd1e33028d03c1,84036100857155819931728194506958678774155362425129625655151905448772883585970,YES,depth_imbalance_5,book,wall_60s,wall_clock_seconds,60,last_6h,41816,0.09287184794422404,0.5350007443799315,0.19683853070594987,60.365
highest-temperature-in-shanghai-on-june-9-2026,Highest temperature in Shanghai on June 9?,2026-06-07T04:34:03Z,2026-06-09T12:00:00Z,8,26°C,0x2488923e3cccb1742f4a230dfe8d79f6add52e0807b81809f1cd1e33028d03c1,84036100857155819931728194506958678774155362425129625655151905448772883585970,YES,microprice_minus_mid,book,wall_60s,wall_clock_seconds,60,early_gt_24h,133777,0.11977501303635664,0.6271617661266948,0.7678898465356526,60.783
highest-temperature-in-shanghai-on-june-9-2026,Highest temperature in Shanghai on June 9?,2026-06-07T04:34:03Z,2026-06-09T12:00:00Z,8,26°C,0x2488923e3cccb1742f4a230dfe8d79f6add52e0807b81809f1cd1e33028d03c1,84036100857155819931728194506958678774155362425129625655151905448772883585970,YES,microprice_minus_mid,book,wall_60s,wall_clock_seconds,60,last_24h,153913,0.1320454779801445,0.5671895170560045,0.6325911391500393,60.43
highest-temperature-in-shanghai-on-june-9-2026,Highest temperature in Shanghai on June 9?,2026-06-07T04:34:03Z,2026-06-09T12:00:00Z,8,26°C,0x2488923e3cccb1742f4a230dfe8d79f6add52e0807b81809f1cd1e33028d03c1,84036100857155819931728194506958678774155362425129625655151905448772883585970,YES,microprice_minus_mid,book,wall_60s,wall_clock_seconds,60,last_6h,41816,0.02534706112928284,0.5112103617686468,0.19683853070594987,60.365
highest-temperature-in-shanghai-on-june-9-2026,Highest temperature in Shanghai on June 9?,2026-06-07T04:34:03Z,2026-06-09T12:00:00Z,8,26°C,0x2488923e3cccb1742f4a230dfe8d79f6add52e0807b81809f1cd1e33028d03c1,84036100857155819931728194506958678774155362425129625655151905448772883585970,YES,ofi_30s,flow_clock_sensitive,wall_60s,wall_clock_seconds,60,early_gt_24h,133777,-0.030306646762384995,0.4850085343467199,0.7678898465356526,60.783
highest-temperature-in-shanghai-on-june-9-2026,Highest temperature in Shanghai on June 9?,2026-06-07T04:34:03Z,2026-06-09T12:00:00Z,8,26°C,0x2488923e3cccb1742f4a230dfe8d79f6add52e0807b81809f1cd1e33028d03c1,84036100857155819931728194506958678774155362425129625655151905448772883585970,YES,ofi_30s,flow_clock_sensitive,wall_60s,wall_clock_seconds,60,last_24h,153913,-0.006911863223200349,0.4862331783055403,0.6325911391500393,60.43
highest-temperature-in-shanghai-on-june-9-2026,Highest temperature in Shanghai on June 9?,2026-06-07T04:34:03Z,2026-06-09T12:00:00Z,8,26°C,0x2488923e3cccb1742f4a230dfe8d79f6add52e0807b81809f1cd1e33028d03c1,84036100857155819931728194506958678774155362425129625655151905448772883585970,YES,ofi_30s,flow_clock_sensitive,wall_60s,wall_clock_seconds,60,last_6h,41816,-0.07782752459056788,0.499300282864374,0.19683853070594987,60.365
highest-temperature-in-shanghai-on-june-9-2026,Highest temperature in Shanghai on June 9?,2026-06-07T04:34:03Z,2026-06-09T12:00:00Z,8,26°C,0x2488923e3cccb1742f4a230dfe8d79f6add52e0807b81809f1cd1e33028d03c1,84036100857155819931728194506958678774155362425129625655151905448772883585970,YES,trade_pressure_30s,flow_clock_sensitive,wall_60s,wall_clock_seconds,60,early_gt_24h,133777,-0.02831415077065903,0.4703552220540401,0.7678898465356526,60.783
highest-temperature-in-shanghai-on-june-9-2026,Highest temperature in Shanghai on June 9?,2026-06-07T04:34:03Z,2026-06-09T12:00:00Z,8,26°C,0x2488923e3cccb1742f4a230dfe8d79f6add52e0807b81809f1cd1e33028d03c1,84036100857155819931728194506958678774155362425129625655151905448772883585970,YES,trade_pressure_30s,flow_clock_sensitive,wall_60s,wall_clock_seconds,60,last_24h,153913,0.1339873062488331,0.5801163592636475,0.6325911391500393,60.43
highest-temperature-in-shanghai-on-june-9-2026,Highest temperature in Shanghai on June 9?,2026-06-07T04:34:03Z,2026-06-09T12:00:00Z,8,26°C,0x2488923e3cccb1742f4a230dfe8d79f6add52e0807b81809f1cd1e33028d03c1,84036100857155819931728194506958678774155362425129625655151905448772883585970,YES,trade_pressure_30s,flow_clock_sensitive,wall_60s,wall_clock_seconds,60,last_6h,41816,-0.00486770473411515,0.4714009230311151,0.19683853070594987,60.365
highest-temperature-in-shanghai-on-june-9-2026,Highest temperature in Shanghai on June 9?,2026-06-07T04:34:03Z,2026-06-09T12:00:00Z,8,26°C,0x2488923e3cccb1742f4a230dfe8d79f6add52e0807b81809f1cd1e33028d03c1,84036100857155819931728194506958678774155362425129625655151905448772883585970,YES,depth_imbalance_1,book,wall_300s,wall_clock_seconds,300,early_gt_24h,133081,0.14398848022084562,0.6022464375523889,0.5517767374756727,300.93
highest-temperature-in-shanghai-on-june-9-2026,Highest temperature in Shanghai on June 9?,2026-06-07T04:34:03Z,2026-06-09T12:00:00Z,8,26°C,0x2488923e3cccb1742f4a230dfe8d79f6add52e0807b81809f1cd1e33028d03c1,84036100857155819931728194506958678774155362425129625655151905448772883585970,YES,depth_imbalance_1,book,wall_300s,wall_clock_seconds,300,last_24h,153662,0.15993160264430262,0.5732385861243503,0.39648058726295377,300.494
highest-temperature-in-shanghai-on-june-9-2026,Highest temperature in Shanghai on June 9?,2026-06-07T04:34:03Z,2026-06-09T12:00:00Z,8,26°C,0x2488923e3cccb1742f4a230dfe8d79f6add52e0807b81809f1cd1e33028d03c1,84036100857155819931728194506958678774155362425129625655151905448772883585970,YES,depth_imbalance_1,book,wall_300s,wall_clock_seconds,300,last_6h,41782,0.059883549536977304,0.5445544554455446,0.030659135512900292,300.474
highest-temperature-in-shanghai-on-june-9-2026,Highest temperature in Shanghai on June 9?,2026-06-07T04:34:03Z,2026-06-09T12:00:00Z,8,26°C,0x2488923e3cccb1742f4a230dfe8d79f6add52e0807b81809f1cd1e33028d03c1,84036100857155819931728194506958678774155362425129625655151905448772883585970,YES,depth_imbalance_3,book,wall_300s,wall_clock_seconds,300,early_gt_24h,133081,0.21881510061623366,0.6264710813076279,0.5517767374756727,300.93
highest-temperature-in-shanghai-on-june-9-2026,Highest temperature in Shanghai on June 9?,2026-06-07T04:34:03Z,2026-06-09T12:00:00Z,8,26°C,0x2488923e3cccb1742f4a230dfe8d79f6add52e0807b81809f1cd1e33028d03c1,84036100857155819931728194506958678774155362425129625655151905448772883585970,YES,depth_imbalance_3,book,wall_300s,wall_clock_seconds,300,last_24h,153662,0.07326517182688462,0.5260518881149043,0.39648058726295377,300.494
highest-temperature-in-shanghai-on-june-9-2026,Highest temperature in Shanghai on June 9?,2026-06-07T04:34:03Z,2026-06-09T12:00:00Z,8,26°C,0x2488923e3cccb1742f4a230dfe8d79f6add52e0807b81809f1cd1e33028d03c1,84036100857155819931728194506958678774155362425129625655151905448772883585970,YES,depth_imbalance_3,book,wall_300s,wall_clock_seconds,300,last_6h,41782,0.2917361974238722,0.5924791980444928,0.030659135512900292,300.474
highest-temperature-in-shanghai-on-june-9-2026,Highest temperature in Shanghai on June 9?,2026-06-07T04:34:03Z,2026-06-09T12:00:00Z,8,26°C,0x2488923e3cccb1742f4a230dfe8d79f6add52e0807b81809f1cd1e33028d03c1,84036100857155819931728194506958678774155362425129625655151905448772883585970,YES,depth_imbalance_5,book,wall_300s,wall_clock_seconds,300,early_gt_24h,133081,0.23555992818161797,0.6564291701592624,0.5517767374756727,300.93
highest-temperature-in-shanghai-on-june-9-2026,Highest temperature in Shanghai on June 9?,2026-06-07T04:34:03Z,2026-06-09T12:00:00Z,8,26°C,0x2488923e3cccb1742f4a230dfe8d79f6add52e0807b81809f1cd1e33028d03c1,84036100857155819931728194506958678774155362425129625655151905448772883585970,YES,depth_imbalance_5,book,wall_300s,wall_clock_seconds,300,last_24h,153662,0.005114201069916001,0.4943388902068192,0.39648058726295377,300.494
highest-temperature-in-shanghai-on-june-9-2026,Highest temperature in Shanghai on June 9?,2026-06-07T04:34:03Z,2026-06-09T12:00:00Z,8,26°C,0x2488923e3cccb1742f4a230dfe8d79f6add52e0807b81809f1cd1e33028d03c1,84036100857155819931728194506958678774155362425129625655151905448772883585970,YES,depth_imbalance_5,book,wall_300s,wall_clock_seconds,300,last_6h,41782,0.3359063378575374,0.6289227426483297,0.030659135512900292,300.474
highest-temperature-in-shanghai-on-june-9-2026,Highest temperature in Shanghai on June 9?,2026-06-07T04:34:03Z,2026-06-09T12:00:00Z,8,26°C,0x2488923e3cccb1742f4a230dfe8d79f6add52e0807b81809f1cd1e33028d03c1,84036100857155819931728194506958678774155362425129625655151905448772883585970,YES,microprice_minus_mid,book,wall_300s,wall_clock_seconds,300,early_gt_24h,133081,0.150809816594223,0.6120536462699078,0.5517767374756727,300.93
highest-temperature-in-shanghai-on-june-9-2026,Highest temperature in Shanghai on June 9?,2026-06-07T04:34:03Z,2026-06-09T12:00:00Z,8,26°C,0x2488923e3cccb1742f4a230dfe8d79f6add52e0807b81809f1cd1e33028d03c1,84036100857155819931728194506958678774155362425129625655151905448772883585970,YES,microprice_minus_mid,book,wall_300s,wall_clock_seconds,300,last_24h,153662,0.07507418595985456,0.5141258168172702,0.39648058726295377,300.494
highest-temperature-in-shanghai-on-june-9-2026,Highest temperature in Shanghai on June 9?,2026-06-07T04:34:03Z,2026-06-09T12:00:00Z,8,26°C,0x2488923e3cccb1742f4a230dfe8d79f6add52e0807b81809f1cd1e33028d03c1,84036100857155819931728194506958678774155362425129625655151905448772883585970,YES,microprice_minus_mid,book,wall_300s,wall_clock_seconds,300,last_6h,41782,-0.029171653838368956,0.5269993333497939,0.030659135512900292,300.474
highest-temperature-in-shanghai-on-june-9-2026,Highest temperature in Shanghai on June 9?,2026-06-07T04:34:03Z,2026-06-09T12:00:00Z,8,26°C,0x2488923e3cccb1742f4a230dfe8d79f6add52e0807b81809f1cd1e33028d03c1,84036100857155819931728194506958678774155362425129625655151905448772883585970,YES,ofi_30s,flow_clock_sensitive,wall_300s,wall_clock_seconds,300,early_gt_24h,133081,0.02179922100660152,0.5103939647946354,0.5517767374756727,300.93
highest-temperature-in-shanghai-on-june-9-2026,Highest temperature in Shanghai on June 9?,2026-06-07T04:34:03Z,2026-06-09T12:00:00Z,8,26°C,0x2488923e3cccb1742f4a230dfe8d79f6add52e0807b81809f1cd1e33028d03c1,84036100857155819931728194506958678774155362425129625655151905448772883585970,YES,ofi_30s,flow_clock_sensitive,wall_300s,wall_clock_seconds,300,last_24h,153662,-0.09305033839151802,0.4703573508162781,0.39648058726295377,300.494
highest-temperature-in-shanghai-on-june-9-2026,Highest temperature in Shanghai on June 9?,2026-06-07T04:34:03Z,2026-06-09T12:00:00Z,8,26°C,0x2488923e3cccb1742f4a230dfe8d79f6add52e0807b81809f1cd1e33028d03c1,84036100857155819931728194506958678774155362425129625655151905448772883585970,YES,ofi_30s,flow_clock_sensitive,wall_300s,wall_clock_seconds,300,last_6h,41782,-0.21571711947650132,0.4792474259894817,0.030659135512900292,300.474
highest-temperature-in-shanghai-on-june-9-2026,Highest temperature in Shanghai on June 9?,2026-06-07T04:34:03Z,2026-06-09T12:00:00Z,8,26°C,0x2488923e3cccb1742f4a230dfe8d79f6add52e0807b81809f1cd1e33028d03c1,84036100857155819931728194506958678774155362425129625655151905448772883585970,YES,trade_pressure_30s,flow_clock_sensitive,wall_300s,wall_clock_seconds,300,early_gt_24h,133081,-0.02098071641615122,0.4577367979882649,0.5517767374756727,300.93
highest-temperature-in-shanghai-on-june-9-2026,Highest temperature in Shanghai on June 9?,2026-06-07T04:34:03Z,2026-06-09T12:00:00Z,8,26°C,0x2488923e3cccb1742f4a230dfe8d79f6add52e0807b81809f1cd1e33028d03c1,84036100857155819931728194506958678774155362425129625655151905448772883585970,YES,trade_pressure_30s,flow_clock_sensitive,wall_300s,wall_clock_seconds,300,last_24h,153662,-0.06324196821678704,0.5061463477754534,0.39648058726295377,300.494
highest-temperature-in-shanghai-on-june-9-2026,Highest temperature in Shanghai on June 9?,2026-06-07T04:34:03Z,2026-06-09T12:00:00Z,8,26°C,0x2488923e3cccb1742f4a230dfe8d79f6add52e0807b81809f1cd1e33028d03c1,84036100857155819931728194506958678774155362425129625655151905448772883585970,YES,trade_pressure_30s,flow_clock_sensitive,wall_300s,wall_clock_seconds,300,last_6h,41782,0.17834117171987549,0.4744080393076714,0.030659135512900292,300.474
highest-temperature-in-shanghai-on-june-9-2026,Highest temperature in Shanghai on June 9?,2026-06-07T04:34:03Z,2026-06-09T12:00:00Z,8,26°C,0x2488923e3cccb1742f4a230dfe8d79f6add52e0807b81809f1cd1e33028d03c1,84036100857155819931728194506958678774155362425129625655151905448772883585970,YES,depth_imbalance_1,book,wall_900s,wall_clock_seconds,900,early_gt_24h,132628,0.18536085047597609,0.6358421672555948,0.3598636788611756,900.915
highest-temperature-in-shanghai-on-june-9-2026,Highest temperature in Shanghai on June 9?,2026-06-07T04:34:03Z,2026-06-09T12:00:00Z,8,26°C,0x2488923e3cccb1742f4a230dfe8d79f6add52e0807b81809f1cd1e33028d03c1,84036100857155819931728194506958678774155362425129625655151905448772883585970,YES,depth_imbalance_1,book,wall_900s,wall_clock_seconds,900,last_24h,154533,0.07673442223155276,0.5116745487409314,0.21595387392984022,900.566
highest-temperature-in-shanghai-on-june-9-2026,Highest temperature in Shanghai on June 9?,2026-06-07T04:34:03Z,2026-06-09T12:00:00Z,8,26°C,0x2488923e3cccb1742f4a230dfe8d79f6add52e0807b81809f1cd1e33028d03c1,84036100857155819931728194506958678774155362425129625655151905448772883585970,YES,depth_imbalance_1,book,wall_900s,wall_clock_seconds,900,last_6h,41650,0.03539038783545443,0.5091332508551052,0.010252100840336134,900.754
highest-temperature-in-shanghai-on-june-9-2026,Highest temperature in Shanghai on June 9?,2026-06-07T04:34:03Z,2026-06-09T12:00:00Z,8,26°C,0x2488923e3cccb1742f4a230dfe8d79f6add52e0807b81809f1cd1e33028d03c1,84036100857155819931728194506958678774155362425129625655151905448772883585970,YES,depth_imbalance_3,book,wall_900s,wall_clock_seconds,900,early_gt_24h,132628,0.18604530043278233,0.6131213191990578,0.3598636788611756,900.915
highest-temperature-in-shanghai-on-june-9-2026,Highest temperature in Shanghai on June 9?,2026-06-07T04:34:03Z,2026-06-09T12:00:00Z,8,26°C,0x2488923e3cccb1742f4a230dfe8d79f6add52e0807b81809f1cd1e33028d03c1,84036100857155819931728194506958678774155362425129625655151905448772883585970,YES,depth_imbalance_3,book,wall_900s,wall_clock_seconds,900,last_24h,154533,0.08742773301751536,0.4894231642195096,0.21595387392984022,900.566
highest-temperature-in-shanghai-on-june-9-2026,Highest temperature in Shanghai on June 9?,2026-06-07T04:34:03Z,2026-06-09T12:00:00Z,8,26°C,0x2488923e3cccb1742f4a230dfe8d79f6add52e0807b81809f1cd1e33028d03c1,84036100857155819931728194506958678774155362425129625655151905448772883585970,YES,depth_imbalance_3,book,wall_900s,wall_clock_seconds,900,last_6h,41650,0.17208013622297116,0.5507119811755573,0.010252100840336134,900.754
highest-temperature-in-shanghai-on-june-9-2026,Highest temperature in Shanghai on June 9?,2026-06-07T04:34:03Z,2026-06-09T12:00:00Z,8,26°C,0x2488923e3cccb1742f4a230dfe8d79f6add52e0807b81809f1cd1e33028d03c1,84036100857155819931728194506958678774155362425129625655151905448772883585970,YES,depth_imbalance_5,book,wall_900s,wall_clock_seconds,900,early_gt_24h,132628,0.18974459237966046,0.6047703180212014,0.3598636788611756,900.915
highest-temperature-in-shanghai-on-june-9-2026,Highest temperature in Shanghai on June 9?,2026-06-07T04:34:03Z,2026-06-09T12:00:00Z,8,26°C,0x2488923e3cccb1742f4a230dfe8d79f6add52e0807b81809f1cd1e33028d03c1,84036100857155819931728194506958678774155362425129625655151905448772883585970,YES,depth_imbalance_5,book,wall_900s,wall_clock_seconds,900,last_24h,154533,0.005436812231797236,0.4534875083566494,0.21595387392984022,900.566
highest-temperature-in-shanghai-on-june-9-2026,Highest temperature in Shanghai on June 9?,2026-06-07T04:34:03Z,2026-06-09T12:00:00Z,8,26°C,0x2488923e3cccb1742f4a230dfe8d79f6add52e0807b81809f1cd1e33028d03c1,84036100857155819931728194506958678774155362425129625655151905448772883585970,YES,depth_imbalance_5,book,wall_900s,wall_clock_seconds,900,last_6h,41650,0.20822746653231425,0.5693143772138386,0.010252100840336134,900.754
highest-temperature-in-shanghai-on-june-9-2026,Highest temperature in Shanghai on June 9?,2026-06-07T04:34:03Z,2026-06-09T12:00:00Z,8,26°C,0x2488923e3cccb1742f4a230dfe8d79f6add52e0807b81809f1cd1e33028d03c1,84036100857155819931728194506958678774155362425129625655151905448772883585970,YES,microprice_minus_mid,book,wall_900s,wall_clock_seconds,900,early_gt_24h,132628,0.18491400450838658,0.634640753828033,0.3598636788611756,900.915
highest-temperature-in-shanghai-on-june-9-2026,Highest temperature in Shanghai on June 9?,2026-06-07T04:34:03Z,2026-06-09T12:00:00Z,8,26°C,0x2488923e3cccb1742f4a230dfe8d79f6add52e0807b81809f1cd1e33028d03c1,84036100857155819931728194506958678774155362425129625655151905448772883585970,YES,microprice_minus_mid,book,wall_900s,wall_clock_seconds,900,last_24h,154533,0.0726917936754967,0.4695487821988924,0.21595387392984022,900.566
highest-temperature-in-shanghai-on-june-9-2026,Highest temperature in Shanghai on June 9?,2026-06-07T04:34:03Z,2026-06-09T12:00:00Z,8,26°C,0x2488923e3cccb1742f4a230dfe8d79f6add52e0807b81809f1cd1e33028d03c1,84036100857155819931728194506958678774155362425129625655151905448772883585970,YES,microprice_minus_mid,book,wall_900s,wall_clock_seconds,900,last_6h,41650,-0.118729637259145,0.48514178977755135,0.010252100840336134,900.754
highest-temperature-in-shanghai-on-june-9-2026,Highest temperature in Shanghai on June 9?,2026-06-07T04:34:03Z,2026-06-09T12:00:00Z,8,26°C,0x2488923e3cccb1742f4a230dfe8d79f6add52e0807b81809f1cd1e33028d03c1,84036100857155819931728194506958678774155362425129625655151905448772883585970,YES,ofi_30s,flow_clock_sensitive,wall_900s,wall_clock_seconds,900,early_gt_24h,132628,-0.05732383579422552,0.5117667844522968,0.3598636788611756,900.915
highest-temperature-in-shanghai-on-june-9-2026,Highest temperature in Shanghai on June 9?,2026-06-07T04:34:03Z,2026-06-09T12:00:00Z,8,26°C,0x2488923e3cccb1742f4a230dfe8d79f6add52e0807b81809f1cd1e33028d03c1,84036100857155819931728194506958678774155362425129625655151905448772883585970,YES,ofi_30s,flow_clock_sensitive,wall_900s,wall_clock_seconds,900,last_24h,154533,-0.054184641425433694,0.5098257690180834,0.21595387392984022,900.566
highest-temperature-in-shanghai-on-june-9-2026,Highest temperature in Shanghai on June 9?,2026-06-07T04:34:03Z,2026-06-09T12:00:00Z,8,26°C,0x2488923e3cccb1742f4a230dfe8d79f6add52e0807b81809f1cd1e33028d03c1,84036100857155819931728194506958678774155362425129625655151905448772883585970,YES,ofi_30s,flow_clock_sensitive,wall_900s,wall_clock_seconds,900,last_6h,41650,-0.2655792367711375,0.4540426460956262,0.010252100840336134,900.754
highest-temperature-in-shanghai-on-june-9-2026,Highest temperature in Shanghai on June 9?,2026-06-07T04:34:03Z,2026-06-09T12:00:00Z,8,26°C,0x2488923e3cccb1742f4a230dfe8d79f6add52e0807b81809f1cd1e33028d03c1,84036100857155819931728194506958678774155362425129625655151905448772883585970,YES,trade_pressure_30s,flow_clock_sensitive,wall_900s,wall_clock_seconds,900,early_gt_24h,132628,0.008911936206773163,0.5553474676089517,0.3598636788611756,900.915
highest-temperature-in-shanghai-on-june-9-2026,Highest temperature in Shanghai on June 9?,2026-06-07T04:34:03Z,2026-06-09T12:00:00Z,8,26°C,0x2488923e3cccb1742f4a230dfe8d79f6add52e0807b81809f1cd1e33028d03c1,84036100857155819931728194506958678774155362425129625655151905448772883585970,YES,trade_pressure_30s,flow_clock_sensitive,wall_900s,wall_clock_seconds,900,last_24h,154533,-0.021462729707199642,0.5436980546545506,0.21595387392984022,900.566
highest-temperature-in-shanghai-on-june-9-2026,Highest temperature in Shanghai on June 9?,2026-06-07T04:34:03Z,2026-06-09T12:00:00Z,8,26°C,0x2488923e3cccb1742f4a230dfe8d79f6add52e0807b81809f1cd1e33028d03c1,84036100857155819931728194506958678774155362425129625655151905448772883585970,YES,trade_pressure_30s,flow_clock_sensitive,wall_900s,wall_clock_seconds,900,last_6h,41650,-0.0005936120202427528,0.3220047061106664,0.010252100840336134,900.754
highest-temperature-in-shanghai-on-june-9-2026,Highest temperature in Shanghai on June 9?,2026-06-07T04:34:03Z,2026-06-09T12:00:00Z,8,26°C,0x2488923e3cccb1742f4a230dfe8d79f6add52e0807b81809f1cd1e33028d03c1,84036100857155819931728194506958678774155362425129625655151905448772883585970,YES,depth_imbalance_1,book,valid_obs_10,valid_observation_steps,10,early_gt_24h,133840,0.06293570797747672,0.5835722298392123,0.8801105797967723,7.218
highest-temperature-in-shanghai-on-june-9-2026,Highest temperature in Shanghai on June 9?,2026-06-07T04:34:03Z,2026-06-09T12:00:00Z,8,26°C,0x2488923e3cccb1742f4a230dfe8d79f6add52e0807b81809f1cd1e33028d03c1,84036100857155819931728194506958678774155362425129625655151905448772883585970,YES,depth_imbalance_1,book,valid_obs_10,valid_observation_steps,10,last_24h,154935,0.0657775723798328,0.5701636456353437,0.860773872914448,4.161
highest-temperature-in-shanghai-on-june-9-2026,Highest temperature in Shanghai on June 9?,2026-06-07T04:34:03Z,2026-06-09T12:00:00Z,8,26°C,0x2488923e3cccb1742f4a230dfe8d79f6add52e0807b81809f1cd1e33028d03c1,84036100857155819931728194506958678774155362425129625655151905448772883585970,YES,depth_imbalance_1,book,valid_obs_10,valid_observation_steps,10,last_6h,41851,0.04899391834491549,0.5270977443609023,0.6027574012568397,3.161
highest-temperature-in-shanghai-on-june-9-2026,Highest temperature in Shanghai on June 9?,2026-06-07T04:34:03Z,2026-06-09T12:00:00Z,8,26°C,0x2488923e3cccb1742f4a230dfe8d79f6add52e0807b81809f1cd1e33028d03c1,84036100857155819931728194506958678774155362425129625655151905448772883585970,YES,depth_imbalance_3,book,valid_obs_10,valid_observation_steps,10,early_gt_24h,133840,0.05313856367640782,0.554530724168017,0.8801105797967723,7.218
highest-temperature-in-shanghai-on-june-9-2026,Highest temperature in Shanghai on June 9?,2026-06-07T04:34:03Z,2026-06-09T12:00:00Z,8,26°C,0x2488923e3cccb1742f4a230dfe8d79f6add52e0807b81809f1cd1e33028d03c1,84036100857155819931728194506958678774155362425129625655151905448772883585970,YES,depth_imbalance_3,book,valid_obs_10,valid_observation_steps,10,last_24h,154935,0.017004601588783405,0.5124936257011729,0.860773872914448,4.161
highest-temperature-in-shanghai-on-june-9-2026,Highest temperature in Shanghai on June 9?,2026-06-07T04:34:03Z,2026-06-09T12:00:00Z,8,26°C,0x2488923e3cccb1742f4a230dfe8d79f6add52e0807b81809f1cd1e33028d03c1,84036100857155819931728194506958678774155362425129625655151905448772883585970,YES,depth_imbalance_3,book,valid_obs_10,valid_observation_steps,10,last_6h,41851,-0.011015339836698577,0.4858345864661654,0.6027574012568397,3.161
highest-temperature-in-shanghai-on-june-9-2026,Highest temperature in Shanghai on June 9?,2026-06-07T04:34:03Z,2026-06-09T12:00:00Z,8,26°C,0x2488923e3cccb1742f4a230dfe8d79f6add52e0807b81809f1cd1e33028d03c1,84036100857155819931728194506958678774155362425129625655151905448772883585970,YES,depth_imbalance_5,book,valid_obs_10,valid_observation_steps,10,early_gt_24h,133840,0.04845862852457841,0.5587062196185966,0.8801105797967723,7.218
highest-temperature-in-shanghai-on-june-9-2026,Highest temperature in Shanghai on June 9?,2026-06-07T04:34:03Z,2026-06-09T12:00:00Z,8,26°C,0x2488923e3cccb1742f4a230dfe8d79f6add52e0807b81809f1cd1e33028d03c1,84036100857155819931728194506958678774155362425129625655151905448772883585970,YES,depth_imbalance_5,book,valid_obs_10,valid_observation_steps,10,last_24h,154935,0.009792285746758016,0.5068842427332994,0.860773872914448,4.161
highest-temperature-in-shanghai-on-june-9-2026,Highest temperature in Shanghai on June 9?,2026-06-07T04:34:03Z,2026-06-09T12:00:00Z,8,26°C,0x2488923e3cccb1742f4a230dfe8d79f6add52e0807b81809f1cd1e33028d03c1,84036100857155819931728194506958678774155362425129625655151905448772883585970,YES,depth_imbalance_5,book,valid_obs_10,valid_observation_steps,10,last_6h,41851,-0.02782044193527486,0.47218045112781953,0.6027574012568397,3.161
highest-temperature-in-shanghai-on-june-9-2026,Highest temperature in Shanghai on June 9?,2026-06-07T04:34:03Z,2026-06-09T12:00:00Z,8,26°C,0x2488923e3cccb1742f4a230dfe8d79f6add52e0807b81809f1cd1e33028d03c1,84036100857155819931728194506958678774155362425129625655151905448772883585970,YES,microprice_minus_mid,book,valid_obs_10,valid_observation_steps,10,early_gt_24h,133840,0.06864644539966533,0.5822011716315593,0.8801105797967723,7.218
highest-temperature-in-shanghai-on-june-9-2026,Highest temperature in Shanghai on June 9?,2026-06-07T04:34:03Z,2026-06-09T12:00:00Z,8,26°C,0x2488923e3cccb1742f4a230dfe8d79f6add52e0807b81809f1cd1e33028d03c1,84036100857155819931728194506958678774155362425129625655151905448772883585970,YES,microprice_minus_mid,book,valid_obs_10,valid_observation_steps,10,last_24h,154935,0.04822488521212572,0.5553289138194799,0.860773872914448,4.161
highest-temperature-in-shanghai-on-june-9-2026,Highest temperature in Shanghai on June 9?,2026-06-07T04:34:03Z,2026-06-09T12:00:00Z,8,26°C,0x2488923e3cccb1742f4a230dfe8d79f6add52e0807b81809f1cd1e33028d03c1,84036100857155819931728194506958678774155362425129625655151905448772883585970,YES,microprice_minus_mid,book,valid_obs_10,valid_observation_steps,10,last_6h,41851,0.027789853398841262,0.5180751879699248,0.6027574012568397,3.161
highest-temperature-in-shanghai-on-june-9-2026,Highest temperature in Shanghai on June 9?,2026-06-07T04:34:03Z,2026-06-09T12:00:00Z,8,26°C,0x2488923e3cccb1742f4a230dfe8d79f6add52e0807b81809f1cd1e33028d03c1,84036100857155819931728194506958678774155362425129625655151905448772883585970,YES,ofi_30s,flow_clock_sensitive,valid_obs_10,valid_observation_steps,10,early_gt_24h,133840,0.019553236900430492,0.5215006855291038,0.8801105797967723,7.218
highest-temperature-in-shanghai-on-june-9-2026,Highest temperature in Shanghai on June 9?,2026-06-07T04:34:03Z,2026-06-09T12:00:00Z,8,26°C,0x2488923e3cccb1742f4a230dfe8d79f6add52e0807b81809f1cd1e33028d03c1,84036100857155819931728194506958678774155362425129625655151905448772883585970,YES,ofi_30s,flow_clock_sensitive,valid_obs_10,valid_observation_steps,10,last_24h,154935,0.028339764815921854,0.5346993648880441,0.860773872914448,4.161
highest-temperature-in-shanghai-on-june-9-2026,Highest temperature in Shanghai on June 9?,2026-06-07T04:34:03Z,2026-06-09T12:00:00Z,8,26°C,0x2488923e3cccb1742f4a230dfe8d79f6add52e0807b81809f1cd1e33028d03c1,84036100857155819931728194506958678774155362425129625655151905448772883585970,YES,ofi_30s,flow_clock_sensitive,valid_obs_10,valid_observation_steps,10,last_6h,41851,-0.03965731655551573,0.4950375939849624,0.6027574012568397,3.161
highest-temperature-in-shanghai-on-june-9-2026,Highest temperature in Shanghai on June 9?,2026-06-07T04:34:03Z,2026-06-09T12:00:00Z,8,26°C,0x2488923e3cccb1742f4a230dfe8d79f6add52e0807b81809f1cd1e33028d03c1,84036100857155819931728194506958678774155362425129625655151905448772883585970,YES,trade_pressure_30s,flow_clock_sensitive,valid_obs_10,valid_observation_steps,10,early_gt_24h,133840,-0.014283246136752291,0.4804312601271345,0.8801105797967723,7.218
highest-temperature-in-shanghai-on-june-9-2026,Highest temperature in Shanghai on June 9?,2026-06-07T04:34:03Z,2026-06-09T12:00:00Z,8,26°C,0x2488923e3cccb1742f4a230dfe8d79f6add52e0807b81809f1cd1e33028d03c1,84036100857155819931728194506958678774155362425129625655151905448772883585970,YES,trade_pressure_30s,flow_clock_sensitive,valid_obs_10,valid_observation_steps,10,last_24h,154935,0.05604000892038959,0.571554401743081,0.860773872914448,4.161
highest-temperature-in-shanghai-on-june-9-2026,Highest temperature in Shanghai on June 9?,2026-06-07T04:34:03Z,2026-06-09T12:00:00Z,8,26°C,0x2488923e3cccb1742f4a230dfe8d79f6add52e0807b81809f1cd1e33028d03c1,84036100857155819931728194506958678774155362425129625655151905448772883585970,YES,trade_pressure_30s,flow_clock_sensitive,valid_obs_10,valid_observation_steps,10,last_6h,41851,-0.016380064054932305,0.4598496240601504,0.6027574012568397,3.161
highest-temperature-in-shanghai-on-june-9-2026,Highest temperature in Shanghai on June 9?,2026-06-07T04:34:03Z,2026-06-09T12:00:00Z,8,26°C,0x2488923e3cccb1742f4a230dfe8d79f6add52e0807b81809f1cd1e33028d03c1,84036100857155819931728194506958678774155362425129625655151905448772883585970,YES,depth_imbalance_1,book,valid_obs_50,valid_observation_steps,50,early_gt_24h,133840,0.07956588453630006,0.5800574637586522,0.7711595935445308,37.55
highest-temperature-in-shanghai-on-june-9-2026,Highest temperature in Shanghai on June 9?,2026-06-07T04:34:03Z,2026-06-09T12:00:00Z,8,26°C,0x2488923e3cccb1742f4a230dfe8d79f6add52e0807b81809f1cd1e33028d03c1,84036100857155819931728194506958678774155362425129625655151905448772883585970,YES,depth_imbalance_1,book,valid_obs_50,valid_observation_steps,50,last_24h,154935,0.1144036365029823,0.5851461167575888,0.7148675250911672,26.051
highest-temperature-in-shanghai-on-june-9-2026,Highest temperature in Shanghai on June 9?,2026-06-07T04:34:03Z,2026-06-09T12:00:00Z,8,26°C,0x2488923e3cccb1742f4a230dfe8d79f6add52e0807b81809f1cd1e33028d03c1,84036100857155819931728194506958678774155362425129625655151905448772883585970,YES,depth_imbalance_1,book,valid_obs_50,valid_observation_steps,50,last_6h,41808,0.052797271206420436,0.5182717334721499,0.31077784156142363,19.704
highest-temperature-in-shanghai-on-june-9-2026,Highest temperature in Shanghai on June 9?,2026-06-07T04:34:03Z,2026-06-09T12:00:00Z,8,26°C,0x2488923e3cccb1742f4a230dfe8d79f6add52e0807b81809f1cd1e33028d03c1,84036100857155819931728194506958678774155362425129625655151905448772883585970,YES,depth_imbalance_3,book,valid_obs_50,valid_observation_steps,50,early_gt_24h,133840,0.09086968881929872,0.5728091942013843,0.7711595935445308,37.55
highest-temperature-in-shanghai-on-june-9-2026,Highest temperature in Shanghai on June 9?,2026-06-07T04:34:03Z,2026-06-09T12:00:00Z,8,26°C,0x2488923e3cccb1742f4a230dfe8d79f6add52e0807b81809f1cd1e33028d03c1,84036100857155819931728194506958678774155362425129625655151905448772883585970,YES,depth_imbalance_3,book,valid_obs_50,valid_observation_steps,50,last_24h,154935,0.035642034056166644,0.5159245761369038,0.7148675250911672,26.051
highest-temperature-in-shanghai-on-june-9-2026,Highest temperature in Shanghai on June 9?,2026-06-07T04:34:03Z,2026-06-09T12:00:00Z,8,26°C,0x2488923e3cccb1742f4a230dfe8d79f6add52e0807b81809f1cd1e33028d03c1,84036100857155819931728194506958678774155362425129625655151905448772883585970,YES,depth_imbalance_3,book,valid_obs_50,valid_observation_steps,50,last_6h,41808,0.03609352029534806,0.5044594829082075,0.31077784156142363,19.704
highest-temperature-in-shanghai-on-june-9-2026,Highest temperature in Shanghai on June 9?,2026-06-07T04:34:03Z,2026-06-09T12:00:00Z,8,26°C,0x2488923e3cccb1742f4a230dfe8d79f6add52e0807b81809f1cd1e33028d03c1,84036100857155819931728194506958678774155362425129625655151905448772883585970,YES,depth_imbalance_5,book,valid_obs_50,valid_observation_steps,50,early_gt_24h,133840,0.08143107498842422,0.5860323886639676,0.7711595935445308,37.55
highest-temperature-in-shanghai-on-june-9-2026,Highest temperature in Shanghai on June 9?,2026-06-07T04:34:03Z,2026-06-09T12:00:00Z,8,26°C,0x2488923e3cccb1742f4a230dfe8d79f6add52e0807b81809f1cd1e33028d03c1,84036100857155819931728194506958678774155362425129625655151905448772883585970,YES,depth_imbalance_5,book,valid_obs_50,valid_observation_steps,50,last_24h,154935,0.02854797252850097,0.5230549833623831,0.7148675250911672,26.051
highest-temperature-in-shanghai-on-june-9-2026,Highest temperature in Shanghai on June 9?,2026-06-07T04:34:03Z,2026-06-09T12:00:00Z,8,26°C,0x2488923e3cccb1742f4a230dfe8d79f6add52e0807b81809f1cd1e33028d03c1,84036100857155819931728194506958678774155362425129625655151905448772883585970,YES,depth_imbalance_5,book,valid_obs_50,valid_observation_steps,50,last_6h,41808,0.014436264500179007,0.49894152351205967,0.31077784156142363,19.704
highest-temperature-in-shanghai-on-june-9-2026,Highest temperature in Shanghai on June 9?,2026-06-07T04:34:03Z,2026-06-09T12:00:00Z,8,26°C,0x2488923e3cccb1742f4a230dfe8d79f6add52e0807b81809f1cd1e33028d03c1,84036100857155819931728194506958678774155362425129625655151905448772883585970,YES,microprice_minus_mid,book,valid_obs_50,valid_observation_steps,50,early_gt_24h,133840,0.08326660981642431,0.5845631448347917,0.7711595935445308,37.55
highest-temperature-in-shanghai-on-june-9-2026,Highest temperature in Shanghai on June 9?,2026-06-07T04:34:03Z,2026-06-09T12:00:00Z,8,26°C,0x2488923e3cccb1742f4a230dfe8d79f6add52e0807b81809f1cd1e33028d03c1,84036100857155819931728194506958678774155362425129625655151905448772883585970,YES,microprice_minus_mid,book,valid_obs_50,valid_observation_steps,50,last_24h,154935,0.07884576015290155,0.553591235258166,0.7148675250911672,26.051
highest-temperature-in-shanghai-on-june-9-2026,Highest temperature in Shanghai on June 9?,2026-06-07T04:34:03Z,2026-06-09T12:00:00Z,8,26°C,0x2488923e3cccb1742f4a230dfe8d79f6add52e0807b81809f1cd1e33028d03c1,84036100857155819931728194506958678774155362425129625655151905448772883585970,YES,microprice_minus_mid,book,valid_obs_50,valid_observation_steps,50,last_6h,41808,0.047030833954136,0.5211868818323789,0.31077784156142363,19.704
highest-temperature-in-shanghai-on-june-9-2026,Highest temperature in Shanghai on June 9?,2026-06-07T04:34:03Z,2026-06-09T12:00:00Z,8,26°C,0x2488923e3cccb1742f4a230dfe8d79f6add52e0807b81809f1cd1e33028d03c1,84036100857155819931728194506958678774155362425129625655151905448772883585970,YES,ofi_30s,flow_clock_sensitive,valid_obs_50,valid_observation_steps,50,early_gt_24h,133840,0.045749115318519884,0.525401593313308,0.7711595935445308,37.55
highest-temperature-in-shanghai-on-june-9-2026,Highest temperature in Shanghai on June 9?,2026-06-07T04:34:03Z,2026-06-09T12:00:00Z,8,26°C,0x2488923e3cccb1742f4a230dfe8d79f6add52e0807b81809f1cd1e33028d03c1,84036100857155819931728194506958678774155362425129625655151905448772883585970,YES,ofi_30s,flow_clock_sensitive,valid_obs_50,valid_observation_steps,50,last_24h,154935,0.03484427410728981,0.5258845100391607,0.7148675250911672,26.051
highest-temperature-in-shanghai-on-june-9-2026,Highest temperature in Shanghai on June 9?,2026-06-07T04:34:03Z,2026-06-09T12:00:00Z,8,26°C,0x2488923e3cccb1742f4a230dfe8d79f6add52e0807b81809f1cd1e33028d03c1,84036100857155819931728194506958678774155362425129625655151905448772883585970,YES,ofi_30s,flow_clock_sensitive,valid_obs_50,valid_observation_steps,50,last_6h,41808,-0.07736801240176883,0.5093180635085893,0.31077784156142363,19.704
highest-temperature-in-shanghai-on-june-9-2026,Highest temperature in Shanghai on June 9?,2026-06-07T04:34:03Z,2026-06-09T12:00:00Z,8,26°C,0x2488923e3cccb1742f4a230dfe8d79f6add52e0807b81809f1cd1e33028d03c1,84036100857155819931728194506958678774155362425129625655151905448772883585970,YES,trade_pressure_30s,flow_clock_sensitive,valid_obs_50,valid_observation_steps,50,early_gt_24h,133840,-0.02556554344566622,0.4679378346610944,0.7711595935445308,37.55
highest-temperature-in-shanghai-on-june-9-2026,Highest temperature in Shanghai on June 9?,2026-06-07T04:34:03Z,2026-06-09T12:00:00Z,8,26°C,0x2488923e3cccb1742f4a230dfe8d79f6add52e0807b81809f1cd1e33028d03c1,84036100857155819931728194506958678774155362425129625655151905448772883585970,YES,trade_pressure_30s,flow_clock_sensitive,valid_obs_50,valid_observation_steps,50,last_24h,154935,0.10001861674075374,0.5812979604771714,0.7148675250911672,26.051
highest-temperature-in-shanghai-on-june-9-2026,Highest temperature in Shanghai on June 9?,2026-06-07T04:34:03Z,2026-06-09T12:00:00Z,8,26°C,0x2488923e3cccb1742f4a230dfe8d79f6add52e0807b81809f1cd1e33028d03c1,84036100857155819931728194506958678774155362425129625655151905448772883585970,YES,trade_pressure_30s,flow_clock_sensitive,valid_obs_50,valid_observation_steps,50,last_6h,41808,0.014636196901419752,0.48519868124240845,0.31077784156142363,19.704
highest-temperature-in-shanghai-on-june-9-2026,Highest temperature in Shanghai on June 9?,2026-06-07T04:34:03Z,2026-06-09T12:00:00Z,8,26°C,0x2488923e3cccb1742f4a230dfe8d79f6add52e0807b81809f1cd1e33028d03c1,84036100857155819931728194506958678774155362425129625655151905448772883585970,YES,depth_imbalance_1,book,valid_obs_200,valid_observation_steps,200,early_gt_24h,133840,0.14107630295899332,0.6172039826775734,0.596279139270771,153.118
highest-temperature-in-shanghai-on-june-9-2026,Highest temperature in Shanghai on June 9?,2026-06-07T04:34:03Z,2026-06-09T12:00:00Z,8,26°C,0x2488923e3cccb1742f4a230dfe8d79f6add52e0807b81809f1cd1e33028d03c1,84036100857155819931728194506958678774155362425129625655151905448772883585970,YES,depth_imbalance_1,book,valid_obs_200,valid_observation_steps,200,last_24h,154935,0.19304187251167862,0.6094119226638024,0.5192822796656662,114.056
highest-temperature-in-shanghai-on-june-9-2026,Highest temperature in Shanghai on June 9?,2026-06-07T04:34:03Z,2026-06-09T12:00:00Z,8,26°C,0x2488923e3cccb1742f4a230dfe8d79f6add52e0807b81809f1cd1e33028d03c1,84036100857155819931728194506958678774155362425129625655151905448772883585970,YES,depth_imbalance_1,book,valid_obs_200,valid_observation_steps,200,last_6h,41583,0.08237060190042941,0.5457635915401583,0.07329918476300411,86.295
highest-temperature-in-shanghai-on-june-9-2026,Highest temperature in Shanghai on June 9?,2026-06-07T04:34:03Z,2026-06-09T12:00:00Z,8,26°C,0x2488923e3cccb1742f4a230dfe8d79f6add52e0807b81809f1cd1e33028d03c1,84036100857155819931728194506958678774155362425129625655151905448772883585970,YES,depth_imbalance_3,book,valid_obs_200,valid_observation_steps,200,early_gt_24h,133840,0.15232409455699758,0.5902394788466521,0.596279139270771,153.118
highest-temperature-in-shanghai-on-june-9-2026,Highest temperature in Shanghai on June 9?,2026-06-07T04:34:03Z,2026-06-09T12:00:00Z,8,26°C,0x2488923e3cccb1742f4a230dfe8d79f6add52e0807b81809f1cd1e33028d03c1,84036100857155819931728194506958678774155362425129625655151905448772883585970,YES,depth_imbalance_3,book,valid_obs_200,valid_observation_steps,200,last_24h,154935,0.09391896742662292,0.5400912996777658,0.5192822796656662,114.056
highest-temperature-in-shanghai-on-june-9-2026,Highest temperature in Shanghai on June 9?,2026-06-07T04:34:03Z,2026-06-09T12:00:00Z,8,26°C,0x2488923e3cccb1742f4a230dfe8d79f6add52e0807b81809f1cd1e33028d03c1,84036100857155819931728194506958678774155362425129625655151905448772883585970,YES,depth_imbalance_3,book,valid_obs_200,valid_observation_steps,200,last_6h,41583,0.13832230542689664,0.5524069028156222,0.07329918476300411,86.295
highest-temperature-in-shanghai-on-june-9-2026,Highest temperature in Shanghai on June 9?,2026-06-07T04:34:03Z,2026-06-09T12:00:00Z,8,26°C,0x2488923e3cccb1742f4a230dfe8d79f6add52e0807b81809f1cd1e33028d03c1,84036100857155819931728194506958678774155362425129625655151905448772883585970,YES,depth_imbalance_5,book,valid_obs_200,valid_observation_steps,200,early_gt_24h,133840,0.14390771878337902,0.6049709442203057,0.596279139270771,153.118
highest-temperature-in-shanghai-on-june-9-2026,Highest temperature in Shanghai on June 9?,2026-06-07T04:34:03Z,2026-06-09T12:00:00Z,8,26°C,0x2488923e3cccb1742f4a230dfe8d79f6add52e0807b81809f1cd1e33028d03c1,84036100857155819931728194506958678774155362425129625655151905448772883585970,YES,depth_imbalance_5,book,valid_obs_200,valid_observation_steps,200,last_24h,154935,0.06530816525917503,0.5418031906322178,0.5192822796656662,114.056
highest-temperature-in-shanghai-on-june-9-2026,Highest temperature in Shanghai on June 9?,2026-06-07T04:34:03Z,2026-06-09T12:00:00Z,8,26°C,0x2488923e3cccb1742f4a230dfe8d79f6add52e0807b81809f1cd1e33028d03c1,84036100857155819931728194506958678774155362425129625655151905448772883585970,YES,depth_imbalance_5,book,valid_obs_200,valid_observation_steps,200,last_6h,41583,0.14567653999533395,0.5593875697417932,0.07329918476300411,86.295
highest-temperature-in-shanghai-on-june-9-2026,Highest temperature in Shanghai on June 9?,2026-06-07T04:34:03Z,2026-06-09T12:00:00Z,8,26°C,0x2488923e3cccb1742f4a230dfe8d79f6add52e0807b81809f1cd1e33028d03c1,84036100857155819931728194506958678774155362425129625655151905448772883585970,YES,microprice_minus_mid,book,valid_obs_200,valid_observation_steps,200,early_gt_24h,133840,0.1425282095895182,0.6197024095939594,0.596279139270771,153.118
highest-temperature-in-shanghai-on-june-9-2026,Highest temperature in Shanghai on June 9?,2026-06-07T04:34:03Z,2026-06-09T12:00:00Z,8,26°C,0x2488923e3cccb1742f4a230dfe8d79f6add52e0807b81809f1cd1e33028d03c1,84036100857155819931728194506958678774155362425129625655151905448772883585970,YES,microprice_minus_mid,book,valid_obs_200,valid_observation_steps,200,last_24h,154935,0.13504311779791695,0.5622583243823845,0.5192822796656662,114.056
highest-temperature-in-shanghai-on-june-9-2026,Highest temperature in Shanghai on June 9?,2026-06-07T04:34:03Z,2026-06-09T12:00:00Z,8,26°C,0x2488923e3cccb1742f4a230dfe8d79f6add52e0807b81809f1cd1e33028d03c1,84036100857155819931728194506958678774155362425129625655151905448772883585970,YES,microprice_minus_mid,book,valid_obs_200,valid_observation_steps,200,last_6h,41583,0.05697501468775661,0.5400804463474763,0.07329918476300411,86.295
highest-temperature-in-shanghai-on-june-9-2026,Highest temperature in Shanghai on June 9?,2026-06-07T04:34:03Z,2026-06-09T12:00:00Z,8,26°C,0x2488923e3cccb1742f4a230dfe8d79f6add52e0807b81809f1cd1e33028d03c1,84036100857155819931728194506958678774155362425129625655151905448772883585970,YES,ofi_30s,flow_clock_sensitive,valid_obs_200,valid_observation_steps,200,early_gt_24h,133840,0.009803498706001645,0.5058851834030426,0.596279139270771,153.118
highest-temperature-in-shanghai-on-june-9-2026,Highest temperature in Shanghai on June 9?,2026-06-07T04:34:03Z,2026-06-09T12:00:00Z,8,26°C,0x2488923e3cccb1742f4a230dfe8d79f6add52e0807b81809f1cd1e33028d03c1,84036100857155819931728194506958678774155362425129625655151905448772883585970,YES,ofi_30s,flow_clock_sensitive,valid_obs_200,valid_observation_steps,200,last_24h,154935,0.0174999177795505,0.5167696025778733,0.5192822796656662,114.056
highest-temperature-in-shanghai-on-june-9-2026,Highest temperature in Shanghai on June 9?,2026-06-07T04:34:03Z,2026-06-09T12:00:00Z,8,26°C,0x2488923e3cccb1742f4a230dfe8d79f6add52e0807b81809f1cd1e33028d03c1,84036100857155819931728194506958678774155362425129625655151905448772883585970,YES,ofi_30s,flow_clock_sensitive,valid_obs_200,valid_observation_steps,200,last_6h,41583,-0.0563866949296964,0.5099519916958609,0.07329918476300411,86.295
highest-temperature-in-shanghai-on-june-9-2026,Highest temperature in Shanghai on June 9?,2026-06-07T04:34:03Z,2026-06-09T12:00:00Z,8,26°C,0x2488923e3cccb1742f4a230dfe8d79f6add52e0807b81809f1cd1e33028d03c1,84036100857155819931728194506958678774155362425129625655151905448772883585970,YES,trade_pressure_30s,flow_clock_sensitive,valid_obs_200,valid_observation_steps,200,early_gt_24h,133840,-0.0010217208702756088,0.48521301402820444,0.596279139270771,153.118
highest-temperature-in-shanghai-on-june-9-2026,Highest temperature in Shanghai on June 9?,2026-06-07T04:34:03Z,2026-06-09T12:00:00Z,8,26°C,0x2488923e3cccb1742f4a230dfe8d79f6add52e0807b81809f1cd1e33028d03c1,84036100857155819931728194506958678774155362425129625655151905448772883585970,YES,trade_pressure_30s,flow_clock_sensitive,valid_obs_200,valid_observation_steps,200,last_24h,154935,0.11428478186720421,0.57328141783029,0.5192822796656662,114.056
highest-temperature-in-shanghai-on-june-9-2026,Highest temperature in Shanghai on June 9?,2026-06-07T04:34:03Z,2026-06-09T12:00:00Z,8,26°C,0x2488923e3cccb1742f4a230dfe8d79f6add52e0807b81809f1cd1e33028d03c1,84036100857155819931728194506958678774155362425129625655151905448772883585970,YES,trade_pressure_30s,flow_clock_sensitive,valid_obs_200,valid_observation_steps,200,last_6h,41583,-0.020874429221179124,0.46575840145322434,0.07329918476300411,86.295
highest-temperature-in-shanghai-on-june-9-2026,Highest temperature in Shanghai on June 9?,2026-06-07T04:34:03Z,2026-06-09T12:00:00Z,9,27°C,0x15a54d2d69dbe4ba0be84b4be5d634bcd81fb2659e4c211167ce7345c0f29ef7,8027430777184882285423173626503131257499585722975011528474150083679962657468,YES,depth_imbalance_1,book,wall_60s,wall_clock_seconds,60,early_gt_24h,76068,0.1251046619050655,0.5953944096289665,0.7356838618078562,62.004
highest-temperature-in-shanghai-on-june-9-2026,Highest temperature in Shanghai on June 9?,2026-06-07T04:34:03Z,2026-06-09T12:00:00Z,9,27°C,0x15a54d2d69dbe4ba0be84b4be5d634bcd81fb2659e4c211167ce7345c0f29ef7,8027430777184882285423173626503131257499585722975011528474150083679962657468,YES,depth_imbalance_1,book,wall_60s,wall_clock_seconds,60,last_24h,60245,0.16646401797320315,0.6743048897411313,0.8268735994688355,61.476
highest-temperature-in-shanghai-on-june-9-2026,Highest temperature in Shanghai on June 9?,2026-06-07T04:34:03Z,2026-06-09T12:00:00Z,9,27°C,0x15a54d2d69dbe4ba0be84b4be5d634bcd81fb2659e4c211167ce7345c0f29ef7,8027430777184882285423173626503131257499585722975011528474150083679962657468,YES,depth_imbalance_1,book,wall_60s,wall_clock_seconds,60,last_6h,13456,0.3694436827743242,0.7672853828306264,0.6796967895362663,60.773
highest-temperature-in-shanghai-on-june-9-2026,Highest temperature in Shanghai on June 9?,2026-06-07T04:34:03Z,2026-06-09T12:00:00Z,9,27°C,0x15a54d2d69dbe4ba0be84b4be5d634bcd81fb2659e4c211167ce7345c0f29ef7,8027430777184882285423173626503131257499585722975011528474150083679962657468,YES,depth_imbalance_3,book,wall_60s,wall_clock_seconds,60,early_gt_24h,76068,0.06338447038118418,0.5529692629065951,0.7356838618078562,62.004
highest-temperature-in-shanghai-on-june-9-2026,Highest temperature in Shanghai on June 9?,2026-06-07T04:34:03Z,2026-06-09T12:00:00Z,9,27°C,0x15a54d2d69dbe4ba0be84b4be5d634bcd81fb2659e4c211167ce7345c0f29ef7,8027430777184882285423173626503131257499585722975011528474150083679962657468,YES,depth_imbalance_3,book,wall_60s,wall_clock_seconds,60,last_24h,60245,0.03833559002282672,0.5347075743048897,0.8268735994688355,61.476
highest-temperature-in-shanghai-on-june-9-2026,Highest temperature in Shanghai on June 9?,2026-06-07T04:34:03Z,2026-06-09T12:00:00Z,9,27°C,0x15a54d2d69dbe4ba0be84b4be5d634bcd81fb2659e4c211167ce7345c0f29ef7,8027430777184882285423173626503131257499585722975011528474150083679962657468,YES,depth_imbalance_3,book,wall_60s,wall_clock_seconds,60,last_6h,13456,0.12323061611331702,0.554292343387471,0.6796967895362663,60.773
highest-temperature-in-shanghai-on-june-9-2026,Highest temperature in Shanghai on June 9?,2026-06-07T04:34:03Z,2026-06-09T12:00:00Z,9,27°C,0x15a54d2d69dbe4ba0be84b4be5d634bcd81fb2659e4c211167ce7345c0f29ef7,8027430777184882285423173626503131257499585722975011528474150083679962657468,YES,depth_imbalance_5,book,wall_60s,wall_clock_seconds,60,early_gt_24h,76068,0.04529132903816182,0.5384462349547399,0.7356838618078562,62.004
highest-temperature-in-shanghai-on-june-9-2026,Highest temperature in Shanghai on June 9?,2026-06-07T04:34:03Z,2026-06-09T12:00:00Z,9,27°C,0x15a54d2d69dbe4ba0be84b4be5d634bcd81fb2659e4c211167ce7345c0f29ef7,8027430777184882285423173626503131257499585722975011528474150083679962657468,YES,depth_imbalance_5,book,wall_60s,wall_clock_seconds,60,last_24h,60245,0.05302329526782007,0.5805369127516778,0.8268735994688355,61.476
highest-temperature-in-shanghai-on-june-9-2026,Highest temperature in Shanghai on June 9?,2026-06-07T04:34:03Z,2026-06-09T12:00:00Z,9,27°C,0x15a54d2d69dbe4ba0be84b4be5d634bcd81fb2659e4c211167ce7345c0f29ef7,8027430777184882285423173626503131257499585722975011528474150083679962657468,YES,depth_imbalance_5,book,wall_60s,wall_clock_seconds,60,last_6h,13456,0.09528781442383458,0.5097447795823666,0.6796967895362663,60.773
highest-temperature-in-shanghai-on-june-9-2026,Highest temperature in Shanghai on June 9?,2026-06-07T04:34:03Z,2026-06-09T12:00:00Z,9,27°C,0x15a54d2d69dbe4ba0be84b4be5d634bcd81fb2659e4c211167ce7345c0f29ef7,8027430777184882285423173626503131257499585722975011528474150083679962657468,YES,microprice_minus_mid,book,wall_60s,wall_clock_seconds,60,early_gt_24h,76068,0.11338239862689853,0.6100169103750125,0.7356838618078562,62.004
highest-temperature-in-shanghai-on-june-9-2026,Highest temperature in Shanghai on June 9?,2026-06-07T04:34:03Z,2026-06-09T12:00:00Z,9,27°C,0x15a54d2d69dbe4ba0be84b4be5d634bcd81fb2659e4c211167ce7345c0f29ef7,8027430777184882285423173626503131257499585722975011528474150083679962657468,YES,microprice_minus_mid,book,wall_60s,wall_clock_seconds,60,last_24h,60245,0.17138155011588121,0.6697027804410355,0.8268735994688355,61.476
highest-temperature-in-shanghai-on-june-9-2026,Highest temperature in Shanghai on June 9?,2026-06-07T04:34:03Z,2026-06-09T12:00:00Z,9,27°C,0x15a54d2d69dbe4ba0be84b4be5d634bcd81fb2659e4c211167ce7345c0f29ef7,8027430777184882285423173626503131257499585722975011528474150083679962657468,YES,microprice_minus_mid,book,wall_60s,wall_clock_seconds,60,last_6h,13456,0.16503460319080757,0.5357308584686775,0.6796967895362663,60.773
highest-temperature-in-shanghai-on-june-9-2026,Highest temperature in Shanghai on June 9?,2026-06-07T04:34:03Z,2026-06-09T12:00:00Z,9,27°C,0x15a54d2d69dbe4ba0be84b4be5d634bcd81fb2659e4c211167ce7345c0f29ef7,8027430777184882285423173626503131257499585722975011528474150083679962657468,YES,ofi_30s,flow_clock_sensitive,wall_60s,wall_clock_seconds,60,early_gt_24h,76068,0.009909984817384813,0.4793593952054113,0.7356838618078562,62.004
highest-temperature-in-shanghai-on-june-9-2026,Highest temperature in Shanghai on June 9?,2026-06-07T04:34:03Z,2026-06-09T12:00:00Z,9,27°C,0x15a54d2d69dbe4ba0be84b4be5d634bcd81fb2659e4c211167ce7345c0f29ef7,8027430777184882285423173626503131257499585722975011528474150083679962657468,YES,ofi_30s,flow_clock_sensitive,wall_60s,wall_clock_seconds,60,last_24h,60245,0.11754402924418625,0.6210930009587727,0.8268735994688355,61.476
highest-temperature-in-shanghai-on-june-9-2026,Highest temperature in Shanghai on June 9?,2026-06-07T04:34:03Z,2026-06-09T12:00:00Z,9,27°C,0x15a54d2d69dbe4ba0be84b4be5d634bcd81fb2659e4c211167ce7345c0f29ef7,8027430777184882285423173626503131257499585722975011528474150083679962657468,YES,ofi_30s,flow_clock_sensitive,wall_60s,wall_clock_seconds,60,last_6h,13456,0.07643389533729565,0.5062645011600928,0.6796967895362663,60.773
highest-temperature-in-shanghai-on-june-9-2026,Highest temperature in Shanghai on June 9?,2026-06-07T04:34:03Z,2026-06-09T12:00:00Z,9,27°C,0x15a54d2d69dbe4ba0be84b4be5d634bcd81fb2659e4c211167ce7345c0f29ef7,8027430777184882285423173626503131257499585722975011528474150083679962657468,YES,trade_pressure_30s,flow_clock_sensitive,wall_60s,wall_clock_seconds,60,early_gt_24h,76068,-0.02197206383448165,0.47891176763155274,0.7356838618078562,62.004
highest-temperature-in-shanghai-on-june-9-2026,Highest temperature in Shanghai on June 9?,2026-06-07T04:34:03Z,2026-06-09T12:00:00Z,9,27°C,0x15a54d2d69dbe4ba0be84b4be5d634bcd81fb2659e4c211167ce7345c0f29ef7,8027430777184882285423173626503131257499585722975011528474150083679962657468,YES,trade_pressure_30s,flow_clock_sensitive,wall_60s,wall_clock_seconds,60,last_24h,60245,0.15366172973916978,0.6194630872483221,0.8268735994688355,61.476
highest-temperature-in-shanghai-on-june-9-2026,Highest temperature in Shanghai on June 9?,2026-06-07T04:34:03Z,2026-06-09T12:00:00Z,9,27°C,0x15a54d2d69dbe4ba0be84b4be5d634bcd81fb2659e4c211167ce7345c0f29ef7,8027430777184882285423173626503131257499585722975011528474150083679962657468,YES,trade_pressure_30s,flow_clock_sensitive,wall_60s,wall_clock_seconds,60,last_6h,13456,0.03304873802608825,0.47610208816705335,0.6796967895362663,60.773
highest-temperature-in-shanghai-on-june-9-2026,Highest temperature in Shanghai on June 9?,2026-06-07T04:34:03Z,2026-06-09T12:00:00Z,9,27°C,0x15a54d2d69dbe4ba0be84b4be5d634bcd81fb2659e4c211167ce7345c0f29ef7,8027430777184882285423173626503131257499585722975011528474150083679962657468,YES,depth_imbalance_1,book,wall_300s,wall_clock_seconds,300,early_gt_24h,75664,0.11226178426152919,0.5556596542032195,0.5344813914146754,302.663
highest-temperature-in-shanghai-on-june-9-2026,Highest temperature in Shanghai on June 9?,2026-06-07T04:34:03Z,2026-06-09T12:00:00Z,9,27°C,0x15a54d2d69dbe4ba0be84b4be5d634bcd81fb2659e4c211167ce7345c0f29ef7,8027430777184882285423173626503131257499585722975011528474150083679962657468,YES,depth_imbalance_1,book,wall_300s,wall_clock_seconds,300,last_24h,60245,0.2287768117136284,0.682215605652441,0.6487841314631919,301.958
highest-temperature-in-shanghai-on-june-9-2026,Highest temperature in Shanghai on June 9?,2026-06-07T04:34:03Z,2026-06-09T12:00:00Z,9,27°C,0x15a54d2d69dbe4ba0be84b4be5d634bcd81fb2659e4c211167ce7345c0f29ef7,8027430777184882285423173626503131257499585722975011528474150083679962657468,YES,depth_imbalance_1,book,wall_300s,wall_clock_seconds,300,last_6h,12757,0.2303007447432514,0.632840141524606,0.5125813278984087,301.08
highest-temperature-in-shanghai-on-june-9-2026,Highest temperature in Shanghai on June 9?,2026-06-07T04:34:03Z,2026-06-09T12:00:00Z,9,27°C,0x15a54d2d69dbe4ba0be84b4be5d634bcd81fb2659e4c211167ce7345c0f29ef7,8027430777184882285423173626503131257499585722975011528474150083679962657468,YES,depth_imbalance_3,book,wall_300s,wall_clock_seconds,300,early_gt_24h,75664,0.08034279313843104,0.5561422933878432,0.5344813914146754,302.663
highest-temperature-in-shanghai-on-june-9-2026,Highest temperature in Shanghai on June 9?,2026-06-07T04:34:03Z,2026-06-09T12:00:00Z,9,27°C,0x15a54d2d69dbe4ba0be84b4be5d634bcd81fb2659e4c211167ce7345c0f29ef7,8027430777184882285423173626503131257499585722975011528474150083679962657468,YES,depth_imbalance_3,book,wall_300s,wall_clock_seconds,300,last_24h,60245,0.01792707838723903,0.49931471241552056,0.6487841314631919,301.958
highest-temperature-in-shanghai-on-june-9-2026,Highest temperature in Shanghai on June 9?,2026-06-07T04:34:03Z,2026-06-09T12:00:00Z,9,27°C,0x15a54d2d69dbe4ba0be84b4be5d634bcd81fb2659e4c211167ce7345c0f29ef7,8027430777184882285423173626503131257499585722975011528474150083679962657468,YES,depth_imbalance_3,book,wall_300s,wall_clock_seconds,300,last_6h,12757,0.09126875572104476,0.49646188485043424,0.5125813278984087,301.08
highest-temperature-in-shanghai-on-june-9-2026,Highest temperature in Shanghai on June 9?,2026-06-07T04:34:03Z,2026-06-09T12:00:00Z,9,27°C,0x15a54d2d69dbe4ba0be84b4be5d634bcd81fb2659e4c211167ce7345c0f29ef7,8027430777184882285423173626503131257499585722975011528474150083679962657468,YES,depth_imbalance_5,book,wall_300s,wall_clock_seconds,300,early_gt_24h,75664,0.04201842861408468,0.5415495556880447,0.5344813914146754,302.663
highest-temperature-in-shanghai-on-june-9-2026,Highest temperature in Shanghai on June 9?,2026-06-07T04:34:03Z,2026-06-09T12:00:00Z,9,27°C,0x15a54d2d69dbe4ba0be84b4be5d634bcd81fb2659e4c211167ce7345c0f29ef7,8027430777184882285423173626503131257499585722975011528474150083679962657468,YES,depth_imbalance_5,book,wall_300s,wall_clock_seconds,300,last_24h,60245,0.09634035614047212,0.5883075759723995,0.6487841314631919,301.958
highest-temperature-in-shanghai-on-june-9-2026,Highest temperature in Shanghai on June 9?,2026-06-07T04:34:03Z,2026-06-09T12:00:00Z,9,27°C,0x15a54d2d69dbe4ba0be84b4be5d634bcd81fb2659e4c211167ce7345c0f29ef7,8027430777184882285423173626503131257499585722975011528474150083679962657468,YES,depth_imbalance_5,book,wall_300s,wall_clock_seconds,300,last_6h,12757,0.03331015409615258,0.5167256352524927,0.5125813278984087,301.08
highest-temperature-in-shanghai-on-june-9-2026,Highest temperature in Shanghai on June 9?,2026-06-07T04:34:03Z,2026-06-09T12:00:00Z,9,27°C,0x15a54d2d69dbe4ba0be84b4be5d634bcd81fb2659e4c211167ce7345c0f29ef7,8027430777184882285423173626503131257499585722975011528474150083679962657468,YES,microprice_minus_mid,book,wall_300s,wall_clock_seconds,300,early_gt_24h,75664,0.0949951825757725,0.5736876472759277,0.5344813914146754,302.663
highest-temperature-in-shanghai-on-june-9-2026,Highest temperature in Shanghai on June 9?,2026-06-07T04:34:03Z,2026-06-09T12:00:00Z,9,27°C,0x15a54d2d69dbe4ba0be84b4be5d634bcd81fb2659e4c211167ce7345c0f29ef7,8027430777184882285423173626503131257499585722975011528474150083679962657468,YES,microprice_minus_mid,book,wall_300s,wall_clock_seconds,300,last_24h,60245,0.1899849846513367,0.6440285457724845,0.6487841314631919,301.958
highest-temperature-in-shanghai-on-june-9-2026,Highest temperature in Shanghai on June 9?,2026-06-07T04:34:03Z,2026-06-09T12:00:00Z,9,27°C,0x15a54d2d69dbe4ba0be84b4be5d634bcd81fb2659e4c211167ce7345c0f29ef7,8027430777184882285423173626503131257499585722975011528474150083679962657468,YES,microprice_minus_mid,book,wall_300s,wall_clock_seconds,300,last_6h,12757,-0.1254537742208284,0.4263428755226761,0.5125813278984087,301.08
highest-temperature-in-shanghai-on-june-9-2026,Highest temperature in Shanghai on June 9?,2026-06-07T04:34:03Z,2026-06-09T12:00:00Z,9,27°C,0x15a54d2d69dbe4ba0be84b4be5d634bcd81fb2659e4c211167ce7345c0f29ef7,8027430777184882285423173626503131257499585722975011528474150083679962657468,YES,ofi_30s,flow_clock_sensitive,wall_300s,wall_clock_seconds,300,early_gt_24h,75664,0.03942650668700001,0.5150895721545581,0.5344813914146754,302.663
highest-temperature-in-shanghai-on-june-9-2026,Highest temperature in Shanghai on June 9?,2026-06-07T04:34:03Z,2026-06-09T12:00:00Z,9,27°C,0x15a54d2d69dbe4ba0be84b4be5d634bcd81fb2659e4c211167ce7345c0f29ef7,8027430777184882285423173626503131257499585722975011528474150083679962657468,YES,ofi_30s,flow_clock_sensitive,wall_300s,wall_clock_seconds,300,last_24h,60245,0.153797824911065,0.6410983505836759,0.6487841314631919,301.958
highest-temperature-in-shanghai-on-june-9-2026,Highest temperature in Shanghai on June 9?,2026-06-07T04:34:03Z,2026-06-09T12:00:00Z,9,27°C,0x15a54d2d69dbe4ba0be84b4be5d634bcd81fb2659e4c211167ce7345c0f29ef7,8027430777184882285423173626503131257499585722975011528474150083679962657468,YES,ofi_30s,flow_clock_sensitive,wall_300s,wall_clock_seconds,300,last_6h,12757,-0.14859565346326598,0.3571888066902541,0.5125813278984087,301.08
highest-temperature-in-shanghai-on-june-9-2026,Highest temperature in Shanghai on June 9?,2026-06-07T04:34:03Z,2026-06-09T12:00:00Z,9,27°C,0x15a54d2d69dbe4ba0be84b4be5d634bcd81fb2659e4c211167ce7345c0f29ef7,8027430777184882285423173626503131257499585722975011528474150083679962657468,YES,trade_pressure_30s,flow_clock_sensitive,wall_300s,wall_clock_seconds,300,early_gt_24h,75664,-0.012923816295010703,0.49504585072253926,0.5344813914146754,302.663
highest-temperature-in-shanghai-on-june-9-2026,Highest temperature in Shanghai on June 9?,2026-06-07T04:34:03Z,2026-06-09T12:00:00Z,9,27°C,0x15a54d2d69dbe4ba0be84b4be5d634bcd81fb2659e4c211167ce7345c0f29ef7,8027430777184882285423173626503131257499585722975011528474150083679962657468,YES,trade_pressure_30s,flow_clock_sensitive,wall_300s,wall_clock_seconds,300,last_24h,60245,0.12150110688923282,0.6289994801266601,0.6487841314631919,301.958
highest-temperature-in-shanghai-on-june-9-2026,Highest temperature in Shanghai on June 9?,2026-06-07T04:34:03Z,2026-06-09T12:00:00Z,9,27°C,0x15a54d2d69dbe4ba0be84b4be5d634bcd81fb2659e4c211167ce7345c0f29ef7,8027430777184882285423173626503131257499585722975011528474150083679962657468,YES,trade_pressure_30s,flow_clock_sensitive,wall_300s,wall_clock_seconds,300,last_6h,12757,-0.3149704766598139,0.2672885172081055,0.5125813278984087,301.08
highest-temperature-in-shanghai-on-june-9-2026,Highest temperature in Shanghai on June 9?,2026-06-07T04:34:03Z,2026-06-09T12:00:00Z,9,27°C,0x15a54d2d69dbe4ba0be84b4be5d634bcd81fb2659e4c211167ce7345c0f29ef7,8027430777184882285423173626503131257499585722975011528474150083679962657468,YES,depth_imbalance_1,book,wall_900s,wall_clock_seconds,900,early_gt_24h,74560,0.03421574190670882,0.5202780528219533,0.3362795064377682,902.701
highest-temperature-in-shanghai-on-june-9-2026,Highest temperature in Shanghai on June 9?,2026-06-07T04:34:03Z,2026-06-09T12:00:00Z,9,27°C,0x15a54d2d69dbe4ba0be84b4be5d634bcd81fb2659e4c211167ce7345c0f29ef7,8027430777184882285423173626503131257499585722975011528474150083679962657468,YES,depth_imbalance_1,book,wall_900s,wall_clock_seconds,900,last_24h,60245,0.0922413367072933,0.5830509548088799,0.4758569175865217,902.118
highest-temperature-in-shanghai-on-june-9-2026,Highest temperature in Shanghai on June 9?,2026-06-07T04:34:03Z,2026-06-09T12:00:00Z,9,27°C,0x15a54d2d69dbe4ba0be84b4be5d634bcd81fb2659e4c211167ce7345c0f29ef7,8027430777184882285423173626503131257499585722975011528474150083679962657468,YES,depth_imbalance_1,book,wall_900s,wall_clock_seconds,900,last_6h,11199,0.31413041283832016,0.623458481775829,0.3483346727386374,901.469
highest-temperature-in-shanghai-on-june-9-2026,Highest temperature in Shanghai on June 9?,2026-06-07T04:34:03Z,2026-06-09T12:00:00Z,9,27°C,0x15a54d2d69dbe4ba0be84b4be5d634bcd81fb2659e4c211167ce7345c0f29ef7,8027430777184882285423173626503131257499585722975011528474150083679962657468,YES,depth_imbalance_3,book,wall_900s,wall_clock_seconds,900,early_gt_24h,74560,0.10581915831758201,0.551781275890638,0.3362795064377682,902.701
highest-temperature-in-shanghai-on-june-9-2026,Highest temperature in Shanghai on June 9?,2026-06-07T04:34:03Z,2026-06-09T12:00:00Z,9,27°C,0x15a54d2d69dbe4ba0be84b4be5d634bcd81fb2659e4c211167ce7345c0f29ef7,8027430777184882285423173626503131257499585722975011528474150083679962657468,YES,depth_imbalance_3,book,wall_900s,wall_clock_seconds,900,last_24h,60245,-0.07382664190888784,0.4589733033537068,0.4758569175865217,902.118
highest-temperature-in-shanghai-on-june-9-2026,Highest temperature in Shanghai on June 9?,2026-06-07T04:34:03Z,2026-06-09T12:00:00Z,9,27°C,0x15a54d2d69dbe4ba0be84b4be5d634bcd81fb2659e4c211167ce7345c0f29ef7,8027430777184882285423173626503131257499585722975011528474150083679962657468,YES,depth_imbalance_3,book,wall_900s,wall_clock_seconds,900,last_6h,11199,0.2588321831600146,0.611674431351055,0.3483346727386374,901.469
highest-temperature-in-shanghai-on-june-9-2026,Highest temperature in Shanghai on June 9?,2026-06-07T04:34:03Z,2026-06-09T12:00:00Z,9,27°C,0x15a54d2d69dbe4ba0be84b4be5d634bcd81fb2659e4c211167ce7345c0f29ef7,8027430777184882285423173626503131257499585722975011528474150083679962657468,YES,depth_imbalance_5,book,wall_900s,wall_clock_seconds,900,early_gt_24h,74560,0.07675765899741437,0.5327863883444137,0.3362795064377682,902.701
highest-temperature-in-shanghai-on-june-9-2026,Highest temperature in Shanghai on June 9?,2026-06-07T04:34:03Z,2026-06-09T12:00:00Z,9,27°C,0x15a54d2d69dbe4ba0be84b4be5d634bcd81fb2659e4c211167ce7345c0f29ef7,8027430777184882285423173626503131257499585722975011528474150083679962657468,YES,depth_imbalance_5,book,wall_900s,wall_clock_seconds,900,last_24h,60245,0.07102876541512793,0.5320644773094341,0.4758569175865217,902.118
highest-temperature-in-shanghai-on-june-9-2026,Highest temperature in Shanghai on June 9?,2026-06-07T04:34:03Z,2026-06-09T12:00:00Z,9,27°C,0x15a54d2d69dbe4ba0be84b4be5d634bcd81fb2659e4c211167ce7345c0f29ef7,8027430777184882285423173626503131257499585722975011528474150083679962657468,YES,depth_imbalance_5,book,wall_900s,wall_clock_seconds,900,last_6h,11199,0.286761581567111,0.6583995615237052,0.3483346727386374,901.469
highest-temperature-in-shanghai-on-june-9-2026,Highest temperature in Shanghai on June 9?,2026-06-07T04:34:03Z,2026-06-09T12:00:00Z,9,27°C,0x15a54d2d69dbe4ba0be84b4be5d634bcd81fb2659e4c211167ce7345c0f29ef7,8027430777184882285423173626503131257499585722975011528474150083679962657468,YES,microprice_minus_mid,book,wall_900s,wall_clock_seconds,900,early_gt_24h,74560,0.03488108948741596,0.5419605148826965,0.3362795064377682,902.701
highest-temperature-in-shanghai-on-june-9-2026,Highest temperature in Shanghai on June 9?,2026-06-07T04:34:03Z,2026-06-09T12:00:00Z,9,27°C,0x15a54d2d69dbe4ba0be84b4be5d634bcd81fb2659e4c211167ce7345c0f29ef7,8027430777184882285423173626503131257499585722975011528474150083679962657468,YES,microprice_minus_mid,book,wall_900s,wall_clock_seconds,900,last_24h,60245,0.021406088901569198,0.5345662982550591,0.4758569175865217,902.118
highest-temperature-in-shanghai-on-june-9-2026,Highest temperature in Shanghai on June 9?,2026-06-07T04:34:03Z,2026-06-09T12:00:00Z,9,27°C,0x15a54d2d69dbe4ba0be84b4be5d634bcd81fb2659e4c211167ce7345c0f29ef7,8027430777184882285423173626503131257499585722975011528474150083679962657468,YES,microprice_minus_mid,book,wall_900s,wall_clock_seconds,900,last_6h,11199,-0.07746771154548522,0.45615237051246915,0.3483346727386374,901.469
highest-temperature-in-shanghai-on-june-9-2026,Highest temperature in Shanghai on June 9?,2026-06-07T04:34:03Z,2026-06-09T12:00:00Z,9,27°C,0x15a54d2d69dbe4ba0be84b4be5d634bcd81fb2659e4c211167ce7345c0f29ef7,8027430777184882285423173626503131257499585722975011528474150083679962657468,YES,ofi_30s,flow_clock_sensitive,wall_900s,wall_clock_seconds,900,early_gt_24h,74560,0.02352705670478764,0.5011821286398448,0.3362795064377682,902.701
highest-temperature-in-shanghai-on-june-9-2026,Highest temperature in Shanghai on June 9?,2026-06-07T04:34:03Z,2026-06-09T12:00:00Z,9,27°C,0x15a54d2d69dbe4ba0be84b4be5d634bcd81fb2659e4c211167ce7345c0f29ef7,8027430777184882285423173626503131257499585722975011528474150083679962657468,YES,ofi_30s,flow_clock_sensitive,wall_900s,wall_clock_seconds,900,last_24h,60245,0.03491658401985224,0.5620229914178041,0.4758569175865217,902.118
highest-temperature-in-shanghai-on-june-9-2026,Highest temperature in Shanghai on June 9?,2026-06-07T04:34:03Z,2026-06-09T12:00:00Z,9,27°C,0x15a54d2d69dbe4ba0be84b4be5d634bcd81fb2659e4c211167ce7345c0f29ef7,8027430777184882285423173626503131257499585722975011528474150083679962657468,YES,ofi_30s,flow_clock_sensitive,wall_900s,wall_clock_seconds,900,last_6h,11199,-0.16232935822817193,0.4286105782406139,0.3483346727386374,901.469
highest-temperature-in-shanghai-on-june-9-2026,Highest temperature in Shanghai on June 9?,2026-06-07T04:34:03Z,2026-06-09T12:00:00Z,9,27°C,0x15a54d2d69dbe4ba0be84b4be5d634bcd81fb2659e4c211167ce7345c0f29ef7,8027430777184882285423173626503131257499585722975011528474150083679962657468,YES,trade_pressure_30s,flow_clock_sensitive,wall_900s,wall_clock_seconds,900,early_gt_24h,74560,-0.006384587815683685,0.5023945682704549,0.3362795064377682,902.701
highest-temperature-in-shanghai-on-june-9-2026,Highest temperature in Shanghai on June 9?,2026-06-07T04:34:03Z,2026-06-09T12:00:00Z,9,27°C,0x15a54d2d69dbe4ba0be84b4be5d634bcd81fb2659e4c211167ce7345c0f29ef7,8027430777184882285423173626503131257499585722975011528474150083679962657468,YES,trade_pressure_30s,flow_clock_sensitive,wall_900s,wall_clock_seconds,900,last_24h,60245,-0.0534852152482271,0.5567660005700351,0.4758569175865217,902.118
highest-temperature-in-shanghai-on-june-9-2026,Highest temperature in Shanghai on June 9?,2026-06-07T04:34:03Z,2026-06-09T12:00:00Z,9,27°C,0x15a54d2d69dbe4ba0be84b4be5d634bcd81fb2659e4c211167ce7345c0f29ef7,8027430777184882285423173626503131257499585722975011528474150083679962657468,YES,trade_pressure_30s,flow_clock_sensitive,wall_900s,wall_clock_seconds,900,last_6h,11199,-0.29367422011560224,0.4545080844066868,0.3483346727386374,901.469
highest-temperature-in-shanghai-on-june-9-2026,Highest temperature in Shanghai on June 9?,2026-06-07T04:34:03Z,2026-06-09T12:00:00Z,9,27°C,0x15a54d2d69dbe4ba0be84b4be5d634bcd81fb2659e4c211167ce7345c0f29ef7,8027430777184882285423173626503131257499585722975011528474150083679962657468,YES,depth_imbalance_1,book,valid_obs_10,valid_observation_steps,10,early_gt_24h,76302,0.115045570696531,0.602020202020202,0.8248407643312102,19.542
highest-temperature-in-shanghai-on-june-9-2026,Highest temperature in Shanghai on June 9?,2026-06-07T04:34:03Z,2026-06-09T12:00:00Z,9,27°C,0x15a54d2d69dbe4ba0be84b4be5d634bcd81fb2659e4c211167ce7345c0f29ef7,8027430777184882285423173626503131257499585722975011528474150083679962657468,YES,depth_imbalance_1,book,valid_obs_10,valid_observation_steps,10,last_24h,60245,0.10342271292141197,0.6621392190152802,0.9315627852933853,10.341
highest-temperature-in-shanghai-on-june-9-2026,Highest temperature in Shanghai on June 9?,2026-06-07T04:34:03Z,2026-06-09T12:00:00Z,9,27°C,0x15a54d2d69dbe4ba0be84b4be5d634bcd81fb2659e4c211167ce7345c0f29ef7,8027430777184882285423173626503131257499585722975011528474150083679962657468,YES,depth_imbalance_1,book,valid_obs_10,valid_observation_steps,10,last_6h,13607,0.18071126413601193,0.7097026604068858,0.9060777540971559,5.793
highest-temperature-in-shanghai-on-june-9-2026,Highest temperature in Shanghai on June 9?,2026-06-07T04:34:03Z,2026-06-09T12:00:00Z,9,27°C,0x15a54d2d69dbe4ba0be84b4be5d634bcd81fb2659e4c211167ce7345c0f29ef7,8027430777184882285423173626503131257499585722975011528474150083679962657468,YES,depth_imbalance_3,book,valid_obs_10,valid_observation_steps,10,early_gt_24h,76302,0.048899995436956896,0.547549569771792,0.8248407643312102,19.542
highest-temperature-in-shanghai-on-june-9-2026,Highest temperature in Shanghai on June 9?,2026-06-07T04:34:03Z,2026-06-09T12:00:00Z,9,27°C,0x15a54d2d69dbe4ba0be84b4be5d634bcd81fb2659e4c211167ce7345c0f29ef7,8027430777184882285423173626503131257499585722975011528474150083679962657468,YES,depth_imbalance_3,book,valid_obs_10,valid_observation_steps,10,last_24h,60245,0.021717411221786248,0.5253456221198156,0.9315627852933853,10.341
highest-temperature-in-shanghai-on-june-9-2026,Highest temperature in Shanghai on June 9?,2026-06-07T04:34:03Z,2026-06-09T12:00:00Z,9,27°C,0x15a54d2d69dbe4ba0be84b4be5d634bcd81fb2659e4c211167ce7345c0f29ef7,8027430777184882285423173626503131257499585722975011528474150083679962657468,YES,depth_imbalance_3,book,valid_obs_10,valid_observation_steps,10,last_6h,13607,0.08502466568050755,0.5790297339593115,0.9060777540971559,5.793
highest-temperature-in-shanghai-on-june-9-2026,Highest temperature in Shanghai on June 9?,2026-06-07T04:34:03Z,2026-06-09T12:00:00Z,9,27°C,0x15a54d2d69dbe4ba0be84b4be5d634bcd81fb2659e4c211167ce7345c0f29ef7,8027430777184882285423173626503131257499585722975011528474150083679962657468,YES,depth_imbalance_5,book,valid_obs_10,valid_observation_steps,10,early_gt_24h,76302,0.03898270565882283,0.5298915076692855,0.8248407643312102,19.542
highest-temperature-in-shanghai-on-june-9-2026,Highest temperature in Shanghai on June 9?,2026-06-07T04:34:03Z,2026-06-09T12:00:00Z,9,27°C,0x15a54d2d69dbe4ba0be84b4be5d634bcd81fb2659e4c211167ce7345c0f29ef7,8027430777184882285423173626503131257499585722975011528474150083679962657468,YES,depth_imbalance_5,book,valid_obs_10,valid_observation_steps,10,last_24h,60245,0.018857394242132477,0.5357749211739025,0.9315627852933853,10.341
highest-temperature-in-shanghai-on-june-9-2026,Highest temperature in Shanghai on June 9?,2026-06-07T04:34:03Z,2026-06-09T12:00:00Z,9,27°C,0x15a54d2d69dbe4ba0be84b4be5d634bcd81fb2659e4c211167ce7345c0f29ef7,8027430777184882285423173626503131257499585722975011528474150083679962657468,YES,depth_imbalance_5,book,valid_obs_10,valid_observation_steps,10,last_6h,13607,0.04980822268680126,0.5602503912363067,0.9060777540971559,5.793
highest-temperature-in-shanghai-on-june-9-2026,Highest temperature in Shanghai on June 9?,2026-06-07T04:34:03Z,2026-06-09T12:00:00Z,9,27°C,0x15a54d2d69dbe4ba0be84b4be5d634bcd81fb2659e4c211167ce7345c0f29ef7,8027430777184882285423173626503131257499585722975011528474150083679962657468,YES,microprice_minus_mid,book,valid_obs_10,valid_observation_steps,10,early_gt_24h,76302,0.11426915999562115,0.6191545080433969,0.8248407643312102,19.542
highest-temperature-in-shanghai-on-june-9-2026,Highest temperature in Shanghai on June 9?,2026-06-07T04:34:03Z,2026-06-09T12:00:00Z,9,27°C,0x15a54d2d69dbe4ba0be84b4be5d634bcd81fb2659e4c211167ce7345c0f29ef7,8027430777184882285423173626503131257499585722975011528474150083679962657468,YES,microprice_minus_mid,book,valid_obs_10,valid_observation_steps,10,last_24h,60245,0.08741111822169337,0.6366723259762309,0.9315627852933853,10.341
highest-temperature-in-shanghai-on-june-9-2026,Highest temperature in Shanghai on June 9?,2026-06-07T04:34:03Z,2026-06-09T12:00:00Z,9,27°C,0x15a54d2d69dbe4ba0be84b4be5d634bcd81fb2659e4c211167ce7345c0f29ef7,8027430777184882285423173626503131257499585722975011528474150083679962657468,YES,microprice_minus_mid,book,valid_obs_10,valid_observation_steps,10,last_6h,13607,0.12512498950484982,0.6025039123630673,0.9060777540971559,5.793
highest-temperature-in-shanghai-on-june-9-2026,Highest temperature in Shanghai on June 9?,2026-06-07T04:34:03Z,2026-06-09T12:00:00Z,9,27°C,0x15a54d2d69dbe4ba0be84b4be5d634bcd81fb2659e4c211167ce7345c0f29ef7,8027430777184882285423173626503131257499585722975011528474150083679962657468,YES,ofi_30s,flow_clock_sensitive,valid_obs_10,valid_observation_steps,10,early_gt_24h,76302,-0.009819794393450449,0.46539468761690983,0.8248407643312102,19.542
highest-temperature-in-shanghai-on-june-9-2026,Highest temperature in Shanghai on June 9?,2026-06-07T04:34:03Z,2026-06-09T12:00:00Z,9,27°C,0x15a54d2d69dbe4ba0be84b4be5d634bcd81fb2659e4c211167ce7345c0f29ef7,8027430777184882285423173626503131257499585722975011528474150083679962657468,YES,ofi_30s,flow_clock_sensitive,valid_obs_10,valid_observation_steps,10,last_24h,60245,0.059055489190403966,0.6000485083676934,0.9315627852933853,10.341
highest-temperature-in-shanghai-on-june-9-2026,Highest temperature in Shanghai on June 9?,2026-06-07T04:34:03Z,2026-06-09T12:00:00Z,9,27°C,0x15a54d2d69dbe4ba0be84b4be5d634bcd81fb2659e4c211167ce7345c0f29ef7,8027430777184882285423173626503131257499585722975011528474150083679962657468,YES,ofi_30s,flow_clock_sensitive,valid_obs_10,valid_observation_steps,10,last_6h,13607,0.005533897317388449,0.4726134585289515,0.9060777540971559,5.793
highest-temperature-in-shanghai-on-june-9-2026,Highest temperature in Shanghai on June 9?,2026-06-07T04:34:03Z,2026-06-09T12:00:00Z,9,27°C,0x15a54d2d69dbe4ba0be84b4be5d634bcd81fb2659e4c211167ce7345c0f29ef7,8027430777184882285423173626503131257499585722975011528474150083679962657468,YES,trade_pressure_30s,flow_clock_sensitive,valid_obs_10,valid_observation_steps,10,early_gt_24h,76302,-0.03100722242429712,0.46621773288439955,0.8248407643312102,19.542
highest-temperature-in-shanghai-on-june-9-2026,Highest temperature in Shanghai on June 9?,2026-06-07T04:34:03Z,2026-06-09T12:00:00Z,9,27°C,0x15a54d2d69dbe4ba0be84b4be5d634bcd81fb2659e4c211167ce7345c0f29ef7,8027430777184882285423173626503131257499585722975011528474150083679962657468,YES,trade_pressure_30s,flow_clock_sensitive,valid_obs_10,valid_observation_steps,10,last_24h,60245,0.05874401716128605,0.5857385398981324,0.9315627852933853,10.341
highest-temperature-in-shanghai-on-june-9-2026,Highest temperature in Shanghai on June 9?,2026-06-07T04:34:03Z,2026-06-09T12:00:00Z,9,27°C,0x15a54d2d69dbe4ba0be84b4be5d634bcd81fb2659e4c211167ce7345c0f29ef7,8027430777184882285423173626503131257499585722975011528474150083679962657468,YES,trade_pressure_30s,flow_clock_sensitive,valid_obs_10,valid_observation_steps,10,last_6h,13607,0.011084436708696315,0.47965571205007823,0.9060777540971559,5.793
highest-temperature-in-shanghai-on-june-9-2026,Highest temperature in Shanghai on June 9?,2026-06-07T04:34:03Z,2026-06-09T12:00:00Z,9,27°C,0x15a54d2d69dbe4ba0be84b4be5d634bcd81fb2659e4c211167ce7345c0f29ef7,8027430777184882285423173626503131257499585722975011528474150083679962657468,YES,depth_imbalance_1,book,valid_obs_50,valid_observation_steps,50,early_gt_24h,76302,0.1042246612311232,0.56401774302684,0.651359073156667,112.445
highest-temperature-in-shanghai-on-june-9-2026,Highest temperature in Shanghai on June 9?,2026-06-07T04:34:03Z,2026-06-09T12:00:00Z,9,27°C,0x15a54d2d69dbe4ba0be84b4be5d634bcd81fb2659e4c211167ce7345c0f29ef7,8027430777184882285423173626503131257499585722975011528474150083679962657468,YES,depth_imbalance_1,book,valid_obs_50,valid_observation_steps,50,last_24h,60245,0.16920973301408315,0.6794848035581913,0.8208648020582621,62.976
highest-temperature-in-shanghai-on-june-9-2026,Highest temperature in Shanghai on June 9?,2026-06-07T04:34:03Z,2026-06-09T12:00:00Z,9,27°C,0x15a54d2d69dbe4ba0be84b4be5d634bcd81fb2659e4c211167ce7345c0f29ef7,8027430777184882285423173626503131257499585722975011528474150083679962657468,YES,depth_imbalance_1,book,valid_obs_50,valid_observation_steps,50,last_6h,13528,0.30449337201576254,0.7061416397296503,0.7484476641040805,35.1565
highest-temperature-in-shanghai-on-june-9-2026,Highest temperature in Shanghai on June 9?,2026-06-07T04:34:03Z,2026-06-09T12:00:00Z,9,27°C,0x15a54d2d69dbe4ba0be84b4be5d634bcd81fb2659e4c211167ce7345c0f29ef7,8027430777184882285423173626503131257499585722975011528474150083679962657468,YES,depth_imbalance_3,book,valid_obs_50,valid_observation_steps,50,early_gt_24h,76302,0.07214441816013956,0.5646943838809112,0.651359073156667,112.445
highest-temperature-in-shanghai-on-june-9-2026,Highest temperature in Shanghai on June 9?,2026-06-07T04:34:03Z,2026-06-09T12:00:00Z,9,27°C,0x15a54d2d69dbe4ba0be84b4be5d634bcd81fb2659e4c211167ce7345c0f29ef7,8027430777184882285423173626503131257499585722975011528474150083679962657468,YES,depth_imbalance_3,book,valid_obs_50,valid_observation_steps,50,last_24h,60245,0.03629594846384642,0.5250185322461083,0.8208648020582621,62.976
highest-temperature-in-shanghai-on-june-9-2026,Highest temperature in Shanghai on June 9?,2026-06-07T04:34:03Z,2026-06-09T12:00:00Z,9,27°C,0x15a54d2d69dbe4ba0be84b4be5d634bcd81fb2659e4c211167ce7345c0f29ef7,8027430777184882285423173626503131257499585722975011528474150083679962657468,YES,depth_imbalance_3,book,valid_obs_50,valid_observation_steps,50,last_6h,13528,0.13870712885855974,0.6015280634734058,0.7484476641040805,35.1565
highest-temperature-in-shanghai-on-june-9-2026,Highest temperature in Shanghai on June 9?,2026-06-07T04:34:03Z,2026-06-09T12:00:00Z,9,27°C,0x15a54d2d69dbe4ba0be84b4be5d634bcd81fb2659e4c211167ce7345c0f29ef7,8027430777184882285423173626503131257499585722975011528474150083679962657468,YES,depth_imbalance_5,book,valid_obs_50,valid_observation_steps,50,early_gt_24h,76302,0.055926031562372004,0.5440192466731825,0.651359073156667,112.445
highest-temperature-in-shanghai-on-june-9-2026,Highest temperature in Shanghai on June 9?,2026-06-07T04:34:03Z,2026-06-09T12:00:00Z,9,27°C,0x15a54d2d69dbe4ba0be84b4be5d634bcd81fb2659e4c211167ce7345c0f29ef7,8027430777184882285423173626503131257499585722975011528474150083679962657468,YES,depth_imbalance_5,book,valid_obs_50,valid_observation_steps,50,last_24h,60245,0.02543889636843181,0.5489251297257227,0.8208648020582621,62.976
highest-temperature-in-shanghai-on-june-9-2026,Highest temperature in Shanghai on June 9?,2026-06-07T04:34:03Z,2026-06-09T12:00:00Z,9,27°C,0x15a54d2d69dbe4ba0be84b4be5d634bcd81fb2659e4c211167ce7345c0f29ef7,8027430777184882285423173626503131257499585722975011528474150083679962657468,YES,depth_imbalance_5,book,valid_obs_50,valid_observation_steps,50,last_6h,13528,0.08504015747622262,0.5339406406112254,0.7484476641040805,35.1565
highest-temperature-in-shanghai-on-june-9-2026,Highest temperature in Shanghai on June 9?,2026-06-07T04:34:03Z,2026-06-09T12:00:00Z,9,27°C,0x15a54d2d69dbe4ba0be84b4be5d634bcd81fb2659e4c211167ce7345c0f29ef7,8027430777184882285423173626503131257499585722975011528474150083679962657468,YES,microprice_minus_mid,book,valid_obs_50,valid_observation_steps,50,early_gt_24h,76302,0.10234126005428806,0.5880009021878054,0.651359073156667,112.445
highest-temperature-in-shanghai-on-june-9-2026,Highest temperature in Shanghai on June 9?,2026-06-07T04:34:03Z,2026-06-09T12:00:00Z,9,27°C,0x15a54d2d69dbe4ba0be84b4be5d634bcd81fb2659e4c211167ce7345c0f29ef7,8027430777184882285423173626503131257499585722975011528474150083679962657468,YES,microprice_minus_mid,book,valid_obs_50,valid_observation_steps,50,last_24h,60245,0.154697755120835,0.6477946627131208,0.8208648020582621,62.976
highest-temperature-in-shanghai-on-june-9-2026,Highest temperature in Shanghai on June 9?,2026-06-07T04:34:03Z,2026-06-09T12:00:00Z,9,27°C,0x15a54d2d69dbe4ba0be84b4be5d634bcd81fb2659e4c211167ce7345c0f29ef7,8027430777184882285423173626503131257499585722975011528474150083679962657468,YES,microprice_minus_mid,book,valid_obs_50,valid_observation_steps,50,last_6h,13528,0.15844293125953182,0.5624449015574493,0.7484476641040805,35.1565
highest-temperature-in-shanghai-on-june-9-2026,Highest temperature in Shanghai on June 9?,2026-06-07T04:34:03Z,2026-06-09T12:00:00Z,9,27°C,0x15a54d2d69dbe4ba0be84b4be5d634bcd81fb2659e4c211167ce7345c0f29ef7,8027430777184882285423173626503131257499585722975011528474150083679962657468,YES,ofi_30s,flow_clock_sensitive,valid_obs_50,valid_observation_steps,50,early_gt_24h,76302,0.020123444021122535,0.47721975791293886,0.651359073156667,112.445
highest-temperature-in-shanghai-on-june-9-2026,Highest temperature in Shanghai on June 9?,2026-06-07T04:34:03Z,2026-06-09T12:00:00Z,9,27°C,0x15a54d2d69dbe4ba0be84b4be5d634bcd81fb2659e4c211167ce7345c0f29ef7,8027430777184882285423173626503131257499585722975011528474150083679962657468,YES,ofi_30s,flow_clock_sensitive,valid_obs_50,valid_observation_steps,50,last_24h,60245,0.0747864540369292,0.5985915492957746,0.8208648020582621,62.976
highest-temperature-in-shanghai-on-june-9-2026,Highest temperature in Shanghai on June 9?,2026-06-07T04:34:03Z,2026-06-09T12:00:00Z,9,27°C,0x15a54d2d69dbe4ba0be84b4be5d634bcd81fb2659e4c211167ce7345c0f29ef7,8027430777184882285423173626503131257499585722975011528474150083679962657468,YES,ofi_30s,flow_clock_sensitive,valid_obs_50,valid_observation_steps,50,last_6h,13528,0.10536814363242877,0.5265941816044667,0.7484476641040805,35.1565
highest-temperature-in-shanghai-on-june-9-2026,Highest temperature in Shanghai on June 9?,2026-06-07T04:34:03Z,2026-06-09T12:00:00Z,9,27°C,0x15a54d2d69dbe4ba0be84b4be5d634bcd81fb2659e4c211167ce7345c0f29ef7,8027430777184882285423173626503131257499585722975011528474150083679962657468,YES,trade_pressure_30s,flow_clock_sensitive,valid_obs_50,valid_observation_steps,50,early_gt_24h,76302,-0.016958054822043912,0.46101796857379146,0.651359073156667,112.445
highest-temperature-in-shanghai-on-june-9-2026,Highest temperature in Shanghai on June 9?,2026-06-07T04:34:03Z,2026-06-09T12:00:00Z,9,27°C,0x15a54d2d69dbe4ba0be84b4be5d634bcd81fb2659e4c211167ce7345c0f29ef7,8027430777184882285423173626503131257499585722975011528474150083679962657468,YES,trade_pressure_30s,flow_clock_sensitive,valid_obs_50,valid_observation_steps,50,last_24h,60245,0.09862405747101217,0.6016493699036323,0.8208648020582621,62.976
highest-temperature-in-shanghai-on-june-9-2026,Highest temperature in Shanghai on June 9?,2026-06-07T04:34:03Z,2026-06-09T12:00:00Z,9,27°C,0x15a54d2d69dbe4ba0be84b4be5d634bcd81fb2659e4c211167ce7345c0f29ef7,8027430777184882285423173626503131257499585722975011528474150083679962657468,YES,trade_pressure_30s,flow_clock_sensitive,valid_obs_50,valid_observation_steps,50,last_6h,13528,0.01489510610446223,0.43696738172201,0.7484476641040805,35.1565
highest-temperature-in-shanghai-on-june-9-2026,Highest temperature in Shanghai on June 9?,2026-06-07T04:34:03Z,2026-06-09T12:00:00Z,9,27°C,0x15a54d2d69dbe4ba0be84b4be5d634bcd81fb2659e4c211167ce7345c0f29ef7,8027430777184882285423173626503131257499585722975011528474150083679962657468,YES,depth_imbalance_1,book,valid_obs_200,valid_observation_steps,200,early_gt_24h,76302,0.04067589945608591,0.5114476130026749,0.42185001703756125,466.9
highest-temperature-in-shanghai-on-june-9-2026,Highest temperature in Shanghai on June 9?,2026-06-07T04:34:03Z,2026-06-09T12:00:00Z,9,27°C,0x15a54d2d69dbe4ba0be84b4be5d634bcd81fb2659e4c211167ce7345c0f29ef7,8027430777184882285423173626503131257499585722975011528474150083679962657468,YES,depth_imbalance_1,book,valid_obs_200,valid_observation_steps,200,last_24h,60245,0.21971057241588965,0.688018539976825,0.6418789941073948,279.195
highest-temperature-in-shanghai-on-june-9-2026,Highest temperature in Shanghai on June 9?,2026-06-07T04:34:03Z,2026-06-09T12:00:00Z,9,27°C,0x15a54d2d69dbe4ba0be84b4be5d634bcd81fb2659e4c211167ce7345c0f29ef7,8027430777184882285423173626503131257499585722975011528474150083679962657468,YES,depth_imbalance_1,book,valid_obs_200,valid_observation_steps,200,last_6h,13168,0.3063006166564963,0.6940901742410635,0.5772326852976913,155.806
highest-temperature-in-shanghai-on-june-9-2026,Highest temperature in Shanghai on June 9?,2026-06-07T04:34:03Z,2026-06-09T12:00:00Z,9,27°C,0x15a54d2d69dbe4ba0be84b4be5d634bcd81fb2659e4c211167ce7345c0f29ef7,8027430777184882285423173626503131257499585722975011528474150083679962657468,YES,depth_imbalance_3,book,valid_obs_200,valid_observation_steps,200,early_gt_24h,76302,0.07570912139390878,0.5442489912499433,0.42185001703756125,466.9
highest-temperature-in-shanghai-on-june-9-2026,Highest temperature in Shanghai on June 9?,2026-06-07T04:34:03Z,2026-06-09T12:00:00Z,9,27°C,0x15a54d2d69dbe4ba0be84b4be5d634bcd81fb2659e4c211167ce7345c0f29ef7,8027430777184882285423173626503131257499585722975011528474150083679962657468,YES,depth_imbalance_3,book,valid_obs_200,valid_observation_steps,200,last_24h,60245,0.027402225873424824,0.48746234067207417,0.6418789941073948,279.195
highest-temperature-in-shanghai-on-june-9-2026,Highest temperature in Shanghai on June 9?,2026-06-07T04:34:03Z,2026-06-09T12:00:00Z,9,27°C,0x15a54d2d69dbe4ba0be84b4be5d634bcd81fb2659e4c211167ce7345c0f29ef7,8027430777184882285423173626503131257499585722975011528474150083679962657468,YES,depth_imbalance_3,book,valid_obs_200,valid_observation_steps,200,last_6h,13168,0.07280252775675533,0.5496676845697862,0.5772326852976913,155.806
highest-temperature-in-shanghai-on-june-9-2026,Highest temperature in Shanghai on June 9?,2026-06-07T04:34:03Z,2026-06-09T12:00:00Z,9,27°C,0x15a54d2d69dbe4ba0be84b4be5d634bcd81fb2659e4c211167ce7345c0f29ef7,8027430777184882285423173626503131257499585722975011528474150083679962657468,YES,depth_imbalance_5,book,valid_obs_200,valid_observation_steps,200,early_gt_24h,76302,0.05117658882071547,0.5380151425851204,0.42185001703756125,466.9
highest-temperature-in-shanghai-on-june-9-2026,Highest temperature in Shanghai on June 9?,2026-06-07T04:34:03Z,2026-06-09T12:00:00Z,9,27°C,0x15a54d2d69dbe4ba0be84b4be5d634bcd81fb2659e4c211167ce7345c0f29ef7,8027430777184882285423173626503131257499585722975011528474150083679962657468,YES,depth_imbalance_5,book,valid_obs_200,valid_observation_steps,200,last_24h,60245,0.03767974263344977,0.5654692931633836,0.6418789941073948,279.195
highest-temperature-in-shanghai-on-june-9-2026,Highest temperature in Shanghai on June 9?,2026-06-07T04:34:03Z,2026-06-09T12:00:00Z,9,27°C,0x15a54d2d69dbe4ba0be84b4be5d634bcd81fb2659e4c211167ce7345c0f29ef7,8027430777184882285423173626503131257499585722975011528474150083679962657468,YES,depth_imbalance_5,book,valid_obs_200,valid_observation_steps,200,last_6h,13168,0.07640296225411031,0.5457158253996767,0.5772326852976913,155.806
highest-temperature-in-shanghai-on-june-9-2026,Highest temperature in Shanghai on June 9?,2026-06-07T04:34:03Z,2026-06-09T12:00:00Z,9,27°C,0x15a54d2d69dbe4ba0be84b4be5d634bcd81fb2659e4c211167ce7345c0f29ef7,8027430777184882285423173626503131257499585722975011528474150083679962657468,YES,microprice_minus_mid,book,valid_obs_200,valid_observation_steps,200,early_gt_24h,76302,0.026216484621359927,0.5465611823910776,0.42185001703756125,466.9
highest-temperature-in-shanghai-on-june-9-2026,Highest temperature in Shanghai on June 9?,2026-06-07T04:34:03Z,2026-06-09T12:00:00Z,9,27°C,0x15a54d2d69dbe4ba0be84b4be5d634bcd81fb2659e4c211167ce7345c0f29ef7,8027430777184882285423173626503131257499585722975011528474150083679962657468,YES,microprice_minus_mid,book,valid_obs_200,valid_observation_steps,200,last_24h,60245,0.17148396543697847,0.6217381228273464,0.6418789941073948,279.195
highest-temperature-in-shanghai-on-june-9-2026,Highest temperature in Shanghai on June 9?,2026-06-07T04:34:03Z,2026-06-09T12:00:00Z,9,27°C,0x15a54d2d69dbe4ba0be84b4be5d634bcd81fb2659e4c211167ce7345c0f29ef7,8027430777184882285423173626503131257499585722975011528474150083679962657468,YES,microprice_minus_mid,book,valid_obs_200,valid_observation_steps,200,last_6h,13168,0.06682700689721877,0.5063768636608587,0.5772326852976913,155.806
highest-temperature-in-shanghai-on-june-9-2026,Highest temperature in Shanghai on June 9?,2026-06-07T04:34:03Z,2026-06-09T12:00:00Z,9,27°C,0x15a54d2d69dbe4ba0be84b4be5d634bcd81fb2659e4c211167ce7345c0f29ef7,8027430777184882285423173626503131257499585722975011528474150083679962657468,YES,ofi_30s,flow_clock_sensitive,valid_obs_200,valid_observation_steps,200,early_gt_24h,76302,0.052461478349570545,0.5018588203291472,0.42185001703756125,466.9
highest-temperature-in-shanghai-on-june-9-2026,Highest temperature in Shanghai on June 9?,2026-06-07T04:34:03Z,2026-06-09T12:00:00Z,9,27°C,0x15a54d2d69dbe4ba0be84b4be5d634bcd81fb2659e4c211167ce7345c0f29ef7,8027430777184882285423173626503131257499585722975011528474150083679962657468,YES,ofi_30s,flow_clock_sensitive,valid_obs_200,valid_observation_steps,200,last_24h,60245,0.10779960860509667,0.6208574739281576,0.6418789941073948,279.195
highest-temperature-in-shanghai-on-june-9-2026,Highest temperature in Shanghai on June 9?,2026-06-07T04:34:03Z,2026-06-09T12:00:00Z,9,27°C,0x15a54d2d69dbe4ba0be84b4be5d634bcd81fb2659e4c211167ce7345c0f29ef7,8027430777184882285423173626503131257499585722975011528474150083679962657468,YES,ofi_30s,flow_clock_sensitive,valid_obs_200,valid_observation_steps,200,last_6h,13168,-0.023422226381093793,0.46775642177115145,0.5772326852976913,155.806
highest-temperature-in-shanghai-on-june-9-2026,Highest temperature in Shanghai on June 9?,2026-06-07T04:34:03Z,2026-06-09T12:00:00Z,9,27°C,0x15a54d2d69dbe4ba0be84b4be5d634bcd81fb2659e4c211167ce7345c0f29ef7,8027430777184882285423173626503131257499585722975011528474150083679962657468,YES,trade_pressure_30s,flow_clock_sensitive,valid_obs_200,valid_observation_steps,200,early_gt_24h,76302,-0.009711954377238548,0.48213719000770733,0.42185001703756125,466.9
highest-temperature-in-shanghai-on-june-9-2026,Highest temperature in Shanghai on June 9?,2026-06-07T04:34:03Z,2026-06-09T12:00:00Z,9,27°C,0x15a54d2d69dbe4ba0be84b4be5d634bcd81fb2659e4c211167ce7345c0f29ef7,8027430777184882285423173626503131257499585722975011528474150083679962657468,YES,trade_pressure_30s,flow_clock_sensitive,valid_obs_200,valid_observation_steps,200,last_24h,60245,0.10017825817822289,0.6322595596755504,0.6418789941073948,279.195
highest-temperature-in-shanghai-on-june-9-2026,Highest temperature in Shanghai on June 9?,2026-06-07T04:34:03Z,2026-06-09T12:00:00Z,9,27°C,0x15a54d2d69dbe4ba0be84b4be5d634bcd81fb2659e4c211167ce7345c0f29ef7,8027430777184882285423173626503131257499585722975011528474150083679962657468,YES,trade_pressure_30s,flow_clock_sensitive,valid_obs_200,valid_observation_steps,200,last_6h,13168,-0.09137390717024438,0.40111370576612176,0.5772326852976913,155.806
highest-temperature-in-shanghai-on-june-9-2026,Highest temperature in Shanghai on June 9?,2026-06-07T04:34:03Z,2026-06-09T12:00:00Z,10,28°C or higher,0xbb205043a60774a3a047d9b19a1ff1b89f476d221df716552ffbce4dc9d47524,74894507304943217982308150117351772383465743335849048351488006458495739714670,YES,depth_imbalance_1,book,wall_60s,wall_clock_seconds,60,early_gt_24h,86038,0.04997960438524277,0.5288225410365774,0.8201492363839233,61.724
highest-temperature-in-shanghai-on-june-9-2026,Highest temperature in Shanghai on June 9?,2026-06-07T04:34:03Z,2026-06-09T12:00:00Z,10,28°C or higher,0xbb205043a60774a3a047d9b19a1ff1b89f476d221df716552ffbce4dc9d47524,74894507304943217982308150117351772383465743335849048351488006458495739714670,YES,depth_imbalance_1,book,wall_60s,wall_clock_seconds,60,last_24h,52100,0.18329760602803052,0.710021023125438,0.8630518234165068,61.3905
highest-temperature-in-shanghai-on-june-9-2026,Highest temperature in Shanghai on June 9?,2026-06-07T04:34:03Z,2026-06-09T12:00:00Z,10,28°C or higher,0xbb205043a60774a3a047d9b19a1ff1b89f476d221df716552ffbce4dc9d47524,74894507304943217982308150117351772383465743335849048351488006458495739714670,YES,depth_imbalance_1,book,wall_60s,wall_clock_seconds,60,last_6h,5776,0.21851310395717272,0.742152466367713,0.7683518005540166,61.026
highest-temperature-in-shanghai-on-june-9-2026,Highest temperature in Shanghai on June 9?,2026-06-07T04:34:03Z,2026-06-09T12:00:00Z,10,28°C or higher,0xbb205043a60774a3a047d9b19a1ff1b89f476d221df716552ffbce4dc9d47524,74894507304943217982308150117351772383465743335849048351488006458495739714670,YES,depth_imbalance_3,book,wall_60s,wall_clock_seconds,60,early_gt_24h,86038,0.051253023897945456,0.5215845935116971,0.8201492363839233,61.724
highest-temperature-in-shanghai-on-june-9-2026,Highest temperature in Shanghai on June 9?,2026-06-07T04:34:03Z,2026-06-09T12:00:00Z,10,28°C or higher,0xbb205043a60774a3a047d9b19a1ff1b89f476d221df716552ffbce4dc9d47524,74894507304943217982308150117351772383465743335849048351488006458495739714670,YES,depth_imbalance_3,book,wall_60s,wall_clock_seconds,60,last_24h,52100,-0.00301765846464206,0.4325157673440785,0.8630518234165068,61.3905
highest-temperature-in-shanghai-on-june-9-2026,Highest temperature in Shanghai on June 9?,2026-06-07T04:34:03Z,2026-06-09T12:00:00Z,10,28°C or higher,0xbb205043a60774a3a047d9b19a1ff1b89f476d221df716552ffbce4dc9d47524,74894507304943217982308150117351772383465743335849048351488006458495739714670,YES,depth_imbalance_3,book,wall_60s,wall_clock_seconds,60,last_6h,5776,-0.012280343073720834,0.43647234678624813,0.7683518005540166,61.026
highest-temperature-in-shanghai-on-june-9-2026,Highest temperature in Shanghai on June 9?,2026-06-07T04:34:03Z,2026-06-09T12:00:00Z,10,28°C or higher,0xbb205043a60774a3a047d9b19a1ff1b89f476d221df716552ffbce4dc9d47524,74894507304943217982308150117351772383465743335849048351488006458495739714670,YES,depth_imbalance_5,book,wall_60s,wall_clock_seconds,60,early_gt_24h,86038,0.04872665089564484,0.5652061522553962,0.8201492363839233,61.724
highest-temperature-in-shanghai-on-june-9-2026,Highest temperature in Shanghai on June 9?,2026-06-07T04:34:03Z,2026-06-09T12:00:00Z,10,28°C or higher,0xbb205043a60774a3a047d9b19a1ff1b89f476d221df716552ffbce4dc9d47524,74894507304943217982308150117351772383465743335849048351488006458495739714670,YES,depth_imbalance_5,book,wall_60s,wall_clock_seconds,60,last_24h,52100,-0.052417007021690026,0.3976173791170287,0.8630518234165068,61.3905
highest-temperature-in-shanghai-on-june-9-2026,Highest temperature in Shanghai on June 9?,2026-06-07T04:34:03Z,2026-06-09T12:00:00Z,10,28°C or higher,0xbb205043a60774a3a047d9b19a1ff1b89f476d221df716552ffbce4dc9d47524,74894507304943217982308150117351772383465743335849048351488006458495739714670,YES,depth_imbalance_5,book,wall_60s,wall_clock_seconds,60,last_6h,5776,-0.2284337628727069,0.33183856502242154,0.7683518005540166,61.026
highest-temperature-in-shanghai-on-june-9-2026,Highest temperature in Shanghai on June 9?,2026-06-07T04:34:03Z,2026-06-09T12:00:00Z,10,28°C or higher,0xbb205043a60774a3a047d9b19a1ff1b89f476d221df716552ffbce4dc9d47524,74894507304943217982308150117351772383465743335849048351488006458495739714670,YES,microprice_minus_mid,book,wall_60s,wall_clock_seconds,60,early_gt_24h,86038,0.023124773797478414,0.525526689931498,0.8201492363839233,61.724
highest-temperature-in-shanghai-on-june-9-2026,Highest temperature in Shanghai on June 9?,2026-06-07T04:34:03Z,2026-06-09T12:00:00Z,10,28°C or higher,0xbb205043a60774a3a047d9b19a1ff1b89f476d221df716552ffbce4dc9d47524,74894507304943217982308150117351772383465743335849048351488006458495739714670,YES,microprice_minus_mid,book,wall_60s,wall_clock_seconds,60,last_24h,52100,0.16305629362963892,0.7031534688156973,0.8630518234165068,61.3905
highest-temperature-in-shanghai-on-june-9-2026,Highest temperature in Shanghai on June 9?,2026-06-07T04:34:03Z,2026-06-09T12:00:00Z,10,28°C or higher,0xbb205043a60774a3a047d9b19a1ff1b89f476d221df716552ffbce4dc9d47524,74894507304943217982308150117351772383465743335849048351488006458495739714670,YES,microprice_minus_mid,book,wall_60s,wall_clock_seconds,60,last_6h,5776,0.1994614166971007,0.633034379671151,0.7683518005540166,61.026
highest-temperature-in-shanghai-on-june-9-2026,Highest temperature in Shanghai on June 9?,2026-06-07T04:34:03Z,2026-06-09T12:00:00Z,10,28°C or higher,0xbb205043a60774a3a047d9b19a1ff1b89f476d221df716552ffbce4dc9d47524,74894507304943217982308150117351772383465743335849048351488006458495739714670,YES,ofi_30s,flow_clock_sensitive,wall_60s,wall_clock_seconds,60,early_gt_24h,86038,0.022808998534034532,0.5252681918056095,0.8201492363839233,61.724
highest-temperature-in-shanghai-on-june-9-2026,Highest temperature in Shanghai on June 9?,2026-06-07T04:34:03Z,2026-06-09T12:00:00Z,10,28°C or higher,0xbb205043a60774a3a047d9b19a1ff1b89f476d221df716552ffbce4dc9d47524,74894507304943217982308150117351772383465743335849048351488006458495739714670,YES,ofi_30s,flow_clock_sensitive,wall_60s,wall_clock_seconds,60,last_24h,52100,0.05523384570610684,0.538051857042747,0.8630518234165068,61.3905
highest-temperature-in-shanghai-on-june-9-2026,Highest temperature in Shanghai on June 9?,2026-06-07T04:34:03Z,2026-06-09T12:00:00Z,10,28°C or higher,0xbb205043a60774a3a047d9b19a1ff1b89f476d221df716552ffbce4dc9d47524,74894507304943217982308150117351772383465743335849048351488006458495739714670,YES,ofi_30s,flow_clock_sensitive,wall_60s,wall_clock_seconds,60,last_6h,5776,0.19383520573358057,0.5881913303437967,0.7683518005540166,61.026
highest-temperature-in-shanghai-on-june-9-2026,Highest temperature in Shanghai on June 9?,2026-06-07T04:34:03Z,2026-06-09T12:00:00Z,10,28°C or higher,0xbb205043a60774a3a047d9b19a1ff1b89f476d221df716552ffbce4dc9d47524,74894507304943217982308150117351772383465743335849048351488006458495739714670,YES,trade_pressure_30s,flow_clock_sensitive,wall_60s,wall_clock_seconds,60,early_gt_24h,86038,0.013797964114157396,0.5339925035543492,0.8201492363839233,61.724
highest-temperature-in-shanghai-on-june-9-2026,Highest temperature in Shanghai on June 9?,2026-06-07T04:34:03Z,2026-06-09T12:00:00Z,10,28°C or higher,0xbb205043a60774a3a047d9b19a1ff1b89f476d221df716552ffbce4dc9d47524,74894507304943217982308150117351772383465743335849048351488006458495739714670,YES,trade_pressure_30s,flow_clock_sensitive,wall_60s,wall_clock_seconds,60,last_24h,52100,0.11363815695263274,0.5822004204625087,0.8630518234165068,61.3905
highest-temperature-in-shanghai-on-june-9-2026,Highest temperature in Shanghai on June 9?,2026-06-07T04:34:03Z,2026-06-09T12:00:00Z,10,28°C or higher,0xbb205043a60774a3a047d9b19a1ff1b89f476d221df716552ffbce4dc9d47524,74894507304943217982308150117351772383465743335849048351488006458495739714670,YES,trade_pressure_30s,flow_clock_sensitive,wall_60s,wall_clock_seconds,60,last_6h,5776,0.2872967465258604,0.742152466367713,0.7683518005540166,61.026
highest-temperature-in-shanghai-on-june-9-2026,Highest temperature in Shanghai on June 9?,2026-06-07T04:34:03Z,2026-06-09T12:00:00Z,10,28°C or higher,0xbb205043a60774a3a047d9b19a1ff1b89f476d221df716552ffbce4dc9d47524,74894507304943217982308150117351772383465743335849048351488006458495739714670,YES,depth_imbalance_1,book,wall_300s,wall_clock_seconds,300,early_gt_24h,86041,0.01575270322466609,0.47347576484267134,0.6801292407108239,302.201
highest-temperature-in-shanghai-on-june-9-2026,Highest temperature in Shanghai on June 9?,2026-06-07T04:34:03Z,2026-06-09T12:00:00Z,10,28°C or higher,0xbb205043a60774a3a047d9b19a1ff1b89f476d221df716552ffbce4dc9d47524,74894507304943217982308150117351772383465743335849048351488006458495739714670,YES,depth_imbalance_1,book,wall_300s,wall_clock_seconds,300,last_24h,52020,0.2576606141661387,0.6689868522815159,0.676874279123414,301.876
highest-temperature-in-shanghai-on-june-9-2026,Highest temperature in Shanghai on June 9?,2026-06-07T04:34:03Z,2026-06-09T12:00:00Z,10,28°C or higher,0xbb205043a60774a3a047d9b19a1ff1b89f476d221df716552ffbce4dc9d47524,74894507304943217982308150117351772383465743335849048351488006458495739714670,YES,depth_imbalance_1,book,wall_300s,wall_clock_seconds,300,last_6h,5614,0.25171386183729005,0.7358679339669835,0.6439258995368721,301.212
highest-temperature-in-shanghai-on-june-9-2026,Highest temperature in Shanghai on June 9?,2026-06-07T04:34:03Z,2026-06-09T12:00:00Z,10,28°C or higher,0xbb205043a60774a3a047d9b19a1ff1b89f476d221df716552ffbce4dc9d47524,74894507304943217982308150117351772383465743335849048351488006458495739714670,YES,depth_imbalance_3,book,wall_300s,wall_clock_seconds,300,early_gt_24h,86041,0.026432089976323313,0.48739190465809173,0.6801292407108239,302.201
highest-temperature-in-shanghai-on-june-9-2026,Highest temperature in Shanghai on June 9?,2026-06-07T04:34:03Z,2026-06-09T12:00:00Z,10,28°C or higher,0xbb205043a60774a3a047d9b19a1ff1b89f476d221df716552ffbce4dc9d47524,74894507304943217982308150117351772383465743335849048351488006458495739714670,YES,depth_imbalance_3,book,wall_300s,wall_clock_seconds,300,last_24h,52020,-0.02990022177895618,0.4486287108096853,0.676874279123414,301.876
highest-temperature-in-shanghai-on-june-9-2026,Highest temperature in Shanghai on June 9?,2026-06-07T04:34:03Z,2026-06-09T12:00:00Z,10,28°C or higher,0xbb205043a60774a3a047d9b19a1ff1b89f476d221df716552ffbce4dc9d47524,74894507304943217982308150117351772383465743335849048351488006458495739714670,YES,depth_imbalance_3,book,wall_300s,wall_clock_seconds,300,last_6h,5614,-0.012858601134894258,0.43421710855427714,0.6439258995368721,301.212
highest-temperature-in-shanghai-on-june-9-2026,Highest temperature in Shanghai on June 9?,2026-06-07T04:34:03Z,2026-06-09T12:00:00Z,10,28°C or higher,0xbb205043a60774a3a047d9b19a1ff1b89f476d221df716552ffbce4dc9d47524,74894507304943217982308150117351772383465743335849048351488006458495739714670,YES,depth_imbalance_5,book,wall_300s,wall_clock_seconds,300,early_gt_24h,86041,0.026224059437430045,0.5290676549669355,0.6801292407108239,302.201
highest-temperature-in-shanghai-on-june-9-2026,Highest temperature in Shanghai on June 9?,2026-06-07T04:34:03Z,2026-06-09T12:00:00Z,10,28°C or higher,0xbb205043a60774a3a047d9b19a1ff1b89f476d221df716552ffbce4dc9d47524,74894507304943217982308150117351772383465743335849048351488006458495739714670,YES,depth_imbalance_5,book,wall_300s,wall_clock_seconds,300,last_24h,52020,-0.14771736476710212,0.38229519900053544,0.676874279123414,301.876
highest-temperature-in-shanghai-on-june-9-2026,Highest temperature in Shanghai on June 9?,2026-06-07T04:34:03Z,2026-06-09T12:00:00Z,10,28°C or higher,0xbb205043a60774a3a047d9b19a1ff1b89f476d221df716552ffbce4dc9d47524,74894507304943217982308150117351772383465743335849048351488006458495739714670,YES,depth_imbalance_5,book,wall_300s,wall_clock_seconds,300,last_6h,5614,-0.16455680820486981,0.3871935967983992,0.6439258995368721,301.212
highest-temperature-in-shanghai-on-june-9-2026,Highest temperature in Shanghai on June 9?,2026-06-07T04:34:03Z,2026-06-09T12:00:00Z,10,28°C or higher,0xbb205043a60774a3a047d9b19a1ff1b89f476d221df716552ffbce4dc9d47524,74894507304943217982308150117351772383465743335849048351488006458495739714670,YES,microprice_minus_mid,book,wall_300s,wall_clock_seconds,300,early_gt_24h,86041,-0.034749042079153095,0.4676985684179929,0.6801292407108239,302.201
highest-temperature-in-shanghai-on-june-9-2026,Highest temperature in Shanghai on June 9?,2026-06-07T04:34:03Z,2026-06-09T12:00:00Z,10,28°C or higher,0xbb205043a60774a3a047d9b19a1ff1b89f476d221df716552ffbce4dc9d47524,74894507304943217982308150117351772383465743335849048351488006458495739714670,YES,microprice_minus_mid,book,wall_300s,wall_clock_seconds,300,last_24h,52020,0.179191729732157,0.6657742875840323,0.676874279123414,301.876
highest-temperature-in-shanghai-on-june-9-2026,Highest temperature in Shanghai on June 9?,2026-06-07T04:34:03Z,2026-06-09T12:00:00Z,10,28°C or higher,0xbb205043a60774a3a047d9b19a1ff1b89f476d221df716552ffbce4dc9d47524,74894507304943217982308150117351772383465743335849048351488006458495739714670,YES,microprice_minus_mid,book,wall_300s,wall_clock_seconds,300,last_6h,5614,-0.04129120915943335,0.423711855927964,0.6439258995368721,301.212
highest-temperature-in-shanghai-on-june-9-2026,Highest temperature in Shanghai on June 9?,2026-06-07T04:34:03Z,2026-06-09T12:00:00Z,10,28°C or higher,0xbb205043a60774a3a047d9b19a1ff1b89f476d221df716552ffbce4dc9d47524,74894507304943217982308150117351772383465743335849048351488006458495739714670,YES,ofi_30s,flow_clock_sensitive,wall_300s,wall_clock_seconds,300,early_gt_24h,86041,-0.0037563009305640817,0.5390959959305283,0.6801292407108239,302.201
highest-temperature-in-shanghai-on-june-9-2026,Highest temperature in Shanghai on June 9?,2026-06-07T04:34:03Z,2026-06-09T12:00:00Z,10,28°C or higher,0xbb205043a60774a3a047d9b19a1ff1b89f476d221df716552ffbce4dc9d47524,74894507304943217982308150117351772383465743335849048351488006458495739714670,YES,ofi_30s,flow_clock_sensitive,wall_300s,wall_clock_seconds,300,last_24h,52020,0.09323356800824864,0.5100838836337677,0.676874279123414,301.876
highest-temperature-in-shanghai-on-june-9-2026,Highest temperature in Shanghai on June 9?,2026-06-07T04:34:03Z,2026-06-09T12:00:00Z,10,28°C or higher,0xbb205043a60774a3a047d9b19a1ff1b89f476d221df716552ffbce4dc9d47524,74894507304943217982308150117351772383465743335849048351488006458495739714670,YES,ofi_30s,flow_clock_sensitive,wall_300s,wall_clock_seconds,300,last_6h,5614,0.10186637086515582,0.4842421210605303,0.6439258995368721,301.212
highest-temperature-in-shanghai-on-june-9-2026,Highest temperature in Shanghai on June 9?,2026-06-07T04:34:03Z,2026-06-09T12:00:00Z,10,28°C or higher,0xbb205043a60774a3a047d9b19a1ff1b89f476d221df716552ffbce4dc9d47524,74894507304943217982308150117351772383465743335849048351488006458495739714670,YES,trade_pressure_30s,flow_clock_sensitive,wall_300s,wall_clock_seconds,300,early_gt_24h,86041,0.03857353760699011,0.5763389288569145,0.6801292407108239,302.201
highest-temperature-in-shanghai-on-june-9-2026,Highest temperature in Shanghai on June 9?,2026-06-07T04:34:03Z,2026-06-09T12:00:00Z,10,28°C or higher,0xbb205043a60774a3a047d9b19a1ff1b89f476d221df716552ffbce4dc9d47524,74894507304943217982308150117351772383465743335849048351488006458495739714670,YES,trade_pressure_30s,flow_clock_sensitive,wall_300s,wall_clock_seconds,300,last_24h,52020,0.1953041544179567,0.5968231304658219,0.676874279123414,301.876
highest-temperature-in-shanghai-on-june-9-2026,Highest temperature in Shanghai on June 9?,2026-06-07T04:34:03Z,2026-06-09T12:00:00Z,10,28°C or higher,0xbb205043a60774a3a047d9b19a1ff1b89f476d221df716552ffbce4dc9d47524,74894507304943217982308150117351772383465743335849048351488006458495739714670,YES,trade_pressure_30s,flow_clock_sensitive,wall_300s,wall_clock_seconds,300,last_6h,5614,0.16384720967749286,0.7448724362181091,0.6439258995368721,301.212
highest-temperature-in-shanghai-on-june-9-2026,Highest temperature in Shanghai on June 9?,2026-06-07T04:34:03Z,2026-06-09T12:00:00Z,10,28°C or higher,0xbb205043a60774a3a047d9b19a1ff1b89f476d221df716552ffbce4dc9d47524,74894507304943217982308150117351772383465743335849048351488006458495739714670,YES,depth_imbalance_1,book,wall_900s,wall_clock_seconds,900,early_gt_24h,86041,-0.040229778940726615,0.4323513847239372,0.47290245348147975,902.35
highest-temperature-in-shanghai-on-june-9-2026,Highest temperature in Shanghai on June 9?,2026-06-07T04:34:03Z,2026-06-09T12:00:00Z,10,28°C or higher,0xbb205043a60774a3a047d9b19a1ff1b89f476d221df716552ffbce4dc9d47524,74894507304943217982308150117351772383465743335849048351488006458495739714670,YES,depth_imbalance_1,book,wall_900s,wall_clock_seconds,900,last_24h,51654,0.43142456665370726,0.703873313290918,0.446199713478143,902.0025
highest-temperature-in-shanghai-on-june-9-2026,Highest temperature in Shanghai on June 9?,2026-06-07T04:34:03Z,2026-06-09T12:00:00Z,10,28°C or higher,0xbb205043a60774a3a047d9b19a1ff1b89f476d221df716552ffbce4dc9d47524,74894507304943217982308150117351772383465743335849048351488006458495739714670,YES,depth_imbalance_1,book,wall_900s,wall_clock_seconds,900,last_6h,5106,0.24644920195087136,0.5863121185701831,0.5507246376811594,902.3385000000001
highest-temperature-in-shanghai-on-june-9-2026,Highest temperature in Shanghai on June 9?,2026-06-07T04:34:03Z,2026-06-09T12:00:00Z,10,28°C or higher,0xbb205043a60774a3a047d9b19a1ff1b89f476d221df716552ffbce4dc9d47524,74894507304943217982308150117351772383465743335849048351488006458495739714670,YES,depth_imbalance_3,book,wall_900s,wall_clock_seconds,900,early_gt_24h,86041,-0.002276933297804551,0.4812356676662551,0.47290245348147975,902.35
highest-temperature-in-shanghai-on-june-9-2026,Highest temperature in Shanghai on June 9?,2026-06-07T04:34:03Z,2026-06-09T12:00:00Z,10,28°C or higher,0xbb205043a60774a3a047d9b19a1ff1b89f476d221df716552ffbce4dc9d47524,74894507304943217982308150117351772383465743335849048351488006458495739714670,YES,depth_imbalance_3,book,wall_900s,wall_clock_seconds,900,last_24h,51654,0.061583049508620404,0.5705446409844088,0.446199713478143,902.0025
highest-temperature-in-shanghai-on-june-9-2026,Highest temperature in Shanghai on June 9?,2026-06-07T04:34:03Z,2026-06-09T12:00:00Z,10,28°C or higher,0xbb205043a60774a3a047d9b19a1ff1b89f476d221df716552ffbce4dc9d47524,74894507304943217982308150117351772383465743335849048351488006458495739714670,YES,depth_imbalance_3,book,wall_900s,wall_clock_seconds,900,last_6h,5106,-0.05190570103328132,0.3073234524847428,0.5507246376811594,902.3385000000001
highest-temperature-in-shanghai-on-june-9-2026,Highest temperature in Shanghai on June 9?,2026-06-07T04:34:03Z,2026-06-09T12:00:00Z,10,28°C or higher,0xbb205043a60774a3a047d9b19a1ff1b89f476d221df716552ffbce4dc9d47524,74894507304943217982308150117351772383465743335849048351488006458495739714670,YES,depth_imbalance_5,book,wall_900s,wall_clock_seconds,900,early_gt_24h,86041,-0.0012755805625081235,0.4736064561651085,0.47290245348147975,902.35
highest-temperature-in-shanghai-on-june-9-2026,Highest temperature in Shanghai on June 9?,2026-06-07T04:34:03Z,2026-06-09T12:00:00Z,10,28°C or higher,0xbb205043a60774a3a047d9b19a1ff1b89f476d221df716552ffbce4dc9d47524,74894507304943217982308150117351772383465743335849048351488006458495739714670,YES,depth_imbalance_5,book,wall_900s,wall_clock_seconds,900,last_24h,51654,0.03480615080830376,0.4907012514857023,0.446199713478143,902.0025
highest-temperature-in-shanghai-on-june-9-2026,Highest temperature in Shanghai on June 9?,2026-06-07T04:34:03Z,2026-06-09T12:00:00Z,10,28°C or higher,0xbb205043a60774a3a047d9b19a1ff1b89f476d221df716552ffbce4dc9d47524,74894507304943217982308150117351772383465743335849048351488006458495739714670,YES,depth_imbalance_5,book,wall_900s,wall_clock_seconds,900,last_6h,5106,0.05133378380387102,0.37881429816913686,0.5507246376811594,902.3385000000001
highest-temperature-in-shanghai-on-june-9-2026,Highest temperature in Shanghai on June 9?,2026-06-07T04:34:03Z,2026-06-09T12:00:00Z,10,28°C or higher,0xbb205043a60774a3a047d9b19a1ff1b89f476d221df716552ffbce4dc9d47524,74894507304943217982308150117351772383465743335849048351488006458495739714670,YES,microprice_minus_mid,book,wall_900s,wall_clock_seconds,900,early_gt_24h,86041,-0.09052929910287622,0.4467498677015347,0.47290245348147975,902.35
highest-temperature-in-shanghai-on-june-9-2026,Highest temperature in Shanghai on June 9?,2026-06-07T04:34:03Z,2026-06-09T12:00:00Z,10,28°C or higher,0xbb205043a60774a3a047d9b19a1ff1b89f476d221df716552ffbce4dc9d47524,74894507304943217982308150117351772383465743335849048351488006458495739714670,YES,microprice_minus_mid,book,wall_900s,wall_clock_seconds,900,last_24h,51654,0.28079631779557207,0.7038215447012343,0.446199713478143,902.0025
highest-temperature-in-shanghai-on-june-9-2026,Highest temperature in Shanghai on June 9?,2026-06-07T04:34:03Z,2026-06-09T12:00:00Z,10,28°C or higher,0xbb205043a60774a3a047d9b19a1ff1b89f476d221df716552ffbce4dc9d47524,74894507304943217982308150117351772383465743335849048351488006458495739714670,YES,microprice_minus_mid,book,wall_900s,wall_clock_seconds,900,last_6h,5106,-0.2646637282238969,0.26155187445510025,0.5507246376811594,902.3385000000001
highest-temperature-in-shanghai-on-june-9-2026,Highest temperature in Shanghai on June 9?,2026-06-07T04:34:03Z,2026-06-09T12:00:00Z,10,28°C or higher,0xbb205043a60774a3a047d9b19a1ff1b89f476d221df716552ffbce4dc9d47524,74894507304943217982308150117351772383465743335849048351488006458495739714670,YES,ofi_30s,flow_clock_sensitive,wall_900s,wall_clock_seconds,900,early_gt_24h,86041,0.047833008194979335,0.5780340448050802,0.47290245348147975,902.35
highest-temperature-in-shanghai-on-june-9-2026,Highest temperature in Shanghai on June 9?,2026-06-07T04:34:03Z,2026-06-09T12:00:00Z,10,28°C or higher,0xbb205043a60774a3a047d9b19a1ff1b89f476d221df716552ffbce4dc9d47524,74894507304943217982308150117351772383465743335849048351488006458495739714670,YES,ofi_30s,flow_clock_sensitive,wall_900s,wall_clock_seconds,900,last_24h,51654,0.012720693781104991,0.478116479060337,0.446199713478143,902.0025
highest-temperature-in-shanghai-on-june-9-2026,Highest temperature in Shanghai on June 9?,2026-06-07T04:34:03Z,2026-06-09T12:00:00Z,10,28°C or higher,0xbb205043a60774a3a047d9b19a1ff1b89f476d221df716552ffbce4dc9d47524,74894507304943217982308150117351772383465743335849048351488006458495739714670,YES,ofi_30s,flow_clock_sensitive,wall_900s,wall_clock_seconds,900,last_6h,5106,-0.18767498841403918,0.5065387968613775,0.5507246376811594,902.3385000000001
highest-temperature-in-shanghai-on-june-9-2026,Highest temperature in Shanghai on June 9?,2026-06-07T04:34:03Z,2026-06-09T12:00:00Z,10,28°C or higher,0xbb205043a60774a3a047d9b19a1ff1b89f476d221df716552ffbce4dc9d47524,74894507304943217982308150117351772383465743335849048351488006458495739714670,YES,trade_pressure_30s,flow_clock_sensitive,wall_900s,wall_clock_seconds,900,early_gt_24h,86041,0.04351634168004778,0.6007232316105133,0.47290245348147975,902.35
highest-temperature-in-shanghai-on-june-9-2026,Highest temperature in Shanghai on June 9?,2026-06-07T04:34:03Z,2026-06-09T12:00:00Z,10,28°C or higher,0xbb205043a60774a3a047d9b19a1ff1b89f476d221df716552ffbce4dc9d47524,74894507304943217982308150117351772383465743335849048351488006458495739714670,YES,trade_pressure_30s,flow_clock_sensitive,wall_900s,wall_clock_seconds,900,last_24h,51654,-0.022871024124430664,0.574599734321471,0.446199713478143,902.0025
highest-temperature-in-shanghai-on-june-9-2026,Highest temperature in Shanghai on June 9?,2026-06-07T04:34:03Z,2026-06-09T12:00:00Z,10,28°C or higher,0xbb205043a60774a3a047d9b19a1ff1b89f476d221df716552ffbce4dc9d47524,74894507304943217982308150117351772383465743335849048351488006458495739714670,YES,trade_pressure_30s,flow_clock_sensitive,wall_900s,wall_clock_seconds,900,last_6h,5106,-0.172871626882114,0.6795989537925021,0.5507246376811594,902.3385000000001
highest-temperature-in-shanghai-on-june-9-2026,Highest temperature in Shanghai on June 9?,2026-06-07T04:34:03Z,2026-06-09T12:00:00Z,10,28°C or higher,0xbb205043a60774a3a047d9b19a1ff1b89f476d221df716552ffbce4dc9d47524,74894507304943217982308150117351772383465743335849048351488006458495739714670,YES,depth_imbalance_1,book,valid_obs_10,valid_observation_steps,10,early_gt_24h,86041,0.06494110130001599,0.5780874097834804,0.8840552759730826,16.31
highest-temperature-in-shanghai-on-june-9-2026,Highest temperature in Shanghai on June 9?,2026-06-07T04:34:03Z,2026-06-09T12:00:00Z,10,28°C or higher,0xbb205043a60774a3a047d9b19a1ff1b89f476d221df716552ffbce4dc9d47524,74894507304943217982308150117351772383465743335849048351488006458495739714670,YES,depth_imbalance_1,book,valid_obs_10,valid_observation_steps,10,last_24h,52141,0.1048016483728244,0.713326941514861,0.9599930956445024,9.21
highest-temperature-in-shanghai-on-june-9-2026,Highest temperature in Shanghai on June 9?,2026-06-07T04:34:03Z,2026-06-09T12:00:00Z,10,28°C or higher,0xbb205043a60774a3a047d9b19a1ff1b89f476d221df716552ffbce4dc9d47524,74894507304943217982308150117351772383465743335849048351488006458495739714670,YES,depth_imbalance_1,book,valid_obs_10,valid_observation_steps,10,last_6h,5817,0.12371768892878797,0.6842105263157895,0.9281416537734227,8.778
highest-temperature-in-shanghai-on-june-9-2026,Highest temperature in Shanghai on June 9?,2026-06-07T04:34:03Z,2026-06-09T12:00:00Z,10,28°C or higher,0xbb205043a60774a3a047d9b19a1ff1b89f476d221df716552ffbce4dc9d47524,74894507304943217982308150117351772383465743335849048351488006458495739714670,YES,depth_imbalance_3,book,valid_obs_10,valid_observation_steps,10,early_gt_24h,86041,0.03611340532395764,0.5324779470729751,0.8840552759730826,16.31
highest-temperature-in-shanghai-on-june-9-2026,Highest temperature in Shanghai on June 9?,2026-06-07T04:34:03Z,2026-06-09T12:00:00Z,10,28°C or higher,0xbb205043a60774a3a047d9b19a1ff1b89f476d221df716552ffbce4dc9d47524,74894507304943217982308150117351772383465743335849048351488006458495739714670,YES,depth_imbalance_3,book,valid_obs_10,valid_observation_steps,10,last_24h,52141,-0.006987293081314149,0.4697986577181208,0.9599930956445024,9.21
highest-temperature-in-shanghai-on-june-9-2026,Highest temperature in Shanghai on June 9?,2026-06-07T04:34:03Z,2026-06-09T12:00:00Z,10,28°C or higher,0xbb205043a60774a3a047d9b19a1ff1b89f476d221df716552ffbce4dc9d47524,74894507304943217982308150117351772383465743335849048351488006458495739714670,YES,depth_imbalance_3,book,valid_obs_10,valid_observation_steps,10,last_6h,5817,0.06782750700220411,0.5502392344497608,0.9281416537734227,8.778
highest-temperature-in-shanghai-on-june-9-2026,Highest temperature in Shanghai on June 9?,2026-06-07T04:34:03Z,2026-06-09T12:00:00Z,10,28°C or higher,0xbb205043a60774a3a047d9b19a1ff1b89f476d221df716552ffbce4dc9d47524,74894507304943217982308150117351772383465743335849048351488006458495739714670,YES,depth_imbalance_5,book,valid_obs_10,valid_observation_steps,10,early_gt_24h,86041,0.039015376042862045,0.5613472333600642,0.8840552759730826,16.31
highest-temperature-in-shanghai-on-june-9-2026,Highest temperature in Shanghai on June 9?,2026-06-07T04:34:03Z,2026-06-09T12:00:00Z,10,28°C or higher,0xbb205043a60774a3a047d9b19a1ff1b89f476d221df716552ffbce4dc9d47524,74894507304943217982308150117351772383465743335849048351488006458495739714670,YES,depth_imbalance_5,book,valid_obs_10,valid_observation_steps,10,last_24h,52141,-0.01020986358794293,0.4477468839884947,0.9599930956445024,9.21
highest-temperature-in-shanghai-on-june-9-2026,Highest temperature in Shanghai on June 9?,2026-06-07T04:34:03Z,2026-06-09T12:00:00Z,10,28°C or higher,0xbb205043a60774a3a047d9b19a1ff1b89f476d221df716552ffbce4dc9d47524,74894507304943217982308150117351772383465743335849048351488006458495739714670,YES,depth_imbalance_5,book,valid_obs_10,valid_observation_steps,10,last_6h,5817,-0.0603163735036315,0.3923444976076555,0.9281416537734227,8.778
highest-temperature-in-shanghai-on-june-9-2026,Highest temperature in Shanghai on June 9?,2026-06-07T04:34:03Z,2026-06-09T12:00:00Z,10,28°C or higher,0xbb205043a60774a3a047d9b19a1ff1b89f476d221df716552ffbce4dc9d47524,74894507304943217982308150117351772383465743335849048351488006458495739714670,YES,microprice_minus_mid,book,valid_obs_10,valid_observation_steps,10,early_gt_24h,86041,0.0589159742230276,0.5617481956696071,0.8840552759730826,16.31
highest-temperature-in-shanghai-on-june-9-2026,Highest temperature in Shanghai on June 9?,2026-06-07T04:34:03Z,2026-06-09T12:00:00Z,10,28°C or higher,0xbb205043a60774a3a047d9b19a1ff1b89f476d221df716552ffbce4dc9d47524,74894507304943217982308150117351772383465743335849048351488006458495739714670,YES,microprice_minus_mid,book,valid_obs_10,valid_observation_steps,10,last_24h,52141,0.0869858135825353,0.7061361457334612,0.9599930956445024,9.21
highest-temperature-in-shanghai-on-june-9-2026,Highest temperature in Shanghai on June 9?,2026-06-07T04:34:03Z,2026-06-09T12:00:00Z,10,28°C or higher,0xbb205043a60774a3a047d9b19a1ff1b89f476d221df716552ffbce4dc9d47524,74894507304943217982308150117351772383465743335849048351488006458495739714670,YES,microprice_minus_mid,book,valid_obs_10,valid_observation_steps,10,last_6h,5817,0.1648088558771785,0.6961722488038278,0.9281416537734227,8.778
highest-temperature-in-shanghai-on-june-9-2026,Highest temperature in Shanghai on June 9?,2026-06-07T04:34:03Z,2026-06-09T12:00:00Z,10,28°C or higher,0xbb205043a60774a3a047d9b19a1ff1b89f476d221df716552ffbce4dc9d47524,74894507304943217982308150117351772383465743335849048351488006458495739714670,YES,ofi_30s,flow_clock_sensitive,valid_obs_10,valid_observation_steps,10,early_gt_24h,86041,0.018180499456678312,0.51242983159583,0.8840552759730826,16.31
highest-temperature-in-shanghai-on-june-9-2026,Highest temperature in Shanghai on June 9?,2026-06-07T04:34:03Z,2026-06-09T12:00:00Z,10,28°C or higher,0xbb205043a60774a3a047d9b19a1ff1b89f476d221df716552ffbce4dc9d47524,74894507304943217982308150117351772383465743335849048351488006458495739714670,YES,ofi_30s,flow_clock_sensitive,valid_obs_10,valid_observation_steps,10,last_24h,52141,0.05304614875572115,0.5369127516778524,0.9599930956445024,9.21
highest-temperature-in-shanghai-on-june-9-2026,Highest temperature in Shanghai on June 9?,2026-06-07T04:34:03Z,2026-06-09T12:00:00Z,10,28°C or higher,0xbb205043a60774a3a047d9b19a1ff1b89f476d221df716552ffbce4dc9d47524,74894507304943217982308150117351772383465743335849048351488006458495739714670,YES,ofi_30s,flow_clock_sensitive,valid_obs_10,valid_observation_steps,10,last_6h,5817,0.11873801055740198,0.6052631578947368,0.9281416537734227,8.778
highest-temperature-in-shanghai-on-june-9-2026,Highest temperature in Shanghai on June 9?,2026-06-07T04:34:03Z,2026-06-09T12:00:00Z,10,28°C or higher,0xbb205043a60774a3a047d9b19a1ff1b89f476d221df716552ffbce4dc9d47524,74894507304943217982308150117351772383465743335849048351488006458495739714670,YES,trade_pressure_30s,flow_clock_sensitive,valid_obs_10,valid_observation_steps,10,early_gt_24h,86041,-0.001651047824744202,0.5298716920609463,0.8840552759730826,16.31
highest-temperature-in-shanghai-on-june-9-2026,Highest temperature in Shanghai on June 9?,2026-06-07T04:34:03Z,2026-06-09T12:00:00Z,10,28°C or higher,0xbb205043a60774a3a047d9b19a1ff1b89f476d221df716552ffbce4dc9d47524,74894507304943217982308150117351772383465743335849048351488006458495739714670,YES,trade_pressure_30s,flow_clock_sensitive,valid_obs_10,valid_observation_steps,10,last_24h,52141,0.061496187390428954,0.6131351869606904,0.9599930956445024,9.21
highest-temperature-in-shanghai-on-june-9-2026,Highest temperature in Shanghai on June 9?,2026-06-07T04:34:03Z,2026-06-09T12:00:00Z,10,28°C or higher,0xbb205043a60774a3a047d9b19a1ff1b89f476d221df716552ffbce4dc9d47524,74894507304943217982308150117351772383465743335849048351488006458495739714670,YES,trade_pressure_30s,flow_clock_sensitive,valid_obs_10,valid_observation_steps,10,last_6h,5817,0.05700970272184332,0.5741626794258373,0.9281416537734227,8.778
highest-temperature-in-shanghai-on-june-9-2026,Highest temperature in Shanghai on June 9?,2026-06-07T04:34:03Z,2026-06-09T12:00:00Z,10,28°C or higher,0xbb205043a60774a3a047d9b19a1ff1b89f476d221df716552ffbce4dc9d47524,74894507304943217982308150117351772383465743335849048351488006458495739714670,YES,depth_imbalance_1,book,valid_obs_50,valid_observation_steps,50,early_gt_24h,86041,0.041379478323812974,0.5133005934110907,0.772805987843005,91.21
highest-temperature-in-shanghai-on-june-9-2026,Highest temperature in Shanghai on June 9?,2026-06-07T04:34:03Z,2026-06-09T12:00:00Z,10,28°C or higher,0xbb205043a60774a3a047d9b19a1ff1b89f476d221df716552ffbce4dc9d47524,74894507304943217982308150117351772383465743335849048351488006458495739714670,YES,depth_imbalance_1,book,valid_obs_50,valid_observation_steps,50,last_24h,52141,0.187808339605511,0.6999138920780712,0.866362363591032,56.202
highest-temperature-in-shanghai-on-june-9-2026,Highest temperature in Shanghai on June 9?,2026-06-07T04:34:03Z,2026-06-09T12:00:00Z,10,28°C or higher,0xbb205043a60774a3a047d9b19a1ff1b89f476d221df716552ffbce4dc9d47524,74894507304943217982308150117351772383465743335849048351488006458495739714670,YES,depth_imbalance_1,book,valid_obs_50,valid_observation_steps,50,last_6h,5762,0.14181304287554977,0.6504770164787511,0.7998958694897605,53.2685
highest-temperature-in-shanghai-on-june-9-2026,Highest temperature in Shanghai on June 9?,2026-06-07T04:34:03Z,2026-06-09T12:00:00Z,10,28°C or higher,0xbb205043a60774a3a047d9b19a1ff1b89f476d221df716552ffbce4dc9d47524,74894507304943217982308150117351772383465743335849048351488006458495739714670,YES,depth_imbalance_3,book,valid_obs_50,valid_observation_steps,50,early_gt_24h,86041,0.029876043538908735,0.48981993042766525,0.772805987843005,91.21
highest-temperature-in-shanghai-on-june-9-2026,Highest temperature in Shanghai on June 9?,2026-06-07T04:34:03Z,2026-06-09T12:00:00Z,10,28°C or higher,0xbb205043a60774a3a047d9b19a1ff1b89f476d221df716552ffbce4dc9d47524,74894507304943217982308150117351772383465743335849048351488006458495739714670,YES,depth_imbalance_3,book,valid_obs_50,valid_observation_steps,50,last_24h,52141,-0.01852933802018379,0.45221010332950634,0.866362363591032,56.202
highest-temperature-in-shanghai-on-june-9-2026,Highest temperature in Shanghai on June 9?,2026-06-07T04:34:03Z,2026-06-09T12:00:00Z,10,28°C or higher,0xbb205043a60774a3a047d9b19a1ff1b89f476d221df716552ffbce4dc9d47524,74894507304943217982308150117351772383465743335849048351488006458495739714670,YES,depth_imbalance_3,book,valid_obs_50,valid_observation_steps,50,last_6h,5762,-0.01866363149847866,0.45793581960104074,0.7998958694897605,53.2685
highest-temperature-in-shanghai-on-june-9-2026,Highest temperature in Shanghai on June 9?,2026-06-07T04:34:03Z,2026-06-09T12:00:00Z,10,28°C or higher,0xbb205043a60774a3a047d9b19a1ff1b89f476d221df716552ffbce4dc9d47524,74894507304943217982308150117351772383465743335849048351488006458495739714670,YES,depth_imbalance_5,book,valid_obs_50,valid_observation_steps,50,early_gt_24h,86041,0.04532353596634574,0.5644567219152854,0.772805987843005,91.21
highest-temperature-in-shanghai-on-june-9-2026,Highest temperature in Shanghai on June 9?,2026-06-07T04:34:03Z,2026-06-09T12:00:00Z,10,28°C or higher,0xbb205043a60774a3a047d9b19a1ff1b89f476d221df716552ffbce4dc9d47524,74894507304943217982308150117351772383465743335849048351488006458495739714670,YES,depth_imbalance_5,book,valid_obs_50,valid_observation_steps,50,last_24h,52141,-0.038616959670481905,0.42824339839265213,0.866362363591032,56.202
highest-temperature-in-shanghai-on-june-9-2026,Highest temperature in Shanghai on June 9?,2026-06-07T04:34:03Z,2026-06-09T12:00:00Z,10,28°C or higher,0xbb205043a60774a3a047d9b19a1ff1b89f476d221df716552ffbce4dc9d47524,74894507304943217982308150117351772383465743335849048351488006458495739714670,YES,depth_imbalance_5,book,valid_obs_50,valid_observation_steps,50,last_6h,5762,-0.13480649813125806,0.4449262792714657,0.7998958694897605,53.2685
highest-temperature-in-shanghai-on-june-9-2026,Highest temperature in Shanghai on June 9?,2026-06-07T04:34:03Z,2026-06-09T12:00:00Z,10,28°C or higher,0xbb205043a60774a3a047d9b19a1ff1b89f476d221df716552ffbce4dc9d47524,74894507304943217982308150117351772383465743335849048351488006458495739714670,YES,microprice_minus_mid,book,valid_obs_50,valid_observation_steps,50,early_gt_24h,86041,0.024324844433560467,0.5214855739717618,0.772805987843005,91.21
highest-temperature-in-shanghai-on-june-9-2026,Highest temperature in Shanghai on June 9?,2026-06-07T04:34:03Z,2026-06-09T12:00:00Z,10,28°C or higher,0xbb205043a60774a3a047d9b19a1ff1b89f476d221df716552ffbce4dc9d47524,74894507304943217982308150117351772383465743335849048351488006458495739714670,YES,microprice_minus_mid,book,valid_obs_50,valid_observation_steps,50,last_24h,52141,0.1404573307884857,0.6928817451205511,0.866362363591032,56.202
highest-temperature-in-shanghai-on-june-9-2026,Highest temperature in Shanghai on June 9?,2026-06-07T04:34:03Z,2026-06-09T12:00:00Z,10,28°C or higher,0xbb205043a60774a3a047d9b19a1ff1b89f476d221df716552ffbce4dc9d47524,74894507304943217982308150117351772383465743335849048351488006458495739714670,YES,microprice_minus_mid,book,valid_obs_50,valid_observation_steps,50,last_6h,5762,0.1754652123042642,0.6279271465741544,0.7998958694897605,53.2685
highest-temperature-in-shanghai-on-june-9-2026,Highest temperature in Shanghai on June 9?,2026-06-07T04:34:03Z,2026-06-09T12:00:00Z,10,28°C or higher,0xbb205043a60774a3a047d9b19a1ff1b89f476d221df716552ffbce4dc9d47524,74894507304943217982308150117351772383465743335849048351488006458495739714670,YES,ofi_30s,flow_clock_sensitive,valid_obs_50,valid_observation_steps,50,early_gt_24h,86041,0.009569412416370665,0.5121751585839983,0.772805987843005,91.21
highest-temperature-in-shanghai-on-june-9-2026,Highest temperature in Shanghai on June 9?,2026-06-07T04:34:03Z,2026-06-09T12:00:00Z,10,28°C or higher,0xbb205043a60774a3a047d9b19a1ff1b89f476d221df716552ffbce4dc9d47524,74894507304943217982308150117351772383465743335849048351488006458495739714670,YES,ofi_30s,flow_clock_sensitive,valid_obs_50,valid_observation_steps,50,last_24h,52141,0.07714208466154572,0.5378874856486797,0.866362363591032,56.202
highest-temperature-in-shanghai-on-june-9-2026,Highest temperature in Shanghai on June 9?,2026-06-07T04:34:03Z,2026-06-09T12:00:00Z,10,28°C or higher,0xbb205043a60774a3a047d9b19a1ff1b89f476d221df716552ffbce4dc9d47524,74894507304943217982308150117351772383465743335849048351488006458495739714670,YES,ofi_30s,flow_clock_sensitive,valid_obs_50,valid_observation_steps,50,last_6h,5762,0.15143456666787278,0.6756287944492628,0.7998958694897605,53.2685
highest-temperature-in-shanghai-on-june-9-2026,Highest temperature in Shanghai on June 9?,2026-06-07T04:34:03Z,2026-06-09T12:00:00Z,10,28°C or higher,0xbb205043a60774a3a047d9b19a1ff1b89f476d221df716552ffbce4dc9d47524,74894507304943217982308150117351772383465743335849048351488006458495739714670,YES,trade_pressure_30s,flow_clock_sensitive,valid_obs_50,valid_observation_steps,50,early_gt_24h,86041,0.010285773815054581,0.5177000204624514,0.772805987843005,91.21
highest-temperature-in-shanghai-on-june-9-2026,Highest temperature in Shanghai on June 9?,2026-06-07T04:34:03Z,2026-06-09T12:00:00Z,10,28°C or higher,0xbb205043a60774a3a047d9b19a1ff1b89f476d221df716552ffbce4dc9d47524,74894507304943217982308150117351772383465743335849048351488006458495739714670,YES,trade_pressure_30s,flow_clock_sensitive,valid_obs_50,valid_observation_steps,50,last_24h,52141,0.09135432127358278,0.5878300803673938,0.866362363591032,56.202
highest-temperature-in-shanghai-on-june-9-2026,Highest temperature in Shanghai on June 9?,2026-06-07T04:34:03Z,2026-06-09T12:00:00Z,10,28°C or higher,0xbb205043a60774a3a047d9b19a1ff1b89f476d221df716552ffbce4dc9d47524,74894507304943217982308150117351772383465743335849048351488006458495739714670,YES,trade_pressure_30s,flow_clock_sensitive,valid_obs_50,valid_observation_steps,50,last_6h,5762,0.08995276984866549,0.5819601040763226,0.7998958694897605,53.2685
highest-temperature-in-shanghai-on-june-9-2026,Highest temperature in Shanghai on June 9?,2026-06-07T04:34:03Z,2026-06-09T12:00:00Z,10,28°C or higher,0xbb205043a60774a3a047d9b19a1ff1b89f476d221df716552ffbce4dc9d47524,74894507304943217982308150117351772383465743335849048351488006458495739714670,YES,depth_imbalance_1,book,valid_obs_200,valid_observation_steps,200,early_gt_24h,86041,0.024989904440655138,0.4760718576912933,0.6034100022082496,389.462
highest-temperature-in-shanghai-on-june-9-2026,Highest temperature in Shanghai on June 9?,2026-06-07T04:34:03Z,2026-06-09T12:00:00Z,10,28°C or higher,0xbb205043a60774a3a047d9b19a1ff1b89f476d221df716552ffbce4dc9d47524,74894507304943217982308150117351772383465743335849048351488006458495739714670,YES,depth_imbalance_1,book,valid_obs_200,valid_observation_steps,200,last_24h,52141,0.315903202455099,0.7186410229314171,0.6370226884793156,239.347
highest-temperature-in-shanghai-on-june-9-2026,Highest temperature in Shanghai on June 9?,2026-06-07T04:34:03Z,2026-06-09T12:00:00Z,10,28°C or higher,0xbb205043a60774a3a047d9b19a1ff1b89f476d221df716552ffbce4dc9d47524,74894507304943217982308150117351772383465743335849048351488006458495739714670,YES,depth_imbalance_1,book,valid_obs_200,valid_observation_steps,200,last_6h,5573,0.2859675770571685,0.75,0.6978288175130092,232.873
highest-temperature-in-shanghai-on-june-9-2026,Highest temperature in Shanghai on June 9?,2026-06-07T04:34:03Z,2026-06-09T12:00:00Z,10,28°C or higher,0xbb205043a60774a3a047d9b19a1ff1b89f476d221df716552ffbce4dc9d47524,74894507304943217982308150117351772383465743335849048351488006458495739714670,YES,depth_imbalance_3,book,valid_obs_200,valid_observation_steps,200,early_gt_24h,86041,0.03157959602639086,0.5006300735574246,0.6034100022082496,389.462
highest-temperature-in-shanghai-on-june-9-2026,Highest temperature in Shanghai on June 9?,2026-06-07T04:34:03Z,2026-06-09T12:00:00Z,10,28°C or higher,0xbb205043a60774a3a047d9b19a1ff1b89f476d221df716552ffbce4dc9d47524,74894507304943217982308150117351772383465743335849048351488006458495739714670,YES,depth_imbalance_3,book,valid_obs_200,valid_observation_steps,200,last_24h,52141,-0.028771714436916403,0.46655394695128394,0.6370226884793156,239.347
highest-temperature-in-shanghai-on-june-9-2026,Highest temperature in Shanghai on June 9?,2026-06-07T04:34:03Z,2026-06-09T12:00:00Z,10,28°C or higher,0xbb205043a60774a3a047d9b19a1ff1b89f476d221df716552ffbce4dc9d47524,74894507304943217982308150117351772383465743335849048351488006458495739714670,YES,depth_imbalance_3,book,valid_obs_200,valid_observation_steps,200,last_6h,5573,0.0249080714045361,0.48752969121140144,0.6978288175130092,232.873
highest-temperature-in-shanghai-on-june-9-2026,Highest temperature in Shanghai on June 9?,2026-06-07T04:34:03Z,2026-06-09T12:00:00Z,10,28°C or higher,0xbb205043a60774a3a047d9b19a1ff1b89f476d221df716552ffbce4dc9d47524,74894507304943217982308150117351772383465743335849048351488006458495739714670,YES,depth_imbalance_5,book,valid_obs_200,valid_observation_steps,200,early_gt_24h,86041,0.03179954999181794,0.5166896228350379,0.6034100022082496,389.462
highest-temperature-in-shanghai-on-june-9-2026,Highest temperature in Shanghai on June 9?,2026-06-07T04:34:03Z,2026-06-09T12:00:00Z,10,28°C or higher,0xbb205043a60774a3a047d9b19a1ff1b89f476d221df716552ffbce4dc9d47524,74894507304943217982308150117351772383465743335849048351488006458495739714670,YES,depth_imbalance_5,book,valid_obs_200,valid_observation_steps,200,last_24h,52141,-0.08224601992819247,0.40468139067948855,0.6370226884793156,239.347
highest-temperature-in-shanghai-on-june-9-2026,Highest temperature in Shanghai on June 9?,2026-06-07T04:34:03Z,2026-06-09T12:00:00Z,10,28°C or higher,0xbb205043a60774a3a047d9b19a1ff1b89f476d221df716552ffbce4dc9d47524,74894507304943217982308150117351772383465743335849048351488006458495739714670,YES,depth_imbalance_5,book,valid_obs_200,valid_observation_steps,200,last_6h,5573,-0.13916384870455292,0.4317102137767221,0.6978288175130092,232.873
highest-temperature-in-shanghai-on-june-9-2026,Highest temperature in Shanghai on June 9?,2026-06-07T04:34:03Z,2026-06-09T12:00:00Z,10,28°C or higher,0xbb205043a60774a3a047d9b19a1ff1b89f476d221df716552ffbce4dc9d47524,74894507304943217982308150117351772383465743335849048351488006458495739714670,YES,microprice_minus_mid,book,valid_obs_200,valid_observation_steps,200,early_gt_24h,86041,-0.008724440933014934,0.4875304047123641,0.6034100022082496,389.462
highest-temperature-in-shanghai-on-june-9-2026,Highest temperature in Shanghai on June 9?,2026-06-07T04:34:03Z,2026-06-09T12:00:00Z,10,28°C or higher,0xbb205043a60774a3a047d9b19a1ff1b89f476d221df716552ffbce4dc9d47524,74894507304943217982308150117351772383465743335849048351488006458495739714670,YES,microprice_minus_mid,book,valid_obs_200,valid_observation_steps,200,last_24h,52141,0.24589345832060375,0.7157349677692064,0.6370226884793156,239.347
highest-temperature-in-shanghai-on-june-9-2026,Highest temperature in Shanghai on June 9?,2026-06-07T04:34:03Z,2026-06-09T12:00:00Z,10,28°C or higher,0xbb205043a60774a3a047d9b19a1ff1b89f476d221df716552ffbce4dc9d47524,74894507304943217982308150117351772383465743335849048351488006458495739714670,YES,microprice_minus_mid,book,valid_obs_200,valid_observation_steps,200,last_6h,5573,0.09082729238476712,0.5237529691211401,0.6978288175130092,232.873
highest-temperature-in-shanghai-on-june-9-2026,Highest temperature in Shanghai on June 9?,2026-06-07T04:34:03Z,2026-06-09T12:00:00Z,10,28°C or higher,0xbb205043a60774a3a047d9b19a1ff1b89f476d221df716552ffbce4dc9d47524,74894507304943217982308150117351772383465743335849048351488006458495739714670,YES,ofi_30s,flow_clock_sensitive,valid_obs_200,valid_observation_steps,200,early_gt_24h,86041,0.019564245292064953,0.5424493743223046,0.6034100022082496,389.462
highest-temperature-in-shanghai-on-june-9-2026,Highest temperature in Shanghai on June 9?,2026-06-07T04:34:03Z,2026-06-09T12:00:00Z,10,28°C or higher,0xbb205043a60774a3a047d9b19a1ff1b89f476d221df716552ffbce4dc9d47524,74894507304943217982308150117351772383465743335849048351488006458495739714670,YES,ofi_30s,flow_clock_sensitive,valid_obs_200,valid_observation_steps,200,last_24h,52141,0.07887792784094275,0.5112015217161576,0.6370226884793156,239.347
highest-temperature-in-shanghai-on-june-9-2026,Highest temperature in Shanghai on June 9?,2026-06-07T04:34:03Z,2026-06-09T12:00:00Z,10,28°C or higher,0xbb205043a60774a3a047d9b19a1ff1b89f476d221df716552ffbce4dc9d47524,74894507304943217982308150117351772383465743335849048351488006458495739714670,YES,ofi_30s,flow_clock_sensitive,valid_obs_200,valid_observation_steps,200,last_6h,5573,0.018320358654663173,0.4501187648456057,0.6978288175130092,232.873
highest-temperature-in-shanghai-on-june-9-2026,Highest temperature in Shanghai on June 9?,2026-06-07T04:34:03Z,2026-06-09T12:00:00Z,10,28°C or higher,0xbb205043a60774a3a047d9b19a1ff1b89f476d221df716552ffbce4dc9d47524,74894507304943217982308150117351772383465743335849048351488006458495739714670,YES,trade_pressure_30s,flow_clock_sensitive,valid_obs_200,valid_observation_steps,200,early_gt_24h,86041,0.03128657274125471,0.564135626996454,0.6034100022082496,389.462
highest-temperature-in-shanghai-on-june-9-2026,Highest temperature in Shanghai on June 9?,2026-06-07T04:34:03Z,2026-06-09T12:00:00Z,10,28°C or higher,0xbb205043a60774a3a047d9b19a1ff1b89f476d221df716552ffbce4dc9d47524,74894507304943217982308150117351772383465743335849048351488006458495739714670,YES,trade_pressure_30s,flow_clock_sensitive,valid_obs_200,valid_observation_steps,200,last_24h,52141,0.11703145198488116,0.5824791292401986,0.6370226884793156,239.347
highest-temperature-in-shanghai-on-june-9-2026,Highest temperature in Shanghai on June 9?,2026-06-07T04:34:03Z,2026-06-09T12:00:00Z,10,28°C or higher,0xbb205043a60774a3a047d9b19a1ff1b89f476d221df716552ffbce4dc9d47524,74894507304943217982308150117351772383465743335849048351488006458495739714670,YES,trade_pressure_30s,flow_clock_sensitive,valid_obs_200,valid_observation_steps,200,last_6h,5573,0.11460583426498264,0.7399049881235155,0.6978288175130092,232.873
highest-temperature-in-shanghai-on-june-10-2026,Highest temperature in Shanghai on June 10?,2026-06-08T04:26:36Z,2026-06-10T12:00:00Z,0,23°C or below,0x209ea702bffd8aa70d4fca6c1287885fdb91716c30e0e8bd81567963400b0e50,12036673829484768976214971983373134806036380987353183612468179472146562556837,YES,depth_imbalance_1,book,wall_60s,wall_clock_seconds,60,early_gt_24h,64816,0.19199138548236488,0.8911358274351197,0.9542242656134288,62.397
highest-temperature-in-shanghai-on-june-10-2026,Highest temperature in Shanghai on June 10?,2026-06-08T04:26:36Z,2026-06-10T12:00:00Z,0,23°C or below,0x209ea702bffd8aa70d4fca6c1287885fdb91716c30e0e8bd81567963400b0e50,12036673829484768976214971983373134806036380987353183612468179472146562556837,YES,depth_imbalance_1,book,wall_60s,wall_clock_seconds,60,last_24h,20287,-0.03280559989120623,0.14204545454545456,0.9913244935180164,62.041
highest-temperature-in-shanghai-on-june-10-2026,Highest temperature in Shanghai on June 10?,2026-06-08T04:26:36Z,2026-06-10T12:00:00Z,0,23°C or below,0x209ea702bffd8aa70d4fca6c1287885fdb91716c30e0e8bd81567963400b0e50,12036673829484768976214971983373134806036380987353183612468179472146562556837,YES,depth_imbalance_3,book,wall_60s,wall_clock_seconds,60,early_gt_24h,64816,0.04291485679319114,0.6302662622177283,0.9542242656134288,62.397
highest-temperature-in-shanghai-on-june-10-2026,Highest temperature in Shanghai on June 10?,2026-06-08T04:26:36Z,2026-06-10T12:00:00Z,0,23°C or below,0x209ea702bffd8aa70d4fca6c1287885fdb91716c30e0e8bd81567963400b0e50,12036673829484768976214971983373134806036380987353183612468179472146562556837,YES,depth_imbalance_3,book,wall_60s,wall_clock_seconds,60,last_24h,20287,-0.1100239313049938,0.03977272727272727,0.9913244935180164,62.041
highest-temperature-in-shanghai-on-june-10-2026,Highest temperature in Shanghai on June 10?,2026-06-08T04:26:36Z,2026-06-10T12:00:00Z,0,23°C or below,0x209ea702bffd8aa70d4fca6c1287885fdb91716c30e0e8bd81567963400b0e50,12036673829484768976214971983373134806036380987353183612468179472146562556837,YES,depth_imbalance_5,book,wall_60s,wall_clock_seconds,60,early_gt_24h,64816,0.049140119433989424,0.6181327940680822,0.9542242656134288,62.397
highest-temperature-in-shanghai-on-june-10-2026,Highest temperature in Shanghai on June 10?,2026-06-08T04:26:36Z,2026-06-10T12:00:00Z,0,23°C or below,0x209ea702bffd8aa70d4fca6c1287885fdb91716c30e0e8bd81567963400b0e50,12036673829484768976214971983373134806036380987353183612468179472146562556837,YES,depth_imbalance_5,book,wall_60s,wall_clock_seconds,60,last_24h,20287,-0.11644877065032376,0.017045454545454544,0.9913244935180164,62.041
highest-temperature-in-shanghai-on-june-10-2026,Highest temperature in Shanghai on June 10?,2026-06-08T04:26:36Z,2026-06-10T12:00:00Z,0,23°C or below,0x209ea702bffd8aa70d4fca6c1287885fdb91716c30e0e8bd81567963400b0e50,12036673829484768976214971983373134806036380987353183612468179472146562556837,YES,microprice_minus_mid,book,wall_60s,wall_clock_seconds,60,early_gt_24h,64816,0.18963653326841579,0.8601280754971351,0.9542242656134288,62.397
highest-temperature-in-shanghai-on-june-10-2026,Highest temperature in Shanghai on June 10?,2026-06-08T04:26:36Z,2026-06-10T12:00:00Z,0,23°C or below,0x209ea702bffd8aa70d4fca6c1287885fdb91716c30e0e8bd81567963400b0e50,12036673829484768976214971983373134806036380987353183612468179472146562556837,YES,microprice_minus_mid,book,wall_60s,wall_clock_seconds,60,last_24h,20287,-0.0795635378379017,0.1875,0.9913244935180164,62.041
highest-temperature-in-shanghai-on-june-10-2026,Highest temperature in Shanghai on June 10?,2026-06-08T04:26:36Z,2026-06-10T12:00:00Z,0,23°C or below,0x209ea702bffd8aa70d4fca6c1287885fdb91716c30e0e8bd81567963400b0e50,12036673829484768976214971983373134806036380987353183612468179472146562556837,YES,ofi_30s,flow_clock_sensitive,wall_60s,wall_clock_seconds,60,early_gt_24h,64816,0.015903419778906164,0.4930906639703404,0.9542242656134288,62.397
highest-temperature-in-shanghai-on-june-10-2026,Highest temperature in Shanghai on June 10?,2026-06-08T04:26:36Z,2026-06-10T12:00:00Z,0,23°C or below,0x209ea702bffd8aa70d4fca6c1287885fdb91716c30e0e8bd81567963400b0e50,12036673829484768976214971983373134806036380987353183612468179472146562556837,YES,ofi_30s,flow_clock_sensitive,wall_60s,wall_clock_seconds,60,last_24h,20287,0.11348250373725048,0.9545454545454546,0.9913244935180164,62.041
highest-temperature-in-shanghai-on-june-10-2026,Highest temperature in Shanghai on June 10?,2026-06-08T04:26:36Z,2026-06-10T12:00:00Z,0,23°C or below,0x209ea702bffd8aa70d4fca6c1287885fdb91716c30e0e8bd81567963400b0e50,12036673829484768976214971983373134806036380987353183612468179472146562556837,YES,trade_pressure_30s,flow_clock_sensitive,wall_60s,wall_clock_seconds,60,early_gt_24h,64816,,0.5716211661611055,0.9542242656134288,62.397
highest-temperature-in-shanghai-on-june-10-2026,Highest temperature in Shanghai on June 10?,2026-06-08T04:26:36Z,2026-06-10T12:00:00Z,0,23°C or below,0x209ea702bffd8aa70d4fca6c1287885fdb91716c30e0e8bd81567963400b0e50,12036673829484768976214971983373134806036380987353183612468179472146562556837,YES,trade_pressure_30s,flow_clock_sensitive,wall_60s,wall_clock_seconds,60,last_24h,20287,0.03983260474607527,0.0625,0.9913244935180164,62.041
highest-temperature-in-shanghai-on-june-10-2026,Highest temperature in Shanghai on June 10?,2026-06-08T04:26:36Z,2026-06-10T12:00:00Z,0,23°C or below,0x209ea702bffd8aa70d4fca6c1287885fdb91716c30e0e8bd81567963400b0e50,12036673829484768976214971983373134806036380987353183612468179472146562556837,YES,depth_imbalance_1,book,wall_300s,wall_clock_seconds,300,early_gt_24h,64667,0.23418347916849533,0.83454018826937,0.9145777599084541,303.221
highest-temperature-in-shanghai-on-june-10-2026,Highest temperature in Shanghai on June 10?,2026-06-08T04:26:36Z,2026-06-10T12:00:00Z,0,23°C or below,0x209ea702bffd8aa70d4fca6c1287885fdb91716c30e0e8bd81567963400b0e50,12036673829484768976214971983373134806036380987353183612468179472146562556837,YES,depth_imbalance_1,book,wall_300s,wall_clock_seconds,300,last_24h,20228,-0.1341805286966097,0.03651354534746761,0.9580284753806605,302.8365
highest-temperature-in-shanghai-on-june-10-2026,Highest temperature in Shanghai on June 10?,2026-06-08T04:26:36Z,2026-06-10T12:00:00Z,0,23°C or below,0x209ea702bffd8aa70d4fca6c1287885fdb91716c30e0e8bd81567963400b0e50,12036673829484768976214971983373134806036380987353183612468179472146562556837,YES,depth_imbalance_3,book,wall_300s,wall_clock_seconds,300,early_gt_24h,64667,-0.04696296394177578,0.5130340333091963,0.9145777599084541,303.221
highest-temperature-in-shanghai-on-june-10-2026,Highest temperature in Shanghai on June 10?,2026-06-08T04:26:36Z,2026-06-10T12:00:00Z,0,23°C or below,0x209ea702bffd8aa70d4fca6c1287885fdb91716c30e0e8bd81567963400b0e50,12036673829484768976214971983373134806036380987353183612468179472146562556837,YES,depth_imbalance_3,book,wall_300s,wall_clock_seconds,300,last_24h,20228,-0.24418781124652128,0.015312131919905771,0.9580284753806605,302.8365
highest-temperature-in-shanghai-on-june-10-2026,Highest temperature in Shanghai on June 10?,2026-06-08T04:26:36Z,2026-06-10T12:00:00Z,0,23°C or below,0x209ea702bffd8aa70d4fca6c1287885fdb91716c30e0e8bd81567963400b0e50,12036673829484768976214971983373134806036380987353183612468179472146562556837,YES,depth_imbalance_5,book,wall_300s,wall_clock_seconds,300,early_gt_24h,64667,-0.024682708851661926,0.530955829109341,0.9145777599084541,303.221
highest-temperature-in-shanghai-on-june-10-2026,Highest temperature in Shanghai on June 10?,2026-06-08T04:26:36Z,2026-06-10T12:00:00Z,0,23°C or below,0x209ea702bffd8aa70d4fca6c1287885fdb91716c30e0e8bd81567963400b0e50,12036673829484768976214971983373134806036380987353183612468179472146562556837,YES,depth_imbalance_5,book,wall_300s,wall_clock_seconds,300,last_24h,20228,-0.24203957059133377,0.01060070671378092,0.9580284753806605,302.8365
highest-temperature-in-shanghai-on-june-10-2026,Highest temperature in Shanghai on June 10?,2026-06-08T04:26:36Z,2026-06-10T12:00:00Z,0,23°C or below,0x209ea702bffd8aa70d4fca6c1287885fdb91716c30e0e8bd81567963400b0e50,12036673829484768976214971983373134806036380987353183612468179472146562556837,YES,microprice_minus_mid,book,wall_300s,wall_clock_seconds,300,early_gt_24h,64667,0.204201916754496,0.7387762490948588,0.9145777599084541,303.221
highest-temperature-in-shanghai-on-june-10-2026,Highest temperature in Shanghai on June 10?,2026-06-08T04:26:36Z,2026-06-10T12:00:00Z,0,23°C or below,0x209ea702bffd8aa70d4fca6c1287885fdb91716c30e0e8bd81567963400b0e50,12036673829484768976214971983373134806036380987353183612468179472146562556837,YES,microprice_minus_mid,book,wall_300s,wall_clock_seconds,300,last_24h,20228,-0.20303545642083765,0.19689737470167065,0.9580284753806605,302.8365
highest-temperature-in-shanghai-on-june-10-2026,Highest temperature in Shanghai on June 10?,2026-06-08T04:26:36Z,2026-06-10T12:00:00Z,0,23°C or below,0x209ea702bffd8aa70d4fca6c1287885fdb91716c30e0e8bd81567963400b0e50,12036673829484768976214971983373134806036380987353183612468179472146562556837,YES,ofi_30s,flow_clock_sensitive,wall_300s,wall_clock_seconds,300,early_gt_24h,64667,0.05851466008643479,0.6270818247646633,0.9145777599084541,303.221
highest-temperature-in-shanghai-on-june-10-2026,Highest temperature in Shanghai on June 10?,2026-06-08T04:26:36Z,2026-06-10T12:00:00Z,0,23°C or below,0x209ea702bffd8aa70d4fca6c1287885fdb91716c30e0e8bd81567963400b0e50,12036673829484768976214971983373134806036380987353183612468179472146562556837,YES,ofi_30s,flow_clock_sensitive,wall_300s,wall_clock_seconds,300,last_24h,20228,0.10421321233466592,0.9081272084805654,0.9580284753806605,302.8365
highest-temperature-in-shanghai-on-june-10-2026,Highest temperature in Shanghai on June 10?,2026-06-08T04:26:36Z,2026-06-10T12:00:00Z,0,23°C or below,0x209ea702bffd8aa70d4fca6c1287885fdb91716c30e0e8bd81567963400b0e50,12036673829484768976214971983373134806036380987353183612468179472146562556837,YES,trade_pressure_30s,flow_clock_sensitive,wall_300s,wall_clock_seconds,300,early_gt_24h,64667,,0.4087617668356264,0.9145777599084541,303.221
highest-temperature-in-shanghai-on-june-10-2026,Highest temperature in Shanghai on June 10?,2026-06-08T04:26:36Z,2026-06-10T12:00:00Z,0,23°C or below,0x209ea702bffd8aa70d4fca6c1287885fdb91716c30e0e8bd81567963400b0e50,12036673829484768976214971983373134806036380987353183612468179472146562556837,YES,trade_pressure_30s,flow_clock_sensitive,wall_300s,wall_clock_seconds,300,last_24h,20228,0.011156849130612717,0.020023557126030624,0.9580284753806605,302.8365
highest-temperature-in-shanghai-on-june-10-2026,Highest temperature in Shanghai on June 10?,2026-06-08T04:26:36Z,2026-06-10T12:00:00Z,0,23°C or below,0x209ea702bffd8aa70d4fca6c1287885fdb91716c30e0e8bd81567963400b0e50,12036673829484768976214971983373134806036380987353183612468179472146562556837,YES,depth_imbalance_1,book,wall_900s,wall_clock_seconds,900,early_gt_24h,64308,0.29339762088228144,0.798755430315839,0.8675592461280089,903.6315
highest-temperature-in-shanghai-on-june-10-2026,Highest temperature in Shanghai on June 10?,2026-06-08T04:26:36Z,2026-06-10T12:00:00Z,0,23°C or below,0x209ea702bffd8aa70d4fca6c1287885fdb91716c30e0e8bd81567963400b0e50,12036673829484768976214971983373134806036380987353183612468179472146562556837,YES,depth_imbalance_1,book,wall_900s,wall_clock_seconds,900,last_24h,19875,-0.20837590535660003,0.00882825040128411,0.8746163522012579,903.232
highest-temperature-in-shanghai-on-june-10-2026,Highest temperature in Shanghai on June 10?,2026-06-08T04:26:36Z,2026-06-10T12:00:00Z,0,23°C or below,0x209ea702bffd8aa70d4fca6c1287885fdb91716c30e0e8bd81567963400b0e50,12036673829484768976214971983373134806036380987353183612468179472146562556837,YES,depth_imbalance_3,book,wall_900s,wall_clock_seconds,900,early_gt_24h,64308,-0.0384914601330622,0.4601385464365387,0.8675592461280089,903.6315
highest-temperature-in-shanghai-on-june-10-2026,Highest temperature in Shanghai on June 10?,2026-06-08T04:26:36Z,2026-06-10T12:00:00Z,0,23°C or below,0x209ea702bffd8aa70d4fca6c1287885fdb91716c30e0e8bd81567963400b0e50,12036673829484768976214971983373134806036380987353183612468179472146562556837,YES,depth_imbalance_3,book,wall_900s,wall_clock_seconds,900,last_24h,19875,-0.44204389646801573,0.0016051364365971107,0.8746163522012579,903.232
highest-temperature-in-shanghai-on-june-10-2026,Highest temperature in Shanghai on June 10?,2026-06-08T04:26:36Z,2026-06-10T12:00:00Z,0,23°C or below,0x209ea702bffd8aa70d4fca6c1287885fdb91716c30e0e8bd81567963400b0e50,12036673829484768976214971983373134806036380987353183612468179472146562556837,YES,depth_imbalance_5,book,wall_900s,wall_clock_seconds,900,early_gt_24h,64308,-0.04238960869300009,0.49606669014911353,0.8675592461280089,903.6315
highest-temperature-in-shanghai-on-june-10-2026,Highest temperature in Shanghai on June 10?,2026-06-08T04:26:36Z,2026-06-10T12:00:00Z,0,23°C or below,0x209ea702bffd8aa70d4fca6c1287885fdb91716c30e0e8bd81567963400b0e50,12036673829484768976214971983373134806036380987353183612468179472146562556837,YES,depth_imbalance_5,book,wall_900s,wall_clock_seconds,900,last_24h,19875,-0.432163227828945,0.0,0.8746163522012579,903.232
highest-temperature-in-shanghai-on-june-10-2026,Highest temperature in Shanghai on June 10?,2026-06-08T04:26:36Z,2026-06-10T12:00:00Z,0,23°C or below,0x209ea702bffd8aa70d4fca6c1287885fdb91716c30e0e8bd81567963400b0e50,12036673829484768976214971983373134806036380987353183612468179472146562556837,YES,microprice_minus_mid,book,wall_900s,wall_clock_seconds,900,early_gt_24h,64308,0.1955543413979413,0.626746506986028,0.8675592461280089,903.6315
highest-temperature-in-shanghai-on-june-10-2026,Highest temperature in Shanghai on June 10?,2026-06-08T04:26:36Z,2026-06-10T12:00:00Z,0,23°C or below,0x209ea702bffd8aa70d4fca6c1287885fdb91716c30e0e8bd81567963400b0e50,12036673829484768976214971983373134806036380987353183612468179472146562556837,YES,microprice_minus_mid,book,wall_900s,wall_clock_seconds,900,last_24h,19875,-0.23830113691896435,0.2804975922953451,0.8746163522012579,903.232
highest-temperature-in-shanghai-on-june-10-2026,Highest temperature in Shanghai on June 10?,2026-06-08T04:26:36Z,2026-06-10T12:00:00Z,0,23°C or below,0x209ea702bffd8aa70d4fca6c1287885fdb91716c30e0e8bd81567963400b0e50,12036673829484768976214971983373134806036380987353183612468179472146562556837,YES,ofi_30s,flow_clock_sensitive,wall_900s,wall_clock_seconds,900,early_gt_24h,64308,0.049593861897516585,0.6868615709756957,0.8675592461280089,903.6315
highest-temperature-in-shanghai-on-june-10-2026,Highest temperature in Shanghai on June 10?,2026-06-08T04:26:36Z,2026-06-10T12:00:00Z,0,23°C or below,0x209ea702bffd8aa70d4fca6c1287885fdb91716c30e0e8bd81567963400b0e50,12036673829484768976214971983373134806036380987353183612468179472146562556837,YES,ofi_30s,flow_clock_sensitive,wall_900s,wall_clock_seconds,900,last_24h,19875,0.030447498419787528,0.8322632423756019,0.8746163522012579,903.232
highest-temperature-in-shanghai-on-june-10-2026,Highest temperature in Shanghai on June 10?,2026-06-08T04:26:36Z,2026-06-10T12:00:00Z,0,23°C or below,0x209ea702bffd8aa70d4fca6c1287885fdb91716c30e0e8bd81567963400b0e50,12036673829484768976214971983373134806036380987353183612468179472146562556837,YES,trade_pressure_30s,flow_clock_sensitive,wall_900s,wall_clock_seconds,900,early_gt_24h,64308,,0.35904661265703885,0.8675592461280089,903.6315
highest-temperature-in-shanghai-on-june-10-2026,Highest temperature in Shanghai on June 10?,2026-06-08T04:26:36Z,2026-06-10T12:00:00Z,0,23°C or below,0x209ea702bffd8aa70d4fca6c1287885fdb91716c30e0e8bd81567963400b0e50,12036673829484768976214971983373134806036380987353183612468179472146562556837,YES,trade_pressure_30s,flow_clock_sensitive,wall_900s,wall_clock_seconds,900,last_24h,19875,-0.004767423578446212,0.0032102728731942215,0.8746163522012579,903.232
highest-temperature-in-shanghai-on-june-10-2026,Highest temperature in Shanghai on June 10?,2026-06-08T04:26:36Z,2026-06-10T12:00:00Z,0,23°C or below,0x209ea702bffd8aa70d4fca6c1287885fdb91716c30e0e8bd81567963400b0e50,12036673829484768976214971983373134806036380987353183612468179472146562556837,YES,depth_imbalance_1,book,valid_obs_10,valid_observation_steps,10,early_gt_24h,64927,0.16350695338462,0.8306595365418895,0.9567976342661758,19.597
highest-temperature-in-shanghai-on-june-10-2026,Highest temperature in Shanghai on June 10?,2026-06-08T04:26:36Z,2026-06-10T12:00:00Z,0,23°C or below,0x209ea702bffd8aa70d4fca6c1287885fdb91716c30e0e8bd81567963400b0e50,12036673829484768976214971983373134806036380987353183612468179472146562556837,YES,depth_imbalance_1,book,valid_obs_10,valid_observation_steps,10,last_24h,20297,0.009280954399147476,0.6,0.996304872641277,23.212
highest-temperature-in-shanghai-on-june-10-2026,Highest temperature in Shanghai on June 10?,2026-06-08T04:26:36Z,2026-06-10T12:00:00Z,0,23°C or below,0x209ea702bffd8aa70d4fca6c1287885fdb91716c30e0e8bd81567963400b0e50,12036673829484768976214971983373134806036380987353183612468179472146562556837,YES,depth_imbalance_3,book,valid_obs_10,valid_observation_steps,10,early_gt_24h,64927,0.008312152588772432,0.5297682709447415,0.9567976342661758,19.597
highest-temperature-in-shanghai-on-june-10-2026,Highest temperature in Shanghai on June 10?,2026-06-08T04:26:36Z,2026-06-10T12:00:00Z,0,23°C or below,0x209ea702bffd8aa70d4fca6c1287885fdb91716c30e0e8bd81567963400b0e50,12036673829484768976214971983373134806036380987353183612468179472146562556837,YES,depth_imbalance_3,book,valid_obs_10,valid_observation_steps,10,last_24h,20297,-0.02048186959177768,0.36,0.996304872641277,23.212
highest-temperature-in-shanghai-on-june-10-2026,Highest temperature in Shanghai on June 10?,2026-06-08T04:26:36Z,2026-06-10T12:00:00Z,0,23°C or below,0x209ea702bffd8aa70d4fca6c1287885fdb91716c30e0e8bd81567963400b0e50,12036673829484768976214971983373134806036380987353183612468179472146562556837,YES,depth_imbalance_5,book,valid_obs_10,valid_observation_steps,10,early_gt_24h,64927,0.0294309517236892,0.5778966131907308,0.9567976342661758,19.597
highest-temperature-in-shanghai-on-june-10-2026,Highest temperature in Shanghai on June 10?,2026-06-08T04:26:36Z,2026-06-10T12:00:00Z,0,23°C or below,0x209ea702bffd8aa70d4fca6c1287885fdb91716c30e0e8bd81567963400b0e50,12036673829484768976214971983373134806036380987353183612468179472146562556837,YES,depth_imbalance_5,book,valid_obs_10,valid_observation_steps,10,last_24h,20297,-0.01446627837186504,0.30666666666666664,0.996304872641277,23.212
highest-temperature-in-shanghai-on-june-10-2026,Highest temperature in Shanghai on June 10?,2026-06-08T04:26:36Z,2026-06-10T12:00:00Z,0,23°C or below,0x209ea702bffd8aa70d4fca6c1287885fdb91716c30e0e8bd81567963400b0e50,12036673829484768976214971983373134806036380987353183612468179472146562556837,YES,microprice_minus_mid,book,valid_obs_10,valid_observation_steps,10,early_gt_24h,64927,0.14791008760591554,0.8281639928698752,0.9567976342661758,19.597
highest-temperature-in-shanghai-on-june-10-2026,Highest temperature in Shanghai on June 10?,2026-06-08T04:26:36Z,2026-06-10T12:00:00Z,0,23°C or below,0x209ea702bffd8aa70d4fca6c1287885fdb91716c30e0e8bd81567963400b0e50,12036673829484768976214971983373134806036380987353183612468179472146562556837,YES,microprice_minus_mid,book,valid_obs_10,valid_observation_steps,10,last_24h,20297,0.03784121356259223,0.64,0.996304872641277,23.212
highest-temperature-in-shanghai-on-june-10-2026,Highest temperature in Shanghai on June 10?,2026-06-08T04:26:36Z,2026-06-10T12:00:00Z,0,23°C or below,0x209ea702bffd8aa70d4fca6c1287885fdb91716c30e0e8bd81567963400b0e50,12036673829484768976214971983373134806036380987353183612468179472146562556837,YES,ofi_30s,flow_clock_sensitive,valid_obs_10,valid_observation_steps,10,early_gt_24h,64927,0.09647700760225818,0.586096256684492,0.9567976342661758,19.597
highest-temperature-in-shanghai-on-june-10-2026,Highest temperature in Shanghai on June 10?,2026-06-08T04:26:36Z,2026-06-10T12:00:00Z,0,23°C or below,0x209ea702bffd8aa70d4fca6c1287885fdb91716c30e0e8bd81567963400b0e50,12036673829484768976214971983373134806036380987353183612468179472146562556837,YES,ofi_30s,flow_clock_sensitive,valid_obs_10,valid_observation_steps,10,last_24h,20297,-0.0007505294913051863,0.6266666666666667,0.996304872641277,23.212
highest-temperature-in-shanghai-on-june-10-2026,Highest temperature in Shanghai on June 10?,2026-06-08T04:26:36Z,2026-06-10T12:00:00Z,0,23°C or below,0x209ea702bffd8aa70d4fca6c1287885fdb91716c30e0e8bd81567963400b0e50,12036673829484768976214971983373134806036380987353183612468179472146562556837,YES,trade_pressure_30s,flow_clock_sensitive,valid_obs_10,valid_observation_steps,10,early_gt_24h,64927,,0.48484848484848486,0.9567976342661758,19.597
highest-temperature-in-shanghai-on-june-10-2026,Highest temperature in Shanghai on June 10?,2026-06-08T04:26:36Z,2026-06-10T12:00:00Z,0,23°C or below,0x209ea702bffd8aa70d4fca6c1287885fdb91716c30e0e8bd81567963400b0e50,12036673829484768976214971983373134806036380987353183612468179472146562556837,YES,trade_pressure_30s,flow_clock_sensitive,valid_obs_10,valid_observation_steps,10,last_24h,20297,0.06597958499488121,0.41333333333333333,0.996304872641277,23.212
highest-temperature-in-shanghai-on-june-10-2026,Highest temperature in Shanghai on June 10?,2026-06-08T04:26:36Z,2026-06-10T12:00:00Z,0,23°C or below,0x209ea702bffd8aa70d4fca6c1287885fdb91716c30e0e8bd81567963400b0e50,12036673829484768976214971983373134806036380987353183612468179472146562556837,YES,depth_imbalance_1,book,valid_obs_50,valid_observation_steps,50,early_gt_24h,64927,0.20603539642370675,0.7923944284766747,0.9303371478737659,119.183
highest-temperature-in-shanghai-on-june-10-2026,Highest temperature in Shanghai on June 10?,2026-06-08T04:26:36Z,2026-06-10T12:00:00Z,0,23°C or below,0x209ea702bffd8aa70d4fca6c1287885fdb91716c30e0e8bd81567963400b0e50,12036673829484768976214971983373134806036380987353183612468179472146562556837,YES,depth_imbalance_1,book,valid_obs_50,valid_observation_steps,50,last_24h,20246,-0.04045831208045852,0.12056737588652482,0.9860713227304159,129.34050000000002
highest-temperature-in-shanghai-on-june-10-2026,Highest temperature in Shanghai on June 10?,2026-06-08T04:26:36Z,2026-06-10T12:00:00Z,0,23°C or below,0x209ea702bffd8aa70d4fca6c1287885fdb91716c30e0e8bd81567963400b0e50,12036673829484768976214971983373134806036380987353183612468179472146562556837,YES,depth_imbalance_3,book,valid_obs_50,valid_observation_steps,50,early_gt_24h,64927,-0.011980445683965908,0.5414547866460314,0.9303371478737659,119.183
highest-temperature-in-shanghai-on-june-10-2026,Highest temperature in Shanghai on June 10?,2026-06-08T04:26:36Z,2026-06-10T12:00:00Z,0,23°C or below,0x209ea702bffd8aa70d4fca6c1287885fdb91716c30e0e8bd81567963400b0e50,12036673829484768976214971983373134806036380987353183612468179472146562556837,YES,depth_imbalance_3,book,valid_obs_50,valid_observation_steps,50,last_24h,20246,-0.12106644685483195,0.05673758865248227,0.9860713227304159,129.34050000000002
highest-temperature-in-shanghai-on-june-10-2026,Highest temperature in Shanghai on June 10?,2026-06-08T04:26:36Z,2026-06-10T12:00:00Z,0,23°C or below,0x209ea702bffd8aa70d4fca6c1287885fdb91716c30e0e8bd81567963400b0e50,12036673829484768976214971983373134806036380987353183612468179472146562556837,YES,depth_imbalance_5,book,valid_obs_50,valid_observation_steps,50,early_gt_24h,64927,0.023154795285294138,0.5595843466725624,0.9303371478737659,119.183
highest-temperature-in-shanghai-on-june-10-2026,Highest temperature in Shanghai on June 10?,2026-06-08T04:26:36Z,2026-06-10T12:00:00Z,0,23°C or below,0x209ea702bffd8aa70d4fca6c1287885fdb91716c30e0e8bd81567963400b0e50,12036673829484768976214971983373134806036380987353183612468179472146562556837,YES,depth_imbalance_5,book,valid_obs_50,valid_observation_steps,50,last_24h,20246,-0.10999861612551208,0.0425531914893617,0.9860713227304159,129.34050000000002
highest-temperature-in-shanghai-on-june-10-2026,Highest temperature in Shanghai on June 10?,2026-06-08T04:26:36Z,2026-06-10T12:00:00Z,0,23°C or below,0x209ea702bffd8aa70d4fca6c1287885fdb91716c30e0e8bd81567963400b0e50,12036673829484768976214971983373134806036380987353183612468179472146562556837,YES,microprice_minus_mid,book,valid_obs_50,valid_observation_steps,50,early_gt_24h,64927,0.19149911854031418,0.7775812513818262,0.9303371478737659,119.183
highest-temperature-in-shanghai-on-june-10-2026,Highest temperature in Shanghai on June 10?,2026-06-08T04:26:36Z,2026-06-10T12:00:00Z,0,23°C or below,0x209ea702bffd8aa70d4fca6c1287885fdb91716c30e0e8bd81567963400b0e50,12036673829484768976214971983373134806036380987353183612468179472146562556837,YES,microprice_minus_mid,book,valid_obs_50,valid_observation_steps,50,last_24h,20246,-0.04673770391734899,0.3546099290780142,0.9860713227304159,129.34050000000002
highest-temperature-in-shanghai-on-june-10-2026,Highest temperature in Shanghai on June 10?,2026-06-08T04:26:36Z,2026-06-10T12:00:00Z,0,23°C or below,0x209ea702bffd8aa70d4fca6c1287885fdb91716c30e0e8bd81567963400b0e50,12036673829484768976214971983373134806036380987353183612468179472146562556837,YES,ofi_30s,flow_clock_sensitive,valid_obs_50,valid_observation_steps,50,early_gt_24h,64927,0.04517938545736298,0.5631218217996905,0.9303371478737659,119.183
highest-temperature-in-shanghai-on-june-10-2026,Highest temperature in Shanghai on June 10?,2026-06-08T04:26:36Z,2026-06-10T12:00:00Z,0,23°C or below,0x209ea702bffd8aa70d4fca6c1287885fdb91716c30e0e8bd81567963400b0e50,12036673829484768976214971983373134806036380987353183612468179472146562556837,YES,ofi_30s,flow_clock_sensitive,valid_obs_50,valid_observation_steps,50,last_24h,20246,0.08899875623516834,0.8971631205673759,0.9860713227304159,129.34050000000002
highest-temperature-in-shanghai-on-june-10-2026,Highest temperature in Shanghai on June 10?,2026-06-08T04:26:36Z,2026-06-10T12:00:00Z,0,23°C or below,0x209ea702bffd8aa70d4fca6c1287885fdb91716c30e0e8bd81567963400b0e50,12036673829484768976214971983373134806036380987353183612468179472146562556837,YES,trade_pressure_30s,flow_clock_sensitive,valid_obs_50,valid_observation_steps,50,early_gt_24h,64927,,0.46893654653990713,0.9303371478737659,119.183
highest-temperature-in-shanghai-on-june-10-2026,Highest temperature in Shanghai on June 10?,2026-06-08T04:26:36Z,2026-06-10T12:00:00Z,0,23°C or below,0x209ea702bffd8aa70d4fca6c1287885fdb91716c30e0e8bd81567963400b0e50,12036673829484768976214971983373134806036380987353183612468179472146562556837,YES,trade_pressure_30s,flow_clock_sensitive,valid_obs_50,valid_observation_steps,50,last_24h,20246,0.02988791703234445,0.07092198581560284,0.9860713227304159,129.34050000000002
highest-temperature-in-shanghai-on-june-10-2026,Highest temperature in Shanghai on June 10?,2026-06-08T04:26:36Z,2026-06-10T12:00:00Z,0,23°C or below,0x209ea702bffd8aa70d4fca6c1287885fdb91716c30e0e8bd81567963400b0e50,12036673829484768976214971983373134806036380987353183612468179472146562556837,YES,depth_imbalance_1,book,valid_obs_200,valid_observation_steps,200,early_gt_24h,64927,0.2502076326949075,0.7405753968253969,0.8757989742325997,520.52
highest-temperature-in-shanghai-on-june-10-2026,Highest temperature in Shanghai on June 10?,2026-06-08T04:26:36Z,2026-06-10T12:00:00Z,0,23°C or below,0x209ea702bffd8aa70d4fca6c1287885fdb91716c30e0e8bd81567963400b0e50,12036673829484768976214971983373134806036380987353183612468179472146562556837,YES,depth_imbalance_1,book,valid_obs_200,valid_observation_steps,200,last_24h,20060,-0.1269418769087418,0.03369672943508424,0.9497008973080757,546.452
highest-temperature-in-shanghai-on-june-10-2026,Highest temperature in Shanghai on June 10?,2026-06-08T04:26:36Z,2026-06-10T12:00:00Z,0,23°C or below,0x209ea702bffd8aa70d4fca6c1287885fdb91716c30e0e8bd81567963400b0e50,12036673829484768976214971983373134806036380987353183612468179472146562556837,YES,depth_imbalance_3,book,valid_obs_200,valid_observation_steps,200,early_gt_24h,64927,-0.05950652674077329,0.48313492063492064,0.8757989742325997,520.52
highest-temperature-in-shanghai-on-june-10-2026,Highest temperature in Shanghai on June 10?,2026-06-08T04:26:36Z,2026-06-10T12:00:00Z,0,23°C or below,0x209ea702bffd8aa70d4fca6c1287885fdb91716c30e0e8bd81567963400b0e50,12036673829484768976214971983373134806036380987353183612468179472146562556837,YES,depth_imbalance_3,book,valid_obs_200,valid_observation_steps,200,last_24h,20060,-0.25642369784955005,0.015857284440039643,0.9497008973080757,546.452
highest-temperature-in-shanghai-on-june-10-2026,Highest temperature in Shanghai on June 10?,2026-06-08T04:26:36Z,2026-06-10T12:00:00Z,0,23°C or below,0x209ea702bffd8aa70d4fca6c1287885fdb91716c30e0e8bd81567963400b0e50,12036673829484768976214971983373134806036380987353183612468179472146562556837,YES,depth_imbalance_5,book,valid_obs_200,valid_observation_steps,200,early_gt_24h,64927,-0.010350600941605425,0.5079365079365079,0.8757989742325997,520.52
highest-temperature-in-shanghai-on-june-10-2026,Highest temperature in Shanghai on June 10?,2026-06-08T04:26:36Z,2026-06-10T12:00:00Z,0,23°C or below,0x209ea702bffd8aa70d4fca6c1287885fdb91716c30e0e8bd81567963400b0e50,12036673829484768976214971983373134806036380987353183612468179472146562556837,YES,depth_imbalance_5,book,valid_obs_200,valid_observation_steps,200,last_24h,20060,-0.2381523041692749,0.011892963330029732,0.9497008973080757,546.452
highest-temperature-in-shanghai-on-june-10-2026,Highest temperature in Shanghai on June 10?,2026-06-08T04:26:36Z,2026-06-10T12:00:00Z,0,23°C or below,0x209ea702bffd8aa70d4fca6c1287885fdb91716c30e0e8bd81567963400b0e50,12036673829484768976214971983373134806036380987353183612468179472146562556837,YES,microprice_minus_mid,book,valid_obs_200,valid_observation_steps,200,early_gt_24h,64927,0.214421305354202,0.6884920634920635,0.8757989742325997,520.52
highest-temperature-in-shanghai-on-june-10-2026,Highest temperature in Shanghai on June 10?,2026-06-08T04:26:36Z,2026-06-10T12:00:00Z,0,23°C or below,0x209ea702bffd8aa70d4fca6c1287885fdb91716c30e0e8bd81567963400b0e50,12036673829484768976214971983373134806036380987353183612468179472146562556837,YES,microprice_minus_mid,book,valid_obs_200,valid_observation_steps,200,last_24h,20060,-0.13805661287843962,0.32309217046580774,0.9497008973080757,546.452
highest-temperature-in-shanghai-on-june-10-2026,Highest temperature in Shanghai on June 10?,2026-06-08T04:26:36Z,2026-06-10T12:00:00Z,0,23°C or below,0x209ea702bffd8aa70d4fca6c1287885fdb91716c30e0e8bd81567963400b0e50,12036673829484768976214971983373134806036380987353183612468179472146562556837,YES,ofi_30s,flow_clock_sensitive,valid_obs_200,valid_observation_steps,200,early_gt_24h,64927,0.055738086930850875,0.5907738095238095,0.8757989742325997,520.52
highest-temperature-in-shanghai-on-june-10-2026,Highest temperature in Shanghai on June 10?,2026-06-08T04:26:36Z,2026-06-10T12:00:00Z,0,23°C or below,0x209ea702bffd8aa70d4fca6c1287885fdb91716c30e0e8bd81567963400b0e50,12036673829484768976214971983373134806036380987353183612468179472146562556837,YES,ofi_30s,flow_clock_sensitive,valid_obs_200,valid_observation_steps,200,last_24h,20060,0.09609397160880125,0.889990089197225,0.9497008973080757,546.452
highest-temperature-in-shanghai-on-june-10-2026,Highest temperature in Shanghai on June 10?,2026-06-08T04:26:36Z,2026-06-10T12:00:00Z,0,23°C or below,0x209ea702bffd8aa70d4fca6c1287885fdb91716c30e0e8bd81567963400b0e50,12036673829484768976214971983373134806036380987353183612468179472146562556837,YES,trade_pressure_30s,flow_clock_sensitive,valid_obs_200,valid_observation_steps,200,early_gt_24h,64927,,0.439484126984127,0.8757989742325997,520.52
highest-temperature-in-shanghai-on-june-10-2026,Highest temperature in Shanghai on June 10?,2026-06-08T04:26:36Z,2026-06-10T12:00:00Z,0,23°C or below,0x209ea702bffd8aa70d4fca6c1287885fdb91716c30e0e8bd81567963400b0e50,12036673829484768976214971983373134806036380987353183612468179472146562556837,YES,trade_pressure_30s,flow_clock_sensitive,valid_obs_200,valid_observation_steps,200,last_24h,20060,0.008631585994341094,0.019821605550049554,0.9497008973080757,546.452
highest-temperature-in-shanghai-on-june-10-2026,Highest temperature in Shanghai on June 10?,2026-06-08T04:26:36Z,2026-06-10T12:00:00Z,1,24°C,0xb3b7b4ad958cbe3e28c7d6ba4ebe7a7a879dac0223b694775f12050c38a6f384,68012748651234380826998744095104282306642841521116724279855731758194825122632,YES,depth_imbalance_1,book,wall_60s,wall_clock_seconds,60,early_gt_24h,66104,0.24906524055234502,0.7636569779426923,0.8532312719351325,62.51
highest-temperature-in-shanghai-on-june-10-2026,Highest temperature in Shanghai on June 10?,2026-06-08T04:26:36Z,2026-06-10T12:00:00Z,1,24°C,0xb3b7b4ad958cbe3e28c7d6ba4ebe7a7a879dac0223b694775f12050c38a6f384,68012748651234380826998744095104282306642841521116724279855731758194825122632,YES,depth_imbalance_3,book,wall_60s,wall_clock_seconds,60,early_gt_24h,66104,0.11410821968751761,0.6318284889713461,0.8532312719351325,62.51
highest-temperature-in-shanghai-on-june-10-2026,Highest temperature in Shanghai on June 10?,2026-06-08T04:26:36Z,2026-06-10T12:00:00Z,1,24°C,0xb3b7b4ad958cbe3e28c7d6ba4ebe7a7a879dac0223b694775f12050c38a6f384,68012748651234380826998744095104282306642841521116724279855731758194825122632,YES,depth_imbalance_5,book,wall_60s,wall_clock_seconds,60,early_gt_24h,66104,0.05405922770877469,0.5124716553287982,0.8532312719351325,62.51
highest-temperature-in-shanghai-on-june-10-2026,Highest temperature in Shanghai on June 10?,2026-06-08T04:26:36Z,2026-06-10T12:00:00Z,1,24°C,0xb3b7b4ad958cbe3e28c7d6ba4ebe7a7a879dac0223b694775f12050c38a6f384,68012748651234380826998744095104282306642841521116724279855731758194825122632,YES,microprice_minus_mid,book,wall_60s,wall_clock_seconds,60,early_gt_24h,66104,0.10212092372497135,0.5909090909090909,0.8532312719351325,62.51
highest-temperature-in-shanghai-on-june-10-2026,Highest temperature in Shanghai on June 10?,2026-06-08T04:26:36Z,2026-06-10T12:00:00Z,1,24°C,0xb3b7b4ad958cbe3e28c7d6ba4ebe7a7a879dac0223b694775f12050c38a6f384,68012748651234380826998744095104282306642841521116724279855731758194825122632,YES,ofi_30s,flow_clock_sensitive,wall_60s,wall_clock_seconds,60,early_gt_24h,66104,0.0759365780197904,0.6089466089466089,0.8532312719351325,62.51
highest-temperature-in-shanghai-on-june-10-2026,Highest temperature in Shanghai on June 10?,2026-06-08T04:26:36Z,2026-06-10T12:00:00Z,1,24°C,0xb3b7b4ad958cbe3e28c7d6ba4ebe7a7a879dac0223b694775f12050c38a6f384,68012748651234380826998744095104282306642841521116724279855731758194825122632,YES,trade_pressure_30s,flow_clock_sensitive,wall_60s,wall_clock_seconds,60,early_gt_24h,66104,0.010950714563356239,0.5645227788084931,0.8532312719351325,62.51
highest-temperature-in-shanghai-on-june-10-2026,Highest temperature in Shanghai on June 10?,2026-06-08T04:26:36Z,2026-06-10T12:00:00Z,1,24°C,0xb3b7b4ad958cbe3e28c7d6ba4ebe7a7a879dac0223b694775f12050c38a6f384,68012748651234380826998744095104282306642841521116724279855731758194825122632,YES,depth_imbalance_1,book,wall_300s,wall_clock_seconds,300,early_gt_24h,65661,0.2739819081971383,0.7460053503000507,0.7893574572425032,303.343
highest-temperature-in-shanghai-on-june-10-2026,Highest temperature in Shanghai on June 10?,2026-06-08T04:26:36Z,2026-06-10T12:00:00Z,1,24°C,0xb3b7b4ad958cbe3e28c7d6ba4ebe7a7a879dac0223b694775f12050c38a6f384,68012748651234380826998744095104282306642841521116724279855731758194825122632,YES,depth_imbalance_3,book,wall_300s,wall_clock_seconds,300,early_gt_24h,65661,0.0759729360671588,0.6046562070710723,0.7893574572425032,303.343
highest-temperature-in-shanghai-on-june-10-2026,Highest temperature in Shanghai on June 10?,2026-06-08T04:26:36Z,2026-06-10T12:00:00Z,1,24°C,0xb3b7b4ad958cbe3e28c7d6ba4ebe7a7a879dac0223b694775f12050c38a6f384,68012748651234380826998744095104282306642841521116724279855731758194825122632,YES,depth_imbalance_5,book,wall_300s,wall_clock_seconds,300,early_gt_24h,65661,0.000982935077407579,0.5028559034053937,0.7893574572425032,303.343
highest-temperature-in-shanghai-on-june-10-2026,Highest temperature in Shanghai on June 10?,2026-06-08T04:26:36Z,2026-06-10T12:00:00Z,1,24°C,0xb3b7b4ad958cbe3e28c7d6ba4ebe7a7a879dac0223b694775f12050c38a6f384,68012748651234380826998744095104282306642841521116724279855731758194825122632,YES,microprice_minus_mid,book,wall_300s,wall_clock_seconds,300,early_gt_24h,65661,0.1497657777407136,0.6017641529896609,0.7893574572425032,303.343
highest-temperature-in-shanghai-on-june-10-2026,Highest temperature in Shanghai on June 10?,2026-06-08T04:26:36Z,2026-06-10T12:00:00Z,1,24°C,0xb3b7b4ad958cbe3e28c7d6ba4ebe7a7a879dac0223b694775f12050c38a6f384,68012748651234380826998744095104282306642841521116724279855731758194825122632,YES,ofi_30s,flow_clock_sensitive,wall_300s,wall_clock_seconds,300,early_gt_24h,65661,0.04112741082984108,0.5485503578916926,0.7893574572425032,303.343
highest-temperature-in-shanghai-on-june-10-2026,Highest temperature in Shanghai on June 10?,2026-06-08T04:26:36Z,2026-06-10T12:00:00Z,1,24°C,0xb3b7b4ad958cbe3e28c7d6ba4ebe7a7a879dac0223b694775f12050c38a6f384,68012748651234380826998744095104282306642841521116724279855731758194825122632,YES,trade_pressure_30s,flow_clock_sensitive,wall_300s,wall_clock_seconds,300,early_gt_24h,65661,0.008423376798782843,0.505241848022558,0.7893574572425032,303.343
highest-temperature-in-shanghai-on-june-10-2026,Highest temperature in Shanghai on June 10?,2026-06-08T04:26:36Z,2026-06-10T12:00:00Z,1,24°C,0xb3b7b4ad958cbe3e28c7d6ba4ebe7a7a879dac0223b694775f12050c38a6f384,68012748651234380826998744095104282306642841521116724279855731758194825122632,YES,depth_imbalance_1,book,wall_900s,wall_clock_seconds,900,early_gt_24h,64629,0.2994822908530328,0.6932177516083307,0.7161955159448544,903.81
highest-temperature-in-shanghai-on-june-10-2026,Highest temperature in Shanghai on June 10?,2026-06-08T04:26:36Z,2026-06-10T12:00:00Z,1,24°C,0xb3b7b4ad958cbe3e28c7d6ba4ebe7a7a879dac0223b694775f12050c38a6f384,68012748651234380826998744095104282306642841521116724279855731758194825122632,YES,depth_imbalance_3,book,wall_900s,wall_clock_seconds,900,early_gt_24h,64629,0.1068497026321302,0.6111111111111112,0.7161955159448544,903.81
highest-temperature-in-shanghai-on-june-10-2026,Highest temperature in Shanghai on June 10?,2026-06-08T04:26:36Z,2026-06-10T12:00:00Z,1,24°C,0xb3b7b4ad958cbe3e28c7d6ba4ebe7a7a879dac0223b694775f12050c38a6f384,68012748651234380826998744095104282306642841521116724279855731758194825122632,YES,depth_imbalance_5,book,wall_900s,wall_clock_seconds,900,early_gt_24h,64629,0.01174028238589109,0.509213826191255,0.7161955159448544,903.81
highest-temperature-in-shanghai-on-june-10-2026,Highest temperature in Shanghai on June 10?,2026-06-08T04:26:36Z,2026-06-10T12:00:00Z,1,24°C,0xb3b7b4ad958cbe3e28c7d6ba4ebe7a7a879dac0223b694775f12050c38a6f384,68012748651234380826998744095104282306642841521116724279855731758194825122632,YES,microprice_minus_mid,book,wall_900s,wall_clock_seconds,900,early_gt_24h,64629,0.1308512435046267,0.5774179478791844,0.7161955159448544,903.81
highest-temperature-in-shanghai-on-june-10-2026,Highest temperature in Shanghai on June 10?,2026-06-08T04:26:36Z,2026-06-10T12:00:00Z,1,24°C,0xb3b7b4ad958cbe3e28c7d6ba4ebe7a7a879dac0223b694775f12050c38a6f384,68012748651234380826998744095104282306642841521116724279855731758194825122632,YES,ofi_30s,flow_clock_sensitive,wall_900s,wall_clock_seconds,900,early_gt_24h,64629,-0.00018761485174062203,0.47535710391451313,0.7161955159448544,903.81
highest-temperature-in-shanghai-on-june-10-2026,Highest temperature in Shanghai on June 10?,2026-06-08T04:26:36Z,2026-06-10T12:00:00Z,1,24°C,0xb3b7b4ad958cbe3e28c7d6ba4ebe7a7a879dac0223b694775f12050c38a6f384,68012748651234380826998744095104282306642841521116724279855731758194825122632,YES,trade_pressure_30s,flow_clock_sensitive,wall_900s,wall_clock_seconds,900,early_gt_24h,64629,0.006202368979918856,0.4555664594918766,0.7161955159448544,903.81
highest-temperature-in-shanghai-on-june-10-2026,Highest temperature in Shanghai on June 10?,2026-06-08T04:26:36Z,2026-06-10T12:00:00Z,1,24°C,0xb3b7b4ad958cbe3e28c7d6ba4ebe7a7a879dac0223b694775f12050c38a6f384,68012748651234380826998744095104282306642841521116724279855731758194825122632,YES,depth_imbalance_1,book,valid_obs_10,valid_observation_steps,10,early_gt_24h,66188,0.21371802508706206,0.7757787325456499,0.8874720493140751,19.0135
highest-temperature-in-shanghai-on-june-10-2026,Highest temperature in Shanghai on June 10?,2026-06-08T04:26:36Z,2026-06-10T12:00:00Z,1,24°C,0xb3b7b4ad958cbe3e28c7d6ba4ebe7a7a879dac0223b694775f12050c38a6f384,68012748651234380826998744095104282306642841521116724279855731758194825122632,YES,depth_imbalance_3,book,valid_obs_10,valid_observation_steps,10,early_gt_24h,66188,0.0674455572067065,0.6035177228786252,0.8874720493140751,19.0135
highest-temperature-in-shanghai-on-june-10-2026,Highest temperature in Shanghai on June 10?,2026-06-08T04:26:36Z,2026-06-10T12:00:00Z,1,24°C,0xb3b7b4ad958cbe3e28c7d6ba4ebe7a7a879dac0223b694775f12050c38a6f384,68012748651234380826998744095104282306642841521116724279855731758194825122632,YES,depth_imbalance_5,book,valid_obs_10,valid_observation_steps,10,early_gt_24h,66188,0.022738461055898045,0.5056390977443609,0.8874720493140751,19.0135
highest-temperature-in-shanghai-on-june-10-2026,Highest temperature in Shanghai on June 10?,2026-06-08T04:26:36Z,2026-06-10T12:00:00Z,1,24°C,0xb3b7b4ad958cbe3e28c7d6ba4ebe7a7a879dac0223b694775f12050c38a6f384,68012748651234380826998744095104282306642841521116724279855731758194825122632,YES,microprice_minus_mid,book,valid_obs_10,valid_observation_steps,10,early_gt_24h,66188,0.04926724980084077,0.519468313641246,0.8874720493140751,19.0135
highest-temperature-in-shanghai-on-june-10-2026,Highest temperature in Shanghai on June 10?,2026-06-08T04:26:36Z,2026-06-10T12:00:00Z,1,24°C,0xb3b7b4ad958cbe3e28c7d6ba4ebe7a7a879dac0223b694775f12050c38a6f384,68012748651234380826998744095104282306642841521116724279855731758194825122632,YES,ofi_30s,flow_clock_sensitive,valid_obs_10,valid_observation_steps,10,early_gt_24h,66188,0.15714230850903335,0.6381578947368421,0.8874720493140751,19.0135
highest-temperature-in-shanghai-on-june-10-2026,Highest temperature in Shanghai on June 10?,2026-06-08T04:26:36Z,2026-06-10T12:00:00Z,1,24°C,0xb3b7b4ad958cbe3e28c7d6ba4ebe7a7a879dac0223b694775f12050c38a6f384,68012748651234380826998744095104282306642841521116724279855731758194825122632,YES,trade_pressure_30s,flow_clock_sensitive,valid_obs_10,valid_observation_steps,10,early_gt_24h,66188,0.011201418966951999,0.4897959183673469,0.8874720493140751,19.0135
highest-temperature-in-shanghai-on-june-10-2026,Highest temperature in Shanghai on June 10?,2026-06-08T04:26:36Z,2026-06-10T12:00:00Z,1,24°C,0xb3b7b4ad958cbe3e28c7d6ba4ebe7a7a879dac0223b694775f12050c38a6f384,68012748651234380826998744095104282306642841521116724279855731758194825122632,YES,depth_imbalance_1,book,valid_obs_50,valid_observation_steps,50,early_gt_24h,66138,0.2513423593492005,0.7653947865508123,0.8399104901871843,120.943
highest-temperature-in-shanghai-on-june-10-2026,Highest temperature in Shanghai on June 10?,2026-06-08T04:26:36Z,2026-06-10T12:00:00Z,1,24°C,0xb3b7b4ad958cbe3e28c7d6ba4ebe7a7a879dac0223b694775f12050c38a6f384,68012748651234380826998744095104282306642841521116724279855731758194825122632,YES,depth_imbalance_3,book,valid_obs_50,valid_observation_steps,50,early_gt_24h,66138,0.08434491471202847,0.6116358141292029,0.8399104901871843,120.943
highest-temperature-in-shanghai-on-june-10-2026,Highest temperature in Shanghai on June 10?,2026-06-08T04:26:36Z,2026-06-10T12:00:00Z,1,24°C,0xb3b7b4ad958cbe3e28c7d6ba4ebe7a7a879dac0223b694775f12050c38a6f384,68012748651234380826998744095104282306642841521116724279855731758194825122632,YES,depth_imbalance_5,book,valid_obs_50,valid_observation_steps,50,early_gt_24h,66138,0.025962182675346814,0.5171892708726861,0.8399104901871843,120.943
highest-temperature-in-shanghai-on-june-10-2026,Highest temperature in Shanghai on June 10?,2026-06-08T04:26:36Z,2026-06-10T12:00:00Z,1,24°C,0xb3b7b4ad958cbe3e28c7d6ba4ebe7a7a879dac0223b694775f12050c38a6f384,68012748651234380826998744095104282306642841521116724279855731758194825122632,YES,microprice_minus_mid,book,valid_obs_50,valid_observation_steps,50,early_gt_24h,66138,0.08821514469422245,0.5637514166981489,0.8399104901871843,120.943
highest-temperature-in-shanghai-on-june-10-2026,Highest temperature in Shanghai on June 10?,2026-06-08T04:26:36Z,2026-06-10T12:00:00Z,1,24°C,0xb3b7b4ad958cbe3e28c7d6ba4ebe7a7a879dac0223b694775f12050c38a6f384,68012748651234380826998744095104282306642841521116724279855731758194825122632,YES,ofi_30s,flow_clock_sensitive,valid_obs_50,valid_observation_steps,50,early_gt_24h,66138,0.10787314074690998,0.5655459010200227,0.8399104901871843,120.943
highest-temperature-in-shanghai-on-june-10-2026,Highest temperature in Shanghai on June 10?,2026-06-08T04:26:36Z,2026-06-10T12:00:00Z,1,24°C,0xb3b7b4ad958cbe3e28c7d6ba4ebe7a7a879dac0223b694775f12050c38a6f384,68012748651234380826998744095104282306642841521116724279855731758194825122632,YES,trade_pressure_30s,flow_clock_sensitive,valid_obs_50,valid_observation_steps,50,early_gt_24h,66138,0.009287231900904133,0.4814884775217227,0.8399104901871843,120.943
highest-temperature-in-shanghai-on-june-10-2026,Highest temperature in Shanghai on June 10?,2026-06-08T04:26:36Z,2026-06-10T12:00:00Z,1,24°C,0xb3b7b4ad958cbe3e28c7d6ba4ebe7a7a879dac0223b694775f12050c38a6f384,68012748651234380826998744095104282306642841521116724279855731758194825122632,YES,depth_imbalance_1,book,valid_obs_200,valid_observation_steps,200,early_gt_24h,65871,0.2928076007621766,0.7502482292976765,0.7706578008531827,522.807
highest-temperature-in-shanghai-on-june-10-2026,Highest temperature in Shanghai on June 10?,2026-06-08T04:26:36Z,2026-06-10T12:00:00Z,1,24°C,0xb3b7b4ad958cbe3e28c7d6ba4ebe7a7a879dac0223b694775f12050c38a6f384,68012748651234380826998744095104282306642841521116724279855731758194825122632,YES,depth_imbalance_3,book,valid_obs_200,valid_observation_steps,200,early_gt_24h,65871,0.06991887622168459,0.5841000860528232,0.7706578008531827,522.807
highest-temperature-in-shanghai-on-june-10-2026,Highest temperature in Shanghai on June 10?,2026-06-08T04:26:36Z,2026-06-10T12:00:00Z,1,24°C,0xb3b7b4ad958cbe3e28c7d6ba4ebe7a7a879dac0223b694775f12050c38a6f384,68012748651234380826998744095104282306642841521116724279855731758194825122632,YES,depth_imbalance_5,book,valid_obs_200,valid_observation_steps,200,early_gt_24h,65871,-0.009117450522261624,0.5044681273581784,0.7706578008531827,522.807
highest-temperature-in-shanghai-on-june-10-2026,Highest temperature in Shanghai on June 10?,2026-06-08T04:26:36Z,2026-06-10T12:00:00Z,1,24°C,0xb3b7b4ad958cbe3e28c7d6ba4ebe7a7a879dac0223b694775f12050c38a6f384,68012748651234380826998744095104282306642841521116724279855731758194825122632,YES,microprice_minus_mid,book,valid_obs_200,valid_observation_steps,200,early_gt_24h,65871,0.13222124247164774,0.5737075527900973,0.7706578008531827,522.807
highest-temperature-in-shanghai-on-june-10-2026,Highest temperature in Shanghai on June 10?,2026-06-08T04:26:36Z,2026-06-10T12:00:00Z,1,24°C,0xb3b7b4ad958cbe3e28c7d6ba4ebe7a7a879dac0223b694775f12050c38a6f384,68012748651234380826998744095104282306642841521116724279855731758194825122632,YES,ofi_30s,flow_clock_sensitive,valid_obs_200,valid_observation_steps,200,early_gt_24h,65871,0.0318029715513954,0.4793142251936188,0.7706578008531827,522.807
highest-temperature-in-shanghai-on-june-10-2026,Highest temperature in Shanghai on June 10?,2026-06-08T04:26:36Z,2026-06-10T12:00:00Z,1,24°C,0xb3b7b4ad958cbe3e28c7d6ba4ebe7a7a879dac0223b694775f12050c38a6f384,68012748651234380826998744095104282306642841521116724279855731758194825122632,YES,trade_pressure_30s,flow_clock_sensitive,valid_obs_200,valid_observation_steps,200,early_gt_24h,65871,0.006287242433930983,0.4112663003905474,0.7706578008531827,522.807
highest-temperature-in-shanghai-on-june-10-2026,Highest temperature in Shanghai on June 10?,2026-06-08T04:26:36Z,2026-06-10T12:00:00Z,2,25°C,0x1637fef417faa8e8123e6932708157b1347d8325263f33ca81ba04629ba4ecb3,56788830322716258264964226087573396454736855011978630420131480404812475321234,YES,depth_imbalance_1,book,wall_60s,wall_clock_seconds,60,early_gt_24h,83079,0.016123652263521974,0.5450083723078699,0.7915357671613765,61.841
highest-temperature-in-shanghai-on-june-10-2026,Highest temperature in Shanghai on June 10?,2026-06-08T04:26:36Z,2026-06-10T12:00:00Z,2,25°C,0x1637fef417faa8e8123e6932708157b1347d8325263f33ca81ba04629ba4ecb3,56788830322716258264964226087573396454736855011978630420131480404812475321234,YES,depth_imbalance_1,book,wall_60s,wall_clock_seconds,60,last_24h,40532,0.06034771924026795,0.544351279788173,0.8881871114181388,61.639
highest-temperature-in-shanghai-on-june-10-2026,Highest temperature in Shanghai on June 10?,2026-06-08T04:26:36Z,2026-06-10T12:00:00Z,2,25°C,0x1637fef417faa8e8123e6932708157b1347d8325263f33ca81ba04629ba4ecb3,56788830322716258264964226087573396454736855011978630420131480404812475321234,YES,depth_imbalance_3,book,wall_60s,wall_clock_seconds,60,early_gt_24h,83079,0.07836686241563483,0.5864079912235117,0.7915357671613765,61.841
highest-temperature-in-shanghai-on-june-10-2026,Highest temperature in Shanghai on June 10?,2026-06-08T04:26:36Z,2026-06-10T12:00:00Z,2,25°C,0x1637fef417faa8e8123e6932708157b1347d8325263f33ca81ba04629ba4ecb3,56788830322716258264964226087573396454736855011978630420131480404812475321234,YES,depth_imbalance_3,book,wall_60s,wall_clock_seconds,60,last_24h,40532,0.14930724592996059,0.633495145631068,0.8881871114181388,61.639
highest-temperature-in-shanghai-on-june-10-2026,Highest temperature in Shanghai on June 10?,2026-06-08T04:26:36Z,2026-06-10T12:00:00Z,2,25°C,0x1637fef417faa8e8123e6932708157b1347d8325263f33ca81ba04629ba4ecb3,56788830322716258264964226087573396454736855011978630420131480404812475321234,YES,depth_imbalance_5,book,wall_60s,wall_clock_seconds,60,early_gt_24h,83079,0.02459703344996476,0.5387724464460997,0.7915357671613765,61.841
highest-temperature-in-shanghai-on-june-10-2026,Highest temperature in Shanghai on June 10?,2026-06-08T04:26:36Z,2026-06-10T12:00:00Z,2,25°C,0x1637fef417faa8e8123e6932708157b1347d8325263f33ca81ba04629ba4ecb3,56788830322716258264964226087573396454736855011978630420131480404812475321234,YES,depth_imbalance_5,book,wall_60s,wall_clock_seconds,60,last_24h,40532,0.04047894333924107,0.5317740511915269,0.8881871114181388,61.639
highest-temperature-in-shanghai-on-june-10-2026,Highest temperature in Shanghai on June 10?,2026-06-08T04:26:36Z,2026-06-10T12:00:00Z,2,25°C,0x1637fef417faa8e8123e6932708157b1347d8325263f33ca81ba04629ba4ecb3,56788830322716258264964226087573396454736855011978630420131480404812475321234,YES,microprice_minus_mid,book,wall_60s,wall_clock_seconds,60,early_gt_24h,83079,0.04316833361699916,0.5461631733933829,0.7915357671613765,61.841
highest-temperature-in-shanghai-on-june-10-2026,Highest temperature in Shanghai on June 10?,2026-06-08T04:26:36Z,2026-06-10T12:00:00Z,2,25°C,0x1637fef417faa8e8123e6932708157b1347d8325263f33ca81ba04629ba4ecb3,56788830322716258264964226087573396454736855011978630420131480404812475321234,YES,microprice_minus_mid,book,wall_60s,wall_clock_seconds,60,last_24h,40532,0.03654874189179994,0.4697705207413945,0.8881871114181388,61.639
highest-temperature-in-shanghai-on-june-10-2026,Highest temperature in Shanghai on June 10?,2026-06-08T04:26:36Z,2026-06-10T12:00:00Z,2,25°C,0x1637fef417faa8e8123e6932708157b1347d8325263f33ca81ba04629ba4ecb3,56788830322716258264964226087573396454736855011978630420131480404812475321234,YES,ofi_30s,flow_clock_sensitive,wall_60s,wall_clock_seconds,60,early_gt_24h,83079,0.0989266631574754,0.5374444251977597,0.7915357671613765,61.841
highest-temperature-in-shanghai-on-june-10-2026,Highest temperature in Shanghai on June 10?,2026-06-08T04:26:36Z,2026-06-10T12:00:00Z,2,25°C,0x1637fef417faa8e8123e6932708157b1347d8325263f33ca81ba04629ba4ecb3,56788830322716258264964226087573396454736855011978630420131480404812475321234,YES,ofi_30s,flow_clock_sensitive,wall_60s,wall_clock_seconds,60,last_24h,40532,0.0794391938743169,0.5390556045895851,0.8881871114181388,61.639
highest-temperature-in-shanghai-on-june-10-2026,Highest temperature in Shanghai on June 10?,2026-06-08T04:26:36Z,2026-06-10T12:00:00Z,2,25°C,0x1637fef417faa8e8123e6932708157b1347d8325263f33ca81ba04629ba4ecb3,56788830322716258264964226087573396454736855011978630420131480404812475321234,YES,trade_pressure_30s,flow_clock_sensitive,wall_60s,wall_clock_seconds,60,early_gt_24h,83079,,0.4500837230786997,0.7915357671613765,61.841
highest-temperature-in-shanghai-on-june-10-2026,Highest temperature in Shanghai on June 10?,2026-06-08T04:26:36Z,2026-06-10T12:00:00Z,2,25°C,0x1637fef417faa8e8123e6932708157b1347d8325263f33ca81ba04629ba4ecb3,56788830322716258264964226087573396454736855011978630420131480404812475321234,YES,trade_pressure_30s,flow_clock_sensitive,wall_60s,wall_clock_seconds,60,last_24h,40532,0.013552555335029052,0.40467784642541926,0.8881871114181388,61.639
highest-temperature-in-shanghai-on-june-10-2026,Highest temperature in Shanghai on June 10?,2026-06-08T04:26:36Z,2026-06-10T12:00:00Z,2,25°C,0x1637fef417faa8e8123e6932708157b1347d8325263f33ca81ba04629ba4ecb3,56788830322716258264964226087573396454736855011978630420131480404812475321234,YES,depth_imbalance_1,book,wall_300s,wall_clock_seconds,300,early_gt_24h,83079,0.031527572693852715,0.5555845681833018,0.6312184787972893,302.375
highest-temperature-in-shanghai-on-june-10-2026,Highest temperature in Shanghai on June 10?,2026-06-08T04:26:36Z,2026-06-10T12:00:00Z,2,25°C,0x1637fef417faa8e8123e6932708157b1347d8325263f33ca81ba04629ba4ecb3,56788830322716258264964226087573396454736855011978630420131480404812475321234,YES,depth_imbalance_1,book,wall_300s,wall_clock_seconds,300,last_24h,40490,0.056881827232965414,0.5370306281363558,0.714546801679427,302.126
highest-temperature-in-shanghai-on-june-10-2026,Highest temperature in Shanghai on June 10?,2026-06-08T04:26:36Z,2026-06-10T12:00:00Z,2,25°C,0x1637fef417faa8e8123e6932708157b1347d8325263f33ca81ba04629ba4ecb3,56788830322716258264964226087573396454736855011978630420131480404812475321234,YES,depth_imbalance_3,book,wall_300s,wall_clock_seconds,300,early_gt_24h,83079,0.041518254755429404,0.5682485801945296,0.6312184787972893,302.375
highest-temperature-in-shanghai-on-june-10-2026,Highest temperature in Shanghai on June 10?,2026-06-08T04:26:36Z,2026-06-10T12:00:00Z,2,25°C,0x1637fef417faa8e8123e6932708157b1347d8325263f33ca81ba04629ba4ecb3,56788830322716258264964226087573396454736855011978630420131480404812475321234,YES,depth_imbalance_3,book,wall_300s,wall_clock_seconds,300,last_24h,40490,0.20527279532101597,0.624762069562208,0.714546801679427,302.126
highest-temperature-in-shanghai-on-june-10-2026,Highest temperature in Shanghai on June 10?,2026-06-08T04:26:36Z,2026-06-10T12:00:00Z,2,25°C,0x1637fef417faa8e8123e6932708157b1347d8325263f33ca81ba04629ba4ecb3,56788830322716258264964226087573396454736855011978630420131480404812475321234,YES,depth_imbalance_5,book,wall_300s,wall_clock_seconds,300,early_gt_24h,83079,0.003577113639218782,0.4996736079378549,0.6312184787972893,302.375
highest-temperature-in-shanghai-on-june-10-2026,Highest temperature in Shanghai on June 10?,2026-06-08T04:26:36Z,2026-06-10T12:00:00Z,2,25°C,0x1637fef417faa8e8123e6932708157b1347d8325263f33ca81ba04629ba4ecb3,56788830322716258264964226087573396454736855011978630420131480404812475321234,YES,depth_imbalance_5,book,wall_300s,wall_clock_seconds,300,last_24h,40490,0.04281203313414285,0.4999134798408029,0.714546801679427,302.126
highest-temperature-in-shanghai-on-june-10-2026,Highest temperature in Shanghai on June 10?,2026-06-08T04:26:36Z,2026-06-10T12:00:00Z,2,25°C,0x1637fef417faa8e8123e6932708157b1347d8325263f33ca81ba04629ba4ecb3,56788830322716258264964226087573396454736855011978630420131480404812475321234,YES,microprice_minus_mid,book,wall_300s,wall_clock_seconds,300,early_gt_24h,83079,0.10584792043424376,0.583915399177492,0.6312184787972893,302.375
highest-temperature-in-shanghai-on-june-10-2026,Highest temperature in Shanghai on June 10?,2026-06-08T04:26:36Z,2026-06-10T12:00:00Z,2,25°C,0x1637fef417faa8e8123e6932708157b1347d8325263f33ca81ba04629ba4ecb3,56788830322716258264964226087573396454736855011978630420131480404812475321234,YES,microprice_minus_mid,book,wall_300s,wall_clock_seconds,300,last_24h,40490,0.010825225856177992,0.456220799446271,0.714546801679427,302.126
highest-temperature-in-shanghai-on-june-10-2026,Highest temperature in Shanghai on June 10?,2026-06-08T04:26:36Z,2026-06-10T12:00:00Z,2,25°C,0x1637fef417faa8e8123e6932708157b1347d8325263f33ca81ba04629ba4ecb3,56788830322716258264964226087573396454736855011978630420131480404812475321234,YES,ofi_30s,flow_clock_sensitive,wall_300s,wall_clock_seconds,300,early_gt_24h,83079,0.06876333915632282,0.5324760101834324,0.6312184787972893,302.375
highest-temperature-in-shanghai-on-june-10-2026,Highest temperature in Shanghai on June 10?,2026-06-08T04:26:36Z,2026-06-10T12:00:00Z,2,25°C,0x1637fef417faa8e8123e6932708157b1347d8325263f33ca81ba04629ba4ecb3,56788830322716258264964226087573396454736855011978630420131480404812475321234,YES,ofi_30s,flow_clock_sensitive,wall_300s,wall_clock_seconds,300,last_24h,40490,0.1790224761213687,0.5192074753417546,0.714546801679427,302.126
highest-temperature-in-shanghai-on-june-10-2026,Highest temperature in Shanghai on June 10?,2026-06-08T04:26:36Z,2026-06-10T12:00:00Z,2,25°C,0x1637fef417faa8e8123e6932708157b1347d8325263f33ca81ba04629ba4ecb3,56788830322716258264964226087573396454736855011978630420131480404812475321234,YES,trade_pressure_30s,flow_clock_sensitive,wall_300s,wall_clock_seconds,300,early_gt_24h,83079,,0.4488870030680854,0.6312184787972893,302.375
highest-temperature-in-shanghai-on-june-10-2026,Highest temperature in Shanghai on June 10?,2026-06-08T04:26:36Z,2026-06-10T12:00:00Z,2,25°C,0x1637fef417faa8e8123e6932708157b1347d8325263f33ca81ba04629ba4ecb3,56788830322716258264964226087573396454736855011978630420131480404812475321234,YES,trade_pressure_30s,flow_clock_sensitive,wall_300s,wall_clock_seconds,300,last_24h,40490,0.08656059135243303,0.3877833535213705,0.714546801679427,302.126
highest-temperature-in-shanghai-on-june-10-2026,Highest temperature in Shanghai on June 10?,2026-06-08T04:26:36Z,2026-06-10T12:00:00Z,2,25°C,0x1637fef417faa8e8123e6932708157b1347d8325263f33ca81ba04629ba4ecb3,56788830322716258264964226087573396454736855011978630420131480404812475321234,YES,depth_imbalance_1,book,wall_900s,wall_clock_seconds,900,early_gt_24h,83079,0.0463520310837188,0.5653438324907163,0.46193382202481975,902.638
highest-temperature-in-shanghai-on-june-10-2026,Highest temperature in Shanghai on June 10?,2026-06-08T04:26:36Z,2026-06-10T12:00:00Z,2,25°C,0x1637fef417faa8e8123e6932708157b1347d8325263f33ca81ba04629ba4ecb3,56788830322716258264964226087573396454736855011978630420131480404812475321234,YES,depth_imbalance_1,book,wall_900s,wall_clock_seconds,900,last_24h,40059,-0.012561559105087305,0.4304561717352415,0.5534586484934721,902.722
highest-temperature-in-shanghai-on-june-10-2026,Highest temperature in Shanghai on June 10?,2026-06-08T04:26:36Z,2026-06-10T12:00:00Z,2,25°C,0x1637fef417faa8e8123e6932708157b1347d8325263f33ca81ba04629ba4ecb3,56788830322716258264964226087573396454736855011978630420131480404812475321234,YES,depth_imbalance_3,book,wall_900s,wall_clock_seconds,900,early_gt_24h,83079,0.012965584579785548,0.5524585029752583,0.46193382202481975,902.638
highest-temperature-in-shanghai-on-june-10-2026,Highest temperature in Shanghai on June 10?,2026-06-08T04:26:36Z,2026-06-10T12:00:00Z,2,25°C,0x1637fef417faa8e8123e6932708157b1347d8325263f33ca81ba04629ba4ecb3,56788830322716258264964226087573396454736855011978630420131480404812475321234,YES,depth_imbalance_3,book,wall_900s,wall_clock_seconds,900,last_24h,40059,0.15507621901114968,0.5556797853309481,0.5534586484934721,902.722
highest-temperature-in-shanghai-on-june-10-2026,Highest temperature in Shanghai on June 10?,2026-06-08T04:26:36Z,2026-06-10T12:00:00Z,2,25°C,0x1637fef417faa8e8123e6932708157b1347d8325263f33ca81ba04629ba4ecb3,56788830322716258264964226087573396454736855011978630420131480404812475321234,YES,depth_imbalance_5,book,wall_900s,wall_clock_seconds,900,early_gt_24h,83079,-0.014635137356426707,0.4721488971410675,0.46193382202481975,902.638
highest-temperature-in-shanghai-on-june-10-2026,Highest temperature in Shanghai on June 10?,2026-06-08T04:26:36Z,2026-06-10T12:00:00Z,2,25°C,0x1637fef417faa8e8123e6932708157b1347d8325263f33ca81ba04629ba4ecb3,56788830322716258264964226087573396454736855011978630420131480404812475321234,YES,depth_imbalance_5,book,wall_900s,wall_clock_seconds,900,last_24h,40059,0.14219080893262293,0.5149262075134168,0.5534586484934721,902.722
highest-temperature-in-shanghai-on-june-10-2026,Highest temperature in Shanghai on June 10?,2026-06-08T04:26:36Z,2026-06-10T12:00:00Z,2,25°C,0x1637fef417faa8e8123e6932708157b1347d8325263f33ca81ba04629ba4ecb3,56788830322716258264964226087573396454736855011978630420131480404812475321234,YES,microprice_minus_mid,book,wall_900s,wall_clock_seconds,900,early_gt_24h,83079,0.09267618747069216,0.5461724307637242,0.46193382202481975,902.638
highest-temperature-in-shanghai-on-june-10-2026,Highest temperature in Shanghai on June 10?,2026-06-08T04:26:36Z,2026-06-10T12:00:00Z,2,25°C,0x1637fef417faa8e8123e6932708157b1347d8325263f33ca81ba04629ba4ecb3,56788830322716258264964226087573396454736855011978630420131480404812475321234,YES,microprice_minus_mid,book,wall_900s,wall_clock_seconds,900,last_24h,40059,-0.03449498047831503,0.551151610017889,0.5534586484934721,902.722
highest-temperature-in-shanghai-on-june-10-2026,Highest temperature in Shanghai on June 10?,2026-06-08T04:26:36Z,2026-06-10T12:00:00Z,2,25°C,0x1637fef417faa8e8123e6932708157b1347d8325263f33ca81ba04629ba4ecb3,56788830322716258264964226087573396454736855011978630420131480404812475321234,YES,ofi_30s,flow_clock_sensitive,wall_900s,wall_clock_seconds,900,early_gt_24h,83079,0.025802101816947007,0.5182765871773075,0.46193382202481975,902.638
highest-temperature-in-shanghai-on-june-10-2026,Highest temperature in Shanghai on June 10?,2026-06-08T04:26:36Z,2026-06-10T12:00:00Z,2,25°C,0x1637fef417faa8e8123e6932708157b1347d8325263f33ca81ba04629ba4ecb3,56788830322716258264964226087573396454736855011978630420131480404812475321234,YES,ofi_30s,flow_clock_sensitive,wall_900s,wall_clock_seconds,900,last_24h,40059,0.1143472652096688,0.5158206618962433,0.5534586484934721,902.722
highest-temperature-in-shanghai-on-june-10-2026,Highest temperature in Shanghai on June 10?,2026-06-08T04:26:36Z,2026-06-10T12:00:00Z,2,25°C,0x1637fef417faa8e8123e6932708157b1347d8325263f33ca81ba04629ba4ecb3,56788830322716258264964226087573396454736855011978630420131480404812475321234,YES,trade_pressure_30s,flow_clock_sensitive,wall_900s,wall_clock_seconds,900,early_gt_24h,83079,,0.42420920764171627,0.46193382202481975,902.638
highest-temperature-in-shanghai-on-june-10-2026,Highest temperature in Shanghai on June 10?,2026-06-08T04:26:36Z,2026-06-10T12:00:00Z,2,25°C,0x1637fef417faa8e8123e6932708157b1347d8325263f33ca81ba04629ba4ecb3,56788830322716258264964226087573396454736855011978630420131480404812475321234,YES,trade_pressure_30s,flow_clock_sensitive,wall_900s,wall_clock_seconds,900,last_24h,40059,0.06452780479183068,0.45499776386404295,0.5534586484934721,902.722
highest-temperature-in-shanghai-on-june-10-2026,Highest temperature in Shanghai on June 10?,2026-06-08T04:26:36Z,2026-06-10T12:00:00Z,2,25°C,0x1637fef417faa8e8123e6932708157b1347d8325263f33ca81ba04629ba4ecb3,56788830322716258264964226087573396454736855011978630420131480404812475321234,YES,depth_imbalance_1,book,valid_obs_10,valid_observation_steps,10,early_gt_24h,83079,0.019023868196860867,0.5372657397011832,0.8606266324823361,16.725
highest-temperature-in-shanghai-on-june-10-2026,Highest temperature in Shanghai on June 10?,2026-06-08T04:26:36Z,2026-06-10T12:00:00Z,2,25°C,0x1637fef417faa8e8123e6932708157b1347d8325263f33ca81ba04629ba4ecb3,56788830322716258264964226087573396454736855011978630420131480404812475321234,YES,depth_imbalance_1,book,valid_obs_10,valid_observation_steps,10,last_24h,40517,0.031190385022652083,0.5443499392466585,0.9593750771281191,12.519
highest-temperature-in-shanghai-on-june-10-2026,Highest temperature in Shanghai on June 10?,2026-06-08T04:26:36Z,2026-06-10T12:00:00Z,2,25°C,0x1637fef417faa8e8123e6932708157b1347d8325263f33ca81ba04629ba4ecb3,56788830322716258264964226087573396454736855011978630420131480404812475321234,YES,depth_imbalance_3,book,valid_obs_10,valid_observation_steps,10,early_gt_24h,83079,0.061168506799055,0.5410657224285345,0.8606266324823361,16.725
highest-temperature-in-shanghai-on-june-10-2026,Highest temperature in Shanghai on June 10?,2026-06-08T04:26:36Z,2026-06-10T12:00:00Z,2,25°C,0x1637fef417faa8e8123e6932708157b1347d8325263f33ca81ba04629ba4ecb3,56788830322716258264964226087573396454736855011978630420131480404812475321234,YES,depth_imbalance_3,book,valid_obs_10,valid_observation_steps,10,last_24h,40517,0.0833209549623827,0.6591737545565006,0.9593750771281191,12.519
highest-temperature-in-shanghai-on-june-10-2026,Highest temperature in Shanghai on June 10?,2026-06-08T04:26:36Z,2026-06-10T12:00:00Z,2,25°C,0x1637fef417faa8e8123e6932708157b1347d8325263f33ca81ba04629ba4ecb3,56788830322716258264964226087573396454736855011978630420131480404812475321234,YES,depth_imbalance_5,book,valid_obs_10,valid_observation_steps,10,early_gt_24h,83079,0.02286316818449174,0.5161931082131445,0.8606266324823361,16.725
highest-temperature-in-shanghai-on-june-10-2026,Highest temperature in Shanghai on June 10?,2026-06-08T04:26:36Z,2026-06-10T12:00:00Z,2,25°C,0x1637fef417faa8e8123e6932708157b1347d8325263f33ca81ba04629ba4ecb3,56788830322716258264964226087573396454736855011978630420131480404812475321234,YES,depth_imbalance_5,book,valid_obs_10,valid_observation_steps,10,last_24h,40517,0.030192860921637456,0.5382746051032807,0.9593750771281191,12.519
highest-temperature-in-shanghai-on-june-10-2026,Highest temperature in Shanghai on June 10?,2026-06-08T04:26:36Z,2026-06-10T12:00:00Z,2,25°C,0x1637fef417faa8e8123e6932708157b1347d8325263f33ca81ba04629ba4ecb3,56788830322716258264964226087573396454736855011978630420131480404812475321234,YES,microprice_minus_mid,book,valid_obs_10,valid_observation_steps,10,early_gt_24h,83079,0.018239162974797163,0.5222385352793851,0.8606266324823361,16.725
highest-temperature-in-shanghai-on-june-10-2026,Highest temperature in Shanghai on June 10?,2026-06-08T04:26:36Z,2026-06-10T12:00:00Z,2,25°C,0x1637fef417faa8e8123e6932708157b1347d8325263f33ca81ba04629ba4ecb3,56788830322716258264964226087573396454736855011978630420131480404812475321234,YES,microprice_minus_mid,book,valid_obs_10,valid_observation_steps,10,last_24h,40517,0.01538010711556534,0.4775212636695018,0.9593750771281191,12.519
highest-temperature-in-shanghai-on-june-10-2026,Highest temperature in Shanghai on June 10?,2026-06-08T04:26:36Z,2026-06-10T12:00:00Z,2,25°C,0x1637fef417faa8e8123e6932708157b1347d8325263f33ca81ba04629ba4ecb3,56788830322716258264964226087573396454736855011978630420131480404812475321234,YES,ofi_30s,flow_clock_sensitive,valid_obs_10,valid_observation_steps,10,early_gt_24h,83079,0.09896836260446516,0.538820278089645,0.8606266324823361,16.725
highest-temperature-in-shanghai-on-june-10-2026,Highest temperature in Shanghai on June 10?,2026-06-08T04:26:36Z,2026-06-10T12:00:00Z,2,25°C,0x1637fef417faa8e8123e6932708157b1347d8325263f33ca81ba04629ba4ecb3,56788830322716258264964226087573396454736855011978630420131480404812475321234,YES,ofi_30s,flow_clock_sensitive,valid_obs_10,valid_observation_steps,10,last_24h,40517,0.04495179597012648,0.5498177399756987,0.9593750771281191,12.519
highest-temperature-in-shanghai-on-june-10-2026,Highest temperature in Shanghai on June 10?,2026-06-08T04:26:36Z,2026-06-10T12:00:00Z,2,25°C,0x1637fef417faa8e8123e6932708157b1347d8325263f33ca81ba04629ba4ecb3,56788830322716258264964226087573396454736855011978630420131480404812475321234,YES,trade_pressure_30s,flow_clock_sensitive,valid_obs_10,valid_observation_steps,10,early_gt_24h,83079,,0.4854477934191208,0.8606266324823361,16.725
highest-temperature-in-shanghai-on-june-10-2026,Highest temperature in Shanghai on June 10?,2026-06-08T04:26:36Z,2026-06-10T12:00:00Z,2,25°C,0x1637fef417faa8e8123e6932708157b1347d8325263f33ca81ba04629ba4ecb3,56788830322716258264964226087573396454736855011978630420131480404812475321234,YES,trade_pressure_30s,flow_clock_sensitive,valid_obs_10,valid_observation_steps,10,last_24h,40517,0.05849293400702283,0.46111786148238154,0.9593750771281191,12.519
highest-temperature-in-shanghai-on-june-10-2026,Highest temperature in Shanghai on June 10?,2026-06-08T04:26:36Z,2026-06-10T12:00:00Z,2,25°C,0x1637fef417faa8e8123e6932708157b1347d8325263f33ca81ba04629ba4ecb3,56788830322716258264964226087573396454736855011978630420131480404812475321234,YES,depth_imbalance_1,book,valid_obs_50,valid_observation_steps,50,early_gt_24h,83079,0.03355181583696424,0.5537058853659785,0.765006800755907,99.053
highest-temperature-in-shanghai-on-june-10-2026,Highest temperature in Shanghai on June 10?,2026-06-08T04:26:36Z,2026-06-10T12:00:00Z,2,25°C,0x1637fef417faa8e8123e6932708157b1347d8325263f33ca81ba04629ba4ecb3,56788830322716258264964226087573396454736855011978630420131480404812475321234,YES,depth_imbalance_1,book,valid_obs_50,valid_observation_steps,50,last_24h,40432,0.08360904691198374,0.5669157608695652,0.854372774040364,79.401
highest-temperature-in-shanghai-on-june-10-2026,Highest temperature in Shanghai on June 10?,2026-06-08T04:26:36Z,2026-06-10T12:00:00Z,2,25°C,0x1637fef417faa8e8123e6932708157b1347d8325263f33ca81ba04629ba4ecb3,56788830322716258264964226087573396454736855011978630420131480404812475321234,YES,depth_imbalance_3,book,valid_obs_50,valid_observation_steps,50,early_gt_24h,83079,0.07965634812313109,0.5717871228807048,0.765006800755907,99.053
highest-temperature-in-shanghai-on-june-10-2026,Highest temperature in Shanghai on June 10?,2026-06-08T04:26:36Z,2026-06-10T12:00:00Z,2,25°C,0x1637fef417faa8e8123e6932708157b1347d8325263f33ca81ba04629ba4ecb3,56788830322716258264964226087573396454736855011978630420131480404812475321234,YES,depth_imbalance_3,book,valid_obs_50,valid_observation_steps,50,last_24h,40432,0.18475019733921688,0.6720448369565217,0.854372774040364,79.401
highest-temperature-in-shanghai-on-june-10-2026,Highest temperature in Shanghai on June 10?,2026-06-08T04:26:36Z,2026-06-10T12:00:00Z,2,25°C,0x1637fef417faa8e8123e6932708157b1347d8325263f33ca81ba04629ba4ecb3,56788830322716258264964226087573396454736855011978630420131480404812475321234,YES,depth_imbalance_5,book,valid_obs_50,valid_observation_steps,50,early_gt_24h,83079,0.03881844442376156,0.5290170568047944,0.765006800755907,99.053
highest-temperature-in-shanghai-on-june-10-2026,Highest temperature in Shanghai on June 10?,2026-06-08T04:26:36Z,2026-06-10T12:00:00Z,2,25°C,0x1637fef417faa8e8123e6932708157b1347d8325263f33ca81ba04629ba4ecb3,56788830322716258264964226087573396454736855011978630420131480404812475321234,YES,depth_imbalance_5,book,valid_obs_50,valid_observation_steps,50,last_24h,40432,0.047922721343549336,0.5329483695652174,0.854372774040364,79.401
highest-temperature-in-shanghai-on-june-10-2026,Highest temperature in Shanghai on June 10?,2026-06-08T04:26:36Z,2026-06-10T12:00:00Z,2,25°C,0x1637fef417faa8e8123e6932708157b1347d8325263f33ca81ba04629ba4ecb3,56788830322716258264964226087573396454736855011978630420131480404812475321234,YES,microprice_minus_mid,book,valid_obs_50,valid_observation_steps,50,early_gt_24h,83079,0.04134775260014607,0.532397684782052,0.765006800755907,99.053
highest-temperature-in-shanghai-on-june-10-2026,Highest temperature in Shanghai on June 10?,2026-06-08T04:26:36Z,2026-06-10T12:00:00Z,2,25°C,0x1637fef417faa8e8123e6932708157b1347d8325263f33ca81ba04629ba4ecb3,56788830322716258264964226087573396454736855011978630420131480404812475321234,YES,microprice_minus_mid,book,valid_obs_50,valid_observation_steps,50,last_24h,40432,0.06974842548494799,0.5154551630434783,0.854372774040364,79.401
highest-temperature-in-shanghai-on-june-10-2026,Highest temperature in Shanghai on June 10?,2026-06-08T04:26:36Z,2026-06-10T12:00:00Z,2,25°C,0x1637fef417faa8e8123e6932708157b1347d8325263f33ca81ba04629ba4ecb3,56788830322716258264964226087573396454736855011978630420131480404812475321234,YES,ofi_30s,flow_clock_sensitive,valid_obs_50,valid_observation_steps,50,early_gt_24h,83079,0.10437454811063729,0.5362905291195,0.765006800755907,99.053
highest-temperature-in-shanghai-on-june-10-2026,Highest temperature in Shanghai on June 10?,2026-06-08T04:26:36Z,2026-06-10T12:00:00Z,2,25°C,0x1637fef417faa8e8123e6932708157b1347d8325263f33ca81ba04629ba4ecb3,56788830322716258264964226087573396454736855011978630420131480404812475321234,YES,ofi_30s,flow_clock_sensitive,valid_obs_50,valid_observation_steps,50,last_24h,40432,0.05422366763807027,0.5242866847826086,0.854372774040364,79.401
highest-temperature-in-shanghai-on-june-10-2026,Highest temperature in Shanghai on June 10?,2026-06-08T04:26:36Z,2026-06-10T12:00:00Z,2,25°C,0x1637fef417faa8e8123e6932708157b1347d8325263f33ca81ba04629ba4ecb3,56788830322716258264964226087573396454736855011978630420131480404812475321234,YES,trade_pressure_30s,flow_clock_sensitive,valid_obs_50,valid_observation_steps,50,early_gt_24h,83079,,0.4695999590226912,0.765006800755907,99.053
highest-temperature-in-shanghai-on-june-10-2026,Highest temperature in Shanghai on June 10?,2026-06-08T04:26:36Z,2026-06-10T12:00:00Z,2,25°C,0x1637fef417faa8e8123e6932708157b1347d8325263f33ca81ba04629ba4ecb3,56788830322716258264964226087573396454736855011978630420131480404812475321234,YES,trade_pressure_30s,flow_clock_sensitive,valid_obs_50,valid_observation_steps,50,last_24h,40432,0.06512972935680746,0.44106657608695654,0.854372774040364,79.401
highest-temperature-in-shanghai-on-june-10-2026,Highest temperature in Shanghai on June 10?,2026-06-08T04:26:36Z,2026-06-10T12:00:00Z,2,25°C,0x1637fef417faa8e8123e6932708157b1347d8325263f33ca81ba04629ba4ecb3,56788830322716258264964226087573396454736855011978630420131480404812475321234,YES,depth_imbalance_1,book,valid_obs_200,valid_observation_steps,200,early_gt_24h,83079,0.02103411252662698,0.5531108630515246,0.590245429049459,413.817
highest-temperature-in-shanghai-on-june-10-2026,Highest temperature in Shanghai on June 10?,2026-06-08T04:26:36Z,2026-06-10T12:00:00Z,2,25°C,0x1637fef417faa8e8123e6932708157b1347d8325263f33ca81ba04629ba4ecb3,56788830322716258264964226087573396454736855011978630420131480404812475321234,YES,depth_imbalance_1,book,valid_obs_200,valid_observation_steps,200,last_24h,40136,0.06538245019395436,0.5047305965362412,0.6892565278054614,345.222
highest-temperature-in-shanghai-on-june-10-2026,Highest temperature in Shanghai on June 10?,2026-06-08T04:26:36Z,2026-06-10T12:00:00Z,2,25°C,0x1637fef417faa8e8123e6932708157b1347d8325263f33ca81ba04629ba4ecb3,56788830322716258264964226087573396454736855011978630420131480404812475321234,YES,depth_imbalance_3,book,valid_obs_200,valid_observation_steps,200,early_gt_24h,83079,0.025710565600343124,0.5486457904940956,0.590245429049459,413.817
highest-temperature-in-shanghai-on-june-10-2026,Highest temperature in Shanghai on June 10?,2026-06-08T04:26:36Z,2026-06-10T12:00:00Z,2,25°C,0x1637fef417faa8e8123e6932708157b1347d8325263f33ca81ba04629ba4ecb3,56788830322716258264964226087573396454736855011978630420131480404812475321234,YES,depth_imbalance_3,book,valid_obs_200,valid_observation_steps,200,last_24h,40136,0.20691725891926957,0.6379089159717768,0.6892565278054614,345.222
highest-temperature-in-shanghai-on-june-10-2026,Highest temperature in Shanghai on June 10?,2026-06-08T04:26:36Z,2026-06-10T12:00:00Z,2,25°C,0x1637fef417faa8e8123e6932708157b1347d8325263f33ca81ba04629ba4ecb3,56788830322716258264964226087573396454736855011978630420131480404812475321234,YES,depth_imbalance_5,book,valid_obs_200,valid_observation_steps,200,early_gt_24h,83079,-0.009651878803229189,0.5031138005992597,0.590245429049459,413.817
highest-temperature-in-shanghai-on-june-10-2026,Highest temperature in Shanghai on June 10?,2026-06-08T04:26:36Z,2026-06-10T12:00:00Z,2,25°C,0x1637fef417faa8e8123e6932708157b1347d8325263f33ca81ba04629ba4ecb3,56788830322716258264964226087573396454736855011978630420131480404812475321234,YES,depth_imbalance_5,book,valid_obs_200,valid_observation_steps,200,last_24h,40136,0.05610286026148601,0.4910198845413727,0.6892565278054614,345.222
highest-temperature-in-shanghai-on-june-10-2026,Highest temperature in Shanghai on June 10?,2026-06-08T04:26:36Z,2026-06-10T12:00:00Z,2,25°C,0x1637fef417faa8e8123e6932708157b1347d8325263f33ca81ba04629ba4ecb3,56788830322716258264964226087573396454736855011978630420131480404812475321234,YES,microprice_minus_mid,book,valid_obs_200,valid_observation_steps,200,early_gt_24h,83079,0.05689121573601929,0.5362493390517596,0.590245429049459,413.817
highest-temperature-in-shanghai-on-june-10-2026,Highest temperature in Shanghai on June 10?,2026-06-08T04:26:36Z,2026-06-10T12:00:00Z,2,25°C,0x1637fef417faa8e8123e6932708157b1347d8325263f33ca81ba04629ba4ecb3,56788830322716258264964226087573396454736855011978630420131480404812475321234,YES,microprice_minus_mid,book,valid_obs_200,valid_observation_steps,200,last_24h,40136,0.020334057122796966,0.4759461193072482,0.6892565278054614,345.222
highest-temperature-in-shanghai-on-june-10-2026,Highest temperature in Shanghai on June 10?,2026-06-08T04:26:36Z,2026-06-10T12:00:00Z,2,25°C,0x1637fef417faa8e8123e6932708157b1347d8325263f33ca81ba04629ba4ecb3,56788830322716258264964226087573396454736855011978630420131480404812475321234,YES,ofi_30s,flow_clock_sensitive,valid_obs_200,valid_observation_steps,200,early_gt_24h,83079,0.08381452413332001,0.5345161858880206,0.590245429049459,413.817
highest-temperature-in-shanghai-on-june-10-2026,Highest temperature in Shanghai on June 10?,2026-06-08T04:26:36Z,2026-06-10T12:00:00Z,2,25°C,0x1637fef417faa8e8123e6932708157b1347d8325263f33ca81ba04629ba4ecb3,56788830322716258264964226087573396454736855011978630420131480404812475321234,YES,ofi_30s,flow_clock_sensitive,valid_obs_200,valid_observation_steps,200,last_24h,40136,0.13883243823777294,0.5415330339961514,0.6892565278054614,345.222
highest-temperature-in-shanghai-on-june-10-2026,Highest temperature in Shanghai on June 10?,2026-06-08T04:26:36Z,2026-06-10T12:00:00Z,2,25°C,0x1637fef417faa8e8123e6932708157b1347d8325263f33ca81ba04629ba4ecb3,56788830322716258264964226087573396454736855011978630420131480404812475321234,YES,trade_pressure_30s,flow_clock_sensitive,valid_obs_200,valid_observation_steps,200,early_gt_24h,83079,,0.4434522060983491,0.590245429049459,413.817
highest-temperature-in-shanghai-on-june-10-2026,Highest temperature in Shanghai on June 10?,2026-06-08T04:26:36Z,2026-06-10T12:00:00Z,2,25°C,0x1637fef417faa8e8123e6932708157b1347d8325263f33ca81ba04629ba4ecb3,56788830322716258264964226087573396454736855011978630420131480404812475321234,YES,trade_pressure_30s,flow_clock_sensitive,valid_obs_200,valid_observation_steps,200,last_24h,40136,0.10198109082386965,0.45445798588839,0.6892565278054614,345.222
highest-temperature-in-shanghai-on-june-10-2026,Highest temperature in Shanghai on June 10?,2026-06-08T04:26:36Z,2026-06-10T12:00:00Z,3,26°C,0x23b087336e0307221d1d284112a21c185292a3ec68d31fa5676401b39c5e4e92,104200728392517260769227840787358244233838628411342747825408718627319711152999,YES,depth_imbalance_1,book,wall_60s,wall_clock_seconds,60,early_gt_24h,104003,0.09500569941201181,0.5981768769108822,0.8301779756353183,61.22
highest-temperature-in-shanghai-on-june-10-2026,Highest temperature in Shanghai on June 10?,2026-06-08T04:26:36Z,2026-06-10T12:00:00Z,3,26°C,0x23b087336e0307221d1d284112a21c185292a3ec68d31fa5676401b39c5e4e92,104200728392517260769227840787358244233838628411342747825408718627319711152999,YES,depth_imbalance_1,book,wall_60s,wall_clock_seconds,60,last_24h,108222,0.11969620202901954,0.6023328188649647,0.6347969913695921,60.717
highest-temperature-in-shanghai-on-june-10-2026,Highest temperature in Shanghai on June 10?,2026-06-08T04:26:36Z,2026-06-10T12:00:00Z,3,26°C,0x23b087336e0307221d1d284112a21c185292a3ec68d31fa5676401b39c5e4e92,104200728392517260769227840787358244233838628411342747825408718627319711152999,YES,depth_imbalance_3,book,wall_60s,wall_clock_seconds,60,early_gt_24h,104003,0.05606379675079701,0.560242328162156,0.8301779756353183,61.22
highest-temperature-in-shanghai-on-june-10-2026,Highest temperature in Shanghai on June 10?,2026-06-08T04:26:36Z,2026-06-10T12:00:00Z,3,26°C,0x23b087336e0307221d1d284112a21c185292a3ec68d31fa5676401b39c5e4e92,104200728392517260769227840787358244233838628411342747825408718627319711152999,YES,depth_imbalance_3,book,wall_60s,wall_clock_seconds,60,last_24h,108222,0.053967880302438154,0.5361941148192192,0.6347969913695921,60.717
highest-temperature-in-shanghai-on-june-10-2026,Highest temperature in Shanghai on June 10?,2026-06-08T04:26:36Z,2026-06-10T12:00:00Z,3,26°C,0x23b087336e0307221d1d284112a21c185292a3ec68d31fa5676401b39c5e4e92,104200728392517260769227840787358244233838628411342747825408718627319711152999,YES,depth_imbalance_5,book,wall_60s,wall_clock_seconds,60,early_gt_24h,104003,0.07787695345306411,0.5623372211527573,0.8301779756353183,61.22
highest-temperature-in-shanghai-on-june-10-2026,Highest temperature in Shanghai on June 10?,2026-06-08T04:26:36Z,2026-06-10T12:00:00Z,3,26°C,0x23b087336e0307221d1d284112a21c185292a3ec68d31fa5676401b39c5e4e92,104200728392517260769227840787358244233838628411342747825408718627319711152999,YES,depth_imbalance_5,book,wall_60s,wall_clock_seconds,60,last_24h,108222,-0.0013066963196008122,0.4907016167801027,0.6347969913695921,60.717
highest-temperature-in-shanghai-on-june-10-2026,Highest temperature in Shanghai on June 10?,2026-06-08T04:26:36Z,2026-06-10T12:00:00Z,3,26°C,0x23b087336e0307221d1d284112a21c185292a3ec68d31fa5676401b39c5e4e92,104200728392517260769227840787358244233838628411342747825408718627319711152999,YES,microprice_minus_mid,book,wall_60s,wall_clock_seconds,60,early_gt_24h,104003,0.09170617503980852,0.6003850073604349,0.8301779756353183,61.22
highest-temperature-in-shanghai-on-june-10-2026,Highest temperature in Shanghai on June 10?,2026-06-08T04:26:36Z,2026-06-10T12:00:00Z,3,26°C,0x23b087336e0307221d1d284112a21c185292a3ec68d31fa5676401b39c5e4e92,104200728392517260769227840787358244233838628411342747825408718627319711152999,YES,microprice_minus_mid,book,wall_60s,wall_clock_seconds,60,last_24h,108222,0.10335842446298774,0.5813576904587202,0.6347969913695921,60.717
highest-temperature-in-shanghai-on-june-10-2026,Highest temperature in Shanghai on June 10?,2026-06-08T04:26:36Z,2026-06-10T12:00:00Z,3,26°C,0x23b087336e0307221d1d284112a21c185292a3ec68d31fa5676401b39c5e4e92,104200728392517260769227840787358244233838628411342747825408718627319711152999,YES,ofi_30s,flow_clock_sensitive,wall_60s,wall_clock_seconds,60,early_gt_24h,104003,0.05276367004974467,0.5403691541161816,0.8301779756353183,61.22
highest-temperature-in-shanghai-on-june-10-2026,Highest temperature in Shanghai on June 10?,2026-06-08T04:26:36Z,2026-06-10T12:00:00Z,3,26°C,0x23b087336e0307221d1d284112a21c185292a3ec68d31fa5676401b39c5e4e92,104200728392517260769227840787358244233838628411342747825408718627319711152999,YES,ofi_30s,flow_clock_sensitive,wall_60s,wall_clock_seconds,60,last_24h,108222,0.09431666371350142,0.5321711408546922,0.6347969913695921,60.717
highest-temperature-in-shanghai-on-june-10-2026,Highest temperature in Shanghai on June 10?,2026-06-08T04:26:36Z,2026-06-10T12:00:00Z,3,26°C,0x23b087336e0307221d1d284112a21c185292a3ec68d31fa5676401b39c5e4e92,104200728392517260769227840787358244233838628411342747825408718627319711152999,YES,trade_pressure_30s,flow_clock_sensitive,wall_60s,wall_clock_seconds,60,early_gt_24h,104003,0.018666826978952254,0.5335182878496206,0.8301779756353183,61.22
highest-temperature-in-shanghai-on-june-10-2026,Highest temperature in Shanghai on June 10?,2026-06-08T04:26:36Z,2026-06-10T12:00:00Z,3,26°C,0x23b087336e0307221d1d284112a21c185292a3ec68d31fa5676401b39c5e4e92,104200728392517260769227840787358244233838628411342747825408718627319711152999,YES,trade_pressure_30s,flow_clock_sensitive,wall_60s,wall_clock_seconds,60,last_24h,108222,0.06692123150828634,0.5270348910760823,0.6347969913695921,60.717
highest-temperature-in-shanghai-on-june-10-2026,Highest temperature in Shanghai on June 10?,2026-06-08T04:26:36Z,2026-06-10T12:00:00Z,3,26°C,0x23b087336e0307221d1d284112a21c185292a3ec68d31fa5676401b39c5e4e92,104200728392517260769227840787358244233838628411342747825408718627319711152999,YES,depth_imbalance_1,book,wall_300s,wall_clock_seconds,300,early_gt_24h,104082,0.08112849901728579,0.5349241859308973,0.6521300513057012,301.47
highest-temperature-in-shanghai-on-june-10-2026,Highest temperature in Shanghai on June 10?,2026-06-08T04:26:36Z,2026-06-10T12:00:00Z,3,26°C,0x23b087336e0307221d1d284112a21c185292a3ec68d31fa5676401b39c5e4e92,104200728392517260769227840787358244233838628411342747825408718627319711152999,YES,depth_imbalance_1,book,wall_300s,wall_clock_seconds,300,last_24h,107024,0.2458099701655796,0.6153119230042307,0.35731237853191805,300.807
highest-temperature-in-shanghai-on-june-10-2026,Highest temperature in Shanghai on June 10?,2026-06-08T04:26:36Z,2026-06-10T12:00:00Z,3,26°C,0x23b087336e0307221d1d284112a21c185292a3ec68d31fa5676401b39c5e4e92,104200728392517260769227840787358244233838628411342747825408718627319711152999,YES,depth_imbalance_3,book,wall_300s,wall_clock_seconds,300,early_gt_24h,104082,0.08878351681273039,0.5713812246250725,0.6521300513057012,301.47
highest-temperature-in-shanghai-on-june-10-2026,Highest temperature in Shanghai on June 10?,2026-06-08T04:26:36Z,2026-06-10T12:00:00Z,3,26°C,0x23b087336e0307221d1d284112a21c185292a3ec68d31fa5676401b39c5e4e92,104200728392517260769227840787358244233838628411342747825408718627319711152999,YES,depth_imbalance_3,book,wall_300s,wall_clock_seconds,300,last_24h,107024,0.04292192628788989,0.49922219152988384,0.35731237853191805,300.807
highest-temperature-in-shanghai-on-june-10-2026,Highest temperature in Shanghai on June 10?,2026-06-08T04:26:36Z,2026-06-10T12:00:00Z,3,26°C,0x23b087336e0307221d1d284112a21c185292a3ec68d31fa5676401b39c5e4e92,104200728392517260769227840787358244233838628411342747825408718627319711152999,YES,depth_imbalance_5,book,wall_300s,wall_clock_seconds,300,early_gt_24h,104082,0.14895137112698176,0.5873936581593194,0.6521300513057012,301.47
highest-temperature-in-shanghai-on-june-10-2026,Highest temperature in Shanghai on June 10?,2026-06-08T04:26:36Z,2026-06-10T12:00:00Z,3,26°C,0x23b087336e0307221d1d284112a21c185292a3ec68d31fa5676401b39c5e4e92,104200728392517260769227840787358244233838628411342747825408718627319711152999,YES,depth_imbalance_5,book,wall_300s,wall_clock_seconds,300,last_24h,107024,-0.020785396169688306,0.48520710059171596,0.35731237853191805,300.807
highest-temperature-in-shanghai-on-june-10-2026,Highest temperature in Shanghai on June 10?,2026-06-08T04:26:36Z,2026-06-10T12:00:00Z,3,26°C,0x23b087336e0307221d1d284112a21c185292a3ec68d31fa5676401b39c5e4e92,104200728392517260769227840787358244233838628411342747825408718627319711152999,YES,microprice_minus_mid,book,wall_300s,wall_clock_seconds,300,early_gt_24h,104082,0.08470489157217993,0.5338470461512967,0.6521300513057012,301.47
highest-temperature-in-shanghai-on-june-10-2026,Highest temperature in Shanghai on June 10?,2026-06-08T04:26:36Z,2026-06-10T12:00:00Z,3,26°C,0x23b087336e0307221d1d284112a21c185292a3ec68d31fa5676401b39c5e4e92,104200728392517260769227840787358244233838628411342747825408718627319711152999,YES,microprice_minus_mid,book,wall_300s,wall_clock_seconds,300,last_24h,107024,0.19384642899914328,0.6196589273512351,0.35731237853191805,300.807
highest-temperature-in-shanghai-on-june-10-2026,Highest temperature in Shanghai on June 10?,2026-06-08T04:26:36Z,2026-06-10T12:00:00Z,3,26°C,0x23b087336e0307221d1d284112a21c185292a3ec68d31fa5676401b39c5e4e92,104200728392517260769227840787358244233838628411342747825408718627319711152999,YES,ofi_30s,flow_clock_sensitive,wall_300s,wall_clock_seconds,300,early_gt_24h,104082,0.005894754338136476,0.4848233766951142,0.6521300513057012,301.47
highest-temperature-in-shanghai-on-june-10-2026,Highest temperature in Shanghai on June 10?,2026-06-08T04:26:36Z,2026-06-10T12:00:00Z,3,26°C,0x23b087336e0307221d1d284112a21c185292a3ec68d31fa5676401b39c5e4e92,104200728392517260769227840787358244233838628411342747825408718627319711152999,YES,ofi_30s,flow_clock_sensitive,wall_300s,wall_clock_seconds,300,last_24h,107024,-0.008963637225101741,0.44079205617667155,0.35731237853191805,300.807
highest-temperature-in-shanghai-on-june-10-2026,Highest temperature in Shanghai on June 10?,2026-06-08T04:26:36Z,2026-06-10T12:00:00Z,3,26°C,0x23b087336e0307221d1d284112a21c185292a3ec68d31fa5676401b39c5e4e92,104200728392517260769227840787358244233838628411342747825408718627319711152999,YES,trade_pressure_30s,flow_clock_sensitive,wall_300s,wall_clock_seconds,300,early_gt_24h,104082,0.01929413040004448,0.5371889413649295,0.6521300513057012,301.47
highest-temperature-in-shanghai-on-june-10-2026,Highest temperature in Shanghai on June 10?,2026-06-08T04:26:36Z,2026-06-10T12:00:00Z,3,26°C,0x23b087336e0307221d1d284112a21c185292a3ec68d31fa5676401b39c5e4e92,104200728392517260769227840787358244233838628411342747825408718627319711152999,YES,trade_pressure_30s,flow_clock_sensitive,wall_300s,wall_clock_seconds,300,last_24h,107024,-0.03344751179321434,0.43534012764781993,0.35731237853191805,300.807
highest-temperature-in-shanghai-on-june-10-2026,Highest temperature in Shanghai on June 10?,2026-06-08T04:26:36Z,2026-06-10T12:00:00Z,3,26°C,0x23b087336e0307221d1d284112a21c185292a3ec68d31fa5676401b39c5e4e92,104200728392517260769227840787358244233838628411342747825408718627319711152999,YES,depth_imbalance_1,book,wall_900s,wall_clock_seconds,900,early_gt_24h,104030,0.06456744914517207,0.5127305152917964,0.4933384600595982,901.644
highest-temperature-in-shanghai-on-june-10-2026,Highest temperature in Shanghai on June 10?,2026-06-08T04:26:36Z,2026-06-10T12:00:00Z,3,26°C,0x23b087336e0307221d1d284112a21c185292a3ec68d31fa5676401b39c5e4e92,104200728392517260769227840787358244233838628411342747825408718627319711152999,YES,depth_imbalance_1,book,wall_900s,wall_clock_seconds,900,last_24h,105775,0.3063304986188743,0.6373456612213371,0.17994800283620893,900.836
highest-temperature-in-shanghai-on-june-10-2026,Highest temperature in Shanghai on June 10?,2026-06-08T04:26:36Z,2026-06-10T12:00:00Z,3,26°C,0x23b087336e0307221d1d284112a21c185292a3ec68d31fa5676401b39c5e4e92,104200728392517260769227840787358244233838628411342747825408718627319711152999,YES,depth_imbalance_3,book,wall_900s,wall_clock_seconds,900,early_gt_24h,104030,0.0171617037759677,0.49447901646808834,0.4933384600595982,901.644
highest-temperature-in-shanghai-on-june-10-2026,Highest temperature in Shanghai on June 10?,2026-06-08T04:26:36Z,2026-06-10T12:00:00Z,3,26°C,0x23b087336e0307221d1d284112a21c185292a3ec68d31fa5676401b39c5e4e92,104200728392517260769227840787358244233838628411342747825408718627319711152999,YES,depth_imbalance_3,book,wall_900s,wall_clock_seconds,900,last_24h,105775,0.1731120246251674,0.5811553936431445,0.17994800283620893,900.836
highest-temperature-in-shanghai-on-june-10-2026,Highest temperature in Shanghai on June 10?,2026-06-08T04:26:36Z,2026-06-10T12:00:00Z,3,26°C,0x23b087336e0307221d1d284112a21c185292a3ec68d31fa5676401b39c5e4e92,104200728392517260769227840787358244233838628411342747825408718627319711152999,YES,depth_imbalance_5,book,wall_900s,wall_clock_seconds,900,early_gt_24h,104030,0.14604704594067724,0.5707672459588677,0.4933384600595982,901.644
highest-temperature-in-shanghai-on-june-10-2026,Highest temperature in Shanghai on June 10?,2026-06-08T04:26:36Z,2026-06-10T12:00:00Z,3,26°C,0x23b087336e0307221d1d284112a21c185292a3ec68d31fa5676401b39c5e4e92,104200728392517260769227840787358244233838628411342747825408718627319711152999,YES,depth_imbalance_5,book,wall_900s,wall_clock_seconds,900,last_24h,105775,0.12015763889655656,0.6059418268177679,0.17994800283620893,900.836
highest-temperature-in-shanghai-on-june-10-2026,Highest temperature in Shanghai on June 10?,2026-06-08T04:26:36Z,2026-06-10T12:00:00Z,3,26°C,0x23b087336e0307221d1d284112a21c185292a3ec68d31fa5676401b39c5e4e92,104200728392517260769227840787358244233838628411342747825408718627319711152999,YES,microprice_minus_mid,book,wall_900s,wall_clock_seconds,900,early_gt_24h,104030,0.07425771141995124,0.5182135539197086,0.4933384600595982,901.644
highest-temperature-in-shanghai-on-june-10-2026,Highest temperature in Shanghai on June 10?,2026-06-08T04:26:36Z,2026-06-10T12:00:00Z,3,26°C,0x23b087336e0307221d1d284112a21c185292a3ec68d31fa5676401b39c5e4e92,104200728392517260769227840787358244233838628411342747825408718627319711152999,YES,microprice_minus_mid,book,wall_900s,wall_clock_seconds,900,last_24h,105775,0.2700798040391446,0.6415420620006687,0.17994800283620893,900.836
highest-temperature-in-shanghai-on-june-10-2026,Highest temperature in Shanghai on June 10?,2026-06-08T04:26:36Z,2026-06-10T12:00:00Z,3,26°C,0x23b087336e0307221d1d284112a21c185292a3ec68d31fa5676401b39c5e4e92,104200728392517260769227840787358244233838628411342747825408718627319711152999,YES,ofi_30s,flow_clock_sensitive,wall_900s,wall_clock_seconds,900,early_gt_24h,104030,-0.009319087630062579,0.4803065948243151,0.4933384600595982,901.644
highest-temperature-in-shanghai-on-june-10-2026,Highest temperature in Shanghai on June 10?,2026-06-08T04:26:36Z,2026-06-10T12:00:00Z,3,26°C,0x23b087336e0307221d1d284112a21c185292a3ec68d31fa5676401b39c5e4e92,104200728392517260769227840787358244233838628411342747825408718627319711152999,YES,ofi_30s,flow_clock_sensitive,wall_900s,wall_clock_seconds,900,last_24h,105775,0.04578253251320187,0.4952444634025432,0.17994800283620893,900.836
highest-temperature-in-shanghai-on-june-10-2026,Highest temperature in Shanghai on June 10?,2026-06-08T04:26:36Z,2026-06-10T12:00:00Z,3,26°C,0x23b087336e0307221d1d284112a21c185292a3ec68d31fa5676401b39c5e4e92,104200728392517260769227840787358244233838628411342747825408718627319711152999,YES,trade_pressure_30s,flow_clock_sensitive,wall_900s,wall_clock_seconds,900,early_gt_24h,104030,0.037862824933355556,0.5344539728314487,0.4933384600595982,901.644
highest-temperature-in-shanghai-on-june-10-2026,Highest temperature in Shanghai on June 10?,2026-06-08T04:26:36Z,2026-06-10T12:00:00Z,3,26°C,0x23b087336e0307221d1d284112a21c185292a3ec68d31fa5676401b39c5e4e92,104200728392517260769227840787358244233838628411342747825408718627319711152999,YES,trade_pressure_30s,flow_clock_sensitive,wall_900s,wall_clock_seconds,900,last_24h,105775,-0.06721957090477579,0.453718541404872,0.17994800283620893,900.836
highest-temperature-in-shanghai-on-june-10-2026,Highest temperature in Shanghai on June 10?,2026-06-08T04:26:36Z,2026-06-10T12:00:00Z,3,26°C,0x23b087336e0307221d1d284112a21c185292a3ec68d31fa5676401b39c5e4e92,104200728392517260769227840787358244233838628411342747825408718627319711152999,YES,depth_imbalance_1,book,valid_obs_10,valid_observation_steps,10,early_gt_24h,104092,0.0826995572714005,0.6353524362229477,0.920541444107136,9.785499999999999
highest-temperature-in-shanghai-on-june-10-2026,Highest temperature in Shanghai on June 10?,2026-06-08T04:26:36Z,2026-06-10T12:00:00Z,3,26°C,0x23b087336e0307221d1d284112a21c185292a3ec68d31fa5676401b39c5e4e92,104200728392517260769227840787358244233838628411342747825408718627319711152999,YES,depth_imbalance_1,book,valid_obs_10,valid_observation_steps,10,last_24h,109170,0.049407909236305836,0.5548159749412686,0.8596317669689475,6.055
highest-temperature-in-shanghai-on-june-10-2026,Highest temperature in Shanghai on June 10?,2026-06-08T04:26:36Z,2026-06-10T12:00:00Z,3,26°C,0x23b087336e0307221d1d284112a21c185292a3ec68d31fa5676401b39c5e4e92,104200728392517260769227840787358244233838628411342747825408718627319711152999,YES,depth_imbalance_3,book,valid_obs_10,valid_observation_steps,10,early_gt_24h,104092,0.06574908181168596,0.5889251601982831,0.920541444107136,9.785499999999999
highest-temperature-in-shanghai-on-june-10-2026,Highest temperature in Shanghai on June 10?,2026-06-08T04:26:36Z,2026-06-10T12:00:00Z,3,26°C,0x23b087336e0307221d1d284112a21c185292a3ec68d31fa5676401b39c5e4e92,104200728392517260769227840787358244233838628411342747825408718627319711152999,YES,depth_imbalance_3,book,valid_obs_10,valid_observation_steps,10,last_24h,109170,0.04386777675958661,0.5556643174105977,0.8596317669689475,6.055
highest-temperature-in-shanghai-on-june-10-2026,Highest temperature in Shanghai on June 10?,2026-06-08T04:26:36Z,2026-06-10T12:00:00Z,3,26°C,0x23b087336e0307221d1d284112a21c185292a3ec68d31fa5676401b39c5e4e92,104200728392517260769227840787358244233838628411342747825408718627319711152999,YES,depth_imbalance_5,book,valid_obs_10,valid_observation_steps,10,early_gt_24h,104092,0.048001519393037984,0.5643815741748277,0.920541444107136,9.785499999999999
highest-temperature-in-shanghai-on-june-10-2026,Highest temperature in Shanghai on June 10?,2026-06-08T04:26:36Z,2026-06-10T12:00:00Z,3,26°C,0x23b087336e0307221d1d284112a21c185292a3ec68d31fa5676401b39c5e4e92,104200728392517260769227840787358244233838628411342747825408718627319711152999,YES,depth_imbalance_5,book,valid_obs_10,valid_observation_steps,10,last_24h,109170,0.02770190254657115,0.532041242495432,0.8596317669689475,6.055
highest-temperature-in-shanghai-on-june-10-2026,Highest temperature in Shanghai on June 10?,2026-06-08T04:26:36Z,2026-06-10T12:00:00Z,3,26°C,0x23b087336e0307221d1d284112a21c185292a3ec68d31fa5676401b39c5e4e92,104200728392517260769227840787358244233838628411342747825408718627319711152999,YES,microprice_minus_mid,book,valid_obs_10,valid_observation_steps,10,early_gt_24h,104092,0.0843756341224085,0.6361987667754806,0.920541444107136,9.785499999999999
highest-temperature-in-shanghai-on-june-10-2026,Highest temperature in Shanghai on June 10?,2026-06-08T04:26:36Z,2026-06-10T12:00:00Z,3,26°C,0x23b087336e0307221d1d284112a21c185292a3ec68d31fa5676401b39c5e4e92,104200728392517260769227840787358244233838628411342747825408718627319711152999,YES,microprice_minus_mid,book,valid_obs_10,valid_observation_steps,10,last_24h,109170,0.028309108103601797,0.5506395197076481,0.8596317669689475,6.055
highest-temperature-in-shanghai-on-june-10-2026,Highest temperature in Shanghai on June 10?,2026-06-08T04:26:36Z,2026-06-10T12:00:00Z,3,26°C,0x23b087336e0307221d1d284112a21c185292a3ec68d31fa5676401b39c5e4e92,104200728392517260769227840787358244233838628411342747825408718627319711152999,YES,ofi_30s,flow_clock_sensitive,valid_obs_10,valid_observation_steps,10,early_gt_24h,104092,0.048511448359305424,0.5417724579857333,0.920541444107136,9.785499999999999
highest-temperature-in-shanghai-on-june-10-2026,Highest temperature in Shanghai on June 10?,2026-06-08T04:26:36Z,2026-06-10T12:00:00Z,3,26°C,0x23b087336e0307221d1d284112a21c185292a3ec68d31fa5676401b39c5e4e92,104200728392517260769227840787358244233838628411342747825408718627319711152999,YES,ofi_30s,flow_clock_sensitive,valid_obs_10,valid_observation_steps,10,last_24h,109170,0.0014891692232105395,0.4851866353432524,0.8596317669689475,6.055
highest-temperature-in-shanghai-on-june-10-2026,Highest temperature in Shanghai on June 10?,2026-06-08T04:26:36Z,2026-06-10T12:00:00Z,3,26°C,0x23b087336e0307221d1d284112a21c185292a3ec68d31fa5676401b39c5e4e92,104200728392517260769227840787358244233838628411342747825408718627319711152999,YES,trade_pressure_30s,flow_clock_sensitive,valid_obs_10,valid_observation_steps,10,early_gt_24h,104092,-0.0030366664069326602,0.4980050779833152,0.920541444107136,9.785499999999999
highest-temperature-in-shanghai-on-june-10-2026,Highest temperature in Shanghai on June 10?,2026-06-08T04:26:36Z,2026-06-10T12:00:00Z,3,26°C,0x23b087336e0307221d1d284112a21c185292a3ec68d31fa5676401b39c5e4e92,104200728392517260769227840787358244233838628411342747825408718627319711152999,YES,trade_pressure_30s,flow_clock_sensitive,valid_obs_10,valid_observation_steps,10,last_24h,109170,0.04940400374341064,0.5620595144870791,0.8596317669689475,6.055
highest-temperature-in-shanghai-on-june-10-2026,Highest temperature in Shanghai on June 10?,2026-06-08T04:26:36Z,2026-06-10T12:00:00Z,3,26°C,0x23b087336e0307221d1d284112a21c185292a3ec68d31fa5676401b39c5e4e92,104200728392517260769227840787358244233838628411342747825408718627319711152999,YES,depth_imbalance_1,book,valid_obs_50,valid_observation_steps,50,early_gt_24h,104092,0.10651526688905849,0.5940248873632268,0.8208892133881567,55.726
highest-temperature-in-shanghai-on-june-10-2026,Highest temperature in Shanghai on June 10?,2026-06-08T04:26:36Z,2026-06-10T12:00:00Z,3,26°C,0x23b087336e0307221d1d284112a21c185292a3ec68d31fa5676401b39c5e4e92,104200728392517260769227840787358244233838628411342747825408718627319711152999,YES,depth_imbalance_1,book,valid_obs_50,valid_observation_steps,50,last_24h,109089,0.10043536633646394,0.5898591897233202,0.7031414716424204,34.571
highest-temperature-in-shanghai-on-june-10-2026,Highest temperature in Shanghai on June 10?,2026-06-08T04:26:36Z,2026-06-10T12:00:00Z,3,26°C,0x23b087336e0307221d1d284112a21c185292a3ec68d31fa5676401b39c5e4e92,104200728392517260769227840787358244233838628411342747825408718627319711152999,YES,depth_imbalance_3,book,valid_obs_50,valid_observation_steps,50,early_gt_24h,104092,0.09317119078617289,0.5873739540871058,0.8208892133881567,55.726
highest-temperature-in-shanghai-on-june-10-2026,Highest temperature in Shanghai on June 10?,2026-06-08T04:26:36Z,2026-06-10T12:00:00Z,3,26°C,0x23b087336e0307221d1d284112a21c185292a3ec68d31fa5676401b39c5e4e92,104200728392517260769227840787358244233838628411342747825408718627319711152999,YES,depth_imbalance_3,book,valid_obs_50,valid_observation_steps,50,last_24h,109089,0.07368370789534022,0.5572813735177866,0.7031414716424204,34.571
highest-temperature-in-shanghai-on-june-10-2026,Highest temperature in Shanghai on June 10?,2026-06-08T04:26:36Z,2026-06-10T12:00:00Z,3,26°C,0x23b087336e0307221d1d284112a21c185292a3ec68d31fa5676401b39c5e4e92,104200728392517260769227840787358244233838628411342747825408718627319711152999,YES,depth_imbalance_5,book,valid_obs_50,valid_observation_steps,50,early_gt_24h,104092,0.09749297853427753,0.5812593863977688,0.8208892133881567,55.726
highest-temperature-in-shanghai-on-june-10-2026,Highest temperature in Shanghai on June 10?,2026-06-08T04:26:36Z,2026-06-10T12:00:00Z,3,26°C,0x23b087336e0307221d1d284112a21c185292a3ec68d31fa5676401b39c5e4e92,104200728392517260769227840787358244233838628411342747825408718627319711152999,YES,depth_imbalance_5,book,valid_obs_50,valid_observation_steps,50,last_24h,109089,0.03334282239649494,0.5314043972332015,0.7031414716424204,34.571
highest-temperature-in-shanghai-on-june-10-2026,Highest temperature in Shanghai on June 10?,2026-06-08T04:26:36Z,2026-06-10T12:00:00Z,3,26°C,0x23b087336e0307221d1d284112a21c185292a3ec68d31fa5676401b39c5e4e92,104200728392517260769227840787358244233838628411342747825408718627319711152999,YES,microprice_minus_mid,book,valid_obs_50,valid_observation_steps,50,early_gt_24h,104092,0.09638888581103089,0.5972430808839305,0.8208892133881567,55.726
highest-temperature-in-shanghai-on-june-10-2026,Highest temperature in Shanghai on June 10?,2026-06-08T04:26:36Z,2026-06-10T12:00:00Z,3,26°C,0x23b087336e0307221d1d284112a21c185292a3ec68d31fa5676401b39c5e4e92,104200728392517260769227840787358244233838628411342747825408718627319711152999,YES,microprice_minus_mid,book,valid_obs_50,valid_observation_steps,50,last_24h,109089,0.07993291852325363,0.5750370553359684,0.7031414716424204,34.571
highest-temperature-in-shanghai-on-june-10-2026,Highest temperature in Shanghai on June 10?,2026-06-08T04:26:36Z,2026-06-10T12:00:00Z,3,26°C,0x23b087336e0307221d1d284112a21c185292a3ec68d31fa5676401b39c5e4e92,104200728392517260769227840787358244233838628411342747825408718627319711152999,YES,ofi_30s,flow_clock_sensitive,valid_obs_50,valid_observation_steps,50,early_gt_24h,104092,0.01791397370025001,0.49951727097189447,0.8208892133881567,55.726
highest-temperature-in-shanghai-on-june-10-2026,Highest temperature in Shanghai on June 10?,2026-06-08T04:26:36Z,2026-06-10T12:00:00Z,3,26°C,0x23b087336e0307221d1d284112a21c185292a3ec68d31fa5676401b39c5e4e92,104200728392517260769227840787358244233838628411342747825408718627319711152999,YES,ofi_30s,flow_clock_sensitive,valid_obs_50,valid_observation_steps,50,last_24h,109089,0.044132495590204594,0.5170145750988142,0.7031414716424204,34.571
highest-temperature-in-shanghai-on-june-10-2026,Highest temperature in Shanghai on June 10?,2026-06-08T04:26:36Z,2026-06-10T12:00:00Z,3,26°C,0x23b087336e0307221d1d284112a21c185292a3ec68d31fa5676401b39c5e4e92,104200728392517260769227840787358244233838628411342747825408718627319711152999,YES,trade_pressure_30s,flow_clock_sensitive,valid_obs_50,valid_observation_steps,50,early_gt_24h,104092,-0.0022467812620844863,0.501770006436387,0.8208892133881567,55.726
highest-temperature-in-shanghai-on-june-10-2026,Highest temperature in Shanghai on June 10?,2026-06-08T04:26:36Z,2026-06-10T12:00:00Z,3,26°C,0x23b087336e0307221d1d284112a21c185292a3ec68d31fa5676401b39c5e4e92,104200728392517260769227840787358244233838628411342747825408718627319711152999,YES,trade_pressure_30s,flow_clock_sensitive,valid_obs_50,valid_observation_steps,50,last_24h,109089,0.06514218142459735,0.552834733201581,0.7031414716424204,34.571
highest-temperature-in-shanghai-on-june-10-2026,Highest temperature in Shanghai on June 10?,2026-06-08T04:26:36Z,2026-06-10T12:00:00Z,3,26°C,0x23b087336e0307221d1d284112a21c185292a3ec68d31fa5676401b39c5e4e92,104200728392517260769227840787358244233838628411342747825408718627319711152999,YES,depth_imbalance_1,book,valid_obs_200,valid_observation_steps,200,early_gt_24h,104092,0.11149254245581837,0.556220127633441,0.6402125043230988,240.877
highest-temperature-in-shanghai-on-june-10-2026,Highest temperature in Shanghai on June 10?,2026-06-08T04:26:36Z,2026-06-10T12:00:00Z,3,26°C,0x23b087336e0307221d1d284112a21c185292a3ec68d31fa5676401b39c5e4e92,104200728392517260769227840787358244233838628411342747825408718627319711152999,YES,depth_imbalance_1,book,valid_obs_200,valid_observation_steps,200,last_24h,108789,0.13714104403378455,0.5909695472682363,0.4678414177904016,149.475
highest-temperature-in-shanghai-on-june-10-2026,Highest temperature in Shanghai on June 10?,2026-06-08T04:26:36Z,2026-06-10T12:00:00Z,3,26°C,0x23b087336e0307221d1d284112a21c185292a3ec68d31fa5676401b39c5e4e92,104200728392517260769227840787358244233838628411342747825408718627319711152999,YES,depth_imbalance_3,book,valid_obs_200,valid_observation_steps,200,early_gt_24h,104092,0.09136894579321153,0.5627086059117247,0.6402125043230988,240.877
highest-temperature-in-shanghai-on-june-10-2026,Highest temperature in Shanghai on June 10?,2026-06-08T04:26:36Z,2026-06-10T12:00:00Z,3,26°C,0x23b087336e0307221d1d284112a21c185292a3ec68d31fa5676401b39c5e4e92,104200728392517260769227840787358244233838628411342747825408718627319711152999,YES,depth_imbalance_3,book,valid_obs_200,valid_observation_steps,200,last_24h,108789,0.07454116226217523,0.5329659889796694,0.4678414177904016,149.475
highest-temperature-in-shanghai-on-june-10-2026,Highest temperature in Shanghai on June 10?,2026-06-08T04:26:36Z,2026-06-10T12:00:00Z,3,26°C,0x23b087336e0307221d1d284112a21c185292a3ec68d31fa5676401b39c5e4e92,104200728392517260769227840787358244233838628411342747825408718627319711152999,YES,depth_imbalance_5,book,valid_obs_200,valid_observation_steps,200,early_gt_24h,104092,0.11336642008089805,0.5568876665509599,0.6402125043230988,240.877
highest-temperature-in-shanghai-on-june-10-2026,Highest temperature in Shanghai on June 10?,2026-06-08T04:26:36Z,2026-06-10T12:00:00Z,3,26°C,0x23b087336e0307221d1d284112a21c185292a3ec68d31fa5676401b39c5e4e92,104200728392517260769227840787358244233838628411342747825408718627319711152999,YES,depth_imbalance_5,book,valid_obs_200,valid_observation_steps,200,last_24h,108789,0.019878084410842187,0.4888328468035859,0.4678414177904016,149.475
highest-temperature-in-shanghai-on-june-10-2026,Highest temperature in Shanghai on June 10?,2026-06-08T04:26:36Z,2026-06-10T12:00:00Z,3,26°C,0x23b087336e0307221d1d284112a21c185292a3ec68d31fa5676401b39c5e4e92,104200728392517260769227840787358244233838628411342747825408718627319711152999,YES,microprice_minus_mid,book,valid_obs_200,valid_observation_steps,200,early_gt_24h,104092,0.10382520855967564,0.5515473552108088,0.6402125043230988,240.877
highest-temperature-in-shanghai-on-june-10-2026,Highest temperature in Shanghai on June 10?,2026-06-08T04:26:36Z,2026-06-10T12:00:00Z,3,26°C,0x23b087336e0307221d1d284112a21c185292a3ec68d31fa5676401b39c5e4e92,104200728392517260769227840787358244233838628411342747825408718627319711152999,YES,microprice_minus_mid,book,valid_obs_200,valid_observation_steps,200,last_24h,108789,0.10406742198464797,0.5740590399530168,0.4678414177904016,149.475
highest-temperature-in-shanghai-on-june-10-2026,Highest temperature in Shanghai on June 10?,2026-06-08T04:26:36Z,2026-06-10T12:00:00Z,3,26°C,0x23b087336e0307221d1d284112a21c185292a3ec68d31fa5676401b39c5e4e92,104200728392517260769227840787358244233838628411342747825408718627319711152999,YES,ofi_30s,flow_clock_sensitive,valid_obs_200,valid_observation_steps,200,early_gt_24h,104092,0.02797873578676317,0.48612854129395744,0.6402125043230988,240.877
highest-temperature-in-shanghai-on-june-10-2026,Highest temperature in Shanghai on June 10?,2026-06-08T04:26:36Z,2026-06-10T12:00:00Z,3,26°C,0x23b087336e0307221d1d284112a21c185292a3ec68d31fa5676401b39c5e4e92,104200728392517260769227840787358244233838628411342747825408718627319711152999,YES,ofi_30s,flow_clock_sensitive,valid_obs_200,valid_observation_steps,200,last_24h,108789,0.08236060218949592,0.5210301763598363,0.4678414177904016,149.475
highest-temperature-in-shanghai-on-june-10-2026,Highest temperature in Shanghai on June 10?,2026-06-08T04:26:36Z,2026-06-10T12:00:00Z,3,26°C,0x23b087336e0307221d1d284112a21c185292a3ec68d31fa5676401b39c5e4e92,104200728392517260769227840787358244233838628411342747825408718627319711152999,YES,trade_pressure_30s,flow_clock_sensitive,valid_obs_200,valid_observation_steps,200,early_gt_24h,104092,0.0038557105522552355,0.4904541934794798,0.6402125043230988,240.877
highest-temperature-in-shanghai-on-june-10-2026,Highest temperature in Shanghai on June 10?,2026-06-08T04:26:36Z,2026-06-10T12:00:00Z,3,26°C,0x23b087336e0307221d1d284112a21c185292a3ec68d31fa5676401b39c5e4e92,104200728392517260769227840787358244233838628411342747825408718627319711152999,YES,trade_pressure_30s,flow_clock_sensitive,valid_obs_200,valid_observation_steps,200,last_24h,108789,0.056983154652387985,0.5224638557338538,0.4678414177904016,149.475
highest-temperature-in-shanghai-on-june-10-2026,Highest temperature in Shanghai on June 10?,2026-06-08T04:26:36Z,2026-06-10T12:00:00Z,4,27°C,0xdf893641b3da75d542e9816e3e50650ff9a57395826fd717e855bd5eec447ed5,70515615079914594072283762648675090779952114797105930464607795042963547323371,YES,depth_imbalance_1,book,wall_60s,wall_clock_seconds,60,early_gt_24h,130192,0.13702444646682702,0.59373989713446,0.7386552169104093,60.703
highest-temperature-in-shanghai-on-june-10-2026,Highest temperature in Shanghai on June 10?,2026-06-08T04:26:36Z,2026-06-10T12:00:00Z,4,27°C,0xdf893641b3da75d542e9816e3e50650ff9a57395826fd717e855bd5eec447ed5,70515615079914594072283762648675090779952114797105930464607795042963547323371,YES,depth_imbalance_1,book,wall_60s,wall_clock_seconds,60,last_24h,203951,0.15761852314181823,0.5934701330319103,0.5488720329883158,60.438
highest-temperature-in-shanghai-on-june-10-2026,Highest temperature in Shanghai on June 10?,2026-06-08T04:26:36Z,2026-06-10T12:00:00Z,4,27°C,0xdf893641b3da75d542e9816e3e50650ff9a57395826fd717e855bd5eec447ed5,70515615079914594072283762648675090779952114797105930464607795042963547323371,YES,depth_imbalance_3,book,wall_60s,wall_clock_seconds,60,early_gt_24h,130192,0.07953741635551785,0.5527112417340191,0.7386552169104093,60.703
highest-temperature-in-shanghai-on-june-10-2026,Highest temperature in Shanghai on June 10?,2026-06-08T04:26:36Z,2026-06-10T12:00:00Z,4,27°C,0xdf893641b3da75d542e9816e3e50650ff9a57395826fd717e855bd5eec447ed5,70515615079914594072283762648675090779952114797105930464607795042963547323371,YES,depth_imbalance_3,book,wall_60s,wall_clock_seconds,60,last_24h,203951,0.1407757147730566,0.5706025562994522,0.5488720329883158,60.438
highest-temperature-in-shanghai-on-june-10-2026,Highest temperature in Shanghai on June 10?,2026-06-08T04:26:36Z,2026-06-10T12:00:00Z,4,27°C,0xdf893641b3da75d542e9816e3e50650ff9a57395826fd717e855bd5eec447ed5,70515615079914594072283762648675090779952114797105930464607795042963547323371,YES,depth_imbalance_5,book,wall_60s,wall_clock_seconds,60,early_gt_24h,130192,0.08769224168280691,0.5677590007347538,0.7386552169104093,60.703
highest-temperature-in-shanghai-on-june-10-2026,Highest temperature in Shanghai on June 10?,2026-06-08T04:26:36Z,2026-06-10T12:00:00Z,4,27°C,0xdf893641b3da75d542e9816e3e50650ff9a57395826fd717e855bd5eec447ed5,70515615079914594072283762648675090779952114797105930464607795042963547323371,YES,depth_imbalance_5,book,wall_60s,wall_clock_seconds,60,last_24h,203951,0.12693009496195162,0.5667659333970959,0.5488720329883158,60.438
highest-temperature-in-shanghai-on-june-10-2026,Highest temperature in Shanghai on June 10?,2026-06-08T04:26:36Z,2026-06-10T12:00:00Z,4,27°C,0xdf893641b3da75d542e9816e3e50650ff9a57395826fd717e855bd5eec447ed5,70515615079914594072283762648675090779952114797105930464607795042963547323371,YES,microprice_minus_mid,book,wall_60s,wall_clock_seconds,60,early_gt_24h,130192,0.1518262998879208,0.5956208670095517,0.7386552169104093,60.703
highest-temperature-in-shanghai-on-june-10-2026,Highest temperature in Shanghai on June 10?,2026-06-08T04:26:36Z,2026-06-10T12:00:00Z,4,27°C,0xdf893641b3da75d542e9816e3e50650ff9a57395826fd717e855bd5eec447ed5,70515615079914594072283762648675090779952114797105930464607795042963547323371,YES,microprice_minus_mid,book,wall_60s,wall_clock_seconds,60,last_24h,203951,0.15707591347980712,0.5881988522737154,0.5488720329883158,60.438
highest-temperature-in-shanghai-on-june-10-2026,Highest temperature in Shanghai on June 10?,2026-06-08T04:26:36Z,2026-06-10T12:00:00Z,4,27°C,0xdf893641b3da75d542e9816e3e50650ff9a57395826fd717e855bd5eec447ed5,70515615079914594072283762648675090779952114797105930464607795042963547323371,YES,ofi_30s,flow_clock_sensitive,wall_60s,wall_clock_seconds,60,early_gt_24h,130192,0.02015377387147995,0.5100955180014695,0.7386552169104093,60.703
highest-temperature-in-shanghai-on-june-10-2026,Highest temperature in Shanghai on June 10?,2026-06-08T04:26:36Z,2026-06-10T12:00:00Z,4,27°C,0xdf893641b3da75d542e9816e3e50650ff9a57395826fd717e855bd5eec447ed5,70515615079914594072283762648675090779952114797105930464607795042963547323371,YES,ofi_30s,flow_clock_sensitive,wall_60s,wall_clock_seconds,60,last_24h,203951,0.014153263967482269,0.5060646900269542,0.5488720329883158,60.438
highest-temperature-in-shanghai-on-june-10-2026,Highest temperature in Shanghai on June 10?,2026-06-08T04:26:36Z,2026-06-10T12:00:00Z,4,27°C,0xdf893641b3da75d542e9816e3e50650ff9a57395826fd717e855bd5eec447ed5,70515615079914594072283762648675090779952114797105930464607795042963547323371,YES,trade_pressure_30s,flow_clock_sensitive,wall_60s,wall_clock_seconds,60,early_gt_24h,130192,0.0632399023575614,0.4990154298310066,0.7386552169104093,60.703
highest-temperature-in-shanghai-on-june-10-2026,Highest temperature in Shanghai on June 10?,2026-06-08T04:26:36Z,2026-06-10T12:00:00Z,4,27°C,0xdf893641b3da75d542e9816e3e50650ff9a57395826fd717e855bd5eec447ed5,70515615079914594072283762648675090779952114797105930464607795042963547323371,YES,trade_pressure_30s,flow_clock_sensitive,wall_60s,wall_clock_seconds,60,last_24h,203951,0.059887511720870534,0.5357360229545257,0.5488720329883158,60.438
highest-temperature-in-shanghai-on-june-10-2026,Highest temperature in Shanghai on June 10?,2026-06-08T04:26:36Z,2026-06-10T12:00:00Z,4,27°C,0xdf893641b3da75d542e9816e3e50650ff9a57395826fd717e855bd5eec447ed5,70515615079914594072283762648675090779952114797105930464607795042963547323371,YES,depth_imbalance_1,book,wall_300s,wall_clock_seconds,300,early_gt_24h,129793,0.14643191718150056,0.5680238039123262,0.4769517616512447,300.827
highest-temperature-in-shanghai-on-june-10-2026,Highest temperature in Shanghai on June 10?,2026-06-08T04:26:36Z,2026-06-10T12:00:00Z,4,27°C,0xdf893641b3da75d542e9816e3e50650ff9a57395826fd717e855bd5eec447ed5,70515615079914594072283762648675090779952114797105930464607795042963547323371,YES,depth_imbalance_1,book,wall_300s,wall_clock_seconds,300,last_24h,199144,0.14768246854124042,0.5689638129129883,0.33961856746876634,300.479
highest-temperature-in-shanghai-on-june-10-2026,Highest temperature in Shanghai on June 10?,2026-06-08T04:26:36Z,2026-06-10T12:00:00Z,4,27°C,0xdf893641b3da75d542e9816e3e50650ff9a57395826fd717e855bd5eec447ed5,70515615079914594072283762648675090779952114797105930464607795042963547323371,YES,depth_imbalance_3,book,wall_300s,wall_clock_seconds,300,early_gt_24h,129793,0.07071522120534422,0.5194437897713882,0.4769517616512447,300.827
highest-temperature-in-shanghai-on-june-10-2026,Highest temperature in Shanghai on June 10?,2026-06-08T04:26:36Z,2026-06-10T12:00:00Z,4,27°C,0xdf893641b3da75d542e9816e3e50650ff9a57395826fd717e855bd5eec447ed5,70515615079914594072283762648675090779952114797105930464607795042963547323371,YES,depth_imbalance_3,book,wall_300s,wall_clock_seconds,300,last_24h,199144,0.1388590740404831,0.557542715058056,0.33961856746876634,300.479
highest-temperature-in-shanghai-on-june-10-2026,Highest temperature in Shanghai on June 10?,2026-06-08T04:26:36Z,2026-06-10T12:00:00Z,4,27°C,0xdf893641b3da75d542e9816e3e50650ff9a57395826fd717e855bd5eec447ed5,70515615079914594072283762648675090779952114797105930464607795042963547323371,YES,depth_imbalance_5,book,wall_300s,wall_clock_seconds,300,early_gt_24h,129793,0.08248213680166362,0.5427321470657553,0.4769517616512447,300.827
highest-temperature-in-shanghai-on-june-10-2026,Highest temperature in Shanghai on June 10?,2026-06-08T04:26:36Z,2026-06-10T12:00:00Z,4,27°C,0xdf893641b3da75d542e9816e3e50650ff9a57395826fd717e855bd5eec447ed5,70515615079914594072283762648675090779952114797105930464607795042963547323371,YES,depth_imbalance_5,book,wall_300s,wall_clock_seconds,300,last_24h,199144,0.14093581180359152,0.5667738820326816,0.33961856746876634,300.479
highest-temperature-in-shanghai-on-june-10-2026,Highest temperature in Shanghai on June 10?,2026-06-08T04:26:36Z,2026-06-10T12:00:00Z,4,27°C,0xdf893641b3da75d542e9816e3e50650ff9a57395826fd717e855bd5eec447ed5,70515615079914594072283762648675090779952114797105930464607795042963547323371,YES,microprice_minus_mid,book,wall_300s,wall_clock_seconds,300,early_gt_24h,129793,0.15503687516238185,0.5695115484327127,0.4769517616512447,300.827
highest-temperature-in-shanghai-on-june-10-2026,Highest temperature in Shanghai on June 10?,2026-06-08T04:26:36Z,2026-06-10T12:00:00Z,4,27°C,0xdf893641b3da75d542e9816e3e50650ff9a57395826fd717e855bd5eec447ed5,70515615079914594072283762648675090779952114797105930464607795042963547323371,YES,microprice_minus_mid,book,wall_300s,wall_clock_seconds,300,last_24h,199144,0.14539823356712844,0.5617704982853146,0.33961856746876634,300.479
highest-temperature-in-shanghai-on-june-10-2026,Highest temperature in Shanghai on June 10?,2026-06-08T04:26:36Z,2026-06-10T12:00:00Z,4,27°C,0xdf893641b3da75d542e9816e3e50650ff9a57395826fd717e855bd5eec447ed5,70515615079914594072283762648675090779952114797105930464607795042963547323371,YES,ofi_30s,flow_clock_sensitive,wall_300s,wall_clock_seconds,300,early_gt_24h,129793,0.03414545437418249,0.4944320056563752,0.4769517616512447,300.827
highest-temperature-in-shanghai-on-june-10-2026,Highest temperature in Shanghai on June 10?,2026-06-08T04:26:36Z,2026-06-10T12:00:00Z,4,27°C,0xdf893641b3da75d542e9816e3e50650ff9a57395826fd717e855bd5eec447ed5,70515615079914594072283762648675090779952114797105930464607795042963547323371,YES,ofi_30s,flow_clock_sensitive,wall_300s,wall_clock_seconds,300,last_24h,199144,0.03546800007882335,0.5110142877782087,0.33961856746876634,300.479
highest-temperature-in-shanghai-on-june-10-2026,Highest temperature in Shanghai on June 10?,2026-06-08T04:26:36Z,2026-06-10T12:00:00Z,4,27°C,0xdf893641b3da75d542e9816e3e50650ff9a57395826fd717e855bd5eec447ed5,70515615079914594072283762648675090779952114797105930464607795042963547323371,YES,trade_pressure_30s,flow_clock_sensitive,wall_300s,wall_clock_seconds,300,early_gt_24h,129793,0.014491889544402312,0.4870374734857412,0.4769517616512447,300.827
highest-temperature-in-shanghai-on-june-10-2026,Highest temperature in Shanghai on June 10?,2026-06-08T04:26:36Z,2026-06-10T12:00:00Z,4,27°C,0xdf893641b3da75d542e9816e3e50650ff9a57395826fd717e855bd5eec447ed5,70515615079914594072283762648675090779952114797105930464607795042963547323371,YES,trade_pressure_30s,flow_clock_sensitive,wall_300s,wall_clock_seconds,300,last_24h,199144,0.07408216559985087,0.528062291367262,0.33961856746876634,300.479
highest-temperature-in-shanghai-on-june-10-2026,Highest temperature in Shanghai on June 10?,2026-06-08T04:26:36Z,2026-06-10T12:00:00Z,4,27°C,0xdf893641b3da75d542e9816e3e50650ff9a57395826fd717e855bd5eec447ed5,70515615079914594072283762648675090779952114797105930464607795042963547323371,YES,depth_imbalance_1,book,wall_900s,wall_clock_seconds,900,early_gt_24h,129950,0.12292230644502532,0.5352982722452378,0.2700038476337053,900.879
highest-temperature-in-shanghai-on-june-10-2026,Highest temperature in Shanghai on June 10?,2026-06-08T04:26:36Z,2026-06-10T12:00:00Z,4,27°C,0xdf893641b3da75d542e9816e3e50650ff9a57395826fd717e855bd5eec447ed5,70515615079914594072283762648675090779952114797105930464607795042963547323371,YES,depth_imbalance_1,book,wall_900s,wall_clock_seconds,900,last_24h,195484,0.06836298555301437,0.5216103183387792,0.2281874731435821,900.523
highest-temperature-in-shanghai-on-june-10-2026,Highest temperature in Shanghai on June 10?,2026-06-08T04:26:36Z,2026-06-10T12:00:00Z,4,27°C,0xdf893641b3da75d542e9816e3e50650ff9a57395826fd717e855bd5eec447ed5,70515615079914594072283762648675090779952114797105930464607795042963547323371,YES,depth_imbalance_3,book,wall_900s,wall_clock_seconds,900,early_gt_24h,129950,0.10917627818118447,0.5175990639132222,0.2700038476337053,900.879
highest-temperature-in-shanghai-on-june-10-2026,Highest temperature in Shanghai on June 10?,2026-06-08T04:26:36Z,2026-06-10T12:00:00Z,4,27°C,0xdf893641b3da75d542e9816e3e50650ff9a57395826fd717e855bd5eec447ed5,70515615079914594072283762648675090779952114797105930464607795042963547323371,YES,depth_imbalance_3,book,wall_900s,wall_clock_seconds,900,last_24h,195484,0.09569525426251453,0.5330169608356475,0.2281874731435821,900.523
highest-temperature-in-shanghai-on-june-10-2026,Highest temperature in Shanghai on June 10?,2026-06-08T04:26:36Z,2026-06-10T12:00:00Z,4,27°C,0xdf893641b3da75d542e9816e3e50650ff9a57395826fd717e855bd5eec447ed5,70515615079914594072283762648675090779952114797105930464607795042963547323371,YES,depth_imbalance_5,book,wall_900s,wall_clock_seconds,900,early_gt_24h,129950,0.1191664723012683,0.5306916289807406,0.2700038476337053,900.879
highest-temperature-in-shanghai-on-june-10-2026,Highest temperature in Shanghai on June 10?,2026-06-08T04:26:36Z,2026-06-10T12:00:00Z,4,27°C,0xdf893641b3da75d542e9816e3e50650ff9a57395826fd717e855bd5eec447ed5,70515615079914594072283762648675090779952114797105930464607795042963547323371,YES,depth_imbalance_5,book,wall_900s,wall_clock_seconds,900,last_24h,195484,0.1275847640246463,0.5567714098238963,0.2281874731435821,900.523
highest-temperature-in-shanghai-on-june-10-2026,Highest temperature in Shanghai on June 10?,2026-06-08T04:26:36Z,2026-06-10T12:00:00Z,4,27°C,0xdf893641b3da75d542e9816e3e50650ff9a57395826fd717e855bd5eec447ed5,70515615079914594072283762648675090779952114797105930464607795042963547323371,YES,microprice_minus_mid,book,wall_900s,wall_clock_seconds,900,early_gt_24h,129950,0.10312820328913902,0.5294055638130778,0.2700038476337053,900.879
highest-temperature-in-shanghai-on-june-10-2026,Highest temperature in Shanghai on June 10?,2026-06-08T04:26:36Z,2026-06-10T12:00:00Z,4,27°C,0xdf893641b3da75d542e9816e3e50650ff9a57395826fd717e855bd5eec447ed5,70515615079914594072283762648675090779952114797105930464607795042963547323371,YES,microprice_minus_mid,book,wall_900s,wall_clock_seconds,900,last_24h,195484,0.030105309608536652,0.5076121608992755,0.2281874731435821,900.523
highest-temperature-in-shanghai-on-june-10-2026,Highest temperature in Shanghai on June 10?,2026-06-08T04:26:36Z,2026-06-10T12:00:00Z,4,27°C,0xdf893641b3da75d542e9816e3e50650ff9a57395826fd717e855bd5eec447ed5,70515615079914594072283762648675090779952114797105930464607795042963547323371,YES,ofi_30s,flow_clock_sensitive,wall_900s,wall_clock_seconds,900,early_gt_24h,129950,0.016419042377926008,0.47778375130451284,0.2700038476337053,900.879
highest-temperature-in-shanghai-on-june-10-2026,Highest temperature in Shanghai on June 10?,2026-06-08T04:26:36Z,2026-06-10T12:00:00Z,4,27°C,0xdf893641b3da75d542e9816e3e50650ff9a57395826fd717e855bd5eec447ed5,70515615079914594072283762648675090779952114797105930464607795042963547323371,YES,ofi_30s,flow_clock_sensitive,wall_900s,wall_clock_seconds,900,last_24h,195484,-0.01859714164597295,0.49285842109798045,0.2281874731435821,900.523
highest-temperature-in-shanghai-on-june-10-2026,Highest temperature in Shanghai on June 10?,2026-06-08T04:26:36Z,2026-06-10T12:00:00Z,4,27°C,0xdf893641b3da75d542e9816e3e50650ff9a57395826fd717e855bd5eec447ed5,70515615079914594072283762648675090779952114797105930464607795042963547323371,YES,trade_pressure_30s,flow_clock_sensitive,wall_900s,wall_clock_seconds,900,early_gt_24h,129950,-0.025087061391936383,0.4887890958540211,0.2700038476337053,900.879
highest-temperature-in-shanghai-on-june-10-2026,Highest temperature in Shanghai on June 10?,2026-06-08T04:26:36Z,2026-06-10T12:00:00Z,4,27°C,0xdf893641b3da75d542e9816e3e50650ff9a57395826fd717e855bd5eec447ed5,70515615079914594072283762648675090779952114797105930464607795042963547323371,YES,trade_pressure_30s,flow_clock_sensitive,wall_900s,wall_clock_seconds,900,last_24h,195484,0.02608410481630502,0.5367882447291502,0.2281874731435821,900.523
highest-temperature-in-shanghai-on-june-10-2026,Highest temperature in Shanghai on June 10?,2026-06-08T04:26:36Z,2026-06-10T12:00:00Z,4,27°C,0xdf893641b3da75d542e9816e3e50650ff9a57395826fd717e855bd5eec447ed5,70515615079914594072283762648675090779952114797105930464607795042963547323371,YES,depth_imbalance_1,book,valid_obs_10,valid_observation_steps,10,early_gt_24h,130364,0.09314305724257395,0.5866718027734977,0.8606056886870609,6.603
highest-temperature-in-shanghai-on-june-10-2026,Highest temperature in Shanghai on June 10?,2026-06-08T04:26:36Z,2026-06-10T12:00:00Z,4,27°C,0xdf893641b3da75d542e9816e3e50650ff9a57395826fd717e855bd5eec447ed5,70515615079914594072283762648675090779952114797105930464607795042963547323371,YES,depth_imbalance_1,book,valid_obs_10,valid_observation_steps,10,last_24h,206438,0.10844329983728887,0.6123100875073818,0.8195390383553416,4.855
highest-temperature-in-shanghai-on-june-10-2026,Highest temperature in Shanghai on June 10?,2026-06-08T04:26:36Z,2026-06-10T12:00:00Z,4,27°C,0xdf893641b3da75d542e9816e3e50650ff9a57395826fd717e855bd5eec447ed5,70515615079914594072283762648675090779952114797105930464607795042963547323371,YES,depth_imbalance_3,book,valid_obs_10,valid_observation_steps,10,early_gt_24h,130364,0.05166762113495915,0.5540942108738719,0.8606056886870609,6.603
highest-temperature-in-shanghai-on-june-10-2026,Highest temperature in Shanghai on June 10?,2026-06-08T04:26:36Z,2026-06-10T12:00:00Z,4,27°C,0xdf893641b3da75d542e9816e3e50650ff9a57395826fd717e855bd5eec447ed5,70515615079914594072283762648675090779952114797105930464607795042963547323371,YES,depth_imbalance_3,book,valid_obs_10,valid_observation_steps,10,last_24h,206438,0.0791044111644826,0.5800182530734954,0.8195390383553416,4.855
highest-temperature-in-shanghai-on-june-10-2026,Highest temperature in Shanghai on June 10?,2026-06-08T04:26:36Z,2026-06-10T12:00:00Z,4,27°C,0xdf893641b3da75d542e9816e3e50650ff9a57395826fd717e855bd5eec447ed5,70515615079914594072283762648675090779952114797105930464607795042963547323371,YES,depth_imbalance_5,book,valid_obs_10,valid_observation_steps,10,early_gt_24h,130364,0.05930168520003912,0.5666960158485582,0.8606056886870609,6.603
highest-temperature-in-shanghai-on-june-10-2026,Highest temperature in Shanghai on June 10?,2026-06-08T04:26:36Z,2026-06-10T12:00:00Z,4,27°C,0xdf893641b3da75d542e9816e3e50650ff9a57395826fd717e855bd5eec447ed5,70515615079914594072283762648675090779952114797105930464607795042963547323371,YES,depth_imbalance_5,book,valid_obs_10,valid_observation_steps,10,last_24h,206438,0.05848657923729001,0.548961185376067,0.8195390383553416,4.855
highest-temperature-in-shanghai-on-june-10-2026,Highest temperature in Shanghai on June 10?,2026-06-08T04:26:36Z,2026-06-10T12:00:00Z,4,27°C,0xdf893641b3da75d542e9816e3e50650ff9a57395826fd717e855bd5eec447ed5,70515615079914594072283762648675090779952114797105930464607795042963547323371,YES,microprice_minus_mid,book,valid_obs_10,valid_observation_steps,10,early_gt_24h,130364,0.10600358232840193,0.5889830508474576,0.8606056886870609,6.603
highest-temperature-in-shanghai-on-june-10-2026,Highest temperature in Shanghai on June 10?,2026-06-08T04:26:36Z,2026-06-10T12:00:00Z,4,27°C,0xdf893641b3da75d542e9816e3e50650ff9a57395826fd717e855bd5eec447ed5,70515615079914594072283762648675090779952114797105930464607795042963547323371,YES,microprice_minus_mid,book,valid_obs_10,valid_observation_steps,10,last_24h,206438,0.12512208852421391,0.6153164760831051,0.8195390383553416,4.855
highest-temperature-in-shanghai-on-june-10-2026,Highest temperature in Shanghai on June 10?,2026-06-08T04:26:36Z,2026-06-10T12:00:00Z,4,27°C,0xdf893641b3da75d542e9816e3e50650ff9a57395826fd717e855bd5eec447ed5,70515615079914594072283762648675090779952114797105930464607795042963547323371,YES,ofi_30s,flow_clock_sensitive,valid_obs_10,valid_observation_steps,10,early_gt_24h,130364,0.029100136115346936,0.5210213515298261,0.8606056886870609,6.603
highest-temperature-in-shanghai-on-june-10-2026,Highest temperature in Shanghai on June 10?,2026-06-08T04:26:36Z,2026-06-10T12:00:00Z,4,27°C,0xdf893641b3da75d542e9816e3e50650ff9a57395826fd717e855bd5eec447ed5,70515615079914594072283762648675090779952114797105930464607795042963547323371,YES,ofi_30s,flow_clock_sensitive,valid_obs_10,valid_observation_steps,10,last_24h,206438,0.03381218132380658,0.5245611209534546,0.8195390383553416,4.855
highest-temperature-in-shanghai-on-june-10-2026,Highest temperature in Shanghai on June 10?,2026-06-08T04:26:36Z,2026-06-10T12:00:00Z,4,27°C,0xdf893641b3da75d542e9816e3e50650ff9a57395826fd717e855bd5eec447ed5,70515615079914594072283762648675090779952114797105930464607795042963547323371,YES,trade_pressure_30s,flow_clock_sensitive,valid_obs_10,valid_observation_steps,10,early_gt_24h,130364,0.02383065511769082,0.50016508914814,0.8606056886870609,6.603
highest-temperature-in-shanghai-on-june-10-2026,Highest temperature in Shanghai on June 10?,2026-06-08T04:26:36Z,2026-06-10T12:00:00Z,4,27°C,0xdf893641b3da75d542e9816e3e50650ff9a57395826fd717e855bd5eec447ed5,70515615079914594072283762648675090779952114797105930464607795042963547323371,YES,trade_pressure_30s,flow_clock_sensitive,valid_obs_10,valid_observation_steps,10,last_24h,206438,0.03450542765167843,0.5217694744188544,0.8195390383553416,4.855
highest-temperature-in-shanghai-on-june-10-2026,Highest temperature in Shanghai on June 10?,2026-06-08T04:26:36Z,2026-06-10T12:00:00Z,4,27°C,0xdf893641b3da75d542e9816e3e50650ff9a57395826fd717e855bd5eec447ed5,70515615079914594072283762648675090779952114797105930464607795042963547323371,YES,depth_imbalance_1,book,valid_obs_50,valid_observation_steps,50,early_gt_24h,130364,0.11926780987890977,0.5766402873659988,0.7266576662268724,36.178
highest-temperature-in-shanghai-on-june-10-2026,Highest temperature in Shanghai on June 10?,2026-06-08T04:26:36Z,2026-06-10T12:00:00Z,4,27°C,0xdf893641b3da75d542e9816e3e50650ff9a57395826fd717e855bd5eec447ed5,70515615079914594072283762648675090779952114797105930464607795042963547323371,YES,depth_imbalance_1,book,valid_obs_50,valid_observation_steps,50,last_24h,206335,0.12150685563011787,0.5751266931418562,0.6375457387258584,26.98
highest-temperature-in-shanghai-on-june-10-2026,Highest temperature in Shanghai on June 10?,2026-06-08T04:26:36Z,2026-06-10T12:00:00Z,4,27°C,0xdf893641b3da75d542e9816e3e50650ff9a57395826fd717e855bd5eec447ed5,70515615079914594072283762648675090779952114797105930464607795042963547323371,YES,depth_imbalance_3,book,valid_obs_50,valid_observation_steps,50,early_gt_24h,130364,0.0809538650162169,0.5481281921760117,0.7266576662268724,36.178
highest-temperature-in-shanghai-on-june-10-2026,Highest temperature in Shanghai on June 10?,2026-06-08T04:26:36Z,2026-06-10T12:00:00Z,4,27°C,0xdf893641b3da75d542e9816e3e50650ff9a57395826fd717e855bd5eec447ed5,70515615079914594072283762648675090779952114797105930464607795042963547323371,YES,depth_imbalance_3,book,valid_obs_50,valid_observation_steps,50,last_24h,206335,0.1013086946862821,0.5530907778089775,0.6375457387258584,26.98
highest-temperature-in-shanghai-on-june-10-2026,Highest temperature in Shanghai on June 10?,2026-06-08T04:26:36Z,2026-06-10T12:00:00Z,4,27°C,0xdf893641b3da75d542e9816e3e50650ff9a57395826fd717e855bd5eec447ed5,70515615079914594072283762648675090779952114797105930464607795042963547323371,YES,depth_imbalance_5,book,valid_obs_50,valid_observation_steps,50,early_gt_24h,130364,0.09660331725054408,0.5749284391311669,0.7266576662268724,36.178
highest-temperature-in-shanghai-on-june-10-2026,Highest temperature in Shanghai on June 10?,2026-06-08T04:26:36Z,2026-06-10T12:00:00Z,4,27°C,0xdf893641b3da75d542e9816e3e50650ff9a57395826fd717e855bd5eec447ed5,70515615079914594072283762648675090779952114797105930464607795042963547323371,YES,depth_imbalance_5,book,valid_obs_50,valid_observation_steps,50,last_24h,206335,0.08245772238828294,0.540201912148158,0.6375457387258584,26.98
highest-temperature-in-shanghai-on-june-10-2026,Highest temperature in Shanghai on June 10?,2026-06-08T04:26:36Z,2026-06-10T12:00:00Z,4,27°C,0xdf893641b3da75d542e9816e3e50650ff9a57395826fd717e855bd5eec447ed5,70515615079914594072283762648675090779952114797105930464607795042963547323371,YES,microprice_minus_mid,book,valid_obs_50,valid_observation_steps,50,early_gt_24h,130364,0.12355637166995105,0.588286467980019,0.7266576662268724,36.178
highest-temperature-in-shanghai-on-june-10-2026,Highest temperature in Shanghai on June 10?,2026-06-08T04:26:36Z,2026-06-10T12:00:00Z,4,27°C,0xdf893641b3da75d542e9816e3e50650ff9a57395826fd717e855bd5eec447ed5,70515615079914594072283762648675090779952114797105930464607795042963547323371,YES,microprice_minus_mid,book,valid_obs_50,valid_observation_steps,50,last_24h,206335,0.12476648733617514,0.5801141909690187,0.6375457387258584,26.98
highest-temperature-in-shanghai-on-june-10-2026,Highest temperature in Shanghai on June 10?,2026-06-08T04:26:36Z,2026-06-10T12:00:00Z,4,27°C,0xdf893641b3da75d542e9816e3e50650ff9a57395826fd717e855bd5eec447ed5,70515615079914594072283762648675090779952114797105930464607795042963547323371,YES,ofi_30s,flow_clock_sensitive,valid_obs_50,valid_observation_steps,50,early_gt_24h,130364,0.029054411403127447,0.4982881517651681,0.7266576662268724,36.178
highest-temperature-in-shanghai-on-june-10-2026,Highest temperature in Shanghai on June 10?,2026-06-08T04:26:36Z,2026-06-10T12:00:00Z,4,27°C,0xdf893641b3da75d542e9816e3e50650ff9a57395826fd717e855bd5eec447ed5,70515615079914594072283762648675090779952114797105930464607795042963547323371,YES,ofi_30s,flow_clock_sensitive,valid_obs_50,valid_observation_steps,50,last_24h,206335,0.031385800788901366,0.518432347867945,0.6375457387258584,26.98
highest-temperature-in-shanghai-on-june-10-2026,Highest temperature in Shanghai on June 10?,2026-06-08T04:26:36Z,2026-06-10T12:00:00Z,4,27°C,0xdf893641b3da75d542e9816e3e50650ff9a57395826fd717e855bd5eec447ed5,70515615079914594072283762648675090779952114797105930464607795042963547323371,YES,trade_pressure_30s,flow_clock_sensitive,valid_obs_50,valid_observation_steps,50,early_gt_24h,130364,0.034984701041181614,0.47463097042150754,0.7266576662268724,36.178
highest-temperature-in-shanghai-on-june-10-2026,Highest temperature in Shanghai on June 10?,2026-06-08T04:26:36Z,2026-06-10T12:00:00Z,4,27°C,0xdf893641b3da75d542e9816e3e50650ff9a57395826fd717e855bd5eec447ed5,70515615079914594072283762648675090779952114797105930464607795042963547323371,YES,trade_pressure_30s,flow_clock_sensitive,valid_obs_50,valid_observation_steps,50,last_24h,206335,0.06394475618904287,0.5340099215104229,0.6375457387258584,26.98
highest-temperature-in-shanghai-on-june-10-2026,Highest temperature in Shanghai on June 10?,2026-06-08T04:26:36Z,2026-06-10T12:00:00Z,4,27°C,0xdf893641b3da75d542e9816e3e50650ff9a57395826fd717e855bd5eec447ed5,70515615079914594072283762648675090779952114797105930464607795042963547323371,YES,depth_imbalance_1,book,valid_obs_200,valid_observation_steps,200,early_gt_24h,130364,0.13104885026863222,0.5645893256631511,0.519959498020926,156.607
highest-temperature-in-shanghai-on-june-10-2026,Highest temperature in Shanghai on June 10?,2026-06-08T04:26:36Z,2026-06-10T12:00:00Z,4,27°C,0xdf893641b3da75d542e9816e3e50650ff9a57395826fd717e855bd5eec447ed5,70515615079914594072283762648675090779952114797105930464607795042963547323371,YES,depth_imbalance_1,book,valid_obs_200,valid_observation_steps,200,last_24h,206041,0.17042023725359376,0.590967300540313,0.4466732349386773,114.903
highest-temperature-in-shanghai-on-june-10-2026,Highest temperature in Shanghai on June 10?,2026-06-08T04:26:36Z,2026-06-10T12:00:00Z,4,27°C,0xdf893641b3da75d542e9816e3e50650ff9a57395826fd717e855bd5eec447ed5,70515615079914594072283762648675090779952114797105930464607795042963547323371,YES,depth_imbalance_3,book,valid_obs_200,valid_observation_steps,200,early_gt_24h,130364,0.09639917847041121,0.5268616171300735,0.519959498020926,156.607
highest-temperature-in-shanghai-on-june-10-2026,Highest temperature in Shanghai on June 10?,2026-06-08T04:26:36Z,2026-06-10T12:00:00Z,4,27°C,0xdf893641b3da75d542e9816e3e50650ff9a57395826fd717e855bd5eec447ed5,70515615079914594072283762648675090779952114797105930464607795042963547323371,YES,depth_imbalance_3,book,valid_obs_200,valid_observation_steps,200,last_24h,206041,0.15020289073086343,0.5643814469160059,0.4466732349386773,114.903
highest-temperature-in-shanghai-on-june-10-2026,Highest temperature in Shanghai on June 10?,2026-06-08T04:26:36Z,2026-06-10T12:00:00Z,4,27°C,0xdf893641b3da75d542e9816e3e50650ff9a57395826fd717e855bd5eec447ed5,70515615079914594072283762648675090779952114797105930464607795042963547323371,YES,depth_imbalance_5,book,valid_obs_200,valid_observation_steps,200,early_gt_24h,130364,0.1390042973183193,0.5768616171300736,0.519959498020926,156.607
highest-temperature-in-shanghai-on-june-10-2026,Highest temperature in Shanghai on June 10?,2026-06-08T04:26:36Z,2026-06-10T12:00:00Z,4,27°C,0xdf893641b3da75d542e9816e3e50650ff9a57395826fd717e855bd5eec447ed5,70515615079914594072283762648675090779952114797105930464607795042963547323371,YES,depth_imbalance_5,book,valid_obs_200,valid_observation_steps,200,last_24h,206041,0.13643532751355475,0.5663462213178022,0.4466732349386773,114.903
highest-temperature-in-shanghai-on-june-10-2026,Highest temperature in Shanghai on June 10?,2026-06-08T04:26:36Z,2026-06-10T12:00:00Z,4,27°C,0xdf893641b3da75d542e9816e3e50650ff9a57395826fd717e855bd5eec447ed5,70515615079914594072283762648675090779952114797105930464607795042963547323371,YES,microprice_minus_mid,book,valid_obs_200,valid_observation_steps,200,early_gt_24h,130364,0.11151372797542368,0.5642697347395333,0.519959498020926,156.607
highest-temperature-in-shanghai-on-june-10-2026,Highest temperature in Shanghai on June 10?,2026-06-08T04:26:36Z,2026-06-10T12:00:00Z,4,27°C,0xdf893641b3da75d542e9816e3e50650ff9a57395826fd717e855bd5eec447ed5,70515615079914594072283762648675090779952114797105930464607795042963547323371,YES,microprice_minus_mid,book,valid_obs_200,valid_observation_steps,200,last_24h,206041,0.15906536331761195,0.5827134937899094,0.4466732349386773,114.903
highest-temperature-in-shanghai-on-june-10-2026,Highest temperature in Shanghai on June 10?,2026-06-08T04:26:36Z,2026-06-10T12:00:00Z,4,27°C,0xdf893641b3da75d542e9816e3e50650ff9a57395826fd717e855bd5eec447ed5,70515615079914594072283762648675090779952114797105930464607795042963547323371,YES,ofi_30s,flow_clock_sensitive,valid_obs_200,valid_observation_steps,200,early_gt_24h,130364,0.018696229092828115,0.5036912751677852,0.519959498020926,156.607
highest-temperature-in-shanghai-on-june-10-2026,Highest temperature in Shanghai on June 10?,2026-06-08T04:26:36Z,2026-06-10T12:00:00Z,4,27°C,0xdf893641b3da75d542e9816e3e50650ff9a57395826fd717e855bd5eec447ed5,70515615079914594072283762648675090779952114797105930464607795042963547323371,YES,ofi_30s,flow_clock_sensitive,valid_obs_200,valid_observation_steps,200,last_24h,206041,0.018662543035254428,0.5062451757771385,0.4466732349386773,114.903
highest-temperature-in-shanghai-on-june-10-2026,Highest temperature in Shanghai on June 10?,2026-06-08T04:26:36Z,2026-06-10T12:00:00Z,4,27°C,0xdf893641b3da75d542e9816e3e50650ff9a57395826fd717e855bd5eec447ed5,70515615079914594072283762648675090779952114797105930464607795042963547323371,YES,trade_pressure_30s,flow_clock_sensitive,valid_obs_200,valid_observation_steps,200,early_gt_24h,130364,0.04022739912017005,0.4819750719079578,0.519959498020926,156.607
highest-temperature-in-shanghai-on-june-10-2026,Highest temperature in Shanghai on June 10?,2026-06-08T04:26:36Z,2026-06-10T12:00:00Z,4,27°C,0xdf893641b3da75d542e9816e3e50650ff9a57395826fd717e855bd5eec447ed5,70515615079914594072283762648675090779952114797105930464607795042963547323371,YES,trade_pressure_30s,flow_clock_sensitive,valid_obs_200,valid_observation_steps,200,last_24h,206041,0.07770182857195,0.5340853273454494,0.4466732349386773,114.903
highest-temperature-in-shanghai-on-june-10-2026,Highest temperature in Shanghai on June 10?,2026-06-08T04:26:36Z,2026-06-10T12:00:00Z,5,28°C,0x9fe8b4b759767560042e24c382fb7fc9be3da3235298edd0065ece2888659184,79468022192238370215968228824413698994937653291968216025900787429247470618594,YES,depth_imbalance_1,book,wall_60s,wall_clock_seconds,60,early_gt_24h,110969,0.11822186411918434,0.5945449861531525,0.7201560796258415,61.097
highest-temperature-in-shanghai-on-june-10-2026,Highest temperature in Shanghai on June 10?,2026-06-08T04:26:36Z,2026-06-10T12:00:00Z,5,28°C,0x9fe8b4b759767560042e24c382fb7fc9be3da3235298edd0065ece2888659184,79468022192238370215968228824413698994937653291968216025900787429247470618594,YES,depth_imbalance_1,book,wall_60s,wall_clock_seconds,60,last_24h,164022,0.2043833993280631,0.6351274087123143,0.6054614624867396,60.497
highest-temperature-in-shanghai-on-june-10-2026,Highest temperature in Shanghai on June 10?,2026-06-08T04:26:36Z,2026-06-10T12:00:00Z,5,28°C,0x9fe8b4b759767560042e24c382fb7fc9be3da3235298edd0065ece2888659184,79468022192238370215968228824413698994937653291968216025900787429247470618594,YES,depth_imbalance_1,book,wall_60s,wall_clock_seconds,60,last_6h,72604,0.05542330045440371,0.5198492542556928,0.5687427689934439,60.19
highest-temperature-in-shanghai-on-june-10-2026,Highest temperature in Shanghai on June 10?,2026-06-08T04:26:36Z,2026-06-10T12:00:00Z,5,28°C,0x9fe8b4b759767560042e24c382fb7fc9be3da3235298edd0065ece2888659184,79468022192238370215968228824413698994937653291968216025900787429247470618594,YES,depth_imbalance_3,book,wall_60s,wall_clock_seconds,60,early_gt_24h,110969,0.10180425483866627,0.5643073356089393,0.7201560796258415,61.097
highest-temperature-in-shanghai-on-june-10-2026,Highest temperature in Shanghai on June 10?,2026-06-08T04:26:36Z,2026-06-10T12:00:00Z,5,28°C,0x9fe8b4b759767560042e24c382fb7fc9be3da3235298edd0065ece2888659184,79468022192238370215968228824413698994937653291968216025900787429247470618594,YES,depth_imbalance_3,book,wall_60s,wall_clock_seconds,60,last_24h,164022,0.08506700697690524,0.5468143958709997,0.6054614624867396,60.497
highest-temperature-in-shanghai-on-june-10-2026,Highest temperature in Shanghai on June 10?,2026-06-08T04:26:36Z,2026-06-10T12:00:00Z,5,28°C,0x9fe8b4b759767560042e24c382fb7fc9be3da3235298edd0065ece2888659184,79468022192238370215968228824413698994937653291968216025900787429247470618594,YES,depth_imbalance_3,book,wall_60s,wall_clock_seconds,60,last_6h,72604,-0.0518033182717675,0.4722302066366453,0.5687427689934439,60.19
highest-temperature-in-shanghai-on-june-10-2026,Highest temperature in Shanghai on June 10?,2026-06-08T04:26:36Z,2026-06-10T12:00:00Z,5,28°C,0x9fe8b4b759767560042e24c382fb7fc9be3da3235298edd0065ece2888659184,79468022192238370215968228824413698994937653291968216025900787429247470618594,YES,depth_imbalance_5,book,wall_60s,wall_clock_seconds,60,early_gt_24h,110969,0.08749715010520795,0.576318670702647,0.7201560796258415,61.097
highest-temperature-in-shanghai-on-june-10-2026,Highest temperature in Shanghai on June 10?,2026-06-08T04:26:36Z,2026-06-10T12:00:00Z,5,28°C,0x9fe8b4b759767560042e24c382fb7fc9be3da3235298edd0065ece2888659184,79468022192238370215968228824413698994937653291968216025900787429247470618594,YES,depth_imbalance_5,book,wall_60s,wall_clock_seconds,60,last_24h,164022,0.08966385014004052,0.555097121134857,0.6054614624867396,60.497
highest-temperature-in-shanghai-on-june-10-2026,Highest temperature in Shanghai on June 10?,2026-06-08T04:26:36Z,2026-06-10T12:00:00Z,5,28°C,0x9fe8b4b759767560042e24c382fb7fc9be3da3235298edd0065ece2888659184,79468022192238370215968228824413698994937653291968216025900787429247470618594,YES,depth_imbalance_5,book,wall_60s,wall_clock_seconds,60,last_6h,72604,-0.10330131801607861,0.4098240235061161,0.5687427689934439,60.19
highest-temperature-in-shanghai-on-june-10-2026,Highest temperature in Shanghai on June 10?,2026-06-08T04:26:36Z,2026-06-10T12:00:00Z,5,28°C,0x9fe8b4b759767560042e24c382fb7fc9be3da3235298edd0065ece2888659184,79468022192238370215968228824413698994937653291968216025900787429247470618594,YES,microprice_minus_mid,book,wall_60s,wall_clock_seconds,60,early_gt_24h,110969,0.11827584897269666,0.5929670895858826,0.7201560796258415,61.097
highest-temperature-in-shanghai-on-june-10-2026,Highest temperature in Shanghai on June 10?,2026-06-08T04:26:36Z,2026-06-10T12:00:00Z,5,28°C,0x9fe8b4b759767560042e24c382fb7fc9be3da3235298edd0065ece2888659184,79468022192238370215968228824413698994937653291968216025900787429247470618594,YES,microprice_minus_mid,book,wall_60s,wall_clock_seconds,60,last_24h,164022,0.1870385632170279,0.6196127516882234,0.6054614624867396,60.497
highest-temperature-in-shanghai-on-june-10-2026,Highest temperature in Shanghai on June 10?,2026-06-08T04:26:36Z,2026-06-10T12:00:00Z,5,28°C,0x9fe8b4b759767560042e24c382fb7fc9be3da3235298edd0065ece2888659184,79468022192238370215968228824413698994937653291968216025900787429247470618594,YES,microprice_minus_mid,book,wall_60s,wall_clock_seconds,60,last_6h,72604,0.011406649352178487,0.5075851937018939,0.5687427689934439,60.19
highest-temperature-in-shanghai-on-june-10-2026,Highest temperature in Shanghai on June 10?,2026-06-08T04:26:36Z,2026-06-10T12:00:00Z,5,28°C,0x9fe8b4b759767560042e24c382fb7fc9be3da3235298edd0065ece2888659184,79468022192238370215968228824413698994937653291968216025900787429247470618594,YES,ofi_30s,flow_clock_sensitive,wall_60s,wall_clock_seconds,60,early_gt_24h,110969,0.08186037222647746,0.5356797836027565,0.7201560796258415,61.097
highest-temperature-in-shanghai-on-june-10-2026,Highest temperature in Shanghai on June 10?,2026-06-08T04:26:36Z,2026-06-10T12:00:00Z,5,28°C,0x9fe8b4b759767560042e24c382fb7fc9be3da3235298edd0065ece2888659184,79468022192238370215968228824413698994937653291968216025900787429247470618594,YES,ofi_30s,flow_clock_sensitive,wall_60s,wall_clock_seconds,60,last_24h,164022,0.06773742408872317,0.5465826031863767,0.6054614624867396,60.497
highest-temperature-in-shanghai-on-june-10-2026,Highest temperature in Shanghai on June 10?,2026-06-08T04:26:36Z,2026-06-10T12:00:00Z,5,28°C,0x9fe8b4b759767560042e24c382fb7fc9be3da3235298edd0065ece2888659184,79468022192238370215968228824413698994937653291968216025900787429247470618594,YES,ofi_30s,flow_clock_sensitive,wall_60s,wall_clock_seconds,60,last_6h,72604,0.033052942796248576,0.5189549998403117,0.5687427689934439,60.19
highest-temperature-in-shanghai-on-june-10-2026,Highest temperature in Shanghai on June 10?,2026-06-08T04:26:36Z,2026-06-10T12:00:00Z,5,28°C,0x9fe8b4b759767560042e24c382fb7fc9be3da3235298edd0065ece2888659184,79468022192238370215968228824413698994937653291968216025900787429247470618594,YES,trade_pressure_30s,flow_clock_sensitive,wall_60s,wall_clock_seconds,60,early_gt_24h,110969,-0.022487819305287295,0.43817221613962776,0.7201560796258415,61.097
highest-temperature-in-shanghai-on-june-10-2026,Highest temperature in Shanghai on June 10?,2026-06-08T04:26:36Z,2026-06-10T12:00:00Z,5,28°C,0x9fe8b4b759767560042e24c382fb7fc9be3da3235298edd0065ece2888659184,79468022192238370215968228824413698994937653291968216025900787429247470618594,YES,trade_pressure_30s,flow_clock_sensitive,wall_60s,wall_clock_seconds,60,last_24h,164022,0.054852430014637694,0.4966081003816853,0.6054614624867396,60.497
highest-temperature-in-shanghai-on-june-10-2026,Highest temperature in Shanghai on June 10?,2026-06-08T04:26:36Z,2026-06-10T12:00:00Z,5,28°C,0x9fe8b4b759767560042e24c382fb7fc9be3da3235298edd0065ece2888659184,79468022192238370215968228824413698994937653291968216025900787429247470618594,YES,trade_pressure_30s,flow_clock_sensitive,wall_60s,wall_clock_seconds,60,last_6h,72604,0.04394052482180316,0.4605090862636134,0.5687427689934439,60.19
highest-temperature-in-shanghai-on-june-10-2026,Highest temperature in Shanghai on June 10?,2026-06-08T04:26:36Z,2026-06-10T12:00:00Z,5,28°C,0x9fe8b4b759767560042e24c382fb7fc9be3da3235298edd0065ece2888659184,79468022192238370215968228824413698994937653291968216025900787429247470618594,YES,depth_imbalance_1,book,wall_300s,wall_clock_seconds,300,early_gt_24h,111175,0.10134903985401532,0.549256168359942,0.5042050820778052,301.361
highest-temperature-in-shanghai-on-june-10-2026,Highest temperature in Shanghai on June 10?,2026-06-08T04:26:36Z,2026-06-10T12:00:00Z,5,28°C,0x9fe8b4b759767560042e24c382fb7fc9be3da3235298edd0065ece2888659184,79468022192238370215968228824413698994937653291968216025900787429247470618594,YES,depth_imbalance_1,book,wall_300s,wall_clock_seconds,300,last_24h,162802,0.2062477557484376,0.60473259762309,0.30536479895824375,300.562
highest-temperature-in-shanghai-on-june-10-2026,Highest temperature in Shanghai on June 10?,2026-06-08T04:26:36Z,2026-06-10T12:00:00Z,5,28°C,0x9fe8b4b759767560042e24c382fb7fc9be3da3235298edd0065ece2888659184,79468022192238370215968228824413698994937653291968216025900787429247470618594,YES,depth_imbalance_1,book,wall_300s,wall_clock_seconds,300,last_6h,71618,-0.021459083485141753,0.5057436409689272,0.2172079644782038,300.202
highest-temperature-in-shanghai-on-june-10-2026,Highest temperature in Shanghai on June 10?,2026-06-08T04:26:36Z,2026-06-10T12:00:00Z,5,28°C,0x9fe8b4b759767560042e24c382fb7fc9be3da3235298edd0065ece2888659184,79468022192238370215968228824413698994937653291968216025900787429247470618594,YES,depth_imbalance_3,book,wall_300s,wall_clock_seconds,300,early_gt_24h,111175,0.15748302960821173,0.584234397677794,0.5042050820778052,301.361
highest-temperature-in-shanghai-on-june-10-2026,Highest temperature in Shanghai on June 10?,2026-06-08T04:26:36Z,2026-06-10T12:00:00Z,5,28°C,0x9fe8b4b759767560042e24c382fb7fc9be3da3235298edd0065ece2888659184,79468022192238370215968228824413698994937653291968216025900787429247470618594,YES,depth_imbalance_3,book,wall_300s,wall_clock_seconds,300,last_24h,162802,0.1304137397318506,0.5523132427843803,0.30536479895824375,300.562
highest-temperature-in-shanghai-on-june-10-2026,Highest temperature in Shanghai on June 10?,2026-06-08T04:26:36Z,2026-06-10T12:00:00Z,5,28°C,0x9fe8b4b759767560042e24c382fb7fc9be3da3235298edd0065ece2888659184,79468022192238370215968228824413698994937653291968216025900787429247470618594,YES,depth_imbalance_3,book,wall_300s,wall_clock_seconds,300,last_6h,71618,-0.0965064986515919,0.484873889622204,0.2172079644782038,300.202
highest-temperature-in-shanghai-on-june-10-2026,Highest temperature in Shanghai on June 10?,2026-06-08T04:26:36Z,2026-06-10T12:00:00Z,5,28°C,0x9fe8b4b759767560042e24c382fb7fc9be3da3235298edd0065ece2888659184,79468022192238370215968228824413698994937653291968216025900787429247470618594,YES,depth_imbalance_5,book,wall_300s,wall_clock_seconds,300,early_gt_24h,111175,0.16307650487827025,0.5936139332365747,0.5042050820778052,301.361
highest-temperature-in-shanghai-on-june-10-2026,Highest temperature in Shanghai on June 10?,2026-06-08T04:26:36Z,2026-06-10T12:00:00Z,5,28°C,0x9fe8b4b759767560042e24c382fb7fc9be3da3235298edd0065ece2888659184,79468022192238370215968228824413698994937653291968216025900787429247470618594,YES,depth_imbalance_5,book,wall_300s,wall_clock_seconds,300,last_24h,162802,0.13653736476697467,0.5553904923599321,0.30536479895824375,300.562
highest-temperature-in-shanghai-on-june-10-2026,Highest temperature in Shanghai on June 10?,2026-06-08T04:26:36Z,2026-06-10T12:00:00Z,5,28°C,0x9fe8b4b759767560042e24c382fb7fc9be3da3235298edd0065ece2888659184,79468022192238370215968228824413698994937653291968216025900787429247470618594,YES,depth_imbalance_5,book,wall_300s,wall_clock_seconds,300,last_6h,71618,-0.08023426488593034,0.4759016802825443,0.2172079644782038,300.202
highest-temperature-in-shanghai-on-june-10-2026,Highest temperature in Shanghai on June 10?,2026-06-08T04:26:36Z,2026-06-10T12:00:00Z,5,28°C,0x9fe8b4b759767560042e24c382fb7fc9be3da3235298edd0065ece2888659184,79468022192238370215968228824413698994937653291968216025900787429247470618594,YES,microprice_minus_mid,book,wall_300s,wall_clock_seconds,300,early_gt_24h,111175,0.09228792927618622,0.5506168359941945,0.5042050820778052,301.361
highest-temperature-in-shanghai-on-june-10-2026,Highest temperature in Shanghai on June 10?,2026-06-08T04:26:36Z,2026-06-10T12:00:00Z,5,28°C,0x9fe8b4b759767560042e24c382fb7fc9be3da3235298edd0065ece2888659184,79468022192238370215968228824413698994937653291968216025900787429247470618594,YES,microprice_minus_mid,book,wall_300s,wall_clock_seconds,300,last_24h,162802,0.18087267293568018,0.5945900537634409,0.30536479895824375,300.562
highest-temperature-in-shanghai-on-june-10-2026,Highest temperature in Shanghai on June 10?,2026-06-08T04:26:36Z,2026-06-10T12:00:00Z,5,28°C,0x9fe8b4b759767560042e24c382fb7fc9be3da3235298edd0065ece2888659184,79468022192238370215968228824413698994937653291968216025900787429247470618594,YES,microprice_minus_mid,book,wall_300s,wall_clock_seconds,300,last_6h,71618,-0.10202298208646048,0.5127894117227355,0.2172079644782038,300.202
highest-temperature-in-shanghai-on-june-10-2026,Highest temperature in Shanghai on June 10?,2026-06-08T04:26:36Z,2026-06-10T12:00:00Z,5,28°C,0x9fe8b4b759767560042e24c382fb7fc9be3da3235298edd0065ece2888659184,79468022192238370215968228824413698994937653291968216025900787429247470618594,YES,ofi_30s,flow_clock_sensitive,wall_300s,wall_clock_seconds,300,early_gt_24h,111175,0.0943823356695496,0.5020500725689405,0.5042050820778052,301.361
highest-temperature-in-shanghai-on-june-10-2026,Highest temperature in Shanghai on June 10?,2026-06-08T04:26:36Z,2026-06-10T12:00:00Z,5,28°C,0x9fe8b4b759767560042e24c382fb7fc9be3da3235298edd0065ece2888659184,79468022192238370215968228824413698994937653291968216025900787429247470618594,YES,ofi_30s,flow_clock_sensitive,wall_300s,wall_clock_seconds,300,last_24h,162802,0.07903838191752646,0.5367059281267685,0.30536479895824375,300.562
highest-temperature-in-shanghai-on-june-10-2026,Highest temperature in Shanghai on June 10?,2026-06-08T04:26:36Z,2026-06-10T12:00:00Z,5,28°C,0x9fe8b4b759767560042e24c382fb7fc9be3da3235298edd0065ece2888659184,79468022192238370215968228824413698994937653291968216025900787429247470618594,YES,ofi_30s,flow_clock_sensitive,wall_300s,wall_clock_seconds,300,last_6h,71618,-0.04444646523685588,0.4767222004209625,0.2172079644782038,300.202
highest-temperature-in-shanghai-on-june-10-2026,Highest temperature in Shanghai on June 10?,2026-06-08T04:26:36Z,2026-06-10T12:00:00Z,5,28°C,0x9fe8b4b759767560042e24c382fb7fc9be3da3235298edd0065ece2888659184,79468022192238370215968228824413698994937653291968216025900787429247470618594,YES,trade_pressure_30s,flow_clock_sensitive,wall_300s,wall_clock_seconds,300,early_gt_24h,111175,0.049199799518148894,0.4147314949201742,0.5042050820778052,301.361
highest-temperature-in-shanghai-on-june-10-2026,Highest temperature in Shanghai on June 10?,2026-06-08T04:26:36Z,2026-06-10T12:00:00Z,5,28°C,0x9fe8b4b759767560042e24c382fb7fc9be3da3235298edd0065ece2888659184,79468022192238370215968228824413698994937653291968216025900787429247470618594,YES,trade_pressure_30s,flow_clock_sensitive,wall_300s,wall_clock_seconds,300,last_24h,162802,0.10408559449099501,0.5051110639501981,0.30536479895824375,300.562
highest-temperature-in-shanghai-on-june-10-2026,Highest temperature in Shanghai on June 10?,2026-06-08T04:26:36Z,2026-06-10T12:00:00Z,5,28°C,0x9fe8b4b759767560042e24c382fb7fc9be3da3235298edd0065ece2888659184,79468022192238370215968228824413698994937653291968216025900787429247470618594,YES,trade_pressure_30s,flow_clock_sensitive,wall_300s,wall_clock_seconds,300,last_6h,71618,0.062280695277414484,0.4005208519139524,0.2172079644782038,300.202
highest-temperature-in-shanghai-on-june-10-2026,Highest temperature in Shanghai on June 10?,2026-06-08T04:26:36Z,2026-06-10T12:00:00Z,5,28°C,0x9fe8b4b759767560042e24c382fb7fc9be3da3235298edd0065ece2888659184,79468022192238370215968228824413698994937653291968216025900787429247470618594,YES,depth_imbalance_1,book,wall_900s,wall_clock_seconds,900,early_gt_24h,111015,0.036807154749331536,0.4862228218566758,0.30564338152501913,901.503
highest-temperature-in-shanghai-on-june-10-2026,Highest temperature in Shanghai on June 10?,2026-06-08T04:26:36Z,2026-06-10T12:00:00Z,5,28°C,0x9fe8b4b759767560042e24c382fb7fc9be3da3235298edd0065ece2888659184,79468022192238370215968228824413698994937653291968216025900787429247470618594,YES,depth_imbalance_1,book,wall_900s,wall_clock_seconds,900,last_24h,162304,0.16373562971150096,0.5641504883636802,0.1824723974763407,900.627
highest-temperature-in-shanghai-on-june-10-2026,Highest temperature in Shanghai on June 10?,2026-06-08T04:26:36Z,2026-06-10T12:00:00Z,5,28°C,0x9fe8b4b759767560042e24c382fb7fc9be3da3235298edd0065ece2888659184,79468022192238370215968228824413698994937653291968216025900787429247470618594,YES,depth_imbalance_1,book,wall_900s,wall_clock_seconds,900,last_6h,67280,-0.01201194354823113,0.49954191111468293,0.07528240190249703,900.197
highest-temperature-in-shanghai-on-june-10-2026,Highest temperature in Shanghai on June 10?,2026-06-08T04:26:36Z,2026-06-10T12:00:00Z,5,28°C,0x9fe8b4b759767560042e24c382fb7fc9be3da3235298edd0065ece2888659184,79468022192238370215968228824413698994937653291968216025900787429247470618594,YES,depth_imbalance_3,book,wall_900s,wall_clock_seconds,900,early_gt_24h,111015,0.16920193097638542,0.5599735353640185,0.30564338152501913,901.503
highest-temperature-in-shanghai-on-june-10-2026,Highest temperature in Shanghai on June 10?,2026-06-08T04:26:36Z,2026-06-10T12:00:00Z,5,28°C,0x9fe8b4b759767560042e24c382fb7fc9be3da3235298edd0065ece2888659184,79468022192238370215968228824413698994937653291968216025900787429247470618594,YES,depth_imbalance_3,book,wall_900s,wall_clock_seconds,900,last_24h,162304,0.05703893183819019,0.5236343904497769,0.1824723974763407,900.627
highest-temperature-in-shanghai-on-june-10-2026,Highest temperature in Shanghai on June 10?,2026-06-08T04:26:36Z,2026-06-10T12:00:00Z,5,28°C,0x9fe8b4b759767560042e24c382fb7fc9be3da3235298edd0065ece2888659184,79468022192238370215968228824413698994937653291968216025900787429247470618594,YES,depth_imbalance_3,book,wall_900s,wall_clock_seconds,900,last_6h,67280,0.053180727662982936,0.5747649280720084,0.07528240190249703,900.197
highest-temperature-in-shanghai-on-june-10-2026,Highest temperature in Shanghai on June 10?,2026-06-08T04:26:36Z,2026-06-10T12:00:00Z,5,28°C,0x9fe8b4b759767560042e24c382fb7fc9be3da3235298edd0065ece2888659184,79468022192238370215968228824413698994937653291968216025900787429247470618594,YES,depth_imbalance_5,book,wall_900s,wall_clock_seconds,900,early_gt_24h,111015,0.22344404725995337,0.5901354366664937,0.30564338152501913,901.503
highest-temperature-in-shanghai-on-june-10-2026,Highest temperature in Shanghai on June 10?,2026-06-08T04:26:36Z,2026-06-10T12:00:00Z,5,28°C,0x9fe8b4b759767560042e24c382fb7fc9be3da3235298edd0065ece2888659184,79468022192238370215968228824413698994937653291968216025900787429247470618594,YES,depth_imbalance_5,book,wall_900s,wall_clock_seconds,900,last_24h,162304,0.09313773361826976,0.5333338357651031,0.1824723974763407,900.627
highest-temperature-in-shanghai-on-june-10-2026,Highest temperature in Shanghai on June 10?,2026-06-08T04:26:36Z,2026-06-10T12:00:00Z,5,28°C,0x9fe8b4b759767560042e24c382fb7fc9be3da3235298edd0065ece2888659184,79468022192238370215968228824413698994937653291968216025900787429247470618594,YES,depth_imbalance_5,book,wall_900s,wall_clock_seconds,900,last_6h,67280,-0.06566452792422656,0.4654343807763401,0.07528240190249703,900.197
highest-temperature-in-shanghai-on-june-10-2026,Highest temperature in Shanghai on June 10?,2026-06-08T04:26:36Z,2026-06-10T12:00:00Z,5,28°C,0x9fe8b4b759767560042e24c382fb7fc9be3da3235298edd0065ece2888659184,79468022192238370215968228824413698994937653291968216025900787429247470618594,YES,microprice_minus_mid,book,wall_900s,wall_clock_seconds,900,early_gt_24h,111015,0.036137638004140285,0.48736443360489856,0.30564338152501913,901.503
highest-temperature-in-shanghai-on-june-10-2026,Highest temperature in Shanghai on June 10?,2026-06-08T04:26:36Z,2026-06-10T12:00:00Z,5,28°C,0x9fe8b4b759767560042e24c382fb7fc9be3da3235298edd0065ece2888659184,79468022192238370215968228824413698994937653291968216025900787429247470618594,YES,microprice_minus_mid,book,wall_900s,wall_clock_seconds,900,last_24h,162304,0.1466110524185824,0.5682427951284216,0.1824723974763407,900.627
highest-temperature-in-shanghai-on-june-10-2026,Highest temperature in Shanghai on June 10?,2026-06-08T04:26:36Z,2026-06-10T12:00:00Z,5,28°C,0x9fe8b4b759767560042e24c382fb7fc9be3da3235298edd0065ece2888659184,79468022192238370215968228824413698994937653291968216025900787429247470618594,YES,microprice_minus_mid,book,wall_900s,wall_clock_seconds,900,last_6h,67280,-0.09139203505867796,0.5041710198505184,0.07528240190249703,900.197
highest-temperature-in-shanghai-on-june-10-2026,Highest temperature in Shanghai on June 10?,2026-06-08T04:26:36Z,2026-06-10T12:00:00Z,5,28°C,0x9fe8b4b759767560042e24c382fb7fc9be3da3235298edd0065ece2888659184,79468022192238370215968228824413698994937653291968216025900787429247470618594,YES,ofi_30s,flow_clock_sensitive,wall_900s,wall_clock_seconds,900,early_gt_24h,111015,0.07437635422937289,0.4611722276996523,0.30564338152501913,901.503
highest-temperature-in-shanghai-on-june-10-2026,Highest temperature in Shanghai on June 10?,2026-06-08T04:26:36Z,2026-06-10T12:00:00Z,5,28°C,0x9fe8b4b759767560042e24c382fb7fc9be3da3235298edd0065ece2888659184,79468022192238370215968228824413698994937653291968216025900787429247470618594,YES,ofi_30s,flow_clock_sensitive,wall_900s,wall_clock_seconds,900,last_24h,162304,0.027556173874784953,0.517296213674183,0.1824723974763407,900.627
highest-temperature-in-shanghai-on-june-10-2026,Highest temperature in Shanghai on June 10?,2026-06-08T04:26:36Z,2026-06-10T12:00:00Z,5,28°C,0x9fe8b4b759767560042e24c382fb7fc9be3da3235298edd0065ece2888659184,79468022192238370215968228824413698994937653291968216025900787429247470618594,YES,ofi_30s,flow_clock_sensitive,wall_900s,wall_clock_seconds,900,last_6h,67280,-0.02469071568752836,0.5245358836293499,0.07528240190249703,900.197
highest-temperature-in-shanghai-on-june-10-2026,Highest temperature in Shanghai on June 10?,2026-06-08T04:26:36Z,2026-06-10T12:00:00Z,5,28°C,0x9fe8b4b759767560042e24c382fb7fc9be3da3235298edd0065ece2888659184,79468022192238370215968228824413698994937653291968216025900787429247470618594,YES,trade_pressure_30s,flow_clock_sensitive,wall_900s,wall_clock_seconds,900,early_gt_24h,111015,0.022754436993065324,0.3573115043329355,0.30564338152501913,901.503
highest-temperature-in-shanghai-on-june-10-2026,Highest temperature in Shanghai on June 10?,2026-06-08T04:26:36Z,2026-06-10T12:00:00Z,5,28°C,0x9fe8b4b759767560042e24c382fb7fc9be3da3235298edd0065ece2888659184,79468022192238370215968228824413698994937653291968216025900787429247470618594,YES,trade_pressure_30s,flow_clock_sensitive,wall_900s,wall_clock_seconds,900,last_24h,162304,0.07257154641249781,0.5032557578680815,0.1824723974763407,900.627
highest-temperature-in-shanghai-on-june-10-2026,Highest temperature in Shanghai on June 10?,2026-06-08T04:26:36Z,2026-06-10T12:00:00Z,5,28°C,0x9fe8b4b759767560042e24c382fb7fc9be3da3235298edd0065ece2888659184,79468022192238370215968228824413698994937653291968216025900787429247470618594,YES,trade_pressure_30s,flow_clock_sensitive,wall_900s,wall_clock_seconds,900,last_6h,67280,0.06520701791620338,0.3632403761150848,0.07528240190249703,900.197
highest-temperature-in-shanghai-on-june-10-2026,Highest temperature in Shanghai on June 10?,2026-06-08T04:26:36Z,2026-06-10T12:00:00Z,5,28°C,0x9fe8b4b759767560042e24c382fb7fc9be3da3235298edd0065ece2888659184,79468022192238370215968228824413698994937653291968216025900787429247470618594,YES,depth_imbalance_1,book,valid_obs_10,valid_observation_steps,10,early_gt_24h,111241,0.10279761967716972,0.5995650476774661,0.8382251148407511,8.64
highest-temperature-in-shanghai-on-june-10-2026,Highest temperature in Shanghai on June 10?,2026-06-08T04:26:36Z,2026-06-10T12:00:00Z,5,28°C,0x9fe8b4b759767560042e24c382fb7fc9be3da3235298edd0065ece2888659184,79468022192238370215968228824413698994937653291968216025900787429247470618594,YES,depth_imbalance_1,book,valid_obs_10,valid_observation_steps,10,last_24h,164879,0.09925942980716464,0.610634014052677,0.8523947864797822,5.181
highest-temperature-in-shanghai-on-june-10-2026,Highest temperature in Shanghai on June 10?,2026-06-08T04:26:36Z,2026-06-10T12:00:00Z,5,28°C,0x9fe8b4b759767560042e24c382fb7fc9be3da3235298edd0065ece2888659184,79468022192238370215968228824413698994937653291968216025900787429247470618594,YES,depth_imbalance_1,book,valid_obs_10,valid_observation_steps,10,last_6h,73541,0.09267604921221247,0.6200321617275443,0.8816170571517928,3.127
highest-temperature-in-shanghai-on-june-10-2026,Highest temperature in Shanghai on June 10?,2026-06-08T04:26:36Z,2026-06-10T12:00:00Z,5,28°C,0x9fe8b4b759767560042e24c382fb7fc9be3da3235298edd0065ece2888659184,79468022192238370215968228824413698994937653291968216025900787429247470618594,YES,depth_imbalance_3,book,valid_obs_10,valid_observation_steps,10,early_gt_24h,111241,0.08246931472367044,0.5824627695043343,0.8382251148407511,8.64
highest-temperature-in-shanghai-on-june-10-2026,Highest temperature in Shanghai on June 10?,2026-06-08T04:26:36Z,2026-06-10T12:00:00Z,5,28°C,0x9fe8b4b759767560042e24c382fb7fc9be3da3235298edd0065ece2888659184,79468022192238370215968228824413698994937653291968216025900787429247470618594,YES,depth_imbalance_3,book,valid_obs_10,valid_observation_steps,10,last_24h,164879,0.04824039077483527,0.557135226198792,0.8523947864797822,5.181
highest-temperature-in-shanghai-on-june-10-2026,Highest temperature in Shanghai on June 10?,2026-06-08T04:26:36Z,2026-06-10T12:00:00Z,5,28°C,0x9fe8b4b759767560042e24c382fb7fc9be3da3235298edd0065ece2888659184,79468022192238370215968228824413698994937653291968216025900787429247470618594,YES,depth_imbalance_3,book,valid_obs_10,valid_observation_steps,10,last_6h,73541,0.01908079005996305,0.5222834826556398,0.8816170571517928,3.127
highest-temperature-in-shanghai-on-june-10-2026,Highest temperature in Shanghai on June 10?,2026-06-08T04:26:36Z,2026-06-10T12:00:00Z,5,28°C,0x9fe8b4b759767560042e24c382fb7fc9be3da3235298edd0065ece2888659184,79468022192238370215968228824413698994937653291968216025900787429247470618594,YES,depth_imbalance_5,book,valid_obs_10,valid_observation_steps,10,early_gt_24h,111241,0.05999169560904862,0.558012891753723,0.8382251148407511,8.64
highest-temperature-in-shanghai-on-june-10-2026,Highest temperature in Shanghai on June 10?,2026-06-08T04:26:36Z,2026-06-10T12:00:00Z,5,28°C,0x9fe8b4b759767560042e24c382fb7fc9be3da3235298edd0065ece2888659184,79468022192238370215968228824413698994937653291968216025900787429247470618594,YES,depth_imbalance_5,book,valid_obs_10,valid_observation_steps,10,last_24h,164879,0.03730550350443386,0.5351111476352879,0.8523947864797822,5.181
highest-temperature-in-shanghai-on-june-10-2026,Highest temperature in Shanghai on June 10?,2026-06-08T04:26:36Z,2026-06-10T12:00:00Z,5,28°C,0x9fe8b4b759767560042e24c382fb7fc9be3da3235298edd0065ece2888659184,79468022192238370215968228824413698994937653291968216025900787429247470618594,YES,depth_imbalance_5,book,valid_obs_10,valid_observation_steps,10,last_6h,73541,-0.005473624254849037,0.4949460142430508,0.8816170571517928,3.127
highest-temperature-in-shanghai-on-june-10-2026,Highest temperature in Shanghai on June 10?,2026-06-08T04:26:36Z,2026-06-10T12:00:00Z,5,28°C,0x9fe8b4b759767560042e24c382fb7fc9be3da3235298edd0065ece2888659184,79468022192238370215968228824413698994937653291968216025900787429247470618594,YES,microprice_minus_mid,book,valid_obs_10,valid_observation_steps,10,early_gt_24h,111241,0.10627802635508088,0.5981884863302956,0.8382251148407511,8.64
highest-temperature-in-shanghai-on-june-10-2026,Highest temperature in Shanghai on June 10?,2026-06-08T04:26:36Z,2026-06-10T12:00:00Z,5,28°C,0x9fe8b4b759767560042e24c382fb7fc9be3da3235298edd0065ece2888659184,79468022192238370215968228824413698994937653291968216025900787429247470618594,YES,microprice_minus_mid,book,valid_obs_10,valid_observation_steps,10,last_24h,164879,0.10130500263495866,0.6057032501951761,0.8523947864797822,5.181
highest-temperature-in-shanghai-on-june-10-2026,Highest temperature in Shanghai on June 10?,2026-06-08T04:26:36Z,2026-06-10T12:00:00Z,5,28°C,0x9fe8b4b759767560042e24c382fb7fc9be3da3235298edd0065ece2888659184,79468022192238370215968228824413698994937653291968216025900787429247470618594,YES,microprice_minus_mid,book,valid_obs_10,valid_observation_steps,10,last_6h,73541,0.09417787629546716,0.6042958878934068,0.8816170571517928,3.127
highest-temperature-in-shanghai-on-june-10-2026,Highest temperature in Shanghai on June 10?,2026-06-08T04:26:36Z,2026-06-10T12:00:00Z,5,28°C,0x9fe8b4b759767560042e24c382fb7fc9be3da3235298edd0065ece2888659184,79468022192238370215968228824413698994937653291968216025900787429247470618594,YES,ofi_30s,flow_clock_sensitive,valid_obs_10,valid_observation_steps,10,early_gt_24h,111241,0.042738003278798675,0.5207268281840409,0.8382251148407511,8.64
highest-temperature-in-shanghai-on-june-10-2026,Highest temperature in Shanghai on June 10?,2026-06-08T04:26:36Z,2026-06-10T12:00:00Z,5,28°C,0x9fe8b4b759767560042e24c382fb7fc9be3da3235298edd0065ece2888659184,79468022192238370215968228824413698994937653291968216025900787429247470618594,YES,ofi_30s,flow_clock_sensitive,valid_obs_10,valid_observation_steps,10,last_24h,164879,0.0350684400799406,0.541192423059539,0.8523947864797822,5.181
highest-temperature-in-shanghai-on-june-10-2026,Highest temperature in Shanghai on June 10?,2026-06-08T04:26:36Z,2026-06-10T12:00:00Z,5,28°C,0x9fe8b4b759767560042e24c382fb7fc9be3da3235298edd0065ece2888659184,79468022192238370215968228824413698994937653291968216025900787429247470618594,YES,ofi_30s,flow_clock_sensitive,valid_obs_10,valid_observation_steps,10,last_6h,73541,0.051594700314330444,0.562141052147944,0.8816170571517928,3.127
highest-temperature-in-shanghai-on-june-10-2026,Highest temperature in Shanghai on June 10?,2026-06-08T04:26:36Z,2026-06-10T12:00:00Z,5,28°C,0x9fe8b4b759767560042e24c382fb7fc9be3da3235298edd0065ece2888659184,79468022192238370215968228824413698994937653291968216025900787429247470618594,YES,trade_pressure_30s,flow_clock_sensitive,valid_obs_10,valid_observation_steps,10,early_gt_24h,111241,0.03096941794703668,0.4771060235607913,0.8382251148407511,8.64
highest-temperature-in-shanghai-on-june-10-2026,Highest temperature in Shanghai on June 10?,2026-06-08T04:26:36Z,2026-06-10T12:00:00Z,5,28°C,0x9fe8b4b759767560042e24c382fb7fc9be3da3235298edd0065ece2888659184,79468022192238370215968228824413698994937653291968216025900787429247470618594,YES,trade_pressure_30s,flow_clock_sensitive,valid_obs_10,valid_observation_steps,10,last_24h,164879,0.04414018510989728,0.5084028434071578,0.8523947864797822,5.181
highest-temperature-in-shanghai-on-june-10-2026,Highest temperature in Shanghai on June 10?,2026-06-08T04:26:36Z,2026-06-10T12:00:00Z,5,28°C,0x9fe8b4b759767560042e24c382fb7fc9be3da3235298edd0065ece2888659184,79468022192238370215968228824413698994937653291968216025900787429247470618594,YES,trade_pressure_30s,flow_clock_sensitive,valid_obs_10,valid_observation_steps,10,last_6h,73541,0.031995374195662625,0.5047093958189754,0.8816170571517928,3.127
highest-temperature-in-shanghai-on-june-10-2026,Highest temperature in Shanghai on June 10?,2026-06-08T04:26:36Z,2026-06-10T12:00:00Z,5,28°C,0x9fe8b4b759767560042e24c382fb7fc9be3da3235298edd0065ece2888659184,79468022192238370215968228824413698994937653291968216025900787429247470618594,YES,depth_imbalance_1,book,valid_obs_50,valid_observation_steps,50,early_gt_24h,111241,0.11902385599832535,0.5934922229324567,0.704137862838342,51.446
highest-temperature-in-shanghai-on-june-10-2026,Highest temperature in Shanghai on June 10?,2026-06-08T04:26:36Z,2026-06-10T12:00:00Z,5,28°C,0x9fe8b4b759767560042e24c382fb7fc9be3da3235298edd0065ece2888659184,79468022192238370215968228824413698994937653291968216025900787429247470618594,YES,depth_imbalance_1,book,valid_obs_50,valid_observation_steps,50,last_24h,164879,0.15788242011828166,0.614096581008272,0.6971900605898871,29.76
highest-temperature-in-shanghai-on-june-10-2026,Highest temperature in Shanghai on June 10?,2026-06-08T04:26:36Z,2026-06-10T12:00:00Z,5,28°C,0x9fe8b4b759767560042e24c382fb7fc9be3da3235298edd0065ece2888659184,79468022192238370215968228824413698994937653291968216025900787429247470618594,YES,depth_imbalance_1,book,valid_obs_50,valid_observation_steps,50,last_6h,73493,0.08445828920516146,0.5616214793366675,0.7415400106132557,16.738
highest-temperature-in-shanghai-on-june-10-2026,Highest temperature in Shanghai on June 10?,2026-06-08T04:26:36Z,2026-06-10T12:00:00Z,5,28°C,0x9fe8b4b759767560042e24c382fb7fc9be3da3235298edd0065ece2888659184,79468022192238370215968228824413698994937653291968216025900787429247470618594,YES,depth_imbalance_3,book,valid_obs_50,valid_observation_steps,50,early_gt_24h,111241,0.10973228304706437,0.5702479338842975,0.704137862838342,51.446
highest-temperature-in-shanghai-on-june-10-2026,Highest temperature in Shanghai on June 10?,2026-06-08T04:26:36Z,2026-06-10T12:00:00Z,5,28°C,0x9fe8b4b759767560042e24c382fb7fc9be3da3235298edd0065ece2888659184,79468022192238370215968228824413698994937653291968216025900787429247470618594,YES,depth_imbalance_3,book,valid_obs_50,valid_observation_steps,50,last_24h,164879,0.062039151224941476,0.5472189396518917,0.6971900605898871,29.76
highest-temperature-in-shanghai-on-june-10-2026,Highest temperature in Shanghai on June 10?,2026-06-08T04:26:36Z,2026-06-10T12:00:00Z,5,28°C,0x9fe8b4b759767560042e24c382fb7fc9be3da3235298edd0065ece2888659184,79468022192238370215968228824413698994937653291968216025900787429247470618594,YES,depth_imbalance_3,book,valid_obs_50,valid_observation_steps,50,last_6h,73493,0.002505042316665916,0.5056593840484338,0.7415400106132557,16.738
highest-temperature-in-shanghai-on-june-10-2026,Highest temperature in Shanghai on June 10?,2026-06-08T04:26:36Z,2026-06-10T12:00:00Z,5,28°C,0x9fe8b4b759767560042e24c382fb7fc9be3da3235298edd0065ece2888659184,79468022192238370215968228824413698994937653291968216025900787429247470618594,YES,depth_imbalance_5,book,valid_obs_50,valid_observation_steps,50,early_gt_24h,111241,0.0830065107376008,0.5577297034516285,0.704137862838342,51.446
highest-temperature-in-shanghai-on-june-10-2026,Highest temperature in Shanghai on June 10?,2026-06-08T04:26:36Z,2026-06-10T12:00:00Z,5,28°C,0x9fe8b4b759767560042e24c382fb7fc9be3da3235298edd0065ece2888659184,79468022192238370215968228824413698994937653291968216025900787429247470618594,YES,depth_imbalance_5,book,valid_obs_50,valid_observation_steps,50,last_24h,164879,0.0652192209494863,0.5472990566226691,0.6971900605898871,29.76
highest-temperature-in-shanghai-on-june-10-2026,Highest temperature in Shanghai on June 10?,2026-06-08T04:26:36Z,2026-06-10T12:00:00Z,5,28°C,0x9fe8b4b759767560042e24c382fb7fc9be3da3235298edd0065ece2888659184,79468022192238370215968228824413698994937653291968216025900787429247470618594,YES,depth_imbalance_5,book,valid_obs_50,valid_observation_steps,50,last_6h,73493,-0.028998465029110118,0.48054751250329036,0.7415400106132557,16.738
highest-temperature-in-shanghai-on-june-10-2026,Highest temperature in Shanghai on June 10?,2026-06-08T04:26:36Z,2026-06-10T12:00:00Z,5,28°C,0x9fe8b4b759767560042e24c382fb7fc9be3da3235298edd0065ece2888659184,79468022192238370215968228824413698994937653291968216025900787429247470618594,YES,microprice_minus_mid,book,valid_obs_50,valid_observation_steps,50,early_gt_24h,111241,0.12045587295097766,0.5946159455517744,0.704137862838342,51.446
highest-temperature-in-shanghai-on-june-10-2026,Highest temperature in Shanghai on June 10?,2026-06-08T04:26:36Z,2026-06-10T12:00:00Z,5,28°C,0x9fe8b4b759767560042e24c382fb7fc9be3da3235298edd0065ece2888659184,79468022192238370215968228824413698994937653291968216025900787429247470618594,YES,microprice_minus_mid,book,valid_obs_50,valid_observation_steps,50,last_24h,164879,0.14137532725535115,0.6080277204718889,0.6971900605898871,29.76
highest-temperature-in-shanghai-on-june-10-2026,Highest temperature in Shanghai on June 10?,2026-06-08T04:26:36Z,2026-06-10T12:00:00Z,5,28°C,0x9fe8b4b759767560042e24c382fb7fc9be3da3235298edd0065ece2888659184,79468022192238370215968228824413698994937653291968216025900787429247470618594,YES,microprice_minus_mid,book,valid_obs_50,valid_observation_steps,50,last_6h,73493,0.07401411039611037,0.5491445117136089,0.7415400106132557,16.738
highest-temperature-in-shanghai-on-june-10-2026,Highest temperature in Shanghai on June 10?,2026-06-08T04:26:36Z,2026-06-10T12:00:00Z,5,28°C,0x9fe8b4b759767560042e24c382fb7fc9be3da3235298edd0065ece2888659184,79468022192238370215968228824413698994937653291968216025900787429247470618594,YES,ofi_30s,flow_clock_sensitive,valid_obs_50,valid_observation_steps,50,early_gt_24h,111241,0.049664682059124395,0.5074440933398152,0.704137862838342,51.446
highest-temperature-in-shanghai-on-june-10-2026,Highest temperature in Shanghai on June 10?,2026-06-08T04:26:36Z,2026-06-10T12:00:00Z,5,28°C,0x9fe8b4b759767560042e24c382fb7fc9be3da3235298edd0065ece2888659184,79468022192238370215968228824413698994937653291968216025900787429247470618594,YES,ofi_30s,flow_clock_sensitive,valid_obs_50,valid_observation_steps,50,last_24h,164879,0.05644718065818673,0.5528872153343882,0.6971900605898871,29.76
highest-temperature-in-shanghai-on-june-10-2026,Highest temperature in Shanghai on June 10?,2026-06-08T04:26:36Z,2026-06-10T12:00:00Z,5,28°C,0x9fe8b4b759767560042e24c382fb7fc9be3da3235298edd0065ece2888659184,79468022192238370215968228824413698994937653291968216025900787429247470618594,YES,ofi_30s,flow_clock_sensitive,valid_obs_50,valid_observation_steps,50,last_6h,73493,0.054132646934934914,0.5541458278494341,0.7415400106132557,16.738
highest-temperature-in-shanghai-on-june-10-2026,Highest temperature in Shanghai on June 10?,2026-06-08T04:26:36Z,2026-06-10T12:00:00Z,5,28°C,0x9fe8b4b759767560042e24c382fb7fc9be3da3235298edd0065ece2888659184,79468022192238370215968228824413698994937653291968216025900787429247470618594,YES,trade_pressure_30s,flow_clock_sensitive,valid_obs_50,valid_observation_steps,50,early_gt_24h,111241,0.033405342628334944,0.46952479338842973,0.704137862838342,51.446
highest-temperature-in-shanghai-on-june-10-2026,Highest temperature in Shanghai on June 10?,2026-06-08T04:26:36Z,2026-06-10T12:00:00Z,5,28°C,0x9fe8b4b759767560042e24c382fb7fc9be3da3235298edd0065ece2888659184,79468022192238370215968228824413698994937653291968216025900787429247470618594,YES,trade_pressure_30s,flow_clock_sensitive,valid_obs_50,valid_observation_steps,50,last_24h,164879,0.06447680873872007,0.5178360406193042,0.6971900605898871,29.76
highest-temperature-in-shanghai-on-june-10-2026,Highest temperature in Shanghai on June 10?,2026-06-08T04:26:36Z,2026-06-10T12:00:00Z,5,28°C,0x9fe8b4b759767560042e24c382fb7fc9be3da3235298edd0065ece2888659184,79468022192238370215968228824413698994937653291968216025900787429247470618594,YES,trade_pressure_30s,flow_clock_sensitive,valid_obs_50,valid_observation_steps,50,last_6h,73493,0.03569939509043998,0.47270334298499606,0.7415400106132557,16.738
highest-temperature-in-shanghai-on-june-10-2026,Highest temperature in Shanghai on June 10?,2026-06-08T04:26:36Z,2026-06-10T12:00:00Z,5,28°C,0x9fe8b4b759767560042e24c382fb7fc9be3da3235298edd0065ece2888659184,79468022192238370215968228824413698994937653291968216025900787429247470618594,YES,depth_imbalance_1,book,valid_obs_200,valid_observation_steps,200,early_gt_24h,111241,0.11238378339935866,0.5458161541674992,0.5043733875100008,232.726
highest-temperature-in-shanghai-on-june-10-2026,Highest temperature in Shanghai on June 10?,2026-06-08T04:26:36Z,2026-06-10T12:00:00Z,5,28°C,0x9fe8b4b759767560042e24c382fb7fc9be3da3235298edd0065ece2888659184,79468022192238370215968228824413698994937653291968216025900787429247470618594,YES,depth_imbalance_1,book,valid_obs_200,valid_observation_steps,200,last_24h,164879,0.24772181356279174,0.6470844406726668,0.4568501749768012,129.316
highest-temperature-in-shanghai-on-june-10-2026,Highest temperature in Shanghai on June 10?,2026-06-08T04:26:36Z,2026-06-10T12:00:00Z,5,28°C,0x9fe8b4b759767560042e24c382fb7fc9be3da3235298edd0065ece2888659184,79468022192238370215968228824413698994937653291968216025900787429247470618594,YES,depth_imbalance_1,book,valid_obs_200,valid_observation_steps,200,last_6h,73311,0.022490881753653432,0.5009705311452267,0.5361951139665262,68.98
highest-temperature-in-shanghai-on-june-10-2026,Highest temperature in Shanghai on June 10?,2026-06-08T04:26:36Z,2026-06-10T12:00:00Z,5,28°C,0x9fe8b4b759767560042e24c382fb7fc9be3da3235298edd0065ece2888659184,79468022192238370215968228824413698994937653291968216025900787429247470618594,YES,depth_imbalance_3,book,valid_obs_200,valid_observation_steps,200,early_gt_24h,111241,0.14810378144180816,0.5702288968694453,0.5043733875100008,232.726
highest-temperature-in-shanghai-on-june-10-2026,Highest temperature in Shanghai on June 10?,2026-06-08T04:26:36Z,2026-06-10T12:00:00Z,5,28°C,0x9fe8b4b759767560042e24c382fb7fc9be3da3235298edd0065ece2888659184,79468022192238370215968228824413698994937653291968216025900787429247470618594,YES,depth_imbalance_3,book,valid_obs_200,valid_observation_steps,200,last_24h,164879,0.13153550556292296,0.5745695334658418,0.4568501749768012,129.316
highest-temperature-in-shanghai-on-june-10-2026,Highest temperature in Shanghai on June 10?,2026-06-08T04:26:36Z,2026-06-10T12:00:00Z,5,28°C,0x9fe8b4b759767560042e24c382fb7fc9be3da3235298edd0065ece2888659184,79468022192238370215968228824413698994937653291968216025900787429247470618594,YES,depth_imbalance_3,book,valid_obs_200,valid_observation_steps,200,last_6h,73311,-0.07011130197029787,0.4716781365802012,0.5361951139665262,68.98
highest-temperature-in-shanghai-on-june-10-2026,Highest temperature in Shanghai on June 10?,2026-06-08T04:26:36Z,2026-06-10T12:00:00Z,5,28°C,0x9fe8b4b759767560042e24c382fb7fc9be3da3235298edd0065ece2888659184,79468022192238370215968228824413698994937653291968216025900787429247470618594,YES,depth_imbalance_5,book,valid_obs_200,valid_observation_steps,200,early_gt_24h,111241,0.09960567615911518,0.5590561178220336,0.5043733875100008,232.726
highest-temperature-in-shanghai-on-june-10-2026,Highest temperature in Shanghai on June 10?,2026-06-08T04:26:36Z,2026-06-10T12:00:00Z,5,28°C,0x9fe8b4b759767560042e24c382fb7fc9be3da3235298edd0065ece2888659184,79468022192238370215968228824413698994937653291968216025900787429247470618594,YES,depth_imbalance_5,book,valid_obs_200,valid_observation_steps,200,last_24h,164879,0.1435037683744136,0.5755186814659312,0.4568501749768012,129.316
highest-temperature-in-shanghai-on-june-10-2026,Highest temperature in Shanghai on June 10?,2026-06-08T04:26:36Z,2026-06-10T12:00:00Z,5,28°C,0x9fe8b4b759767560042e24c382fb7fc9be3da3235298edd0065ece2888659184,79468022192238370215968228824413698994937653291968216025900787429247470618594,YES,depth_imbalance_5,book,valid_obs_200,valid_observation_steps,200,last_6h,73311,-0.12913535682665053,0.39280042350449973,0.5361951139665262,68.98
highest-temperature-in-shanghai-on-june-10-2026,Highest temperature in Shanghai on June 10?,2026-06-08T04:26:36Z,2026-06-10T12:00:00Z,5,28°C,0x9fe8b4b759767560042e24c382fb7fc9be3da3235298edd0065ece2888659184,79468022192238370215968228824413698994937653291968216025900787429247470618594,YES,microprice_minus_mid,book,valid_obs_200,valid_observation_steps,200,early_gt_24h,111241,0.10927889530628783,0.5493524866688432,0.5043733875100008,232.726
highest-temperature-in-shanghai-on-june-10-2026,Highest temperature in Shanghai on June 10?,2026-06-08T04:26:36Z,2026-06-10T12:00:00Z,5,28°C,0x9fe8b4b759767560042e24c382fb7fc9be3da3235298edd0065ece2888659184,79468022192238370215968228824413698994937653291968216025900787429247470618594,YES,microprice_minus_mid,book,valid_obs_200,valid_observation_steps,200,last_24h,164879,0.2376620891497887,0.6347566831185654,0.4568501749768012,129.316
highest-temperature-in-shanghai-on-june-10-2026,Highest temperature in Shanghai on June 10?,2026-06-08T04:26:36Z,2026-06-10T12:00:00Z,5,28°C,0x9fe8b4b759767560042e24c382fb7fc9be3da3235298edd0065ece2888659184,79468022192238370215968228824413698994937653291968216025900787429247470618594,YES,microprice_minus_mid,book,valid_obs_200,valid_observation_steps,200,last_6h,73311,-0.027680397330381936,0.4901770484089171,0.5361951139665262,68.98
highest-temperature-in-shanghai-on-june-10-2026,Highest temperature in Shanghai on June 10?,2026-06-08T04:26:36Z,2026-06-10T12:00:00Z,5,28°C,0x9fe8b4b759767560042e24c382fb7fc9be3da3235298edd0065ece2888659184,79468022192238370215968228824413698994937653291968216025900787429247470618594,YES,ofi_30s,flow_clock_sensitive,valid_obs_200,valid_observation_steps,200,early_gt_24h,111241,0.050605864720013466,0.49639061196357964,0.5043733875100008,232.726
highest-temperature-in-shanghai-on-june-10-2026,Highest temperature in Shanghai on June 10?,2026-06-08T04:26:36Z,2026-06-10T12:00:00Z,5,28°C,0x9fe8b4b759767560042e24c382fb7fc9be3da3235298edd0065ece2888659184,79468022192238370215968228824413698994937653291968216025900787429247470618594,YES,ofi_30s,flow_clock_sensitive,valid_obs_200,valid_observation_steps,200,last_24h,164879,0.07015187254037046,0.5465975835808562,0.4568501749768012,129.316
highest-temperature-in-shanghai-on-june-10-2026,Highest temperature in Shanghai on June 10?,2026-06-08T04:26:36Z,2026-06-10T12:00:00Z,5,28°C,0x9fe8b4b759767560042e24c382fb7fc9be3da3235298edd0065ece2888659184,79468022192238370215968228824413698994937653291968216025900787429247470618594,YES,ofi_30s,flow_clock_sensitive,valid_obs_200,valid_observation_steps,200,last_6h,73311,0.021105249467372182,0.5042938650667608,0.5361951139665262,68.98
highest-temperature-in-shanghai-on-june-10-2026,Highest temperature in Shanghai on June 10?,2026-06-08T04:26:36Z,2026-06-10T12:00:00Z,5,28°C,0x9fe8b4b759767560042e24c382fb7fc9be3da3235298edd0065ece2888659184,79468022192238370215968228824413698994937653291968216025900787429247470618594,YES,trade_pressure_30s,flow_clock_sensitive,valid_obs_200,valid_observation_steps,200,early_gt_24h,111241,0.06782194183950602,0.4385497152392353,0.5043733875100008,232.726
highest-temperature-in-shanghai-on-june-10-2026,Highest temperature in Shanghai on June 10?,2026-06-08T04:26:36Z,2026-06-10T12:00:00Z,5,28°C,0x9fe8b4b759767560042e24c382fb7fc9be3da3235298edd0065ece2888659184,79468022192238370215968228824413698994937653291968216025900787429247470618594,YES,trade_pressure_30s,flow_clock_sensitive,valid_obs_200,valid_observation_steps,200,last_24h,164879,0.06171509177252247,0.5248118453670411,0.4568501749768012,129.316
highest-temperature-in-shanghai-on-june-10-2026,Highest temperature in Shanghai on June 10?,2026-06-08T04:26:36Z,2026-06-10T12:00:00Z,5,28°C,0x9fe8b4b759767560042e24c382fb7fc9be3da3235298edd0065ece2888659184,79468022192238370215968228824413698994937653291968216025900787429247470618594,YES,trade_pressure_30s,flow_clock_sensitive,valid_obs_200,valid_observation_steps,200,last_6h,73311,0.03645475072838681,0.4529439444738545,0.5361951139665262,68.98
highest-temperature-in-shanghai-on-june-10-2026,Highest temperature in Shanghai on June 10?,2026-06-08T04:26:36Z,2026-06-10T12:00:00Z,6,29°C,0xfd87fa8472dfb154071783a0aebe68d0b8277ce700a4265c707ec9639114d952,27278603221623619784217526778931912161201014588668933433614811866718916250456,YES,depth_imbalance_1,book,wall_60s,wall_clock_seconds,60,early_gt_24h,88148,0.12163373772576079,0.5874953925543679,0.7537777374415755,61.758
highest-temperature-in-shanghai-on-june-10-2026,Highest temperature in Shanghai on June 10?,2026-06-08T04:26:36Z,2026-06-10T12:00:00Z,6,29°C,0xfd87fa8472dfb154071783a0aebe68d0b8277ce700a4265c707ec9639114d952,27278603221623619784217526778931912161201014588668933433614811866718916250456,YES,depth_imbalance_1,book,wall_60s,wall_clock_seconds,60,last_24h,204373,0.20476828826444649,0.6212453162431664,0.5220601547171104,60.478
highest-temperature-in-shanghai-on-june-10-2026,Highest temperature in Shanghai on June 10?,2026-06-08T04:26:36Z,2026-06-10T12:00:00Z,6,29°C,0xfd87fa8472dfb154071783a0aebe68d0b8277ce700a4265c707ec9639114d952,27278603221623619784217526778931912161201014588668933433614811866718916250456,YES,depth_imbalance_1,book,wall_60s,wall_clock_seconds,60,last_6h,63775,0.1590666612694405,0.6120462452120744,0.5537906703253626,60.204
highest-temperature-in-shanghai-on-june-10-2026,Highest temperature in Shanghai on June 10?,2026-06-08T04:26:36Z,2026-06-10T12:00:00Z,6,29°C,0xfd87fa8472dfb154071783a0aebe68d0b8277ce700a4265c707ec9639114d952,27278603221623619784217526778931912161201014588668933433614811866718916250456,YES,depth_imbalance_3,book,wall_60s,wall_clock_seconds,60,early_gt_24h,88148,0.05751291676935757,0.561555473645411,0.7537777374415755,61.758
highest-temperature-in-shanghai-on-june-10-2026,Highest temperature in Shanghai on June 10?,2026-06-08T04:26:36Z,2026-06-10T12:00:00Z,6,29°C,0xfd87fa8472dfb154071783a0aebe68d0b8277ce700a4265c707ec9639114d952,27278603221623619784217526778931912161201014588668933433614811866718916250456,YES,depth_imbalance_3,book,wall_60s,wall_clock_seconds,60,last_24h,204373,0.17692547914262333,0.588801982022564,0.5220601547171104,60.478
highest-temperature-in-shanghai-on-june-10-2026,Highest temperature in Shanghai on June 10?,2026-06-08T04:26:36Z,2026-06-10T12:00:00Z,6,29°C,0xfd87fa8472dfb154071783a0aebe68d0b8277ce700a4265c707ec9639114d952,27278603221623619784217526778931912161201014588668933433614811866718916250456,YES,depth_imbalance_3,book,wall_60s,wall_clock_seconds,60,last_6h,63775,0.1404990004216396,0.568436588537091,0.5537906703253626,60.204
highest-temperature-in-shanghai-on-june-10-2026,Highest temperature in Shanghai on June 10?,2026-06-08T04:26:36Z,2026-06-10T12:00:00Z,6,29°C,0xfd87fa8472dfb154071783a0aebe68d0b8277ce700a4265c707ec9639114d952,27278603221623619784217526778931912161201014588668933433614811866718916250456,YES,depth_imbalance_5,book,wall_60s,wall_clock_seconds,60,early_gt_24h,88148,0.09026336879800131,0.5727976409878364,0.7537777374415755,61.758
highest-temperature-in-shanghai-on-june-10-2026,Highest temperature in Shanghai on June 10?,2026-06-08T04:26:36Z,2026-06-10T12:00:00Z,6,29°C,0xfd87fa8472dfb154071783a0aebe68d0b8277ce700a4265c707ec9639114d952,27278603221623619784217526778931912161201014588668933433614811866718916250456,YES,depth_imbalance_5,book,wall_60s,wall_clock_seconds,60,last_24h,204373,0.18622033531964893,0.6067384672085833,0.5220601547171104,60.478
highest-temperature-in-shanghai-on-june-10-2026,Highest temperature in Shanghai on June 10?,2026-06-08T04:26:36Z,2026-06-10T12:00:00Z,6,29°C,0xfd87fa8472dfb154071783a0aebe68d0b8277ce700a4265c707ec9639114d952,27278603221623619784217526778931912161201014588668933433614811866718916250456,YES,depth_imbalance_5,book,wall_60s,wall_clock_seconds,60,last_6h,63775,0.18896305954220818,0.6442351618231015,0.5537906703253626,60.204
highest-temperature-in-shanghai-on-june-10-2026,Highest temperature in Shanghai on June 10?,2026-06-08T04:26:36Z,2026-06-10T12:00:00Z,6,29°C,0xfd87fa8472dfb154071783a0aebe68d0b8277ce700a4265c707ec9639114d952,27278603221623619784217526778931912161201014588668933433614811866718916250456,YES,microprice_minus_mid,book,wall_60s,wall_clock_seconds,60,early_gt_24h,88148,0.11329240654368379,0.6097954294139329,0.7537777374415755,61.758
highest-temperature-in-shanghai-on-june-10-2026,Highest temperature in Shanghai on June 10?,2026-06-08T04:26:36Z,2026-06-10T12:00:00Z,6,29°C,0xfd87fa8472dfb154071783a0aebe68d0b8277ce700a4265c707ec9639114d952,27278603221623619784217526778931912161201014588668933433614811866718916250456,YES,microprice_minus_mid,book,wall_60s,wall_clock_seconds,60,last_24h,204373,0.1809890047958229,0.6210303241262106,0.5220601547171104,60.478
highest-temperature-in-shanghai-on-june-10-2026,Highest temperature in Shanghai on June 10?,2026-06-08T04:26:36Z,2026-06-10T12:00:00Z,6,29°C,0xfd87fa8472dfb154071783a0aebe68d0b8277ce700a4265c707ec9639114d952,27278603221623619784217526778931912161201014588668933433614811866718916250456,YES,microprice_minus_mid,book,wall_60s,wall_clock_seconds,60,last_6h,63775,0.1522847319463419,0.5921214463928032,0.5537906703253626,60.204
highest-temperature-in-shanghai-on-june-10-2026,Highest temperature in Shanghai on June 10?,2026-06-08T04:26:36Z,2026-06-10T12:00:00Z,6,29°C,0xfd87fa8472dfb154071783a0aebe68d0b8277ce700a4265c707ec9639114d952,27278603221623619784217526778931912161201014588668933433614811866718916250456,YES,ofi_30s,flow_clock_sensitive,wall_60s,wall_clock_seconds,60,early_gt_24h,88148,0.07695187451212382,0.5461666052340582,0.7537777374415755,61.758
highest-temperature-in-shanghai-on-june-10-2026,Highest temperature in Shanghai on June 10?,2026-06-08T04:26:36Z,2026-06-10T12:00:00Z,6,29°C,0xfd87fa8472dfb154071783a0aebe68d0b8277ce700a4265c707ec9639114d952,27278603221623619784217526778931912161201014588668933433614811866718916250456,YES,ofi_30s,flow_clock_sensitive,wall_60s,wall_clock_seconds,60,last_24h,204373,0.04098311711172646,0.5309895780011876,0.5220601547171104,60.478
highest-temperature-in-shanghai-on-june-10-2026,Highest temperature in Shanghai on June 10?,2026-06-08T04:26:36Z,2026-06-10T12:00:00Z,6,29°C,0xfd87fa8472dfb154071783a0aebe68d0b8277ce700a4265c707ec9639114d952,27278603221623619784217526778931912161201014588668933433614811866718916250456,YES,ofi_30s,flow_clock_sensitive,wall_60s,wall_clock_seconds,60,last_6h,63775,-0.026001824263500818,0.48617211933794846,0.5537906703253626,60.204
highest-temperature-in-shanghai-on-june-10-2026,Highest temperature in Shanghai on June 10?,2026-06-08T04:26:36Z,2026-06-10T12:00:00Z,6,29°C,0xfd87fa8472dfb154071783a0aebe68d0b8277ce700a4265c707ec9639114d952,27278603221623619784217526778931912161201014588668933433614811866718916250456,YES,trade_pressure_30s,flow_clock_sensitive,wall_60s,wall_clock_seconds,60,early_gt_24h,88148,-0.007533181999679036,0.46737928492443787,0.7537777374415755,61.758
highest-temperature-in-shanghai-on-june-10-2026,Highest temperature in Shanghai on June 10?,2026-06-08T04:26:36Z,2026-06-10T12:00:00Z,6,29°C,0xfd87fa8472dfb154071783a0aebe68d0b8277ce700a4265c707ec9639114d952,27278603221623619784217526778931912161201014588668933433614811866718916250456,YES,trade_pressure_30s,flow_clock_sensitive,wall_60s,wall_clock_seconds,60,last_24h,204373,0.04275585437035606,0.5285222875161244,0.5220601547171104,60.478
highest-temperature-in-shanghai-on-june-10-2026,Highest temperature in Shanghai on June 10?,2026-06-08T04:26:36Z,2026-06-10T12:00:00Z,6,29°C,0xfd87fa8472dfb154071783a0aebe68d0b8277ce700a4265c707ec9639114d952,27278603221623619784217526778931912161201014588668933433614811866718916250456,YES,trade_pressure_30s,flow_clock_sensitive,wall_60s,wall_clock_seconds,60,last_6h,63775,0.008470597682023323,0.3971606283164072,0.5537906703253626,60.204
highest-temperature-in-shanghai-on-june-10-2026,Highest temperature in Shanghai on June 10?,2026-06-08T04:26:36Z,2026-06-10T12:00:00Z,6,29°C,0xfd87fa8472dfb154071783a0aebe68d0b8277ce700a4265c707ec9639114d952,27278603221623619784217526778931912161201014588668933433614811866718916250456,YES,depth_imbalance_1,book,wall_300s,wall_clock_seconds,300,early_gt_24h,87710,0.08975717029361029,0.5379780690024071,0.5737088131341922,302.427
highest-temperature-in-shanghai-on-june-10-2026,Highest temperature in Shanghai on June 10?,2026-06-08T04:26:36Z,2026-06-10T12:00:00Z,6,29°C,0xfd87fa8472dfb154071783a0aebe68d0b8277ce700a4265c707ec9639114d952,27278603221623619784217526778931912161201014588668933433614811866718916250456,YES,depth_imbalance_1,book,wall_300s,wall_clock_seconds,300,last_24h,201203,0.21155134719459812,0.5929395715299915,0.28592516016162783,300.568
highest-temperature-in-shanghai-on-june-10-2026,Highest temperature in Shanghai on June 10?,2026-06-08T04:26:36Z,2026-06-10T12:00:00Z,6,29°C,0xfd87fa8472dfb154071783a0aebe68d0b8277ce700a4265c707ec9639114d952,27278603221623619784217526778931912161201014588668933433614811866718916250456,YES,depth_imbalance_1,book,wall_300s,wall_clock_seconds,300,last_6h,63715,0.12328250676083365,0.5293655161569306,0.20150670956603625,300.207
highest-temperature-in-shanghai-on-june-10-2026,Highest temperature in Shanghai on June 10?,2026-06-08T04:26:36Z,2026-06-10T12:00:00Z,6,29°C,0xfd87fa8472dfb154071783a0aebe68d0b8277ce700a4265c707ec9639114d952,27278603221623619784217526778931912161201014588668933433614811866718916250456,YES,depth_imbalance_3,book,wall_300s,wall_clock_seconds,300,early_gt_24h,87710,0.053086022333574436,0.5314790050815726,0.5737088131341922,302.427
highest-temperature-in-shanghai-on-june-10-2026,Highest temperature in Shanghai on June 10?,2026-06-08T04:26:36Z,2026-06-10T12:00:00Z,6,29°C,0xfd87fa8472dfb154071783a0aebe68d0b8277ce700a4265c707ec9639114d952,27278603221623619784217526778931912161201014588668933433614811866718916250456,YES,depth_imbalance_3,book,wall_300s,wall_clock_seconds,300,last_24h,201203,0.25990693177675195,0.5990923897156062,0.28592516016162783,300.568
highest-temperature-in-shanghai-on-june-10-2026,Highest temperature in Shanghai on June 10?,2026-06-08T04:26:36Z,2026-06-10T12:00:00Z,6,29°C,0xfd87fa8472dfb154071783a0aebe68d0b8277ce700a4265c707ec9639114d952,27278603221623619784217526778931912161201014588668933433614811866718916250456,YES,depth_imbalance_3,book,wall_300s,wall_clock_seconds,300,last_6h,63715,0.1824777723805172,0.5597531252456954,0.20150670956603625,300.207
highest-temperature-in-shanghai-on-june-10-2026,Highest temperature in Shanghai on June 10?,2026-06-08T04:26:36Z,2026-06-10T12:00:00Z,6,29°C,0xfd87fa8472dfb154071783a0aebe68d0b8277ce700a4265c707ec9639114d952,27278603221623619784217526778931912161201014588668933433614811866718916250456,YES,depth_imbalance_5,book,wall_300s,wall_clock_seconds,300,early_gt_24h,87710,0.1475181456469801,0.5868681465632523,0.5737088131341922,302.427
highest-temperature-in-shanghai-on-june-10-2026,Highest temperature in Shanghai on June 10?,2026-06-08T04:26:36Z,2026-06-10T12:00:00Z,6,29°C,0xfd87fa8472dfb154071783a0aebe68d0b8277ce700a4265c707ec9639114d952,27278603221623619784217526778931912161201014588668933433614811866718916250456,YES,depth_imbalance_5,book,wall_300s,wall_clock_seconds,300,last_24h,201203,0.2620190855223849,0.6101103887968595,0.28592516016162783,300.568
highest-temperature-in-shanghai-on-june-10-2026,Highest temperature in Shanghai on June 10?,2026-06-08T04:26:36Z,2026-06-10T12:00:00Z,6,29°C,0xfd87fa8472dfb154071783a0aebe68d0b8277ce700a4265c707ec9639114d952,27278603221623619784217526778931912161201014588668933433614811866718916250456,YES,depth_imbalance_5,book,wall_300s,wall_clock_seconds,300,last_6h,63715,0.18305743626622148,0.5696399087978614,0.20150670956603625,300.207
highest-temperature-in-shanghai-on-june-10-2026,Highest temperature in Shanghai on June 10?,2026-06-08T04:26:36Z,2026-06-10T12:00:00Z,6,29°C,0xfd87fa8472dfb154071783a0aebe68d0b8277ce700a4265c707ec9639114d952,27278603221623619784217526778931912161201014588668933433614811866718916250456,YES,microprice_minus_mid,book,wall_300s,wall_clock_seconds,300,early_gt_24h,87710,0.06139308744442221,0.5446910938753677,0.5737088131341922,302.427
highest-temperature-in-shanghai-on-june-10-2026,Highest temperature in Shanghai on June 10?,2026-06-08T04:26:36Z,2026-06-10T12:00:00Z,6,29°C,0xfd87fa8472dfb154071783a0aebe68d0b8277ce700a4265c707ec9639114d952,27278603221623619784217526778931912161201014588668933433614811866718916250456,YES,microprice_minus_mid,book,wall_300s,wall_clock_seconds,300,last_24h,201203,0.1486212746196848,0.5829656026838538,0.28592516016162783,300.568
highest-temperature-in-shanghai-on-june-10-2026,Highest temperature in Shanghai on June 10?,2026-06-08T04:26:36Z,2026-06-10T12:00:00Z,6,29°C,0xfd87fa8472dfb154071783a0aebe68d0b8277ce700a4265c707ec9639114d952,27278603221623619784217526778931912161201014588668933433614811866718916250456,YES,microprice_minus_mid,book,wall_300s,wall_clock_seconds,300,last_6h,63715,0.1560501647405063,0.5082553659878921,0.20150670956603625,300.207
highest-temperature-in-shanghai-on-june-10-2026,Highest temperature in Shanghai on June 10?,2026-06-08T04:26:36Z,2026-06-10T12:00:00Z,6,29°C,0xfd87fa8472dfb154071783a0aebe68d0b8277ce700a4265c707ec9639114d952,27278603221623619784217526778931912161201014588668933433614811866718916250456,YES,ofi_30s,flow_clock_sensitive,wall_300s,wall_clock_seconds,300,early_gt_24h,87710,0.035328252705714644,0.5269590799679058,0.5737088131341922,302.427
highest-temperature-in-shanghai-on-june-10-2026,Highest temperature in Shanghai on June 10?,2026-06-08T04:26:36Z,2026-06-10T12:00:00Z,6,29°C,0xfd87fa8472dfb154071783a0aebe68d0b8277ce700a4265c707ec9639114d952,27278603221623619784217526778931912161201014588668933433614811866718916250456,YES,ofi_30s,flow_clock_sensitive,wall_300s,wall_clock_seconds,300,last_24h,201203,0.020823578292247288,0.5060692957668054,0.28592516016162783,300.568
highest-temperature-in-shanghai-on-june-10-2026,Highest temperature in Shanghai on June 10?,2026-06-08T04:26:36Z,2026-06-10T12:00:00Z,6,29°C,0xfd87fa8472dfb154071783a0aebe68d0b8277ce700a4265c707ec9639114d952,27278603221623619784217526778931912161201014588668933433614811866718916250456,YES,ofi_30s,flow_clock_sensitive,wall_300s,wall_clock_seconds,300,last_6h,63715,0.029521971037587302,0.4782412139319129,0.20150670956603625,300.207
highest-temperature-in-shanghai-on-june-10-2026,Highest temperature in Shanghai on June 10?,2026-06-08T04:26:36Z,2026-06-10T12:00:00Z,6,29°C,0xfd87fa8472dfb154071783a0aebe68d0b8277ce700a4265c707ec9639114d952,27278603221623619784217526778931912161201014588668933433614811866718916250456,YES,trade_pressure_30s,flow_clock_sensitive,wall_300s,wall_clock_seconds,300,early_gt_24h,87710,0.022365834256331495,0.5347151644824819,0.5737088131341922,302.427
highest-temperature-in-shanghai-on-june-10-2026,Highest temperature in Shanghai on June 10?,2026-06-08T04:26:36Z,2026-06-10T12:00:00Z,6,29°C,0xfd87fa8472dfb154071783a0aebe68d0b8277ce700a4265c707ec9639114d952,27278603221623619784217526778931912161201014588668933433614811866718916250456,YES,trade_pressure_30s,flow_clock_sensitive,wall_300s,wall_clock_seconds,300,last_24h,201203,0.05515871900124377,0.5212216545791166,0.28592516016162783,300.568
highest-temperature-in-shanghai-on-june-10-2026,Highest temperature in Shanghai on June 10?,2026-06-08T04:26:36Z,2026-06-10T12:00:00Z,6,29°C,0xfd87fa8472dfb154071783a0aebe68d0b8277ce700a4265c707ec9639114d952,27278603221623619784217526778931912161201014588668933433614811866718916250456,YES,trade_pressure_30s,flow_clock_sensitive,wall_300s,wall_clock_seconds,300,last_6h,63715,0.05561614950451397,0.3917367717587861,0.20150670956603625,300.207
highest-temperature-in-shanghai-on-june-10-2026,Highest temperature in Shanghai on June 10?,2026-06-08T04:26:36Z,2026-06-10T12:00:00Z,6,29°C,0xfd87fa8472dfb154071783a0aebe68d0b8277ce700a4265c707ec9639114d952,27278603221623619784217526778931912161201014588668933433614811866718916250456,YES,depth_imbalance_1,book,wall_900s,wall_clock_seconds,900,early_gt_24h,86186,0.07042743491404728,0.5010884173465332,0.3870350172881907,902.644
highest-temperature-in-shanghai-on-june-10-2026,Highest temperature in Shanghai on June 10?,2026-06-08T04:26:36Z,2026-06-10T12:00:00Z,6,29°C,0xfd87fa8472dfb154071783a0aebe68d0b8277ce700a4265c707ec9639114d952,27278603221623619784217526778931912161201014588668933433614811866718916250456,YES,depth_imbalance_1,book,wall_900s,wall_clock_seconds,900,last_24h,199253,0.13934575464772714,0.5660162370032759,0.1543213903931183,900.62
highest-temperature-in-shanghai-on-june-10-2026,Highest temperature in Shanghai on June 10?,2026-06-08T04:26:36Z,2026-06-10T12:00:00Z,6,29°C,0xfd87fa8472dfb154071783a0aebe68d0b8277ce700a4265c707ec9639114d952,27278603221623619784217526778931912161201014588668933433614811866718916250456,YES,depth_imbalance_1,book,wall_900s,wall_clock_seconds,900,last_6h,62352,0.11431829779802169,0.5365147276616752,0.02537208108801642,900.209
highest-temperature-in-shanghai-on-june-10-2026,Highest temperature in Shanghai on June 10?,2026-06-08T04:26:36Z,2026-06-10T12:00:00Z,6,29°C,0xfd87fa8472dfb154071783a0aebe68d0b8277ce700a4265c707ec9639114d952,27278603221623619784217526778931912161201014588668933433614811866718916250456,YES,depth_imbalance_3,book,wall_900s,wall_clock_seconds,900,early_gt_24h,86186,0.04867618924025806,0.5177459349978232,0.3870350172881907,902.644
highest-temperature-in-shanghai-on-june-10-2026,Highest temperature in Shanghai on June 10?,2026-06-08T04:26:36Z,2026-06-10T12:00:00Z,6,29°C,0xfd87fa8472dfb154071783a0aebe68d0b8277ce700a4265c707ec9639114d952,27278603221623619784217526778931912161201014588668933433614811866718916250456,YES,depth_imbalance_3,book,wall_900s,wall_clock_seconds,900,last_24h,199253,0.2810570397293787,0.6140032284100081,0.1543213903931183,900.62
highest-temperature-in-shanghai-on-june-10-2026,Highest temperature in Shanghai on June 10?,2026-06-08T04:26:36Z,2026-06-10T12:00:00Z,6,29°C,0xfd87fa8472dfb154071783a0aebe68d0b8277ce700a4265c707ec9639114d952,27278603221623619784217526778931912161201014588668933433614811866718916250456,YES,depth_imbalance_3,book,wall_900s,wall_clock_seconds,900,last_6h,62352,0.2355723846413014,0.5313641599473424,0.02537208108801642,900.209
highest-temperature-in-shanghai-on-june-10-2026,Highest temperature in Shanghai on June 10?,2026-06-08T04:26:36Z,2026-06-10T12:00:00Z,6,29°C,0xfd87fa8472dfb154071783a0aebe68d0b8277ce700a4265c707ec9639114d952,27278603221623619784217526778931912161201014588668933433614811866718916250456,YES,depth_imbalance_5,book,wall_900s,wall_clock_seconds,900,early_gt_24h,86186,0.20427680237614182,0.6002574343637017,0.3870350172881907,902.644
highest-temperature-in-shanghai-on-june-10-2026,Highest temperature in Shanghai on June 10?,2026-06-08T04:26:36Z,2026-06-10T12:00:00Z,6,29°C,0xfd87fa8472dfb154071783a0aebe68d0b8277ce700a4265c707ec9639114d952,27278603221623619784217526778931912161201014588668933433614811866718916250456,YES,depth_imbalance_5,book,wall_900s,wall_clock_seconds,900,last_24h,199253,0.3271978425091951,0.6486255519156815,0.1543213903931183,900.62
highest-temperature-in-shanghai-on-june-10-2026,Highest temperature in Shanghai on June 10?,2026-06-08T04:26:36Z,2026-06-10T12:00:00Z,6,29°C,0xfd87fa8472dfb154071783a0aebe68d0b8277ce700a4265c707ec9639114d952,27278603221623619784217526778931912161201014588668933433614811866718916250456,YES,depth_imbalance_5,book,wall_900s,wall_clock_seconds,900,last_6h,62352,0.20027158624915323,0.5300970873786408,0.02537208108801642,900.209
highest-temperature-in-shanghai-on-june-10-2026,Highest temperature in Shanghai on June 10?,2026-06-08T04:26:36Z,2026-06-10T12:00:00Z,6,29°C,0xfd87fa8472dfb154071783a0aebe68d0b8277ce700a4265c707ec9639114d952,27278603221623619784217526778931912161201014588668933433614811866718916250456,YES,microprice_minus_mid,book,wall_900s,wall_clock_seconds,900,early_gt_24h,86186,0.01599690262664496,0.5113857918946033,0.3870350172881907,902.644
highest-temperature-in-shanghai-on-june-10-2026,Highest temperature in Shanghai on June 10?,2026-06-08T04:26:36Z,2026-06-10T12:00:00Z,6,29°C,0xfd87fa8472dfb154071783a0aebe68d0b8277ce700a4265c707ec9639114d952,27278603221623619784217526778931912161201014588668933433614811866718916250456,YES,microprice_minus_mid,book,wall_900s,wall_clock_seconds,900,last_24h,199253,0.08981258191425469,0.5403669942553293,0.1543213903931183,900.62
highest-temperature-in-shanghai-on-june-10-2026,Highest temperature in Shanghai on June 10?,2026-06-08T04:26:36Z,2026-06-10T12:00:00Z,6,29°C,0xfd87fa8472dfb154071783a0aebe68d0b8277ce700a4265c707ec9639114d952,27278603221623619784217526778931912161201014588668933433614811866718916250456,YES,microprice_minus_mid,book,wall_900s,wall_clock_seconds,900,last_6h,62352,0.046167342610177985,0.5280236959025835,0.02537208108801642,900.209
highest-temperature-in-shanghai-on-june-10-2026,Highest temperature in Shanghai on June 10?,2026-06-08T04:26:36Z,2026-06-10T12:00:00Z,6,29°C,0xfd87fa8472dfb154071783a0aebe68d0b8277ce700a4265c707ec9639114d952,27278603221623619784217526778931912161201014588668933433614811866718916250456,YES,ofi_30s,flow_clock_sensitive,wall_900s,wall_clock_seconds,900,early_gt_24h,86186,0.028188118163192426,0.54258077949611,0.3870350172881907,902.644
highest-temperature-in-shanghai-on-june-10-2026,Highest temperature in Shanghai on June 10?,2026-06-08T04:26:36Z,2026-06-10T12:00:00Z,6,29°C,0xfd87fa8472dfb154071783a0aebe68d0b8277ce700a4265c707ec9639114d952,27278603221623619784217526778931912161201014588668933433614811866718916250456,YES,ofi_30s,flow_clock_sensitive,wall_900s,wall_clock_seconds,900,last_24h,199253,-0.019419514496798213,0.4861071547262973,0.1543213903931183,900.62
highest-temperature-in-shanghai-on-june-10-2026,Highest temperature in Shanghai on June 10?,2026-06-08T04:26:36Z,2026-06-10T12:00:00Z,6,29°C,0xfd87fa8472dfb154071783a0aebe68d0b8277ce700a4265c707ec9639114d952,27278603221623619784217526778931912161201014588668933433614811866718916250456,YES,ofi_30s,flow_clock_sensitive,wall_900s,wall_clock_seconds,900,last_6h,62352,0.028965693776515394,0.4876090176073721,0.02537208108801642,900.209
highest-temperature-in-shanghai-on-june-10-2026,Highest temperature in Shanghai on June 10?,2026-06-08T04:26:36Z,2026-06-10T12:00:00Z,6,29°C,0xfd87fa8472dfb154071783a0aebe68d0b8277ce700a4265c707ec9639114d952,27278603221623619784217526778931912161201014588668933433614811866718916250456,YES,trade_pressure_30s,flow_clock_sensitive,wall_900s,wall_clock_seconds,900,early_gt_24h,86186,0.04209879531333973,0.5547899827746124,0.3870350172881907,902.644
highest-temperature-in-shanghai-on-june-10-2026,Highest temperature in Shanghai on June 10?,2026-06-08T04:26:36Z,2026-06-10T12:00:00Z,6,29°C,0xfd87fa8472dfb154071783a0aebe68d0b8277ce700a4265c707ec9639114d952,27278603221623619784217526778931912161201014588668933433614811866718916250456,YES,trade_pressure_30s,flow_clock_sensitive,wall_900s,wall_clock_seconds,900,last_24h,199253,-0.004920347341662908,0.5543785310734464,0.1543213903931183,900.62
highest-temperature-in-shanghai-on-june-10-2026,Highest temperature in Shanghai on June 10?,2026-06-08T04:26:36Z,2026-06-10T12:00:00Z,6,29°C,0xfd87fa8472dfb154071783a0aebe68d0b8277ce700a4265c707ec9639114d952,27278603221623619784217526778931912161201014588668933433614811866718916250456,YES,trade_pressure_30s,flow_clock_sensitive,wall_900s,wall_clock_seconds,900,last_6h,62352,-0.006567424412427207,0.26715484614118806,0.02537208108801642,900.209
highest-temperature-in-shanghai-on-june-10-2026,Highest temperature in Shanghai on June 10?,2026-06-08T04:26:36Z,2026-06-10T12:00:00Z,6,29°C,0xfd87fa8472dfb154071783a0aebe68d0b8277ce700a4265c707ec9639114d952,27278603221623619784217526778931912161201014588668933433614811866718916250456,YES,depth_imbalance_1,book,valid_obs_10,valid_observation_steps,10,early_gt_24h,88446,0.10187695906949512,0.589316093909493,0.8338534246885105,12.743
highest-temperature-in-shanghai-on-june-10-2026,Highest temperature in Shanghai on June 10?,2026-06-08T04:26:36Z,2026-06-10T12:00:00Z,6,29°C,0xfd87fa8472dfb154071783a0aebe68d0b8277ce700a4265c707ec9639114d952,27278603221623619784217526778931912161201014588668933433614811866718916250456,YES,depth_imbalance_1,book,valid_obs_10,valid_observation_steps,10,last_24h,208257,0.12566251834178319,0.6167145004783381,0.789193160373961,4.699
highest-temperature-in-shanghai-on-june-10-2026,Highest temperature in Shanghai on June 10?,2026-06-08T04:26:36Z,2026-06-10T12:00:00Z,6,29°C,0xfd87fa8472dfb154071783a0aebe68d0b8277ce700a4265c707ec9639114d952,27278603221623619784217526778931912161201014588668933433614811866718916250456,YES,depth_imbalance_1,book,valid_obs_10,valid_observation_steps,10,last_6h,64810,0.11179957274283996,0.6194690265486725,0.8814380496836908,3.254
highest-temperature-in-shanghai-on-june-10-2026,Highest temperature in Shanghai on June 10?,2026-06-08T04:26:36Z,2026-06-10T12:00:00Z,6,29°C,0xfd87fa8472dfb154071783a0aebe68d0b8277ce700a4265c707ec9639114d952,27278603221623619784217526778931912161201014588668933433614811866718916250456,YES,depth_imbalance_3,book,valid_obs_10,valid_observation_steps,10,early_gt_24h,88446,0.055671768692342555,0.5632528070772371,0.8338534246885105,12.743
highest-temperature-in-shanghai-on-june-10-2026,Highest temperature in Shanghai on June 10?,2026-06-08T04:26:36Z,2026-06-10T12:00:00Z,6,29°C,0xfd87fa8472dfb154071783a0aebe68d0b8277ce700a4265c707ec9639114d952,27278603221623619784217526778931912161201014588668933433614811866718916250456,YES,depth_imbalance_3,book,valid_obs_10,valid_observation_steps,10,last_24h,208257,0.09162592344894044,0.57874356521343,0.789193160373961,4.699
highest-temperature-in-shanghai-on-june-10-2026,Highest temperature in Shanghai on June 10?,2026-06-08T04:26:36Z,2026-06-10T12:00:00Z,6,29°C,0xfd87fa8472dfb154071783a0aebe68d0b8277ce700a4265c707ec9639114d952,27278603221623619784217526778931912161201014588668933433614811866718916250456,YES,depth_imbalance_3,book,valid_obs_10,valid_observation_steps,10,last_6h,64810,0.08064718910486982,0.5737896928682977,0.8814380496836908,3.254
highest-temperature-in-shanghai-on-june-10-2026,Highest temperature in Shanghai on June 10?,2026-06-08T04:26:36Z,2026-06-10T12:00:00Z,6,29°C,0xfd87fa8472dfb154071783a0aebe68d0b8277ce700a4265c707ec9639114d952,27278603221623619784217526778931912161201014588668933433614811866718916250456,YES,depth_imbalance_5,book,valid_obs_10,valid_observation_steps,10,early_gt_24h,88446,0.07198151777885688,0.5793807417488942,0.8338534246885105,12.743
highest-temperature-in-shanghai-on-june-10-2026,Highest temperature in Shanghai on June 10?,2026-06-08T04:26:36Z,2026-06-10T12:00:00Z,6,29°C,0xfd87fa8472dfb154071783a0aebe68d0b8277ce700a4265c707ec9639114d952,27278603221623619784217526778931912161201014588668933433614811866718916250456,YES,depth_imbalance_5,book,valid_obs_10,valid_observation_steps,10,last_24h,208257,0.07734371293871337,0.5680379026012482,0.789193160373961,4.699
highest-temperature-in-shanghai-on-june-10-2026,Highest temperature in Shanghai on June 10?,2026-06-08T04:26:36Z,2026-06-10T12:00:00Z,6,29°C,0xfd87fa8472dfb154071783a0aebe68d0b8277ce700a4265c707ec9639114d952,27278603221623619784217526778931912161201014588668933433614811866718916250456,YES,depth_imbalance_5,book,valid_obs_10,valid_observation_steps,10,last_6h,64810,0.07924917009998446,0.5956533055700156,0.8814380496836908,3.254
highest-temperature-in-shanghai-on-june-10-2026,Highest temperature in Shanghai on June 10?,2026-06-08T04:26:36Z,2026-06-10T12:00:00Z,6,29°C,0xfd87fa8472dfb154071783a0aebe68d0b8277ce700a4265c707ec9639114d952,27278603221623619784217526778931912161201014588668933433614811866718916250456,YES,microprice_minus_mid,book,valid_obs_10,valid_observation_steps,10,early_gt_24h,88446,0.09855350784004929,0.6063967335828513,0.8338534246885105,12.743
highest-temperature-in-shanghai-on-june-10-2026,Highest temperature in Shanghai on June 10?,2026-06-08T04:26:36Z,2026-06-10T12:00:00Z,6,29°C,0xfd87fa8472dfb154071783a0aebe68d0b8277ce700a4265c707ec9639114d952,27278603221623619784217526778931912161201014588668933433614811866718916250456,YES,microprice_minus_mid,book,valid_obs_10,valid_observation_steps,10,last_24h,208257,0.11131583898457105,0.6117261172611727,0.789193160373961,4.699
highest-temperature-in-shanghai-on-june-10-2026,Highest temperature in Shanghai on June 10?,2026-06-08T04:26:36Z,2026-06-10T12:00:00Z,6,29°C,0xfd87fa8472dfb154071783a0aebe68d0b8277ce700a4265c707ec9639114d952,27278603221623619784217526778931912161201014588668933433614811866718916250456,YES,microprice_minus_mid,book,valid_obs_10,valid_observation_steps,10,last_6h,64810,0.100706293171648,0.6129619989588756,0.8814380496836908,3.254
highest-temperature-in-shanghai-on-june-10-2026,Highest temperature in Shanghai on June 10?,2026-06-08T04:26:36Z,2026-06-10T12:00:00Z,6,29°C,0xfd87fa8472dfb154071783a0aebe68d0b8277ce700a4265c707ec9639114d952,27278603221623619784217526778931912161201014588668933433614811866718916250456,YES,ofi_30s,flow_clock_sensitive,valid_obs_10,valid_observation_steps,10,early_gt_24h,88446,0.07270037684760676,0.5517522966995577,0.8338534246885105,12.743
highest-temperature-in-shanghai-on-june-10-2026,Highest temperature in Shanghai on June 10?,2026-06-08T04:26:36Z,2026-06-10T12:00:00Z,6,29°C,0xfd87fa8472dfb154071783a0aebe68d0b8277ce700a4265c707ec9639114d952,27278603221623619784217526778931912161201014588668933433614811866718916250456,YES,ofi_30s,flow_clock_sensitive,valid_obs_10,valid_observation_steps,10,last_24h,208257,0.03236148780171464,0.5346453464534645,0.789193160373961,4.699
highest-temperature-in-shanghai-on-june-10-2026,Highest temperature in Shanghai on June 10?,2026-06-08T04:26:36Z,2026-06-10T12:00:00Z,6,29°C,0xfd87fa8472dfb154071783a0aebe68d0b8277ce700a4265c707ec9639114d952,27278603221623619784217526778931912161201014588668933433614811866718916250456,YES,ofi_30s,flow_clock_sensitive,valid_obs_10,valid_observation_steps,10,last_6h,64810,-0.02538055560788293,0.48672566371681414,0.8814380496836908,3.254
highest-temperature-in-shanghai-on-june-10-2026,Highest temperature in Shanghai on June 10?,2026-06-08T04:26:36Z,2026-06-10T12:00:00Z,6,29°C,0xfd87fa8472dfb154071783a0aebe68d0b8277ce700a4265c707ec9639114d952,27278603221623619784217526778931912161201014588668933433614811866718916250456,YES,trade_pressure_30s,flow_clock_sensitive,valid_obs_10,valid_observation_steps,10,early_gt_24h,88446,-0.007673189588209759,0.48594760122490643,0.8338534246885105,12.743
highest-temperature-in-shanghai-on-june-10-2026,Highest temperature in Shanghai on June 10?,2026-06-08T04:26:36Z,2026-06-10T12:00:00Z,6,29°C,0xfd87fa8472dfb154071783a0aebe68d0b8277ce700a4265c707ec9639114d952,27278603221623619784217526778931912161201014588668933433614811866718916250456,YES,trade_pressure_30s,flow_clock_sensitive,valid_obs_10,valid_observation_steps,10,last_24h,208257,0.022570688632286364,0.5153751537515375,0.789193160373961,4.699
highest-temperature-in-shanghai-on-june-10-2026,Highest temperature in Shanghai on June 10?,2026-06-08T04:26:36Z,2026-06-10T12:00:00Z,6,29°C,0xfd87fa8472dfb154071783a0aebe68d0b8277ce700a4265c707ec9639114d952,27278603221623619784217526778931912161201014588668933433614811866718916250456,YES,trade_pressure_30s,flow_clock_sensitive,valid_obs_10,valid_observation_steps,10,last_6h,64810,-0.004278298650353711,0.44703279541905255,0.8814380496836908,3.254
highest-temperature-in-shanghai-on-june-10-2026,Highest temperature in Shanghai on June 10?,2026-06-08T04:26:36Z,2026-06-10T12:00:00Z,6,29°C,0xfd87fa8472dfb154071783a0aebe68d0b8277ce700a4265c707ec9639114d952,27278603221623619784217526778931912161201014588668933433614811866718916250456,YES,depth_imbalance_1,book,valid_obs_50,valid_observation_steps,50,early_gt_24h,88446,0.10517446295119189,0.5567525254407872,0.696684982927436,80.628
highest-temperature-in-shanghai-on-june-10-2026,Highest temperature in Shanghai on June 10?,2026-06-08T04:26:36Z,2026-06-10T12:00:00Z,6,29°C,0xfd87fa8472dfb154071783a0aebe68d0b8277ce700a4265c707ec9639114d952,27278603221623619784217526778931912161201014588668933433614811866718916250456,YES,depth_imbalance_1,book,valid_obs_50,valid_observation_steps,50,last_24h,208257,0.17234717142761952,0.6154555490616274,0.6302885377202206,26.719
highest-temperature-in-shanghai-on-june-10-2026,Highest temperature in Shanghai on June 10?,2026-06-08T04:26:36Z,2026-06-10T12:00:00Z,6,29°C,0xfd87fa8472dfb154071783a0aebe68d0b8277ce700a4265c707ec9639114d952,27278603221623619784217526778931912161201014588668933433614811866718916250456,YES,depth_imbalance_1,book,valid_obs_50,valid_observation_steps,50,last_6h,64748,0.16448442743208244,0.6339967664603892,0.7229721381355408,16.397
highest-temperature-in-shanghai-on-june-10-2026,Highest temperature in Shanghai on June 10?,2026-06-08T04:26:36Z,2026-06-10T12:00:00Z,6,29°C,0xfd87fa8472dfb154071783a0aebe68d0b8277ce700a4265c707ec9639114d952,27278603221623619784217526778931912161201014588668933433614811866718916250456,YES,depth_imbalance_3,book,valid_obs_50,valid_observation_steps,50,early_gt_24h,88446,0.05856767385725775,0.5454952100495769,0.696684982927436,80.628
highest-temperature-in-shanghai-on-june-10-2026,Highest temperature in Shanghai on June 10?,2026-06-08T04:26:36Z,2026-06-10T12:00:00Z,6,29°C,0xfd87fa8472dfb154071783a0aebe68d0b8277ce700a4265c707ec9639114d952,27278603221623619784217526778931912161201014588668933433614811866718916250456,YES,depth_imbalance_3,book,valid_obs_50,valid_observation_steps,50,last_24h,208257,0.12681483587441722,0.5796350412364439,0.6302885377202206,26.719
highest-temperature-in-shanghai-on-june-10-2026,Highest temperature in Shanghai on June 10?,2026-06-08T04:26:36Z,2026-06-10T12:00:00Z,6,29°C,0xfd87fa8472dfb154071783a0aebe68d0b8277ce700a4265c707ec9639114d952,27278603221623619784217526778931912161201014588668933433614811866718916250456,YES,depth_imbalance_3,book,valid_obs_50,valid_observation_steps,50,last_6h,64748,0.10963349738730618,0.5793053464904945,0.7229721381355408,16.397
highest-temperature-in-shanghai-on-june-10-2026,Highest temperature in Shanghai on June 10?,2026-06-08T04:26:36Z,2026-06-10T12:00:00Z,6,29°C,0xfd87fa8472dfb154071783a0aebe68d0b8277ce700a4265c707ec9639114d952,27278603221623619784217526778931912161201014588668933433614811866718916250456,YES,depth_imbalance_5,book,valid_obs_50,valid_observation_steps,50,early_gt_24h,88446,0.0838354568576223,0.5570880083497969,0.696684982927436,80.628
highest-temperature-in-shanghai-on-june-10-2026,Highest temperature in Shanghai on June 10?,2026-06-08T04:26:36Z,2026-06-10T12:00:00Z,6,29°C,0xfd87fa8472dfb154071783a0aebe68d0b8277ce700a4265c707ec9639114d952,27278603221623619784217526778931912161201014588668933433614811866718916250456,YES,depth_imbalance_5,book,valid_obs_50,valid_observation_steps,50,last_24h,208257,0.12415086026478724,0.5833625560101305,0.6302885377202206,26.719
highest-temperature-in-shanghai-on-june-10-2026,Highest temperature in Shanghai on June 10?,2026-06-08T04:26:36Z,2026-06-10T12:00:00Z,6,29°C,0xfd87fa8472dfb154071783a0aebe68d0b8277ce700a4265c707ec9639114d952,27278603221623619784217526778931912161201014588668933433614811866718916250456,YES,depth_imbalance_5,book,valid_obs_50,valid_observation_steps,50,last_6h,64748,0.12495594015116518,0.6062886770362937,0.7229721381355408,16.397
highest-temperature-in-shanghai-on-june-10-2026,Highest temperature in Shanghai on June 10?,2026-06-08T04:26:36Z,2026-06-10T12:00:00Z,6,29°C,0xfd87fa8472dfb154071783a0aebe68d0b8277ce700a4265c707ec9639114d952,27278603221623619784217526778931912161201014588668933433614811866718916250456,YES,microprice_minus_mid,book,valid_obs_50,valid_observation_steps,50,early_gt_24h,88446,0.08411041578554376,0.5732657397398143,0.696684982927436,80.628
highest-temperature-in-shanghai-on-june-10-2026,Highest temperature in Shanghai on June 10?,2026-06-08T04:26:36Z,2026-06-10T12:00:00Z,6,29°C,0xfd87fa8472dfb154071783a0aebe68d0b8277ce700a4265c707ec9639114d952,27278603221623619784217526778931912161201014588668933433614811866718916250456,YES,microprice_minus_mid,book,valid_obs_50,valid_observation_steps,50,last_24h,208257,0.15745269788246494,0.6148321319566206,0.6302885377202206,26.719
highest-temperature-in-shanghai-on-june-10-2026,Highest temperature in Shanghai on June 10?,2026-06-08T04:26:36Z,2026-06-10T12:00:00Z,6,29°C,0xfd87fa8472dfb154071783a0aebe68d0b8277ce700a4265c707ec9639114d952,27278603221623619784217526778931912161201014588668933433614811866718916250456,YES,microprice_minus_mid,book,valid_obs_50,valid_observation_steps,50,last_6h,64748,0.1501079410514307,0.601995874449462,0.7229721381355408,16.397
highest-temperature-in-shanghai-on-june-10-2026,Highest temperature in Shanghai on June 10?,2026-06-08T04:26:36Z,2026-06-10T12:00:00Z,6,29°C,0xfd87fa8472dfb154071783a0aebe68d0b8277ce700a4265c707ec9639114d952,27278603221623619784217526778931912161201014588668933433614811866718916250456,YES,ofi_30s,flow_clock_sensitive,valid_obs_50,valid_observation_steps,50,early_gt_24h,88446,0.07550456870485489,0.5407238975658851,0.696684982927436,80.628
highest-temperature-in-shanghai-on-june-10-2026,Highest temperature in Shanghai on June 10?,2026-06-08T04:26:36Z,2026-06-10T12:00:00Z,6,29°C,0xfd87fa8472dfb154071783a0aebe68d0b8277ce700a4265c707ec9639114d952,27278603221623619784217526778931912161201014588668933433614811866718916250456,YES,ofi_30s,flow_clock_sensitive,valid_obs_50,valid_observation_steps,50,last_24h,208257,0.01259821626164239,0.5131502045587376,0.6302885377202206,26.719
highest-temperature-in-shanghai-on-june-10-2026,Highest temperature in Shanghai on June 10?,2026-06-08T04:26:36Z,2026-06-10T12:00:00Z,6,29°C,0xfd87fa8472dfb154071783a0aebe68d0b8277ce700a4265c707ec9639114d952,27278603221623619784217526778931912161201014588668933433614811866718916250456,YES,ofi_30s,flow_clock_sensitive,valid_obs_50,valid_observation_steps,50,last_6h,64748,-0.012490919037884943,0.5062719518314099,0.7229721381355408,16.397
highest-temperature-in-shanghai-on-june-10-2026,Highest temperature in Shanghai on June 10?,2026-06-08T04:26:36Z,2026-06-10T12:00:00Z,6,29°C,0xfd87fa8472dfb154071783a0aebe68d0b8277ce700a4265c707ec9639114d952,27278603221623619784217526778931912161201014588668933433614811866718916250456,YES,trade_pressure_30s,flow_clock_sensitive,valid_obs_50,valid_observation_steps,50,early_gt_24h,88446,-0.009465942493365178,0.48428821709471803,0.696684982927436,80.628
highest-temperature-in-shanghai-on-june-10-2026,Highest temperature in Shanghai on June 10?,2026-06-08T04:26:36Z,2026-06-10T12:00:00Z,6,29°C,0xfd87fa8472dfb154071783a0aebe68d0b8277ce700a4265c707ec9639114d952,27278603221623619784217526778931912161201014588668933433614811866718916250456,YES,trade_pressure_30s,flow_clock_sensitive,valid_obs_50,valid_observation_steps,50,last_24h,208257,0.009478618941971696,0.5023832716410157,0.6302885377202206,26.719
highest-temperature-in-shanghai-on-june-10-2026,Highest temperature in Shanghai on June 10?,2026-06-08T04:26:36Z,2026-06-10T12:00:00Z,6,29°C,0xfd87fa8472dfb154071783a0aebe68d0b8277ce700a4265c707ec9639114d952,27278603221623619784217526778931912161201014588668933433614811866718916250456,YES,trade_pressure_30s,flow_clock_sensitive,valid_obs_50,valid_observation_steps,50,last_6h,64748,0.016689833497262035,0.44026314322350446,0.7229721381355408,16.397
highest-temperature-in-shanghai-on-june-10-2026,Highest temperature in Shanghai on June 10?,2026-06-08T04:26:36Z,2026-06-10T12:00:00Z,6,29°C,0xfd87fa8472dfb154071783a0aebe68d0b8277ce700a4265c707ec9639114d952,27278603221623619784217526778931912161201014588668933433614811866718916250456,YES,depth_imbalance_1,book,valid_obs_200,valid_observation_steps,200,early_gt_24h,88446,0.04632142013117774,0.5138800545206724,0.5022951857630644,355.38
highest-temperature-in-shanghai-on-june-10-2026,Highest temperature in Shanghai on June 10?,2026-06-08T04:26:36Z,2026-06-10T12:00:00Z,6,29°C,0xfd87fa8472dfb154071783a0aebe68d0b8277ce700a4265c707ec9639114d952,27278603221623619784217526778931912161201014588668933433614811866718916250456,YES,depth_imbalance_1,book,valid_obs_200,valid_observation_steps,200,last_24h,208257,0.22383734623345303,0.6112326309660566,0.38972519531156213,112.892
highest-temperature-in-shanghai-on-june-10-2026,Highest temperature in Shanghai on June 10?,2026-06-08T04:26:36Z,2026-06-10T12:00:00Z,6,29°C,0xfd87fa8472dfb154071783a0aebe68d0b8277ce700a4265c707ec9639114d952,27278603221623619784217526778931912161201014588668933433614811866718916250456,YES,depth_imbalance_1,book,valid_obs_200,valid_observation_steps,200,last_6h,64540,0.1610372231539709,0.6085618266905367,0.5066780291292222,66.0575
highest-temperature-in-shanghai-on-june-10-2026,Highest temperature in Shanghai on June 10?,2026-06-08T04:26:36Z,2026-06-10T12:00:00Z,6,29°C,0xfd87fa8472dfb154071783a0aebe68d0b8277ce700a4265c707ec9639114d952,27278603221623619784217526778931912161201014588668933433614811866718916250456,YES,depth_imbalance_3,book,valid_obs_200,valid_observation_steps,200,early_gt_24h,88446,0.05881857724972441,0.5377555656519764,0.5022951857630644,355.38
highest-temperature-in-shanghai-on-june-10-2026,Highest temperature in Shanghai on June 10?,2026-06-08T04:26:36Z,2026-06-10T12:00:00Z,6,29°C,0xfd87fa8472dfb154071783a0aebe68d0b8277ce700a4265c707ec9639114d952,27278603221623619784217526778931912161201014588668933433614811866718916250456,YES,depth_imbalance_3,book,valid_obs_200,valid_observation_steps,200,last_24h,208257,0.19475006686843258,0.5904684721544683,0.38972519531156213,112.892
highest-temperature-in-shanghai-on-june-10-2026,Highest temperature in Shanghai on June 10?,2026-06-08T04:26:36Z,2026-06-10T12:00:00Z,6,29°C,0xfd87fa8472dfb154071783a0aebe68d0b8277ce700a4265c707ec9639114d952,27278603221623619784217526778931912161201014588668933433614811866718916250456,YES,depth_imbalance_3,book,valid_obs_200,valid_observation_steps,200,last_6h,64540,0.15563508587166755,0.5778761895788185,0.5066780291292222,66.0575
highest-temperature-in-shanghai-on-june-10-2026,Highest temperature in Shanghai on June 10?,2026-06-08T04:26:36Z,2026-06-10T12:00:00Z,6,29°C,0xfd87fa8472dfb154071783a0aebe68d0b8277ce700a4265c707ec9639114d952,27278603221623619784217526778931912161201014588668933433614811866718916250456,YES,depth_imbalance_5,book,valid_obs_200,valid_observation_steps,200,early_gt_24h,88446,0.10319900905159729,0.5509086778736938,0.5022951857630644,355.38
highest-temperature-in-shanghai-on-june-10-2026,Highest temperature in Shanghai on June 10?,2026-06-08T04:26:36Z,2026-06-10T12:00:00Z,6,29°C,0xfd87fa8472dfb154071783a0aebe68d0b8277ce700a4265c707ec9639114d952,27278603221623619784217526778931912161201014588668933433614811866718916250456,YES,depth_imbalance_5,book,valid_obs_200,valid_observation_steps,200,last_24h,208257,0.19995101153462702,0.594733032243851,0.38972519531156213,112.892
highest-temperature-in-shanghai-on-june-10-2026,Highest temperature in Shanghai on June 10?,2026-06-08T04:26:36Z,2026-06-10T12:00:00Z,6,29°C,0xfd87fa8472dfb154071783a0aebe68d0b8277ce700a4265c707ec9639114d952,27278603221623619784217526778931912161201014588668933433614811866718916250456,YES,depth_imbalance_5,book,valid_obs_200,valid_observation_steps,200,last_6h,64540,0.19809689244789158,0.6386821194132981,0.5066780291292222,66.0575
highest-temperature-in-shanghai-on-june-10-2026,Highest temperature in Shanghai on June 10?,2026-06-08T04:26:36Z,2026-06-10T12:00:00Z,6,29°C,0xfd87fa8472dfb154071783a0aebe68d0b8277ce700a4265c707ec9639114d952,27278603221623619784217526778931912161201014588668933433614811866718916250456,YES,microprice_minus_mid,book,valid_obs_200,valid_observation_steps,200,early_gt_24h,88446,0.011127982787346372,0.5171967287596547,0.5022951857630644,355.38
highest-temperature-in-shanghai-on-june-10-2026,Highest temperature in Shanghai on June 10?,2026-06-08T04:26:36Z,2026-06-10T12:00:00Z,6,29°C,0xfd87fa8472dfb154071783a0aebe68d0b8277ce700a4265c707ec9639114d952,27278603221623619784217526778931912161201014588668933433614811866718916250456,YES,microprice_minus_mid,book,valid_obs_200,valid_observation_steps,200,last_24h,208257,0.19175309764607268,0.6113349174626654,0.38972519531156213,112.892
highest-temperature-in-shanghai-on-june-10-2026,Highest temperature in Shanghai on June 10?,2026-06-08T04:26:36Z,2026-06-10T12:00:00Z,6,29°C,0xfd87fa8472dfb154071783a0aebe68d0b8277ce700a4265c707ec9639114d952,27278603221623619784217526778931912161201014588668933433614811866718916250456,YES,microprice_minus_mid,book,valid_obs_200,valid_observation_steps,200,last_6h,64540,0.15985968774288994,0.593234712145482,0.5066780291292222,66.0575
highest-temperature-in-shanghai-on-june-10-2026,Highest temperature in Shanghai on June 10?,2026-06-08T04:26:36Z,2026-06-10T12:00:00Z,6,29°C,0xfd87fa8472dfb154071783a0aebe68d0b8277ce700a4265c707ec9639114d952,27278603221623619784217526778931912161201014588668933433614811866718916250456,YES,ofi_30s,flow_clock_sensitive,valid_obs_200,valid_observation_steps,200,early_gt_24h,88446,0.046384812221940984,0.5397319400272603,0.5022951857630644,355.38
highest-temperature-in-shanghai-on-june-10-2026,Highest temperature in Shanghai on June 10?,2026-06-08T04:26:36Z,2026-06-10T12:00:00Z,6,29°C,0xfd87fa8472dfb154071783a0aebe68d0b8277ce700a4265c707ec9639114d952,27278603221623619784217526778931912161201014588668933433614811866718916250456,YES,ofi_30s,flow_clock_sensitive,valid_obs_200,valid_observation_steps,200,last_24h,208257,0.0501906046320163,0.5259492973704503,0.38972519531156213,112.892
highest-temperature-in-shanghai-on-june-10-2026,Highest temperature in Shanghai on June 10?,2026-06-08T04:26:36Z,2026-06-10T12:00:00Z,6,29°C,0xfd87fa8472dfb154071783a0aebe68d0b8277ce700a4265c707ec9639114d952,27278603221623619784217526778931912161201014588668933433614811866718916250456,YES,ofi_30s,flow_clock_sensitive,valid_obs_200,valid_observation_steps,200,last_6h,64540,-0.01662427231571305,0.49282326706240775,0.5066780291292222,66.0575
highest-temperature-in-shanghai-on-june-10-2026,Highest temperature in Shanghai on June 10?,2026-06-08T04:26:36Z,2026-06-10T12:00:00Z,6,29°C,0xfd87fa8472dfb154071783a0aebe68d0b8277ce700a4265c707ec9639114d952,27278603221623619784217526778931912161201014588668933433614811866718916250456,YES,trade_pressure_30s,flow_clock_sensitive,valid_obs_200,valid_observation_steps,200,early_gt_24h,88446,0.027414794283132222,0.5403907314856883,0.5022951857630644,355.38
highest-temperature-in-shanghai-on-june-10-2026,Highest temperature in Shanghai on June 10?,2026-06-08T04:26:36Z,2026-06-10T12:00:00Z,6,29°C,0xfd87fa8472dfb154071783a0aebe68d0b8277ce700a4265c707ec9639114d952,27278603221623619784217526778931912161201014588668933433614811866718916250456,YES,trade_pressure_30s,flow_clock_sensitive,valid_obs_200,valid_observation_steps,200,last_24h,208257,0.04425856106103228,0.5110626780178451,0.38972519531156213,112.892
highest-temperature-in-shanghai-on-june-10-2026,Highest temperature in Shanghai on June 10?,2026-06-08T04:26:36Z,2026-06-10T12:00:00Z,6,29°C,0xfd87fa8472dfb154071783a0aebe68d0b8277ce700a4265c707ec9639114d952,27278603221623619784217526778931912161201014588668933433614811866718916250456,YES,trade_pressure_30s,flow_clock_sensitive,valid_obs_200,valid_observation_steps,200,last_6h,64540,0.015095736929912605,0.41304689217626184,0.5066780291292222,66.0575
highest-temperature-in-shanghai-on-june-10-2026,Highest temperature in Shanghai on June 10?,2026-06-08T04:26:36Z,2026-06-10T12:00:00Z,7,30°C,0x159328aa49ce5325050c0737bf19698a5a9b5c417d8a7d404e6da19d8ae9d5c2,42762311995392589756762413746744603645968981252144913788678454874717778235915,YES,depth_imbalance_1,book,wall_60s,wall_clock_seconds,60,early_gt_24h,81544,0.08302541209978623,0.5783267827063447,0.8689541842440891,61.565
highest-temperature-in-shanghai-on-june-10-2026,Highest temperature in Shanghai on June 10?,2026-06-08T04:26:36Z,2026-06-10T12:00:00Z,7,30°C,0x159328aa49ce5325050c0737bf19698a5a9b5c417d8a7d404e6da19d8ae9d5c2,42762311995392589756762413746744603645968981252144913788678454874717778235915,YES,depth_imbalance_1,book,wall_60s,wall_clock_seconds,60,last_24h,217222,0.10158410361373593,0.5641688717825355,0.540709504562153,60.417
highest-temperature-in-shanghai-on-june-10-2026,Highest temperature in Shanghai on June 10?,2026-06-08T04:26:36Z,2026-06-10T12:00:00Z,7,30°C,0x159328aa49ce5325050c0737bf19698a5a9b5c417d8a7d404e6da19d8ae9d5c2,42762311995392589756762413746744603645968981252144913788678454874717778235915,YES,depth_imbalance_1,book,wall_60s,wall_clock_seconds,60,last_6h,23657,0.3160879911100761,0.7900650502661147,0.857040199518113,60.561
highest-temperature-in-shanghai-on-june-10-2026,Highest temperature in Shanghai on June 10?,2026-06-08T04:26:36Z,2026-06-10T12:00:00Z,7,30°C,0x159328aa49ce5325050c0737bf19698a5a9b5c417d8a7d404e6da19d8ae9d5c2,42762311995392589756762413746744603645968981252144913788678454874717778235915,YES,depth_imbalance_3,book,wall_60s,wall_clock_seconds,60,early_gt_24h,81544,0.0643349242949874,0.5724312184166199,0.8689541842440891,61.565
highest-temperature-in-shanghai-on-june-10-2026,Highest temperature in Shanghai on June 10?,2026-06-08T04:26:36Z,2026-06-10T12:00:00Z,7,30°C,0x159328aa49ce5325050c0737bf19698a5a9b5c417d8a7d404e6da19d8ae9d5c2,42762311995392589756762413746744603645968981252144913788678454874717778235915,YES,depth_imbalance_3,book,wall_60s,wall_clock_seconds,60,last_24h,217222,0.08145933912329342,0.5375571325475103,0.540709504562153,60.417
highest-temperature-in-shanghai-on-june-10-2026,Highest temperature in Shanghai on June 10?,2026-06-08T04:26:36Z,2026-06-10T12:00:00Z,7,30°C,0x159328aa49ce5325050c0737bf19698a5a9b5c417d8a7d404e6da19d8ae9d5c2,42762311995392589756762413746744603645968981252144913788678454874717778235915,YES,depth_imbalance_3,book,wall_60s,wall_clock_seconds,60,last_6h,23657,0.20251221146574822,0.741277350680071,0.857040199518113,60.561
highest-temperature-in-shanghai-on-june-10-2026,Highest temperature in Shanghai on June 10?,2026-06-08T04:26:36Z,2026-06-10T12:00:00Z,7,30°C,0x159328aa49ce5325050c0737bf19698a5a9b5c417d8a7d404e6da19d8ae9d5c2,42762311995392589756762413746744603645968981252144913788678454874717778235915,YES,depth_imbalance_5,book,wall_60s,wall_clock_seconds,60,early_gt_24h,81544,0.04999808593494435,0.5936739659367397,0.8689541842440891,61.565
highest-temperature-in-shanghai-on-june-10-2026,Highest temperature in Shanghai on June 10?,2026-06-08T04:26:36Z,2026-06-10T12:00:00Z,7,30°C,0x159328aa49ce5325050c0737bf19698a5a9b5c417d8a7d404e6da19d8ae9d5c2,42762311995392589756762413746744603645968981252144913788678454874717778235915,YES,depth_imbalance_5,book,wall_60s,wall_clock_seconds,60,last_24h,217222,0.07775706889701815,0.545084596263331,0.540709504562153,60.417
highest-temperature-in-shanghai-on-june-10-2026,Highest temperature in Shanghai on June 10?,2026-06-08T04:26:36Z,2026-06-10T12:00:00Z,7,30°C,0x159328aa49ce5325050c0737bf19698a5a9b5c417d8a7d404e6da19d8ae9d5c2,42762311995392589756762413746744603645968981252144913788678454874717778235915,YES,depth_imbalance_5,book,wall_60s,wall_clock_seconds,60,last_6h,23657,-0.08065517789335497,0.43465405085748077,0.857040199518113,60.561
highest-temperature-in-shanghai-on-june-10-2026,Highest temperature in Shanghai on June 10?,2026-06-08T04:26:36Z,2026-06-10T12:00:00Z,7,30°C,0x159328aa49ce5325050c0737bf19698a5a9b5c417d8a7d404e6da19d8ae9d5c2,42762311995392589756762413746744603645968981252144913788678454874717778235915,YES,microprice_minus_mid,book,wall_60s,wall_clock_seconds,60,early_gt_24h,81544,0.10438308336827638,0.5788882650196518,0.8689541842440891,61.565
highest-temperature-in-shanghai-on-june-10-2026,Highest temperature in Shanghai on June 10?,2026-06-08T04:26:36Z,2026-06-10T12:00:00Z,7,30°C,0x159328aa49ce5325050c0737bf19698a5a9b5c417d8a7d404e6da19d8ae9d5c2,42762311995392589756762413746744603645968981252144913788678454874717778235915,YES,microprice_minus_mid,book,wall_60s,wall_clock_seconds,60,last_24h,217222,0.06776222482706754,0.5594679656803785,0.540709504562153,60.417
highest-temperature-in-shanghai-on-june-10-2026,Highest temperature in Shanghai on June 10?,2026-06-08T04:26:36Z,2026-06-10T12:00:00Z,7,30°C,0x159328aa49ce5325050c0737bf19698a5a9b5c417d8a7d404e6da19d8ae9d5c2,42762311995392589756762413746744603645968981252144913788678454874717778235915,YES,microprice_minus_mid,book,wall_60s,wall_clock_seconds,60,last_6h,23657,0.25766178428422193,0.6073329390892963,0.857040199518113,60.561
highest-temperature-in-shanghai-on-june-10-2026,Highest temperature in Shanghai on June 10?,2026-06-08T04:26:36Z,2026-06-10T12:00:00Z,7,30°C,0x159328aa49ce5325050c0737bf19698a5a9b5c417d8a7d404e6da19d8ae9d5c2,42762311995392589756762413746744603645968981252144913788678454874717778235915,YES,ofi_30s,flow_clock_sensitive,wall_60s,wall_clock_seconds,60,early_gt_24h,81544,0.0539944199307988,0.5020587684821262,0.8689541842440891,61.565
highest-temperature-in-shanghai-on-june-10-2026,Highest temperature in Shanghai on June 10?,2026-06-08T04:26:36Z,2026-06-10T12:00:00Z,7,30°C,0x159328aa49ce5325050c0737bf19698a5a9b5c417d8a7d404e6da19d8ae9d5c2,42762311995392589756762413746744603645968981252144913788678454874717778235915,YES,ofi_30s,flow_clock_sensitive,wall_60s,wall_clock_seconds,60,last_24h,217222,0.03900069670350409,0.5509682463314891,0.540709504562153,60.417
highest-temperature-in-shanghai-on-june-10-2026,Highest temperature in Shanghai on June 10?,2026-06-08T04:26:36Z,2026-06-10T12:00:00Z,7,30°C,0x159328aa49ce5325050c0737bf19698a5a9b5c417d8a7d404e6da19d8ae9d5c2,42762311995392589756762413746744603645968981252144913788678454874717778235915,YES,ofi_30s,flow_clock_sensitive,wall_60s,wall_clock_seconds,60,last_6h,23657,-0.06239279875135117,0.3911886457717327,0.857040199518113,60.561
highest-temperature-in-shanghai-on-june-10-2026,Highest temperature in Shanghai on June 10?,2026-06-08T04:26:36Z,2026-06-10T12:00:00Z,7,30°C,0x159328aa49ce5325050c0737bf19698a5a9b5c417d8a7d404e6da19d8ae9d5c2,42762311995392589756762413746744603645968981252144913788678454874717778235915,YES,trade_pressure_30s,flow_clock_sensitive,wall_60s,wall_clock_seconds,60,early_gt_24h,81544,-0.0042292897251077766,0.48016095826314803,0.8689541842440891,61.565
highest-temperature-in-shanghai-on-june-10-2026,Highest temperature in Shanghai on June 10?,2026-06-08T04:26:36Z,2026-06-10T12:00:00Z,7,30°C,0x159328aa49ce5325050c0737bf19698a5a9b5c417d8a7d404e6da19d8ae9d5c2,42762311995392589756762413746744603645968981252144913788678454874717778235915,YES,trade_pressure_30s,flow_clock_sensitive,wall_60s,wall_clock_seconds,60,last_24h,217222,0.023038516968671038,0.5785422179456339,0.540709504562153,60.417
highest-temperature-in-shanghai-on-june-10-2026,Highest temperature in Shanghai on June 10?,2026-06-08T04:26:36Z,2026-06-10T12:00:00Z,7,30°C,0x159328aa49ce5325050c0737bf19698a5a9b5c417d8a7d404e6da19d8ae9d5c2,42762311995392589756762413746744603645968981252144913788678454874717778235915,YES,trade_pressure_30s,flow_clock_sensitive,wall_60s,wall_clock_seconds,60,last_6h,23657,0.03975318238628172,0.2740981667652277,0.857040199518113,60.561
highest-temperature-in-shanghai-on-june-10-2026,Highest temperature in Shanghai on June 10?,2026-06-08T04:26:36Z,2026-06-10T12:00:00Z,7,30°C,0x159328aa49ce5325050c0737bf19698a5a9b5c417d8a7d404e6da19d8ae9d5c2,42762311995392589756762413746744603645968981252144913788678454874717778235915,YES,depth_imbalance_1,book,wall_300s,wall_clock_seconds,300,early_gt_24h,79862,0.07653479216072802,0.5546804321217604,0.7647066189176329,301.91
highest-temperature-in-shanghai-on-june-10-2026,Highest temperature in Shanghai on June 10?,2026-06-08T04:26:36Z,2026-06-10T12:00:00Z,7,30°C,0x159328aa49ce5325050c0737bf19698a5a9b5c417d8a7d404e6da19d8ae9d5c2,42762311995392589756762413746744603645968981252144913788678454874717778235915,YES,depth_imbalance_1,book,wall_300s,wall_clock_seconds,300,last_24h,217267,0.03196781096417522,0.5216586820348731,0.21892878347839295,300.452
highest-temperature-in-shanghai-on-june-10-2026,Highest temperature in Shanghai on June 10?,2026-06-08T04:26:36Z,2026-06-10T12:00:00Z,7,30°C,0x159328aa49ce5325050c0737bf19698a5a9b5c417d8a7d404e6da19d8ae9d5c2,42762311995392589756762413746744603645968981252144913788678454874717778235915,YES,depth_imbalance_1,book,wall_300s,wall_clock_seconds,300,last_6h,23464,0.47781679648705433,0.8538344722854974,0.6632287759972724,300.689
highest-temperature-in-shanghai-on-june-10-2026,Highest temperature in Shanghai on June 10?,2026-06-08T04:26:36Z,2026-06-10T12:00:00Z,7,30°C,0x159328aa49ce5325050c0737bf19698a5a9b5c417d8a7d404e6da19d8ae9d5c2,42762311995392589756762413746744603645968981252144913788678454874717778235915,YES,depth_imbalance_3,book,wall_300s,wall_clock_seconds,300,early_gt_24h,79862,0.0388440149952047,0.5080623702836464,0.7647066189176329,301.91
highest-temperature-in-shanghai-on-june-10-2026,Highest temperature in Shanghai on June 10?,2026-06-08T04:26:36Z,2026-06-10T12:00:00Z,7,30°C,0x159328aa49ce5325050c0737bf19698a5a9b5c417d8a7d404e6da19d8ae9d5c2,42762311995392589756762413746744603645968981252144913788678454874717778235915,YES,depth_imbalance_3,book,wall_300s,wall_clock_seconds,300,last_24h,217267,0.08400097163378444,0.5164200564522307,0.21892878347839295,300.452
highest-temperature-in-shanghai-on-june-10-2026,Highest temperature in Shanghai on June 10?,2026-06-08T04:26:36Z,2026-06-10T12:00:00Z,7,30°C,0x159328aa49ce5325050c0737bf19698a5a9b5c417d8a7d404e6da19d8ae9d5c2,42762311995392589756762413746744603645968981252144913788678454874717778235915,YES,depth_imbalance_3,book,wall_300s,wall_clock_seconds,300,last_6h,23464,0.24330211538569288,0.6331308529486206,0.6632287759972724,300.689
highest-temperature-in-shanghai-on-june-10-2026,Highest temperature in Shanghai on June 10?,2026-06-08T04:26:36Z,2026-06-10T12:00:00Z,7,30°C,0x159328aa49ce5325050c0737bf19698a5a9b5c417d8a7d404e6da19d8ae9d5c2,42762311995392589756762413746744603645968981252144913788678454874717778235915,YES,depth_imbalance_5,book,wall_300s,wall_clock_seconds,300,early_gt_24h,79862,0.06034143860894822,0.5714969932414454,0.7647066189176329,301.91
highest-temperature-in-shanghai-on-june-10-2026,Highest temperature in Shanghai on June 10?,2026-06-08T04:26:36Z,2026-06-10T12:00:00Z,7,30°C,0x159328aa49ce5325050c0737bf19698a5a9b5c417d8a7d404e6da19d8ae9d5c2,42762311995392589756762413746744603645968981252144913788678454874717778235915,YES,depth_imbalance_5,book,wall_300s,wall_clock_seconds,300,last_24h,217267,0.11525432233288192,0.5396432549012675,0.21892878347839295,300.452
highest-temperature-in-shanghai-on-june-10-2026,Highest temperature in Shanghai on June 10?,2026-06-08T04:26:36Z,2026-06-10T12:00:00Z,7,30°C,0x159328aa49ce5325050c0737bf19698a5a9b5c417d8a7d404e6da19d8ae9d5c2,42762311995392589756762413746744603645968981252144913788678454874717778235915,YES,depth_imbalance_5,book,wall_300s,wall_clock_seconds,300,last_6h,23464,-0.17209111253483692,0.35408757276638825,0.6632287759972724,300.689
highest-temperature-in-shanghai-on-june-10-2026,Highest temperature in Shanghai on June 10?,2026-06-08T04:26:36Z,2026-06-10T12:00:00Z,7,30°C,0x159328aa49ce5325050c0737bf19698a5a9b5c417d8a7d404e6da19d8ae9d5c2,42762311995392589756762413746744603645968981252144913788678454874717778235915,YES,microprice_minus_mid,book,wall_300s,wall_clock_seconds,300,early_gt_24h,79862,0.11162680723951936,0.5491990846681922,0.7647066189176329,301.91
highest-temperature-in-shanghai-on-june-10-2026,Highest temperature in Shanghai on June 10?,2026-06-08T04:26:36Z,2026-06-10T12:00:00Z,7,30°C,0x159328aa49ce5325050c0737bf19698a5a9b5c417d8a7d404e6da19d8ae9d5c2,42762311995392589756762413746744603645968981252144913788678454874717778235915,YES,microprice_minus_mid,book,wall_300s,wall_clock_seconds,300,last_24h,217267,-0.019789988339806112,0.5118237370433881,0.21892878347839295,300.452
highest-temperature-in-shanghai-on-june-10-2026,Highest temperature in Shanghai on June 10?,2026-06-08T04:26:36Z,2026-06-10T12:00:00Z,7,30°C,0x159328aa49ce5325050c0737bf19698a5a9b5c417d8a7d404e6da19d8ae9d5c2,42762311995392589756762413746744603645968981252144913788678454874717778235915,YES,microprice_minus_mid,book,wall_300s,wall_clock_seconds,300,last_6h,23464,0.23659199383410384,0.4498861047835991,0.6632287759972724,300.689
highest-temperature-in-shanghai-on-june-10-2026,Highest temperature in Shanghai on June 10?,2026-06-08T04:26:36Z,2026-06-10T12:00:00Z,7,30°C,0x159328aa49ce5325050c0737bf19698a5a9b5c417d8a7d404e6da19d8ae9d5c2,42762311995392589756762413746744603645968981252144913788678454874717778235915,YES,ofi_30s,flow_clock_sensitive,wall_300s,wall_clock_seconds,300,early_gt_24h,79862,0.023572216578372718,0.4863498483316481,0.7647066189176329,301.91
highest-temperature-in-shanghai-on-june-10-2026,Highest temperature in Shanghai on June 10?,2026-06-08T04:26:36Z,2026-06-10T12:00:00Z,7,30°C,0x159328aa49ce5325050c0737bf19698a5a9b5c417d8a7d404e6da19d8ae9d5c2,42762311995392589756762413746744603645968981252144913788678454874717778235915,YES,ofi_30s,flow_clock_sensitive,wall_300s,wall_clock_seconds,300,last_24h,217267,0.004673613519223303,0.5180700172656614,0.21892878347839295,300.452
highest-temperature-in-shanghai-on-june-10-2026,Highest temperature in Shanghai on June 10?,2026-06-08T04:26:36Z,2026-06-10T12:00:00Z,7,30°C,0x159328aa49ce5325050c0737bf19698a5a9b5c417d8a7d404e6da19d8ae9d5c2,42762311995392589756762413746744603645968981252144913788678454874717778235915,YES,ofi_30s,flow_clock_sensitive,wall_300s,wall_clock_seconds,300,last_6h,23464,-0.0927502976084881,0.32763857251328776,0.6632287759972724,300.689
highest-temperature-in-shanghai-on-june-10-2026,Highest temperature in Shanghai on June 10?,2026-06-08T04:26:36Z,2026-06-10T12:00:00Z,7,30°C,0x159328aa49ce5325050c0737bf19698a5a9b5c417d8a7d404e6da19d8ae9d5c2,42762311995392589756762413746744603645968981252144913788678454874717778235915,YES,trade_pressure_30s,flow_clock_sensitive,wall_300s,wall_clock_seconds,300,early_gt_24h,79862,-0.0032308955964628103,0.47086371135117877,0.7647066189176329,301.91
highest-temperature-in-shanghai-on-june-10-2026,Highest temperature in Shanghai on June 10?,2026-06-08T04:26:36Z,2026-06-10T12:00:00Z,7,30°C,0x159328aa49ce5325050c0737bf19698a5a9b5c417d8a7d404e6da19d8ae9d5c2,42762311995392589756762413746744603645968981252144913788678454874717778235915,YES,trade_pressure_30s,flow_clock_sensitive,wall_300s,wall_clock_seconds,300,last_24h,217267,0.06802704497248391,0.586396073093264,0.21892878347839295,300.452
highest-temperature-in-shanghai-on-june-10-2026,Highest temperature in Shanghai on June 10?,2026-06-08T04:26:36Z,2026-06-10T12:00:00Z,7,30°C,0x159328aa49ce5325050c0737bf19698a5a9b5c417d8a7d404e6da19d8ae9d5c2,42762311995392589756762413746744603645968981252144913788678454874717778235915,YES,trade_pressure_30s,flow_clock_sensitive,wall_300s,wall_clock_seconds,300,last_6h,23464,0.033010494893255214,0.2785370792204505,0.6632287759972724,300.689
highest-temperature-in-shanghai-on-june-10-2026,Highest temperature in Shanghai on June 10?,2026-06-08T04:26:36Z,2026-06-10T12:00:00Z,7,30°C,0x159328aa49ce5325050c0737bf19698a5a9b5c417d8a7d404e6da19d8ae9d5c2,42762311995392589756762413746744603645968981252144913788678454874717778235915,YES,depth_imbalance_1,book,wall_900s,wall_clock_seconds,900,early_gt_24h,77739,0.14679359343811021,0.5930466430418543,0.5970748273067572,901.967
highest-temperature-in-shanghai-on-june-10-2026,Highest temperature in Shanghai on June 10?,2026-06-08T04:26:36Z,2026-06-10T12:00:00Z,7,30°C,0x159328aa49ce5325050c0737bf19698a5a9b5c417d8a7d404e6da19d8ae9d5c2,42762311995392589756762413746744603645968981252144913788678454874717778235915,YES,depth_imbalance_1,book,wall_900s,wall_clock_seconds,900,last_24h,217119,-0.09154440175578914,0.509143483501059,0.07138942239048632,900.508
highest-temperature-in-shanghai-on-june-10-2026,Highest temperature in Shanghai on June 10?,2026-06-08T04:26:36Z,2026-06-10T12:00:00Z,7,30°C,0x159328aa49ce5325050c0737bf19698a5a9b5c417d8a7d404e6da19d8ae9d5c2,42762311995392589756762413746744603645968981252144913788678454874717778235915,YES,depth_imbalance_1,book,wall_900s,wall_clock_seconds,900,last_6h,22271,0.465798660748332,0.6612116991643454,0.3552153024112074,900.738
highest-temperature-in-shanghai-on-june-10-2026,Highest temperature in Shanghai on June 10?,2026-06-08T04:26:36Z,2026-06-10T12:00:00Z,7,30°C,0x159328aa49ce5325050c0737bf19698a5a9b5c417d8a7d404e6da19d8ae9d5c2,42762311995392589756762413746744603645968981252144913788678454874717778235915,YES,depth_imbalance_3,book,wall_900s,wall_clock_seconds,900,early_gt_24h,77739,0.07371389965613198,0.5189158126616225,0.5970748273067572,901.967
highest-temperature-in-shanghai-on-june-10-2026,Highest temperature in Shanghai on June 10?,2026-06-08T04:26:36Z,2026-06-10T12:00:00Z,7,30°C,0x159328aa49ce5325050c0737bf19698a5a9b5c417d8a7d404e6da19d8ae9d5c2,42762311995392589756762413746744603645968981252144913788678454874717778235915,YES,depth_imbalance_3,book,wall_900s,wall_clock_seconds,900,last_24h,217119,0.07568867362789047,0.5139446183147421,0.07138942239048632,900.508
highest-temperature-in-shanghai-on-june-10-2026,Highest temperature in Shanghai on June 10?,2026-06-08T04:26:36Z,2026-06-10T12:00:00Z,7,30°C,0x159328aa49ce5325050c0737bf19698a5a9b5c417d8a7d404e6da19d8ae9d5c2,42762311995392589756762413746744603645968981252144913788678454874717778235915,YES,depth_imbalance_3,book,wall_900s,wall_clock_seconds,900,last_6h,22271,0.2813063166444494,0.6210306406685236,0.3552153024112074,900.738
highest-temperature-in-shanghai-on-june-10-2026,Highest temperature in Shanghai on June 10?,2026-06-08T04:26:36Z,2026-06-10T12:00:00Z,7,30°C,0x159328aa49ce5325050c0737bf19698a5a9b5c417d8a7d404e6da19d8ae9d5c2,42762311995392589756762413746744603645968981252144913788678454874717778235915,YES,depth_imbalance_5,book,wall_900s,wall_clock_seconds,900,early_gt_24h,77739,0.1474246565696455,0.6281646074769339,0.5970748273067572,901.967
highest-temperature-in-shanghai-on-june-10-2026,Highest temperature in Shanghai on June 10?,2026-06-08T04:26:36Z,2026-06-10T12:00:00Z,7,30°C,0x159328aa49ce5325050c0737bf19698a5a9b5c417d8a7d404e6da19d8ae9d5c2,42762311995392589756762413746744603645968981252144913788678454874717778235915,YES,depth_imbalance_5,book,wall_900s,wall_clock_seconds,900,last_24h,217119,0.17241335355144483,0.555240329532435,0.07138942239048632,900.508
highest-temperature-in-shanghai-on-june-10-2026,Highest temperature in Shanghai on June 10?,2026-06-08T04:26:36Z,2026-06-10T12:00:00Z,7,30°C,0x159328aa49ce5325050c0737bf19698a5a9b5c417d8a7d404e6da19d8ae9d5c2,42762311995392589756762413746744603645968981252144913788678454874717778235915,YES,depth_imbalance_5,book,wall_900s,wall_clock_seconds,900,last_6h,22271,-0.10826140224506095,0.4411559888579387,0.3552153024112074,900.738
highest-temperature-in-shanghai-on-june-10-2026,Highest temperature in Shanghai on June 10?,2026-06-08T04:26:36Z,2026-06-10T12:00:00Z,7,30°C,0x159328aa49ce5325050c0737bf19698a5a9b5c417d8a7d404e6da19d8ae9d5c2,42762311995392589756762413746744603645968981252144913788678454874717778235915,YES,microprice_minus_mid,book,wall_900s,wall_clock_seconds,900,early_gt_24h,77739,0.16081479004032495,0.6015707307729145,0.5970748273067572,901.967
highest-temperature-in-shanghai-on-june-10-2026,Highest temperature in Shanghai on June 10?,2026-06-08T04:26:36Z,2026-06-10T12:00:00Z,7,30°C,0x159328aa49ce5325050c0737bf19698a5a9b5c417d8a7d404e6da19d8ae9d5c2,42762311995392589756762413746744603645968981252144913788678454874717778235915,YES,microprice_minus_mid,book,wall_900s,wall_clock_seconds,900,last_24h,217119,-0.12299981480395238,0.49794910201915493,0.07138942239048632,900.508
highest-temperature-in-shanghai-on-june-10-2026,Highest temperature in Shanghai on June 10?,2026-06-08T04:26:36Z,2026-06-10T12:00:00Z,7,30°C,0x159328aa49ce5325050c0737bf19698a5a9b5c417d8a7d404e6da19d8ae9d5c2,42762311995392589756762413746744603645968981252144913788678454874717778235915,YES,microprice_minus_mid,book,wall_900s,wall_clock_seconds,900,last_6h,22271,0.18220911242921362,0.3594707520891365,0.3552153024112074,900.738
highest-temperature-in-shanghai-on-june-10-2026,Highest temperature in Shanghai on June 10?,2026-06-08T04:26:36Z,2026-06-10T12:00:00Z,7,30°C,0x159328aa49ce5325050c0737bf19698a5a9b5c417d8a7d404e6da19d8ae9d5c2,42762311995392589756762413746744603645968981252144913788678454874717778235915,YES,ofi_30s,flow_clock_sensitive,wall_900s,wall_clock_seconds,900,early_gt_24h,77739,0.03170907343829324,0.46004533409954346,0.5970748273067572,901.967
highest-temperature-in-shanghai-on-june-10-2026,Highest temperature in Shanghai on June 10?,2026-06-08T04:26:36Z,2026-06-10T12:00:00Z,7,30°C,0x159328aa49ce5325050c0737bf19698a5a9b5c417d8a7d404e6da19d8ae9d5c2,42762311995392589756762413746744603645968981252144913788678454874717778235915,YES,ofi_30s,flow_clock_sensitive,wall_900s,wall_clock_seconds,900,last_24h,217119,-0.01836011290753837,0.4928850951547225,0.07138942239048632,900.508
highest-temperature-in-shanghai-on-june-10-2026,Highest temperature in Shanghai on June 10?,2026-06-08T04:26:36Z,2026-06-10T12:00:00Z,7,30°C,0x159328aa49ce5325050c0737bf19698a5a9b5c417d8a7d404e6da19d8ae9d5c2,42762311995392589756762413746744603645968981252144913788678454874717778235915,YES,ofi_30s,flow_clock_sensitive,wall_900s,wall_clock_seconds,900,last_6h,22271,-0.07840147032952974,0.3516713091922006,0.3552153024112074,900.738
highest-temperature-in-shanghai-on-june-10-2026,Highest temperature in Shanghai on June 10?,2026-06-08T04:26:36Z,2026-06-10T12:00:00Z,7,30°C,0x159328aa49ce5325050c0737bf19698a5a9b5c417d8a7d404e6da19d8ae9d5c2,42762311995392589756762413746744603645968981252144913788678454874717778235915,YES,trade_pressure_30s,flow_clock_sensitive,wall_900s,wall_clock_seconds,900,early_gt_24h,77739,-0.032845254636497456,0.4605242154327491,0.5970748273067572,901.967
highest-temperature-in-shanghai-on-june-10-2026,Highest temperature in Shanghai on June 10?,2026-06-08T04:26:36Z,2026-06-10T12:00:00Z,7,30°C,0x159328aa49ce5325050c0737bf19698a5a9b5c417d8a7d404e6da19d8ae9d5c2,42762311995392589756762413746744603645968981252144913788678454874717778235915,YES,trade_pressure_30s,flow_clock_sensitive,wall_900s,wall_clock_seconds,900,last_24h,217119,0.06461635922288961,0.6011834202133728,0.07138942239048632,900.508
highest-temperature-in-shanghai-on-june-10-2026,Highest temperature in Shanghai on June 10?,2026-06-08T04:26:36Z,2026-06-10T12:00:00Z,7,30°C,0x159328aa49ce5325050c0737bf19698a5a9b5c417d8a7d404e6da19d8ae9d5c2,42762311995392589756762413746744603645968981252144913788678454874717778235915,YES,trade_pressure_30s,flow_clock_sensitive,wall_900s,wall_clock_seconds,900,last_6h,22271,0.04144193427293583,0.30139275766016715,0.3552153024112074,900.738
highest-temperature-in-shanghai-on-june-10-2026,Highest temperature in Shanghai on June 10?,2026-06-08T04:26:36Z,2026-06-10T12:00:00Z,7,30°C,0x159328aa49ce5325050c0737bf19698a5a9b5c417d8a7d404e6da19d8ae9d5c2,42762311995392589756762413746744603645968981252144913788678454874717778235915,YES,depth_imbalance_1,book,valid_obs_10,valid_observation_steps,10,early_gt_24h,82268,0.06868417057493705,0.6076290414066932,0.9142801575339136,12.65
highest-temperature-in-shanghai-on-june-10-2026,Highest temperature in Shanghai on June 10?,2026-06-08T04:26:36Z,2026-06-10T12:00:00Z,7,30°C,0x159328aa49ce5325050c0737bf19698a5a9b5c417d8a7d404e6da19d8ae9d5c2,42762311995392589756762413746744603645968981252144913788678454874717778235915,YES,depth_imbalance_1,book,valid_obs_10,valid_observation_steps,10,last_24h,217352,0.050243001890467535,0.5519073653172799,0.8502061172660017,4.545
highest-temperature-in-shanghai-on-june-10-2026,Highest temperature in Shanghai on June 10?,2026-06-08T04:26:36Z,2026-06-10T12:00:00Z,7,30°C,0x159328aa49ce5325050c0737bf19698a5a9b5c417d8a7d404e6da19d8ae9d5c2,42762311995392589756762413746744603645968981252144913788678454874717778235915,YES,depth_imbalance_1,book,valid_obs_10,valid_observation_steps,10,last_6h,23712,0.10019734124529915,0.7550335570469798,0.9748650472334683,6.591
highest-temperature-in-shanghai-on-june-10-2026,Highest temperature in Shanghai on June 10?,2026-06-08T04:26:36Z,2026-06-10T12:00:00Z,7,30°C,0x159328aa49ce5325050c0737bf19698a5a9b5c417d8a7d404e6da19d8ae9d5c2,42762311995392589756762413746744603645968981252144913788678454874717778235915,YES,depth_imbalance_3,book,valid_obs_10,valid_observation_steps,10,early_gt_24h,82268,0.05034564812666197,0.5640952921157119,0.9142801575339136,12.65
highest-temperature-in-shanghai-on-june-10-2026,Highest temperature in Shanghai on June 10?,2026-06-08T04:26:36Z,2026-06-10T12:00:00Z,7,30°C,0x159328aa49ce5325050c0737bf19698a5a9b5c417d8a7d404e6da19d8ae9d5c2,42762311995392589756762413746744603645968981252144913788678454874717778235915,YES,depth_imbalance_3,book,valid_obs_10,valid_observation_steps,10,last_24h,217352,0.05662022207328236,0.5723938816880644,0.8502061172660017,4.545
highest-temperature-in-shanghai-on-june-10-2026,Highest temperature in Shanghai on June 10?,2026-06-08T04:26:36Z,2026-06-10T12:00:00Z,7,30°C,0x159328aa49ce5325050c0737bf19698a5a9b5c417d8a7d404e6da19d8ae9d5c2,42762311995392589756762413746744603645968981252144913788678454874717778235915,YES,depth_imbalance_3,book,valid_obs_10,valid_observation_steps,10,last_6h,23712,0.015403303346145442,0.5788590604026845,0.9748650472334683,6.591
highest-temperature-in-shanghai-on-june-10-2026,Highest temperature in Shanghai on June 10?,2026-06-08T04:26:36Z,2026-06-10T12:00:00Z,7,30°C,0x159328aa49ce5325050c0737bf19698a5a9b5c417d8a7d404e6da19d8ae9d5c2,42762311995392589756762413746744603645968981252144913788678454874717778235915,YES,depth_imbalance_5,book,valid_obs_10,valid_observation_steps,10,early_gt_24h,82268,0.0294925626575449,0.5456608054452637,0.9142801575339136,12.65
highest-temperature-in-shanghai-on-june-10-2026,Highest temperature in Shanghai on June 10?,2026-06-08T04:26:36Z,2026-06-10T12:00:00Z,7,30°C,0x159328aa49ce5325050c0737bf19698a5a9b5c417d8a7d404e6da19d8ae9d5c2,42762311995392589756762413746744603645968981252144913788678454874717778235915,YES,depth_imbalance_5,book,valid_obs_10,valid_observation_steps,10,last_24h,217352,0.04389287640494075,0.5630566988144234,0.8502061172660017,4.545
highest-temperature-in-shanghai-on-june-10-2026,Highest temperature in Shanghai on June 10?,2026-06-08T04:26:36Z,2026-06-10T12:00:00Z,7,30°C,0x159328aa49ce5325050c0737bf19698a5a9b5c417d8a7d404e6da19d8ae9d5c2,42762311995392589756762413746744603645968981252144913788678454874717778235915,YES,depth_imbalance_5,book,valid_obs_10,valid_observation_steps,10,last_6h,23712,-0.030253422728077496,0.42449664429530204,0.9748650472334683,6.591
highest-temperature-in-shanghai-on-june-10-2026,Highest temperature in Shanghai on June 10?,2026-06-08T04:26:36Z,2026-06-10T12:00:00Z,7,30°C,0x159328aa49ce5325050c0737bf19698a5a9b5c417d8a7d404e6da19d8ae9d5c2,42762311995392589756762413746744603645968981252144913788678454874717778235915,YES,microprice_minus_mid,book,valid_obs_10,valid_observation_steps,10,early_gt_24h,82268,0.0896462391016512,0.5978445830969937,0.9142801575339136,12.65
highest-temperature-in-shanghai-on-june-10-2026,Highest temperature in Shanghai on June 10?,2026-06-08T04:26:36Z,2026-06-10T12:00:00Z,7,30°C,0x159328aa49ce5325050c0737bf19698a5a9b5c417d8a7d404e6da19d8ae9d5c2,42762311995392589756762413746744603645968981252144913788678454874717778235915,YES,microprice_minus_mid,book,valid_obs_10,valid_observation_steps,10,last_24h,217352,0.03887249248262225,0.5442901898150992,0.8502061172660017,4.545
highest-temperature-in-shanghai-on-june-10-2026,Highest temperature in Shanghai on June 10?,2026-06-08T04:26:36Z,2026-06-10T12:00:00Z,7,30°C,0x159328aa49ce5325050c0737bf19698a5a9b5c417d8a7d404e6da19d8ae9d5c2,42762311995392589756762413746744603645968981252144913788678454874717778235915,YES,microprice_minus_mid,book,valid_obs_10,valid_observation_steps,10,last_6h,23712,0.05127943834574999,0.5654362416107382,0.9748650472334683,6.591
highest-temperature-in-shanghai-on-june-10-2026,Highest temperature in Shanghai on June 10?,2026-06-08T04:26:36Z,2026-06-10T12:00:00Z,7,30°C,0x159328aa49ce5325050c0737bf19698a5a9b5c417d8a7d404e6da19d8ae9d5c2,42762311995392589756762413746744603645968981252144913788678454874717778235915,YES,ofi_30s,flow_clock_sensitive,valid_obs_10,valid_observation_steps,10,early_gt_24h,82268,0.027779387884362277,0.5246738513896767,0.9142801575339136,12.65
highest-temperature-in-shanghai-on-june-10-2026,Highest temperature in Shanghai on June 10?,2026-06-08T04:26:36Z,2026-06-10T12:00:00Z,7,30°C,0x159328aa49ce5325050c0737bf19698a5a9b5c417d8a7d404e6da19d8ae9d5c2,42762311995392589756762413746744603645968981252144913788678454874717778235915,YES,ofi_30s,flow_clock_sensitive,valid_obs_10,valid_observation_steps,10,last_24h,217352,0.016339191255066807,0.5287179802199152,0.8502061172660017,4.545
highest-temperature-in-shanghai-on-june-10-2026,Highest temperature in Shanghai on June 10?,2026-06-08T04:26:36Z,2026-06-10T12:00:00Z,7,30°C,0x159328aa49ce5325050c0737bf19698a5a9b5c417d8a7d404e6da19d8ae9d5c2,42762311995392589756762413746744603645968981252144913788678454874717778235915,YES,ofi_30s,flow_clock_sensitive,valid_obs_10,valid_observation_steps,10,last_6h,23712,0.01789928473369102,0.4429530201342282,0.9748650472334683,6.591
highest-temperature-in-shanghai-on-june-10-2026,Highest temperature in Shanghai on June 10?,2026-06-08T04:26:36Z,2026-06-10T12:00:00Z,7,30°C,0x159328aa49ce5325050c0737bf19698a5a9b5c417d8a7d404e6da19d8ae9d5c2,42762311995392589756762413746744603645968981252144913788678454874717778235915,YES,trade_pressure_30s,flow_clock_sensitive,valid_obs_10,valid_observation_steps,10,early_gt_24h,82268,0.00957135117503513,0.5140385706182643,0.9142801575339136,12.65
highest-temperature-in-shanghai-on-june-10-2026,Highest temperature in Shanghai on June 10?,2026-06-08T04:26:36Z,2026-06-10T12:00:00Z,7,30°C,0x159328aa49ce5325050c0737bf19698a5a9b5c417d8a7d404e6da19d8ae9d5c2,42762311995392589756762413746744603645968981252144913788678454874717778235915,YES,trade_pressure_30s,flow_clock_sensitive,valid_obs_10,valid_observation_steps,10,last_24h,217352,0.011212643168146722,0.5485287794090546,0.8502061172660017,4.545
highest-temperature-in-shanghai-on-june-10-2026,Highest temperature in Shanghai on June 10?,2026-06-08T04:26:36Z,2026-06-10T12:00:00Z,7,30°C,0x159328aa49ce5325050c0737bf19698a5a9b5c417d8a7d404e6da19d8ae9d5c2,42762311995392589756762413746744603645968981252144913788678454874717778235915,YES,trade_pressure_30s,flow_clock_sensitive,valid_obs_10,valid_observation_steps,10,last_6h,23712,-0.0027391657204929813,0.34395973154362414,0.9748650472334683,6.591
highest-temperature-in-shanghai-on-june-10-2026,Highest temperature in Shanghai on June 10?,2026-06-08T04:26:36Z,2026-06-10T12:00:00Z,7,30°C,0x159328aa49ce5325050c0737bf19698a5a9b5c417d8a7d404e6da19d8ae9d5c2,42762311995392589756762413746744603645968981252144913788678454874717778235915,YES,depth_imbalance_1,book,valid_obs_50,valid_observation_steps,50,early_gt_24h,82268,0.07250409012401894,0.5615182363648621,0.8196990324305927,72.8885
highest-temperature-in-shanghai-on-june-10-2026,Highest temperature in Shanghai on June 10?,2026-06-08T04:26:36Z,2026-06-10T12:00:00Z,7,30°C,0x159328aa49ce5325050c0737bf19698a5a9b5c417d8a7d404e6da19d8ae9d5c2,42762311995392589756762413746744603645968981252144913788678454874717778235915,YES,depth_imbalance_1,book,valid_obs_50,valid_observation_steps,50,last_24h,217352,0.07401227355463352,0.5442756892944074,0.6767777614192646,24.909
highest-temperature-in-shanghai-on-june-10-2026,Highest temperature in Shanghai on June 10?,2026-06-08T04:26:36Z,2026-06-10T12:00:00Z,7,30°C,0x159328aa49ce5325050c0737bf19698a5a9b5c417d8a7d404e6da19d8ae9d5c2,42762311995392589756762413746744603645968981252144913788678454874717778235915,YES,depth_imbalance_1,book,valid_obs_50,valid_observation_steps,50,last_6h,23656,0.21033786247979175,0.7385531135531136,0.9076766993574569,35.235
highest-temperature-in-shanghai-on-june-10-2026,Highest temperature in Shanghai on June 10?,2026-06-08T04:26:36Z,2026-06-10T12:00:00Z,7,30°C,0x159328aa49ce5325050c0737bf19698a5a9b5c417d8a7d404e6da19d8ae9d5c2,42762311995392589756762413746744603645968981252144913788678454874717778235915,YES,depth_imbalance_3,book,valid_obs_50,valid_observation_steps,50,early_gt_24h,82268,0.05401958833314213,0.5342816692509944,0.8196990324305927,72.8885
highest-temperature-in-shanghai-on-june-10-2026,Highest temperature in Shanghai on June 10?,2026-06-08T04:26:36Z,2026-06-10T12:00:00Z,7,30°C,0x159328aa49ce5325050c0737bf19698a5a9b5c417d8a7d404e6da19d8ae9d5c2,42762311995392589756762413746744603645968981252144913788678454874717778235915,YES,depth_imbalance_3,book,valid_obs_50,valid_observation_steps,50,last_24h,217352,0.07186807490748848,0.5524461588828947,0.6767777614192646,24.909
highest-temperature-in-shanghai-on-june-10-2026,Highest temperature in Shanghai on June 10?,2026-06-08T04:26:36Z,2026-06-10T12:00:00Z,7,30°C,0x159328aa49ce5325050c0737bf19698a5a9b5c417d8a7d404e6da19d8ae9d5c2,42762311995392589756762413746744603645968981252144913788678454874717778235915,YES,depth_imbalance_3,book,valid_obs_50,valid_observation_steps,50,last_6h,23656,0.0738394830859449,0.6423992673992674,0.9076766993574569,35.235
highest-temperature-in-shanghai-on-june-10-2026,Highest temperature in Shanghai on June 10?,2026-06-08T04:26:36Z,2026-06-10T12:00:00Z,7,30°C,0x159328aa49ce5325050c0737bf19698a5a9b5c417d8a7d404e6da19d8ae9d5c2,42762311995392589756762413746744603645968981252144913788678454874717778235915,YES,depth_imbalance_5,book,valid_obs_50,valid_observation_steps,50,early_gt_24h,82268,0.040181645532603956,0.54102339378413,0.8196990324305927,72.8885
highest-temperature-in-shanghai-on-june-10-2026,Highest temperature in Shanghai on June 10?,2026-06-08T04:26:36Z,2026-06-10T12:00:00Z,7,30°C,0x159328aa49ce5325050c0737bf19698a5a9b5c417d8a7d404e6da19d8ae9d5c2,42762311995392589756762413746744603645968981252144913788678454874717778235915,YES,depth_imbalance_5,book,valid_obs_50,valid_observation_steps,50,last_24h,217352,0.06313957149281992,0.5438344269995588,0.6767777614192646,24.909
highest-temperature-in-shanghai-on-june-10-2026,Highest temperature in Shanghai on June 10?,2026-06-08T04:26:36Z,2026-06-10T12:00:00Z,7,30°C,0x159328aa49ce5325050c0737bf19698a5a9b5c417d8a7d404e6da19d8ae9d5c2,42762311995392589756762413746744603645968981252144913788678454874717778235915,YES,depth_imbalance_5,book,valid_obs_50,valid_observation_steps,50,last_6h,23656,-0.050681252441838166,0.4551282051282051,0.9076766993574569,35.235
highest-temperature-in-shanghai-on-june-10-2026,Highest temperature in Shanghai on June 10?,2026-06-08T04:26:36Z,2026-06-10T12:00:00Z,7,30°C,0x159328aa49ce5325050c0737bf19698a5a9b5c417d8a7d404e6da19d8ae9d5c2,42762311995392589756762413746744603645968981252144913788678454874717778235915,YES,microprice_minus_mid,book,valid_obs_50,valid_observation_steps,50,early_gt_24h,82268,0.10666235777765254,0.5676532056900155,0.8196990324305927,72.8885
highest-temperature-in-shanghai-on-june-10-2026,Highest temperature in Shanghai on June 10?,2026-06-08T04:26:36Z,2026-06-10T12:00:00Z,7,30°C,0x159328aa49ce5325050c0737bf19698a5a9b5c417d8a7d404e6da19d8ae9d5c2,42762311995392589756762413746744603645968981252144913788678454874717778235915,YES,microprice_minus_mid,book,valid_obs_50,valid_observation_steps,50,last_24h,217352,0.05159988478779729,0.5423967659744068,0.6767777614192646,24.909
highest-temperature-in-shanghai-on-june-10-2026,Highest temperature in Shanghai on June 10?,2026-06-08T04:26:36Z,2026-06-10T12:00:00Z,7,30°C,0x159328aa49ce5325050c0737bf19698a5a9b5c417d8a7d404e6da19d8ae9d5c2,42762311995392589756762413746744603645968981252144913788678454874717778235915,YES,microprice_minus_mid,book,valid_obs_50,valid_observation_steps,50,last_6h,23656,0.18972252484027335,0.6144688644688645,0.9076766993574569,35.235
highest-temperature-in-shanghai-on-june-10-2026,Highest temperature in Shanghai on June 10?,2026-06-08T04:26:36Z,2026-06-10T12:00:00Z,7,30°C,0x159328aa49ce5325050c0737bf19698a5a9b5c417d8a7d404e6da19d8ae9d5c2,42762311995392589756762413746744603645968981252144913788678454874717778235915,YES,ofi_30s,flow_clock_sensitive,valid_obs_50,valid_observation_steps,50,early_gt_24h,82268,0.03340292977708693,0.5136519921795996,0.8196990324305927,72.8885
highest-temperature-in-shanghai-on-june-10-2026,Highest temperature in Shanghai on June 10?,2026-06-08T04:26:36Z,2026-06-10T12:00:00Z,7,30°C,0x159328aa49ce5325050c0737bf19698a5a9b5c417d8a7d404e6da19d8ae9d5c2,42762311995392589756762413746744603645968981252144913788678454874717778235915,YES,ofi_30s,flow_clock_sensitive,valid_obs_50,valid_observation_steps,50,last_24h,217352,-0.010663326577848386,0.5230381620713707,0.6767777614192646,24.909
highest-temperature-in-shanghai-on-june-10-2026,Highest temperature in Shanghai on June 10?,2026-06-08T04:26:36Z,2026-06-10T12:00:00Z,7,30°C,0x159328aa49ce5325050c0737bf19698a5a9b5c417d8a7d404e6da19d8ae9d5c2,42762311995392589756762413746744603645968981252144913788678454874717778235915,YES,ofi_30s,flow_clock_sensitive,valid_obs_50,valid_observation_steps,50,last_6h,23656,-0.07639652704068535,0.30631868131868134,0.9076766993574569,35.235
highest-temperature-in-shanghai-on-june-10-2026,Highest temperature in Shanghai on June 10?,2026-06-08T04:26:36Z,2026-06-10T12:00:00Z,7,30°C,0x159328aa49ce5325050c0737bf19698a5a9b5c417d8a7d404e6da19d8ae9d5c2,42762311995392589756762413746744603645968981252144913788678454874717778235915,YES,trade_pressure_30s,flow_clock_sensitive,valid_obs_50,valid_observation_steps,50,early_gt_24h,82268,0.0027888272653036872,0.5140564956515877,0.8196990324305927,72.8885
highest-temperature-in-shanghai-on-june-10-2026,Highest temperature in Shanghai on June 10?,2026-06-08T04:26:36Z,2026-06-10T12:00:00Z,7,30°C,0x159328aa49ce5325050c0737bf19698a5a9b5c417d8a7d404e6da19d8ae9d5c2,42762311995392589756762413746744603645968981252144913788678454874717778235915,YES,trade_pressure_30s,flow_clock_sensitive,valid_obs_50,valid_observation_steps,50,last_24h,217352,0.013412591477650353,0.5617269013422914,0.6767777614192646,24.909
highest-temperature-in-shanghai-on-june-10-2026,Highest temperature in Shanghai on June 10?,2026-06-08T04:26:36Z,2026-06-10T12:00:00Z,7,30°C,0x159328aa49ce5325050c0737bf19698a5a9b5c417d8a7d404e6da19d8ae9d5c2,42762311995392589756762413746744603645968981252144913788678454874717778235915,YES,trade_pressure_30s,flow_clock_sensitive,valid_obs_50,valid_observation_steps,50,last_6h,23656,-0.0297367114444756,0.2673992673992674,0.9076766993574569,35.235
highest-temperature-in-shanghai-on-june-10-2026,Highest temperature in Shanghai on June 10?,2026-06-08T04:26:36Z,2026-06-10T12:00:00Z,7,30°C,0x159328aa49ce5325050c0737bf19698a5a9b5c417d8a7d404e6da19d8ae9d5c2,42762311995392589756762413746744603645968981252144913788678454874717778235915,YES,depth_imbalance_1,book,valid_obs_200,valid_observation_steps,200,early_gt_24h,82268,0.10185483276901501,0.5573891625615763,0.7038945884183401,305.2255
highest-temperature-in-shanghai-on-june-10-2026,Highest temperature in Shanghai on June 10?,2026-06-08T04:26:36Z,2026-06-10T12:00:00Z,7,30°C,0x159328aa49ce5325050c0737bf19698a5a9b5c417d8a7d404e6da19d8ae9d5c2,42762311995392589756762413746744603645968981252144913788678454874717778235915,YES,depth_imbalance_1,book,valid_obs_200,valid_observation_steps,200,last_24h,217352,0.0943889753102156,0.5457441824144932,0.4108174757996246,103.097
highest-temperature-in-shanghai-on-june-10-2026,Highest temperature in Shanghai on June 10?,2026-06-08T04:26:36Z,2026-06-10T12:00:00Z,7,30°C,0x159328aa49ce5325050c0737bf19698a5a9b5c417d8a7d404e6da19d8ae9d5c2,42762311995392589756762413746744603645968981252144913788678454874717778235915,YES,depth_imbalance_1,book,valid_obs_200,valid_observation_steps,200,last_6h,23464,0.41635070942574237,0.8272489082969432,0.7560092055915445,142.547
highest-temperature-in-shanghai-on-june-10-2026,Highest temperature in Shanghai on June 10?,2026-06-08T04:26:36Z,2026-06-10T12:00:00Z,7,30°C,0x159328aa49ce5325050c0737bf19698a5a9b5c417d8a7d404e6da19d8ae9d5c2,42762311995392589756762413746744603645968981252144913788678454874717778235915,YES,depth_imbalance_3,book,valid_obs_200,valid_observation_steps,200,early_gt_24h,82268,0.08204336035378626,0.5467980295566502,0.7038945884183401,305.2255
highest-temperature-in-shanghai-on-june-10-2026,Highest temperature in Shanghai on June 10?,2026-06-08T04:26:36Z,2026-06-10T12:00:00Z,7,30°C,0x159328aa49ce5325050c0737bf19698a5a9b5c417d8a7d404e6da19d8ae9d5c2,42762311995392589756762413746744603645968981252144913788678454874717778235915,YES,depth_imbalance_3,book,valid_obs_200,valid_observation_steps,200,last_24h,217352,0.08276767650457696,0.5363735748867718,0.4108174757996246,103.097
highest-temperature-in-shanghai-on-june-10-2026,Highest temperature in Shanghai on June 10?,2026-06-08T04:26:36Z,2026-06-10T12:00:00Z,7,30°C,0x159328aa49ce5325050c0737bf19698a5a9b5c417d8a7d404e6da19d8ae9d5c2,42762311995392589756762413746744603645968981252144913788678454874717778235915,YES,depth_imbalance_3,book,valid_obs_200,valid_observation_steps,200,last_6h,23464,0.15479772034713185,0.6335371179039301,0.7560092055915445,142.547
highest-temperature-in-shanghai-on-june-10-2026,Highest temperature in Shanghai on June 10?,2026-06-08T04:26:36Z,2026-06-10T12:00:00Z,7,30°C,0x159328aa49ce5325050c0737bf19698a5a9b5c417d8a7d404e6da19d8ae9d5c2,42762311995392589756762413746744603645968981252144913788678454874717778235915,YES,depth_imbalance_5,book,valid_obs_200,valid_observation_steps,200,early_gt_24h,82268,0.07688856019220058,0.5621741450798473,0.7038945884183401,305.2255
highest-temperature-in-shanghai-on-june-10-2026,Highest temperature in Shanghai on June 10?,2026-06-08T04:26:36Z,2026-06-10T12:00:00Z,7,30°C,0x159328aa49ce5325050c0737bf19698a5a9b5c417d8a7d404e6da19d8ae9d5c2,42762311995392589756762413746744603645968981252144913788678454874717778235915,YES,depth_imbalance_5,book,valid_obs_200,valid_observation_steps,200,last_24h,217352,0.08853891062402273,0.5464938310167109,0.4108174757996246,103.097
highest-temperature-in-shanghai-on-june-10-2026,Highest temperature in Shanghai on June 10?,2026-06-08T04:26:36Z,2026-06-10T12:00:00Z,7,30°C,0x159328aa49ce5325050c0737bf19698a5a9b5c417d8a7d404e6da19d8ae9d5c2,42762311995392589756762413746744603645968981252144913788678454874717778235915,YES,depth_imbalance_5,book,valid_obs_200,valid_observation_steps,200,last_6h,23464,-0.18185257690929002,0.33065502183406115,0.7560092055915445,142.547
highest-temperature-in-shanghai-on-june-10-2026,Highest temperature in Shanghai on June 10?,2026-06-08T04:26:36Z,2026-06-10T12:00:00Z,7,30°C,0x159328aa49ce5325050c0737bf19698a5a9b5c417d8a7d404e6da19d8ae9d5c2,42762311995392589756762413746744603645968981252144913788678454874717778235915,YES,microprice_minus_mid,book,valid_obs_200,valid_observation_steps,200,early_gt_24h,82268,0.1255234133633027,0.5636288998357963,0.7038945884183401,305.2255
highest-temperature-in-shanghai-on-june-10-2026,Highest temperature in Shanghai on June 10?,2026-06-08T04:26:36Z,2026-06-10T12:00:00Z,7,30°C,0x159328aa49ce5325050c0737bf19698a5a9b5c417d8a7d404e6da19d8ae9d5c2,42762311995392589756762413746744603645968981252144913788678454874717778235915,YES,microprice_minus_mid,book,valid_obs_200,valid_observation_steps,200,last_24h,217352,0.06331676477721641,0.5404966421989692,0.4108174757996246,103.097
highest-temperature-in-shanghai-on-june-10-2026,Highest temperature in Shanghai on June 10?,2026-06-08T04:26:36Z,2026-06-10T12:00:00Z,7,30°C,0x159328aa49ce5325050c0737bf19698a5a9b5c417d8a7d404e6da19d8ae9d5c2,42762311995392589756762413746744603645968981252144913788678454874717778235915,YES,microprice_minus_mid,book,valid_obs_200,valid_observation_steps,200,last_6h,23464,0.24612578333447538,0.5343231441048035,0.7560092055915445,142.547
highest-temperature-in-shanghai-on-june-10-2026,Highest temperature in Shanghai on June 10?,2026-06-08T04:26:36Z,2026-06-10T12:00:00Z,7,30°C,0x159328aa49ce5325050c0737bf19698a5a9b5c417d8a7d404e6da19d8ae9d5c2,42762311995392589756762413746744603645968981252144913788678454874717778235915,YES,ofi_30s,flow_clock_sensitive,valid_obs_200,valid_observation_steps,200,early_gt_24h,82268,0.018378227831933047,0.4945812807881773,0.7038945884183401,305.2255
highest-temperature-in-shanghai-on-june-10-2026,Highest temperature in Shanghai on June 10?,2026-06-08T04:26:36Z,2026-06-10T12:00:00Z,7,30°C,0x159328aa49ce5325050c0737bf19698a5a9b5c417d8a7d404e6da19d8ae9d5c2,42762311995392589756762413746744603645968981252144913788678454874717778235915,YES,ofi_30s,flow_clock_sensitive,valid_obs_200,valid_observation_steps,200,last_24h,217352,0.04434654409347999,0.5508121193190691,0.4108174757996246,103.097
highest-temperature-in-shanghai-on-june-10-2026,Highest temperature in Shanghai on June 10?,2026-06-08T04:26:36Z,2026-06-10T12:00:00Z,7,30°C,0x159328aa49ce5325050c0737bf19698a5a9b5c417d8a7d404e6da19d8ae9d5c2,42762311995392589756762413746744603645968981252144913788678454874717778235915,YES,ofi_30s,flow_clock_sensitive,valid_obs_200,valid_observation_steps,200,last_6h,23464,-0.056634002137866644,0.36087336244541485,0.7560092055915445,142.547
highest-temperature-in-shanghai-on-june-10-2026,Highest temperature in Shanghai on June 10?,2026-06-08T04:26:36Z,2026-06-10T12:00:00Z,7,30°C,0x159328aa49ce5325050c0737bf19698a5a9b5c417d8a7d404e6da19d8ae9d5c2,42762311995392589756762413746744603645968981252144913788678454874717778235915,YES,trade_pressure_30s,flow_clock_sensitive,valid_obs_200,valid_observation_steps,200,early_gt_24h,82268,-0.013411703115630532,0.5236863711001642,0.7038945884183401,305.2255
highest-temperature-in-shanghai-on-june-10-2026,Highest temperature in Shanghai on June 10?,2026-06-08T04:26:36Z,2026-06-10T12:00:00Z,7,30°C,0x159328aa49ce5325050c0737bf19698a5a9b5c417d8a7d404e6da19d8ae9d5c2,42762311995392589756762413746744603645968981252144913788678454874717778235915,YES,trade_pressure_30s,flow_clock_sensitive,valid_obs_200,valid_observation_steps,200,last_24h,217352,0.06339688960801146,0.5838122754958613,0.4108174757996246,103.097
highest-temperature-in-shanghai-on-june-10-2026,Highest temperature in Shanghai on June 10?,2026-06-08T04:26:36Z,2026-06-10T12:00:00Z,7,30°C,0x159328aa49ce5325050c0737bf19698a5a9b5c417d8a7d404e6da19d8ae9d5c2,42762311995392589756762413746744603645968981252144913788678454874717778235915,YES,trade_pressure_30s,flow_clock_sensitive,valid_obs_200,valid_observation_steps,200,last_6h,23464,0.04823105379561885,0.257292576419214,0.7560092055915445,142.547
highest-temperature-in-shanghai-on-june-10-2026,Highest temperature in Shanghai on June 10?,2026-06-08T04:26:36Z,2026-06-10T12:00:00Z,8,31°C,0xdb6d5221bcee90c9b194e42681793e2caff0509197eb53c0031fc9802f50474f,83824793511464858660778918412947343764676476743062614862944889637630496459149,YES,depth_imbalance_1,book,wall_60s,wall_clock_seconds,60,early_gt_24h,86576,0.05151351771998053,0.5327135467635957,0.834757900572907,61.692
highest-temperature-in-shanghai-on-june-10-2026,Highest temperature in Shanghai on June 10?,2026-06-08T04:26:36Z,2026-06-10T12:00:00Z,8,31°C,0xdb6d5221bcee90c9b194e42681793e2caff0509197eb53c0031fc9802f50474f,83824793511464858660778918412947343764676476743062614862944889637630496459149,YES,depth_imbalance_1,book,wall_60s,wall_clock_seconds,60,last_24h,151400,0.13130219550933817,0.5455856598331101,0.5511955085865258,60.537
highest-temperature-in-shanghai-on-june-10-2026,Highest temperature in Shanghai on June 10?,2026-06-08T04:26:36Z,2026-06-10T12:00:00Z,8,31°C,0xdb6d5221bcee90c9b194e42681793e2caff0509197eb53c0031fc9802f50474f,83824793511464858660778918412947343764676476743062614862944889637630496459149,YES,depth_imbalance_1,book,wall_60s,wall_clock_seconds,60,last_6h,18446,0.19067585256261038,0.6962540716612378,0.9334273013119375,60.69
highest-temperature-in-shanghai-on-june-10-2026,Highest temperature in Shanghai on June 10?,2026-06-08T04:26:36Z,2026-06-10T12:00:00Z,8,31°C,0xdb6d5221bcee90c9b194e42681793e2caff0509197eb53c0031fc9802f50474f,83824793511464858660778918412947343764676476743062614862944889637630496459149,YES,depth_imbalance_3,book,wall_60s,wall_clock_seconds,60,early_gt_24h,86576,0.07593912392032212,0.6164546344191248,0.834757900572907,61.692
highest-temperature-in-shanghai-on-june-10-2026,Highest temperature in Shanghai on June 10?,2026-06-08T04:26:36Z,2026-06-10T12:00:00Z,8,31°C,0xdb6d5221bcee90c9b194e42681793e2caff0509197eb53c0031fc9802f50474f,83824793511464858660778918412947343764676476743062614862944889637630496459149,YES,depth_imbalance_3,book,wall_60s,wall_clock_seconds,60,last_24h,151400,0.11054324106587608,0.5587131525114424,0.5511955085865258,60.537
highest-temperature-in-shanghai-on-june-10-2026,Highest temperature in Shanghai on June 10?,2026-06-08T04:26:36Z,2026-06-10T12:00:00Z,8,31°C,0xdb6d5221bcee90c9b194e42681793e2caff0509197eb53c0031fc9802f50474f,83824793511464858660778918412947343764676476743062614862944889637630496459149,YES,depth_imbalance_3,book,wall_60s,wall_clock_seconds,60,last_6h,18446,-0.0011438219549663223,0.5610749185667753,0.9334273013119375,60.69
highest-temperature-in-shanghai-on-june-10-2026,Highest temperature in Shanghai on June 10?,2026-06-08T04:26:36Z,2026-06-10T12:00:00Z,8,31°C,0xdb6d5221bcee90c9b194e42681793e2caff0509197eb53c0031fc9802f50474f,83824793511464858660778918412947343764676476743062614862944889637630496459149,YES,depth_imbalance_5,book,wall_60s,wall_clock_seconds,60,early_gt_24h,86576,0.01365407250459521,0.5255137704459667,0.834757900572907,61.692
highest-temperature-in-shanghai-on-june-10-2026,Highest temperature in Shanghai on June 10?,2026-06-08T04:26:36Z,2026-06-10T12:00:00Z,8,31°C,0xdb6d5221bcee90c9b194e42681793e2caff0509197eb53c0031fc9802f50474f,83824793511464858660778918412947343764676476743062614862944889637630496459149,YES,depth_imbalance_5,book,wall_60s,wall_clock_seconds,60,last_24h,151400,0.11151161305322144,0.5532237413354133,0.5511955085865258,60.537
highest-temperature-in-shanghai-on-june-10-2026,Highest temperature in Shanghai on June 10?,2026-06-08T04:26:36Z,2026-06-10T12:00:00Z,8,31°C,0xdb6d5221bcee90c9b194e42681793e2caff0509197eb53c0031fc9802f50474f,83824793511464858660778918412947343764676476743062614862944889637630496459149,YES,depth_imbalance_5,book,wall_60s,wall_clock_seconds,60,last_6h,18446,-0.008164404778496306,0.5846905537459284,0.9334273013119375,60.69
highest-temperature-in-shanghai-on-june-10-2026,Highest temperature in Shanghai on June 10?,2026-06-08T04:26:36Z,2026-06-10T12:00:00Z,8,31°C,0xdb6d5221bcee90c9b194e42681793e2caff0509197eb53c0031fc9802f50474f,83824793511464858660778918412947343764676476743062614862944889637630496459149,YES,microprice_minus_mid,book,wall_60s,wall_clock_seconds,60,early_gt_24h,86576,0.023557652340979764,0.538305606039424,0.834757900572907,61.692
highest-temperature-in-shanghai-on-june-10-2026,Highest temperature in Shanghai on June 10?,2026-06-08T04:26:36Z,2026-06-10T12:00:00Z,8,31°C,0xdb6d5221bcee90c9b194e42681793e2caff0509197eb53c0031fc9802f50474f,83824793511464858660778918412947343764676476743062614862944889637630496459149,YES,microprice_minus_mid,book,wall_60s,wall_clock_seconds,60,last_24h,151400,0.08750276240608301,0.5428041619449882,0.5511955085865258,60.537
highest-temperature-in-shanghai-on-june-10-2026,Highest temperature in Shanghai on June 10?,2026-06-08T04:26:36Z,2026-06-10T12:00:00Z,8,31°C,0xdb6d5221bcee90c9b194e42681793e2caff0509197eb53c0031fc9802f50474f,83824793511464858660778918412947343764676476743062614862944889637630496459149,YES,microprice_minus_mid,book,wall_60s,wall_clock_seconds,60,last_6h,18446,0.19400939144502505,0.75,0.9334273013119375,60.69
highest-temperature-in-shanghai-on-june-10-2026,Highest temperature in Shanghai on June 10?,2026-06-08T04:26:36Z,2026-06-10T12:00:00Z,8,31°C,0xdb6d5221bcee90c9b194e42681793e2caff0509197eb53c0031fc9802f50474f,83824793511464858660778918412947343764676476743062614862944889637630496459149,YES,ofi_30s,flow_clock_sensitive,wall_60s,wall_clock_seconds,60,early_gt_24h,86576,0.15555364441887046,0.6227457011044317,0.834757900572907,61.692
highest-temperature-in-shanghai-on-june-10-2026,Highest temperature in Shanghai on June 10?,2026-06-08T04:26:36Z,2026-06-10T12:00:00Z,8,31°C,0xdb6d5221bcee90c9b194e42681793e2caff0509197eb53c0031fc9802f50474f,83824793511464858660778918412947343764676476743062614862944889637630496459149,YES,ofi_30s,flow_clock_sensitive,wall_60s,wall_clock_seconds,60,last_24h,151400,-0.07381969713597653,0.4810666823647147,0.5511955085865258,60.537
highest-temperature-in-shanghai-on-june-10-2026,Highest temperature in Shanghai on June 10?,2026-06-08T04:26:36Z,2026-06-10T12:00:00Z,8,31°C,0xdb6d5221bcee90c9b194e42681793e2caff0509197eb53c0031fc9802f50474f,83824793511464858660778918412947343764676476743062614862944889637630496459149,YES,ofi_30s,flow_clock_sensitive,wall_60s,wall_clock_seconds,60,last_6h,18446,-0.12679231651690165,0.28664495114006516,0.9334273013119375,60.69
highest-temperature-in-shanghai-on-june-10-2026,Highest temperature in Shanghai on June 10?,2026-06-08T04:26:36Z,2026-06-10T12:00:00Z,8,31°C,0xdb6d5221bcee90c9b194e42681793e2caff0509197eb53c0031fc9802f50474f,83824793511464858660778918412947343764676476743062614862944889637630496459149,YES,trade_pressure_30s,flow_clock_sensitive,wall_60s,wall_clock_seconds,60,early_gt_24h,86576,0.004950480577537645,0.45568293023906054,0.834757900572907,61.692
highest-temperature-in-shanghai-on-june-10-2026,Highest temperature in Shanghai on June 10?,2026-06-08T04:26:36Z,2026-06-10T12:00:00Z,8,31°C,0xdb6d5221bcee90c9b194e42681793e2caff0509197eb53c0031fc9802f50474f,83824793511464858660778918412947343764676476743062614862944889637630496459149,YES,trade_pressure_30s,flow_clock_sensitive,wall_60s,wall_clock_seconds,60,last_24h,151400,-0.08761582089094637,0.5953730003384892,0.5511955085865258,60.537
highest-temperature-in-shanghai-on-june-10-2026,Highest temperature in Shanghai on June 10?,2026-06-08T04:26:36Z,2026-06-10T12:00:00Z,8,31°C,0xdb6d5221bcee90c9b194e42681793e2caff0509197eb53c0031fc9802f50474f,83824793511464858660778918412947343764676476743062614862944889637630496459149,YES,trade_pressure_30s,flow_clock_sensitive,wall_60s,wall_clock_seconds,60,last_6h,18446,-0.00383520235692058,0.44625407166123776,0.9334273013119375,60.69
highest-temperature-in-shanghai-on-june-10-2026,Highest temperature in Shanghai on June 10?,2026-06-08T04:26:36Z,2026-06-10T12:00:00Z,8,31°C,0xdb6d5221bcee90c9b194e42681793e2caff0509197eb53c0031fc9802f50474f,83824793511464858660778918412947343764676476743062614862944889637630496459149,YES,depth_imbalance_1,book,wall_300s,wall_clock_seconds,300,early_gt_24h,86576,-0.005735986689683701,0.4770826236705651,0.6948230456477545,302.114
highest-temperature-in-shanghai-on-june-10-2026,Highest temperature in Shanghai on June 10?,2026-06-08T04:26:36Z,2026-06-10T12:00:00Z,8,31°C,0xdb6d5221bcee90c9b194e42681793e2caff0509197eb53c0031fc9802f50474f,83824793511464858660778918412947343764676476743062614862944889637630496459149,YES,depth_imbalance_1,book,wall_300s,wall_clock_seconds,300,last_24h,151400,0.07973743925121414,0.47578143416151997,0.2995046235138705,300.667
highest-temperature-in-shanghai-on-june-10-2026,Highest temperature in Shanghai on June 10?,2026-06-08T04:26:36Z,2026-06-10T12:00:00Z,8,31°C,0xdb6d5221bcee90c9b194e42681793e2caff0509197eb53c0031fc9802f50474f,83824793511464858660778918412947343764676476743062614862944889637630496459149,YES,depth_imbalance_1,book,wall_300s,wall_clock_seconds,300,last_6h,18164,0.24247652772708989,0.8956916099773242,0.8300484474785289,300.912
highest-temperature-in-shanghai-on-june-10-2026,Highest temperature in Shanghai on June 10?,2026-06-08T04:26:36Z,2026-06-10T12:00:00Z,8,31°C,0xdb6d5221bcee90c9b194e42681793e2caff0509197eb53c0031fc9802f50474f,83824793511464858660778918412947343764676476743062614862944889637630496459149,YES,depth_imbalance_3,book,wall_300s,wall_clock_seconds,300,early_gt_24h,86576,0.09004827344153343,0.5735210627909617,0.6948230456477545,302.114
highest-temperature-in-shanghai-on-june-10-2026,Highest temperature in Shanghai on June 10?,2026-06-08T04:26:36Z,2026-06-10T12:00:00Z,8,31°C,0xdb6d5221bcee90c9b194e42681793e2caff0509197eb53c0031fc9802f50474f,83824793511464858660778918412947343764676476743062614862944889637630496459149,YES,depth_imbalance_3,book,wall_300s,wall_clock_seconds,300,last_24h,151400,0.1330120254728772,0.5342982414784782,0.2995046235138705,300.667
highest-temperature-in-shanghai-on-june-10-2026,Highest temperature in Shanghai on June 10?,2026-06-08T04:26:36Z,2026-06-10T12:00:00Z,8,31°C,0xdb6d5221bcee90c9b194e42681793e2caff0509197eb53c0031fc9802f50474f,83824793511464858660778918412947343764676476743062614862944889637630496459149,YES,depth_imbalance_3,book,wall_300s,wall_clock_seconds,300,last_6h,18164,-0.23449333703186792,0.4314868804664723,0.8300484474785289,300.912
highest-temperature-in-shanghai-on-june-10-2026,Highest temperature in Shanghai on June 10?,2026-06-08T04:26:36Z,2026-06-10T12:00:00Z,8,31°C,0xdb6d5221bcee90c9b194e42681793e2caff0509197eb53c0031fc9802f50474f,83824793511464858660778918412947343764676476743062614862944889637630496459149,YES,depth_imbalance_5,book,wall_300s,wall_clock_seconds,300,early_gt_24h,86576,0.0406749217867852,0.5314333295484652,0.6948230456477545,302.114
highest-temperature-in-shanghai-on-june-10-2026,Highest temperature in Shanghai on June 10?,2026-06-08T04:26:36Z,2026-06-10T12:00:00Z,8,31°C,0xdb6d5221bcee90c9b194e42681793e2caff0509197eb53c0031fc9802f50474f,83824793511464858660778918412947343764676476743062614862944889637630496459149,YES,depth_imbalance_5,book,wall_300s,wall_clock_seconds,300,last_24h,151400,0.15561005730473257,0.544943661307812,0.2995046235138705,300.667
highest-temperature-in-shanghai-on-june-10-2026,Highest temperature in Shanghai on June 10?,2026-06-08T04:26:36Z,2026-06-10T12:00:00Z,8,31°C,0xdb6d5221bcee90c9b194e42681793e2caff0509197eb53c0031fc9802f50474f,83824793511464858660778918412947343764676476743062614862944889637630496459149,YES,depth_imbalance_5,book,wall_300s,wall_clock_seconds,300,last_6h,18164,-0.1753090888848875,0.3654033041788144,0.8300484474785289,300.912
highest-temperature-in-shanghai-on-june-10-2026,Highest temperature in Shanghai on June 10?,2026-06-08T04:26:36Z,2026-06-10T12:00:00Z,8,31°C,0xdb6d5221bcee90c9b194e42681793e2caff0509197eb53c0031fc9802f50474f,83824793511464858660778918412947343764676476743062614862944889637630496459149,YES,microprice_minus_mid,book,wall_300s,wall_clock_seconds,300,early_gt_24h,86576,-0.03822008122360307,0.4846523598652587,0.6948230456477545,302.114
highest-temperature-in-shanghai-on-june-10-2026,Highest temperature in Shanghai on June 10?,2026-06-08T04:26:36Z,2026-06-10T12:00:00Z,8,31°C,0xdb6d5221bcee90c9b194e42681793e2caff0509197eb53c0031fc9802f50474f,83824793511464858660778918412947343764676476743062614862944889637630496459149,YES,microprice_minus_mid,book,wall_300s,wall_clock_seconds,300,last_24h,151400,-0.0032182077156157913,0.4957427749752487,0.2995046235138705,300.667
highest-temperature-in-shanghai-on-june-10-2026,Highest temperature in Shanghai on June 10?,2026-06-08T04:26:36Z,2026-06-10T12:00:00Z,8,31°C,0xdb6d5221bcee90c9b194e42681793e2caff0509197eb53c0031fc9802f50474f,83824793511464858660778918412947343764676476743062614862944889637630496459149,YES,microprice_minus_mid,book,wall_300s,wall_clock_seconds,300,last_6h,18164,-0.26991766370383413,0.2989957887917072,0.8300484474785289,300.912
highest-temperature-in-shanghai-on-june-10-2026,Highest temperature in Shanghai on June 10?,2026-06-08T04:26:36Z,2026-06-10T12:00:00Z,8,31°C,0xdb6d5221bcee90c9b194e42681793e2caff0509197eb53c0031fc9802f50474f,83824793511464858660778918412947343764676476743062614862944889637630496459149,YES,ofi_30s,flow_clock_sensitive,wall_300s,wall_clock_seconds,300,early_gt_24h,86576,0.11808519056104991,0.5603497218121949,0.6948230456477545,302.114
highest-temperature-in-shanghai-on-june-10-2026,Highest temperature in Shanghai on June 10?,2026-06-08T04:26:36Z,2026-06-10T12:00:00Z,8,31°C,0xdb6d5221bcee90c9b194e42681793e2caff0509197eb53c0031fc9802f50474f,83824793511464858660778918412947343764676476743062614862944889637630496459149,YES,ofi_30s,flow_clock_sensitive,wall_300s,wall_clock_seconds,300,last_24h,151400,-0.10462450688234162,0.46513601433218615,0.2995046235138705,300.667
highest-temperature-in-shanghai-on-june-10-2026,Highest temperature in Shanghai on June 10?,2026-06-08T04:26:36Z,2026-06-10T12:00:00Z,8,31°C,0xdb6d5221bcee90c9b194e42681793e2caff0509197eb53c0031fc9802f50474f,83824793511464858660778918412947343764676476743062614862944889637630496459149,YES,ofi_30s,flow_clock_sensitive,wall_300s,wall_clock_seconds,300,last_6h,18164,-0.06930525049919746,0.4062196307094266,0.8300484474785289,300.912
highest-temperature-in-shanghai-on-june-10-2026,Highest temperature in Shanghai on June 10?,2026-06-08T04:26:36Z,2026-06-10T12:00:00Z,8,31°C,0xdb6d5221bcee90c9b194e42681793e2caff0509197eb53c0031fc9802f50474f,83824793511464858660778918412947343764676476743062614862944889637630496459149,YES,trade_pressure_30s,flow_clock_sensitive,wall_300s,wall_clock_seconds,300,early_gt_24h,86576,-0.019962655794035975,0.4910109382688013,0.6948230456477545,302.114
highest-temperature-in-shanghai-on-june-10-2026,Highest temperature in Shanghai on June 10?,2026-06-08T04:26:36Z,2026-06-10T12:00:00Z,8,31°C,0xdb6d5221bcee90c9b194e42681793e2caff0509197eb53c0031fc9802f50474f,83824793511464858660778918412947343764676476743062614862944889637630496459149,YES,trade_pressure_30s,flow_clock_sensitive,wall_300s,wall_clock_seconds,300,last_24h,151400,-0.032886987418487,0.5838857196737541,0.2995046235138705,300.667
highest-temperature-in-shanghai-on-june-10-2026,Highest temperature in Shanghai on June 10?,2026-06-08T04:26:36Z,2026-06-10T12:00:00Z,8,31°C,0xdb6d5221bcee90c9b194e42681793e2caff0509197eb53c0031fc9802f50474f,83824793511464858660778918412947343764676476743062614862944889637630496459149,YES,trade_pressure_30s,flow_clock_sensitive,wall_300s,wall_clock_seconds,300,last_6h,18164,-0.03937843886073952,0.1755749919015225,0.8300484474785289,300.912
highest-temperature-in-shanghai-on-june-10-2026,Highest temperature in Shanghai on June 10?,2026-06-08T04:26:36Z,2026-06-10T12:00:00Z,8,31°C,0xdb6d5221bcee90c9b194e42681793e2caff0509197eb53c0031fc9802f50474f,83824793511464858660778918412947343764676476743062614862944889637630496459149,YES,depth_imbalance_1,book,wall_900s,wall_clock_seconds,900,early_gt_24h,86579,-0.030887369113543554,0.495438241737079,0.5201954284526271,902.385
highest-temperature-in-shanghai-on-june-10-2026,Highest temperature in Shanghai on June 10?,2026-06-08T04:26:36Z,2026-06-10T12:00:00Z,8,31°C,0xdb6d5221bcee90c9b194e42681793e2caff0509197eb53c0031fc9802f50474f,83824793511464858660778918412947343764676476743062614862944889637630496459149,YES,depth_imbalance_1,book,wall_900s,wall_clock_seconds,900,last_24h,151400,0.1238056462758763,0.5250581646495343,0.12844782034346103,900.7864999999999
highest-temperature-in-shanghai-on-june-10-2026,Highest temperature in Shanghai on June 10?,2026-06-08T04:26:36Z,2026-06-10T12:00:00Z,8,31°C,0xdb6d5221bcee90c9b194e42681793e2caff0509197eb53c0031fc9802f50474f,83824793511464858660778918412947343764676476743062614862944889637630496459149,YES,depth_imbalance_1,book,wall_900s,wall_clock_seconds,900,last_6h,16727,0.29649985647738947,0.9250685348766372,0.8037304956059066,901.033
highest-temperature-in-shanghai-on-june-10-2026,Highest temperature in Shanghai on June 10?,2026-06-08T04:26:36Z,2026-06-10T12:00:00Z,8,31°C,0xdb6d5221bcee90c9b194e42681793e2caff0509197eb53c0031fc9802f50474f,83824793511464858660778918412947343764676476743062614862944889637630496459149,YES,depth_imbalance_3,book,wall_900s,wall_clock_seconds,900,early_gt_24h,86579,0.04012447610055131,0.5097373679015912,0.5201954284526271,902.385
highest-temperature-in-shanghai-on-june-10-2026,Highest temperature in Shanghai on June 10?,2026-06-08T04:26:36Z,2026-06-10T12:00:00Z,8,31°C,0xdb6d5221bcee90c9b194e42681793e2caff0509197eb53c0031fc9802f50474f,83824793511464858660778918412947343764676476743062614862944889637630496459149,YES,depth_imbalance_3,book,wall_900s,wall_clock_seconds,900,last_24h,151400,0.2660452920211566,0.6160526854258713,0.12844782034346103,900.7864999999999
highest-temperature-in-shanghai-on-june-10-2026,Highest temperature in Shanghai on June 10?,2026-06-08T04:26:36Z,2026-06-10T12:00:00Z,8,31°C,0xdb6d5221bcee90c9b194e42681793e2caff0509197eb53c0031fc9802f50474f,83824793511464858660778918412947343764676476743062614862944889637630496459149,YES,depth_imbalance_3,book,wall_900s,wall_clock_seconds,900,last_6h,16727,-0.4211519580597404,0.3064270484313128,0.8037304956059066,901.033
highest-temperature-in-shanghai-on-june-10-2026,Highest temperature in Shanghai on June 10?,2026-06-08T04:26:36Z,2026-06-10T12:00:00Z,8,31°C,0xdb6d5221bcee90c9b194e42681793e2caff0509197eb53c0031fc9802f50474f,83824793511464858660778918412947343764676476743062614862944889637630496459149,YES,depth_imbalance_5,book,wall_900s,wall_clock_seconds,900,early_gt_24h,86579,-0.0029325919066281406,0.46691220721696636,0.5201954284526271,902.385
highest-temperature-in-shanghai-on-june-10-2026,Highest temperature in Shanghai on June 10?,2026-06-08T04:26:36Z,2026-06-10T12:00:00Z,8,31°C,0xdb6d5221bcee90c9b194e42681793e2caff0509197eb53c0031fc9802f50474f,83824793511464858660778918412947343764676476743062614862944889637630496459149,YES,depth_imbalance_5,book,wall_900s,wall_clock_seconds,900,last_24h,151400,0.273685018050359,0.5926504134047729,0.12844782034346103,900.7864999999999
highest-temperature-in-shanghai-on-june-10-2026,Highest temperature in Shanghai on June 10?,2026-06-08T04:26:36Z,2026-06-10T12:00:00Z,8,31°C,0xdb6d5221bcee90c9b194e42681793e2caff0509197eb53c0031fc9802f50474f,83824793511464858660778918412947343764676476743062614862944889637630496459149,YES,depth_imbalance_5,book,wall_900s,wall_clock_seconds,900,last_6h,16727,-0.09333550243219002,0.43070362473347545,0.8037304956059066,901.033
highest-temperature-in-shanghai-on-june-10-2026,Highest temperature in Shanghai on June 10?,2026-06-08T04:26:36Z,2026-06-10T12:00:00Z,8,31°C,0xdb6d5221bcee90c9b194e42681793e2caff0509197eb53c0031fc9802f50474f,83824793511464858660778918412947343764676476743062614862944889637630496459149,YES,microprice_minus_mid,book,wall_900s,wall_clock_seconds,900,early_gt_24h,86579,-0.033278752487507536,0.502539659613394,0.5201954284526271,902.385
highest-temperature-in-shanghai-on-june-10-2026,Highest temperature in Shanghai on June 10?,2026-06-08T04:26:36Z,2026-06-10T12:00:00Z,8,31°C,0xdb6d5221bcee90c9b194e42681793e2caff0509197eb53c0031fc9802f50474f,83824793511464858660778918412947343764676476743062614862944889637630496459149,YES,microprice_minus_mid,book,wall_900s,wall_clock_seconds,900,last_24h,151400,-0.09422723754972465,0.43738300758603443,0.12844782034346103,900.7864999999999
highest-temperature-in-shanghai-on-june-10-2026,Highest temperature in Shanghai on June 10?,2026-06-08T04:26:36Z,2026-06-10T12:00:00Z,8,31°C,0xdb6d5221bcee90c9b194e42681793e2caff0509197eb53c0031fc9802f50474f,83824793511464858660778918412947343764676476743062614862944889637630496459149,YES,microprice_minus_mid,book,wall_900s,wall_clock_seconds,900,last_6h,16727,-0.4521522775681132,0.15991471215351813,0.8037304956059066,901.033
highest-temperature-in-shanghai-on-june-10-2026,Highest temperature in Shanghai on June 10?,2026-06-08T04:26:36Z,2026-06-10T12:00:00Z,8,31°C,0xdb6d5221bcee90c9b194e42681793e2caff0509197eb53c0031fc9802f50474f,83824793511464858660778918412947343764676476743062614862944889637630496459149,YES,ofi_30s,flow_clock_sensitive,wall_900s,wall_clock_seconds,900,early_gt_24h,86579,0.09428472922245694,0.5288510146602152,0.5201954284526271,902.385
highest-temperature-in-shanghai-on-june-10-2026,Highest temperature in Shanghai on June 10?,2026-06-08T04:26:36Z,2026-06-10T12:00:00Z,8,31°C,0xdb6d5221bcee90c9b194e42681793e2caff0509197eb53c0031fc9802f50474f,83824793511464858660778918412947343764676476743062614862944889637630496459149,YES,ofi_30s,flow_clock_sensitive,wall_900s,wall_clock_seconds,900,last_24h,151400,-0.17665931350673422,0.45308556834630515,0.12844782034346103,900.7864999999999
highest-temperature-in-shanghai-on-june-10-2026,Highest temperature in Shanghai on June 10?,2026-06-08T04:26:36Z,2026-06-10T12:00:00Z,8,31°C,0xdb6d5221bcee90c9b194e42681793e2caff0509197eb53c0031fc9802f50474f,83824793511464858660778918412947343764676476743062614862944889637630496459149,YES,ofi_30s,flow_clock_sensitive,wall_900s,wall_clock_seconds,900,last_6h,16727,0.039378043246156236,0.4696923545537618,0.8037304956059066,901.033
highest-temperature-in-shanghai-on-june-10-2026,Highest temperature in Shanghai on June 10?,2026-06-08T04:26:36Z,2026-06-10T12:00:00Z,8,31°C,0xdb6d5221bcee90c9b194e42681793e2caff0509197eb53c0031fc9802f50474f,83824793511464858660778918412947343764676476743062614862944889637630496459149,YES,trade_pressure_30s,flow_clock_sensitive,wall_900s,wall_clock_seconds,900,early_gt_24h,86579,-0.01595052970803427,0.5157314460412604,0.5201954284526271,902.385
highest-temperature-in-shanghai-on-june-10-2026,Highest temperature in Shanghai on June 10?,2026-06-08T04:26:36Z,2026-06-10T12:00:00Z,8,31°C,0xdb6d5221bcee90c9b194e42681793e2caff0509197eb53c0031fc9802f50474f,83824793511464858660778918412947343764676476743062614862944889637630496459149,YES,trade_pressure_30s,flow_clock_sensitive,wall_900s,wall_clock_seconds,900,last_24h,151400,-0.18033059816377978,0.5503247368381166,0.12844782034346103,900.7864999999999
highest-temperature-in-shanghai-on-june-10-2026,Highest temperature in Shanghai on June 10?,2026-06-08T04:26:36Z,2026-06-10T12:00:00Z,8,31°C,0xdb6d5221bcee90c9b194e42681793e2caff0509197eb53c0031fc9802f50474f,83824793511464858660778918412947343764676476743062614862944889637630496459149,YES,trade_pressure_30s,flow_clock_sensitive,wall_900s,wall_clock_seconds,900,last_6h,16727,-0.042300663822413015,0.05300030459945172,0.8037304956059066,901.033
highest-temperature-in-shanghai-on-june-10-2026,Highest temperature in Shanghai on June 10?,2026-06-08T04:26:36Z,2026-06-10T12:00:00Z,8,31°C,0xdb6d5221bcee90c9b194e42681793e2caff0509197eb53c0031fc9802f50474f,83824793511464858660778918412947343764676476743062614862944889637630496459149,YES,depth_imbalance_1,book,valid_obs_10,valid_observation_steps,10,early_gt_24h,86579,0.014861759831914739,0.4979207920792079,0.8833435359613763,13.565
highest-temperature-in-shanghai-on-june-10-2026,Highest temperature in Shanghai on June 10?,2026-06-08T04:26:36Z,2026-06-10T12:00:00Z,8,31°C,0xdb6d5221bcee90c9b194e42681793e2caff0509197eb53c0031fc9802f50474f,83824793511464858660778918412947343764676476743062614862944889637630496459149,YES,depth_imbalance_1,book,valid_obs_10,valid_observation_steps,10,last_24h,151400,0.14460075444664244,0.6082299713766889,0.7853963011889036,5.008
highest-temperature-in-shanghai-on-june-10-2026,Highest temperature in Shanghai on June 10?,2026-06-08T04:26:36Z,2026-06-10T12:00:00Z,8,31°C,0xdb6d5221bcee90c9b194e42681793e2caff0509197eb53c0031fc9802f50474f,83824793511464858660778918412947343764676476743062614862944889637630496459149,YES,depth_imbalance_1,book,valid_obs_10,valid_observation_steps,10,last_6h,18506,0.09379796661358805,0.883177570093458,0.9884361828596131,7.0715
highest-temperature-in-shanghai-on-june-10-2026,Highest temperature in Shanghai on June 10?,2026-06-08T04:26:36Z,2026-06-10T12:00:00Z,8,31°C,0xdb6d5221bcee90c9b194e42681793e2caff0509197eb53c0031fc9802f50474f,83824793511464858660778918412947343764676476743062614862944889637630496459149,YES,depth_imbalance_3,book,valid_obs_10,valid_observation_steps,10,early_gt_24h,86579,0.050340104185304754,0.6191089108910891,0.8833435359613763,13.565
highest-temperature-in-shanghai-on-june-10-2026,Highest temperature in Shanghai on June 10?,2026-06-08T04:26:36Z,2026-06-10T12:00:00Z,8,31°C,0xdb6d5221bcee90c9b194e42681793e2caff0509197eb53c0031fc9802f50474f,83824793511464858660778918412947343764676476743062614862944889637630496459149,YES,depth_imbalance_3,book,valid_obs_10,valid_observation_steps,10,last_24h,151400,0.14756161375273452,0.6187251854359669,0.7853963011889036,5.008
highest-temperature-in-shanghai-on-june-10-2026,Highest temperature in Shanghai on June 10?,2026-06-08T04:26:36Z,2026-06-10T12:00:00Z,8,31°C,0xdb6d5221bcee90c9b194e42681793e2caff0509197eb53c0031fc9802f50474f,83824793511464858660778918412947343764676476743062614862944889637630496459149,YES,depth_imbalance_3,book,valid_obs_10,valid_observation_steps,10,last_6h,18506,0.015436959871374618,0.719626168224299,0.9884361828596131,7.0715
highest-temperature-in-shanghai-on-june-10-2026,Highest temperature in Shanghai on June 10?,2026-06-08T04:26:36Z,2026-06-10T12:00:00Z,8,31°C,0xdb6d5221bcee90c9b194e42681793e2caff0509197eb53c0031fc9802f50474f,83824793511464858660778918412947343764676476743062614862944889637630496459149,YES,depth_imbalance_5,book,valid_obs_10,valid_observation_steps,10,early_gt_24h,86579,0.003485164912278098,0.5155445544554456,0.8833435359613763,13.565
highest-temperature-in-shanghai-on-june-10-2026,Highest temperature in Shanghai on June 10?,2026-06-08T04:26:36Z,2026-06-10T12:00:00Z,8,31°C,0xdb6d5221bcee90c9b194e42681793e2caff0509197eb53c0031fc9802f50474f,83824793511464858660778918412947343764676476743062614862944889637630496459149,YES,depth_imbalance_5,book,valid_obs_10,valid_observation_steps,10,last_24h,151400,0.14193638150179014,0.611984857345111,0.7853963011889036,5.008
highest-temperature-in-shanghai-on-june-10-2026,Highest temperature in Shanghai on June 10?,2026-06-08T04:26:36Z,2026-06-10T12:00:00Z,8,31°C,0xdb6d5221bcee90c9b194e42681793e2caff0509197eb53c0031fc9802f50474f,83824793511464858660778918412947343764676476743062614862944889637630496459149,YES,depth_imbalance_5,book,valid_obs_10,valid_observation_steps,10,last_6h,18506,0.02512812059148051,0.7850467289719626,0.9884361828596131,7.0715
highest-temperature-in-shanghai-on-june-10-2026,Highest temperature in Shanghai on June 10?,2026-06-08T04:26:36Z,2026-06-10T12:00:00Z,8,31°C,0xdb6d5221bcee90c9b194e42681793e2caff0509197eb53c0031fc9802f50474f,83824793511464858660778918412947343764676476743062614862944889637630496459149,YES,microprice_minus_mid,book,valid_obs_10,valid_observation_steps,10,early_gt_24h,86579,-0.01985507276341193,0.5132673267326733,0.8833435359613763,13.565
highest-temperature-in-shanghai-on-june-10-2026,Highest temperature in Shanghai on June 10?,2026-06-08T04:26:36Z,2026-06-10T12:00:00Z,8,31°C,0xdb6d5221bcee90c9b194e42681793e2caff0509197eb53c0031fc9802f50474f,83824793511464858660778918412947343764676476743062614862944889637630496459149,YES,microprice_minus_mid,book,valid_obs_10,valid_observation_steps,10,last_24h,151400,0.10906353644806763,0.5704964451694315,0.7853963011889036,5.008
highest-temperature-in-shanghai-on-june-10-2026,Highest temperature in Shanghai on June 10?,2026-06-08T04:26:36Z,2026-06-10T12:00:00Z,8,31°C,0xdb6d5221bcee90c9b194e42681793e2caff0509197eb53c0031fc9802f50474f,83824793511464858660778918412947343764676476743062614862944889637630496459149,YES,microprice_minus_mid,book,valid_obs_10,valid_observation_steps,10,last_6h,18506,0.0326353227612586,0.602803738317757,0.9884361828596131,7.0715
highest-temperature-in-shanghai-on-june-10-2026,Highest temperature in Shanghai on June 10?,2026-06-08T04:26:36Z,2026-06-10T12:00:00Z,8,31°C,0xdb6d5221bcee90c9b194e42681793e2caff0509197eb53c0031fc9802f50474f,83824793511464858660778918412947343764676476743062614862944889637630496459149,YES,ofi_30s,flow_clock_sensitive,valid_obs_10,valid_observation_steps,10,early_gt_24h,86579,0.15518452770001104,0.6265346534653465,0.8833435359613763,13.565
highest-temperature-in-shanghai-on-june-10-2026,Highest temperature in Shanghai on June 10?,2026-06-08T04:26:36Z,2026-06-10T12:00:00Z,8,31°C,0xdb6d5221bcee90c9b194e42681793e2caff0509197eb53c0031fc9802f50474f,83824793511464858660778918412947343764676476743062614862944889637630496459149,YES,ofi_30s,flow_clock_sensitive,valid_obs_10,valid_observation_steps,10,last_24h,151400,-0.09622331092686408,0.4261795574158998,0.7853963011889036,5.008
highest-temperature-in-shanghai-on-june-10-2026,Highest temperature in Shanghai on June 10?,2026-06-08T04:26:36Z,2026-06-10T12:00:00Z,8,31°C,0xdb6d5221bcee90c9b194e42681793e2caff0509197eb53c0031fc9802f50474f,83824793511464858660778918412947343764676476743062614862944889637630496459149,YES,ofi_30s,flow_clock_sensitive,valid_obs_10,valid_observation_steps,10,last_6h,18506,0.040971694542412194,0.5186915887850467,0.9884361828596131,7.0715
highest-temperature-in-shanghai-on-june-10-2026,Highest temperature in Shanghai on June 10?,2026-06-08T04:26:36Z,2026-06-10T12:00:00Z,8,31°C,0xdb6d5221bcee90c9b194e42681793e2caff0509197eb53c0031fc9802f50474f,83824793511464858660778918412947343764676476743062614862944889637630496459149,YES,trade_pressure_30s,flow_clock_sensitive,valid_obs_10,valid_observation_steps,10,early_gt_24h,86579,-0.006368318628949015,0.5108910891089109,0.8833435359613763,13.565
highest-temperature-in-shanghai-on-june-10-2026,Highest temperature in Shanghai on June 10?,2026-06-08T04:26:36Z,2026-06-10T12:00:00Z,8,31°C,0xdb6d5221bcee90c9b194e42681793e2caff0509197eb53c0031fc9802f50474f,83824793511464858660778918412947343764676476743062614862944889637630496459149,YES,trade_pressure_30s,flow_clock_sensitive,valid_obs_10,valid_observation_steps,10,last_24h,151400,-0.09842717544786583,0.5751131082453602,0.7853963011889036,5.008
highest-temperature-in-shanghai-on-june-10-2026,Highest temperature in Shanghai on June 10?,2026-06-08T04:26:36Z,2026-06-10T12:00:00Z,8,31°C,0xdb6d5221bcee90c9b194e42681793e2caff0509197eb53c0031fc9802f50474f,83824793511464858660778918412947343764676476743062614862944889637630496459149,YES,trade_pressure_30s,flow_clock_sensitive,valid_obs_10,valid_observation_steps,10,last_6h,18506,-0.004722166143963168,0.3364485981308411,0.9884361828596131,7.0715
highest-temperature-in-shanghai-on-june-10-2026,Highest temperature in Shanghai on June 10?,2026-06-08T04:26:36Z,2026-06-10T12:00:00Z,8,31°C,0xdb6d5221bcee90c9b194e42681793e2caff0509197eb53c0031fc9802f50474f,83824793511464858660778918412947343764676476743062614862944889637630496459149,YES,depth_imbalance_1,book,valid_obs_50,valid_observation_steps,50,early_gt_24h,86579,0.013625617847023257,0.4851556441785754,0.7914736829947215,81.109
highest-temperature-in-shanghai-on-june-10-2026,Highest temperature in Shanghai on June 10?,2026-06-08T04:26:36Z,2026-06-10T12:00:00Z,8,31°C,0xdb6d5221bcee90c9b194e42681793e2caff0509197eb53c0031fc9802f50474f,83824793511464858660778918412947343764676476743062614862944889637630496459149,YES,depth_imbalance_1,book,valid_obs_50,valid_observation_steps,50,last_24h,151400,0.1559634171983368,0.5805573964909833,0.6212813738441215,29.141
highest-temperature-in-shanghai-on-june-10-2026,Highest temperature in Shanghai on June 10?,2026-06-08T04:26:36Z,2026-06-10T12:00:00Z,8,31°C,0xdb6d5221bcee90c9b194e42681793e2caff0509197eb53c0031fc9802f50474f,83824793511464858660778918412947343764676476743062614862944889637630496459149,YES,depth_imbalance_1,book,valid_obs_50,valid_observation_steps,50,last_6h,18421,0.17078839238237745,0.7757125154894672,0.956191303403724,38.592
highest-temperature-in-shanghai-on-june-10-2026,Highest temperature in Shanghai on June 10?,2026-06-08T04:26:36Z,2026-06-10T12:00:00Z,8,31°C,0xdb6d5221bcee90c9b194e42681793e2caff0509197eb53c0031fc9802f50474f,83824793511464858660778918412947343764676476743062614862944889637630496459149,YES,depth_imbalance_3,book,valid_obs_50,valid_observation_steps,50,early_gt_24h,86579,0.05516964516005132,0.5724493187105351,0.7914736829947215,81.109
highest-temperature-in-shanghai-on-june-10-2026,Highest temperature in Shanghai on June 10?,2026-06-08T04:26:36Z,2026-06-10T12:00:00Z,8,31°C,0xdb6d5221bcee90c9b194e42681793e2caff0509197eb53c0031fc9802f50474f,83824793511464858660778918412947343764676476743062614862944889637630496459149,YES,depth_imbalance_3,book,valid_obs_50,valid_observation_steps,50,last_24h,151400,0.15781239299795244,0.5898357110467752,0.6212813738441215,29.141
highest-temperature-in-shanghai-on-june-10-2026,Highest temperature in Shanghai on June 10?,2026-06-08T04:26:36Z,2026-06-10T12:00:00Z,8,31°C,0xdb6d5221bcee90c9b194e42681793e2caff0509197eb53c0031fc9802f50474f,83824793511464858660778918412947343764676476743062614862944889637630496459149,YES,depth_imbalance_3,book,valid_obs_50,valid_observation_steps,50,last_6h,18421,0.0006507201739106575,0.5947955390334573,0.956191303403724,38.592
highest-temperature-in-shanghai-on-june-10-2026,Highest temperature in Shanghai on June 10?,2026-06-08T04:26:36Z,2026-06-10T12:00:00Z,8,31°C,0xdb6d5221bcee90c9b194e42681793e2caff0509197eb53c0031fc9802f50474f,83824793511464858660778918412947343764676476743062614862944889637630496459149,YES,depth_imbalance_5,book,valid_obs_50,valid_observation_steps,50,early_gt_24h,86579,0.01073254709803407,0.5187770023263543,0.7914736829947215,81.109
highest-temperature-in-shanghai-on-june-10-2026,Highest temperature in Shanghai on June 10?,2026-06-08T04:26:36Z,2026-06-10T12:00:00Z,8,31°C,0xdb6d5221bcee90c9b194e42681793e2caff0509197eb53c0031fc9802f50474f,83824793511464858660778918412947343764676476743062614862944889637630496459149,YES,depth_imbalance_5,book,valid_obs_50,valid_observation_steps,50,last_24h,151400,0.14356040092548203,0.5685060518329903,0.6212813738441215,29.141
highest-temperature-in-shanghai-on-june-10-2026,Highest temperature in Shanghai on June 10?,2026-06-08T04:26:36Z,2026-06-10T12:00:00Z,8,31°C,0xdb6d5221bcee90c9b194e42681793e2caff0509197eb53c0031fc9802f50474f,83824793511464858660778918412947343764676476743062614862944889637630496459149,YES,depth_imbalance_5,book,valid_obs_50,valid_observation_steps,50,last_6h,18421,0.015614007022889367,0.6406443618339529,0.956191303403724,38.592
highest-temperature-in-shanghai-on-june-10-2026,Highest temperature in Shanghai on June 10?,2026-06-08T04:26:36Z,2026-06-10T12:00:00Z,8,31°C,0xdb6d5221bcee90c9b194e42681793e2caff0509197eb53c0031fc9802f50474f,83824793511464858660778918412947343764676476743062614862944889637630496459149,YES,microprice_minus_mid,book,valid_obs_50,valid_observation_steps,50,early_gt_24h,86579,-0.01940517681892197,0.5070344521989587,0.7914736829947215,81.109
highest-temperature-in-shanghai-on-june-10-2026,Highest temperature in Shanghai on June 10?,2026-06-08T04:26:36Z,2026-06-10T12:00:00Z,8,31°C,0xdb6d5221bcee90c9b194e42681793e2caff0509197eb53c0031fc9802f50474f,83824793511464858660778918412947343764676476743062614862944889637630496459149,YES,microprice_minus_mid,book,valid_obs_50,valid_observation_steps,50,last_24h,151400,0.11093016716235402,0.5591405350727267,0.6212813738441215,29.141
highest-temperature-in-shanghai-on-june-10-2026,Highest temperature in Shanghai on June 10?,2026-06-08T04:26:36Z,2026-06-10T12:00:00Z,8,31°C,0xdb6d5221bcee90c9b194e42681793e2caff0509197eb53c0031fc9802f50474f,83824793511464858660778918412947343764676476743062614862944889637630496459149,YES,microprice_minus_mid,book,valid_obs_50,valid_observation_steps,50,last_6h,18421,0.12039178945828216,0.7001239157372986,0.956191303403724,38.592
highest-temperature-in-shanghai-on-june-10-2026,Highest temperature in Shanghai on June 10?,2026-06-08T04:26:36Z,2026-06-10T12:00:00Z,8,31°C,0xdb6d5221bcee90c9b194e42681793e2caff0509197eb53c0031fc9802f50474f,83824793511464858660778918412947343764676476743062614862944889637630496459149,YES,ofi_30s,flow_clock_sensitive,valid_obs_50,valid_observation_steps,50,early_gt_24h,86579,0.14114811309539252,0.5816439570178353,0.7914736829947215,81.109
highest-temperature-in-shanghai-on-june-10-2026,Highest temperature in Shanghai on June 10?,2026-06-08T04:26:36Z,2026-06-10T12:00:00Z,8,31°C,0xdb6d5221bcee90c9b194e42681793e2caff0509197eb53c0031fc9802f50474f,83824793511464858660778918412947343764676476743062614862944889637630496459149,YES,ofi_30s,flow_clock_sensitive,valid_obs_50,valid_observation_steps,50,last_24h,151400,-0.0887121168482141,0.463183229272036,0.6212813738441215,29.141
highest-temperature-in-shanghai-on-june-10-2026,Highest temperature in Shanghai on June 10?,2026-06-08T04:26:36Z,2026-06-10T12:00:00Z,8,31°C,0xdb6d5221bcee90c9b194e42681793e2caff0509197eb53c0031fc9802f50474f,83824793511464858660778918412947343764676476743062614862944889637630496459149,YES,ofi_30s,flow_clock_sensitive,valid_obs_50,valid_observation_steps,50,last_6h,18421,-0.011578764197740912,0.42627013630731103,0.956191303403724,38.592
highest-temperature-in-shanghai-on-june-10-2026,Highest temperature in Shanghai on June 10?,2026-06-08T04:26:36Z,2026-06-10T12:00:00Z,8,31°C,0xdb6d5221bcee90c9b194e42681793e2caff0509197eb53c0031fc9802f50474f,83824793511464858660778918412947343764676476743062614862944889637630496459149,YES,trade_pressure_30s,flow_clock_sensitive,valid_obs_50,valid_observation_steps,50,early_gt_24h,86579,0.009530182938738026,0.5090838595325136,0.7914736829947215,81.109
highest-temperature-in-shanghai-on-june-10-2026,Highest temperature in Shanghai on June 10?,2026-06-08T04:26:36Z,2026-06-10T12:00:00Z,8,31°C,0xdb6d5221bcee90c9b194e42681793e2caff0509197eb53c0031fc9802f50474f,83824793511464858660778918412947343764676476743062614862944889637630496459149,YES,trade_pressure_30s,flow_clock_sensitive,valid_obs_50,valid_observation_steps,50,last_24h,151400,-0.11000579291276034,0.5638668945550943,0.6212813738441215,29.141
highest-temperature-in-shanghai-on-june-10-2026,Highest temperature in Shanghai on June 10?,2026-06-08T04:26:36Z,2026-06-10T12:00:00Z,8,31°C,0xdb6d5221bcee90c9b194e42681793e2caff0509197eb53c0031fc9802f50474f,83824793511464858660778918412947343764676476743062614862944889637630496459149,YES,trade_pressure_30s,flow_clock_sensitive,valid_obs_50,valid_observation_steps,50,last_6h,18421,-0.004008680288172234,0.42998760842627015,0.956191303403724,38.592
highest-temperature-in-shanghai-on-june-10-2026,Highest temperature in Shanghai on June 10?,2026-06-08T04:26:36Z,2026-06-10T12:00:00Z,8,31°C,0xdb6d5221bcee90c9b194e42681793e2caff0509197eb53c0031fc9802f50474f,83824793511464858660778918412947343764676476743062614862944889637630496459149,YES,depth_imbalance_1,book,valid_obs_200,valid_observation_steps,200,early_gt_24h,86579,0.01796472256649131,0.4980787546389044,0.6483096362859354,342.062
highest-temperature-in-shanghai-on-june-10-2026,Highest temperature in Shanghai on June 10?,2026-06-08T04:26:36Z,2026-06-10T12:00:00Z,8,31°C,0xdb6d5221bcee90c9b194e42681793e2caff0509197eb53c0031fc9802f50474f,83824793511464858660778918412947343764676476743062614862944889637630496459149,YES,depth_imbalance_1,book,valid_obs_200,valid_observation_steps,200,last_24h,151400,0.11793041839706939,0.5198957353147949,0.3893196829590489,128.371
highest-temperature-in-shanghai-on-june-10-2026,Highest temperature in Shanghai on June 10?,2026-06-08T04:26:36Z,2026-06-10T12:00:00Z,8,31°C,0xdb6d5221bcee90c9b194e42681793e2caff0509197eb53c0031fc9802f50474f,83824793511464858660778918412947343764676476743062614862944889637630496459149,YES,depth_imbalance_1,book,valid_obs_200,valid_observation_steps,200,last_6h,18120,0.2663925974304118,0.859553620032662,0.8986203090507726,163.134
highest-temperature-in-shanghai-on-june-10-2026,Highest temperature in Shanghai on June 10?,2026-06-08T04:26:36Z,2026-06-10T12:00:00Z,8,31°C,0xdb6d5221bcee90c9b194e42681793e2caff0509197eb53c0031fc9802f50474f,83824793511464858660778918412947343764676476743062614862944889637630496459149,YES,depth_imbalance_3,book,valid_obs_200,valid_observation_steps,200,early_gt_24h,86579,0.030106994117294186,0.5078656113501264,0.6483096362859354,342.062
highest-temperature-in-shanghai-on-june-10-2026,Highest temperature in Shanghai on June 10?,2026-06-08T04:26:36Z,2026-06-10T12:00:00Z,8,31°C,0xdb6d5221bcee90c9b194e42681793e2caff0509197eb53c0031fc9802f50474f,83824793511464858660778918412947343764676476743062614862944889637630496459149,YES,depth_imbalance_3,book,valid_obs_200,valid_observation_steps,200,last_24h,151400,0.15748307179636584,0.5663389467536261,0.3893196829590489,128.371
highest-temperature-in-shanghai-on-june-10-2026,Highest temperature in Shanghai on June 10?,2026-06-08T04:26:36Z,2026-06-10T12:00:00Z,8,31°C,0xdb6d5221bcee90c9b194e42681793e2caff0509197eb53c0031fc9802f50474f,83824793511464858660778918412947343764676476743062614862944889637630496459149,YES,depth_imbalance_3,book,valid_obs_200,valid_observation_steps,200,last_6h,18120,-0.04647609095935918,0.5193249863908547,0.8986203090507726,163.134
highest-temperature-in-shanghai-on-june-10-2026,Highest temperature in Shanghai on June 10?,2026-06-08T04:26:36Z,2026-06-10T12:00:00Z,8,31°C,0xdb6d5221bcee90c9b194e42681793e2caff0509197eb53c0031fc9802f50474f,83824793511464858660778918412947343764676476743062614862944889637630496459149,YES,depth_imbalance_5,book,valid_obs_200,valid_observation_steps,200,early_gt_24h,86579,-0.006365823819381762,0.4792604026404808,0.6483096362859354,342.062
highest-temperature-in-shanghai-on-june-10-2026,Highest temperature in Shanghai on June 10?,2026-06-08T04:26:36Z,2026-06-10T12:00:00Z,8,31°C,0xdb6d5221bcee90c9b194e42681793e2caff0509197eb53c0031fc9802f50474f,83824793511464858660778918412947343764676476743062614862944889637630496459149,YES,depth_imbalance_5,book,valid_obs_200,valid_observation_steps,200,last_24h,151400,0.14299618962035998,0.5559557415879814,0.3893196829590489,128.371
highest-temperature-in-shanghai-on-june-10-2026,Highest temperature in Shanghai on June 10?,2026-06-08T04:26:36Z,2026-06-10T12:00:00Z,8,31°C,0xdb6d5221bcee90c9b194e42681793e2caff0509197eb53c0031fc9802f50474f,83824793511464858660778918412947343764676476743062614862944889637630496459149,YES,depth_imbalance_5,book,valid_obs_200,valid_observation_steps,200,last_6h,18120,-0.0620887643347609,0.4447468698965705,0.8986203090507726,163.134
highest-temperature-in-shanghai-on-june-10-2026,Highest temperature in Shanghai on June 10?,2026-06-08T04:26:36Z,2026-06-10T12:00:00Z,8,31°C,0xdb6d5221bcee90c9b194e42681793e2caff0509197eb53c0031fc9802f50474f,83824793511464858660778918412947343764676476743062614862944889637630496459149,YES,microprice_minus_mid,book,valid_obs_200,valid_observation_steps,200,early_gt_24h,86579,-0.006211542253620539,0.5174882590561266,0.6483096362859354,342.062
highest-temperature-in-shanghai-on-june-10-2026,Highest temperature in Shanghai on June 10?,2026-06-08T04:26:36Z,2026-06-10T12:00:00Z,8,31°C,0xdb6d5221bcee90c9b194e42681793e2caff0509197eb53c0031fc9802f50474f,83824793511464858660778918412947343764676476743062614862944889637630496459149,YES,microprice_minus_mid,book,valid_obs_200,valid_observation_steps,200,last_24h,151400,0.09420868592451537,0.5316849995132873,0.3893196829590489,128.371
highest-temperature-in-shanghai-on-june-10-2026,Highest temperature in Shanghai on June 10?,2026-06-08T04:26:36Z,2026-06-10T12:00:00Z,8,31°C,0xdb6d5221bcee90c9b194e42681793e2caff0509197eb53c0031fc9802f50474f,83824793511464858660778918412947343764676476743062614862944889637630496459149,YES,microprice_minus_mid,book,valid_obs_200,valid_observation_steps,200,last_6h,18120,0.06120826758795982,0.5748502994011976,0.8986203090507726,163.134
highest-temperature-in-shanghai-on-june-10-2026,Highest temperature in Shanghai on June 10?,2026-06-08T04:26:36Z,2026-06-10T12:00:00Z,8,31°C,0xdb6d5221bcee90c9b194e42681793e2caff0509197eb53c0031fc9802f50474f,83824793511464858660778918412947343764676476743062614862944889637630496459149,YES,ofi_30s,flow_clock_sensitive,valid_obs_200,valid_observation_steps,200,early_gt_24h,86579,0.12060984638926697,0.5436303326874445,0.6483096362859354,342.062
highest-temperature-in-shanghai-on-june-10-2026,Highest temperature in Shanghai on June 10?,2026-06-08T04:26:36Z,2026-06-10T12:00:00Z,8,31°C,0xdb6d5221bcee90c9b194e42681793e2caff0509197eb53c0031fc9802f50474f,83824793511464858660778918412947343764676476743062614862944889637630496459149,YES,ofi_30s,flow_clock_sensitive,valid_obs_200,valid_observation_steps,200,last_24h,151400,-0.05656786376669834,0.48237559081518977,0.3893196829590489,128.371
highest-temperature-in-shanghai-on-june-10-2026,Highest temperature in Shanghai on June 10?,2026-06-08T04:26:36Z,2026-06-10T12:00:00Z,8,31°C,0xdb6d5221bcee90c9b194e42681793e2caff0509197eb53c0031fc9802f50474f,83824793511464858660778918412947343764676476743062614862944889637630496459149,YES,ofi_30s,flow_clock_sensitive,valid_obs_200,valid_observation_steps,200,last_6h,18120,-0.10972510388702597,0.35601524224278713,0.8986203090507726,163.134
highest-temperature-in-shanghai-on-june-10-2026,Highest temperature in Shanghai on June 10?,2026-06-08T04:26:36Z,2026-06-10T12:00:00Z,8,31°C,0xdb6d5221bcee90c9b194e42681793e2caff0509197eb53c0031fc9802f50474f,83824793511464858660778918412947343764676476743062614862944889637630496459149,YES,trade_pressure_30s,flow_clock_sensitive,valid_obs_200,valid_observation_steps,200,early_gt_24h,86579,-0.006422072923886971,0.5143354461558672,0.6483096362859354,342.062
highest-temperature-in-shanghai-on-june-10-2026,Highest temperature in Shanghai on June 10?,2026-06-08T04:26:36Z,2026-06-10T12:00:00Z,8,31°C,0xdb6d5221bcee90c9b194e42681793e2caff0509197eb53c0031fc9802f50474f,83824793511464858660778918412947343764676476743062614862944889637630496459149,YES,trade_pressure_30s,flow_clock_sensitive,valid_obs_200,valid_observation_steps,200,last_24h,151400,-0.06694782131695584,0.5583244102663941,0.3893196829590489,128.371
highest-temperature-in-shanghai-on-june-10-2026,Highest temperature in Shanghai on June 10?,2026-06-08T04:26:36Z,2026-06-10T12:00:00Z,8,31°C,0xdb6d5221bcee90c9b194e42681793e2caff0509197eb53c0031fc9802f50474f,83824793511464858660778918412947343764676476743062614862944889637630496459149,YES,trade_pressure_30s,flow_clock_sensitive,valid_obs_200,valid_observation_steps,200,last_6h,18120,-0.011994138355155844,0.3674469243331519,0.8986203090507726,163.134
highest-temperature-in-shanghai-on-june-10-2026,Highest temperature in Shanghai on June 10?,2026-06-08T04:26:36Z,2026-06-10T12:00:00Z,9,32°C,0x172043a1fcf0edff9fc73bd6ed63a50b2874be1f4323f7070b7c235d7fd2b636,107394249729422528580295423197418949033681781170606210461168594071997949686079,YES,depth_imbalance_1,book,wall_60s,wall_clock_seconds,60,early_gt_24h,75631,0.14592566581504918,0.659919028340081,0.777921751662678,61.954
highest-temperature-in-shanghai-on-june-10-2026,Highest temperature in Shanghai on June 10?,2026-06-08T04:26:36Z,2026-06-10T12:00:00Z,9,32°C,0x172043a1fcf0edff9fc73bd6ed63a50b2874be1f4323f7070b7c235d7fd2b636,107394249729422528580295423197418949033681781170606210461168594071997949686079,YES,depth_imbalance_1,book,wall_60s,wall_clock_seconds,60,last_24h,76305,0.062157901346380086,0.5809301550258377,0.9213812987353385,61.191
highest-temperature-in-shanghai-on-june-10-2026,Highest temperature in Shanghai on June 10?,2026-06-08T04:26:36Z,2026-06-10T12:00:00Z,9,32°C,0x172043a1fcf0edff9fc73bd6ed63a50b2874be1f4323f7070b7c235d7fd2b636,107394249729422528580295423197418949033681781170606210461168594071997949686079,YES,depth_imbalance_1,book,wall_60s,wall_clock_seconds,60,last_6h,6978,,,1.0,60.711
highest-temperature-in-shanghai-on-june-10-2026,Highest temperature in Shanghai on June 10?,2026-06-08T04:26:36Z,2026-06-10T12:00:00Z,9,32°C,0x172043a1fcf0edff9fc73bd6ed63a50b2874be1f4323f7070b7c235d7fd2b636,107394249729422528580295423197418949033681781170606210461168594071997949686079,YES,depth_imbalance_3,book,wall_60s,wall_clock_seconds,60,early_gt_24h,75631,0.12288670843330116,0.6152060014289117,0.777921751662678,61.954
highest-temperature-in-shanghai-on-june-10-2026,Highest temperature in Shanghai on June 10?,2026-06-08T04:26:36Z,2026-06-10T12:00:00Z,9,32°C,0x172043a1fcf0edff9fc73bd6ed63a50b2874be1f4323f7070b7c235d7fd2b636,107394249729422528580295423197418949033681781170606210461168594071997949686079,YES,depth_imbalance_3,book,wall_60s,wall_clock_seconds,60,last_24h,76305,0.04664559693433059,0.5780963493915653,0.9213812987353385,61.191
highest-temperature-in-shanghai-on-june-10-2026,Highest temperature in Shanghai on June 10?,2026-06-08T04:26:36Z,2026-06-10T12:00:00Z,9,32°C,0x172043a1fcf0edff9fc73bd6ed63a50b2874be1f4323f7070b7c235d7fd2b636,107394249729422528580295423197418949033681781170606210461168594071997949686079,YES,depth_imbalance_3,book,wall_60s,wall_clock_seconds,60,last_6h,6978,,,1.0,60.711
highest-temperature-in-shanghai-on-june-10-2026,Highest temperature in Shanghai on June 10?,2026-06-08T04:26:36Z,2026-06-10T12:00:00Z,9,32°C,0x172043a1fcf0edff9fc73bd6ed63a50b2874be1f4323f7070b7c235d7fd2b636,107394249729422528580295423197418949033681781170606210461168594071997949686079,YES,depth_imbalance_5,book,wall_60s,wall_clock_seconds,60,early_gt_24h,75631,0.03127976905463564,0.5437008811621815,0.777921751662678,61.954
highest-temperature-in-shanghai-on-june-10-2026,Highest temperature in Shanghai on June 10?,2026-06-08T04:26:36Z,2026-06-10T12:00:00Z,9,32°C,0x172043a1fcf0edff9fc73bd6ed63a50b2874be1f4323f7070b7c235d7fd2b636,107394249729422528580295423197418949033681781170606210461168594071997949686079,YES,depth_imbalance_5,book,wall_60s,wall_clock_seconds,60,last_24h,76305,0.057345544440138625,0.5842640440073346,0.9213812987353385,61.191
highest-temperature-in-shanghai-on-june-10-2026,Highest temperature in Shanghai on June 10?,2026-06-08T04:26:36Z,2026-06-10T12:00:00Z,9,32°C,0x172043a1fcf0edff9fc73bd6ed63a50b2874be1f4323f7070b7c235d7fd2b636,107394249729422528580295423197418949033681781170606210461168594071997949686079,YES,depth_imbalance_5,book,wall_60s,wall_clock_seconds,60,last_6h,6978,,,1.0,60.711
highest-temperature-in-shanghai-on-june-10-2026,Highest temperature in Shanghai on June 10?,2026-06-08T04:26:36Z,2026-06-10T12:00:00Z,9,32°C,0x172043a1fcf0edff9fc73bd6ed63a50b2874be1f4323f7070b7c235d7fd2b636,107394249729422528580295423197418949033681781170606210461168594071997949686079,YES,microprice_minus_mid,book,wall_60s,wall_clock_seconds,60,early_gt_24h,75631,0.059969137890670765,0.594189092641105,0.777921751662678,61.954
highest-temperature-in-shanghai-on-june-10-2026,Highest temperature in Shanghai on June 10?,2026-06-08T04:26:36Z,2026-06-10T12:00:00Z,9,32°C,0x172043a1fcf0edff9fc73bd6ed63a50b2874be1f4323f7070b7c235d7fd2b636,107394249729422528580295423197418949033681781170606210461168594071997949686079,YES,microprice_minus_mid,book,wall_60s,wall_clock_seconds,60,last_24h,76305,0.10503042608868056,0.6997832972162027,0.9213812987353385,61.191
highest-temperature-in-shanghai-on-june-10-2026,Highest temperature in Shanghai on June 10?,2026-06-08T04:26:36Z,2026-06-10T12:00:00Z,9,32°C,0x172043a1fcf0edff9fc73bd6ed63a50b2874be1f4323f7070b7c235d7fd2b636,107394249729422528580295423197418949033681781170606210461168594071997949686079,YES,microprice_minus_mid,book,wall_60s,wall_clock_seconds,60,last_6h,6978,,,1.0,60.711
highest-temperature-in-shanghai-on-june-10-2026,Highest temperature in Shanghai on June 10?,2026-06-08T04:26:36Z,2026-06-10T12:00:00Z,9,32°C,0x172043a1fcf0edff9fc73bd6ed63a50b2874be1f4323f7070b7c235d7fd2b636,107394249729422528580295423197418949033681781170606210461168594071997949686079,YES,ofi_30s,flow_clock_sensitive,wall_60s,wall_clock_seconds,60,early_gt_24h,75631,0.08305119136930318,0.47493450821624195,0.777921751662678,61.954
highest-temperature-in-shanghai-on-june-10-2026,Highest temperature in Shanghai on June 10?,2026-06-08T04:26:36Z,2026-06-10T12:00:00Z,9,32°C,0x172043a1fcf0edff9fc73bd6ed63a50b2874be1f4323f7070b7c235d7fd2b636,107394249729422528580295423197418949033681781170606210461168594071997949686079,YES,ofi_30s,flow_clock_sensitive,wall_60s,wall_clock_seconds,60,last_24h,76305,0.06810322113997304,0.5412568761460244,0.9213812987353385,61.191
highest-temperature-in-shanghai-on-june-10-2026,Highest temperature in Shanghai on June 10?,2026-06-08T04:26:36Z,2026-06-10T12:00:00Z,9,32°C,0x172043a1fcf0edff9fc73bd6ed63a50b2874be1f4323f7070b7c235d7fd2b636,107394249729422528580295423197418949033681781170606210461168594071997949686079,YES,ofi_30s,flow_clock_sensitive,wall_60s,wall_clock_seconds,60,last_6h,6978,,,1.0,60.711
highest-temperature-in-shanghai-on-june-10-2026,Highest temperature in Shanghai on June 10?,2026-06-08T04:26:36Z,2026-06-10T12:00:00Z,9,32°C,0x172043a1fcf0edff9fc73bd6ed63a50b2874be1f4323f7070b7c235d7fd2b636,107394249729422528580295423197418949033681781170606210461168594071997949686079,YES,trade_pressure_30s,flow_clock_sensitive,wall_60s,wall_clock_seconds,60,early_gt_24h,75631,0.02361756743277006,0.4607049297451774,0.777921751662678,61.954
highest-temperature-in-shanghai-on-june-10-2026,Highest temperature in Shanghai on June 10?,2026-06-08T04:26:36Z,2026-06-10T12:00:00Z,9,32°C,0x172043a1fcf0edff9fc73bd6ed63a50b2874be1f4323f7070b7c235d7fd2b636,107394249729422528580295423197418949033681781170606210461168594071997949686079,YES,trade_pressure_30s,flow_clock_sensitive,wall_60s,wall_clock_seconds,60,last_24h,76305,0.07762045702594744,0.4614102350391732,0.9213812987353385,61.191
highest-temperature-in-shanghai-on-june-10-2026,Highest temperature in Shanghai on June 10?,2026-06-08T04:26:36Z,2026-06-10T12:00:00Z,9,32°C,0x172043a1fcf0edff9fc73bd6ed63a50b2874be1f4323f7070b7c235d7fd2b636,107394249729422528580295423197418949033681781170606210461168594071997949686079,YES,trade_pressure_30s,flow_clock_sensitive,wall_60s,wall_clock_seconds,60,last_6h,6978,,,1.0,60.711
highest-temperature-in-shanghai-on-june-10-2026,Highest temperature in Shanghai on June 10?,2026-06-08T04:26:36Z,2026-06-10T12:00:00Z,9,32°C,0x172043a1fcf0edff9fc73bd6ed63a50b2874be1f4323f7070b7c235d7fd2b636,107394249729422528580295423197418949033681781170606210461168594071997949686079,YES,depth_imbalance_1,book,wall_300s,wall_clock_seconds,300,early_gt_24h,75387,0.19114708465925428,0.6690401778522409,0.5882977171130301,302.583
highest-temperature-in-shanghai-on-june-10-2026,Highest temperature in Shanghai on June 10?,2026-06-08T04:26:36Z,2026-06-10T12:00:00Z,9,32°C,0x172043a1fcf0edff9fc73bd6ed63a50b2874be1f4323f7070b7c235d7fd2b636,107394249729422528580295423197418949033681781170606210461168594071997949686079,YES,depth_imbalance_1,book,wall_300s,wall_clock_seconds,300,last_24h,76305,0.06283457242366419,0.5553048859095011,0.7966843588231439,301.435
highest-temperature-in-shanghai-on-june-10-2026,Highest temperature in Shanghai on June 10?,2026-06-08T04:26:36Z,2026-06-10T12:00:00Z,9,32°C,0x172043a1fcf0edff9fc73bd6ed63a50b2874be1f4323f7070b7c235d7fd2b636,107394249729422528580295423197418949033681781170606210461168594071997949686079,YES,depth_imbalance_1,book,wall_300s,wall_clock_seconds,300,last_6h,6655,,,1.0,300.875
highest-temperature-in-shanghai-on-june-10-2026,Highest temperature in Shanghai on June 10?,2026-06-08T04:26:36Z,2026-06-10T12:00:00Z,9,32°C,0x172043a1fcf0edff9fc73bd6ed63a50b2874be1f4323f7070b7c235d7fd2b636,107394249729422528580295423197418949033681781170606210461168594071997949686079,YES,depth_imbalance_3,book,wall_300s,wall_clock_seconds,300,early_gt_24h,75387,0.17190810039716217,0.6143635016270902,0.5882977171130301,302.583
highest-temperature-in-shanghai-on-june-10-2026,Highest temperature in Shanghai on June 10?,2026-06-08T04:26:36Z,2026-06-10T12:00:00Z,9,32°C,0x172043a1fcf0edff9fc73bd6ed63a50b2874be1f4323f7070b7c235d7fd2b636,107394249729422528580295423197418949033681781170606210461168594071997949686079,YES,depth_imbalance_3,book,wall_300s,wall_clock_seconds,300,last_24h,76305,0.04860464145866522,0.5963645739332216,0.7966843588231439,301.435
highest-temperature-in-shanghai-on-june-10-2026,Highest temperature in Shanghai on June 10?,2026-06-08T04:26:36Z,2026-06-10T12:00:00Z,9,32°C,0x172043a1fcf0edff9fc73bd6ed63a50b2874be1f4323f7070b7c235d7fd2b636,107394249729422528580295423197418949033681781170606210461168594071997949686079,YES,depth_imbalance_3,book,wall_300s,wall_clock_seconds,300,last_6h,6655,,,1.0,300.875
highest-temperature-in-shanghai-on-june-10-2026,Highest temperature in Shanghai on June 10?,2026-06-08T04:26:36Z,2026-06-10T12:00:00Z,9,32°C,0x172043a1fcf0edff9fc73bd6ed63a50b2874be1f4323f7070b7c235d7fd2b636,107394249729422528580295423197418949033681781170606210461168594071997949686079,YES,depth_imbalance_5,book,wall_300s,wall_clock_seconds,300,early_gt_24h,75387,0.08237852626731404,0.545059122982247,0.5882977171130301,302.583
highest-temperature-in-shanghai-on-june-10-2026,Highest temperature in Shanghai on June 10?,2026-06-08T04:26:36Z,2026-06-10T12:00:00Z,9,32°C,0x172043a1fcf0edff9fc73bd6ed63a50b2874be1f4323f7070b7c235d7fd2b636,107394249729422528580295423197418949033681781170606210461168594071997949686079,YES,depth_imbalance_5,book,wall_300s,wall_clock_seconds,300,last_24h,76305,0.12897442998170947,0.6310429289673843,0.7966843588231439,301.435
highest-temperature-in-shanghai-on-june-10-2026,Highest temperature in Shanghai on June 10?,2026-06-08T04:26:36Z,2026-06-10T12:00:00Z,9,32°C,0x172043a1fcf0edff9fc73bd6ed63a50b2874be1f4323f7070b7c235d7fd2b636,107394249729422528580295423197418949033681781170606210461168594071997949686079,YES,depth_imbalance_5,book,wall_300s,wall_clock_seconds,300,last_6h,6655,,,1.0,300.875
highest-temperature-in-shanghai-on-june-10-2026,Highest temperature in Shanghai on June 10?,2026-06-08T04:26:36Z,2026-06-10T12:00:00Z,9,32°C,0x172043a1fcf0edff9fc73bd6ed63a50b2874be1f4323f7070b7c235d7fd2b636,107394249729422528580295423197418949033681781170606210461168594071997949686079,YES,microprice_minus_mid,book,wall_300s,wall_clock_seconds,300,early_gt_24h,75387,-0.06066404599168778,0.49598865869768344,0.5882977171130301,302.583
highest-temperature-in-shanghai-on-june-10-2026,Highest temperature in Shanghai on June 10?,2026-06-08T04:26:36Z,2026-06-10T12:00:00Z,9,32°C,0x172043a1fcf0edff9fc73bd6ed63a50b2874be1f4323f7070b7c235d7fd2b636,107394249729422528580295423197418949033681781170606210461168594071997949686079,YES,microprice_minus_mid,book,wall_300s,wall_clock_seconds,300,last_24h,76305,0.12575585450917376,0.6581797086502514,0.7966843588231439,301.435
highest-temperature-in-shanghai-on-june-10-2026,Highest temperature in Shanghai on June 10?,2026-06-08T04:26:36Z,2026-06-10T12:00:00Z,9,32°C,0x172043a1fcf0edff9fc73bd6ed63a50b2874be1f4323f7070b7c235d7fd2b636,107394249729422528580295423197418949033681781170606210461168594071997949686079,YES,microprice_minus_mid,book,wall_300s,wall_clock_seconds,300,last_6h,6655,,,1.0,300.875
highest-temperature-in-shanghai-on-june-10-2026,Highest temperature in Shanghai on June 10?,2026-06-08T04:26:36Z,2026-06-10T12:00:00Z,9,32°C,0x172043a1fcf0edff9fc73bd6ed63a50b2874be1f4323f7070b7c235d7fd2b636,107394249729422528580295423197418949033681781170606210461168594071997949686079,YES,ofi_30s,flow_clock_sensitive,wall_300s,wall_clock_seconds,300,early_gt_24h,75387,0.05834088080635346,0.49834069014402166,0.5882977171130301,302.583
highest-temperature-in-shanghai-on-june-10-2026,Highest temperature in Shanghai on June 10?,2026-06-08T04:26:36Z,2026-06-10T12:00:00Z,9,32°C,0x172043a1fcf0edff9fc73bd6ed63a50b2874be1f4323f7070b7c235d7fd2b636,107394249729422528580295423197418949033681781170606210461168594071997949686079,YES,ofi_30s,flow_clock_sensitive,wall_300s,wall_clock_seconds,300,last_24h,76305,0.029813681102528126,0.49690602036869924,0.7966843588231439,301.435
highest-temperature-in-shanghai-on-june-10-2026,Highest temperature in Shanghai on June 10?,2026-06-08T04:26:36Z,2026-06-10T12:00:00Z,9,32°C,0x172043a1fcf0edff9fc73bd6ed63a50b2874be1f4323f7070b7c235d7fd2b636,107394249729422528580295423197418949033681781170606210461168594071997949686079,YES,ofi_30s,flow_clock_sensitive,wall_300s,wall_clock_seconds,300,last_6h,6655,,,1.0,300.875
highest-temperature-in-shanghai-on-june-10-2026,Highest temperature in Shanghai on June 10?,2026-06-08T04:26:36Z,2026-06-10T12:00:00Z,9,32°C,0x172043a1fcf0edff9fc73bd6ed63a50b2874be1f4323f7070b7c235d7fd2b636,107394249729422528580295423197418949033681781170606210461168594071997949686079,YES,trade_pressure_30s,flow_clock_sensitive,wall_300s,wall_clock_seconds,300,early_gt_24h,75387,-0.025569858203200607,0.5161903534491091,0.5882977171130301,302.583
highest-temperature-in-shanghai-on-june-10-2026,Highest temperature in Shanghai on June 10?,2026-06-08T04:26:36Z,2026-06-10T12:00:00Z,9,32°C,0x172043a1fcf0edff9fc73bd6ed63a50b2874be1f4323f7070b7c235d7fd2b636,107394249729422528580295423197418949033681781170606210461168594071997949686079,YES,trade_pressure_30s,flow_clock_sensitive,wall_300s,wall_clock_seconds,300,last_24h,76305,0.07325913014855974,0.4575222379786,0.7966843588231439,301.435
highest-temperature-in-shanghai-on-june-10-2026,Highest temperature in Shanghai on June 10?,2026-06-08T04:26:36Z,2026-06-10T12:00:00Z,9,32°C,0x172043a1fcf0edff9fc73bd6ed63a50b2874be1f4323f7070b7c235d7fd2b636,107394249729422528580295423197418949033681781170606210461168594071997949686079,YES,trade_pressure_30s,flow_clock_sensitive,wall_300s,wall_clock_seconds,300,last_6h,6655,,,1.0,300.875
highest-temperature-in-shanghai-on-june-10-2026,Highest temperature in Shanghai on June 10?,2026-06-08T04:26:36Z,2026-06-10T12:00:00Z,9,32°C,0x172043a1fcf0edff9fc73bd6ed63a50b2874be1f4323f7070b7c235d7fd2b636,107394249729422528580295423197418949033681781170606210461168594071997949686079,YES,depth_imbalance_1,book,wall_900s,wall_clock_seconds,900,early_gt_24h,74957,0.15255267751947058,0.5474090061395973,0.3633283082300519,902.849
highest-temperature-in-shanghai-on-june-10-2026,Highest temperature in Shanghai on June 10?,2026-06-08T04:26:36Z,2026-06-10T12:00:00Z,9,32°C,0x172043a1fcf0edff9fc73bd6ed63a50b2874be1f4323f7070b7c235d7fd2b636,107394249729422528580295423197418949033681781170606210461168594071997949686079,YES,depth_imbalance_1,book,wall_900s,wall_clock_seconds,900,last_24h,76305,0.04642354692508181,0.5305546268434934,0.6472183998427364,901.687
highest-temperature-in-shanghai-on-june-10-2026,Highest temperature in Shanghai on June 10?,2026-06-08T04:26:36Z,2026-06-10T12:00:00Z,9,32°C,0x172043a1fcf0edff9fc73bd6ed63a50b2874be1f4323f7070b7c235d7fd2b636,107394249729422528580295423197418949033681781170606210461168594071997949686079,YES,depth_imbalance_1,book,wall_900s,wall_clock_seconds,900,last_6h,5770,,,1.0,900.912
highest-temperature-in-shanghai-on-june-10-2026,Highest temperature in Shanghai on June 10?,2026-06-08T04:26:36Z,2026-06-10T12:00:00Z,9,32°C,0x172043a1fcf0edff9fc73bd6ed63a50b2874be1f4323f7070b7c235d7fd2b636,107394249729422528580295423197418949033681781170606210461168594071997949686079,YES,depth_imbalance_3,book,wall_900s,wall_clock_seconds,900,early_gt_24h,74957,0.20679097512567557,0.5827797917146869,0.3633283082300519,902.849
highest-temperature-in-shanghai-on-june-10-2026,Highest temperature in Shanghai on June 10?,2026-06-08T04:26:36Z,2026-06-10T12:00:00Z,9,32°C,0x172043a1fcf0edff9fc73bd6ed63a50b2874be1f4323f7070b7c235d7fd2b636,107394249729422528580295423197418949033681781170606210461168594071997949686079,YES,depth_imbalance_3,book,wall_900s,wall_clock_seconds,900,last_24h,76305,0.0899305910760375,0.606783312901668,0.6472183998427364,901.687
highest-temperature-in-shanghai-on-june-10-2026,Highest temperature in Shanghai on June 10?,2026-06-08T04:26:36Z,2026-06-10T12:00:00Z,9,32°C,0x172043a1fcf0edff9fc73bd6ed63a50b2874be1f4323f7070b7c235d7fd2b636,107394249729422528580295423197418949033681781170606210461168594071997949686079,YES,depth_imbalance_3,book,wall_900s,wall_clock_seconds,900,last_6h,5770,,,1.0,900.912
highest-temperature-in-shanghai-on-june-10-2026,Highest temperature in Shanghai on June 10?,2026-06-08T04:26:36Z,2026-06-10T12:00:00Z,9,32°C,0x172043a1fcf0edff9fc73bd6ed63a50b2874be1f4323f7070b7c235d7fd2b636,107394249729422528580295423197418949033681781170606210461168594071997949686079,YES,depth_imbalance_5,book,wall_900s,wall_clock_seconds,900,early_gt_24h,74957,0.1810214763744564,0.5696205184083146,0.3633283082300519,902.849
highest-temperature-in-shanghai-on-june-10-2026,Highest temperature in Shanghai on June 10?,2026-06-08T04:26:36Z,2026-06-10T12:00:00Z,9,32°C,0x172043a1fcf0edff9fc73bd6ed63a50b2874be1f4323f7070b7c235d7fd2b636,107394249729422528580295423197418949033681781170606210461168594071997949686079,YES,depth_imbalance_5,book,wall_900s,wall_clock_seconds,900,last_24h,76305,0.17311548021340722,0.644043240833612,0.6472183998427364,901.687
highest-temperature-in-shanghai-on-june-10-2026,Highest temperature in Shanghai on June 10?,2026-06-08T04:26:36Z,2026-06-10T12:00:00Z,9,32°C,0x172043a1fcf0edff9fc73bd6ed63a50b2874be1f4323f7070b7c235d7fd2b636,107394249729422528580295423197418949033681781170606210461168594071997949686079,YES,depth_imbalance_5,book,wall_900s,wall_clock_seconds,900,last_6h,5770,,,1.0,900.912
highest-temperature-in-shanghai-on-june-10-2026,Highest temperature in Shanghai on June 10?,2026-06-08T04:26:36Z,2026-06-10T12:00:00Z,9,32°C,0x172043a1fcf0edff9fc73bd6ed63a50b2874be1f4323f7070b7c235d7fd2b636,107394249729422528580295423197418949033681781170606210461168594071997949686079,YES,microprice_minus_mid,book,wall_900s,wall_clock_seconds,900,early_gt_24h,74957,-0.08075447557686687,0.461873729648178,0.3633283082300519,902.849
highest-temperature-in-shanghai-on-june-10-2026,Highest temperature in Shanghai on June 10?,2026-06-08T04:26:36Z,2026-06-10T12:00:00Z,9,32°C,0x172043a1fcf0edff9fc73bd6ed63a50b2874be1f4323f7070b7c235d7fd2b636,107394249729422528580295423197418949033681781170606210461168594071997949686079,YES,microprice_minus_mid,book,wall_900s,wall_clock_seconds,900,last_24h,76305,0.0779725417083835,0.6499127010661615,0.6472183998427364,901.687
highest-temperature-in-shanghai-on-june-10-2026,Highest temperature in Shanghai on June 10?,2026-06-08T04:26:36Z,2026-06-10T12:00:00Z,9,32°C,0x172043a1fcf0edff9fc73bd6ed63a50b2874be1f4323f7070b7c235d7fd2b636,107394249729422528580295423197418949033681781170606210461168594071997949686079,YES,microprice_minus_mid,book,wall_900s,wall_clock_seconds,900,last_6h,5770,,,1.0,900.912
highest-temperature-in-shanghai-on-june-10-2026,Highest temperature in Shanghai on June 10?,2026-06-08T04:26:36Z,2026-06-10T12:00:00Z,9,32°C,0x172043a1fcf0edff9fc73bd6ed63a50b2874be1f4323f7070b7c235d7fd2b636,107394249729422528580295423197418949033681781170606210461168594071997949686079,YES,ofi_30s,flow_clock_sensitive,wall_900s,wall_clock_seconds,900,early_gt_24h,74957,0.0526871565090161,0.5012048697692937,0.3633283082300519,902.849
highest-temperature-in-shanghai-on-june-10-2026,Highest temperature in Shanghai on June 10?,2026-06-08T04:26:36Z,2026-06-10T12:00:00Z,9,32°C,0x172043a1fcf0edff9fc73bd6ed63a50b2874be1f4323f7070b7c235d7fd2b636,107394249729422528580295423197418949033681781170606210461168594071997949686079,YES,ofi_30s,flow_clock_sensitive,wall_900s,wall_clock_seconds,900,last_24h,76305,-0.015636527559674526,0.47260299416768825,0.6472183998427364,901.687
highest-temperature-in-shanghai-on-june-10-2026,Highest temperature in Shanghai on June 10?,2026-06-08T04:26:36Z,2026-06-10T12:00:00Z,9,32°C,0x172043a1fcf0edff9fc73bd6ed63a50b2874be1f4323f7070b7c235d7fd2b636,107394249729422528580295423197418949033681781170606210461168594071997949686079,YES,ofi_30s,flow_clock_sensitive,wall_900s,wall_clock_seconds,900,last_6h,5770,,,1.0,900.912
highest-temperature-in-shanghai-on-june-10-2026,Highest temperature in Shanghai on June 10?,2026-06-08T04:26:36Z,2026-06-10T12:00:00Z,9,32°C,0x172043a1fcf0edff9fc73bd6ed63a50b2874be1f4323f7070b7c235d7fd2b636,107394249729422528580295423197418949033681781170606210461168594071997949686079,YES,trade_pressure_30s,flow_clock_sensitive,wall_900s,wall_clock_seconds,900,early_gt_24h,74957,-0.032497438589653066,0.5192464849234122,0.3633283082300519,902.849
highest-temperature-in-shanghai-on-june-10-2026,Highest temperature in Shanghai on June 10?,2026-06-08T04:26:36Z,2026-06-10T12:00:00Z,9,32°C,0x172043a1fcf0edff9fc73bd6ed63a50b2874be1f4323f7070b7c235d7fd2b636,107394249729422528580295423197418949033681781170606210461168594071997949686079,YES,trade_pressure_30s,flow_clock_sensitive,wall_900s,wall_clock_seconds,900,last_24h,76305,0.07279499345294682,0.45113117129165275,0.6472183998427364,901.687
highest-temperature-in-shanghai-on-june-10-2026,Highest temperature in Shanghai on June 10?,2026-06-08T04:26:36Z,2026-06-10T12:00:00Z,9,32°C,0x172043a1fcf0edff9fc73bd6ed63a50b2874be1f4323f7070b7c235d7fd2b636,107394249729422528580295423197418949033681781170606210461168594071997949686079,YES,trade_pressure_30s,flow_clock_sensitive,wall_900s,wall_clock_seconds,900,last_6h,5770,,,1.0,900.912
highest-temperature-in-shanghai-on-june-10-2026,Highest temperature in Shanghai on June 10?,2026-06-08T04:26:36Z,2026-06-10T12:00:00Z,9,32°C,0x172043a1fcf0edff9fc73bd6ed63a50b2874be1f4323f7070b7c235d7fd2b636,107394249729422528580295423197418949033681781170606210461168594071997949686079,YES,depth_imbalance_1,book,valid_obs_10,valid_observation_steps,10,early_gt_24h,75720,0.08731320036579554,0.6219110378912686,0.8557052297939778,16.2715
highest-temperature-in-shanghai-on-june-10-2026,Highest temperature in Shanghai on June 10?,2026-06-08T04:26:36Z,2026-06-10T12:00:00Z,9,32°C,0x172043a1fcf0edff9fc73bd6ed63a50b2874be1f4323f7070b7c235d7fd2b636,107394249729422528580295423197418949033681781170606210461168594071997949686079,YES,depth_imbalance_1,book,valid_obs_10,valid_observation_steps,10,last_24h,76305,0.08501503113033441,0.6992259491338002,0.9644453181311841,9.947
highest-temperature-in-shanghai-on-june-10-2026,Highest temperature in Shanghai on June 10?,2026-06-08T04:26:36Z,2026-06-10T12:00:00Z,9,32°C,0x172043a1fcf0edff9fc73bd6ed63a50b2874be1f4323f7070b7c235d7fd2b636,107394249729422528580295423197418949033681781170606210461168594071997949686079,YES,depth_imbalance_1,book,valid_obs_10,valid_observation_steps,10,last_6h,7073,,,1.0,9.555
highest-temperature-in-shanghai-on-june-10-2026,Highest temperature in Shanghai on June 10?,2026-06-08T04:26:36Z,2026-06-10T12:00:00Z,9,32°C,0x172043a1fcf0edff9fc73bd6ed63a50b2874be1f4323f7070b7c235d7fd2b636,107394249729422528580295423197418949033681781170606210461168594071997949686079,YES,depth_imbalance_3,book,valid_obs_10,valid_observation_steps,10,early_gt_24h,75720,0.10355391080907775,0.6333516382939777,0.8557052297939778,16.2715
highest-temperature-in-shanghai-on-june-10-2026,Highest temperature in Shanghai on June 10?,2026-06-08T04:26:36Z,2026-06-10T12:00:00Z,9,32°C,0x172043a1fcf0edff9fc73bd6ed63a50b2874be1f4323f7070b7c235d7fd2b636,107394249729422528580295423197418949033681781170606210461168594071997949686079,YES,depth_imbalance_3,book,valid_obs_10,valid_observation_steps,10,last_24h,76305,0.025953388613911967,0.5352008846295614,0.9644453181311841,9.947
highest-temperature-in-shanghai-on-june-10-2026,Highest temperature in Shanghai on June 10?,2026-06-08T04:26:36Z,2026-06-10T12:00:00Z,9,32°C,0x172043a1fcf0edff9fc73bd6ed63a50b2874be1f4323f7070b7c235d7fd2b636,107394249729422528580295423197418949033681781170606210461168594071997949686079,YES,depth_imbalance_3,book,valid_obs_10,valid_observation_steps,10,last_6h,7073,,,1.0,9.555
highest-temperature-in-shanghai-on-june-10-2026,Highest temperature in Shanghai on June 10?,2026-06-08T04:26:36Z,2026-06-10T12:00:00Z,9,32°C,0x172043a1fcf0edff9fc73bd6ed63a50b2874be1f4323f7070b7c235d7fd2b636,107394249729422528580295423197418949033681781170606210461168594071997949686079,YES,depth_imbalance_5,book,valid_obs_10,valid_observation_steps,10,early_gt_24h,75720,0.02101346395171501,0.5398132894014278,0.8557052297939778,16.2715
highest-temperature-in-shanghai-on-june-10-2026,Highest temperature in Shanghai on June 10?,2026-06-08T04:26:36Z,2026-06-10T12:00:00Z,9,32°C,0x172043a1fcf0edff9fc73bd6ed63a50b2874be1f4323f7070b7c235d7fd2b636,107394249729422528580295423197418949033681781170606210461168594071997949686079,YES,depth_imbalance_5,book,valid_obs_10,valid_observation_steps,10,last_24h,76305,0.03297517682315075,0.5927018061186878,0.9644453181311841,9.947
highest-temperature-in-shanghai-on-june-10-2026,Highest temperature in Shanghai on June 10?,2026-06-08T04:26:36Z,2026-06-10T12:00:00Z,9,32°C,0x172043a1fcf0edff9fc73bd6ed63a50b2874be1f4323f7070b7c235d7fd2b636,107394249729422528580295423197418949033681781170606210461168594071997949686079,YES,depth_imbalance_5,book,valid_obs_10,valid_observation_steps,10,last_6h,7073,,,1.0,9.555
highest-temperature-in-shanghai-on-june-10-2026,Highest temperature in Shanghai on June 10?,2026-06-08T04:26:36Z,2026-06-10T12:00:00Z,9,32°C,0x172043a1fcf0edff9fc73bd6ed63a50b2874be1f4323f7070b7c235d7fd2b636,107394249729422528580295423197418949033681781170606210461168594071997949686079,YES,microprice_minus_mid,book,valid_obs_10,valid_observation_steps,10,early_gt_24h,75720,0.014587824764850437,0.5583012996522058,0.8557052297939778,16.2715
highest-temperature-in-shanghai-on-june-10-2026,Highest temperature in Shanghai on June 10?,2026-06-08T04:26:36Z,2026-06-10T12:00:00Z,9,32°C,0x172043a1fcf0edff9fc73bd6ed63a50b2874be1f4323f7070b7c235d7fd2b636,107394249729422528580295423197418949033681781170606210461168594071997949686079,YES,microprice_minus_mid,book,valid_obs_10,valid_observation_steps,10,last_24h,76305,0.1213399842364824,0.7427202359012164,0.9644453181311841,9.947
highest-temperature-in-shanghai-on-june-10-2026,Highest temperature in Shanghai on June 10?,2026-06-08T04:26:36Z,2026-06-10T12:00:00Z,9,32°C,0x172043a1fcf0edff9fc73bd6ed63a50b2874be1f4323f7070b7c235d7fd2b636,107394249729422528580295423197418949033681781170606210461168594071997949686079,YES,microprice_minus_mid,book,valid_obs_10,valid_observation_steps,10,last_6h,7073,,,1.0,9.555
highest-temperature-in-shanghai-on-june-10-2026,Highest temperature in Shanghai on June 10?,2026-06-08T04:26:36Z,2026-06-10T12:00:00Z,9,32°C,0x172043a1fcf0edff9fc73bd6ed63a50b2874be1f4323f7070b7c235d7fd2b636,107394249729422528580295423197418949033681781170606210461168594071997949686079,YES,ofi_30s,flow_clock_sensitive,valid_obs_10,valid_observation_steps,10,early_gt_24h,75720,0.12639012240865816,0.5141863444993593,0.8557052297939778,16.2715
highest-temperature-in-shanghai-on-june-10-2026,Highest temperature in Shanghai on June 10?,2026-06-08T04:26:36Z,2026-06-10T12:00:00Z,9,32°C,0x172043a1fcf0edff9fc73bd6ed63a50b2874be1f4323f7070b7c235d7fd2b636,107394249729422528580295423197418949033681781170606210461168594071997949686079,YES,ofi_30s,flow_clock_sensitive,valid_obs_10,valid_observation_steps,10,last_24h,76305,0.09433207702656031,0.6284555842241062,0.9644453181311841,9.947
highest-temperature-in-shanghai-on-june-10-2026,Highest temperature in Shanghai on June 10?,2026-06-08T04:26:36Z,2026-06-10T12:00:00Z,9,32°C,0x172043a1fcf0edff9fc73bd6ed63a50b2874be1f4323f7070b7c235d7fd2b636,107394249729422528580295423197418949033681781170606210461168594071997949686079,YES,ofi_30s,flow_clock_sensitive,valid_obs_10,valid_observation_steps,10,last_6h,7073,,,1.0,9.555
highest-temperature-in-shanghai-on-june-10-2026,Highest temperature in Shanghai on June 10?,2026-06-08T04:26:36Z,2026-06-10T12:00:00Z,9,32°C,0x172043a1fcf0edff9fc73bd6ed63a50b2874be1f4323f7070b7c235d7fd2b636,107394249729422528580295423197418949033681781170606210461168594071997949686079,YES,trade_pressure_30s,flow_clock_sensitive,valid_obs_10,valid_observation_steps,10,early_gt_24h,75720,0.018650284362591436,0.5068643602416255,0.8557052297939778,16.2715
highest-temperature-in-shanghai-on-june-10-2026,Highest temperature in Shanghai on June 10?,2026-06-08T04:26:36Z,2026-06-10T12:00:00Z,9,32°C,0x172043a1fcf0edff9fc73bd6ed63a50b2874be1f4323f7070b7c235d7fd2b636,107394249729422528580295423197418949033681781170606210461168594071997949686079,YES,trade_pressure_30s,flow_clock_sensitive,valid_obs_10,valid_observation_steps,10,last_24h,76305,0.02921682751772388,0.4784371544415776,0.9644453181311841,9.947
highest-temperature-in-shanghai-on-june-10-2026,Highest temperature in Shanghai on June 10?,2026-06-08T04:26:36Z,2026-06-10T12:00:00Z,9,32°C,0x172043a1fcf0edff9fc73bd6ed63a50b2874be1f4323f7070b7c235d7fd2b636,107394249729422528580295423197418949033681781170606210461168594071997949686079,YES,trade_pressure_30s,flow_clock_sensitive,valid_obs_10,valid_observation_steps,10,last_6h,7073,,,1.0,9.555
highest-temperature-in-shanghai-on-june-10-2026,Highest temperature in Shanghai on June 10?,2026-06-08T04:26:36Z,2026-06-10T12:00:00Z,9,32°C,0x172043a1fcf0edff9fc73bd6ed63a50b2874be1f4323f7070b7c235d7fd2b636,107394249729422528580295423197418949033681781170606210461168594071997949686079,YES,depth_imbalance_1,book,valid_obs_50,valid_observation_steps,50,early_gt_24h,75720,0.10492767155381368,0.6052073573647616,0.7321843634442684,97.5305
highest-temperature-in-shanghai-on-june-10-2026,Highest temperature in Shanghai on June 10?,2026-06-08T04:26:36Z,2026-06-10T12:00:00Z,9,32°C,0x172043a1fcf0edff9fc73bd6ed63a50b2874be1f4323f7070b7c235d7fd2b636,107394249729422528580295423197418949033681781170606210461168594071997949686079,YES,depth_imbalance_1,book,valid_obs_50,valid_observation_steps,50,last_24h,76305,0.08616695872251272,0.6105848744549692,0.9128366424218597,56.154
highest-temperature-in-shanghai-on-june-10-2026,Highest temperature in Shanghai on June 10?,2026-06-08T04:26:36Z,2026-06-10T12:00:00Z,9,32°C,0x172043a1fcf0edff9fc73bd6ed63a50b2874be1f4323f7070b7c235d7fd2b636,107394249729422528580295423197418949033681781170606210461168594071997949686079,YES,depth_imbalance_1,book,valid_obs_50,valid_observation_steps,50,last_6h,7016,,,1.0,51.577
highest-temperature-in-shanghai-on-june-10-2026,Highest temperature in Shanghai on June 10?,2026-06-08T04:26:36Z,2026-06-10T12:00:00Z,9,32°C,0x172043a1fcf0edff9fc73bd6ed63a50b2874be1f4323f7070b7c235d7fd2b636,107394249729422528580295423197418949033681781170606210461168594071997949686079,YES,depth_imbalance_3,book,valid_obs_50,valid_observation_steps,50,early_gt_24h,75720,0.11908762339686257,0.6136397258247448,0.7321843634442684,97.5305
highest-temperature-in-shanghai-on-june-10-2026,Highest temperature in Shanghai on June 10?,2026-06-08T04:26:36Z,2026-06-10T12:00:00Z,9,32°C,0x172043a1fcf0edff9fc73bd6ed63a50b2874be1f4323f7070b7c235d7fd2b636,107394249729422528580295423197418949033681781170606210461168594071997949686079,YES,depth_imbalance_3,book,valid_obs_50,valid_observation_steps,50,last_24h,76305,0.04140355414792835,0.5540520222522929,0.9128366424218597,56.154
highest-temperature-in-shanghai-on-june-10-2026,Highest temperature in Shanghai on June 10?,2026-06-08T04:26:36Z,2026-06-10T12:00:00Z,9,32°C,0x172043a1fcf0edff9fc73bd6ed63a50b2874be1f4323f7070b7c235d7fd2b636,107394249729422528580295423197418949033681781170606210461168594071997949686079,YES,depth_imbalance_3,book,valid_obs_50,valid_observation_steps,50,last_6h,7016,,,1.0,51.577
highest-temperature-in-shanghai-on-june-10-2026,Highest temperature in Shanghai on June 10?,2026-06-08T04:26:36Z,2026-06-10T12:00:00Z,9,32°C,0x172043a1fcf0edff9fc73bd6ed63a50b2874be1f4323f7070b7c235d7fd2b636,107394249729422528580295423197418949033681781170606210461168594071997949686079,YES,depth_imbalance_5,book,valid_obs_50,valid_observation_steps,50,early_gt_24h,75720,0.019522980715835,0.5208836727649292,0.7321843634442684,97.5305
highest-temperature-in-shanghai-on-june-10-2026,Highest temperature in Shanghai on June 10?,2026-06-08T04:26:36Z,2026-06-10T12:00:00Z,9,32°C,0x172043a1fcf0edff9fc73bd6ed63a50b2874be1f4323f7070b7c235d7fd2b636,107394249729422528580295423197418949033681781170606210461168594071997949686079,YES,depth_imbalance_5,book,valid_obs_50,valid_observation_steps,50,last_24h,76305,0.06075224200011506,0.5875808149150503,0.9128366424218597,56.154
highest-temperature-in-shanghai-on-june-10-2026,Highest temperature in Shanghai on June 10?,2026-06-08T04:26:36Z,2026-06-10T12:00:00Z,9,32°C,0x172043a1fcf0edff9fc73bd6ed63a50b2874be1f4323f7070b7c235d7fd2b636,107394249729422528580295423197418949033681781170606210461168594071997949686079,YES,depth_imbalance_5,book,valid_obs_50,valid_observation_steps,50,last_6h,7016,,,1.0,51.577
highest-temperature-in-shanghai-on-june-10-2026,Highest temperature in Shanghai on June 10?,2026-06-08T04:26:36Z,2026-06-10T12:00:00Z,9,32°C,0x172043a1fcf0edff9fc73bd6ed63a50b2874be1f4323f7070b7c235d7fd2b636,107394249729422528580295423197418949033681781170606210461168594071997949686079,YES,microprice_minus_mid,book,valid_obs_50,valid_observation_steps,50,early_gt_24h,75720,0.0014330631322200511,0.5246313920804774,0.7321843634442684,97.5305
highest-temperature-in-shanghai-on-june-10-2026,Highest temperature in Shanghai on June 10?,2026-06-08T04:26:36Z,2026-06-10T12:00:00Z,9,32°C,0x172043a1fcf0edff9fc73bd6ed63a50b2874be1f4323f7070b7c235d7fd2b636,107394249729422528580295423197418949033681781170606210461168594071997949686079,YES,microprice_minus_mid,book,valid_obs_50,valid_observation_steps,50,last_24h,76305,0.12611280408626988,0.6920763794918058,0.9128366424218597,56.154
highest-temperature-in-shanghai-on-june-10-2026,Highest temperature in Shanghai on June 10?,2026-06-08T04:26:36Z,2026-06-10T12:00:00Z,9,32°C,0x172043a1fcf0edff9fc73bd6ed63a50b2874be1f4323f7070b7c235d7fd2b636,107394249729422528580295423197418949033681781170606210461168594071997949686079,YES,microprice_minus_mid,book,valid_obs_50,valid_observation_steps,50,last_6h,7016,,,1.0,51.577
highest-temperature-in-shanghai-on-june-10-2026,Highest temperature in Shanghai on June 10?,2026-06-08T04:26:36Z,2026-06-10T12:00:00Z,9,32°C,0x172043a1fcf0edff9fc73bd6ed63a50b2874be1f4323f7070b7c235d7fd2b636,107394249729422528580295423197418949033681781170606210461168594071997949686079,YES,ofi_30s,flow_clock_sensitive,valid_obs_50,valid_observation_steps,50,early_gt_24h,75720,0.0993003826369946,0.4987918536416983,0.7321843634442684,97.5305
highest-temperature-in-shanghai-on-june-10-2026,Highest temperature in Shanghai on June 10?,2026-06-08T04:26:36Z,2026-06-10T12:00:00Z,9,32°C,0x172043a1fcf0edff9fc73bd6ed63a50b2874be1f4323f7070b7c235d7fd2b636,107394249729422528580295423197418949033681781170606210461168594071997949686079,YES,ofi_30s,flow_clock_sensitive,valid_obs_50,valid_observation_steps,50,last_24h,76305,0.06523443915708697,0.5178168696436626,0.9128366424218597,56.154
highest-temperature-in-shanghai-on-june-10-2026,Highest temperature in Shanghai on June 10?,2026-06-08T04:26:36Z,2026-06-10T12:00:00Z,9,32°C,0x172043a1fcf0edff9fc73bd6ed63a50b2874be1f4323f7070b7c235d7fd2b636,107394249729422528580295423197418949033681781170606210461168594071997949686079,YES,ofi_30s,flow_clock_sensitive,valid_obs_50,valid_observation_steps,50,last_6h,7016,,,1.0,51.577
highest-temperature-in-shanghai-on-june-10-2026,Highest temperature in Shanghai on June 10?,2026-06-08T04:26:36Z,2026-06-10T12:00:00Z,9,32°C,0x172043a1fcf0edff9fc73bd6ed63a50b2874be1f4323f7070b7c235d7fd2b636,107394249729422528580295423197418949033681781170606210461168594071997949686079,YES,trade_pressure_30s,flow_clock_sensitive,valid_obs_50,valid_observation_steps,50,early_gt_24h,75720,0.022480053357239595,0.5104295083584003,0.7321843634442684,97.5305
highest-temperature-in-shanghai-on-june-10-2026,Highest temperature in Shanghai on June 10?,2026-06-08T04:26:36Z,2026-06-10T12:00:00Z,9,32°C,0x172043a1fcf0edff9fc73bd6ed63a50b2874be1f4323f7070b7c235d7fd2b636,107394249729422528580295423197418949033681781170606210461168594071997949686079,YES,trade_pressure_30s,flow_clock_sensitive,valid_obs_50,valid_observation_steps,50,last_24h,76305,0.05575878670469062,0.45526988422793563,0.9128366424218597,56.154
highest-temperature-in-shanghai-on-june-10-2026,Highest temperature in Shanghai on June 10?,2026-06-08T04:26:36Z,2026-06-10T12:00:00Z,9,32°C,0x172043a1fcf0edff9fc73bd6ed63a50b2874be1f4323f7070b7c235d7fd2b636,107394249729422528580295423197418949033681781170606210461168594071997949686079,YES,trade_pressure_30s,flow_clock_sensitive,valid_obs_50,valid_observation_steps,50,last_6h,7016,,,1.0,51.577
highest-temperature-in-shanghai-on-june-10-2026,Highest temperature in Shanghai on June 10?,2026-06-08T04:26:36Z,2026-06-10T12:00:00Z,9,32°C,0x172043a1fcf0edff9fc73bd6ed63a50b2874be1f4323f7070b7c235d7fd2b636,107394249729422528580295423197418949033681781170606210461168594071997949686079,YES,depth_imbalance_1,book,valid_obs_200,valid_observation_steps,200,early_gt_24h,75720,0.16829641465698694,0.62784058790277,0.5327522451135763,409.1295
highest-temperature-in-shanghai-on-june-10-2026,Highest temperature in Shanghai on June 10?,2026-06-08T04:26:36Z,2026-06-10T12:00:00Z,9,32°C,0x172043a1fcf0edff9fc73bd6ed63a50b2874be1f4323f7070b7c235d7fd2b636,107394249729422528580295423197418949033681781170606210461168594071997949686079,YES,depth_imbalance_1,book,valid_obs_200,valid_observation_steps,200,last_24h,76305,0.0659491950817663,0.5266359060402684,0.8125417731472381,241.074
highest-temperature-in-shanghai-on-june-10-2026,Highest temperature in Shanghai on June 10?,2026-06-08T04:26:36Z,2026-06-10T12:00:00Z,9,32°C,0x172043a1fcf0edff9fc73bd6ed63a50b2874be1f4323f7070b7c235d7fd2b636,107394249729422528580295423197418949033681781170606210461168594071997949686079,YES,depth_imbalance_1,book,valid_obs_200,valid_observation_steps,200,last_6h,6789,,,1.0,219.499
highest-temperature-in-shanghai-on-june-10-2026,Highest temperature in Shanghai on June 10?,2026-06-08T04:26:36Z,2026-06-10T12:00:00Z,9,32°C,0x172043a1fcf0edff9fc73bd6ed63a50b2874be1f4323f7070b7c235d7fd2b636,107394249729422528580295423197418949033681781170606210461168594071997949686079,YES,depth_imbalance_3,book,valid_obs_200,valid_observation_steps,200,early_gt_24h,75720,0.14143212214441364,0.6005087620124364,0.5327522451135763,409.1295
highest-temperature-in-shanghai-on-june-10-2026,Highest temperature in Shanghai on June 10?,2026-06-08T04:26:36Z,2026-06-10T12:00:00Z,9,32°C,0x172043a1fcf0edff9fc73bd6ed63a50b2874be1f4323f7070b7c235d7fd2b636,107394249729422528580295423197418949033681781170606210461168594071997949686079,YES,depth_imbalance_3,book,valid_obs_200,valid_observation_steps,200,last_24h,76305,0.06001704019109605,0.5908836689038032,0.8125417731472381,241.074
highest-temperature-in-shanghai-on-june-10-2026,Highest temperature in Shanghai on June 10?,2026-06-08T04:26:36Z,2026-06-10T12:00:00Z,9,32°C,0x172043a1fcf0edff9fc73bd6ed63a50b2874be1f4323f7070b7c235d7fd2b636,107394249729422528580295423197418949033681781170606210461168594071997949686079,YES,depth_imbalance_3,book,valid_obs_200,valid_observation_steps,200,last_6h,6789,,,1.0,219.499
highest-temperature-in-shanghai-on-june-10-2026,Highest temperature in Shanghai on June 10?,2026-06-08T04:26:36Z,2026-06-10T12:00:00Z,9,32°C,0x172043a1fcf0edff9fc73bd6ed63a50b2874be1f4323f7070b7c235d7fd2b636,107394249729422528580295423197418949033681781170606210461168594071997949686079,YES,depth_imbalance_5,book,valid_obs_200,valid_observation_steps,200,early_gt_24h,75720,0.06485789472387457,0.5354154889768231,0.5327522451135763,409.1295
highest-temperature-in-shanghai-on-june-10-2026,Highest temperature in Shanghai on June 10?,2026-06-08T04:26:36Z,2026-06-10T12:00:00Z,9,32°C,0x172043a1fcf0edff9fc73bd6ed63a50b2874be1f4323f7070b7c235d7fd2b636,107394249729422528580295423197418949033681781170606210461168594071997949686079,YES,depth_imbalance_5,book,valid_obs_200,valid_observation_steps,200,last_24h,76305,0.11558059829003754,0.6134647651006712,0.8125417731472381,241.074
highest-temperature-in-shanghai-on-june-10-2026,Highest temperature in Shanghai on June 10?,2026-06-08T04:26:36Z,2026-06-10T12:00:00Z,9,32°C,0x172043a1fcf0edff9fc73bd6ed63a50b2874be1f4323f7070b7c235d7fd2b636,107394249729422528580295423197418949033681781170606210461168594071997949686079,YES,depth_imbalance_5,book,valid_obs_200,valid_observation_steps,200,last_6h,6789,,,1.0,219.499
highest-temperature-in-shanghai-on-june-10-2026,Highest temperature in Shanghai on June 10?,2026-06-08T04:26:36Z,2026-06-10T12:00:00Z,9,32°C,0x172043a1fcf0edff9fc73bd6ed63a50b2874be1f4323f7070b7c235d7fd2b636,107394249729422528580295423197418949033681781170606210461168594071997949686079,YES,microprice_minus_mid,book,valid_obs_200,valid_observation_steps,200,early_gt_24h,75720,-0.05253985808100484,0.47738835500282645,0.5327522451135763,409.1295
highest-temperature-in-shanghai-on-june-10-2026,Highest temperature in Shanghai on June 10?,2026-06-08T04:26:36Z,2026-06-10T12:00:00Z,9,32°C,0x172043a1fcf0edff9fc73bd6ed63a50b2874be1f4323f7070b7c235d7fd2b636,107394249729422528580295423197418949033681781170606210461168594071997949686079,YES,microprice_minus_mid,book,valid_obs_200,valid_observation_steps,200,last_24h,76305,0.11443189083284383,0.6463227069351231,0.8125417731472381,241.074
highest-temperature-in-shanghai-on-june-10-2026,Highest temperature in Shanghai on June 10?,2026-06-08T04:26:36Z,2026-06-10T12:00:00Z,9,32°C,0x172043a1fcf0edff9fc73bd6ed63a50b2874be1f4323f7070b7c235d7fd2b636,107394249729422528580295423197418949033681781170606210461168594071997949686079,YES,microprice_minus_mid,book,valid_obs_200,valid_observation_steps,200,last_6h,6789,,,1.0,219.499
highest-temperature-in-shanghai-on-june-10-2026,Highest temperature in Shanghai on June 10?,2026-06-08T04:26:36Z,2026-06-10T12:00:00Z,9,32°C,0x172043a1fcf0edff9fc73bd6ed63a50b2874be1f4323f7070b7c235d7fd2b636,107394249729422528580295423197418949033681781170606210461168594071997949686079,YES,ofi_30s,flow_clock_sensitive,valid_obs_200,valid_observation_steps,200,early_gt_24h,75720,0.07859606228967382,0.5165347654041832,0.5327522451135763,409.1295
highest-temperature-in-shanghai-on-june-10-2026,Highest temperature in Shanghai on June 10?,2026-06-08T04:26:36Z,2026-06-10T12:00:00Z,9,32°C,0x172043a1fcf0edff9fc73bd6ed63a50b2874be1f4323f7070b7c235d7fd2b636,107394249729422528580295423197418949033681781170606210461168594071997949686079,YES,ofi_30s,flow_clock_sensitive,valid_obs_200,valid_observation_steps,200,last_24h,76305,0.04855734968442779,0.4838506711409396,0.8125417731472381,241.074
highest-temperature-in-shanghai-on-june-10-2026,Highest temperature in Shanghai on June 10?,2026-06-08T04:26:36Z,2026-06-10T12:00:00Z,9,32°C,0x172043a1fcf0edff9fc73bd6ed63a50b2874be1f4323f7070b7c235d7fd2b636,107394249729422528580295423197418949033681781170606210461168594071997949686079,YES,ofi_30s,flow_clock_sensitive,valid_obs_200,valid_observation_steps,200,last_6h,6789,,,1.0,219.499
highest-temperature-in-shanghai-on-june-10-2026,Highest temperature in Shanghai on June 10?,2026-06-08T04:26:36Z,2026-06-10T12:00:00Z,9,32°C,0x172043a1fcf0edff9fc73bd6ed63a50b2874be1f4323f7070b7c235d7fd2b636,107394249729422528580295423197418949033681781170606210461168594071997949686079,YES,trade_pressure_30s,flow_clock_sensitive,valid_obs_200,valid_observation_steps,200,early_gt_24h,75720,-0.030731598093051725,0.5420011305822499,0.5327522451135763,409.1295
highest-temperature-in-shanghai-on-june-10-2026,Highest temperature in Shanghai on June 10?,2026-06-08T04:26:36Z,2026-06-10T12:00:00Z,9,32°C,0x172043a1fcf0edff9fc73bd6ed63a50b2874be1f4323f7070b7c235d7fd2b636,107394249729422528580295423197418949033681781170606210461168594071997949686079,YES,trade_pressure_30s,flow_clock_sensitive,valid_obs_200,valid_observation_steps,200,last_24h,76305,0.09271193072998857,0.45085290827740493,0.8125417731472381,241.074
highest-temperature-in-shanghai-on-june-10-2026,Highest temperature in Shanghai on June 10?,2026-06-08T04:26:36Z,2026-06-10T12:00:00Z,9,32°C,0x172043a1fcf0edff9fc73bd6ed63a50b2874be1f4323f7070b7c235d7fd2b636,107394249729422528580295423197418949033681781170606210461168594071997949686079,YES,trade_pressure_30s,flow_clock_sensitive,valid_obs_200,valid_observation_steps,200,last_6h,6789,,,1.0,219.499
highest-temperature-in-shanghai-on-june-10-2026,Highest temperature in Shanghai on June 10?,2026-06-08T04:26:36Z,2026-06-10T12:00:00Z,10,33°C or higher,0xf7c320623ae04b343a84ef1d29e41f1a0a9273cb5ede41198542839b04663b42,77126216875827511182932083508968979397438543022663466379727138106562657476235,YES,depth_imbalance_1,book,wall_60s,wall_clock_seconds,60,early_gt_24h,76818,0.17783476390900588,0.6730684811237928,0.8813819677679711,61.902
highest-temperature-in-shanghai-on-june-10-2026,Highest temperature in Shanghai on June 10?,2026-06-08T04:26:36Z,2026-06-10T12:00:00Z,10,33°C or higher,0xf7c320623ae04b343a84ef1d29e41f1a0a9273cb5ede41198542839b04663b42,77126216875827511182932083508968979397438543022663466379727138106562657476235,YES,depth_imbalance_1,book,wall_60s,wall_clock_seconds,60,last_24h,51189,0.15007883172451977,0.7383603238866396,0.9613979565922366,61.692
highest-temperature-in-shanghai-on-june-10-2026,Highest temperature in Shanghai on June 10?,2026-06-08T04:26:36Z,2026-06-10T12:00:00Z,10,33°C or higher,0xf7c320623ae04b343a84ef1d29e41f1a0a9273cb5ede41198542839b04663b42,77126216875827511182932083508968979397438543022663466379727138106562657476235,YES,depth_imbalance_3,book,wall_60s,wall_clock_seconds,60,early_gt_24h,76818,0.13142351026419652,0.6325724319578577,0.8813819677679711,61.902
highest-temperature-in-shanghai-on-june-10-2026,Highest temperature in Shanghai on June 10?,2026-06-08T04:26:36Z,2026-06-10T12:00:00Z,10,33°C or higher,0xf7c320623ae04b343a84ef1d29e41f1a0a9273cb5ede41198542839b04663b42,77126216875827511182932083508968979397438543022663466379727138106562657476235,YES,depth_imbalance_3,book,wall_60s,wall_clock_seconds,60,last_24h,51189,-0.018025729099739124,0.5334008097165992,0.9613979565922366,61.692
highest-temperature-in-shanghai-on-june-10-2026,Highest temperature in Shanghai on June 10?,2026-06-08T04:26:36Z,2026-06-10T12:00:00Z,10,33°C or higher,0xf7c320623ae04b343a84ef1d29e41f1a0a9273cb5ede41198542839b04663b42,77126216875827511182932083508968979397438543022663466379727138106562657476235,YES,depth_imbalance_5,book,wall_60s,wall_clock_seconds,60,early_gt_24h,76818,0.035493834436355384,0.573748902546093,0.8813819677679711,61.902
highest-temperature-in-shanghai-on-june-10-2026,Highest temperature in Shanghai on June 10?,2026-06-08T04:26:36Z,2026-06-10T12:00:00Z,10,33°C or higher,0xf7c320623ae04b343a84ef1d29e41f1a0a9273cb5ede41198542839b04663b42,77126216875827511182932083508968979397438543022663466379727138106562657476235,YES,depth_imbalance_5,book,wall_60s,wall_clock_seconds,60,last_24h,51189,-0.03450427857560855,0.4797570850202429,0.9613979565922366,61.692
highest-temperature-in-shanghai-on-june-10-2026,Highest temperature in Shanghai on June 10?,2026-06-08T04:26:36Z,2026-06-10T12:00:00Z,10,33°C or higher,0xf7c320623ae04b343a84ef1d29e41f1a0a9273cb5ede41198542839b04663b42,77126216875827511182932083508968979397438543022663466379727138106562657476235,YES,microprice_minus_mid,book,wall_60s,wall_clock_seconds,60,early_gt_24h,76818,0.13626544681733943,0.6085381913959613,0.8813819677679711,61.902
highest-temperature-in-shanghai-on-june-10-2026,Highest temperature in Shanghai on June 10?,2026-06-08T04:26:36Z,2026-06-10T12:00:00Z,10,33°C or higher,0xf7c320623ae04b343a84ef1d29e41f1a0a9273cb5ede41198542839b04663b42,77126216875827511182932083508968979397438543022663466379727138106562657476235,YES,microprice_minus_mid,book,wall_60s,wall_clock_seconds,60,last_24h,51189,0.14969476739777687,0.7950404858299596,0.9613979565922366,61.692
highest-temperature-in-shanghai-on-june-10-2026,Highest temperature in Shanghai on June 10?,2026-06-08T04:26:36Z,2026-06-10T12:00:00Z,10,33°C or higher,0xf7c320623ae04b343a84ef1d29e41f1a0a9273cb5ede41198542839b04663b42,77126216875827511182932083508968979397438543022663466379727138106562657476235,YES,ofi_30s,flow_clock_sensitive,wall_60s,wall_clock_seconds,60,early_gt_24h,76818,-0.008388537380680718,0.43557945566286216,0.8813819677679711,61.902
highest-temperature-in-shanghai-on-june-10-2026,Highest temperature in Shanghai on June 10?,2026-06-08T04:26:36Z,2026-06-10T12:00:00Z,10,33°C or higher,0xf7c320623ae04b343a84ef1d29e41f1a0a9273cb5ede41198542839b04663b42,77126216875827511182932083508968979397438543022663466379727138106562657476235,YES,ofi_30s,flow_clock_sensitive,wall_60s,wall_clock_seconds,60,last_24h,51189,-0.001330108039175473,0.4807692307692308,0.9613979565922366,61.692
highest-temperature-in-shanghai-on-june-10-2026,Highest temperature in Shanghai on June 10?,2026-06-08T04:26:36Z,2026-06-10T12:00:00Z,10,33°C or higher,0xf7c320623ae04b343a84ef1d29e41f1a0a9273cb5ede41198542839b04663b42,77126216875827511182932083508968979397438543022663466379727138106562657476235,YES,trade_pressure_30s,flow_clock_sensitive,wall_60s,wall_clock_seconds,60,early_gt_24h,76818,-0.0006137915617820562,0.4746488147497805,0.8813819677679711,61.902
highest-temperature-in-shanghai-on-june-10-2026,Highest temperature in Shanghai on June 10?,2026-06-08T04:26:36Z,2026-06-10T12:00:00Z,10,33°C or higher,0xf7c320623ae04b343a84ef1d29e41f1a0a9273cb5ede41198542839b04663b42,77126216875827511182932083508968979397438543022663466379727138106562657476235,YES,trade_pressure_30s,flow_clock_sensitive,wall_60s,wall_clock_seconds,60,last_24h,51189,-0.04129646339534313,0.5516194331983806,0.9613979565922366,61.692
highest-temperature-in-shanghai-on-june-10-2026,Highest temperature in Shanghai on June 10?,2026-06-08T04:26:36Z,2026-06-10T12:00:00Z,10,33°C or higher,0xf7c320623ae04b343a84ef1d29e41f1a0a9273cb5ede41198542839b04663b42,77126216875827511182932083508968979397438543022663466379727138106562657476235,YES,depth_imbalance_1,book,wall_300s,wall_clock_seconds,300,early_gt_24h,76818,0.22562100592266318,0.6451777389277389,0.8212918847145201,302.549
highest-temperature-in-shanghai-on-june-10-2026,Highest temperature in Shanghai on June 10?,2026-06-08T04:26:36Z,2026-06-10T12:00:00Z,10,33°C or higher,0xf7c320623ae04b343a84ef1d29e41f1a0a9273cb5ede41198542839b04663b42,77126216875827511182932083508968979397438543022663466379727138106562657476235,YES,depth_imbalance_1,book,wall_300s,wall_clock_seconds,300,last_24h,50942,0.22989127882666435,0.793297039809459,0.8846138746024891,302.11850000000004
highest-temperature-in-shanghai-on-june-10-2026,Highest temperature in Shanghai on June 10?,2026-06-08T04:26:36Z,2026-06-10T12:00:00Z,10,33°C or higher,0xf7c320623ae04b343a84ef1d29e41f1a0a9273cb5ede41198542839b04663b42,77126216875827511182932083508968979397438543022663466379727138106562657476235,YES,depth_imbalance_3,book,wall_300s,wall_clock_seconds,300,early_gt_24h,76818,0.16162493672591313,0.6169143356643356,0.8212918847145201,302.549
highest-temperature-in-shanghai-on-june-10-2026,Highest temperature in Shanghai on June 10?,2026-06-08T04:26:36Z,2026-06-10T12:00:00Z,10,33°C or higher,0xf7c320623ae04b343a84ef1d29e41f1a0a9273cb5ede41198542839b04663b42,77126216875827511182932083508968979397438543022663466379727138106562657476235,YES,depth_imbalance_3,book,wall_300s,wall_clock_seconds,300,last_24h,50942,-0.06562192658468216,0.42361347397073834,0.8846138746024891,302.11850000000004
highest-temperature-in-shanghai-on-june-10-2026,Highest temperature in Shanghai on June 10?,2026-06-08T04:26:36Z,2026-06-10T12:00:00Z,10,33°C or higher,0xf7c320623ae04b343a84ef1d29e41f1a0a9273cb5ede41198542839b04663b42,77126216875827511182932083508968979397438543022663466379727138106562657476235,YES,depth_imbalance_5,book,wall_300s,wall_clock_seconds,300,early_gt_24h,76818,0.05847623723725887,0.6203379953379954,0.8212918847145201,302.549
highest-temperature-in-shanghai-on-june-10-2026,Highest temperature in Shanghai on June 10?,2026-06-08T04:26:36Z,2026-06-10T12:00:00Z,10,33°C or higher,0xf7c320623ae04b343a84ef1d29e41f1a0a9273cb5ede41198542839b04663b42,77126216875827511182932083508968979397438543022663466379727138106562657476235,YES,depth_imbalance_5,book,wall_300s,wall_clock_seconds,300,last_24h,50942,-0.11297735969353462,0.37955086764205515,0.8846138746024891,302.11850000000004
highest-temperature-in-shanghai-on-june-10-2026,Highest temperature in Shanghai on June 10?,2026-06-08T04:26:36Z,2026-06-10T12:00:00Z,10,33°C or higher,0xf7c320623ae04b343a84ef1d29e41f1a0a9273cb5ede41198542839b04663b42,77126216875827511182932083508968979397438543022663466379727138106562657476235,YES,microprice_minus_mid,book,wall_300s,wall_clock_seconds,300,early_gt_24h,76818,0.17627736534365276,0.5678175990675991,0.8212918847145201,302.549
highest-temperature-in-shanghai-on-june-10-2026,Highest temperature in Shanghai on June 10?,2026-06-08T04:26:36Z,2026-06-10T12:00:00Z,10,33°C or higher,0xf7c320623ae04b343a84ef1d29e41f1a0a9273cb5ede41198542839b04663b42,77126216875827511182932083508968979397438543022663466379727138106562657476235,YES,microprice_minus_mid,book,wall_300s,wall_clock_seconds,300,last_24h,50942,0.24913985301912608,0.8118407621640014,0.8846138746024891,302.11850000000004
highest-temperature-in-shanghai-on-june-10-2026,Highest temperature in Shanghai on June 10?,2026-06-08T04:26:36Z,2026-06-10T12:00:00Z,10,33°C or higher,0xf7c320623ae04b343a84ef1d29e41f1a0a9273cb5ede41198542839b04663b42,77126216875827511182932083508968979397438543022663466379727138106562657476235,YES,ofi_30s,flow_clock_sensitive,wall_300s,wall_clock_seconds,300,early_gt_24h,76818,0.06367247980710271,0.4752331002331002,0.8212918847145201,302.549
highest-temperature-in-shanghai-on-june-10-2026,Highest temperature in Shanghai on June 10?,2026-06-08T04:26:36Z,2026-06-10T12:00:00Z,10,33°C or higher,0xf7c320623ae04b343a84ef1d29e41f1a0a9273cb5ede41198542839b04663b42,77126216875827511182932083508968979397438543022663466379727138106562657476235,YES,ofi_30s,flow_clock_sensitive,wall_300s,wall_clock_seconds,300,last_24h,50942,-0.028785511958026925,0.4270159918339571,0.8846138746024891,302.11850000000004
highest-temperature-in-shanghai-on-june-10-2026,Highest temperature in Shanghai on June 10?,2026-06-08T04:26:36Z,2026-06-10T12:00:00Z,10,33°C or higher,0xf7c320623ae04b343a84ef1d29e41f1a0a9273cb5ede41198542839b04663b42,77126216875827511182932083508968979397438543022663466379727138106562657476235,YES,trade_pressure_30s,flow_clock_sensitive,wall_300s,wall_clock_seconds,300,early_gt_24h,76818,-0.001362827555386392,0.4555652680652681,0.8212918847145201,302.549
highest-temperature-in-shanghai-on-june-10-2026,Highest temperature in Shanghai on June 10?,2026-06-08T04:26:36Z,2026-06-10T12:00:00Z,10,33°C or higher,0xf7c320623ae04b343a84ef1d29e41f1a0a9273cb5ede41198542839b04663b42,77126216875827511182932083508968979397438543022663466379727138106562657476235,YES,trade_pressure_30s,flow_clock_sensitive,wall_300s,wall_clock_seconds,300,last_24h,50942,-0.023390971115557067,0.5626063286832256,0.8846138746024891,302.11850000000004
highest-temperature-in-shanghai-on-june-10-2026,Highest temperature in Shanghai on June 10?,2026-06-08T04:26:36Z,2026-06-10T12:00:00Z,10,33°C or higher,0xf7c320623ae04b343a84ef1d29e41f1a0a9273cb5ede41198542839b04663b42,77126216875827511182932083508968979397438543022663466379727138106562657476235,YES,depth_imbalance_1,book,wall_900s,wall_clock_seconds,900,early_gt_24h,76818,0.24472727256936505,0.6287886571457927,0.7465958499310058,902.849
highest-temperature-in-shanghai-on-june-10-2026,Highest temperature in Shanghai on June 10?,2026-06-08T04:26:36Z,2026-06-10T12:00:00Z,10,33°C or higher,0xf7c320623ae04b343a84ef1d29e41f1a0a9273cb5ede41198542839b04663b42,77126216875827511182932083508968979397438543022663466379727138106562657476235,YES,depth_imbalance_1,book,wall_900s,wall_clock_seconds,900,last_24h,49928,0.3176510198771103,0.8221780604133545,0.7480371735298831,902.497
highest-temperature-in-shanghai-on-june-10-2026,Highest temperature in Shanghai on June 10?,2026-06-08T04:26:36Z,2026-06-10T12:00:00Z,10,33°C or higher,0xf7c320623ae04b343a84ef1d29e41f1a0a9273cb5ede41198542839b04663b42,77126216875827511182932083508968979397438543022663466379727138106562657476235,YES,depth_imbalance_3,book,wall_900s,wall_clock_seconds,900,early_gt_24h,76818,0.2539416090181241,0.6485153601150724,0.7465958499310058,902.849
highest-temperature-in-shanghai-on-june-10-2026,Highest temperature in Shanghai on June 10?,2026-06-08T04:26:36Z,2026-06-10T12:00:00Z,10,33°C or higher,0xf7c320623ae04b343a84ef1d29e41f1a0a9273cb5ede41198542839b04663b42,77126216875827511182932083508968979397438543022663466379727138106562657476235,YES,depth_imbalance_3,book,wall_900s,wall_clock_seconds,900,last_24h,49928,-0.10470512185039554,0.415818759936407,0.7480371735298831,902.497
highest-temperature-in-shanghai-on-june-10-2026,Highest temperature in Shanghai on June 10?,2026-06-08T04:26:36Z,2026-06-10T12:00:00Z,10,33°C or higher,0xf7c320623ae04b343a84ef1d29e41f1a0a9273cb5ede41198542839b04663b42,77126216875827511182932083508968979397438543022663466379727138106562657476235,YES,depth_imbalance_5,book,wall_900s,wall_clock_seconds,900,early_gt_24h,76818,0.1971318430595416,0.7022500770574335,0.7465958499310058,902.849
highest-temperature-in-shanghai-on-june-10-2026,Highest temperature in Shanghai on June 10?,2026-06-08T04:26:36Z,2026-06-10T12:00:00Z,10,33°C or higher,0xf7c320623ae04b343a84ef1d29e41f1a0a9273cb5ede41198542839b04663b42,77126216875827511182932083508968979397438543022663466379727138106562657476235,YES,depth_imbalance_5,book,wall_900s,wall_clock_seconds,900,last_24h,49928,-0.20426779897154107,0.3736883942766296,0.7480371735298831,902.497
highest-temperature-in-shanghai-on-june-10-2026,Highest temperature in Shanghai on June 10?,2026-06-08T04:26:36Z,2026-06-10T12:00:00Z,10,33°C or higher,0xf7c320623ae04b343a84ef1d29e41f1a0a9273cb5ede41198542839b04663b42,77126216875827511182932083508968979397438543022663466379727138106562657476235,YES,microprice_minus_mid,book,wall_900s,wall_clock_seconds,900,early_gt_24h,76818,0.1164877405602199,0.4916777971848351,0.7465958499310058,902.849
highest-temperature-in-shanghai-on-june-10-2026,Highest temperature in Shanghai on June 10?,2026-06-08T04:26:36Z,2026-06-10T12:00:00Z,10,33°C or higher,0xf7c320623ae04b343a84ef1d29e41f1a0a9273cb5ede41198542839b04663b42,77126216875827511182932083508968979397438543022663466379727138106562657476235,YES,microprice_minus_mid,book,wall_900s,wall_clock_seconds,900,last_24h,49928,0.36284415067323583,0.822972972972973,0.7480371735298831,902.497
highest-temperature-in-shanghai-on-june-10-2026,Highest temperature in Shanghai on June 10?,2026-06-08T04:26:36Z,2026-06-10T12:00:00Z,10,33°C or higher,0xf7c320623ae04b343a84ef1d29e41f1a0a9273cb5ede41198542839b04663b42,77126216875827511182932083508968979397438543022663466379727138106562657476235,YES,ofi_30s,flow_clock_sensitive,wall_900s,wall_clock_seconds,900,early_gt_24h,76818,-0.030546659312571712,0.4463680263022706,0.7465958499310058,902.849
highest-temperature-in-shanghai-on-june-10-2026,Highest temperature in Shanghai on June 10?,2026-06-08T04:26:36Z,2026-06-10T12:00:00Z,10,33°C or higher,0xf7c320623ae04b343a84ef1d29e41f1a0a9273cb5ede41198542839b04663b42,77126216875827511182932083508968979397438543022663466379727138106562657476235,YES,ofi_30s,flow_clock_sensitive,wall_900s,wall_clock_seconds,900,last_24h,49928,-0.017718287193259755,0.4027027027027027,0.7480371735298831,902.497
highest-temperature-in-shanghai-on-june-10-2026,Highest temperature in Shanghai on June 10?,2026-06-08T04:26:36Z,2026-06-10T12:00:00Z,10,33°C or higher,0xf7c320623ae04b343a84ef1d29e41f1a0a9273cb5ede41198542839b04663b42,77126216875827511182932083508968979397438543022663466379727138106562657476235,YES,trade_pressure_30s,flow_clock_sensitive,wall_900s,wall_clock_seconds,900,early_gt_24h,76818,-0.05940096922688905,0.5125346758450632,0.7465958499310058,902.849
highest-temperature-in-shanghai-on-june-10-2026,Highest temperature in Shanghai on June 10?,2026-06-08T04:26:36Z,2026-06-10T12:00:00Z,10,33°C or higher,0xf7c320623ae04b343a84ef1d29e41f1a0a9273cb5ede41198542839b04663b42,77126216875827511182932083508968979397438543022663466379727138106562657476235,YES,trade_pressure_30s,flow_clock_sensitive,wall_900s,wall_clock_seconds,900,last_24h,49928,-0.02094732957389888,0.3932432432432432,0.7480371735298831,902.497
highest-temperature-in-shanghai-on-june-10-2026,Highest temperature in Shanghai on June 10?,2026-06-08T04:26:36Z,2026-06-10T12:00:00Z,10,33°C or higher,0xf7c320623ae04b343a84ef1d29e41f1a0a9273cb5ede41198542839b04663b42,77126216875827511182932083508968979397438543022663466379727138106562657476235,YES,depth_imbalance_1,book,valid_obs_10,valid_observation_steps,10,early_gt_24h,76818,0.13921748244232457,0.6847632897075456,0.919432945403421,15.993
highest-temperature-in-shanghai-on-june-10-2026,Highest temperature in Shanghai on June 10?,2026-06-08T04:26:36Z,2026-06-10T12:00:00Z,10,33°C or higher,0xf7c320623ae04b343a84ef1d29e41f1a0a9273cb5ede41198542839b04663b42,77126216875827511182932083508968979397438543022663466379727138106562657476235,YES,depth_imbalance_1,book,valid_obs_10,valid_observation_steps,10,last_24h,51245,0.07755164466718778,0.7177650429799427,0.9863791589423359,12.301
highest-temperature-in-shanghai-on-june-10-2026,Highest temperature in Shanghai on June 10?,2026-06-08T04:26:36Z,2026-06-10T12:00:00Z,10,33°C or higher,0xf7c320623ae04b343a84ef1d29e41f1a0a9273cb5ede41198542839b04663b42,77126216875827511182932083508968979397438543022663466379727138106562657476235,YES,depth_imbalance_3,book,valid_obs_10,valid_observation_steps,10,early_gt_24h,76818,0.03496106766101642,0.5477460009694619,0.919432945403421,15.993
highest-temperature-in-shanghai-on-june-10-2026,Highest temperature in Shanghai on June 10?,2026-06-08T04:26:36Z,2026-06-10T12:00:00Z,10,33°C or higher,0xf7c320623ae04b343a84ef1d29e41f1a0a9273cb5ede41198542839b04663b42,77126216875827511182932083508968979397438543022663466379727138106562657476235,YES,depth_imbalance_3,book,valid_obs_10,valid_observation_steps,10,last_24h,51245,-0.005402839382639862,0.5315186246418339,0.9863791589423359,12.301
highest-temperature-in-shanghai-on-june-10-2026,Highest temperature in Shanghai on June 10?,2026-06-08T04:26:36Z,2026-06-10T12:00:00Z,10,33°C or higher,0xf7c320623ae04b343a84ef1d29e41f1a0a9273cb5ede41198542839b04663b42,77126216875827511182932083508968979397438543022663466379727138106562657476235,YES,depth_imbalance_5,book,valid_obs_10,valid_observation_steps,10,early_gt_24h,76818,0.036090449678822766,0.5525933107125546,0.919432945403421,15.993
highest-temperature-in-shanghai-on-june-10-2026,Highest temperature in Shanghai on June 10?,2026-06-08T04:26:36Z,2026-06-10T12:00:00Z,10,33°C or higher,0xf7c320623ae04b343a84ef1d29e41f1a0a9273cb5ede41198542839b04663b42,77126216875827511182932083508968979397438543022663466379727138106562657476235,YES,depth_imbalance_5,book,valid_obs_10,valid_observation_steps,10,last_24h,51245,-0.015604991464818538,0.42406876790830944,0.9863791589423359,12.301
highest-temperature-in-shanghai-on-june-10-2026,Highest temperature in Shanghai on June 10?,2026-06-08T04:26:36Z,2026-06-10T12:00:00Z,10,33°C or higher,0xf7c320623ae04b343a84ef1d29e41f1a0a9273cb5ede41198542839b04663b42,77126216875827511182932083508968979397438543022663466379727138106562657476235,YES,microprice_minus_mid,book,valid_obs_10,valid_observation_steps,10,early_gt_24h,76818,0.11446793303242236,0.6450153498141865,0.919432945403421,15.993
highest-temperature-in-shanghai-on-june-10-2026,Highest temperature in Shanghai on June 10?,2026-06-08T04:26:36Z,2026-06-10T12:00:00Z,10,33°C or higher,0xf7c320623ae04b343a84ef1d29e41f1a0a9273cb5ede41198542839b04663b42,77126216875827511182932083508968979397438543022663466379727138106562657476235,YES,microprice_minus_mid,book,valid_obs_10,valid_observation_steps,10,last_24h,51245,0.07480955633659261,0.7435530085959885,0.9863791589423359,12.301
highest-temperature-in-shanghai-on-june-10-2026,Highest temperature in Shanghai on June 10?,2026-06-08T04:26:36Z,2026-06-10T12:00:00Z,10,33°C or higher,0xf7c320623ae04b343a84ef1d29e41f1a0a9273cb5ede41198542839b04663b42,77126216875827511182932083508968979397438543022663466379727138106562657476235,YES,ofi_30s,flow_clock_sensitive,valid_obs_10,valid_observation_steps,10,early_gt_24h,76818,0.04584951354634202,0.5348198416545484,0.919432945403421,15.993
highest-temperature-in-shanghai-on-june-10-2026,Highest temperature in Shanghai on June 10?,2026-06-08T04:26:36Z,2026-06-10T12:00:00Z,10,33°C or higher,0xf7c320623ae04b343a84ef1d29e41f1a0a9273cb5ede41198542839b04663b42,77126216875827511182932083508968979397438543022663466379727138106562657476235,YES,ofi_30s,flow_clock_sensitive,valid_obs_10,valid_observation_steps,10,last_24h,51245,-0.0056177329535373206,0.4326647564469914,0.9863791589423359,12.301
highest-temperature-in-shanghai-on-june-10-2026,Highest temperature in Shanghai on June 10?,2026-06-08T04:26:36Z,2026-06-10T12:00:00Z,10,33°C or higher,0xf7c320623ae04b343a84ef1d29e41f1a0a9273cb5ede41198542839b04663b42,77126216875827511182932083508968979397438543022663466379727138106562657476235,YES,trade_pressure_30s,flow_clock_sensitive,valid_obs_10,valid_observation_steps,10,early_gt_24h,76818,0.0003935843683794988,0.5201163354338342,0.919432945403421,15.993
highest-temperature-in-shanghai-on-june-10-2026,Highest temperature in Shanghai on June 10?,2026-06-08T04:26:36Z,2026-06-10T12:00:00Z,10,33°C or higher,0xf7c320623ae04b343a84ef1d29e41f1a0a9273cb5ede41198542839b04663b42,77126216875827511182932083508968979397438543022663466379727138106562657476235,YES,trade_pressure_30s,flow_clock_sensitive,valid_obs_10,valid_observation_steps,10,last_24h,51245,-0.04587374455896005,0.5515759312320917,0.9863791589423359,12.301
highest-temperature-in-shanghai-on-june-10-2026,Highest temperature in Shanghai on June 10?,2026-06-08T04:26:36Z,2026-06-10T12:00:00Z,10,33°C or higher,0xf7c320623ae04b343a84ef1d29e41f1a0a9273cb5ede41198542839b04663b42,77126216875827511182932083508968979397438543022663466379727138106562657476235,YES,depth_imbalance_1,book,valid_obs_50,valid_observation_steps,50,early_gt_24h,76818,0.15141785143548264,0.6433057521682783,0.8694186258429014,96.6825
highest-temperature-in-shanghai-on-june-10-2026,Highest temperature in Shanghai on June 10?,2026-06-08T04:26:36Z,2026-06-10T12:00:00Z,10,33°C or higher,0xf7c320623ae04b343a84ef1d29e41f1a0a9273cb5ede41198542839b04663b42,77126216875827511182932083508968979397438543022663466379727138106562657476235,YES,depth_imbalance_1,book,valid_obs_50,valid_observation_steps,50,last_24h,51163,0.15513350303456347,0.7552710843373494,0.9480874850966519,76.652
highest-temperature-in-shanghai-on-june-10-2026,Highest temperature in Shanghai on June 10?,2026-06-08T04:26:36Z,2026-06-10T12:00:00Z,10,33°C or higher,0xf7c320623ae04b343a84ef1d29e41f1a0a9273cb5ede41198542839b04663b42,77126216875827511182932083508968979397438543022663466379727138106562657476235,YES,depth_imbalance_3,book,valid_obs_50,valid_observation_steps,50,early_gt_24h,76818,0.08048409501526572,0.5746186820855348,0.8694186258429014,96.6825
highest-temperature-in-shanghai-on-june-10-2026,Highest temperature in Shanghai on June 10?,2026-06-08T04:26:36Z,2026-06-10T12:00:00Z,10,33°C or higher,0xf7c320623ae04b343a84ef1d29e41f1a0a9273cb5ede41198542839b04663b42,77126216875827511182932083508968979397438543022663466379727138106562657476235,YES,depth_imbalance_3,book,valid_obs_50,valid_observation_steps,50,last_24h,51163,-0.021016602471185638,0.48493975903614456,0.9480874850966519,76.652
highest-temperature-in-shanghai-on-june-10-2026,Highest temperature in Shanghai on June 10?,2026-06-08T04:26:36Z,2026-06-10T12:00:00Z,10,33°C or higher,0xf7c320623ae04b343a84ef1d29e41f1a0a9273cb5ede41198542839b04663b42,77126216875827511182932083508968979397438543022663466379727138106562657476235,YES,depth_imbalance_5,book,valid_obs_50,valid_observation_steps,50,early_gt_24h,76818,0.04792623928442189,0.5552786362276941,0.8694186258429014,96.6825
highest-temperature-in-shanghai-on-june-10-2026,Highest temperature in Shanghai on June 10?,2026-06-08T04:26:36Z,2026-06-10T12:00:00Z,10,33°C or higher,0xf7c320623ae04b343a84ef1d29e41f1a0a9273cb5ede41198542839b04663b42,77126216875827511182932083508968979397438543022663466379727138106562657476235,YES,depth_imbalance_5,book,valid_obs_50,valid_observation_steps,50,last_24h,51163,-0.0448958921058702,0.4318524096385542,0.9480874850966519,76.652
highest-temperature-in-shanghai-on-june-10-2026,Highest temperature in Shanghai on June 10?,2026-06-08T04:26:36Z,2026-06-10T12:00:00Z,10,33°C or higher,0xf7c320623ae04b343a84ef1d29e41f1a0a9273cb5ede41198542839b04663b42,77126216875827511182932083508968979397438543022663466379727138106562657476235,YES,microprice_minus_mid,book,valid_obs_50,valid_observation_steps,50,early_gt_24h,76818,0.11860499022791185,0.5944571827335261,0.8694186258429014,96.6825
highest-temperature-in-shanghai-on-june-10-2026,Highest temperature in Shanghai on June 10?,2026-06-08T04:26:36Z,2026-06-10T12:00:00Z,10,33°C or higher,0xf7c320623ae04b343a84ef1d29e41f1a0a9273cb5ede41198542839b04663b42,77126216875827511182932083508968979397438543022663466379727138106562657476235,YES,microprice_minus_mid,book,valid_obs_50,valid_observation_steps,50,last_24h,51163,0.15868466627443412,0.7944277108433735,0.9480874850966519,76.652
highest-temperature-in-shanghai-on-june-10-2026,Highest temperature in Shanghai on June 10?,2026-06-08T04:26:36Z,2026-06-10T12:00:00Z,10,33°C or higher,0xf7c320623ae04b343a84ef1d29e41f1a0a9273cb5ede41198542839b04663b42,77126216875827511182932083508968979397438543022663466379727138106562657476235,YES,ofi_30s,flow_clock_sensitive,valid_obs_50,valid_observation_steps,50,early_gt_24h,76818,-0.009663866540686501,0.4677499750772605,0.8694186258429014,96.6825
highest-temperature-in-shanghai-on-june-10-2026,Highest temperature in Shanghai on June 10?,2026-06-08T04:26:36Z,2026-06-10T12:00:00Z,10,33°C or higher,0xf7c320623ae04b343a84ef1d29e41f1a0a9273cb5ede41198542839b04663b42,77126216875827511182932083508968979397438543022663466379727138106562657476235,YES,ofi_30s,flow_clock_sensitive,valid_obs_50,valid_observation_steps,50,last_24h,51163,-0.0008666546517634629,0.4442771084337349,0.9480874850966519,76.652
highest-temperature-in-shanghai-on-june-10-2026,Highest temperature in Shanghai on June 10?,2026-06-08T04:26:36Z,2026-06-10T12:00:00Z,10,33°C or higher,0xf7c320623ae04b343a84ef1d29e41f1a0a9273cb5ede41198542839b04663b42,77126216875827511182932083508968979397438543022663466379727138106562657476235,YES,trade_pressure_30s,flow_clock_sensitive,valid_obs_50,valid_observation_steps,50,early_gt_24h,76818,0.0008575048332978863,0.5335460073771309,0.8694186258429014,96.6825
highest-temperature-in-shanghai-on-june-10-2026,Highest temperature in Shanghai on June 10?,2026-06-08T04:26:36Z,2026-06-10T12:00:00Z,10,33°C or higher,0xf7c320623ae04b343a84ef1d29e41f1a0a9273cb5ede41198542839b04663b42,77126216875827511182932083508968979397438543022663466379727138106562657476235,YES,trade_pressure_30s,flow_clock_sensitive,valid_obs_50,valid_observation_steps,50,last_24h,51163,-0.0353249490848466,0.5745481927710844,0.9480874850966519,76.652
highest-temperature-in-shanghai-on-june-10-2026,Highest temperature in Shanghai on June 10?,2026-06-08T04:26:36Z,2026-06-10T12:00:00Z,10,33°C or higher,0xf7c320623ae04b343a84ef1d29e41f1a0a9273cb5ede41198542839b04663b42,77126216875827511182932083508968979397438543022663466379727138106562657476235,YES,depth_imbalance_1,book,valid_obs_200,valid_observation_steps,200,early_gt_24h,76818,0.20150968216714643,0.6410123966942148,0.7983805878830482,414.604
highest-temperature-in-shanghai-on-june-10-2026,Highest temperature in Shanghai on June 10?,2026-06-08T04:26:36Z,2026-06-10T12:00:00Z,10,33°C or higher,0xf7c320623ae04b343a84ef1d29e41f1a0a9273cb5ede41198542839b04663b42,77126216875827511182932083508968979397438543022663466379727138106562657476235,YES,depth_imbalance_1,book,valid_obs_200,valid_observation_steps,200,last_24h,50848,0.271810394461247,0.8299465240641711,0.8528949024543738,332.118
highest-temperature-in-shanghai-on-june-10-2026,Highest temperature in Shanghai on June 10?,2026-06-08T04:26:36Z,2026-06-10T12:00:00Z,10,33°C or higher,0xf7c320623ae04b343a84ef1d29e41f1a0a9273cb5ede41198542839b04663b42,77126216875827511182932083508968979397438543022663466379727138106562657476235,YES,depth_imbalance_3,book,valid_obs_200,valid_observation_steps,200,early_gt_24h,76818,0.14336744249936742,0.5940728305785123,0.7983805878830482,414.604
highest-temperature-in-shanghai-on-june-10-2026,Highest temperature in Shanghai on June 10?,2026-06-08T04:26:36Z,2026-06-10T12:00:00Z,10,33°C or higher,0xf7c320623ae04b343a84ef1d29e41f1a0a9273cb5ede41198542839b04663b42,77126216875827511182932083508968979397438543022663466379727138106562657476235,YES,depth_imbalance_3,book,valid_obs_200,valid_observation_steps,200,last_24h,50848,-0.03594382581197187,0.4461229946524064,0.8528949024543738,332.118
highest-temperature-in-shanghai-on-june-10-2026,Highest temperature in Shanghai on June 10?,2026-06-08T04:26:36Z,2026-06-10T12:00:00Z,10,33°C or higher,0xf7c320623ae04b343a84ef1d29e41f1a0a9273cb5ede41198542839b04663b42,77126216875827511182932083508968979397438543022663466379727138106562657476235,YES,depth_imbalance_5,book,valid_obs_200,valid_observation_steps,200,early_gt_24h,76818,0.05452589783130969,0.5748321280991735,0.7983805878830482,414.604
highest-temperature-in-shanghai-on-june-10-2026,Highest temperature in Shanghai on June 10?,2026-06-08T04:26:36Z,2026-06-10T12:00:00Z,10,33°C or higher,0xf7c320623ae04b343a84ef1d29e41f1a0a9273cb5ede41198542839b04663b42,77126216875827511182932083508968979397438543022663466379727138106562657476235,YES,depth_imbalance_5,book,valid_obs_200,valid_observation_steps,200,last_24h,50848,-0.10435559925641563,0.39585561497326205,0.8528949024543738,332.118
highest-temperature-in-shanghai-on-june-10-2026,Highest temperature in Shanghai on June 10?,2026-06-08T04:26:36Z,2026-06-10T12:00:00Z,10,33°C or higher,0xf7c320623ae04b343a84ef1d29e41f1a0a9273cb5ede41198542839b04663b42,77126216875827511182932083508968979397438543022663466379727138106562657476235,YES,microprice_minus_mid,book,valid_obs_200,valid_observation_steps,200,early_gt_24h,76818,0.1260001284366503,0.5490702479338843,0.7983805878830482,414.604
highest-temperature-in-shanghai-on-june-10-2026,Highest temperature in Shanghai on June 10?,2026-06-08T04:26:36Z,2026-06-10T12:00:00Z,10,33°C or higher,0xf7c320623ae04b343a84ef1d29e41f1a0a9273cb5ede41198542839b04663b42,77126216875827511182932083508968979397438543022663466379727138106562657476235,YES,microprice_minus_mid,book,valid_obs_200,valid_observation_steps,200,last_24h,50848,0.2888065792249698,0.8358288770053476,0.8528949024543738,332.118
highest-temperature-in-shanghai-on-june-10-2026,Highest temperature in Shanghai on June 10?,2026-06-08T04:26:36Z,2026-06-10T12:00:00Z,10,33°C or higher,0xf7c320623ae04b343a84ef1d29e41f1a0a9273cb5ede41198542839b04663b42,77126216875827511182932083508968979397438543022663466379727138106562657476235,YES,ofi_30s,flow_clock_sensitive,valid_obs_200,valid_observation_steps,200,early_gt_24h,76818,-0.010889243178943785,0.4794034090909091,0.7983805878830482,414.604
highest-temperature-in-shanghai-on-june-10-2026,Highest temperature in Shanghai on June 10?,2026-06-08T04:26:36Z,2026-06-10T12:00:00Z,10,33°C or higher,0xf7c320623ae04b343a84ef1d29e41f1a0a9273cb5ede41198542839b04663b42,77126216875827511182932083508968979397438543022663466379727138106562657476235,YES,ofi_30s,flow_clock_sensitive,valid_obs_200,valid_observation_steps,200,last_24h,50848,-0.021889869124205777,0.40614973262032084,0.8528949024543738,332.118
highest-temperature-in-shanghai-on-june-10-2026,Highest temperature in Shanghai on June 10?,2026-06-08T04:26:36Z,2026-06-10T12:00:00Z,10,33°C or higher,0xf7c320623ae04b343a84ef1d29e41f1a0a9273cb5ede41198542839b04663b42,77126216875827511182932083508968979397438543022663466379727138106562657476235,YES,trade_pressure_30s,flow_clock_sensitive,valid_obs_200,valid_observation_steps,200,early_gt_24h,76818,-0.03593675224051516,0.5122029958677686,0.7983805878830482,414.604
highest-temperature-in-shanghai-on-june-10-2026,Highest temperature in Shanghai on June 10?,2026-06-08T04:26:36Z,2026-06-10T12:00:00Z,10,33°C or higher,0xf7c320623ae04b343a84ef1d29e41f1a0a9273cb5ede41198542839b04663b42,77126216875827511182932083508968979397438543022663466379727138106562657476235,YES,trade_pressure_30s,flow_clock_sensitive,valid_obs_200,valid_observation_steps,200,last_24h,50848,-0.020133885531279396,0.5839572192513369,0.8528949024543738,332.118
