event_slug,event_title,event_start,event_end,market_index,market_label,condition_id,asset_id,token_side,factor,factor_family,label_name,label_mode,horizon_value,count,raw_spearman,progress_neutral_spearman,nonzero_direction_hit,quantile_monotonicity_spearman,bottom_quantile_mean_return,top_quantile_mean_return,top_minus_bottom_mean_return,zero_return_share,positive_return_share,median_label_elapsed_seconds,p90_label_elapsed_seconds,source_time_inversion_count,source_delay_over_threshold_count
highest-temperature-in-shanghai-on-june-9-2026,Highest temperature in Shanghai on June 9?,2026-06-07T04:34:03Z,2026-06-09T12:00:00Z,0,18°C or below,0xc2e74183c15adfc561bdab466ce80efb6525b907ff36a1667452f14e7e607b73,82108548216968010072870699597305974161044963313995774427931182710031745067538,YES,depth_imbalance_1,book,wall_60s,wall_clock_seconds,60,7500,-0.3610832097253896,-0.3610832097253896,0.31875,,,,,0.9786666666666667,0.0013333333333333333,64.7815,95.458,4660,7169
highest-temperature-in-shanghai-on-june-9-2026,Highest temperature in Shanghai on June 9?,2026-06-07T04:34:03Z,2026-06-09T12:00:00Z,0,18°C or below,0xc2e74183c15adfc561bdab466ce80efb6525b907ff36a1667452f14e7e607b73,82108548216968010072870699597305974161044963313995774427931182710031745067538,YES,depth_imbalance_3,book,wall_60s,wall_clock_seconds,60,7500,-0.03334748510869946,-0.03334748510869946,0.3375,-0.39999999999999997,-2.344724370167124e-05,-0.008265422077922078,-0.008241974834220407,0.9786666666666667,0.0013333333333333333,64.7815,95.458,4660,7169
highest-temperature-in-shanghai-on-june-9-2026,Highest temperature in Shanghai on June 9?,2026-06-07T04:34:03Z,2026-06-09T12:00:00Z,0,18°C or below,0xc2e74183c15adfc561bdab466ce80efb6525b907ff36a1667452f14e7e607b73,82108548216968010072870699597305974161044963313995774427931182710031745067538,YES,depth_imbalance_5,book,wall_60s,wall_clock_seconds,60,7500,0.006807718755927798,0.006807718755927798,0.40625,-0.19999999999999998,-3.680688336520077e-05,-0.007526041666666667,-0.007489234783301466,0.9786666666666667,0.0013333333333333333,64.7815,95.458,4660,7169
highest-temperature-in-shanghai-on-june-9-2026,Highest temperature in Shanghai on June 9?,2026-06-07T04:34:03Z,2026-06-09T12:00:00Z,0,18°C or below,0xc2e74183c15adfc561bdab466ce80efb6525b907ff36a1667452f14e7e607b73,82108548216968010072870699597305974161044963313995774427931182710031745067538,YES,microprice_minus_mid,book,wall_60s,wall_clock_seconds,60,7500,-0.15488117711701435,-0.15488117711701435,0.375,,-1.111736560652969e-05,-0.01301776649746193,-0.0130066491318554,0.9786666666666667,0.0013333333333333333,64.7815,95.458,4660,7169
highest-temperature-in-shanghai-on-june-9-2026,Highest temperature in Shanghai on June 9?,2026-06-07T04:34:03Z,2026-06-09T12:00:00Z,0,18°C or below,0xc2e74183c15adfc561bdab466ce80efb6525b907ff36a1667452f14e7e607b73,82108548216968010072870699597305974161044963313995774427931182710031745067538,YES,ofi_30s,flow_clock_sensitive,wall_60s,wall_clock_seconds,60,7500,-0.0809162889642281,-0.0809162889642281,0.775,,-0.00048363980530016223,-0.015682692307692307,-0.015199052502392145,0.9786666666666667,0.0013333333333333333,64.7815,95.458,4660,7169
highest-temperature-in-shanghai-on-june-9-2026,Highest temperature in Shanghai on June 9?,2026-06-07T04:34:03Z,2026-06-09T12:00:00Z,0,18°C or below,0xc2e74183c15adfc561bdab466ce80efb6525b907ff36a1667452f14e7e607b73,82108548216968010072870699597305974161044963313995774427931182710031745067538,YES,trade_pressure_30s,flow_clock_sensitive,wall_60s,wall_clock_seconds,60,7500,,,0.0625,,,,,0.9786666666666667,0.0013333333333333333,64.7815,95.458,4660,7169
highest-temperature-in-shanghai-on-june-9-2026,Highest temperature in Shanghai on June 9?,2026-06-07T04:34:03Z,2026-06-09T12:00:00Z,0,18°C or below,0xc2e74183c15adfc561bdab466ce80efb6525b907ff36a1667452f14e7e607b73,82108548216968010072870699597305974161044963313995774427931182710031745067538,YES,depth_imbalance_1,book,wall_300s,wall_clock_seconds,300,7451,-0.6635764448998094,-0.6635764448998094,0.1781609195402299,,,,,0.9532948597503691,0.0029526238088847133,308.85699999999997,342.932,4660,7169
highest-temperature-in-shanghai-on-june-9-2026,Highest temperature in Shanghai on June 9?,2026-06-07T04:34:03Z,2026-06-09T12:00:00Z,0,18°C or below,0xc2e74183c15adfc561bdab466ce80efb6525b907ff36a1667452f14e7e607b73,82108548216968010072870699597305974161044963313995774427931182710031745067538,YES,depth_imbalance_3,book,wall_300s,wall_clock_seconds,300,7451,-0.0425852350186984,-0.0425852350186984,0.3275862068965517,-0.19999999999999998,-0.00028939393939393936,-0.028888798701298703,-0.028599404761904763,0.9532948597503691,0.0029526238088847133,308.85699999999997,342.932,4660,7169
highest-temperature-in-shanghai-on-june-9-2026,Highest temperature in Shanghai on June 9?,2026-06-07T04:34:03Z,2026-06-09T12:00:00Z,0,18°C or below,0xc2e74183c15adfc561bdab466ce80efb6525b907ff36a1667452f14e7e607b73,82108548216968010072870699597305974161044963313995774427931182710031745067538,YES,depth_imbalance_5,book,wall_300s,wall_clock_seconds,300,7451,-0.019980189276350004,-0.019980189276350004,0.3936781609195402,-0.19999999999999998,-0.0006890579475558432,-0.0241421130952381,-0.023453055147682256,0.9532948597503691,0.0029526238088847133,308.85699999999997,342.932,4660,7169
highest-temperature-in-shanghai-on-june-9-2026,Highest temperature in Shanghai on June 9?,2026-06-07T04:34:03Z,2026-06-09T12:00:00Z,0,18°C or below,0xc2e74183c15adfc561bdab466ce80efb6525b907ff36a1667452f14e7e607b73,82108548216968010072870699597305974161044963313995774427931182710031745067538,YES,microprice_minus_mid,book,wall_300s,wall_clock_seconds,300,7451,-0.33140369499081007,-0.33140369499081007,0.2959770114942529,,-2.8624061215814084e-05,-0.04778553299492386,-0.04775690893370804,0.9532948597503691,0.0029526238088847133,308.85699999999997,342.932,4660,7169
highest-temperature-in-shanghai-on-june-9-2026,Highest temperature in Shanghai on June 9?,2026-06-07T04:34:03Z,2026-06-09T12:00:00Z,0,18°C or below,0xc2e74183c15adfc561bdab466ce80efb6525b907ff36a1667452f14e7e607b73,82108548216968010072870699597305974161044963313995774427931182710031745067538,YES,ofi_30s,flow_clock_sensitive,wall_300s,wall_clock_seconds,300,7451,-0.13163921948975077,-0.13163921948975077,0.7270114942528736,,-0.0017695658091738124,-0.05796634615384615,-0.05619678034467234,0.9532948597503691,0.0029526238088847133,308.85699999999997,342.932,4660,7169
highest-temperature-in-shanghai-on-june-9-2026,Highest temperature in Shanghai on June 9?,2026-06-07T04:34:03Z,2026-06-09T12:00:00Z,0,18°C or below,0xc2e74183c15adfc561bdab466ce80efb6525b907ff36a1667452f14e7e607b73,82108548216968010072870699597305974161044963313995774427931182710031745067538,YES,trade_pressure_30s,flow_clock_sensitive,wall_300s,wall_clock_seconds,300,7451,,,0.06321839080459771,,,,,0.9532948597503691,0.0029526238088847133,308.85699999999997,342.932,4660,7169
highest-temperature-in-shanghai-on-june-9-2026,Highest temperature in Shanghai on June 9?,2026-06-07T04:34:03Z,2026-06-09T12:00:00Z,0,18°C or below,0xc2e74183c15adfc561bdab466ce80efb6525b907ff36a1667452f14e7e607b73,82108548216968010072870699597305974161044963313995774427931182710031745067538,YES,depth_imbalance_1,book,wall_900s,wall_clock_seconds,900,7350,-0.9485127760442915,-0.9485127760442915,0.09563409563409564,,,,,0.9345578231292517,0.0,907.641,943.383,4660,7169
highest-temperature-in-shanghai-on-june-9-2026,Highest temperature in Shanghai on June 9?,2026-06-07T04:34:03Z,2026-06-09T12:00:00Z,0,18°C or below,0xc2e74183c15adfc561bdab466ce80efb6525b907ff36a1667452f14e7e607b73,82108548216968010072870699597305974161044963313995774427931182710031745067538,YES,depth_imbalance_3,book,wall_900s,wall_clock_seconds,900,7350,-0.11133952509878499,-0.11133952509878499,0.20374220374220375,-0.19999999999999998,-0.00036175174915781293,-0.04051704545454546,-0.040155293705387646,0.9345578231292517,0.0,907.641,943.383,4660,7169
highest-temperature-in-shanghai-on-june-9-2026,Highest temperature in Shanghai on June 9?,2026-06-07T04:34:03Z,2026-06-09T12:00:00Z,0,18°C or below,0xc2e74183c15adfc561bdab466ce80efb6525b907ff36a1667452f14e7e607b73,82108548216968010072870699597305974161044963313995774427931182710031745067538,YES,depth_imbalance_5,book,wall_900s,wall_clock_seconds,900,7350,-0.11457008322993847,-0.11457008322993847,0.2515592515592516,-0.19999999999999998,-0.0008776773761713521,-0.03440029761904762,-0.03352262024287627,0.9345578231292517,0.0,907.641,943.383,4660,7169
highest-temperature-in-shanghai-on-june-9-2026,Highest temperature in Shanghai on June 9?,2026-06-07T04:34:03Z,2026-06-09T12:00:00Z,0,18°C or below,0xc2e74183c15adfc561bdab466ce80efb6525b907ff36a1667452f14e7e607b73,82108548216968010072870699597305974161044963313995774427931182710031745067538,YES,microprice_minus_mid,book,wall_900s,wall_clock_seconds,900,7350,-0.6475670225981616,-0.6475670225981616,0.18087318087318088,,-3.105232892466935e-05,-0.06729060913705584,-0.06725955680813117,0.9345578231292517,0.0,907.641,943.383,4660,7169
highest-temperature-in-shanghai-on-june-9-2026,Highest temperature in Shanghai on June 9?,2026-06-07T04:34:03Z,2026-06-09T12:00:00Z,0,18°C or below,0xc2e74183c15adfc561bdab466ce80efb6525b907ff36a1667452f14e7e607b73,82108548216968010072870699597305974161044963313995774427931182710031745067538,YES,ofi_30s,flow_clock_sensitive,wall_900s,wall_clock_seconds,900,7350,-0.1947922998447203,-0.1947922998447203,0.8004158004158004,,-0.00243451559481093,-0.0873846153846154,-0.08495009978980446,0.9345578231292517,0.0,907.641,943.383,4660,7169
highest-temperature-in-shanghai-on-june-9-2026,Highest temperature in Shanghai on June 9?,2026-06-07T04:34:03Z,2026-06-09T12:00:00Z,0,18°C or below,0xc2e74183c15adfc561bdab466ce80efb6525b907ff36a1667452f14e7e607b73,82108548216968010072870699597305974161044963313995774427931182710031745067538,YES,trade_pressure_30s,flow_clock_sensitive,wall_900s,wall_clock_seconds,900,7350,,,0.0,,,,,0.9345578231292517,0.0,907.641,943.383,4660,7169
highest-temperature-in-shanghai-on-june-9-2026,Highest temperature in Shanghai on June 9?,2026-06-07T04:34:03Z,2026-06-09T12:00:00Z,0,18°C or below,0xc2e74183c15adfc561bdab466ce80efb6525b907ff36a1667452f14e7e607b73,82108548216968010072870699597305974161044963313995774427931182710031745067538,YES,depth_imbalance_1,book,valid_obs_10,valid_observation_steps,10,7492,-0.3387935741627084,-0.3387935741627084,0.3037974683544304,,,,,0.9789108382274426,0.0026695141484249867,40.155,132.49900000000005,4660,7169
highest-temperature-in-shanghai-on-june-9-2026,Highest temperature in Shanghai on June 9?,2026-06-07T04:34:03Z,2026-06-09T12:00:00Z,0,18°C or below,0xc2e74183c15adfc561bdab466ce80efb6525b907ff36a1667452f14e7e607b73,82108548216968010072870699597305974161044963313995774427931182710031745067538,YES,depth_imbalance_3,book,valid_obs_10,valid_observation_steps,10,7492,-0.08473289844889086,-0.08473289844889086,0.310126582278481,-0.19999999999999998,-1.712071982004499e-05,-0.01946590909090909,-0.019448788371089043,0.9789108382274426,0.0026695141484249867,40.155,132.49900000000005,4660,7169
highest-temperature-in-shanghai-on-june-9-2026,Highest temperature in Shanghai on June 9?,2026-06-07T04:34:03Z,2026-06-09T12:00:00Z,0,18°C or below,0xc2e74183c15adfc561bdab466ce80efb6525b907ff36a1667452f14e7e607b73,82108548216968010072870699597305974161044963313995774427931182710031745067538,YES,depth_imbalance_5,book,valid_obs_10,valid_observation_steps,10,7492,-0.0357701469586418,-0.0357701469586418,0.379746835443038,-0.19999999999999998,-3.370607028753995e-05,-0.017736607142857144,-0.017702901072569603,0.9789108382274426,0.0026695141484249867,40.155,132.49900000000005,4660,7169
highest-temperature-in-shanghai-on-june-9-2026,Highest temperature in Shanghai on June 9?,2026-06-07T04:34:03Z,2026-06-09T12:00:00Z,0,18°C or below,0xc2e74183c15adfc561bdab466ce80efb6525b907ff36a1667452f14e7e607b73,82108548216968010072870699597305974161044963313995774427931182710031745067538,YES,microprice_minus_mid,book,valid_obs_10,valid_observation_steps,10,7492,-0.18977851970205603,-0.18977851970205603,0.34810126582278483,,-7.537334460411383e-06,-0.030493654822335025,-0.030486117487874612,0.9789108382274426,0.0026695141484249867,40.155,132.49900000000005,4660,7169
highest-temperature-in-shanghai-on-june-9-2026,Highest temperature in Shanghai on June 9?,2026-06-07T04:34:03Z,2026-06-09T12:00:00Z,0,18°C or below,0xc2e74183c15adfc561bdab466ce80efb6525b907ff36a1667452f14e7e607b73,82108548216968010072870699597305974161044963313995774427931182710031745067538,YES,ofi_30s,flow_clock_sensitive,valid_obs_10,valid_observation_steps,10,7492,-0.09462617484422754,-0.09462617484422754,0.7088607594936709,,-0.001280387114239307,-0.025081730769230773,-0.023801343654991466,0.9789108382274426,0.0026695141484249867,40.155,132.49900000000005,4660,7169
highest-temperature-in-shanghai-on-june-9-2026,Highest temperature in Shanghai on June 9?,2026-06-07T04:34:03Z,2026-06-09T12:00:00Z,0,18°C or below,0xc2e74183c15adfc561bdab466ce80efb6525b907ff36a1667452f14e7e607b73,82108548216968010072870699597305974161044963313995774427931182710031745067538,YES,trade_pressure_30s,flow_clock_sensitive,valid_obs_10,valid_observation_steps,10,7492,,,0.12658227848101267,,,,,0.9789108382274426,0.0026695141484249867,40.155,132.49900000000005,4660,7169
highest-temperature-in-shanghai-on-june-9-2026,Highest temperature in Shanghai on June 9?,2026-06-07T04:34:03Z,2026-06-09T12:00:00Z,0,18°C or below,0xc2e74183c15adfc561bdab466ce80efb6525b907ff36a1667452f14e7e607b73,82108548216968010072870699597305974161044963313995774427931182710031745067538,YES,depth_imbalance_1,book,valid_obs_50,valid_observation_steps,50,7402,-0.7544031121236366,-0.7544031121236366,0.15789473684210525,,,,,0.9486625236422589,0.001215887597946501,261.691,586.799,4660,7169
highest-temperature-in-shanghai-on-june-9-2026,Highest temperature in Shanghai on June 9?,2026-06-07T04:34:03Z,2026-06-09T12:00:00Z,0,18°C or below,0xc2e74183c15adfc561bdab466ce80efb6525b907ff36a1667452f14e7e607b73,82108548216968010072870699597305974161044963313995774427931182710031745067538,YES,depth_imbalance_3,book,valid_obs_50,valid_observation_steps,50,7402,-0.08856848785628514,-0.08856848785628514,0.29473684210526313,-0.19999999999999998,-0.0002908463308616722,-0.039792207792207795,-0.03950136146134613,0.9486625236422589,0.001215887597946501,261.691,586.799,4660,7169
highest-temperature-in-shanghai-on-june-9-2026,Highest temperature in Shanghai on June 9?,2026-06-07T04:34:03Z,2026-06-09T12:00:00Z,0,18°C or below,0xc2e74183c15adfc561bdab466ce80efb6525b907ff36a1667452f14e7e607b73,82108548216968010072870699597305974161044963313995774427931182710031745067538,YES,depth_imbalance_5,book,valid_obs_50,valid_observation_steps,50,7402,-0.05351980271346248,-0.05351980271346248,0.35526315789473684,-0.19999999999999998,-0.0007236842105263158,-0.033752976190476194,-0.03302929197994988,0.9486625236422589,0.001215887597946501,261.691,586.799,4660,7169
highest-temperature-in-shanghai-on-june-9-2026,Highest temperature in Shanghai on June 9?,2026-06-07T04:34:03Z,2026-06-09T12:00:00Z,0,18°C or below,0xc2e74183c15adfc561bdab466ce80efb6525b907ff36a1667452f14e7e607b73,82108548216968010072870699597305974161044963313995774427931182710031745067538,YES,microprice_minus_mid,book,valid_obs_50,valid_observation_steps,50,7402,-0.4326345575469329,-0.4326345575469329,0.2657894736842105,,-2.753995433789954e-05,-0.0647994923857868,-0.06477195243144891,0.9486625236422589,0.001215887597946501,261.691,586.799,4660,7169
highest-temperature-in-shanghai-on-june-9-2026,Highest temperature in Shanghai on June 9?,2026-06-07T04:34:03Z,2026-06-09T12:00:00Z,0,18°C or below,0xc2e74183c15adfc561bdab466ce80efb6525b907ff36a1667452f14e7e607b73,82108548216968010072870699597305974161044963313995774427931182710031745067538,YES,ofi_30s,flow_clock_sensitive,valid_obs_50,valid_observation_steps,50,7402,-0.205974066896204,-0.205974066896204,0.7368421052631579,,-0.002337558235132913,-0.0833125,-0.08097494176486708,0.9486625236422589,0.001215887597946501,261.691,586.799,4660,7169
highest-temperature-in-shanghai-on-june-9-2026,Highest temperature in Shanghai on June 9?,2026-06-07T04:34:03Z,2026-06-09T12:00:00Z,0,18°C or below,0xc2e74183c15adfc561bdab466ce80efb6525b907ff36a1667452f14e7e607b73,82108548216968010072870699597305974161044963313995774427931182710031745067538,YES,trade_pressure_30s,flow_clock_sensitive,valid_obs_50,valid_observation_steps,50,7402,,,0.02368421052631579,,,,,0.9486625236422589,0.001215887597946501,261.691,586.799,4660,7169
highest-temperature-in-shanghai-on-june-9-2026,Highest temperature in Shanghai on June 9?,2026-06-07T04:34:03Z,2026-06-09T12:00:00Z,0,18°C or below,0xc2e74183c15adfc561bdab466ce80efb6525b907ff36a1667452f14e7e607b73,82108548216968010072870699597305974161044963313995774427931182710031745067538,YES,depth_imbalance_1,book,valid_obs_200,valid_observation_steps,200,7106,-0.9428149860043001,-0.9428149860043001,0.1026694045174538,,,,,0.9314663664508865,0.00028145229383619476,988.342,1734.044,4660,7169
highest-temperature-in-shanghai-on-june-9-2026,Highest temperature in Shanghai on June 9?,2026-06-07T04:34:03Z,2026-06-09T12:00:00Z,0,18°C or below,0xc2e74183c15adfc561bdab466ce80efb6525b907ff36a1667452f14e7e607b73,82108548216968010072870699597305974161044963313995774427931182710031745067538,YES,depth_imbalance_3,book,valid_obs_200,valid_observation_steps,200,7106,-0.10477840239443213,-0.10477840239443213,0.20944558521560575,-0.39999999999999997,-0.0003885200553250346,-0.040917207792207796,-0.040528687736882764,0.9314663664508865,0.00028145229383619476,988.342,1734.044,4660,7169
highest-temperature-in-shanghai-on-june-9-2026,Highest temperature in Shanghai on June 9?,2026-06-07T04:34:03Z,2026-06-09T12:00:00Z,0,18°C or below,0xc2e74183c15adfc561bdab466ce80efb6525b907ff36a1667452f14e7e607b73,82108548216968010072870699597305974161044963313995774427931182710031745067538,YES,depth_imbalance_5,book,valid_obs_200,valid_observation_steps,200,7106,-0.10850581220666755,-0.10850581220666755,0.25667351129363447,-0.39999999999999997,-0.0009615524781341108,-0.03474851190476191,-0.033786959426627794,0.9314663664508865,0.00028145229383619476,988.342,1734.044,4660,7169
highest-temperature-in-shanghai-on-june-9-2026,Highest temperature in Shanghai on June 9?,2026-06-07T04:34:03Z,2026-06-09T12:00:00Z,0,18°C or below,0xc2e74183c15adfc561bdab466ce80efb6525b907ff36a1667452f14e7e607b73,82108548216968010072870699597305974161044963313995774427931182710031745067538,YES,microprice_minus_mid,book,valid_obs_200,valid_observation_steps,200,7106,-0.6437428881062444,-0.6437428881062444,0.1868583162217659,,-3.2330154946364716e-05,-0.06793527918781726,-0.0679029490328709,0.9314663664508865,0.00028145229383619476,988.342,1734.044,4660,7169
highest-temperature-in-shanghai-on-june-9-2026,Highest temperature in Shanghai on June 9?,2026-06-07T04:34:03Z,2026-06-09T12:00:00Z,0,18°C or below,0xc2e74183c15adfc561bdab466ce80efb6525b907ff36a1667452f14e7e607b73,82108548216968010072870699597305974161044963313995774427931182710031745067538,YES,ofi_30s,flow_clock_sensitive,valid_obs_200,valid_observation_steps,200,7106,-0.1936100646776017,-0.1936100646776017,0.7987679671457906,,-0.0025422022279348758,-0.08829807692307692,-0.08575587469514205,0.9314663664508865,0.00028145229383619476,988.342,1734.044,4660,7169
highest-temperature-in-shanghai-on-june-9-2026,Highest temperature in Shanghai on June 9?,2026-06-07T04:34:03Z,2026-06-09T12:00:00Z,0,18°C or below,0xc2e74183c15adfc561bdab466ce80efb6525b907ff36a1667452f14e7e607b73,82108548216968010072870699597305974161044963313995774427931182710031745067538,YES,trade_pressure_30s,flow_clock_sensitive,valid_obs_200,valid_observation_steps,200,7106,,,0.004106776180698152,,,,,0.9314663664508865,0.00028145229383619476,988.342,1734.044,4660,7169
highest-temperature-in-shanghai-on-june-9-2026,Highest temperature in Shanghai on June 9?,2026-06-07T04:34:03Z,2026-06-09T12:00:00Z,1,19°C,0xe9270a0ad0e9215e2249b5573f8e1e40b39e76d19b45ded06aa4c0faeae9b9a8,74502948617169463266911772205376938956442075011044734712645525624423814463171,YES,depth_imbalance_1,book,wall_60s,wall_clock_seconds,60,10830,-0.041100748922711636,-0.041100748922711636,0.452,0.0,-9.563097693605848e-06,0.0,9.563097693605848e-06,0.976915974145891,0.0110803324099723,64.956,97.66040000000002,5720,8248
highest-temperature-in-shanghai-on-june-9-2026,Highest temperature in Shanghai on June 9?,2026-06-07T04:34:03Z,2026-06-09T12:00:00Z,1,19°C,0xe9270a0ad0e9215e2249b5573f8e1e40b39e76d19b45ded06aa4c0faeae9b9a8,74502948617169463266911772205376938956442075011044734712645525624423814463171,YES,depth_imbalance_3,book,wall_60s,wall_clock_seconds,60,10830,-0.0704931583871478,-0.0704931583871478,0.228,0.0,-9.42521631644005e-06,-1.894135962636224e-05,-9.516143309922189e-06,0.976915974145891,0.0110803324099723,64.956,97.66040000000002,5720,8248
highest-temperature-in-shanghai-on-june-9-2026,Highest temperature in Shanghai on June 9?,2026-06-07T04:34:03Z,2026-06-09T12:00:00Z,1,19°C,0xe9270a0ad0e9215e2249b5573f8e1e40b39e76d19b45ded06aa4c0faeae9b9a8,74502948617169463266911772205376938956442075011044734712645525624423814463171,YES,depth_imbalance_5,book,wall_60s,wall_clock_seconds,60,10830,0.0019353718932682861,0.0019353718932682861,0.56,0.39999999999999997,-9.050445103857566e-06,6.950880444856355e-07,9.745533148343201e-06,0.976915974145891,0.0110803324099723,64.956,97.66040000000002,5720,8248
highest-temperature-in-shanghai-on-june-9-2026,Highest temperature in Shanghai on June 9?,2026-06-07T04:34:03Z,2026-06-09T12:00:00Z,1,19°C,0xe9270a0ad0e9215e2249b5573f8e1e40b39e76d19b45ded06aa4c0faeae9b9a8,74502948617169463266911772205376938956442075011044734712645525624423814463171,YES,microprice_minus_mid,book,wall_60s,wall_clock_seconds,60,10830,-0.03243360156352843,-0.03243360156352843,0.452,-0.316227766016838,-9.563097693605848e-06,-2.2861356932153393e-05,-1.3298259238547545e-05,0.976915974145891,0.0110803324099723,64.956,97.66040000000002,5720,8248
highest-temperature-in-shanghai-on-june-9-2026,Highest temperature in Shanghai on June 9?,2026-06-07T04:34:03Z,2026-06-09T12:00:00Z,1,19°C,0xe9270a0ad0e9215e2249b5573f8e1e40b39e76d19b45ded06aa4c0faeae9b9a8,74502948617169463266911772205376938956442075011044734712645525624423814463171,YES,ofi_30s,flow_clock_sensitive,wall_60s,wall_clock_seconds,60,10830,0.12978514315534254,0.12978514315534254,0.608,,-9.084979500559075e-06,0.0,9.084979500559075e-06,0.976915974145891,0.0110803324099723,64.956,97.66040000000002,5720,8248
highest-temperature-in-shanghai-on-june-9-2026,Highest temperature in Shanghai on June 9?,2026-06-07T04:34:03Z,2026-06-09T12:00:00Z,1,19°C,0xe9270a0ad0e9215e2249b5573f8e1e40b39e76d19b45ded06aa4c0faeae9b9a8,74502948617169463266911772205376938956442075011044734712645525624423814463171,YES,trade_pressure_30s,flow_clock_sensitive,wall_60s,wall_clock_seconds,60,10830,0.0003130259050222153,0.0003130259050222153,0.52,,,,,0.976915974145891,0.0110803324099723,64.956,97.66040000000002,5720,8248
highest-temperature-in-shanghai-on-june-9-2026,Highest temperature in Shanghai on June 9?,2026-06-07T04:34:03Z,2026-06-09T12:00:00Z,1,19°C,0xe9270a0ad0e9215e2249b5573f8e1e40b39e76d19b45ded06aa4c0faeae9b9a8,74502948617169463266911772205376938956442075011044734712645525624423814463171,YES,depth_imbalance_1,book,wall_300s,wall_clock_seconds,300,10704,-0.08129910919802087,-0.08129910919802087,0.38449612403100775,-0.5,-4.3877742358897424e-05,-4.9144679617280397e-05,-5.266937258382972e-06,0.9397421524663677,0.02335575485799701,308.661,342.932,5720,8248
highest-temperature-in-shanghai-on-june-9-2026,Highest temperature in Shanghai on June 9?,2026-06-07T04:34:03Z,2026-06-09T12:00:00Z,1,19°C,0xe9270a0ad0e9215e2249b5573f8e1e40b39e76d19b45ded06aa4c0faeae9b9a8,74502948617169463266911772205376938956442075011044734712645525624423814463171,YES,depth_imbalance_3,book,wall_300s,wall_clock_seconds,300,10704,-0.14769186872952636,-0.14769186872952636,0.23565891472868217,0.0,-9.618416903185114e-06,-6.305137519460306e-05,-5.343295829141795e-05,0.9397421524663677,0.02335575485799701,308.661,342.932,5720,8248
highest-temperature-in-shanghai-on-june-9-2026,Highest temperature in Shanghai on June 9?,2026-06-07T04:34:03Z,2026-06-09T12:00:00Z,1,19°C,0xe9270a0ad0e9215e2249b5573f8e1e40b39e76d19b45ded06aa4c0faeae9b9a8,74502948617169463266911772205376938956442075011044734712645525624423814463171,YES,depth_imbalance_5,book,wall_300s,wall_clock_seconds,300,10704,-0.08233295664003572,-0.08233295664003572,0.4186046511627907,-0.6000000000000001,-9.228441754916793e-06,-5.872402126631228e-05,-4.949557951139549e-05,0.9397421524663677,0.02335575485799701,308.661,342.932,5720,8248
highest-temperature-in-shanghai-on-june-9-2026,Highest temperature in Shanghai on June 9?,2026-06-07T04:34:03Z,2026-06-09T12:00:00Z,1,19°C,0xe9270a0ad0e9215e2249b5573f8e1e40b39e76d19b45ded06aa4c0faeae9b9a8,74502948617169463266911772205376938956442075011044734712645525624423814463171,YES,microprice_minus_mid,book,wall_300s,wall_clock_seconds,300,10704,-0.106047535650855,-0.106047535650855,0.38449612403100775,-0.316227766016838,-4.3877742358897424e-05,-5.4818092428711924e-05,-1.09403500698145e-05,0.9397421524663677,0.02335575485799701,308.661,342.932,5720,8248
highest-temperature-in-shanghai-on-june-9-2026,Highest temperature in Shanghai on June 9?,2026-06-07T04:34:03Z,2026-06-09T12:00:00Z,1,19°C,0xe9270a0ad0e9215e2249b5573f8e1e40b39e76d19b45ded06aa4c0faeae9b9a8,74502948617169463266911772205376938956442075011044734712645525624423814463171,YES,ofi_30s,flow_clock_sensitive,wall_300s,wall_clock_seconds,300,10704,0.07503869603130289,0.07503869603130289,0.4263565891472868,,-3.2615847354074635e-05,2.3076923076923096e-05,5.5692770430997734e-05,0.9397421524663677,0.02335575485799701,308.661,342.932,5720,8248
highest-temperature-in-shanghai-on-june-9-2026,Highest temperature in Shanghai on June 9?,2026-06-07T04:34:03Z,2026-06-09T12:00:00Z,1,19°C,0xe9270a0ad0e9215e2249b5573f8e1e40b39e76d19b45ded06aa4c0faeae9b9a8,74502948617169463266911772205376938956442075011044734712645525624423814463171,YES,trade_pressure_30s,flow_clock_sensitive,wall_300s,wall_clock_seconds,300,10704,,,0.3875968992248062,,,,,0.9397421524663677,0.02335575485799701,308.661,342.932,5720,8248
highest-temperature-in-shanghai-on-june-9-2026,Highest temperature in Shanghai on June 9?,2026-06-07T04:34:03Z,2026-06-09T12:00:00Z,1,19°C,0xe9270a0ad0e9215e2249b5573f8e1e40b39e76d19b45ded06aa4c0faeae9b9a8,74502948617169463266911772205376938956442075011044734712645525624423814463171,YES,depth_imbalance_1,book,wall_900s,wall_clock_seconds,900,10672,-0.05630121190643997,-0.05630121190643997,0.4756242568370987,0.5,-0.00017288580536283513,-9.872426790374029e-05,7.416153745909484e-05,0.842391304347826,0.05275487256371814,908.3105,943.095,5720,8248
highest-temperature-in-shanghai-on-june-9-2026,Highest temperature in Shanghai on June 9?,2026-06-07T04:34:03Z,2026-06-09T12:00:00Z,1,19°C,0xe9270a0ad0e9215e2249b5573f8e1e40b39e76d19b45ded06aa4c0faeae9b9a8,74502948617169463266911772205376938956442075011044734712645525624423814463171,YES,depth_imbalance_3,book,wall_900s,wall_clock_seconds,900,10672,-0.22606260040302492,-0.22606260040302492,0.2211652794292509,-0.39999999999999997,-9.079324625676967e-06,-0.00013388687078360158,-0.0001248075461579246,0.842391304347826,0.05275487256371814,908.3105,943.095,5720,8248
highest-temperature-in-shanghai-on-june-9-2026,Highest temperature in Shanghai on June 9?,2026-06-07T04:34:03Z,2026-06-09T12:00:00Z,1,19°C,0xe9270a0ad0e9215e2249b5573f8e1e40b39e76d19b45ded06aa4c0faeae9b9a8,74502948617169463266911772205376938956442075011044734712645525624423814463171,YES,depth_imbalance_5,book,wall_900s,wall_clock_seconds,900,10672,-0.17708483900657687,-0.17708483900657687,0.4244946492271106,-0.7999999999999999,6.110601894286601e-06,-0.00012203963267278889,-0.00012815023456707548,0.842391304347826,0.05275487256371814,908.3105,943.095,5720,8248
highest-temperature-in-shanghai-on-june-9-2026,Highest temperature in Shanghai on June 9?,2026-06-07T04:34:03Z,2026-06-09T12:00:00Z,1,19°C,0xe9270a0ad0e9215e2249b5573f8e1e40b39e76d19b45ded06aa4c0faeae9b9a8,74502948617169463266911772205376938956442075011044734712645525624423814463171,YES,microprice_minus_mid,book,wall_900s,wall_clock_seconds,900,10672,-0.08889234145561432,-0.08889234145561432,0.4768133174791914,0.39999999999999997,-0.00017288580536283513,-0.00012364798426745338,4.923782109538175e-05,0.842391304347826,0.05275487256371814,908.3105,943.095,5720,8248
highest-temperature-in-shanghai-on-june-9-2026,Highest temperature in Shanghai on June 9?,2026-06-07T04:34:03Z,2026-06-09T12:00:00Z,1,19°C,0xe9270a0ad0e9215e2249b5573f8e1e40b39e76d19b45ded06aa4c0faeae9b9a8,74502948617169463266911772205376938956442075011044734712645525624423814463171,YES,ofi_30s,flow_clock_sensitive,wall_900s,wall_clock_seconds,900,10672,0.037638001532112164,0.037638001532112164,0.34185493460166466,,-0.00010601489582351277,9.230769230769238e-05,0.00019832258813120516,0.842391304347826,0.05275487256371814,908.3105,943.095,5720,8248
highest-temperature-in-shanghai-on-june-9-2026,Highest temperature in Shanghai on June 9?,2026-06-07T04:34:03Z,2026-06-09T12:00:00Z,1,19°C,0xe9270a0ad0e9215e2249b5573f8e1e40b39e76d19b45ded06aa4c0faeae9b9a8,74502948617169463266911772205376938956442075011044734712645525624423814463171,YES,trade_pressure_30s,flow_clock_sensitive,wall_900s,wall_clock_seconds,900,10672,,,0.3347205707491082,,,,,0.842391304347826,0.05275487256371814,908.3105,943.095,5720,8248
highest-temperature-in-shanghai-on-june-9-2026,Highest temperature in Shanghai on June 9?,2026-06-07T04:34:03Z,2026-06-09T12:00:00Z,1,19°C,0xe9270a0ad0e9215e2249b5573f8e1e40b39e76d19b45ded06aa4c0faeae9b9a8,74502948617169463266911772205376938956442075011044734712645525624423814463171,YES,depth_imbalance_1,book,valid_obs_10,valid_observation_steps,10,10839,-0.018393818345375058,-0.018393818345375058,0.4581005586592179,0.0,-1.040690043127695e-05,0.0,1.040690043127695e-05,0.9834855613986531,0.005904603745733001,42.386,126.675,5720,8248
highest-temperature-in-shanghai-on-june-9-2026,Highest temperature in Shanghai on June 9?,2026-06-07T04:34:03Z,2026-06-09T12:00:00Z,1,19°C,0xe9270a0ad0e9215e2249b5573f8e1e40b39e76d19b45ded06aa4c0faeae9b9a8,74502948617169463266911772205376938956442075011044734712645525624423814463171,YES,depth_imbalance_3,book,valid_obs_10,valid_observation_steps,10,10839,-0.029792566376184045,-0.029792566376184045,0.40782122905027934,0.0,-9.4019728729963e-06,-1.0897768552153616e-05,-1.4957956791573154e-06,0.9834855613986531,0.005904603745733001,42.386,126.675,5720,8248
highest-temperature-in-shanghai-on-june-9-2026,Highest temperature in Shanghai on June 9?,2026-06-07T04:34:03Z,2026-06-09T12:00:00Z,1,19°C,0xe9270a0ad0e9215e2249b5573f8e1e40b39e76d19b45ded06aa4c0faeae9b9a8,74502948617169463266911772205376938956442075011044734712645525624423814463171,YES,depth_imbalance_5,book,valid_obs_10,valid_observation_steps,10,10839,-0.008712447433361498,-0.008712447433361498,0.4692737430167598,0.39999999999999997,-9.029011249259917e-06,-3.2437442075996323e-06,5.785267041660285e-06,0.9834855613986531,0.005904603745733001,42.386,126.675,5720,8248
highest-temperature-in-shanghai-on-june-9-2026,Highest temperature in Shanghai on June 9?,2026-06-07T04:34:03Z,2026-06-09T12:00:00Z,1,19°C,0xe9270a0ad0e9215e2249b5573f8e1e40b39e76d19b45ded06aa4c0faeae9b9a8,74502948617169463266911772205376938956442075011044734712645525624423814463171,YES,microprice_minus_mid,book,valid_obs_10,valid_observation_steps,10,10839,-0.028924184458633675,-0.028924184458633675,0.4581005586592179,-0.316227766016838,-1.040690043127695e-05,-2.5073746312684367e-05,-1.4666845881407416e-05,0.9834855613986531,0.005904603745733001,42.386,126.675,5720,8248
highest-temperature-in-shanghai-on-june-9-2026,Highest temperature in Shanghai on June 9?,2026-06-07T04:34:03Z,2026-06-09T12:00:00Z,1,19°C,0xe9270a0ad0e9215e2249b5573f8e1e40b39e76d19b45ded06aa4c0faeae9b9a8,74502948617169463266911772205376938956442075011044734712645525624423814463171,YES,ofi_30s,flow_clock_sensitive,valid_obs_10,valid_observation_steps,10,10839,0.14776354712591383,0.14776354712591383,0.5307262569832403,,-9.915277907085e-06,0.0,9.915277907085e-06,0.9834855613986531,0.005904603745733001,42.386,126.675,5720,8248
highest-temperature-in-shanghai-on-june-9-2026,Highest temperature in Shanghai on June 9?,2026-06-07T04:34:03Z,2026-06-09T12:00:00Z,1,19°C,0xe9270a0ad0e9215e2249b5573f8e1e40b39e76d19b45ded06aa4c0faeae9b9a8,74502948617169463266911772205376938956442075011044734712645525624423814463171,YES,trade_pressure_30s,flow_clock_sensitive,valid_obs_10,valid_observation_steps,10,10839,0.001878852896774709,0.001878852896774709,0.6424581005586593,,,,,0.9834855613986531,0.005904603745733001,42.386,126.675,5720,8248
highest-temperature-in-shanghai-on-june-9-2026,Highest temperature in Shanghai on June 9?,2026-06-07T04:34:03Z,2026-06-09T12:00:00Z,1,19°C,0xe9270a0ad0e9215e2249b5573f8e1e40b39e76d19b45ded06aa4c0faeae9b9a8,74502948617169463266911772205376938956442075011044734712645525624423814463171,YES,depth_imbalance_1,book,valid_obs_50,valid_observation_steps,50,10749,-0.021919647843770415,-0.021919647843770415,0.5153733528550513,0.5,-6.581661353834613e-05,-3.827196288779358e-05,2.7544650650552546e-05,0.9364592055074891,0.025397711415015352,282.843,551.7336,5720,8248
highest-temperature-in-shanghai-on-june-9-2026,Highest temperature in Shanghai on June 9?,2026-06-07T04:34:03Z,2026-06-09T12:00:00Z,1,19°C,0xe9270a0ad0e9215e2249b5573f8e1e40b39e76d19b45ded06aa4c0faeae9b9a8,74502948617169463266911772205376938956442075011044734712645525624423814463171,YES,depth_imbalance_3,book,valid_obs_50,valid_observation_steps,50,10749,-0.09821126916286545,-0.09821126916286545,0.2972181551976574,0.0,-9.483830845771144e-06,-4.359107420861446e-05,-3.410724336284332e-05,0.9364592055074891,0.025397711415015352,282.843,551.7336,5720,8248
highest-temperature-in-shanghai-on-june-9-2026,Highest temperature in Shanghai on June 9?,2026-06-07T04:34:03Z,2026-06-09T12:00:00Z,1,19°C,0xe9270a0ad0e9215e2249b5573f8e1e40b39e76d19b45ded06aa4c0faeae9b9a8,74502948617169463266911772205376938956442075011044734712645525624423814463171,YES,depth_imbalance_5,book,valid_obs_50,valid_observation_steps,50,10749,-0.03629023794163738,-0.03629023794163738,0.48755490483162517,-0.7999999999999999,-9.104477611940299e-06,-4.059932334461096e-05,-3.1494845732670664e-05,0.9364592055074891,0.025397711415015352,282.843,551.7336,5720,8248
highest-temperature-in-shanghai-on-june-9-2026,Highest temperature in Shanghai on June 9?,2026-06-07T04:34:03Z,2026-06-09T12:00:00Z,1,19°C,0xe9270a0ad0e9215e2249b5573f8e1e40b39e76d19b45ded06aa4c0faeae9b9a8,74502948617169463266911772205376938956442075011044734712645525624423814463171,YES,microprice_minus_mid,book,valid_obs_50,valid_observation_steps,50,10749,-0.018898924703413898,-0.018898924703413898,0.5153733528550513,0.39999999999999997,-6.581661353834613e-05,-3.416912487708949e-05,3.164748866125664e-05,0.9364592055074891,0.025397711415015352,282.843,551.7336,5720,8248
highest-temperature-in-shanghai-on-june-9-2026,Highest temperature in Shanghai on June 9?,2026-06-07T04:34:03Z,2026-06-09T12:00:00Z,1,19°C,0xe9270a0ad0e9215e2249b5573f8e1e40b39e76d19b45ded06aa4c0faeae9b9a8,74502948617169463266911772205376938956442075011044734712645525624423814463171,YES,ofi_30s,flow_clock_sensitive,valid_obs_50,valid_observation_steps,50,10749,0.08852480560869812,0.08852480560869812,0.4363103953147877,,-3.954511418944216e-05,6.923076923076929e-05,0.00010877588342021144,0.9364592055074891,0.025397711415015352,282.843,551.7336,5720,8248
highest-temperature-in-shanghai-on-june-9-2026,Highest temperature in Shanghai on June 9?,2026-06-07T04:34:03Z,2026-06-09T12:00:00Z,1,19°C,0xe9270a0ad0e9215e2249b5573f8e1e40b39e76d19b45ded06aa4c0faeae9b9a8,74502948617169463266911772205376938956442075011044734712645525624423814463171,YES,trade_pressure_30s,flow_clock_sensitive,valid_obs_50,valid_observation_steps,50,10749,,,0.39970717423133234,,,,,0.9364592055074891,0.025397711415015352,282.843,551.7336,5720,8248
highest-temperature-in-shanghai-on-june-9-2026,Highest temperature in Shanghai on June 9?,2026-06-07T04:34:03Z,2026-06-09T12:00:00Z,1,19°C,0xe9270a0ad0e9215e2249b5573f8e1e40b39e76d19b45ded06aa4c0faeae9b9a8,74502948617169463266911772205376938956442075011044734712645525624423814463171,YES,depth_imbalance_1,book,valid_obs_200,valid_observation_steps,200,10469,0.05277618347979577,0.05277618347979577,0.5962059620596206,0.5,-0.00030761297581098813,-8.309421329507419e-05,0.00022451876251591396,0.7885184831407012,0.07259528130671507,1108.406,1844.8500000000001,5720,8248
highest-temperature-in-shanghai-on-june-9-2026,Highest temperature in Shanghai on June 9?,2026-06-07T04:34:03Z,2026-06-09T12:00:00Z,1,19°C,0xe9270a0ad0e9215e2249b5573f8e1e40b39e76d19b45ded06aa4c0faeae9b9a8,74502948617169463266911772205376938956442075011044734712645525624423814463171,YES,depth_imbalance_3,book,valid_obs_200,valid_observation_steps,200,10469,-0.1506624931706389,-0.1506624931706389,0.3215898825654923,-0.19999999999999998,-6.811989100817435e-06,-9.340944473274529e-05,-8.659745563192786e-05,0.7885184831407012,0.07259528130671507,1108.406,1844.8500000000001,5720,8248
highest-temperature-in-shanghai-on-june-9-2026,Highest temperature in Shanghai on June 9?,2026-06-07T04:34:03Z,2026-06-09T12:00:00Z,1,19°C,0xe9270a0ad0e9215e2249b5573f8e1e40b39e76d19b45ded06aa4c0faeae9b9a8,74502948617169463266911772205376938956442075011044734712645525624423814463171,YES,depth_imbalance_5,book,valid_obs_200,valid_observation_steps,200,10469,-0.13304875317748766,-0.13304875317748766,0.46973803071364045,-0.39999999999999997,1.0097719869706859e-05,-8.554857419043023e-05,-9.564629406013709e-05,0.7885184831407012,0.07259528130671507,1108.406,1844.8500000000001,5720,8248
highest-temperature-in-shanghai-on-june-9-2026,Highest temperature in Shanghai on June 9?,2026-06-07T04:34:03Z,2026-06-09T12:00:00Z,1,19°C,0xe9270a0ad0e9215e2249b5573f8e1e40b39e76d19b45ded06aa4c0faeae9b9a8,74502948617169463266911772205376938956442075011044734712645525624423814463171,YES,microprice_minus_mid,book,valid_obs_200,valid_observation_steps,200,10469,0.059154175297840166,0.059154175297840166,0.5962059620596206,0.39999999999999997,-0.00030761297581098813,-8.529990167158314e-05,0.00022231307413940498,0.7885184831407012,0.07259528130671507,1108.406,1844.8500000000001,5720,8248
highest-temperature-in-shanghai-on-june-9-2026,Highest temperature in Shanghai on June 9?,2026-06-07T04:34:03Z,2026-06-09T12:00:00Z,1,19°C,0xe9270a0ad0e9215e2249b5573f8e1e40b39e76d19b45ded06aa4c0faeae9b9a8,74502948617169463266911772205376938956442075011044734712645525624423814463171,YES,ofi_30s,flow_clock_sensitive,valid_obs_200,valid_observation_steps,200,10469,-0.02416888596949418,-0.02416888596949418,0.32791327913279134,,-0.00016757977700884274,0.00013846153846153858,0.0003060413154703813,0.7885184831407012,0.07259528130671507,1108.406,1844.8500000000001,5720,8248
highest-temperature-in-shanghai-on-june-9-2026,Highest temperature in Shanghai on June 9?,2026-06-07T04:34:03Z,2026-06-09T12:00:00Z,1,19°C,0xe9270a0ad0e9215e2249b5573f8e1e40b39e76d19b45ded06aa4c0faeae9b9a8,74502948617169463266911772205376938956442075011044734712645525624423814463171,YES,trade_pressure_30s,flow_clock_sensitive,valid_obs_200,valid_observation_steps,200,10469,,,0.34327009936766034,,,,,0.7885184831407012,0.07259528130671507,1108.406,1844.8500000000001,5720,8248
highest-temperature-in-shanghai-on-june-9-2026,Highest temperature in Shanghai on June 9?,2026-06-07T04:34:03Z,2026-06-09T12:00:00Z,2,20°C,0xe692a6f51125cf6914c090f8e01ecf1491030ed0ad775156b7dea9ed74099392,29363478216105628907851761749240280974313606434750483239415068662725185057677,YES,depth_imbalance_1,book,wall_60s,wall_clock_seconds,60,54176,0.04491412716556854,0.04491412716556854,0.561519146264909,-0.19999999999999998,-2.083522469359964e-05,-0.00016940546528803544,-0.0001485702405944358,0.9411916715888955,0.02669078558771412,63.06,77.38650000000001,14386,31089
highest-temperature-in-shanghai-on-june-9-2026,Highest temperature in Shanghai on June 9?,2026-06-07T04:34:03Z,2026-06-09T12:00:00Z,2,20°C,0xe692a6f51125cf6914c090f8e01ecf1491030ed0ad775156b7dea9ed74099392,29363478216105628907851761749240280974313606434750483239415068662725185057677,YES,depth_imbalance_3,book,wall_60s,wall_clock_seconds,60,54176,0.04418185885582703,0.04418185885582703,0.5364092906465788,-0.09999999999999999,-3.4725416245055605e-05,-0.0004894147582697201,-0.0004546893420246645,0.9411916715888955,0.02669078558771412,63.06,77.38650000000001,14386,31089
highest-temperature-in-shanghai-on-june-9-2026,Highest temperature in Shanghai on June 9?,2026-06-07T04:34:03Z,2026-06-09T12:00:00Z,2,20°C,0xe692a6f51125cf6914c090f8e01ecf1491030ed0ad775156b7dea9ed74099392,29363478216105628907851761749240280974313606434750483239415068662725185057677,YES,depth_imbalance_5,book,wall_60s,wall_clock_seconds,60,54176,0.04121571333996987,0.04121571333996987,0.5982423101067169,0.0,-2.4180327868852455e-05,-0.00044279720279720284,-0.0004186168749283504,0.9411916715888955,0.02669078558771412,63.06,77.38650000000001,14386,31089
highest-temperature-in-shanghai-on-june-9-2026,Highest temperature in Shanghai on June 9?,2026-06-07T04:34:03Z,2026-06-09T12:00:00Z,2,20°C,0xe692a6f51125cf6914c090f8e01ecf1491030ed0ad775156b7dea9ed74099392,29363478216105628907851761749240280974313606434750483239415068662725185057677,YES,microprice_minus_mid,book,wall_60s,wall_clock_seconds,60,54176,0.021292197735962467,0.021292197735962467,0.5018832391713748,-0.3,-0.00014358714667157723,-0.0004436043629152207,-0.0003000172162436435,0.9411916715888955,0.02669078558771412,63.06,77.38650000000001,14386,31089
highest-temperature-in-shanghai-on-june-9-2026,Highest temperature in Shanghai on June 9?,2026-06-07T04:34:03Z,2026-06-09T12:00:00Z,2,20°C,0xe692a6f51125cf6914c090f8e01ecf1491030ed0ad775156b7dea9ed74099392,29363478216105628907851761749240280974313606434750483239415068662725185057677,YES,ofi_30s,flow_clock_sensitive,wall_60s,wall_clock_seconds,60,54176,-0.08245402666731692,-0.08245402666731692,0.4005021971123666,,-6.272868278714604e-05,-0.0004619341563786009,-0.0003992054735914548,0.9411916715888955,0.02669078558771412,63.06,77.38650000000001,14386,31089
highest-temperature-in-shanghai-on-june-9-2026,Highest temperature in Shanghai on June 9?,2026-06-07T04:34:03Z,2026-06-09T12:00:00Z,2,20°C,0xe692a6f51125cf6914c090f8e01ecf1491030ed0ad775156b7dea9ed74099392,29363478216105628907851761749240280974313606434750483239415068662725185057677,YES,trade_pressure_30s,flow_clock_sensitive,wall_60s,wall_clock_seconds,60,54176,0.01337701807046881,0.01337701807046881,0.6666666666666666,,-9.148582509927048e-05,9.67741935483871e-05,0.00018826001864765757,0.9411916715888955,0.02669078558771412,63.06,77.38650000000001,14386,31089
highest-temperature-in-shanghai-on-june-9-2026,Highest temperature in Shanghai on June 9?,2026-06-07T04:34:03Z,2026-06-09T12:00:00Z,2,20°C,0xe692a6f51125cf6914c090f8e01ecf1491030ed0ad775156b7dea9ed74099392,29363478216105628907851761749240280974313606434750483239415068662725185057677,YES,depth_imbalance_1,book,wall_300s,wall_clock_seconds,300,54018,0.06331317484205216,0.06331317484205216,0.5492396813902969,-0.3,-7.802995914661826e-05,-0.00047572050783059957,-0.0003976905486839813,0.8977377911066682,0.042596912140397646,304.099,320.4593,14386,31089
highest-temperature-in-shanghai-on-june-9-2026,Highest temperature in Shanghai on June 9?,2026-06-07T04:34:03Z,2026-06-09T12:00:00Z,2,20°C,0xe692a6f51125cf6914c090f8e01ecf1491030ed0ad775156b7dea9ed74099392,29363478216105628907851761749240280974313606434750483239415068662725185057677,YES,depth_imbalance_3,book,wall_300s,wall_clock_seconds,300,54018,0.05633332295018053,0.05633332295018053,0.5059739319333816,-0.3,-0.00020195934136693953,-0.0010645177926766375,-0.000862558451309698,0.8977377911066682,0.042596912140397646,304.099,320.4593,14386,31089
highest-temperature-in-shanghai-on-june-9-2026,Highest temperature in Shanghai on June 9?,2026-06-07T04:34:03Z,2026-06-09T12:00:00Z,2,20°C,0xe692a6f51125cf6914c090f8e01ecf1491030ed0ad775156b7dea9ed74099392,29363478216105628907851761749240280974313606434750483239415068662725185057677,YES,depth_imbalance_5,book,wall_300s,wall_clock_seconds,300,54018,0.10772666468379286,0.10772666468379286,0.6884503982621288,0.0,-0.00027556844333977723,-0.0009272727272727273,-0.0006517042839329501,0.8977377911066682,0.042596912140397646,304.099,320.4593,14386,31089
highest-temperature-in-shanghai-on-june-9-2026,Highest temperature in Shanghai on June 9?,2026-06-07T04:34:03Z,2026-06-09T12:00:00Z,2,20°C,0xe692a6f51125cf6914c090f8e01ecf1491030ed0ad775156b7dea9ed74099392,29363478216105628907851761749240280974313606434750483239415068662725185057677,YES,microprice_minus_mid,book,wall_300s,wall_clock_seconds,300,54018,0.048145845487767534,0.048145845487767534,0.553584359160029,-0.3,-0.00039494521683086284,-0.0010209577114427863,-0.0006260124946119235,0.8977377911066682,0.042596912140397646,304.099,320.4593,14386,31089
highest-temperature-in-shanghai-on-june-9-2026,Highest temperature in Shanghai on June 9?,2026-06-07T04:34:03Z,2026-06-09T12:00:00Z,2,20°C,0xe692a6f51125cf6914c090f8e01ecf1491030ed0ad775156b7dea9ed74099392,29363478216105628907851761749240280974313606434750483239415068662725185057677,YES,ofi_30s,flow_clock_sensitive,wall_300s,wall_clock_seconds,300,54018,0.0071145048478149,0.0071145048478149,0.4355539464156408,,-0.00014469408504615142,-0.0012841586725434275,-0.001139464587497276,0.8977377911066682,0.042596912140397646,304.099,320.4593,14386,31089
highest-temperature-in-shanghai-on-june-9-2026,Highest temperature in Shanghai on June 9?,2026-06-07T04:34:03Z,2026-06-09T12:00:00Z,2,20°C,0xe692a6f51125cf6914c090f8e01ecf1491030ed0ad775156b7dea9ed74099392,29363478216105628907851761749240280974313606434750483239415068662725185057677,YES,trade_pressure_30s,flow_clock_sensitive,wall_300s,wall_clock_seconds,300,54018,-0.0012603760427298903,-0.0012603760427298903,0.416545981173063,,-0.0002260584630764389,0.0,0.0002260584630764389,0.8977377911066682,0.042596912140397646,304.099,320.4593,14386,31089
highest-temperature-in-shanghai-on-june-9-2026,Highest temperature in Shanghai on June 9?,2026-06-07T04:34:03Z,2026-06-09T12:00:00Z,2,20°C,0xe692a6f51125cf6914c090f8e01ecf1491030ed0ad775156b7dea9ed74099392,29363478216105628907851761749240280974313606434750483239415068662725185057677,YES,depth_imbalance_1,book,wall_900s,wall_clock_seconds,900,53795,0.08152015845403215,0.08152015845403215,0.6003514252245217,0.09999999999999999,-0.0001924648206990468,-0.000509020618556701,-0.0003165557978576542,0.8095733804256902,0.05303466864950274,904.356,920.173,14386,31089
highest-temperature-in-shanghai-on-june-9-2026,Highest temperature in Shanghai on June 9?,2026-06-07T04:34:03Z,2026-06-09T12:00:00Z,2,20°C,0xe692a6f51125cf6914c090f8e01ecf1491030ed0ad775156b7dea9ed74099392,29363478216105628907851761749240280974313606434750483239415068662725185057677,YES,depth_imbalance_3,book,wall_900s,wall_clock_seconds,900,53795,-0.016566591442161674,-0.016566591442161674,0.4204412338930105,-0.49999999999999994,-0.0002614754852359488,-0.0018273331925675678,-0.001565857707331619,0.8095733804256902,0.05303466864950274,904.356,920.173,14386,31089
highest-temperature-in-shanghai-on-june-9-2026,Highest temperature in Shanghai on June 9?,2026-06-07T04:34:03Z,2026-06-09T12:00:00Z,2,20°C,0xe692a6f51125cf6914c090f8e01ecf1491030ed0ad775156b7dea9ed74099392,29363478216105628907851761749240280974313606434750483239415068662725185057677,YES,depth_imbalance_5,book,wall_900s,wall_clock_seconds,900,53795,0.08366232822563342,0.08366232822563342,0.6596056228035924,0.0,-0.0004571546278494919,-0.005941678321678323,-0.005484523693828831,0.8095733804256902,0.05303466864950274,904.356,920.173,14386,31089
highest-temperature-in-shanghai-on-june-9-2026,Highest temperature in Shanghai on June 9?,2026-06-07T04:34:03Z,2026-06-09T12:00:00Z,2,20°C,0xe692a6f51125cf6914c090f8e01ecf1491030ed0ad775156b7dea9ed74099392,29363478216105628907851761749240280974313606434750483239415068662725185057677,YES,microprice_minus_mid,book,wall_900s,wall_clock_seconds,900,53795,-0.0418687776692938,-0.0418687776692938,0.5091761030847325,-0.09999999999999999,-0.0007377313322898444,-0.007243905472636816,-0.006506174140346972,0.8095733804256902,0.05303466864950274,904.356,920.173,14386,31089
highest-temperature-in-shanghai-on-june-9-2026,Highest temperature in Shanghai on June 9?,2026-06-07T04:34:03Z,2026-06-09T12:00:00Z,2,20°C,0xe692a6f51125cf6914c090f8e01ecf1491030ed0ad775156b7dea9ed74099392,29363478216105628907851761749240280974313606434750483239415068662725185057677,YES,ofi_30s,flow_clock_sensitive,wall_900s,wall_clock_seconds,900,53795,0.01259437402221581,0.01259437402221581,0.33043732916829366,,-0.0012285433938083224,-0.001485610578169562,-0.00025706718436123953,0.8095733804256902,0.05303466864950274,904.356,920.173,14386,31089
highest-temperature-in-shanghai-on-june-9-2026,Highest temperature in Shanghai on June 9?,2026-06-07T04:34:03Z,2026-06-09T12:00:00Z,2,20°C,0xe692a6f51125cf6914c090f8e01ecf1491030ed0ad775156b7dea9ed74099392,29363478216105628907851761749240280974313606434750483239415068662725185057677,YES,trade_pressure_30s,flow_clock_sensitive,wall_900s,wall_clock_seconds,900,53795,0.010697042690862066,0.010697042690862066,0.27928543537680595,,-0.0012469978064468157,0.0,0.0012469978064468157,0.8095733804256902,0.05303466864950274,904.356,920.173,14386,31089
highest-temperature-in-shanghai-on-june-9-2026,Highest temperature in Shanghai on June 9?,2026-06-07T04:34:03Z,2026-06-09T12:00:00Z,2,20°C,0xe692a6f51125cf6914c090f8e01ecf1491030ed0ad775156b7dea9ed74099392,29363478216105628907851761749240280974313606434750483239415068662725185057677,YES,depth_imbalance_1,book,valid_obs_10,valid_observation_steps,10,54228,0.02139498997327039,0.02139498997327039,0.49145477282200917,-0.3,-1.7067635043123018e-05,-0.00041849782155711307,-0.00040143018651399005,0.95576086154754,0.020487570996533155,28.936,77.03680000000007,14386,31089
highest-temperature-in-shanghai-on-june-9-2026,Highest temperature in Shanghai on June 9?,2026-06-07T04:34:03Z,2026-06-09T12:00:00Z,2,20°C,0xe692a6f51125cf6914c090f8e01ecf1491030ed0ad775156b7dea9ed74099392,29363478216105628907851761749240280974313606434750483239415068662725185057677,YES,depth_imbalance_3,book,valid_obs_10,valid_observation_steps,10,54228,0.013208979376379062,0.013208979376379062,0.49187161317215505,-0.3,-0.00014514795074434844,-0.0005423918575063613,-0.00039724390676201284,0.95576086154754,0.020487570996533155,28.936,77.03680000000007,14386,31089
highest-temperature-in-shanghai-on-june-9-2026,Highest temperature in Shanghai on June 9?,2026-06-07T04:34:03Z,2026-06-09T12:00:00Z,2,20°C,0xe692a6f51125cf6914c090f8e01ecf1491030ed0ad775156b7dea9ed74099392,29363478216105628907851761749240280974313606434750483239415068662725185057677,YES,depth_imbalance_5,book,valid_obs_10,valid_observation_steps,10,54228,0.0017424467174168132,0.0017424467174168132,0.5360566902876198,0.0,-0.00019088345009553268,-0.0004347785547785548,-0.0002438951046830221,0.95576086154754,0.020487570996533155,28.936,77.03680000000007,14386,31089
highest-temperature-in-shanghai-on-june-9-2026,Highest temperature in Shanghai on June 9?,2026-06-07T04:34:03Z,2026-06-09T12:00:00Z,2,20°C,0xe692a6f51125cf6914c090f8e01ecf1491030ed0ad775156b7dea9ed74099392,29363478216105628907851761749240280974313606434750483239415068662725185057677,YES,microprice_minus_mid,book,valid_obs_10,valid_observation_steps,10,54228,0.006248073520702733,0.006248073520702733,0.4910379324718633,-0.3,-0.0001775158825154222,-0.0006052339901477833,-0.00042771810763236103,0.95576086154754,0.020487570996533155,28.936,77.03680000000007,14386,31089
highest-temperature-in-shanghai-on-june-9-2026,Highest temperature in Shanghai on June 9?,2026-06-07T04:34:03Z,2026-06-09T12:00:00Z,2,20°C,0xe692a6f51125cf6914c090f8e01ecf1491030ed0ad775156b7dea9ed74099392,29363478216105628907851761749240280974313606434750483239415068662725185057677,YES,ofi_30s,flow_clock_sensitive,valid_obs_10,valid_observation_steps,10,54228,-0.01105379896443457,-0.01105379896443457,0.49854105877448934,,-3.9024632499006754e-05,-0.0012192644032921812,-0.0011802397707931745,0.95576086154754,0.020487570996533155,28.936,77.03680000000007,14386,31089
highest-temperature-in-shanghai-on-june-9-2026,Highest temperature in Shanghai on June 9?,2026-06-07T04:34:03Z,2026-06-09T12:00:00Z,2,20°C,0xe692a6f51125cf6914c090f8e01ecf1491030ed0ad775156b7dea9ed74099392,29363478216105628907851761749240280974313606434750483239415068662725185057677,YES,trade_pressure_30s,flow_clock_sensitive,valid_obs_10,valid_observation_steps,10,54228,0.031238107083072675,0.031238107083072675,1.0,,-0.00012382604203184678,0.0001935483870967742,0.00031737442912862097,0.95576086154754,0.020487570996533155,28.936,77.03680000000007,14386,31089
highest-temperature-in-shanghai-on-june-9-2026,Highest temperature in Shanghai on June 9?,2026-06-07T04:34:03Z,2026-06-09T12:00:00Z,2,20°C,0xe692a6f51125cf6914c090f8e01ecf1491030ed0ad775156b7dea9ed74099392,29363478216105628907851761749240280974313606434750483239415068662725185057677,YES,depth_imbalance_1,book,valid_obs_50,valid_observation_steps,50,54154,0.05593174245995976,0.05593174245995976,0.6024401473296501,-0.39999999999999997,-8.279618701770315e-05,-0.0005058279370952822,-0.000423031750077579,0.9197843187945489,0.033201610222698234,166.372,339.815,14386,31089
highest-temperature-in-shanghai-on-june-9-2026,Highest temperature in Shanghai on June 9?,2026-06-07T04:34:03Z,2026-06-09T12:00:00Z,2,20°C,0xe692a6f51125cf6914c090f8e01ecf1491030ed0ad775156b7dea9ed74099392,29363478216105628907851761749240280974313606434750483239415068662725185057677,YES,depth_imbalance_3,book,valid_obs_50,valid_observation_steps,50,54154,0.01758916392076932,0.01758916392076932,0.47744014732965007,-0.09999999999999999,-0.00018788519915371166,-0.001321119592875318,-0.0011332343937216064,0.9197843187945489,0.033201610222698234,166.372,339.815,14386,31089
highest-temperature-in-shanghai-on-june-9-2026,Highest temperature in Shanghai on June 9?,2026-06-07T04:34:03Z,2026-06-09T12:00:00Z,2,20°C,0xe692a6f51125cf6914c090f8e01ecf1491030ed0ad775156b7dea9ed74099392,29363478216105628907851761749240280974313606434750483239415068662725185057677,YES,depth_imbalance_5,book,valid_obs_50,valid_observation_steps,50,54154,0.01200970626340851,0.01200970626340851,0.5752762430939227,0.0,-0.00023178506375227687,-0.001184988344988345,-0.0009532032812360682,0.9197843187945489,0.033201610222698234,166.372,339.815,14386,31089
highest-temperature-in-shanghai-on-june-9-2026,Highest temperature in Shanghai on June 9?,2026-06-07T04:34:03Z,2026-06-09T12:00:00Z,2,20°C,0xe692a6f51125cf6914c090f8e01ecf1491030ed0ad775156b7dea9ed74099392,29363478216105628907851761749240280974313606434750483239415068662725185057677,YES,microprice_minus_mid,book,valid_obs_50,valid_observation_steps,50,54154,0.04812107012546422,0.04812107012546422,0.5725138121546961,-0.3,-0.0004383113893748275,-0.0013044369873228933,-0.0008661255979480658,0.9197843187945489,0.033201610222698234,166.372,339.815,14386,31089
highest-temperature-in-shanghai-on-june-9-2026,Highest temperature in Shanghai on June 9?,2026-06-07T04:34:03Z,2026-06-09T12:00:00Z,2,20°C,0xe692a6f51125cf6914c090f8e01ecf1491030ed0ad775156b7dea9ed74099392,29363478216105628907851761749240280974313606434750483239415068662725185057677,YES,ofi_30s,flow_clock_sensitive,valid_obs_50,valid_observation_steps,50,54154,0.009836717809118373,0.009836717809118373,0.4498158379373849,,-0.0002135427025736903,-0.0010955882352941177,-0.0008820455327204274,0.9197843187945489,0.033201610222698234,166.372,339.815,14386,31089
highest-temperature-in-shanghai-on-june-9-2026,Highest temperature in Shanghai on June 9?,2026-06-07T04:34:03Z,2026-06-09T12:00:00Z,2,20°C,0xe692a6f51125cf6914c090f8e01ecf1491030ed0ad775156b7dea9ed74099392,29363478216105628907851761749240280974313606434750483239415068662725185057677,YES,trade_pressure_30s,flow_clock_sensitive,valid_obs_50,valid_observation_steps,50,54154,-0.011690602940167298,-0.011690602940167298,0.4139042357274402,,-0.00027660478433545765,-0.0004736842105263158,-0.00019707942619085817,0.9197843187945489,0.033201610222698234,166.372,339.815,14386,31089
highest-temperature-in-shanghai-on-june-9-2026,Highest temperature in Shanghai on June 9?,2026-06-07T04:34:03Z,2026-06-09T12:00:00Z,2,20°C,0xe692a6f51125cf6914c090f8e01ecf1491030ed0ad775156b7dea9ed74099392,29363478216105628907851761749240280974313606434750483239415068662725185057677,YES,depth_imbalance_1,book,valid_obs_200,valid_observation_steps,200,53882,0.10211023827743775,0.10211023827743775,0.6300043047783039,-0.19999999999999998,-0.00024266908760780758,-0.0006849942726231387,-0.0004423251850153311,0.8275490887494896,0.06113358821127649,706.982,1299.2486000000004,14386,31089
highest-temperature-in-shanghai-on-june-9-2026,Highest temperature in Shanghai on June 9?,2026-06-07T04:34:03Z,2026-06-09T12:00:00Z,2,20°C,0xe692a6f51125cf6914c090f8e01ecf1491030ed0ad775156b7dea9ed74099392,29363478216105628907851761749240280974313606434750483239415068662725185057677,YES,depth_imbalance_3,book,valid_obs_200,valid_observation_steps,200,53882,0.007276271654782759,0.007276271654782759,0.44866551872578564,-0.49999999999999994,-0.00027210008278907177,-0.0019876556125117692,-0.0017155555297226975,0.8275490887494896,0.06113358821127649,706.982,1299.2486000000004,14386,31089
highest-temperature-in-shanghai-on-june-9-2026,Highest temperature in Shanghai on June 9?,2026-06-07T04:34:03Z,2026-06-09T12:00:00Z,2,20°C,0xe692a6f51125cf6914c090f8e01ecf1491030ed0ad775156b7dea9ed74099392,29363478216105628907851761749240280974313606434750483239415068662725185057677,YES,depth_imbalance_5,book,valid_obs_200,valid_observation_steps,200,53882,0.04736539708390204,0.04736539708390204,0.6499139044339216,0.0,-0.0003765667574931881,-0.0038312820512820516,-0.0034547152937888636,0.8275490887494896,0.06113358821127649,706.982,1299.2486000000004,14386,31089
highest-temperature-in-shanghai-on-june-9-2026,Highest temperature in Shanghai on June 9?,2026-06-07T04:34:03Z,2026-06-09T12:00:00Z,2,20°C,0xe692a6f51125cf6914c090f8e01ecf1491030ed0ad775156b7dea9ed74099392,29363478216105628907851761749240280974313606434750483239415068662725185057677,YES,microprice_minus_mid,book,valid_obs_200,valid_observation_steps,200,53882,0.07270399009567051,0.07270399009567051,0.6036375376668102,-0.09999999999999999,-0.000788647454193905,-0.004323818407960199,-0.0035351709537662936,0.8275490887494896,0.06113358821127649,706.982,1299.2486000000004,14386,31089
highest-temperature-in-shanghai-on-june-9-2026,Highest temperature in Shanghai on June 9?,2026-06-07T04:34:03Z,2026-06-09T12:00:00Z,2,20°C,0xe692a6f51125cf6914c090f8e01ecf1491030ed0ad775156b7dea9ed74099392,29363478216105628907851761749240280974313606434750483239415068662725185057677,YES,ofi_30s,flow_clock_sensitive,valid_obs_200,valid_observation_steps,200,53882,0.023414768593102375,0.023414768593102375,0.41476538958243653,,-0.000727096451774113,-0.0016573761991184861,-0.0009302797473443731,0.8275490887494896,0.06113358821127649,706.982,1299.2486000000004,14386,31089
highest-temperature-in-shanghai-on-june-9-2026,Highest temperature in Shanghai on June 9?,2026-06-07T04:34:03Z,2026-06-09T12:00:00Z,2,20°C,0xe692a6f51125cf6914c090f8e01ecf1491030ed0ad775156b7dea9ed74099392,29363478216105628907851761749240280974313606434750483239415068662725185057677,YES,trade_pressure_30s,flow_clock_sensitive,valid_obs_200,valid_observation_steps,200,53882,-0.0029640200039805814,-0.0029640200039805814,0.35449849332759364,,-0.0007937027894805219,0.0,0.0007937027894805219,0.8275490887494896,0.06113358821127649,706.982,1299.2486000000004,14386,31089
highest-temperature-in-shanghai-on-june-9-2026,Highest temperature in Shanghai on June 9?,2026-06-07T04:34:03Z,2026-06-09T12:00:00Z,3,21°C,0x4b71fc3b2d6d0a5a6d4a3c57a66f3b7c0a70049d1bd8fb47fdb985ca5e42a0e7,32958582433402594997678224016035388842620018324746531711463337433683768535571,YES,depth_imbalance_1,book,wall_60s,wall_clock_seconds,60,79114,-0.017381304276615026,-0.028716248184294305,0.46556610457701575,-0.3,-4.5926888105399857e-05,-0.0001707466735563881,-0.00012481978545098824,0.8215992112647572,0.09530550850671184,63.0135,77.72289999999998,19359,47884
highest-temperature-in-shanghai-on-june-9-2026,Highest temperature in Shanghai on June 9?,2026-06-07T04:34:03Z,2026-06-09T12:00:00Z,3,21°C,0x4b71fc3b2d6d0a5a6d4a3c57a66f3b7c0a70049d1bd8fb47fdb985ca5e42a0e7,32958582433402594997678224016035388842620018324746531711463337433683768535571,YES,depth_imbalance_3,book,wall_60s,wall_clock_seconds,60,79114,-0.008468548442908216,-0.05890357384063527,0.47002975768740257,-0.49999999999999994,2.7835811724222666e-05,4.1232476197614617e-07,-2.742348696224652e-05,0.8215992112647572,0.09530550850671184,63.0135,77.72289999999998,19359,47884
highest-temperature-in-shanghai-on-june-9-2026,Highest temperature in Shanghai on June 9?,2026-06-07T04:34:03Z,2026-06-09T12:00:00Z,3,21°C,0x4b71fc3b2d6d0a5a6d4a3c57a66f3b7c0a70049d1bd8fb47fdb985ca5e42a0e7,32958582433402594997678224016035388842620018324746531711463337433683768535571,YES,depth_imbalance_5,book,wall_60s,wall_clock_seconds,60,79114,-0.001669479991046543,-0.05945339377207118,0.46620376930707097,-0.3,0.00027723917938453845,-4.620253164556973e-06,-0.0002818594325490954,0.8215992112647572,0.09530550850671184,63.0135,77.72289999999998,19359,47884
highest-temperature-in-shanghai-on-june-9-2026,Highest temperature in Shanghai on June 9?,2026-06-07T04:34:03Z,2026-06-09T12:00:00Z,3,21°C,0x4b71fc3b2d6d0a5a6d4a3c57a66f3b7c0a70049d1bd8fb47fdb985ca5e42a0e7,32958582433402594997678224016035388842620018324746531711463337433683768535571,YES,microprice_minus_mid,book,wall_60s,wall_clock_seconds,60,79114,0.018506829469792593,0.043891737898572494,0.49589060507297716,0.09999999999999999,5.9700549624107654e-05,0.0002706593267527209,0.00021095877712861322,0.8215992112647572,0.09530550850671184,63.0135,77.72289999999998,19359,47884
highest-temperature-in-shanghai-on-june-9-2026,Highest temperature in Shanghai on June 9?,2026-06-07T04:34:03Z,2026-06-09T12:00:00Z,3,21°C,0x4b71fc3b2d6d0a5a6d4a3c57a66f3b7c0a70049d1bd8fb47fdb985ca5e42a0e7,32958582433402594997678224016035388842620018324746531711463337433683768535571,YES,ofi_30s,flow_clock_sensitive,wall_60s,wall_clock_seconds,60,79114,0.06824365522841495,0.2835034521827507,0.4976618959897974,,7.020242791646992e-05,-6.34053933585914e-05,-0.0001336078212750613,0.8215992112647572,0.09530550850671184,63.0135,77.72289999999998,19359,47884
highest-temperature-in-shanghai-on-june-9-2026,Highest temperature in Shanghai on June 9?,2026-06-07T04:34:03Z,2026-06-09T12:00:00Z,3,21°C,0x4b71fc3b2d6d0a5a6d4a3c57a66f3b7c0a70049d1bd8fb47fdb985ca5e42a0e7,32958582433402594997678224016035388842620018324746531711463337433683768535571,YES,trade_pressure_30s,flow_clock_sensitive,wall_60s,wall_clock_seconds,60,79114,-0.007792274340628363,0.5920676818168914,0.5333002692362193,,4.7450192152103577e-05,0.0002,0.00015254980784789644,0.8215992112647572,0.09530550850671184,63.0135,77.72289999999998,19359,47884
highest-temperature-in-shanghai-on-june-9-2026,Highest temperature in Shanghai on June 9?,2026-06-07T04:34:03Z,2026-06-09T12:00:00Z,3,21°C,0x4b71fc3b2d6d0a5a6d4a3c57a66f3b7c0a70049d1bd8fb47fdb985ca5e42a0e7,32958582433402594997678224016035388842620018324746531711463337433683768535571,YES,depth_imbalance_1,book,wall_300s,wall_clock_seconds,300,78886,-0.010131952896129276,-0.028721298239312222,0.477930790960452,0.09999999999999999,-0.00015901864205997878,-0.00015362111558965032,5.3975264703284625e-06,0.7128007504500165,0.1466673427477626,304.304,322.225,19359,47884
highest-temperature-in-shanghai-on-june-9-2026,Highest temperature in Shanghai on June 9?,2026-06-07T04:34:03Z,2026-06-09T12:00:00Z,3,21°C,0x4b71fc3b2d6d0a5a6d4a3c57a66f3b7c0a70049d1bd8fb47fdb985ca5e42a0e7,32958582433402594997678224016035388842620018324746531711463337433683768535571,YES,depth_imbalance_3,book,wall_300s,wall_clock_seconds,300,78886,-0.014816096155892642,-0.07893006640631325,0.4876412429378531,-0.6,0.0004556856187290971,2.379333786539767e-05,-0.0004318922808636994,0.7128007504500165,0.1466673427477626,304.304,322.225,19359,47884
highest-temperature-in-shanghai-on-june-9-2026,Highest temperature in Shanghai on June 9?,2026-06-07T04:34:03Z,2026-06-09T12:00:00Z,3,21°C,0x4b71fc3b2d6d0a5a6d4a3c57a66f3b7c0a70049d1bd8fb47fdb985ca5e42a0e7,32958582433402594997678224016035388842620018324746531711463337433683768535571,YES,depth_imbalance_5,book,wall_300s,wall_clock_seconds,300,78886,0.005162275489562702,-0.062304608996771454,0.4996910310734463,-0.09999999999999999,0.0006630517023959649,2.3863852443430295e-05,-0.0006391878499525346,0.7128007504500165,0.1466673427477626,304.304,322.225,19359,47884
highest-temperature-in-shanghai-on-june-9-2026,Highest temperature in Shanghai on June 9?,2026-06-07T04:34:03Z,2026-06-09T12:00:00Z,3,21°C,0x4b71fc3b2d6d0a5a6d4a3c57a66f3b7c0a70049d1bd8fb47fdb985ca5e42a0e7,32958582433402594997678224016035388842620018324746531711463337433683768535571,YES,microprice_minus_mid,book,wall_300s,wall_clock_seconds,300,78886,-0.03926239445846328,9.415222432945847e-05,0.4612023305084746,0.7,-0.00012093874203520283,0.0006701106774998401,0.0007910494195350429,0.7128007504500165,0.1466673427477626,304.304,322.225,19359,47884
highest-temperature-in-shanghai-on-june-9-2026,Highest temperature in Shanghai on June 9?,2026-06-07T04:34:03Z,2026-06-09T12:00:00Z,3,21°C,0x4b71fc3b2d6d0a5a6d4a3c57a66f3b7c0a70049d1bd8fb47fdb985ca5e42a0e7,32958582433402594997678224016035388842620018324746531711463337433683768535571,YES,ofi_30s,flow_clock_sensitive,wall_300s,wall_clock_seconds,300,78886,0.03373309469366048,0.19920186538633367,0.4932909604519774,,4.6435608779996044e-05,0.0003780087935017514,0.00033157318472175535,0.7128007504500165,0.1466673427477626,304.304,322.225,19359,47884
highest-temperature-in-shanghai-on-june-9-2026,Highest temperature in Shanghai on June 9?,2026-06-07T04:34:03Z,2026-06-09T12:00:00Z,3,21°C,0x4b71fc3b2d6d0a5a6d4a3c57a66f3b7c0a70049d1bd8fb47fdb985ca5e42a0e7,32958582433402594997678224016035388842620018324746531711463337433683768535571,YES,trade_pressure_30s,flow_clock_sensitive,wall_300s,wall_clock_seconds,300,78886,0.013094453286729972,0.43255222280809513,0.5112994350282486,,0.0001028259546630154,0.0002,9.717404533698462e-05,0.7128007504500165,0.1466673427477626,304.304,322.225,19359,47884
highest-temperature-in-shanghai-on-june-9-2026,Highest temperature in Shanghai on June 9?,2026-06-07T04:34:03Z,2026-06-09T12:00:00Z,3,21°C,0x4b71fc3b2d6d0a5a6d4a3c57a66f3b7c0a70049d1bd8fb47fdb985ca5e42a0e7,32958582433402594997678224016035388842620018324746531711463337433683768535571,YES,depth_imbalance_1,book,wall_900s,wall_clock_seconds,900,78371,0.043843116511113986,0.029744121051378344,0.5055001608234159,0.3,-0.0013377329192546584,-0.00035048622366288504,0.0009872466955917734,0.603297137971954,0.1558484643554376,904.875,923.021,19359,47884
highest-temperature-in-shanghai-on-june-9-2026,Highest temperature in Shanghai on June 9?,2026-06-07T04:34:03Z,2026-06-09T12:00:00Z,3,21°C,0x4b71fc3b2d6d0a5a6d4a3c57a66f3b7c0a70049d1bd8fb47fdb985ca5e42a0e7,32958582433402594997678224016035388842620018324746531711463337433683768535571,YES,depth_imbalance_3,book,wall_900s,wall_clock_seconds,900,78371,0.07689173370848594,-0.015677924058033015,0.5252492762946285,0.8999999999999998,-0.001106849737735267,-7.548866301798285e-05,0.0010313610747172842,0.603297137971954,0.1558484643554376,904.875,923.021,19359,47884
highest-temperature-in-shanghai-on-june-9-2026,Highest temperature in Shanghai on June 9?,2026-06-07T04:34:03Z,2026-06-09T12:00:00Z,3,21°C,0x4b71fc3b2d6d0a5a6d4a3c57a66f3b7c0a70049d1bd8fb47fdb985ca5e42a0e7,32958582433402594997678224016035388842620018324746531711463337433683768535571,YES,depth_imbalance_5,book,wall_900s,wall_clock_seconds,900,78371,0.08441187128314406,0.010775909713732155,0.5482470247668061,0.8999999999999998,-0.0011159979587931363,-2.306955966815571e-05,0.0010929283991249806,0.603297137971954,0.1558484643554376,904.875,923.021,19359,47884
highest-temperature-in-shanghai-on-june-9-2026,Highest temperature in Shanghai on June 9?,2026-06-07T04:34:03Z,2026-06-09T12:00:00Z,3,21°C,0x4b71fc3b2d6d0a5a6d4a3c57a66f3b7c0a70049d1bd8fb47fdb985ca5e42a0e7,32958582433402594997678224016035388842620018324746531711463337433683768535571,YES,microprice_minus_mid,book,wall_900s,wall_clock_seconds,900,78371,-0.08376978917999296,-0.048659996219415656,0.43814731424895464,0.0,-0.001137602439489232,-0.000613524406627855,0.000524078032861377,0.603297137971954,0.1558484643554376,904.875,923.021,19359,47884
highest-temperature-in-shanghai-on-june-9-2026,Highest temperature in Shanghai on June 9?,2026-06-07T04:34:03Z,2026-06-09T12:00:00Z,3,21°C,0x4b71fc3b2d6d0a5a6d4a3c57a66f3b7c0a70049d1bd8fb47fdb985ca5e42a0e7,32958582433402594997678224016035388842620018324746531711463337433683768535571,YES,ofi_30s,flow_clock_sensitive,wall_900s,wall_clock_seconds,900,78371,0.023317849425447946,0.1452438184504739,0.5594081698295271,,-0.00034189899486675065,-0.0009111612175873732,-0.0005692622227206226,0.603297137971954,0.1558484643554376,904.875,923.021,19359,47884
highest-temperature-in-shanghai-on-june-9-2026,Highest temperature in Shanghai on June 9?,2026-06-07T04:34:03Z,2026-06-09T12:00:00Z,3,21°C,0x4b71fc3b2d6d0a5a6d4a3c57a66f3b7c0a70049d1bd8fb47fdb985ca5e42a0e7,32958582433402594997678224016035388842620018324746531711463337433683768535571,YES,trade_pressure_30s,flow_clock_sensitive,wall_900s,wall_clock_seconds,900,78371,-0.005302829349718455,0.2936917068746287,0.3928594403345127,,,,,0.603297137971954,0.1558484643554376,904.875,923.021,19359,47884
highest-temperature-in-shanghai-on-june-9-2026,Highest temperature in Shanghai on June 9?,2026-06-07T04:34:03Z,2026-06-09T12:00:00Z,3,21°C,0x4b71fc3b2d6d0a5a6d4a3c57a66f3b7c0a70049d1bd8fb47fdb985ca5e42a0e7,32958582433402594997678224016035388842620018324746531711463337433683768535571,YES,depth_imbalance_1,book,valid_obs_10,valid_observation_steps,10,79376,0.011282600049678529,-0.0033843952313053803,0.4955540682665647,0.49999999999999994,-9.610870907967887e-05,-7.729499332018597e-06,8.837920974766027e-05,0.868234730901028,0.06685900020157226,27.033,75.856,19359,47884
highest-temperature-in-shanghai-on-june-9-2026,Highest temperature in Shanghai on June 9?,2026-06-07T04:34:03Z,2026-06-09T12:00:00Z,3,21°C,0x4b71fc3b2d6d0a5a6d4a3c57a66f3b7c0a70049d1bd8fb47fdb985ca5e42a0e7,32958582433402594997678224016035388842620018324746531711463337433683768535571,YES,depth_imbalance_3,book,valid_obs_10,valid_observation_steps,10,79376,-0.0024598270434530688,-0.03584058951991315,0.48130796443254614,-0.7,6.933791495367241e-05,-8.14656443526984e-06,-7.748447938894226e-05,0.868234730901028,0.06685900020157226,27.033,75.856,19359,47884
highest-temperature-in-shanghai-on-june-9-2026,Highest temperature in Shanghai on June 9?,2026-06-07T04:34:03Z,2026-06-09T12:00:00Z,3,21°C,0x4b71fc3b2d6d0a5a6d4a3c57a66f3b7c0a70049d1bd8fb47fdb985ca5e42a0e7,32958582433402594997678224016035388842620018324746531711463337433683768535571,YES,depth_imbalance_5,book,valid_obs_10,valid_observation_steps,10,79376,-0.009166835156616909,-0.04342904216570123,0.47576250119514296,-0.8999999999999998,5.10694020078568e-05,-8.825012607160871e-06,-5.989441461501767e-05,0.868234730901028,0.06685900020157226,27.033,75.856,19359,47884
highest-temperature-in-shanghai-on-june-9-2026,Highest temperature in Shanghai on June 9?,2026-06-07T04:34:03Z,2026-06-09T12:00:00Z,3,21°C,0x4b71fc3b2d6d0a5a6d4a3c57a66f3b7c0a70049d1bd8fb47fdb985ca5e42a0e7,32958582433402594997678224016035388842620018324746531711463337433683768535571,YES,microprice_minus_mid,book,valid_obs_10,valid_observation_steps,10,79376,0.017935540854502607,0.0367419853156019,0.4911559422506932,0.3,8.96650837290671e-06,0.00017658579732120292,0.0001676192889482962,0.868234730901028,0.06685900020157226,27.033,75.856,19359,47884
highest-temperature-in-shanghai-on-june-9-2026,Highest temperature in Shanghai on June 9?,2026-06-07T04:34:03Z,2026-06-09T12:00:00Z,3,21°C,0x4b71fc3b2d6d0a5a6d4a3c57a66f3b7c0a70049d1bd8fb47fdb985ca5e42a0e7,32958582433402594997678224016035388842620018324746531711463337433683768535571,YES,ofi_30s,flow_clock_sensitive,valid_obs_10,valid_observation_steps,10,79376,0.0497979419071937,0.2949656584848603,0.49431111960990537,,6.832571628125889e-06,9.252682204957456e-05,8.569425042144867e-05,0.868234730901028,0.06685900020157226,27.033,75.856,19359,47884
highest-temperature-in-shanghai-on-june-9-2026,Highest temperature in Shanghai on June 9?,2026-06-07T04:34:03Z,2026-06-09T12:00:00Z,3,21°C,0x4b71fc3b2d6d0a5a6d4a3c57a66f3b7c0a70049d1bd8fb47fdb985ca5e42a0e7,32958582433402594997678224016035388842620018324746531711463337433683768535571,YES,trade_pressure_30s,flow_clock_sensitive,valid_obs_10,valid_observation_steps,10,79376,-0.00017064663540814558,0.6805327550063197,0.5070274404818816,,2.140085175011969e-05,0.0002,0.00017859914824988032,0.868234730901028,0.06685900020157226,27.033,75.856,19359,47884
highest-temperature-in-shanghai-on-june-9-2026,Highest temperature in Shanghai on June 9?,2026-06-07T04:34:03Z,2026-06-09T12:00:00Z,3,21°C,0x4b71fc3b2d6d0a5a6d4a3c57a66f3b7c0a70049d1bd8fb47fdb985ca5e42a0e7,32958582433402594997678224016035388842620018324746531711463337433683768535571,YES,depth_imbalance_1,book,valid_obs_50,valid_observation_steps,50,79273,0.004173932056657019,-0.008185243359989866,0.490914990266061,0.09999999999999999,-0.0002589252625077209,-0.0001137469586374696,0.00014517830387025127,0.7667301603320172,0.11449043179897317,159.214,337.086,19359,47884
highest-temperature-in-shanghai-on-june-9-2026,Highest temperature in Shanghai on June 9?,2026-06-07T04:34:03Z,2026-06-09T12:00:00Z,3,21°C,0x4b71fc3b2d6d0a5a6d4a3c57a66f3b7c0a70049d1bd8fb47fdb985ca5e42a0e7,32958582433402594997678224016035388842620018324746531711463337433683768535571,YES,depth_imbalance_3,book,valid_obs_50,valid_observation_steps,50,79273,0.01689946311663893,-0.05165373907494643,0.4864806402768765,0.8999999999999998,-0.00010750444867153472,-2.2263450834880456e-07,0.00010728181416318592,0.7667301603320172,0.11449043179897317,159.214,337.086,19359,47884
highest-temperature-in-shanghai-on-june-9-2026,Highest temperature in Shanghai on June 9?,2026-06-07T04:34:03Z,2026-06-09T12:00:00Z,3,21°C,0x4b71fc3b2d6d0a5a6d4a3c57a66f3b7c0a70049d1bd8fb47fdb985ca5e42a0e7,32958582433402594997678224016035388842620018324746531711463337433683768535571,YES,depth_imbalance_5,book,valid_obs_50,valid_observation_steps,50,79273,0.024841996541567397,-0.04537193223672165,0.49048237075492107,0.6,-8.06008369246144e-05,-6.057546693589101e-06,7.45432902310253e-05,0.7667301603320172,0.11449043179897317,159.214,337.086,19359,47884
highest-temperature-in-shanghai-on-june-9-2026,Highest temperature in Shanghai on June 9?,2026-06-07T04:34:03Z,2026-06-09T12:00:00Z,3,21°C,0x4b71fc3b2d6d0a5a6d4a3c57a66f3b7c0a70049d1bd8fb47fdb985ca5e42a0e7,32958582433402594997678224016035388842620018324746531711463337433683768535571,YES,microprice_minus_mid,book,valid_obs_50,valid_observation_steps,50,79273,-0.021587677962766224,0.016163854462607413,0.4716093445814406,0.7,-0.00016179227596550442,7.698382613090726e-05,0.00023877610209641168,0.7667301603320172,0.11449043179897317,159.214,337.086,19359,47884
highest-temperature-in-shanghai-on-june-9-2026,Highest temperature in Shanghai on June 9?,2026-06-07T04:34:03Z,2026-06-09T12:00:00Z,3,21°C,0x4b71fc3b2d6d0a5a6d4a3c57a66f3b7c0a70049d1bd8fb47fdb985ca5e42a0e7,32958582433402594997678224016035388842620018324746531711463337433683768535571,YES,ofi_30s,flow_clock_sensitive,valid_obs_50,valid_observation_steps,50,79273,0.04809502907298696,0.22459642969605378,0.5003785420722474,,-6.0387171337763675e-05,8.443096048542256e-05,0.00014481813182318625,0.7667301603320172,0.11449043179897317,159.214,337.086,19359,47884
highest-temperature-in-shanghai-on-june-9-2026,Highest temperature in Shanghai on June 9?,2026-06-07T04:34:03Z,2026-06-09T12:00:00Z,3,21°C,0x4b71fc3b2d6d0a5a6d4a3c57a66f3b7c0a70049d1bd8fb47fdb985ca5e42a0e7,32958582433402594997678224016035388842620018324746531711463337433683768535571,YES,trade_pressure_30s,flow_clock_sensitive,valid_obs_50,valid_observation_steps,50,79273,0.014444779820190878,0.4975500741551466,0.49156391953277095,,-3.572915483895387e-05,0.0002,0.0002357291548389539,0.7667301603320172,0.11449043179897317,159.214,337.086,19359,47884
highest-temperature-in-shanghai-on-june-9-2026,Highest temperature in Shanghai on June 9?,2026-06-07T04:34:03Z,2026-06-09T12:00:00Z,3,21°C,0x4b71fc3b2d6d0a5a6d4a3c57a66f3b7c0a70049d1bd8fb47fdb985ca5e42a0e7,32958582433402594997678224016035388842620018324746531711463337433683768535571,YES,depth_imbalance_1,book,valid_obs_200,valid_observation_steps,200,78968,0.05808175403814595,0.05311195784254213,0.5232848232848233,0.3,-0.0010578752316244594,-0.00020623000065304,0.0008516452309714194,0.6345355080538952,0.15634180934049235,673.19,1237.5383000000002,19359,47884
highest-temperature-in-shanghai-on-june-9-2026,Highest temperature in Shanghai on June 9?,2026-06-07T04:34:03Z,2026-06-09T12:00:00Z,3,21°C,0x4b71fc3b2d6d0a5a6d4a3c57a66f3b7c0a70049d1bd8fb47fdb985ca5e42a0e7,32958582433402594997678224016035388842620018324746531711463337433683768535571,YES,depth_imbalance_3,book,valid_obs_200,valid_observation_steps,200,78968,0.06596472548053026,-0.04430110840175285,0.49812889812889816,0.8999999999999998,-0.0007849297416702461,-4.5885475919605664e-05,0.0007390442657506405,0.6345355080538952,0.15634180934049235,673.19,1237.5383000000002,19359,47884
highest-temperature-in-shanghai-on-june-9-2026,Highest temperature in Shanghai on June 9?,2026-06-07T04:34:03Z,2026-06-09T12:00:00Z,3,21°C,0x4b71fc3b2d6d0a5a6d4a3c57a66f3b7c0a70049d1bd8fb47fdb985ca5e42a0e7,32958582433402594997678224016035388842620018324746531711463337433683768535571,YES,depth_imbalance_5,book,valid_obs_200,valid_observation_steps,200,78968,0.07921829903143099,-0.015648620919395482,0.524012474012474,0.8999999999999998,-0.0008052038490757154,4.939484189848552e-05,0.000854598690974201,0.6345355080538952,0.15634180934049235,673.19,1237.5383000000002,19359,47884
highest-temperature-in-shanghai-on-june-9-2026,Highest temperature in Shanghai on June 9?,2026-06-07T04:34:03Z,2026-06-09T12:00:00Z,3,21°C,0x4b71fc3b2d6d0a5a6d4a3c57a66f3b7c0a70049d1bd8fb47fdb985ca5e42a0e7,32958582433402594997678224016035388842620018324746531711463337433683768535571,YES,microprice_minus_mid,book,valid_obs_200,valid_observation_steps,200,78968,-0.014694080991533706,0.01124173648314706,0.47227997227997226,0.19999999999999998,-0.0009428652643547471,-4.591222848458e-05,0.0008969530358701671,0.6345355080538952,0.15634180934049235,673.19,1237.5383000000002,19359,47884
highest-temperature-in-shanghai-on-june-9-2026,Highest temperature in Shanghai on June 9?,2026-06-07T04:34:03Z,2026-06-09T12:00:00Z,3,21°C,0x4b71fc3b2d6d0a5a6d4a3c57a66f3b7c0a70049d1bd8fb47fdb985ca5e42a0e7,32958582433402594997678224016035388842620018324746531711463337433683768535571,YES,ofi_30s,flow_clock_sensitive,valid_obs_200,valid_observation_steps,200,78968,0.039193767963664916,0.1527135930612447,0.535065835065835,,-0.00015540251975229552,-0.0006504550201402358,-0.0004950525003879402,0.6345355080538952,0.15634180934049235,673.19,1237.5383000000002,19359,47884
highest-temperature-in-shanghai-on-june-9-2026,Highest temperature in Shanghai on June 9?,2026-06-07T04:34:03Z,2026-06-09T12:00:00Z,3,21°C,0x4b71fc3b2d6d0a5a6d4a3c57a66f3b7c0a70049d1bd8fb47fdb985ca5e42a0e7,32958582433402594997678224016035388842620018324746531711463337433683768535571,YES,trade_pressure_30s,flow_clock_sensitive,valid_obs_200,valid_observation_steps,200,78968,0.0032757191911250727,0.2884283688355278,0.4282744282744283,,-0.00023943742242711315,-0.00030000000000000003,-6.056257757288688e-05,0.6345355080538952,0.15634180934049235,673.19,1237.5383000000002,19359,47884
highest-temperature-in-shanghai-on-june-9-2026,Highest temperature in Shanghai on June 9?,2026-06-07T04:34:03Z,2026-06-09T12:00:00Z,4,22°C,0x5e9cdf0acfadf1d761629c3e824f608b4c8abda66747f716816cd21a6ef44b02,21885399021320574560651114684216824442350810668622956886293663194490254187234,YES,depth_imbalance_1,book,wall_60s,wall_clock_seconds,60,132789,0.14721955970626063,0.13528642278021097,0.5845877330936868,0.6,-0.00022954562467250537,0.0005459791863765373,0.0007755248110490427,0.5977678874003117,0.19125078131471734,61.613,72.167,31457,90049
highest-temperature-in-shanghai-on-june-9-2026,Highest temperature in Shanghai on June 9?,2026-06-07T04:34:03Z,2026-06-09T12:00:00Z,4,22°C,0x5e9cdf0acfadf1d761629c3e824f608b4c8abda66747f716816cd21a6ef44b02,21885399021320574560651114684216824442350810668622956886293663194490254187234,YES,depth_imbalance_3,book,wall_60s,wall_clock_seconds,60,132789,0.09540695984036762,0.09562196654921208,0.5502508799520707,0.8999999999999998,-0.00016568725099601596,0.0003321388155413051,0.000497826066537321,0.5977678874003117,0.19125078131471734,61.613,72.167,31457,90049
highest-temperature-in-shanghai-on-june-9-2026,Highest temperature in Shanghai on June 9?,2026-06-07T04:34:03Z,2026-06-09T12:00:00Z,4,22°C,0x5e9cdf0acfadf1d761629c3e824f608b4c8abda66747f716816cd21a6ef44b02,21885399021320574560651114684216824442350810668622956886293663194490254187234,YES,depth_imbalance_5,book,wall_60s,wall_clock_seconds,60,132789,0.07606830578516298,0.0691159375778949,0.5641616116228563,0.6,-0.00011922961066345372,7.544150318183508e-05,0.0001946711138452888,0.5977678874003117,0.19125078131471734,61.613,72.167,31457,90049
highest-temperature-in-shanghai-on-june-9-2026,Highest temperature in Shanghai on June 9?,2026-06-07T04:34:03Z,2026-06-09T12:00:00Z,4,22°C,0x5e9cdf0acfadf1d761629c3e824f608b4c8abda66747f716816cd21a6ef44b02,21885399021320574560651114684216824442350810668622956886293663194490254187234,YES,microprice_minus_mid,book,wall_60s,wall_clock_seconds,60,132789,0.13247486737316294,0.12914549190093874,0.5819853216505654,0.8999999999999998,-0.0003524560645347162,0.0005147974783888866,0.0008672535429236027,0.5977678874003117,0.19125078131471734,61.613,72.167,31457,90049
highest-temperature-in-shanghai-on-june-9-2026,Highest temperature in Shanghai on June 9?,2026-06-07T04:34:03Z,2026-06-09T12:00:00Z,4,22°C,0x5e9cdf0acfadf1d761629c3e824f608b4c8abda66747f716816cd21a6ef44b02,21885399021320574560651114684216824442350810668622956886293663194490254187234,YES,ofi_30s,flow_clock_sensitive,wall_60s,wall_clock_seconds,60,132789,0.05873432987846765,0.14759328704506774,0.5361529244364562,1.0,-0.0003350957257346396,0.000242682410861956,0.0005777781365965956,0.5977678874003117,0.19125078131471734,61.613,72.167,31457,90049
highest-temperature-in-shanghai-on-june-9-2026,Highest temperature in Shanghai on June 9?,2026-06-07T04:34:03Z,2026-06-09T12:00:00Z,4,22°C,0x5e9cdf0acfadf1d761629c3e824f608b4c8abda66747f716816cd21a6ef44b02,21885399021320574560651114684216824442350810668622956886293663194490254187234,YES,trade_pressure_30s,flow_clock_sensitive,wall_60s,wall_clock_seconds,60,132789,0.020763429879987385,0.2993160622552026,0.5259679472777653,,-1.911103292130714e-05,0.00032391622016561056,0.0003430272530869177,0.5977678874003117,0.19125078131471734,61.613,72.167,31457,90049
highest-temperature-in-shanghai-on-june-9-2026,Highest temperature in Shanghai on June 9?,2026-06-07T04:34:03Z,2026-06-09T12:00:00Z,4,22°C,0x5e9cdf0acfadf1d761629c3e824f608b4c8abda66747f716816cd21a6ef44b02,21885399021320574560651114684216824442350810668622956886293663194490254187234,YES,depth_imbalance_1,book,wall_300s,wall_clock_seconds,300,131416,0.10919889161100595,0.11004112102407823,0.5562058576579246,0.7999999999999999,-0.000469797253604169,0.0004883685279576897,0.0009581657815618587,0.3837280087660559,0.2633925853777318,302.313,316.742,31457,90049
highest-temperature-in-shanghai-on-june-9-2026,Highest temperature in Shanghai on June 9?,2026-06-07T04:34:03Z,2026-06-09T12:00:00Z,4,22°C,0x5e9cdf0acfadf1d761629c3e824f608b4c8abda66747f716816cd21a6ef44b02,21885399021320574560651114684216824442350810668622956886293663194490254187234,YES,depth_imbalance_3,book,wall_300s,wall_clock_seconds,300,131416,0.12114266822645008,0.14161226249736494,0.5646515533165407,0.7,-0.0006403737431869733,-5.613487593240976e-05,0.0005842388672545636,0.3837280087660559,0.2633925853777318,302.313,316.742,31457,90049
highest-temperature-in-shanghai-on-june-9-2026,Highest temperature in Shanghai on June 9?,2026-06-07T04:34:03Z,2026-06-09T12:00:00Z,4,22°C,0x5e9cdf0acfadf1d761629c3e824f608b4c8abda66747f716816cd21a6ef44b02,21885399021320574560651114684216824442350810668622956886293663194490254187234,YES,depth_imbalance_5,book,wall_300s,wall_clock_seconds,300,131416,0.10590947005617773,0.12128082459223993,0.5936805452659654,0.8999999999999998,-0.0005604927492217751,-1.9598142933252264e-05,0.0005408946062885228,0.3837280087660559,0.2633925853777318,302.313,316.742,31457,90049
highest-temperature-in-shanghai-on-june-9-2026,Highest temperature in Shanghai on June 9?,2026-06-07T04:34:03Z,2026-06-09T12:00:00Z,4,22°C,0x5e9cdf0acfadf1d761629c3e824f608b4c8abda66747f716816cd21a6ef44b02,21885399021320574560651114684216824442350810668622956886293663194490254187234,YES,microprice_minus_mid,book,wall_300s,wall_clock_seconds,300,131416,0.09202083874180986,0.10443230584604224,0.5492912530251395,0.49999999999999994,-0.0008413369811728285,-8.599191841447018e-05,0.0007553450627583583,0.3837280087660559,0.2633925853777318,302.313,316.742,31457,90049
highest-temperature-in-shanghai-on-june-9-2026,Highest temperature in Shanghai on June 9?,2026-06-07T04:34:03Z,2026-06-09T12:00:00Z,4,22°C,0x5e9cdf0acfadf1d761629c3e824f608b4c8abda66747f716816cd21a6ef44b02,21885399021320574560651114684216824442350810668622956886293663194490254187234,YES,ofi_30s,flow_clock_sensitive,wall_300s,wall_clock_seconds,300,131416,0.06825067880686644,0.10986134848074604,0.5521929174692547,0.7999999999999999,-0.0008226935514552028,5.636808007138132e-05,0.0008790616315265841,0.3837280087660559,0.2633925853777318,302.313,316.742,31457,90049
highest-temperature-in-shanghai-on-june-9-2026,Highest temperature in Shanghai on June 9?,2026-06-07T04:34:03Z,2026-06-09T12:00:00Z,4,22°C,0x5e9cdf0acfadf1d761629c3e824f608b4c8abda66747f716816cd21a6ef44b02,21885399021320574560651114684216824442350810668622956886293663194490254187234,YES,trade_pressure_30s,flow_clock_sensitive,wall_300s,wall_clock_seconds,300,131416,0.05856571674690426,0.12264686966566969,0.5758137007951796,,-0.00033257038577824536,0.00237888198757764,0.0027114523733558853,0.3837280087660559,0.2633925853777318,302.313,316.742,31457,90049
highest-temperature-in-shanghai-on-june-9-2026,Highest temperature in Shanghai on June 9?,2026-06-07T04:34:03Z,2026-06-09T12:00:00Z,4,22°C,0x5e9cdf0acfadf1d761629c3e824f608b4c8abda66747f716816cd21a6ef44b02,21885399021320574560651114684216824442350810668622956886293663194490254187234,YES,depth_imbalance_1,book,wall_900s,wall_clock_seconds,900,128976,0.0843864153059428,0.09695046724913432,0.5761504898328805,0.8999999999999998,-0.0016847106802092952,-0.00011044208214019556,0.0015742685980690996,0.24655749906959434,0.31982694454782284,902.406,917.288,31457,90049
highest-temperature-in-shanghai-on-june-9-2026,Highest temperature in Shanghai on June 9?,2026-06-07T04:34:03Z,2026-06-09T12:00:00Z,4,22°C,0x5e9cdf0acfadf1d761629c3e824f608b4c8abda66747f716816cd21a6ef44b02,21885399021320574560651114684216824442350810668622956886293663194490254187234,YES,depth_imbalance_3,book,wall_900s,wall_clock_seconds,900,128976,0.07246922739356403,0.03243883195693333,0.5137379599901211,0.7,-0.002045260663507109,-0.0014320410932351234,0.0006132195702719858,0.24655749906959434,0.31982694454782284,902.406,917.288,31457,90049
highest-temperature-in-shanghai-on-june-9-2026,Highest temperature in Shanghai on June 9?,2026-06-07T04:34:03Z,2026-06-09T12:00:00Z,4,22°C,0x5e9cdf0acfadf1d761629c3e824f608b4c8abda66747f716816cd21a6ef44b02,21885399021320574560651114684216824442350810668622956886293663194490254187234,YES,depth_imbalance_5,book,wall_900s,wall_clock_seconds,900,128976,0.12096278151719071,0.031682510490768916,0.5221865481188771,0.49999999999999994,-0.0024378800201386467,-0.0004659792203734086,0.001971900799765238,0.24655749906959434,0.31982694454782284,902.406,917.288,31457,90049
highest-temperature-in-shanghai-on-june-9-2026,Highest temperature in Shanghai on June 9?,2026-06-07T04:34:03Z,2026-06-09T12:00:00Z,4,22°C,0x5e9cdf0acfadf1d761629c3e824f608b4c8abda66747f716816cd21a6ef44b02,21885399021320574560651114684216824442350810668622956886293663194490254187234,YES,microprice_minus_mid,book,wall_900s,wall_clock_seconds,900,128976,0.041035614890957715,0.049201694261790364,0.5655717461101507,0.3,-0.0020329515989628353,-0.0015384002177632606,0.0004945513811995747,0.24655749906959434,0.31982694454782284,902.406,917.288,31457,90049
highest-temperature-in-shanghai-on-june-9-2026,Highest temperature in Shanghai on June 9?,2026-06-07T04:34:03Z,2026-06-09T12:00:00Z,4,22°C,0x5e9cdf0acfadf1d761629c3e824f608b4c8abda66747f716816cd21a6ef44b02,21885399021320574560651114684216824442350810668622956886293663194490254187234,YES,ofi_30s,flow_clock_sensitive,wall_900s,wall_clock_seconds,900,128976,-0.03450108926373343,-0.031592498502588946,0.5018625998188854,-0.39999999999999997,-0.0017115154093035848,-0.001991969979779126,-0.00028045457047554123,0.24655749906959434,0.31982694454782284,902.406,917.288,31457,90049
highest-temperature-in-shanghai-on-june-9-2026,Highest temperature in Shanghai on June 9?,2026-06-07T04:34:03Z,2026-06-09T12:00:00Z,4,22°C,0x5e9cdf0acfadf1d761629c3e824f608b4c8abda66747f716816cd21a6ef44b02,21885399021320574560651114684216824442350810668622956886293663194490254187234,YES,trade_pressure_30s,flow_clock_sensitive,wall_900s,wall_clock_seconds,900,128976,0.025778116407594913,0.03458434880336657,0.5737013254301474,,-0.0010973258828999948,-0.00022264691829909227,0.0008746789646009025,0.24655749906959434,0.31982694454782284,902.406,917.288,31457,90049
highest-temperature-in-shanghai-on-june-9-2026,Highest temperature in Shanghai on June 9?,2026-06-07T04:34:03Z,2026-06-09T12:00:00Z,4,22°C,0x5e9cdf0acfadf1d761629c3e824f608b4c8abda66747f716816cd21a6ef44b02,21885399021320574560651114684216824442350810668622956886293663194490254187234,YES,depth_imbalance_1,book,valid_obs_10,valid_observation_steps,10,133155,0.09785752710630728,0.07171964249981201,0.5743764845605701,0.9999999999999999,-0.00013044778350900792,0.00016734885467517842,0.00029779663818418634,0.7470616950170853,0.12104690022905636,12.575,51.78320000000001,31457,90049
highest-temperature-in-shanghai-on-june-9-2026,Highest temperature in Shanghai on June 9?,2026-06-07T04:34:03Z,2026-06-09T12:00:00Z,4,22°C,0x5e9cdf0acfadf1d761629c3e824f608b4c8abda66747f716816cd21a6ef44b02,21885399021320574560651114684216824442350810668622956886293663194490254187234,YES,depth_imbalance_3,book,valid_obs_10,valid_observation_steps,10,133155,0.04422964579051335,0.03829937822876619,0.5307007125890736,0.8999999999999998,-8.513651483713728e-05,0.00011091913007549867,0.00019605564491263595,0.7470616950170853,0.12104690022905636,12.575,51.78320000000001,31457,90049
highest-temperature-in-shanghai-on-june-9-2026,Highest temperature in Shanghai on June 9?,2026-06-07T04:34:03Z,2026-06-09T12:00:00Z,4,22°C,0x5e9cdf0acfadf1d761629c3e824f608b4c8abda66747f716816cd21a6ef44b02,21885399021320574560651114684216824442350810668622956886293663194490254187234,YES,depth_imbalance_5,book,valid_obs_10,valid_observation_steps,10,133155,0.021367987923866745,0.013117806570260076,0.5163598574821853,0.3,1.0270634980133407e-05,5.448537418797641e-05,4.4214739207843e-05,0.7470616950170853,0.12104690022905636,12.575,51.78320000000001,31457,90049
highest-temperature-in-shanghai-on-june-9-2026,Highest temperature in Shanghai on June 9?,2026-06-07T04:34:03Z,2026-06-09T12:00:00Z,4,22°C,0x5e9cdf0acfadf1d761629c3e824f608b4c8abda66747f716816cd21a6ef44b02,21885399021320574560651114684216824442350810668622956886293663194490254187234,YES,microprice_minus_mid,book,valid_obs_10,valid_observation_steps,10,133155,0.0834400967793212,0.05829793879116594,0.5735451306413302,0.6,-0.00023512365455919936,1.3889410968687738e-05,0.00024901306552788707,0.7470616950170853,0.12104690022905636,12.575,51.78320000000001,31457,90049
highest-temperature-in-shanghai-on-june-9-2026,Highest temperature in Shanghai on June 9?,2026-06-07T04:34:03Z,2026-06-09T12:00:00Z,4,22°C,0x5e9cdf0acfadf1d761629c3e824f608b4c8abda66747f716816cd21a6ef44b02,21885399021320574560651114684216824442350810668622956886293663194490254187234,YES,ofi_30s,flow_clock_sensitive,valid_obs_10,valid_observation_steps,10,133155,0.05748664220971794,0.1754914371315055,0.5407660332541567,0.39999999999999997,-0.0003287318410910169,-1.0150923159426994e-05,0.0003185809179315899,0.7470616950170853,0.12104690022905636,12.575,51.78320000000001,31457,90049
highest-temperature-in-shanghai-on-june-9-2026,Highest temperature in Shanghai on June 9?,2026-06-07T04:34:03Z,2026-06-09T12:00:00Z,4,22°C,0x5e9cdf0acfadf1d761629c3e824f608b4c8abda66747f716816cd21a6ef44b02,21885399021320574560651114684216824442350810668622956886293663194490254187234,YES,trade_pressure_30s,flow_clock_sensitive,valid_obs_10,valid_observation_steps,10,133155,0.023923254882492542,0.491051252017748,0.528770783847981,,-1.9765454517709173e-05,0.00012326803631151442,0.0001430334908292236,0.7470616950170853,0.12104690022905636,12.575,51.78320000000001,31457,90049
highest-temperature-in-shanghai-on-june-9-2026,Highest temperature in Shanghai on June 9?,2026-06-07T04:34:03Z,2026-06-09T12:00:00Z,4,22°C,0x5e9cdf0acfadf1d761629c3e824f608b4c8abda66747f716816cd21a6ef44b02,21885399021320574560651114684216824442350810668622956886293663194490254187234,YES,depth_imbalance_1,book,valid_obs_50,valid_observation_steps,50,133072,0.10687508799086018,0.10448279030045136,0.5671775309725551,0.7999999999999999,-0.0001716565747177991,0.00041502118323498264,0.0005866777579527818,0.5547823734519659,0.21133671997114345,81.212,245.0906000000002,31457,90049
highest-temperature-in-shanghai-on-june-9-2026,Highest temperature in Shanghai on June 9?,2026-06-07T04:34:03Z,2026-06-09T12:00:00Z,4,22°C,0x5e9cdf0acfadf1d761629c3e824f608b4c8abda66747f716816cd21a6ef44b02,21885399021320574560651114684216824442350810668622956886293663194490254187234,YES,depth_imbalance_3,book,valid_obs_50,valid_observation_steps,50,133072,0.06996266758744134,0.06715850278040346,0.5353272794787833,0.8999999999999998,-0.00023905217965653898,0.00015614549280426872,0.0003951976724608077,0.5547823734519659,0.21133671997114345,81.212,245.0906000000002,31457,90049
highest-temperature-in-shanghai-on-june-9-2026,Highest temperature in Shanghai on June 9?,2026-06-07T04:34:03Z,2026-06-09T12:00:00Z,4,22°C,0x5e9cdf0acfadf1d761629c3e824f608b4c8abda66747f716816cd21a6ef44b02,21885399021320574560651114684216824442350810668622956886293663194490254187234,YES,depth_imbalance_5,book,valid_obs_50,valid_observation_steps,50,133072,0.051851276540776724,0.04346067632983581,0.5349053100631266,0.3,-5.4311478489573574e-05,6.613309284935934e-05,0.00012044457133893291,0.5547823734519659,0.21133671997114345,81.212,245.0906000000002,31457,90049
highest-temperature-in-shanghai-on-june-9-2026,Highest temperature in Shanghai on June 9?,2026-06-07T04:34:03Z,2026-06-09T12:00:00Z,4,22°C,0x5e9cdf0acfadf1d761629c3e824f608b4c8abda66747f716816cd21a6ef44b02,21885399021320574560651114684216824442350810668622956886293663194490254187234,YES,microprice_minus_mid,book,valid_obs_50,valid_observation_steps,50,133072,0.0823091548037024,0.0772127696218257,0.5624683522938257,0.6,-0.0003810252348896648,-9.391797917528097e-05,0.00028710725571438385,0.5547823734519659,0.21133671997114345,81.212,245.0906000000002,31457,90049
highest-temperature-in-shanghai-on-june-9-2026,Highest temperature in Shanghai on June 9?,2026-06-07T04:34:03Z,2026-06-09T12:00:00Z,4,22°C,0x5e9cdf0acfadf1d761629c3e824f608b4c8abda66747f716816cd21a6ef44b02,21885399021320574560651114684216824442350810668622956886293663194490254187234,YES,ofi_30s,flow_clock_sensitive,valid_obs_50,valid_observation_steps,50,133072,0.04150511396600455,0.11537160651556715,0.520558349930797,0.39999999999999997,-0.0005325510695881068,3.3849277805448046e-05,0.0005664003473935548,0.5547823734519659,0.21133671997114345,81.212,245.0906000000002,31457,90049
highest-temperature-in-shanghai-on-june-9-2026,Highest temperature in Shanghai on June 9?,2026-06-07T04:34:03Z,2026-06-09T12:00:00Z,4,22°C,0x5e9cdf0acfadf1d761629c3e824f608b4c8abda66747f716816cd21a6ef44b02,21885399021320574560651114684216824442350810668622956886293663194490254187234,YES,trade_pressure_30s,flow_clock_sensitive,valid_obs_50,valid_observation_steps,50,133072,0.017303288971362216,0.2659768548397129,0.5263140127603552,,-7.692072775025005e-05,-0.00044099378881987616,-0.0003640730610696261,0.5547823734519659,0.21133671997114345,81.212,245.0906000000002,31457,90049
highest-temperature-in-shanghai-on-june-9-2026,Highest temperature in Shanghai on June 9?,2026-06-07T04:34:03Z,2026-06-09T12:00:00Z,4,22°C,0x5e9cdf0acfadf1d761629c3e824f608b4c8abda66747f716816cd21a6ef44b02,21885399021320574560651114684216824442350810668622956886293663194490254187234,YES,depth_imbalance_1,book,valid_obs_200,valid_observation_steps,200,132788,0.1122369683462573,0.09886950574789768,0.5604800186415007,0.7999999999999999,-0.0004261418853255588,0.0007157852927825694,0.0011419271781081281,0.35363135223062325,0.30465855348374854,357.76,938.015,31457,90049
highest-temperature-in-shanghai-on-june-9-2026,Highest temperature in Shanghai on June 9?,2026-06-07T04:34:03Z,2026-06-09T12:00:00Z,4,22°C,0x5e9cdf0acfadf1d761629c3e824f608b4c8abda66747f716816cd21a6ef44b02,21885399021320574560651114684216824442350810668622956886293663194490254187234,YES,depth_imbalance_3,book,valid_obs_200,valid_observation_steps,200,132788,0.08668230127941359,0.07924183755455955,0.5357334265408366,0.7,-0.0007327143619149221,-0.00016375800980022588,0.0005689563521146961,0.35363135223062325,0.30465855348374854,357.76,938.015,31457,90049
highest-temperature-in-shanghai-on-june-9-2026,Highest temperature in Shanghai on June 9?,2026-06-07T04:34:03Z,2026-06-09T12:00:00Z,4,22°C,0x5e9cdf0acfadf1d761629c3e824f608b4c8abda66747f716816cd21a6ef44b02,21885399021320574560651114684216824442350810668622956886293663194490254187234,YES,depth_imbalance_5,book,valid_obs_200,valid_observation_steps,200,132788,0.08601106703358856,0.09021946416220876,0.5464406384713969,0.3,-0.00041412867522493704,0.00020453090279085544,0.0006186595780157925,0.35363135223062325,0.30465855348374854,357.76,938.015,31457,90049
highest-temperature-in-shanghai-on-june-9-2026,Highest temperature in Shanghai on June 9?,2026-06-07T04:34:03Z,2026-06-09T12:00:00Z,4,22°C,0x5e9cdf0acfadf1d761629c3e824f608b4c8abda66747f716816cd21a6ef44b02,21885399021320574560651114684216824442350810668622956886293663194490254187234,YES,microprice_minus_mid,book,valid_obs_200,valid_observation_steps,200,132788,0.07933266513591711,0.0768186037074414,0.5524292205522544,0.6,-0.0007838835091255986,-0.0003411527138219973,0.00044273079530360136,0.35363135223062325,0.30465855348374854,357.76,938.015,31457,90049
highest-temperature-in-shanghai-on-june-9-2026,Highest temperature in Shanghai on June 9?,2026-06-07T04:34:03Z,2026-06-09T12:00:00Z,4,22°C,0x5e9cdf0acfadf1d761629c3e824f608b4c8abda66747f716816cd21a6ef44b02,21885399021320574560651114684216824442350810668622956886293663194490254187234,YES,ofi_30s,flow_clock_sensitive,valid_obs_200,valid_observation_steps,200,132788,0.054453226094633676,0.03079200337251903,0.5257019690085052,1.0,-0.0008199051247572091,0.0001614689092371937,0.000981374033994403,0.35363135223062325,0.30465855348374854,357.76,938.015,31457,90049
highest-temperature-in-shanghai-on-june-9-2026,Highest temperature in Shanghai on June 9?,2026-06-07T04:34:03Z,2026-06-09T12:00:00Z,4,22°C,0x5e9cdf0acfadf1d761629c3e824f608b4c8abda66747f716816cd21a6ef44b02,21885399021320574560651114684216824442350810668622956886293663194490254187234,YES,trade_pressure_30s,flow_clock_sensitive,valid_obs_200,valid_observation_steps,200,132788,0.04991133694716509,-0.0793302926314261,0.5331119655132238,,-0.00025354068633077017,0.0016963688485427623,0.0019499095348735325,0.35363135223062325,0.30465855348374854,357.76,938.015,31457,90049
highest-temperature-in-shanghai-on-june-9-2026,Highest temperature in Shanghai on June 9?,2026-06-07T04:34:03Z,2026-06-09T12:00:00Z,5,23°C,0xc6e48d3b9fb338a583851f46245eeb5d016d1c7db5325bc711b47592d44dea31,88280062208897936928474997251824304255619443393959943341817445415105690345219,YES,depth_imbalance_1,book,wall_60s,wall_clock_seconds,60,274073,0.1424144730371039,0.13286983759330948,0.6005787091053344,0.8999999999999998,-0.001054618246817204,0.00149418880455408,0.002548807051371284,0.609100495123562,0.19395562496123295,60.577,63.899,64988,172368
highest-temperature-in-shanghai-on-june-9-2026,Highest temperature in Shanghai on June 9?,2026-06-07T04:34:03Z,2026-06-09T12:00:00Z,5,23°C,0xc6e48d3b9fb338a583851f46245eeb5d016d1c7db5325bc711b47592d44dea31,88280062208897936928474997251824304255619443393959943341817445415105690345219,YES,depth_imbalance_3,book,wall_60s,wall_clock_seconds,60,274073,0.09772969849213481,0.10018931469574738,0.5547206795164978,0.9999999999999999,-0.0019966341329927953,0.0012709466613121101,0.0032675807943049057,0.609100495123562,0.19395562496123295,60.577,63.899,64988,172368
highest-temperature-in-shanghai-on-june-9-2026,Highest temperature in Shanghai on June 9?,2026-06-07T04:34:03Z,2026-06-09T12:00:00Z,5,23°C,0xc6e48d3b9fb338a583851f46245eeb5d016d1c7db5325bc711b47592d44dea31,88280062208897936928474997251824304255619443393959943341817445415105690345219,YES,depth_imbalance_5,book,wall_60s,wall_clock_seconds,60,274073,0.08567347298015165,0.09440440303945022,0.5528165398795911,0.9999999999999999,-0.0021854510626653297,0.0008869246346669586,0.0030723756973322883,0.609100495123562,0.19395562496123295,60.577,63.899,64988,172368
highest-temperature-in-shanghai-on-june-9-2026,Highest temperature in Shanghai on June 9?,2026-06-07T04:34:03Z,2026-06-09T12:00:00Z,5,23°C,0xc6e48d3b9fb338a583851f46245eeb5d016d1c7db5325bc711b47592d44dea31,88280062208897936928474997251824304255619443393959943341817445415105690345219,YES,microprice_minus_mid,book,wall_60s,wall_clock_seconds,60,274073,0.14046676676045455,0.13702383015924863,0.5966957576888972,0.9999999999999999,-0.0018050140290784547,0.0016094628129333629,0.0034144768420118175,0.609100495123562,0.19395562496123295,60.577,63.899,64988,172368
highest-temperature-in-shanghai-on-june-9-2026,Highest temperature in Shanghai on June 9?,2026-06-07T04:34:03Z,2026-06-09T12:00:00Z,5,23°C,0xc6e48d3b9fb338a583851f46245eeb5d016d1c7db5325bc711b47592d44dea31,88280062208897936928474997251824304255619443393959943341817445415105690345219,YES,ofi_30s,flow_clock_sensitive,wall_60s,wall_clock_seconds,60,274073,0.01994956037429569,-0.023615580393308334,0.5212675596210389,0.39999999999999997,-0.0007411950316449928,-0.000518621476831312,0.00022257355481368078,0.609100495123562,0.19395562496123295,60.577,63.899,64988,172368
highest-temperature-in-shanghai-on-june-9-2026,Highest temperature in Shanghai on June 9?,2026-06-07T04:34:03Z,2026-06-09T12:00:00Z,5,23°C,0xc6e48d3b9fb338a583851f46245eeb5d016d1c7db5325bc711b47592d44dea31,88280062208897936928474997251824304255619443393959943341817445415105690345219,YES,trade_pressure_30s,flow_clock_sensitive,wall_60s,wall_clock_seconds,60,274073,0.07538126431878052,-0.1596917558536891,0.5322163625332524,,-0.0005959271189772267,0.001357563533682936,0.0019534906526601625,0.609100495123562,0.19395562496123295,60.577,63.899,64988,172368
highest-temperature-in-shanghai-on-june-9-2026,Highest temperature in Shanghai on June 9?,2026-06-07T04:34:03Z,2026-06-09T12:00:00Z,5,23°C,0xc6e48d3b9fb338a583851f46245eeb5d016d1c7db5325bc711b47592d44dea31,88280062208897936928474997251824304255619443393959943341817445415105690345219,YES,depth_imbalance_1,book,wall_300s,wall_clock_seconds,300,271506,0.14606347475117382,0.15753920678880434,0.5855679197038962,0.8999999999999998,-0.0016371665300919617,0.0033098942933175645,0.004947060823409526,0.38204312243559996,0.32507937209490767,300.646,304.668,64988,172368
highest-temperature-in-shanghai-on-june-9-2026,Highest temperature in Shanghai on June 9?,2026-06-07T04:34:03Z,2026-06-09T12:00:00Z,5,23°C,0xc6e48d3b9fb338a583851f46245eeb5d016d1c7db5325bc711b47592d44dea31,88280062208897936928474997251824304255619443393959943341817445415105690345219,YES,depth_imbalance_3,book,wall_300s,wall_clock_seconds,300,271506,0.14202018210266118,0.16607733030152616,0.5721514611482963,0.9999999999999999,-0.006260036093105483,0.004910877471523253,0.011170913564628735,0.38204312243559996,0.32507937209490767,300.646,304.668,64988,172368
highest-temperature-in-shanghai-on-june-9-2026,Highest temperature in Shanghai on June 9?,2026-06-07T04:34:03Z,2026-06-09T12:00:00Z,5,23°C,0xc6e48d3b9fb338a583851f46245eeb5d016d1c7db5325bc711b47592d44dea31,88280062208897936928474997251824304255619443393959943341817445415105690345219,YES,depth_imbalance_5,book,wall_300s,wall_clock_seconds,300,271506,0.10955507118393264,0.14878317259009544,0.5636521853152063,0.9999999999999999,-0.007752375515615795,0.0035442486034034564,0.011296624119019251,0.38204312243559996,0.32507937209490767,300.646,304.668,64988,172368
highest-temperature-in-shanghai-on-june-9-2026,Highest temperature in Shanghai on June 9?,2026-06-07T04:34:03Z,2026-06-09T12:00:00Z,5,23°C,0xc6e48d3b9fb338a583851f46245eeb5d016d1c7db5325bc711b47592d44dea31,88280062208897936928474997251824304255619443393959943341817445415105690345219,YES,microprice_minus_mid,book,wall_300s,wall_clock_seconds,300,271506,0.14360264359131436,0.15939862858748033,0.5801023966050578,0.9999999999999999,-0.003543877063343261,0.0020303339517625234,0.005574211015105785,0.38204312243559996,0.32507937209490767,300.646,304.668,64988,172368
highest-temperature-in-shanghai-on-june-9-2026,Highest temperature in Shanghai on June 9?,2026-06-07T04:34:03Z,2026-06-09T12:00:00Z,5,23°C,0xc6e48d3b9fb338a583851f46245eeb5d016d1c7db5325bc711b47592d44dea31,88280062208897936928474997251824304255619443393959943341817445415105690345219,YES,ofi_30s,flow_clock_sensitive,wall_300s,wall_clock_seconds,300,271506,0.029866943372025816,0.010647194649612482,0.5127876551892668,-0.19999999999999998,-0.0015607439688143567,-0.0019229263314158493,-0.0003621823626014926,0.38204312243559996,0.32507937209490767,300.646,304.668,64988,172368
highest-temperature-in-shanghai-on-june-9-2026,Highest temperature in Shanghai on June 9?,2026-06-07T04:34:03Z,2026-06-09T12:00:00Z,5,23°C,0xc6e48d3b9fb338a583851f46245eeb5d016d1c7db5325bc711b47592d44dea31,88280062208897936928474997251824304255619443393959943341817445415105690345219,YES,trade_pressure_30s,flow_clock_sensitive,wall_300s,wall_clock_seconds,300,271506,0.14278723286787912,0.023603130458466626,0.5170253726628482,,-0.0020659068364475577,0.010698442151625133,0.012764348988072691,0.38204312243559996,0.32507937209490767,300.646,304.668,64988,172368
highest-temperature-in-shanghai-on-june-9-2026,Highest temperature in Shanghai on June 9?,2026-06-07T04:34:03Z,2026-06-09T12:00:00Z,5,23°C,0xc6e48d3b9fb338a583851f46245eeb5d016d1c7db5325bc711b47592d44dea31,88280062208897936928474997251824304255619443393959943341817445415105690345219,YES,depth_imbalance_1,book,wall_900s,wall_clock_seconds,900,269326,0.14678833672584304,0.16022673763033646,0.5958954472435708,0.7,-0.004310218237497006,0.005778830622440931,0.010089048859937937,0.2072098497731374,0.4289040048120122,900.671,905.291,64988,172368
highest-temperature-in-shanghai-on-june-9-2026,Highest temperature in Shanghai on June 9?,2026-06-07T04:34:03Z,2026-06-09T12:00:00Z,5,23°C,0xc6e48d3b9fb338a583851f46245eeb5d016d1c7db5325bc711b47592d44dea31,88280062208897936928474997251824304255619443393959943341817445415105690345219,YES,depth_imbalance_3,book,wall_900s,wall_clock_seconds,900,269326,0.04374464608286094,0.0787414704831644,0.5167783663280551,0.9999999999999999,-0.012325186574091266,0.002302801604099366,0.014627988178190632,0.2072098497731374,0.4289040048120122,900.671,905.291,64988,172368
highest-temperature-in-shanghai-on-june-9-2026,Highest temperature in Shanghai on June 9?,2026-06-07T04:34:03Z,2026-06-09T12:00:00Z,5,23°C,0xc6e48d3b9fb338a583851f46245eeb5d016d1c7db5325bc711b47592d44dea31,88280062208897936928474997251824304255619443393959943341817445415105690345219,YES,depth_imbalance_5,book,wall_900s,wall_clock_seconds,900,269326,0.02790450000462551,0.07276194407966934,0.5009343430795385,0.9999999999999999,-0.013652840940730979,0.002563040974776181,0.01621588191550716,0.2072098497731374,0.4289040048120122,900.671,905.291,64988,172368
highest-temperature-in-shanghai-on-june-9-2026,Highest temperature in Shanghai on June 9?,2026-06-07T04:34:03Z,2026-06-09T12:00:00Z,5,23°C,0xc6e48d3b9fb338a583851f46245eeb5d016d1c7db5325bc711b47592d44dea31,88280062208897936928474997251824304255619443393959943341817445415105690345219,YES,microprice_minus_mid,book,wall_900s,wall_clock_seconds,900,269326,0.1247440702764342,0.14832151283486086,0.5923173113399745,0.7999999999999999,-0.005941124079193962,0.0011858251778120294,0.007126949257005992,0.2072098497731374,0.4289040048120122,900.671,905.291,64988,172368
highest-temperature-in-shanghai-on-june-9-2026,Highest temperature in Shanghai on June 9?,2026-06-07T04:34:03Z,2026-06-09T12:00:00Z,5,23°C,0xc6e48d3b9fb338a583851f46245eeb5d016d1c7db5325bc711b47592d44dea31,88280062208897936928474997251824304255619443393959943341817445415105690345219,YES,ofi_30s,flow_clock_sensitive,wall_900s,wall_clock_seconds,900,269326,0.05877839527388522,0.04536838208919036,0.5016228064013039,0.7999999999999999,-0.006057189239332097,0.0011782452101589175,0.0072354344494910145,0.2072098497731374,0.4289040048120122,900.671,905.291,64988,172368
highest-temperature-in-shanghai-on-june-9-2026,Highest temperature in Shanghai on June 9?,2026-06-07T04:34:03Z,2026-06-09T12:00:00Z,5,23°C,0xc6e48d3b9fb338a583851f46245eeb5d016d1c7db5325bc711b47592d44dea31,88280062208897936928474997251824304255619443393959943341817445415105690345219,YES,trade_pressure_30s,flow_clock_sensitive,wall_900s,wall_clock_seconds,900,269326,0.15918705601764774,0.117359129014139,0.5021520333085112,,-0.005418857495867904,0.023067575708892275,0.02848643320476018,0.2072098497731374,0.4289040048120122,900.671,905.291,64988,172368
highest-temperature-in-shanghai-on-june-9-2026,Highest temperature in Shanghai on June 9?,2026-06-07T04:34:03Z,2026-06-09T12:00:00Z,5,23°C,0xc6e48d3b9fb338a583851f46245eeb5d016d1c7db5325bc711b47592d44dea31,88280062208897936928474997251824304255619443393959943341817445415105690345219,YES,depth_imbalance_1,book,valid_obs_10,valid_observation_steps,10,277108,0.11436652548950181,0.08715978286172532,0.6182427628237684,0.9999999999999999,-0.0005952604157277037,0.0005207239720034998,0.0011159843877312035,0.8223616784791489,0.08806313783795487,6.126,21.466,64988,172368
highest-temperature-in-shanghai-on-june-9-2026,Highest temperature in Shanghai on June 9?,2026-06-07T04:34:03Z,2026-06-09T12:00:00Z,5,23°C,0xc6e48d3b9fb338a583851f46245eeb5d016d1c7db5325bc711b47592d44dea31,88280062208897936928474997251824304255619443393959943341817445415105690345219,YES,depth_imbalance_3,book,valid_obs_10,valid_observation_steps,10,277108,0.0466460552016284,0.04857499511408735,0.5485830370746572,0.8999999999999998,-0.00044021543013856825,0.0002139467321087012,0.0006541621622472695,0.8223616784791489,0.08806313783795487,6.126,21.466,64988,172368
highest-temperature-in-shanghai-on-june-9-2026,Highest temperature in Shanghai on June 9?,2026-06-07T04:34:03Z,2026-06-09T12:00:00Z,5,23°C,0xc6e48d3b9fb338a583851f46245eeb5d016d1c7db5325bc711b47592d44dea31,88280062208897936928474997251824304255619443393959943341817445415105690345219,YES,depth_imbalance_5,book,valid_obs_10,valid_observation_steps,10,277108,0.028632821206134106,0.04683110292221575,0.5333116606050755,0.8999999999999998,-0.00034540714143947466,0.0001013785388210246,0.00044678568026049924,0.8223616784791489,0.08806313783795487,6.126,21.466,64988,172368
highest-temperature-in-shanghai-on-june-9-2026,Highest temperature in Shanghai on June 9?,2026-06-07T04:34:03Z,2026-06-09T12:00:00Z,5,23°C,0xc6e48d3b9fb338a583851f46245eeb5d016d1c7db5325bc711b47592d44dea31,88280062208897936928474997251824304255619443393959943341817445415105690345219,YES,microprice_minus_mid,book,valid_obs_10,valid_observation_steps,10,277108,0.12192147406915303,0.09650607193204035,0.617084814626714,0.9999999999999999,-0.0007410344206163273,0.0006562971034232273,0.0013973315240395545,0.8223616784791489,0.08806313783795487,6.126,21.466,64988,172368
highest-temperature-in-shanghai-on-june-9-2026,Highest temperature in Shanghai on June 9?,2026-06-07T04:34:03Z,2026-06-09T12:00:00Z,5,23°C,0xc6e48d3b9fb338a583851f46245eeb5d016d1c7db5325bc711b47592d44dea31,88280062208897936928474997251824304255619443393959943341817445415105690345219,YES,ofi_30s,flow_clock_sensitive,valid_obs_10,valid_observation_steps,10,277108,0.028325823106004573,-0.051089348914025876,0.5232706957846622,1.0,-0.0002486290002525526,0.00023698219476744192,0.0004856111950199945,0.8223616784791489,0.08806313783795487,6.126,21.466,64988,172368
highest-temperature-in-shanghai-on-june-9-2026,Highest temperature in Shanghai on June 9?,2026-06-07T04:34:03Z,2026-06-09T12:00:00Z,5,23°C,0xc6e48d3b9fb338a583851f46245eeb5d016d1c7db5325bc711b47592d44dea31,88280062208897936928474997251824304255619443393959943341817445415105690345219,YES,trade_pressure_30s,flow_clock_sensitive,valid_obs_10,valid_observation_steps,10,277108,0.031927822222050664,-0.41245957522099325,0.5167089893346877,,-4.448153499301411e-05,0.00020739313522962058,0.0002518746702226347,0.8223616784791489,0.08806313783795487,6.126,21.466,64988,172368
highest-temperature-in-shanghai-on-june-9-2026,Highest temperature in Shanghai on June 9?,2026-06-07T04:34:03Z,2026-06-09T12:00:00Z,5,23°C,0xc6e48d3b9fb338a583851f46245eeb5d016d1c7db5325bc711b47592d44dea31,88280062208897936928474997251824304255619443393959943341817445415105690345219,YES,depth_imbalance_1,book,valid_obs_50,valid_observation_steps,50,277044,0.13776357330801248,0.11788332393326707,0.605497212769067,0.8999999999999998,-0.0011541491643981322,0.0011732374599008459,0.002327386624298978,0.6542282092375218,0.17051804045566768,33.318,106.111,64988,172368
highest-temperature-in-shanghai-on-june-9-2026,Highest temperature in Shanghai on June 9?,2026-06-07T04:34:03Z,2026-06-09T12:00:00Z,5,23°C,0xc6e48d3b9fb338a583851f46245eeb5d016d1c7db5325bc711b47592d44dea31,88280062208897936928474997251824304255619443393959943341817445415105690345219,YES,depth_imbalance_3,book,valid_obs_50,valid_observation_steps,50,277044,0.05848434324633541,0.0602820853393107,0.5365784913460133,0.9999999999999999,-0.0010734601432928481,0.0005233985700873834,0.0015968587133802317,0.6542282092375218,0.17051804045566768,33.318,106.111,64988,172368
highest-temperature-in-shanghai-on-june-9-2026,Highest temperature in Shanghai on June 9?,2026-06-07T04:34:03Z,2026-06-09T12:00:00Z,5,23°C,0xc6e48d3b9fb338a583851f46245eeb5d016d1c7db5325bc711b47592d44dea31,88280062208897936928474997251824304255619443393959943341817445415105690345219,YES,depth_imbalance_5,book,valid_obs_50,valid_observation_steps,50,277044,0.052827740474998316,0.07113888903437274,0.5435100319435455,0.9999999999999999,-0.0009791098918948186,0.0002983106827657155,0.001277420574660534,0.6542282092375218,0.17051804045566768,33.318,106.111,64988,172368
highest-temperature-in-shanghai-on-june-9-2026,Highest temperature in Shanghai on June 9?,2026-06-07T04:34:03Z,2026-06-09T12:00:00Z,5,23°C,0xc6e48d3b9fb338a583851f46245eeb5d016d1c7db5325bc711b47592d44dea31,88280062208897936928474997251824304255619443393959943341817445415105690345219,YES,microprice_minus_mid,book,valid_obs_50,valid_observation_steps,50,277044,0.1318674459519552,0.11909323494384219,0.6013424640374136,0.9999999999999999,-0.001305190124346729,0.001338872241895941,0.00264406236624267,0.6542282092375218,0.17051804045566768,33.318,106.111,64988,172368
highest-temperature-in-shanghai-on-june-9-2026,Highest temperature in Shanghai on June 9?,2026-06-07T04:34:03Z,2026-06-09T12:00:00Z,5,23°C,0xc6e48d3b9fb338a583851f46245eeb5d016d1c7db5325bc711b47592d44dea31,88280062208897936928474997251824304255619443393959943341817445415105690345219,YES,ofi_30s,flow_clock_sensitive,valid_obs_50,valid_observation_steps,50,277044,0.02635398684634857,-0.02312456810407542,0.5193331523895025,0.7999999999999999,-0.000509301528301546,0.00014671017944475713,0.0006560117077463032,0.6542282092375218,0.17051804045566768,33.318,106.111,64988,172368
highest-temperature-in-shanghai-on-june-9-2026,Highest temperature in Shanghai on June 9?,2026-06-07T04:34:03Z,2026-06-09T12:00:00Z,5,23°C,0xc6e48d3b9fb338a583851f46245eeb5d016d1c7db5325bc711b47592d44dea31,88280062208897936928474997251824304255619443393959943341817445415105690345219,YES,trade_pressure_30s,flow_clock_sensitive,valid_obs_50,valid_observation_steps,50,277044,0.06370700319546936,-0.21838567318287397,0.526181180449715,,-0.0002507920689874223,0.001122914349276975,0.0013737064182643972,0.6542282092375218,0.17051804045566768,33.318,106.111,64988,172368
highest-temperature-in-shanghai-on-june-9-2026,Highest temperature in Shanghai on June 9?,2026-06-07T04:34:03Z,2026-06-09T12:00:00Z,5,23°C,0xc6e48d3b9fb338a583851f46245eeb5d016d1c7db5325bc711b47592d44dea31,88280062208897936928474997251824304255619443393959943341817445415105690345219,YES,depth_imbalance_1,book,valid_obs_200,valid_observation_steps,200,276728,0.13857423340269392,0.13124453263988287,0.5821401958697041,0.8999999999999998,-0.0011371952320751314,0.0022122247739865854,0.0033494200060617168,0.45685293862565407,0.2730948801711428,138.56650000000002,423.49250000000006,64988,172368
highest-temperature-in-shanghai-on-june-9-2026,Highest temperature in Shanghai on June 9?,2026-06-07T04:34:03Z,2026-06-09T12:00:00Z,5,23°C,0xc6e48d3b9fb338a583851f46245eeb5d016d1c7db5325bc711b47592d44dea31,88280062208897936928474997251824304255619443393959943341817445415105690345219,YES,depth_imbalance_3,book,valid_obs_200,valid_observation_steps,200,276728,0.0947219215239762,0.08540580732512926,0.5546625505641899,0.9999999999999999,-0.002560049506739422,0.0019398807372605713,0.004499930243999993,0.45685293862565407,0.2730948801711428,138.56650000000002,423.49250000000006,64988,172368
highest-temperature-in-shanghai-on-june-9-2026,Highest temperature in Shanghai on June 9?,2026-06-07T04:34:03Z,2026-06-09T12:00:00Z,5,23°C,0xc6e48d3b9fb338a583851f46245eeb5d016d1c7db5325bc711b47592d44dea31,88280062208897936928474997251824304255619443393959943341817445415105690345219,YES,depth_imbalance_5,book,valid_obs_200,valid_observation_steps,200,276728,0.07127209637110332,0.050275569809143085,0.5407108260591867,0.9999999999999999,-0.0025659298986944043,0.001148433264664426,0.00371436316335883,0.45685293862565407,0.2730948801711428,138.56650000000002,423.49250000000006,64988,172368
highest-temperature-in-shanghai-on-june-9-2026,Highest temperature in Shanghai on June 9?,2026-06-07T04:34:03Z,2026-06-09T12:00:00Z,5,23°C,0xc6e48d3b9fb338a583851f46245eeb5d016d1c7db5325bc711b47592d44dea31,88280062208897936928474997251824304255619443393959943341817445415105690345219,YES,microprice_minus_mid,book,valid_obs_200,valid_observation_steps,200,276728,0.1257756245712407,0.11575100523717125,0.5760924526293378,0.8999999999999998,-0.0017335235274999106,0.0019457277762644147,0.003679251303764325,0.45685293862565407,0.2730948801711428,138.56650000000002,423.49250000000006,64988,172368
highest-temperature-in-shanghai-on-june-9-2026,Highest temperature in Shanghai on June 9?,2026-06-07T04:34:03Z,2026-06-09T12:00:00Z,5,23°C,0xc6e48d3b9fb338a583851f46245eeb5d016d1c7db5325bc711b47592d44dea31,88280062208897936928474997251824304255619443393959943341817445415105690345219,YES,ofi_30s,flow_clock_sensitive,valid_obs_200,valid_observation_steps,200,276728,0.019424516098074638,0.03656447347075071,0.513093463913136,0.39999999999999997,-0.00044855317074931825,-0.00043368934335256005,1.48638273967582e-05,0.45685293862565407,0.2730948801711428,138.56650000000002,423.49250000000006,64988,172368
highest-temperature-in-shanghai-on-june-9-2026,Highest temperature in Shanghai on June 9?,2026-06-07T04:34:03Z,2026-06-09T12:00:00Z,5,23°C,0xc6e48d3b9fb338a583851f46245eeb5d016d1c7db5325bc711b47592d44dea31,88280062208897936928474997251824304255619443393959943341817445415105690345219,YES,trade_pressure_30s,flow_clock_sensitive,valid_obs_200,valid_observation_steps,200,276728,0.06488967813070662,0.173058918846071,0.5199063231850117,,-0.0006627271859943709,0.0022513705704751293,0.0029140977564695004,0.45685293862565407,0.2730948801711428,138.56650000000002,423.49250000000006,64988,172368
highest-temperature-in-shanghai-on-june-9-2026,Highest temperature in Shanghai on June 9?,2026-06-07T04:34:03Z,2026-06-09T12:00:00Z,6,24°C,0x09e1e10495f1dbb1948b63ad02a4af9f59a0401dde53ec713e5105d75eefe748,24582299336321328719263949980519370081553878495528020204195731783368989713817,YES,depth_imbalance_1,book,wall_60s,wall_clock_seconds,60,329859,0.11480914286490831,0.1279485508180925,0.5728800730569564,0.8999999999999998,-0.003669735812721909,0.0007614792222645824,0.004431215034986492,0.63151225220473,0.17015148896952942,60.575,64.3532,95517,218452
highest-temperature-in-shanghai-on-june-9-2026,Highest temperature in Shanghai on June 9?,2026-06-07T04:34:03Z,2026-06-09T12:00:00Z,6,24°C,0x09e1e10495f1dbb1948b63ad02a4af9f59a0401dde53ec713e5105d75eefe748,24582299336321328719263949980519370081553878495528020204195731783368989713817,YES,depth_imbalance_3,book,wall_60s,wall_clock_seconds,60,329859,0.12610808271304927,0.1352792504362092,0.5807123053254243,0.9999999999999999,-0.007839255153194905,0.000756780535161702,0.008596035688356606,0.63151225220473,0.17015148896952942,60.575,64.3532,95517,218452
highest-temperature-in-shanghai-on-june-9-2026,Highest temperature in Shanghai on June 9?,2026-06-07T04:34:03Z,2026-06-09T12:00:00Z,6,24°C,0x09e1e10495f1dbb1948b63ad02a4af9f59a0401dde53ec713e5105d75eefe748,24582299336321328719263949980519370081553878495528020204195731783368989713817,YES,depth_imbalance_5,book,wall_60s,wall_clock_seconds,60,329859,0.11805478477361114,0.1337645622516057,0.5643732157401542,0.8999999999999998,-0.009319118783818603,0.0005212140594541916,0.009840332843272796,0.63151225220473,0.17015148896952942,60.575,64.3532,95517,218452
highest-temperature-in-shanghai-on-june-9-2026,Highest temperature in Shanghai on June 9?,2026-06-07T04:34:03Z,2026-06-09T12:00:00Z,6,24°C,0x09e1e10495f1dbb1948b63ad02a4af9f59a0401dde53ec713e5105d75eefe748,24582299336321328719263949980519370081553878495528020204195731783368989713817,YES,microprice_minus_mid,book,wall_60s,wall_clock_seconds,60,329859,0.10838825691636368,0.11744045310607519,0.5715637314992308,0.7,-0.0054612166954623965,-0.001907470984991189,0.0035537457104712076,0.63151225220473,0.17015148896952942,60.575,64.3532,95517,218452
highest-temperature-in-shanghai-on-june-9-2026,Highest temperature in Shanghai on June 9?,2026-06-07T04:34:03Z,2026-06-09T12:00:00Z,6,24°C,0x09e1e10495f1dbb1948b63ad02a4af9f59a0401dde53ec713e5105d75eefe748,24582299336321328719263949980519370081553878495528020204195731783368989713817,YES,ofi_30s,flow_clock_sensitive,wall_60s,wall_clock_seconds,60,329859,-0.008322514235968595,-0.08412168831381081,0.5039695925100165,-0.7999999999999999,-0.0007507806105435474,-0.008157882367212023,-0.007407101756668475,0.63151225220473,0.17015148896952942,60.575,64.3532,95517,218452
highest-temperature-in-shanghai-on-june-9-2026,Highest temperature in Shanghai on June 9?,2026-06-07T04:34:03Z,2026-06-09T12:00:00Z,6,24°C,0x09e1e10495f1dbb1948b63ad02a4af9f59a0401dde53ec713e5105d75eefe748,24582299336321328719263949980519370081553878495528020204195731783368989713817,YES,trade_pressure_30s,flow_clock_sensitive,wall_60s,wall_clock_seconds,60,329859,0.08455617555132669,-0.18438713509013158,0.5532994923857868,,-0.001871237732572647,-0.004009004180512383,-0.002137766447939736,0.63151225220473,0.17015148896952942,60.575,64.3532,95517,218452
highest-temperature-in-shanghai-on-june-9-2026,Highest temperature in Shanghai on June 9?,2026-06-07T04:34:03Z,2026-06-09T12:00:00Z,6,24°C,0x09e1e10495f1dbb1948b63ad02a4af9f59a0401dde53ec713e5105d75eefe748,24582299336321328719263949980519370081553878495528020204195731783368989713817,YES,depth_imbalance_1,book,wall_300s,wall_clock_seconds,300,323593,0.149146926101036,0.15950303111685368,0.5796774703914656,0.8999999999999998,-0.015555129404906184,0.002163691993880673,0.017718821398786857,0.4530907652514115,0.24866421708751427,300.662,305.458,95517,218452
highest-temperature-in-shanghai-on-june-9-2026,Highest temperature in Shanghai on June 9?,2026-06-07T04:34:03Z,2026-06-09T12:00:00Z,6,24°C,0x09e1e10495f1dbb1948b63ad02a4af9f59a0401dde53ec713e5105d75eefe748,24582299336321328719263949980519370081553878495528020204195731783368989713817,YES,depth_imbalance_3,book,wall_300s,wall_clock_seconds,300,323593,0.1636921081647233,0.15939260202383368,0.5739761323569298,0.9999999999999999,-0.026818437345983243,0.003818353188399081,0.030636790534382324,0.4530907652514115,0.24866421708751427,300.662,305.458,95517,218452
highest-temperature-in-shanghai-on-june-9-2026,Highest temperature in Shanghai on June 9?,2026-06-07T04:34:03Z,2026-06-09T12:00:00Z,6,24°C,0x09e1e10495f1dbb1948b63ad02a4af9f59a0401dde53ec713e5105d75eefe748,24582299336321328719263949980519370081553878495528020204195731783368989713817,YES,depth_imbalance_5,book,wall_300s,wall_clock_seconds,300,323593,0.19240119887638024,0.19142200988549968,0.5843617213633487,0.9999999999999999,-0.034190023330912686,0.004731103864995597,0.03892112719590828,0.4530907652514115,0.24866421708751427,300.662,305.458,95517,218452
highest-temperature-in-shanghai-on-june-9-2026,Highest temperature in Shanghai on June 9?,2026-06-07T04:34:03Z,2026-06-09T12:00:00Z,6,24°C,0x09e1e10495f1dbb1948b63ad02a4af9f59a0401dde53ec713e5105d75eefe748,24582299336321328719263949980519370081553878495528020204195731783368989713817,YES,microprice_minus_mid,book,wall_300s,wall_clock_seconds,300,323593,0.13904222070241934,0.14950225461187736,0.5767505198444987,0.8999999999999998,-0.02254926931427955,0.000599900957922593,0.023149170272202143,0.4530907652514115,0.24866421708751427,300.662,305.458,95517,218452
highest-temperature-in-shanghai-on-june-9-2026,Highest temperature in Shanghai on June 9?,2026-06-07T04:34:03Z,2026-06-09T12:00:00Z,6,24°C,0x09e1e10495f1dbb1948b63ad02a4af9f59a0401dde53ec713e5105d75eefe748,24582299336321328719263949980519370081553878495528020204195731783368989713817,YES,ofi_30s,flow_clock_sensitive,wall_300s,wall_clock_seconds,300,323593,0.03808045965337457,-0.017033167567905128,0.5261673899285779,-0.39999999999999997,-0.00478778095311655,-0.0207070643860381,-0.015919283432921552,0.4530907652514115,0.24866421708751427,300.662,305.458,95517,218452
highest-temperature-in-shanghai-on-june-9-2026,Highest temperature in Shanghai on June 9?,2026-06-07T04:34:03Z,2026-06-09T12:00:00Z,6,24°C,0x09e1e10495f1dbb1948b63ad02a4af9f59a0401dde53ec713e5105d75eefe748,24582299336321328719263949980519370081553878495528020204195731783368989713817,YES,trade_pressure_30s,flow_clock_sensitive,wall_300s,wall_clock_seconds,300,323593,0.06868167839825966,-0.07821878402957194,0.5522387216345719,,-0.00421601043971239,-0.01576589047882726,-0.01154988003911487,0.4530907652514115,0.24866421708751427,300.662,305.458,95517,218452
highest-temperature-in-shanghai-on-june-9-2026,Highest temperature in Shanghai on June 9?,2026-06-07T04:34:03Z,2026-06-09T12:00:00Z,6,24°C,0x09e1e10495f1dbb1948b63ad02a4af9f59a0401dde53ec713e5105d75eefe748,24582299336321328719263949980519370081553878495528020204195731783368989713817,YES,depth_imbalance_1,book,wall_900s,wall_clock_seconds,900,313122,0.20255556261674335,0.20207976627568172,0.6112593908373811,0.8999999999999998,-0.026327369261477048,0.004460556992750153,0.030787926254227202,0.30240928456001176,0.3500967673941786,900.73,906.202,95517,218452
highest-temperature-in-shanghai-on-june-9-2026,Highest temperature in Shanghai on June 9?,2026-06-07T04:34:03Z,2026-06-09T12:00:00Z,6,24°C,0x09e1e10495f1dbb1948b63ad02a4af9f59a0401dde53ec713e5105d75eefe748,24582299336321328719263949980519370081553878495528020204195731783368989713817,YES,depth_imbalance_3,book,wall_900s,wall_clock_seconds,900,313122,0.17805051011104758,0.18569176892742226,0.5874715585242022,0.8999999999999998,-0.03702992367387347,0.008745025868676546,0.045774949542550014,0.30240928456001176,0.3500967673941786,900.73,906.202,95517,218452
highest-temperature-in-shanghai-on-june-9-2026,Highest temperature in Shanghai on June 9?,2026-06-07T04:34:03Z,2026-06-09T12:00:00Z,6,24°C,0x09e1e10495f1dbb1948b63ad02a4af9f59a0401dde53ec713e5105d75eefe748,24582299336321328719263949980519370081553878495528020204195731783368989713817,YES,depth_imbalance_5,book,wall_900s,wall_clock_seconds,900,313122,0.20715010826809932,0.2288570277848837,0.6075236573563276,0.9999999999999999,-0.03844160240136674,0.008304230437422117,0.04674583283878885,0.30240928456001176,0.3500967673941786,900.73,906.202,95517,218452
highest-temperature-in-shanghai-on-june-9-2026,Highest temperature in Shanghai on June 9?,2026-06-07T04:34:03Z,2026-06-09T12:00:00Z,6,24°C,0x09e1e10495f1dbb1948b63ad02a4af9f59a0401dde53ec713e5105d75eefe748,24582299336321328719263949980519370081553878495528020204195731783368989713817,YES,microprice_minus_mid,book,wall_900s,wall_clock_seconds,900,313122,0.18949557705583692,0.18907189199000374,0.6129807582257097,0.9999999999999999,-0.028354037218228437,0.00867784708893154,0.03703188430715998,0.30240928456001176,0.3500967673941786,900.73,906.202,95517,218452
highest-temperature-in-shanghai-on-june-9-2026,Highest temperature in Shanghai on June 9?,2026-06-07T04:34:03Z,2026-06-09T12:00:00Z,6,24°C,0x09e1e10495f1dbb1948b63ad02a4af9f59a0401dde53ec713e5105d75eefe748,24582299336321328719263949980519370081553878495528020204195731783368989713817,YES,ofi_30s,flow_clock_sensitive,wall_900s,wall_clock_seconds,900,313122,0.043800107256356136,0.05489113642093,0.5064619948633665,0.39999999999999997,-0.00786168243685277,-0.005759011418989061,0.0021026710178637083,0.30240928456001176,0.3500967673941786,900.73,906.202,95517,218452
highest-temperature-in-shanghai-on-june-9-2026,Highest temperature in Shanghai on June 9?,2026-06-07T04:34:03Z,2026-06-09T12:00:00Z,6,24°C,0x09e1e10495f1dbb1948b63ad02a4af9f59a0401dde53ec713e5105d75eefe748,24582299336321328719263949980519370081553878495528020204195731783368989713817,YES,trade_pressure_30s,flow_clock_sensitive,wall_900s,wall_clock_seconds,900,313122,0.011875881527702201,0.05941283080490441,0.4998741021192047,,-0.0046083745937459016,0.015895450582803266,0.020503825176549167,0.30240928456001176,0.3500967673941786,900.73,906.202,95517,218452
highest-temperature-in-shanghai-on-june-9-2026,Highest temperature in Shanghai on June 9?,2026-06-07T04:34:03Z,2026-06-09T12:00:00Z,6,24°C,0x09e1e10495f1dbb1948b63ad02a4af9f59a0401dde53ec713e5105d75eefe748,24582299336321328719263949980519370081553878495528020204195731783368989713817,YES,depth_imbalance_1,book,valid_obs_10,valid_observation_steps,10,335878,0.09278312887329687,0.052183871104174016,0.5881837927028438,0.9999999999999999,-0.0004502706158741486,0.0005899127711921271,0.0010401833870662758,0.8231709132482627,0.08885666819499938,5.977,24.175,95517,218452
highest-temperature-in-shanghai-on-june-9-2026,Highest temperature in Shanghai on June 9?,2026-06-07T04:34:03Z,2026-06-09T12:00:00Z,6,24°C,0x09e1e10495f1dbb1948b63ad02a4af9f59a0401dde53ec713e5105d75eefe748,24582299336321328719263949980519370081553878495528020204195731783368989713817,YES,depth_imbalance_3,book,valid_obs_10,valid_observation_steps,10,335878,0.05036847830999359,0.013866518713858791,0.5515633155422356,0.9999999999999999,-0.0006440650212867306,0.00029818084377884334,0.0009422458650655739,0.8231709132482627,0.08885666819499938,5.977,24.175,95517,218452
highest-temperature-in-shanghai-on-june-9-2026,Highest temperature in Shanghai on June 9?,2026-06-07T04:34:03Z,2026-06-09T12:00:00Z,6,24°C,0x09e1e10495f1dbb1948b63ad02a4af9f59a0401dde53ec713e5105d75eefe748,24582299336321328719263949980519370081553878495528020204195731783368989713817,YES,depth_imbalance_5,book,valid_obs_10,valid_observation_steps,10,335878,0.03341015815985113,-0.010193327150614885,0.5296415402488509,0.9999999999999999,-0.0005744395820309011,0.0002235978520286396,0.0007980374340595406,0.8231709132482627,0.08885666819499938,5.977,24.175,95517,218452
highest-temperature-in-shanghai-on-june-9-2026,Highest temperature in Shanghai on June 9?,2026-06-07T04:34:03Z,2026-06-09T12:00:00Z,6,24°C,0x09e1e10495f1dbb1948b63ad02a4af9f59a0401dde53ec713e5105d75eefe748,24582299336321328719263949980519370081553878495528020204195731783368989713817,YES,microprice_minus_mid,book,valid_obs_10,valid_observation_steps,10,335878,0.1009569469530158,0.06029379318253663,0.5873419426531746,0.9999999999999999,-0.0005253682974326952,0.000635313482192067,0.001160681779624762,0.8231709132482627,0.08885666819499938,5.977,24.175,95517,218452
highest-temperature-in-shanghai-on-june-9-2026,Highest temperature in Shanghai on June 9?,2026-06-07T04:34:03Z,2026-06-09T12:00:00Z,6,24°C,0x09e1e10495f1dbb1948b63ad02a4af9f59a0401dde53ec713e5105d75eefe748,24582299336321328719263949980519370081553878495528020204195731783368989713817,YES,ofi_30s,flow_clock_sensitive,valid_obs_10,valid_observation_steps,10,335878,0.04734743052188959,0.13792995572812863,0.5403667098816359,1.0,-0.00024767543924899936,9.978556750156322e-05,0.0003474610067505626,0.8231709132482627,0.08885666819499938,5.977,24.175,95517,218452
highest-temperature-in-shanghai-on-june-9-2026,Highest temperature in Shanghai on June 9?,2026-06-07T04:34:03Z,2026-06-09T12:00:00Z,6,24°C,0x09e1e10495f1dbb1948b63ad02a4af9f59a0401dde53ec713e5105d75eefe748,24582299336321328719263949980519370081553878495528020204195731783368989713817,YES,trade_pressure_30s,flow_clock_sensitive,valid_obs_10,valid_observation_steps,10,335878,0.03189600309174646,0.42554325453414005,0.5183102385803041,,-0.00010552250344526231,0.0004719297331109252,0.0005774522365561875,0.8231709132482627,0.08885666819499938,5.977,24.175,95517,218452
highest-temperature-in-shanghai-on-june-9-2026,Highest temperature in Shanghai on June 9?,2026-06-07T04:34:03Z,2026-06-09T12:00:00Z,6,24°C,0x09e1e10495f1dbb1948b63ad02a4af9f59a0401dde53ec713e5105d75eefe748,24582299336321328719263949980519370081553878495528020204195731783368989713817,YES,depth_imbalance_1,book,valid_obs_50,valid_observation_steps,50,335825,0.11525887355155548,0.11372263681769391,0.581554571083367,0.9999999999999999,-0.0011018972849198554,0.001050726906732275,0.0021526241916521305,0.6746757984069084,0.15970222586168392,32.811,129.78540000000015,95517,218452
highest-temperature-in-shanghai-on-june-9-2026,Highest temperature in Shanghai on June 9?,2026-06-07T04:34:03Z,2026-06-09T12:00:00Z,6,24°C,0x09e1e10495f1dbb1948b63ad02a4af9f59a0401dde53ec713e5105d75eefe748,24582299336321328719263949980519370081553878495528020204195731783368989713817,YES,depth_imbalance_3,book,valid_obs_50,valid_observation_steps,50,335825,0.0843399954777583,0.08679145680850094,0.5699026104785267,0.9999999999999999,-0.0016780131602453401,0.0007946339502404607,0.0024726471104858008,0.6746757984069084,0.15970222586168392,32.811,129.78540000000015,95517,218452
highest-temperature-in-shanghai-on-june-9-2026,Highest temperature in Shanghai on June 9?,2026-06-07T04:34:03Z,2026-06-09T12:00:00Z,6,24°C,0x09e1e10495f1dbb1948b63ad02a4af9f59a0401dde53ec713e5105d75eefe748,24582299336321328719263949980519370081553878495528020204195731783368989713817,YES,depth_imbalance_5,book,valid_obs_50,valid_observation_steps,50,335825,0.06742754881149919,0.09191196476886836,0.5468000585801633,0.9999999999999999,-0.0018630232835109871,0.0006317869928400959,0.002494810276351083,0.6746757984069084,0.15970222586168392,32.811,129.78540000000015,95517,218452
highest-temperature-in-shanghai-on-june-9-2026,Highest temperature in Shanghai on June 9?,2026-06-07T04:34:03Z,2026-06-09T12:00:00Z,6,24°C,0x09e1e10495f1dbb1948b63ad02a4af9f59a0401dde53ec713e5105d75eefe748,24582299336321328719263949980519370081553878495528020204195731783368989713817,YES,microprice_minus_mid,book,valid_obs_50,valid_observation_steps,50,335825,0.1128043585924413,0.10829703207044751,0.5795042653681397,0.9999999999999999,-0.0015391859548975003,0.0006325354147736593,0.0021717213696711597,0.6746757984069084,0.15970222586168392,32.811,129.78540000000015,95517,218452
highest-temperature-in-shanghai-on-june-9-2026,Highest temperature in Shanghai on June 9?,2026-06-07T04:34:03Z,2026-06-09T12:00:00Z,6,24°C,0x09e1e10495f1dbb1948b63ad02a4af9f59a0401dde53ec713e5105d75eefe748,24582299336321328719263949980519370081553878495528020204195731783368989713817,YES,ofi_30s,flow_clock_sensitive,valid_obs_50,valid_observation_steps,50,335825,0.018205465076605604,-0.06514184108623275,0.5187181928019624,0.39999999999999997,-0.000333209305094584,-0.0002196780150716346,0.00011353129002294939,0.6746757984069084,0.15970222586168392,32.811,129.78540000000015,95517,218452
highest-temperature-in-shanghai-on-june-9-2026,Highest temperature in Shanghai on June 9?,2026-06-07T04:34:03Z,2026-06-09T12:00:00Z,6,24°C,0x09e1e10495f1dbb1948b63ad02a4af9f59a0401dde53ec713e5105d75eefe748,24582299336321328719263949980519370081553878495528020204195731783368989713817,YES,trade_pressure_30s,flow_clock_sensitive,valid_obs_50,valid_observation_steps,50,335825,0.0718233035035051,-0.2360053266310013,0.5232764617581371,,-0.00022843897289701392,0.00042101284958427794,0.0006494518224812918,0.6746757984069084,0.15970222586168392,32.811,129.78540000000015,95517,218452
highest-temperature-in-shanghai-on-june-9-2026,Highest temperature in Shanghai on June 9?,2026-06-07T04:34:03Z,2026-06-09T12:00:00Z,6,24°C,0x09e1e10495f1dbb1948b63ad02a4af9f59a0401dde53ec713e5105d75eefe748,24582299336321328719263949980519370081553878495528020204195731783368989713817,YES,depth_imbalance_1,book,valid_obs_200,valid_observation_steps,200,335584,0.14988490879224903,0.14999756397692257,0.5878099711358812,0.9999999999999999,-0.004537938322319461,0.0022414225005591604,0.006779360822878621,0.4848413511967197,0.2448984456946696,138.077,562.086,95517,218452
highest-temperature-in-shanghai-on-june-9-2026,Highest temperature in Shanghai on June 9?,2026-06-07T04:34:03Z,2026-06-09T12:00:00Z,6,24°C,0x09e1e10495f1dbb1948b63ad02a4af9f59a0401dde53ec713e5105d75eefe748,24582299336321328719263949980519370081553878495528020204195731783368989713817,YES,depth_imbalance_3,book,valid_obs_200,valid_observation_steps,200,335584,0.12660116012324754,0.11633024221503165,0.5718045569444524,0.9999999999999999,-0.006511313700078949,0.0025593143316894394,0.009070628031768389,0.4848413511967197,0.2448984456946696,138.077,562.086,95517,218452
highest-temperature-in-shanghai-on-june-9-2026,Highest temperature in Shanghai on June 9?,2026-06-07T04:34:03Z,2026-06-09T12:00:00Z,6,24°C,0x09e1e10495f1dbb1948b63ad02a4af9f59a0401dde53ec713e5105d75eefe748,24582299336321328719263949980519370081553878495528020204195731783368989713817,YES,depth_imbalance_5,book,valid_obs_200,valid_observation_steps,200,335584,0.12821432436308772,0.126248298803102,0.564475731581048,0.9999999999999999,-0.008193594767346574,0.0016032219570405733,0.009796816724387147,0.4848413511967197,0.2448984456946696,138.077,562.086,95517,218452
highest-temperature-in-shanghai-on-june-9-2026,Highest temperature in Shanghai on June 9?,2026-06-07T04:34:03Z,2026-06-09T12:00:00Z,6,24°C,0x09e1e10495f1dbb1948b63ad02a4af9f59a0401dde53ec713e5105d75eefe748,24582299336321328719263949980519370081553878495528020204195731783368989713817,YES,microprice_minus_mid,book,valid_obs_200,valid_observation_steps,200,335584,0.13727582231408453,0.1364358549904304,0.5839055061632703,0.8999999999999998,-0.0056658044567334115,0.0009807477387533722,0.006646552195486784,0.4848413511967197,0.2448984456946696,138.077,562.086,95517,218452
highest-temperature-in-shanghai-on-june-9-2026,Highest temperature in Shanghai on June 9?,2026-06-07T04:34:03Z,2026-06-09T12:00:00Z,6,24°C,0x09e1e10495f1dbb1948b63ad02a4af9f59a0401dde53ec713e5105d75eefe748,24582299336321328719263949980519370081553878495528020204195731783368989713817,YES,ofi_30s,flow_clock_sensitive,valid_obs_200,valid_observation_steps,200,335584,0.002805491661914297,-0.03985782929955134,0.5044251370924825,-0.19999999999999998,-0.0011053047118235039,-0.003480646555578741,-0.002375341843755237,0.4848413511967197,0.2448984456946696,138.077,562.086,95517,218452
highest-temperature-in-shanghai-on-june-9-2026,Highest temperature in Shanghai on June 9?,2026-06-07T04:34:03Z,2026-06-09T12:00:00Z,6,24°C,0x09e1e10495f1dbb1948b63ad02a4af9f59a0401dde53ec713e5105d75eefe748,24582299336321328719263949980519370081553878495528020204195731783368989713817,YES,trade_pressure_30s,flow_clock_sensitive,valid_obs_200,valid_observation_steps,200,335584,0.09070531340435876,-0.07452343414262783,0.5378559570566697,,-0.001393015877288311,0.002340579143534807,0.003733595020823118,0.4848413511967197,0.2448984456946696,138.077,562.086,95517,218452
highest-temperature-in-shanghai-on-june-9-2026,Highest temperature in Shanghai on June 9?,2026-06-07T04:34:03Z,2026-06-09T12:00:00Z,7,25°C,0x715ee73ffee65801adb9f51098cf61a14fb4262ae2b20eeb1d68528bdde59c41,93683348120137447419301462197228170067558545967622008841151707439369216600718,YES,depth_imbalance_1,book,wall_60s,wall_clock_seconds,60,324860,0.08780017278575872,0.11319106276536316,0.5628346647138259,0.3,0.0013866538367546444,0.002809204956515045,0.0014225511197604008,0.5418241704118697,0.2660007387797821,60.488,64.967,89057,177530
highest-temperature-in-shanghai-on-june-9-2026,Highest temperature in Shanghai on June 9?,2026-06-07T04:34:03Z,2026-06-09T12:00:00Z,7,25°C,0x715ee73ffee65801adb9f51098cf61a14fb4262ae2b20eeb1d68528bdde59c41,93683348120137447419301462197228170067558545967622008841151707439369216600718,YES,depth_imbalance_3,book,wall_60s,wall_clock_seconds,60,324860,0.07175170988393238,0.13034865241140894,0.556673810659554,0.0,0.002295181001046606,0.0027774784067989694,0.0004822974057523636,0.5418241704118697,0.2660007387797821,60.488,64.967,89057,177530
highest-temperature-in-shanghai-on-june-9-2026,Highest temperature in Shanghai on June 9?,2026-06-07T04:34:03Z,2026-06-09T12:00:00Z,7,25°C,0x715ee73ffee65801adb9f51098cf61a14fb4262ae2b20eeb1d68528bdde59c41,93683348120137447419301462197228170067558545967622008841151707439369216600718,YES,depth_imbalance_5,book,wall_60s,wall_clock_seconds,60,324860,0.04333309280983795,0.09647552804308533,0.5468782542679199,0.09999999999999999,0.0023579255998645585,0.0024103583815028888,5.2432781638330275e-05,0.5418241704118697,0.2660007387797821,60.488,64.967,89057,177530
highest-temperature-in-shanghai-on-june-9-2026,Highest temperature in Shanghai on June 9?,2026-06-07T04:34:03Z,2026-06-09T12:00:00Z,7,25°C,0x715ee73ffee65801adb9f51098cf61a14fb4262ae2b20eeb1d68528bdde59c41,93683348120137447419301462197228170067558545967622008841151707439369216600718,YES,microprice_minus_mid,book,wall_60s,wall_clock_seconds,60,324860,0.10389784091543577,0.11992757906509792,0.5674771403425085,0.39999999999999997,0.005159161466818309,0.008062927212266766,0.0029037657454484573,0.5418241704118697,0.2660007387797821,60.488,64.967,89057,177530
highest-temperature-in-shanghai-on-june-9-2026,Highest temperature in Shanghai on June 9?,2026-06-07T04:34:03Z,2026-06-09T12:00:00Z,7,25°C,0x715ee73ffee65801adb9f51098cf61a14fb4262ae2b20eeb1d68528bdde59c41,93683348120137447419301462197228170067558545967622008841151707439369216600718,YES,ofi_30s,flow_clock_sensitive,wall_60s,wall_clock_seconds,60,324860,0.10209331056547001,0.11827484591613963,0.5385271729271783,0.3,0.004912423667847084,0.014162950930730266,0.009250527262883182,0.5418241704118697,0.2660007387797821,60.488,64.967,89057,177530
highest-temperature-in-shanghai-on-june-9-2026,Highest temperature in Shanghai on June 9?,2026-06-07T04:34:03Z,2026-06-09T12:00:00Z,7,25°C,0x715ee73ffee65801adb9f51098cf61a14fb4262ae2b20eeb1d68528bdde59c41,93683348120137447419301462197228170067558545967622008841151707439369216600718,YES,trade_pressure_30s,flow_clock_sensitive,wall_60s,wall_clock_seconds,60,324860,0.09356277932032807,-0.06694788188507114,0.5085291212888748,,0.0017369055890412897,0.02145657382087457,0.01971966823183328,0.5418241704118697,0.2660007387797821,60.488,64.967,89057,177530
highest-temperature-in-shanghai-on-june-9-2026,Highest temperature in Shanghai on June 9?,2026-06-07T04:34:03Z,2026-06-09T12:00:00Z,7,25°C,0x715ee73ffee65801adb9f51098cf61a14fb4262ae2b20eeb1d68528bdde59c41,93683348120137447419301462197228170067558545967622008841151707439369216600718,YES,depth_imbalance_1,book,wall_300s,wall_clock_seconds,300,324797,0.12431868867919503,0.15922858340558113,0.5747229765292767,0.39999999999999997,0.005733342549073819,0.008329111308880553,0.002595768759806734,0.33899327887880737,0.37839943102922746,300.582,306.073,89057,177530
highest-temperature-in-shanghai-on-june-9-2026,Highest temperature in Shanghai on June 9?,2026-06-07T04:34:03Z,2026-06-09T12:00:00Z,7,25°C,0x715ee73ffee65801adb9f51098cf61a14fb4262ae2b20eeb1d68528bdde59c41,93683348120137447419301462197228170067558545967622008841151707439369216600718,YES,depth_imbalance_3,book,wall_300s,wall_clock_seconds,300,324797,0.17450388291800548,0.24479246045716072,0.6062377441276614,0.3,0.0039058815380352834,0.013907296798029552,0.010001415259994269,0.33899327887880737,0.37839943102922746,300.582,306.073,89057,177530
highest-temperature-in-shanghai-on-june-9-2026,Highest temperature in Shanghai on June 9?,2026-06-07T04:34:03Z,2026-06-09T12:00:00Z,7,25°C,0x715ee73ffee65801adb9f51098cf61a14fb4262ae2b20eeb1d68528bdde59c41,93683348120137447419301462197228170067558545967622008841151707439369216600718,YES,depth_imbalance_5,book,wall_300s,wall_clock_seconds,300,324797,0.11872453550687558,0.20213743452478208,0.5885032628896952,0.6,0.005620534133764335,0.013455152186965958,0.007834618053201623,0.33899327887880737,0.37839943102922746,300.582,306.073,89057,177530
highest-temperature-in-shanghai-on-june-9-2026,Highest temperature in Shanghai on June 9?,2026-06-07T04:34:03Z,2026-06-09T12:00:00Z,7,25°C,0x715ee73ffee65801adb9f51098cf61a14fb4262ae2b20eeb1d68528bdde59c41,93683348120137447419301462197228170067558545967622008841151707439369216600718,YES,microprice_minus_mid,book,wall_300s,wall_clock_seconds,300,324797,0.13727021504709624,0.16102768313014548,0.5778390539048781,0.39999999999999997,0.013234824281150161,0.025997633218206487,0.012762808937056325,0.33899327887880737,0.37839943102922746,300.582,306.073,89057,177530
highest-temperature-in-shanghai-on-june-9-2026,Highest temperature in Shanghai on June 9?,2026-06-07T04:34:03Z,2026-06-09T12:00:00Z,7,25°C,0x715ee73ffee65801adb9f51098cf61a14fb4262ae2b20eeb1d68528bdde59c41,93683348120137447419301462197228170067558545967622008841151707439369216600718,YES,ofi_30s,flow_clock_sensitive,wall_300s,wall_clock_seconds,300,324797,0.14404852492161893,0.14231423742722799,0.5445729483495038,0.3,0.013629912198448555,0.0520196754626351,0.03838976326418654,0.33899327887880737,0.37839943102922746,300.582,306.073,89057,177530
highest-temperature-in-shanghai-on-june-9-2026,Highest temperature in Shanghai on June 9?,2026-06-07T04:34:03Z,2026-06-09T12:00:00Z,7,25°C,0x715ee73ffee65801adb9f51098cf61a14fb4262ae2b20eeb1d68528bdde59c41,93683348120137447419301462197228170067558545967622008841151707439369216600718,YES,trade_pressure_30s,flow_clock_sensitive,wall_300s,wall_clock_seconds,300,324797,0.07053480324084199,0.026328681753235234,0.49833017378302974,,0.007831426374498603,0.054993401432429256,0.047161975057930655,0.33899327887880737,0.37839943102922746,300.582,306.073,89057,177530
highest-temperature-in-shanghai-on-june-9-2026,Highest temperature in Shanghai on June 9?,2026-06-07T04:34:03Z,2026-06-09T12:00:00Z,7,25°C,0x715ee73ffee65801adb9f51098cf61a14fb4262ae2b20eeb1d68528bdde59c41,93683348120137447419301462197228170067558545967622008841151707439369216600718,YES,depth_imbalance_1,book,wall_900s,wall_clock_seconds,900,325288,0.11288863341487407,0.18890450755160737,0.5956444713304239,0.7,0.014104572253270286,0.03016010193166803,0.016055529678397743,0.21739197265192692,0.4742628071124665,900.62,906.7702999999999,89057,177530
highest-temperature-in-shanghai-on-june-9-2026,Highest temperature in Shanghai on June 9?,2026-06-07T04:34:03Z,2026-06-09T12:00:00Z,7,25°C,0x715ee73ffee65801adb9f51098cf61a14fb4262ae2b20eeb1d68528bdde59c41,93683348120137447419301462197228170067558545967622008841151707439369216600718,YES,depth_imbalance_3,book,wall_900s,wall_clock_seconds,900,325288,0.14702797102158238,0.23558708522274094,0.5906085877135439,0.49999999999999994,0.012179910851521675,0.04105914317336366,0.02887923232184199,0.21739197265192692,0.4742628071124665,900.62,906.7702999999999,89057,177530
highest-temperature-in-shanghai-on-june-9-2026,Highest temperature in Shanghai on June 9?,2026-06-07T04:34:03Z,2026-06-09T12:00:00Z,7,25°C,0x715ee73ffee65801adb9f51098cf61a14fb4262ae2b20eeb1d68528bdde59c41,93683348120137447419301462197228170067558545967622008841151707439369216600718,YES,depth_imbalance_5,book,wall_900s,wall_clock_seconds,900,325288,0.1620806013149114,0.2603481160941803,0.6102768164730745,0.6,0.005894024577572963,0.03969031120555581,0.03379628662798284,0.21739197265192692,0.4742628071124665,900.62,906.7702999999999,89057,177530
highest-temperature-in-shanghai-on-june-9-2026,Highest temperature in Shanghai on June 9?,2026-06-07T04:34:03Z,2026-06-09T12:00:00Z,7,25°C,0x715ee73ffee65801adb9f51098cf61a14fb4262ae2b20eeb1d68528bdde59c41,93683348120137447419301462197228170067558545967622008841151707439369216600718,YES,microprice_minus_mid,book,wall_900s,wall_clock_seconds,900,325288,0.1286046224738406,0.16609878695744998,0.5820413005306926,0.7,0.02933061619231832,0.06998508105447722,0.0406544648621589,0.21739197265192692,0.4742628071124665,900.62,906.7702999999999,89057,177530
highest-temperature-in-shanghai-on-june-9-2026,Highest temperature in Shanghai on June 9?,2026-06-07T04:34:03Z,2026-06-09T12:00:00Z,7,25°C,0x715ee73ffee65801adb9f51098cf61a14fb4262ae2b20eeb1d68528bdde59c41,93683348120137447419301462197228170067558545967622008841151707439369216600718,YES,ofi_30s,flow_clock_sensitive,wall_900s,wall_clock_seconds,900,325288,0.10259156796095445,0.09084574712096034,0.5235433451308662,0.3,0.0619940865803298,0.07610303235956443,0.014108945779234633,0.21739197265192692,0.4742628071124665,900.62,906.7702999999999,89057,177530
highest-temperature-in-shanghai-on-june-9-2026,Highest temperature in Shanghai on June 9?,2026-06-07T04:34:03Z,2026-06-09T12:00:00Z,7,25°C,0x715ee73ffee65801adb9f51098cf61a14fb4262ae2b20eeb1d68528bdde59c41,93683348120137447419301462197228170067558545967622008841151707439369216600718,YES,trade_pressure_30s,flow_clock_sensitive,wall_900s,wall_clock_seconds,900,325288,0.019504502397136275,0.009231317323107198,0.44831541443908035,,0.024437341644669187,0.10517042150303776,0.08073307985836858,0.21739197265192692,0.4742628071124665,900.62,906.7702999999999,89057,177530
highest-temperature-in-shanghai-on-june-9-2026,Highest temperature in Shanghai on June 9?,2026-06-07T04:34:03Z,2026-06-09T12:00:00Z,7,25°C,0x715ee73ffee65801adb9f51098cf61a14fb4262ae2b20eeb1d68528bdde59c41,93683348120137447419301462197228170067558545967622008841151707439369216600718,YES,depth_imbalance_1,book,valid_obs_10,valid_observation_steps,10,329106,0.07239153658689292,0.08213828899088504,0.58995508723441,0.8999999999999998,-0.0005980504847320734,0.0007093262377947317,0.0013073767225268052,0.7889190716668794,0.11719020619496454,4.85,27.3545,89057,177530
highest-temperature-in-shanghai-on-june-9-2026,Highest temperature in Shanghai on June 9?,2026-06-07T04:34:03Z,2026-06-09T12:00:00Z,7,25°C,0x715ee73ffee65801adb9f51098cf61a14fb4262ae2b20eeb1d68528bdde59c41,93683348120137447419301462197228170067558545967622008841151707439369216600718,YES,depth_imbalance_3,book,valid_obs_10,valid_observation_steps,10,329106,0.03777496134178725,0.08442941279065184,0.5695284159613059,0.7,-0.0003378507653061223,0.00029126781535843415,0.0006291185806645565,0.7889190716668794,0.11719020619496454,4.85,27.3545,89057,177530
highest-temperature-in-shanghai-on-june-9-2026,Highest temperature in Shanghai on June 9?,2026-06-07T04:34:03Z,2026-06-09T12:00:00Z,7,25°C,0x715ee73ffee65801adb9f51098cf61a14fb4262ae2b20eeb1d68528bdde59c41,93683348120137447419301462197228170067558545967622008841151707439369216600718,YES,depth_imbalance_5,book,valid_obs_10,valid_observation_steps,10,329106,0.009342290862621177,0.055656464079797116,0.5417890251626648,0.6,-0.00017118615744538614,0.0002548568040860998,0.00042604296153148595,0.7889190716668794,0.11719020619496454,4.85,27.3545,89057,177530
highest-temperature-in-shanghai-on-june-9-2026,Highest temperature in Shanghai on June 9?,2026-06-07T04:34:03Z,2026-06-09T12:00:00Z,7,25°C,0x715ee73ffee65801adb9f51098cf61a14fb4262ae2b20eeb1d68528bdde59c41,93683348120137447419301462197228170067558545967622008841151707439369216600718,YES,microprice_minus_mid,book,valid_obs_10,valid_observation_steps,10,329106,0.08791478145796852,0.07424246913350588,0.5808429780618414,0.7,-0.00023911659491905656,0.0011523436906480287,0.0013914602855670853,0.7889190716668794,0.11719020619496454,4.85,27.3545,89057,177530
highest-temperature-in-shanghai-on-june-9-2026,Highest temperature in Shanghai on June 9?,2026-06-07T04:34:03Z,2026-06-09T12:00:00Z,7,25°C,0x715ee73ffee65801adb9f51098cf61a14fb4262ae2b20eeb1d68528bdde59c41,93683348120137447419301462197228170067558545967622008841151707439369216600718,YES,ofi_30s,flow_clock_sensitive,valid_obs_10,valid_observation_steps,10,329106,0.07547242314529755,0.10745077971685252,0.5467265503541199,0.7,4.678362573099419e-05,0.0007225159525979947,0.0006757323268670005,0.7889190716668794,0.11719020619496454,4.85,27.3545,89057,177530
highest-temperature-in-shanghai-on-june-9-2026,Highest temperature in Shanghai on June 9?,2026-06-07T04:34:03Z,2026-06-09T12:00:00Z,7,25°C,0x715ee73ffee65801adb9f51098cf61a14fb4262ae2b20eeb1d68528bdde59c41,93683348120137447419301462197228170067558545967622008841151707439369216600718,YES,trade_pressure_30s,flow_clock_sensitive,valid_obs_10,valid_observation_steps,10,329106,0.022252881771292855,-0.28651805974022815,0.4828554154430817,,-3.1948590730073215e-05,0.0013124914207275223,0.0013444400114575954,0.7889190716668794,0.11719020619496454,4.85,27.3545,89057,177530
highest-temperature-in-shanghai-on-june-9-2026,Highest temperature in Shanghai on June 9?,2026-06-07T04:34:03Z,2026-06-09T12:00:00Z,7,25°C,0x715ee73ffee65801adb9f51098cf61a14fb4262ae2b20eeb1d68528bdde59c41,93683348120137447419301462197228170067558545967622008841151707439369216600718,YES,depth_imbalance_1,book,valid_obs_50,valid_observation_steps,50,329045,0.10902403308935066,0.12550081104019511,0.5895965316439495,0.9999999999999999,-0.0012301765115504551,0.0018831276882986406,0.0031133041998490955,0.6200641249677096,0.20861888191584738,26.953,145.7952000000006,89057,177530
highest-temperature-in-shanghai-on-june-9-2026,Highest temperature in Shanghai on June 9?,2026-06-07T04:34:03Z,2026-06-09T12:00:00Z,7,25°C,0x715ee73ffee65801adb9f51098cf61a14fb4262ae2b20eeb1d68528bdde59c41,93683348120137447419301462197228170067558545967622008841151707439369216600718,YES,depth_imbalance_3,book,valid_obs_50,valid_observation_steps,50,329045,0.07172895228908703,0.1267850713120429,0.5740225251167851,0.8999999999999998,-1.8903189533346403e-05,0.0013662762397322781,0.0013851794292656246,0.6200641249677096,0.20861888191584738,26.953,145.7952000000006,89057,177530
highest-temperature-in-shanghai-on-june-9-2026,Highest temperature in Shanghai on June 9?,2026-06-07T04:34:03Z,2026-06-09T12:00:00Z,7,25°C,0x715ee73ffee65801adb9f51098cf61a14fb4262ae2b20eeb1d68528bdde59c41,93683348120137447419301462197228170067558545967622008841151707439369216600718,YES,depth_imbalance_5,book,valid_obs_50,valid_observation_steps,50,329045,0.03288192792689882,0.07869237161325336,0.5425305560888206,0.3,0.00021216817857197103,0.0008416028213547364,0.0006294346427827654,0.6200641249677096,0.20861888191584738,26.953,145.7952000000006,89057,177530
highest-temperature-in-shanghai-on-june-9-2026,Highest temperature in Shanghai on June 9?,2026-06-07T04:34:03Z,2026-06-09T12:00:00Z,7,25°C,0x715ee73ffee65801adb9f51098cf61a14fb4262ae2b20eeb1d68528bdde59c41,93683348120137447419301462197228170067558545967622008841151707439369216600718,YES,microprice_minus_mid,book,valid_obs_50,valid_observation_steps,50,329045,0.1208483930490859,0.1223650654354865,0.5851570998912139,0.8999999999999998,-0.00017859849633177714,0.0031019818833971677,0.003280580379728945,0.6200641249677096,0.20861888191584738,26.953,145.7952000000006,89057,177530
highest-temperature-in-shanghai-on-june-9-2026,Highest temperature in Shanghai on June 9?,2026-06-07T04:34:03Z,2026-06-09T12:00:00Z,7,25°C,0x715ee73ffee65801adb9f51098cf61a14fb4262ae2b20eeb1d68528bdde59c41,93683348120137447419301462197228170067558545967622008841151707439369216600718,YES,ofi_30s,flow_clock_sensitive,valid_obs_50,valid_observation_steps,50,329045,0.08229690881563116,0.10099902255511284,0.5387390414027005,0.39999999999999997,0.0006984367259316343,0.0025593850222674834,0.001860948296335849,0.6200641249677096,0.20861888191584738,26.953,145.7952000000006,89057,177530
highest-temperature-in-shanghai-on-june-9-2026,Highest temperature in Shanghai on June 9?,2026-06-07T04:34:03Z,2026-06-09T12:00:00Z,7,25°C,0x715ee73ffee65801adb9f51098cf61a14fb4262ae2b20eeb1d68528bdde59c41,93683348120137447419301462197228170067558545967622008841151707439369216600718,YES,trade_pressure_30s,flow_clock_sensitive,valid_obs_50,valid_observation_steps,50,329045,0.06669291088264924,-0.1319537272661199,0.5052393293658411,,0.00016800252334974686,0.004331583161747882,0.004163580638398136,0.6200641249677096,0.20861888191584738,26.953,145.7952000000006,89057,177530
highest-temperature-in-shanghai-on-june-9-2026,Highest temperature in Shanghai on June 9?,2026-06-07T04:34:03Z,2026-06-09T12:00:00Z,7,25°C,0x715ee73ffee65801adb9f51098cf61a14fb4262ae2b20eeb1d68528bdde59c41,93683348120137447419301462197228170067558545967622008841151707439369216600718,YES,depth_imbalance_1,book,valid_obs_200,valid_observation_steps,200,328832,0.124258987221788,0.14813006752121013,0.5780421236932901,0.6,-0.0013730259961127296,0.00407585319142256,0.00544887918753529,0.4094552841572596,0.3239192049435578,115.704,619.2308000000007,89057,177530
highest-temperature-in-shanghai-on-june-9-2026,Highest temperature in Shanghai on June 9?,2026-06-07T04:34:03Z,2026-06-09T12:00:00Z,7,25°C,0x715ee73ffee65801adb9f51098cf61a14fb4262ae2b20eeb1d68528bdde59c41,93683348120137447419301462197228170067558545967622008841151707439369216600718,YES,depth_imbalance_3,book,valid_obs_200,valid_observation_steps,200,328832,0.11187482171228365,0.17045186266350262,0.5729646222771513,0.9999999999999999,-0.00013280976781668494,0.0046679723151810135,0.004800782082997698,0.4094552841572596,0.3239192049435578,115.704,619.2308000000007,89057,177530
highest-temperature-in-shanghai-on-june-9-2026,Highest temperature in Shanghai on June 9?,2026-06-07T04:34:03Z,2026-06-09T12:00:00Z,7,25°C,0x715ee73ffee65801adb9f51098cf61a14fb4262ae2b20eeb1d68528bdde59c41,93683348120137447419301462197228170067558545967622008841151707439369216600718,YES,depth_imbalance_5,book,valid_obs_200,valid_observation_steps,200,328832,0.06841024287359773,0.11800976414964455,0.5508728564807662,0.7,0.00019817388395572242,0.0033197122696027727,0.0031215383856470504,0.4094552841572596,0.3239192049435578,115.704,619.2308000000007,89057,177530
highest-temperature-in-shanghai-on-june-9-2026,Highest temperature in Shanghai on June 9?,2026-06-07T04:34:03Z,2026-06-09T12:00:00Z,7,25°C,0x715ee73ffee65801adb9f51098cf61a14fb4262ae2b20eeb1d68528bdde59c41,93683348120137447419301462197228170067558545967622008841151707439369216600718,YES,microprice_minus_mid,book,valid_obs_200,valid_observation_steps,200,328832,0.13401848087893653,0.1452882748664177,0.5714042947628611,0.7,0.0019222700539622886,0.007722828159560674,0.005800558105598385,0.4094552841572596,0.3239192049435578,115.704,619.2308000000007,89057,177530
highest-temperature-in-shanghai-on-june-9-2026,Highest temperature in Shanghai on June 9?,2026-06-07T04:34:03Z,2026-06-09T12:00:00Z,7,25°C,0x715ee73ffee65801adb9f51098cf61a14fb4262ae2b20eeb1d68528bdde59c41,93683348120137447419301462197228170067558545967622008841151707439369216600718,YES,ofi_30s,flow_clock_sensitive,valid_obs_200,valid_observation_steps,200,328832,0.1114660061336476,0.11527292570958822,0.5423605746948864,0.39999999999999997,0.0029952846423900326,0.009957279708051393,0.00696199506566136,0.4094552841572596,0.3239192049435578,115.704,619.2308000000007,89057,177530
highest-temperature-in-shanghai-on-june-9-2026,Highest temperature in Shanghai on June 9?,2026-06-07T04:34:03Z,2026-06-09T12:00:00Z,7,25°C,0x715ee73ffee65801adb9f51098cf61a14fb4262ae2b20eeb1d68528bdde59c41,93683348120137447419301462197228170067558545967622008841151707439369216600718,YES,trade_pressure_30s,flow_clock_sensitive,valid_obs_200,valid_observation_steps,200,328832,0.08594962745177687,0.006875415642257948,0.5155517791853339,,0.0008349629650412438,0.01568912486268766,0.014854161897646417,0.4094552841572596,0.3239192049435578,115.704,619.2308000000007,89057,177530
highest-temperature-in-shanghai-on-june-9-2026,Highest temperature in Shanghai on June 9?,2026-06-07T04:34:03Z,2026-06-09T12:00:00Z,8,26°C,0x2488923e3cccb1742f4a230dfe8d79f6add52e0807b81809f1cd1e33028d03c1,84036100857155819931728194506958678774155362425129625655151905448772883585970,YES,depth_imbalance_1,book,wall_60s,wall_clock_seconds,60,329506,0.13209775194012688,0.1453602322234611,0.594405248174279,0.7,-0.0008075394115951265,0.0011859786747905562,0.0019935180863856826,0.6322221750135051,0.17010312407057837,60.549,64.701,79714,172674
highest-temperature-in-shanghai-on-june-9-2026,Highest temperature in Shanghai on June 9?,2026-06-07T04:34:03Z,2026-06-09T12:00:00Z,8,26°C,0x2488923e3cccb1742f4a230dfe8d79f6add52e0807b81809f1cd1e33028d03c1,84036100857155819931728194506958678774155362425129625655151905448772883585970,YES,depth_imbalance_3,book,wall_60s,wall_clock_seconds,60,329506,0.12157215787363389,0.140259409867531,0.5639652426495465,0.8999999999999998,-0.001175935058038085,0.0015550226889863568,0.002730957747024442,0.6322221750135051,0.17010312407057837,60.549,64.701,79714,172674
highest-temperature-in-shanghai-on-june-9-2026,Highest temperature in Shanghai on June 9?,2026-06-07T04:34:03Z,2026-06-09T12:00:00Z,8,26°C,0x2488923e3cccb1742f4a230dfe8d79f6add52e0807b81809f1cd1e33028d03c1,84036100857155819931728194506958678774155362425129625655151905448772883585970,YES,depth_imbalance_5,book,wall_60s,wall_clock_seconds,60,329506,0.11733513887764492,0.1332391532164995,0.5713165820852416,0.9999999999999999,-0.0011796701963044994,0.0010165180952380955,0.0021961882915425947,0.6322221750135051,0.17010312407057837,60.549,64.701,79714,172674
highest-temperature-in-shanghai-on-june-9-2026,Highest temperature in Shanghai on June 9?,2026-06-07T04:34:03Z,2026-06-09T12:00:00Z,8,26°C,0x2488923e3cccb1742f4a230dfe8d79f6add52e0807b81809f1cd1e33028d03c1,84036100857155819931728194506958678774155362425129625655151905448772883585970,YES,microprice_minus_mid,book,wall_60s,wall_clock_seconds,60,329506,0.1043881733593283,0.11227996671043922,0.56704212567562,0.9999999999999999,-0.0013295930444282593,0.00030103467136649586,0.001630627715794755,0.6322221750135051,0.17010312407057837,60.549,64.701,79714,172674
highest-temperature-in-shanghai-on-june-9-2026,Highest temperature in Shanghai on June 9?,2026-06-07T04:34:03Z,2026-06-09T12:00:00Z,8,26°C,0x2488923e3cccb1742f4a230dfe8d79f6add52e0807b81809f1cd1e33028d03c1,84036100857155819931728194506958678774155362425129625655151905448772883585970,YES,ofi_30s,flow_clock_sensitive,wall_60s,wall_clock_seconds,60,329506,-0.029740528919770044,-0.08818143544953323,0.48954078475058793,-0.19999999999999998,-0.00018494917311485332,-0.0009993083109104454,-0.0008143591377955921,0.6322221750135051,0.17010312407057837,60.549,64.701,79714,172674
highest-temperature-in-shanghai-on-june-9-2026,Highest temperature in Shanghai on June 9?,2026-06-07T04:34:03Z,2026-06-09T12:00:00Z,8,26°C,0x2488923e3cccb1742f4a230dfe8d79f6add52e0807b81809f1cd1e33028d03c1,84036100857155819931728194506958678774155362425129625655151905448772883585970,YES,trade_pressure_30s,flow_clock_sensitive,wall_60s,wall_clock_seconds,60,329506,0.07199577980739555,-0.15444205652922569,0.5218632669059702,,-0.0003519826941218567,0.0012478276611151337,0.0015998103552369906,0.6322221750135051,0.17010312407057837,60.549,64.701,79714,172674
highest-temperature-in-shanghai-on-june-9-2026,Highest temperature in Shanghai on June 9?,2026-06-07T04:34:03Z,2026-06-09T12:00:00Z,8,26°C,0x2488923e3cccb1742f4a230dfe8d79f6add52e0807b81809f1cd1e33028d03c1,84036100857155819931728194506958678774155362425129625655151905448772883585970,YES,depth_imbalance_1,book,wall_300s,wall_clock_seconds,300,328525,0.13398433520782488,0.14860769281463085,0.5761863040401475,0.3,-0.001242003956177724,0.002942724151087372,0.0041847281072650965,0.4128635568069401,0.2698485655581767,300.647,306.431,79714,172674
highest-temperature-in-shanghai-on-june-9-2026,Highest temperature in Shanghai on June 9?,2026-06-07T04:34:03Z,2026-06-09T12:00:00Z,8,26°C,0x2488923e3cccb1742f4a230dfe8d79f6add52e0807b81809f1cd1e33028d03c1,84036100857155819931728194506958678774155362425129625655151905448772883585970,YES,depth_imbalance_3,book,wall_300s,wall_clock_seconds,300,328525,0.16897972977280992,0.17529703539948305,0.5710538185173857,0.8999999999999998,-0.0031974172830487326,0.0030638595850268693,0.006261276868075602,0.4128635568069401,0.2698485655581767,300.647,306.431,79714,172674
highest-temperature-in-shanghai-on-june-9-2026,Highest temperature in Shanghai on June 9?,2026-06-07T04:34:03Z,2026-06-09T12:00:00Z,8,26°C,0x2488923e3cccb1742f4a230dfe8d79f6add52e0807b81809f1cd1e33028d03c1,84036100857155819931728194506958678774155362425129625655151905448772883585970,YES,depth_imbalance_5,book,wall_300s,wall_clock_seconds,300,328525,0.16628122645684335,0.1536340032219393,0.572723172394486,0.8999999999999998,-0.004132638307586942,0.002021824188539067,0.0061544624961260095,0.4128635568069401,0.2698485655581767,300.647,306.431,79714,172674
highest-temperature-in-shanghai-on-june-9-2026,Highest temperature in Shanghai on June 9?,2026-06-07T04:34:03Z,2026-06-09T12:00:00Z,8,26°C,0x2488923e3cccb1742f4a230dfe8d79f6add52e0807b81809f1cd1e33028d03c1,84036100857155819931728194506958678774155362425129625655151905448772883585970,YES,microprice_minus_mid,book,wall_300s,wall_clock_seconds,300,328525,0.09228803191850303,0.09790057926528876,0.5471125880687857,0.7,-0.0033885391002828726,-0.0013304218702406324,0.0020581172300422404,0.4128635568069401,0.2698485655581767,300.647,306.431,79714,172674
highest-temperature-in-shanghai-on-june-9-2026,Highest temperature in Shanghai on June 9?,2026-06-07T04:34:03Z,2026-06-09T12:00:00Z,8,26°C,0x2488923e3cccb1742f4a230dfe8d79f6add52e0807b81809f1cd1e33028d03c1,84036100857155819931728194506958678774155362425129625655151905448772883585970,YES,ofi_30s,flow_clock_sensitive,wall_300s,wall_clock_seconds,300,328525,-0.07647151111602583,-0.04347804607144885,0.48460513559612006,-1.0,0.000499779320001218,-0.006192212241169305,-0.006691991561170523,0.4128635568069401,0.2698485655581767,300.647,306.431,79714,172674
highest-temperature-in-shanghai-on-june-9-2026,Highest temperature in Shanghai on June 9?,2026-06-07T04:34:03Z,2026-06-09T12:00:00Z,8,26°C,0x2488923e3cccb1742f4a230dfe8d79f6add52e0807b81809f1cd1e33028d03c1,84036100857155819931728194506958678774155362425129625655151905448772883585970,YES,trade_pressure_30s,flow_clock_sensitive,wall_300s,wall_clock_seconds,300,328525,0.03487292191107373,-0.07342478791782937,0.4845118176775244,,-0.001019306976014229,-0.007816554217930061,-0.006797247241915832,0.4128635568069401,0.2698485655581767,300.647,306.431,79714,172674
highest-temperature-in-shanghai-on-june-9-2026,Highest temperature in Shanghai on June 9?,2026-06-07T04:34:03Z,2026-06-09T12:00:00Z,8,26°C,0x2488923e3cccb1742f4a230dfe8d79f6add52e0807b81809f1cd1e33028d03c1,84036100857155819931728194506958678774155362425129625655151905448772883585970,YES,depth_imbalance_1,book,wall_900s,wall_clock_seconds,900,328811,0.12497665336198639,0.10797145516297722,0.5538813671729671,0.3,-0.0021991530578110274,0.0034045970877487237,0.005603750145559751,0.24794486802448823,0.3053851604721253,900.722,906.812,79714,172674
highest-temperature-in-shanghai-on-june-9-2026,Highest temperature in Shanghai on June 9?,2026-06-07T04:34:03Z,2026-06-09T12:00:00Z,8,26°C,0x2488923e3cccb1742f4a230dfe8d79f6add52e0807b81809f1cd1e33028d03c1,84036100857155819931728194506958678774155362425129625655151905448772883585970,YES,depth_imbalance_3,book,wall_900s,wall_clock_seconds,900,328811,0.17277168939732285,0.12548817020065375,0.5421094773620614,0.7,-0.003944762889419348,0.0031864991864231514,0.0071312620758425,0.24794486802448823,0.3053851604721253,900.722,906.812,79714,172674
highest-temperature-in-shanghai-on-june-9-2026,Highest temperature in Shanghai on June 9?,2026-06-07T04:34:03Z,2026-06-09T12:00:00Z,8,26°C,0x2488923e3cccb1742f4a230dfe8d79f6add52e0807b81809f1cd1e33028d03c1,84036100857155819931728194506958678774155362425129625655151905448772883585970,YES,depth_imbalance_5,book,wall_900s,wall_clock_seconds,900,328811,0.15876266201052128,0.09443846009422739,0.5247352181139523,0.8999999999999998,-0.005970211665957057,0.002007694647201947,0.007977906313159004,0.24794486802448823,0.3053851604721253,900.722,906.812,79714,172674
highest-temperature-in-shanghai-on-june-9-2026,Highest temperature in Shanghai on June 9?,2026-06-07T04:34:03Z,2026-06-09T12:00:00Z,8,26°C,0x2488923e3cccb1742f4a230dfe8d79f6add52e0807b81809f1cd1e33028d03c1,84036100857155819931728194506958678774155362425129625655151905448772883585970,YES,microprice_minus_mid,book,wall_900s,wall_clock_seconds,900,328811,0.10160604983363604,0.08637181069470702,0.5288292004335097,0.3,-0.006566220588458676,-0.004528625112203136,0.00203759547625554,0.24794486802448823,0.3053851604721253,900.722,906.812,79714,172674
highest-temperature-in-shanghai-on-june-9-2026,Highest temperature in Shanghai on June 9?,2026-06-07T04:34:03Z,2026-06-09T12:00:00Z,8,26°C,0x2488923e3cccb1742f4a230dfe8d79f6add52e0807b81809f1cd1e33028d03c1,84036100857155819931728194506958678774155362425129625655151905448772883585970,YES,ofi_30s,flow_clock_sensitive,wall_900s,wall_clock_seconds,900,328811,-0.10804918932802873,-0.07114002833788165,0.5011929603209265,-0.39999999999999997,-0.0006886507031546936,-0.011055635849142717,-0.010366985145988024,0.24794486802448823,0.3053851604721253,900.722,906.812,79714,172674
highest-temperature-in-shanghai-on-june-9-2026,Highest temperature in Shanghai on June 9?,2026-06-07T04:34:03Z,2026-06-09T12:00:00Z,8,26°C,0x2488923e3cccb1742f4a230dfe8d79f6add52e0807b81809f1cd1e33028d03c1,84036100857155819931728194506958678774155362425129625655151905448772883585970,YES,trade_pressure_30s,flow_clock_sensitive,wall_900s,wall_clock_seconds,900,328811,0.004322279773869461,0.03398774591974729,0.5107406868216302,,-0.0019343533347708753,-0.015083315004618835,-0.013148961669847959,0.24794486802448823,0.3053851604721253,900.722,906.812,79714,172674
highest-temperature-in-shanghai-on-june-9-2026,Highest temperature in Shanghai on June 9?,2026-06-07T04:34:03Z,2026-06-09T12:00:00Z,8,26°C,0x2488923e3cccb1742f4a230dfe8d79f6add52e0807b81809f1cd1e33028d03c1,84036100857155819931728194506958678774155362425129625655151905448772883585970,YES,depth_imbalance_1,book,valid_obs_10,valid_observation_steps,10,330626,0.05662923610863282,0.0567267632238799,0.5609306441502895,0.9999999999999999,-0.0002403017567199831,0.00024957156073221405,0.0004898733174521972,0.8359415170010828,0.07559296607042398,5.469,20.566499999999998,79714,172674
highest-temperature-in-shanghai-on-june-9-2026,Highest temperature in Shanghai on June 9?,2026-06-07T04:34:03Z,2026-06-09T12:00:00Z,8,26°C,0x2488923e3cccb1742f4a230dfe8d79f6add52e0807b81809f1cd1e33028d03c1,84036100857155819931728194506958678774155362425129625655151905448772883585970,YES,depth_imbalance_3,book,valid_obs_10,valid_observation_steps,10,330626,0.02364454612173119,0.04632806875634414,0.5167582316286272,0.9999999999999999,-0.00013394882497051088,0.00015642580606133936,0.00029037463103185024,0.8359415170010828,0.07559296607042398,5.469,20.566499999999998,79714,172674
highest-temperature-in-shanghai-on-june-9-2026,Highest temperature in Shanghai on June 9?,2026-06-07T04:34:03Z,2026-06-09T12:00:00Z,8,26°C,0x2488923e3cccb1742f4a230dfe8d79f6add52e0807b81809f1cd1e33028d03c1,84036100857155819931728194506958678774155362425129625655151905448772883585970,YES,depth_imbalance_5,book,valid_obs_10,valid_observation_steps,10,330626,0.01575112389125825,0.037505401273887295,0.511577744183474,0.8999999999999998,-8.487798977956513e-05,7.240294602483256e-05,0.0001572809358043977,0.8359415170010828,0.07559296607042398,5.469,20.566499999999998,79714,172674
highest-temperature-in-shanghai-on-june-9-2026,Highest temperature in Shanghai on June 9?,2026-06-07T04:34:03Z,2026-06-09T12:00:00Z,8,26°C,0x2488923e3cccb1742f4a230dfe8d79f6add52e0807b81809f1cd1e33028d03c1,84036100857155819931728194506958678774155362425129625655151905448772883585970,YES,microprice_minus_mid,book,valid_obs_10,valid_observation_steps,10,330626,0.04815044624228897,0.043109590114768295,0.551860182146676,0.8999999999999998,-0.00034156776778290125,0.00015425128826917247,0.0004958190560520738,0.8359415170010828,0.07559296607042398,5.469,20.566499999999998,79714,172674
highest-temperature-in-shanghai-on-june-9-2026,Highest temperature in Shanghai on June 9?,2026-06-07T04:34:03Z,2026-06-09T12:00:00Z,8,26°C,0x2488923e3cccb1742f4a230dfe8d79f6add52e0807b81809f1cd1e33028d03c1,84036100857155819931728194506958678774155362425129625655151905448772883585970,YES,ofi_30s,flow_clock_sensitive,valid_obs_10,valid_observation_steps,10,330626,0.009983874296694947,-0.07211962393924559,0.5186386932635227,1.0,-7.203887884267625e-05,5.539592281168708e-05,0.00012743480165436333,0.8359415170010828,0.07559296607042398,5.469,20.566499999999998,79714,172674
highest-temperature-in-shanghai-on-june-9-2026,Highest temperature in Shanghai on June 9?,2026-06-07T04:34:03Z,2026-06-09T12:00:00Z,8,26°C,0x2488923e3cccb1742f4a230dfe8d79f6add52e0807b81809f1cd1e33028d03c1,84036100857155819931728194506958678774155362425129625655151905448772883585970,YES,trade_pressure_30s,flow_clock_sensitive,valid_obs_10,valid_observation_steps,10,330626,0.020466376399717837,-0.23679139417428513,0.5103609748903064,,-4.507247647721773e-05,0.0002883253420138125,0.0003333978184910302,0.8359415170010828,0.07559296607042398,5.469,20.566499999999998,79714,172674
highest-temperature-in-shanghai-on-june-9-2026,Highest temperature in Shanghai on June 9?,2026-06-07T04:34:03Z,2026-06-09T12:00:00Z,8,26°C,0x2488923e3cccb1742f4a230dfe8d79f6add52e0807b81809f1cd1e33028d03c1,84036100857155819931728194506958678774155362425129625655151905448772883585970,YES,depth_imbalance_1,book,valid_obs_50,valid_observation_steps,50,330583,0.08183543785046282,0.10104553193957101,0.5650453580389886,0.9999999999999999,-0.0005807395644283122,0.0007813609736850093,0.0013621005381133215,0.6865537550327754,0.14859808278102624,30.852,110.49539999999996,79714,172674
highest-temperature-in-shanghai-on-june-9-2026,Highest temperature in Shanghai on June 9?,2026-06-07T04:34:03Z,2026-06-09T12:00:00Z,8,26°C,0x2488923e3cccb1742f4a230dfe8d79f6add52e0807b81809f1cd1e33028d03c1,84036100857155819931728194506958678774155362425129625655151905448772883585970,YES,depth_imbalance_3,book,valid_obs_50,valid_observation_steps,50,330583,0.04683432079698983,0.08281315737710096,0.5295502798687513,0.8999999999999998,-0.00027613091547059086,0.0005492965204236007,0.0008254274358941915,0.6865537550327754,0.14859808278102624,30.852,110.49539999999996,79714,172674
highest-temperature-in-shanghai-on-june-9-2026,Highest temperature in Shanghai on June 9?,2026-06-07T04:34:03Z,2026-06-09T12:00:00Z,8,26°C,0x2488923e3cccb1742f4a230dfe8d79f6add52e0807b81809f1cd1e33028d03c1,84036100857155819931728194506958678774155362425129625655151905448772883585970,YES,depth_imbalance_5,book,valid_obs_50,valid_observation_steps,50,330583,0.04092190440303519,0.0699592211169739,0.5349642926076047,0.8999999999999998,-0.0002414804511505547,0.0002883265775304012,0.0005298070286809559,0.6865537550327754,0.14859808278102624,30.852,110.49539999999996,79714,172674
highest-temperature-in-shanghai-on-june-9-2026,Highest temperature in Shanghai on June 9?,2026-06-07T04:34:03Z,2026-06-09T12:00:00Z,8,26°C,0x2488923e3cccb1742f4a230dfe8d79f6add52e0807b81809f1cd1e33028d03c1,84036100857155819931728194506958678774155362425129625655151905448772883585970,YES,microprice_minus_mid,book,valid_obs_50,valid_observation_steps,50,330583,0.06840798238426186,0.0801820908749142,0.5537348002316155,0.8999999999999998,-0.0008446216645249074,0.00035374355865413755,0.001198365223179045,0.6865537550327754,0.14859808278102624,30.852,110.49539999999996,79714,172674
highest-temperature-in-shanghai-on-june-9-2026,Highest temperature in Shanghai on June 9?,2026-06-07T04:34:03Z,2026-06-09T12:00:00Z,8,26°C,0x2488923e3cccb1742f4a230dfe8d79f6add52e0807b81809f1cd1e33028d03c1,84036100857155819931728194506958678774155362425129625655151905448772883585970,YES,ofi_30s,flow_clock_sensitive,valid_obs_50,valid_observation_steps,50,330583,0.019295329253741042,-0.049213630739707005,0.5211349160393747,0.7999999999999999,-0.0003183708838821489,0.00023438256292352368,0.0005527534468056726,0.6865537550327754,0.14859808278102624,30.852,110.49539999999996,79714,172674
highest-temperature-in-shanghai-on-june-9-2026,Highest temperature in Shanghai on June 9?,2026-06-07T04:34:03Z,2026-06-09T12:00:00Z,8,26°C,0x2488923e3cccb1742f4a230dfe8d79f6add52e0807b81809f1cd1e33028d03c1,84036100857155819931728194506958678774155362425129625655151905448772883585970,YES,trade_pressure_30s,flow_clock_sensitive,valid_obs_50,valid_observation_steps,50,330583,0.05106013529568924,-0.1683366726774334,0.5210673615132214,,-8.414162741594932e-05,0.0002719394712532442,0.0003560810986691935,0.6865537550327754,0.14859808278102624,30.852,110.49539999999996,79714,172674
highest-temperature-in-shanghai-on-june-9-2026,Highest temperature in Shanghai on June 9?,2026-06-07T04:34:03Z,2026-06-09T12:00:00Z,8,26°C,0x2488923e3cccb1742f4a230dfe8d79f6add52e0807b81809f1cd1e33028d03c1,84036100857155819931728194506958678774155362425129625655151905448772883585970,YES,depth_imbalance_1,book,valid_obs_200,valid_observation_steps,200,330358,0.15096115619677805,0.17312004063957367,0.5972499087094206,0.8999999999999998,-0.0010234691716584981,0.002089859751176354,0.003113328922834852,0.49433947414622925,0.23480285024125344,130.709,480.5964999999996,79714,172674
highest-temperature-in-shanghai-on-june-9-2026,Highest temperature in Shanghai on June 9?,2026-06-07T04:34:03Z,2026-06-09T12:00:00Z,8,26°C,0x2488923e3cccb1742f4a230dfe8d79f6add52e0807b81809f1cd1e33028d03c1,84036100857155819931728194506958678774155362425129625655151905448772883585970,YES,depth_imbalance_3,book,valid_obs_200,valid_observation_steps,200,330358,0.12447089996711998,0.15784421874917945,0.5591533023244677,0.9999999999999999,-0.0012932991328823715,0.002048152584259442,0.0033414517171418134,0.49433947414622925,0.23480285024125344,130.709,480.5964999999996,79714,172674
highest-temperature-in-shanghai-on-june-9-2026,Highest temperature in Shanghai on June 9?,2026-06-07T04:34:03Z,2026-06-09T12:00:00Z,8,26°C,0x2488923e3cccb1742f4a230dfe8d79f6add52e0807b81809f1cd1e33028d03c1,84036100857155819931728194506958678774155362425129625655151905448772883585970,YES,depth_imbalance_5,book,valid_obs_200,valid_observation_steps,200,330358,0.12038767001495886,0.1388149902927729,0.5662936954088016,0.9999999999999999,-0.0012434469398874023,0.0013793064284091773,0.0026227533682965797,0.49433947414622925,0.23480285024125344,130.709,480.5964999999996,79714,172674
highest-temperature-in-shanghai-on-june-9-2026,Highest temperature in Shanghai on June 9?,2026-06-07T04:34:03Z,2026-06-09T12:00:00Z,8,26°C,0x2488923e3cccb1742f4a230dfe8d79f6add52e0807b81809f1cd1e33028d03c1,84036100857155819931728194506958678774155362425129625655151905448772883585970,YES,microprice_minus_mid,book,valid_obs_200,valid_observation_steps,200,330358,0.12493909122371917,0.1379693986462455,0.5757232907709714,0.9999999999999999,-0.002037010708451812,0.0006018566232191573,0.0026388673316709694,0.49433947414622925,0.23480285024125344,130.709,480.5964999999996,79714,172674
highest-temperature-in-shanghai-on-june-9-2026,Highest temperature in Shanghai on June 9?,2026-06-07T04:34:03Z,2026-06-09T12:00:00Z,8,26°C,0x2488923e3cccb1742f4a230dfe8d79f6add52e0807b81809f1cd1e33028d03c1,84036100857155819931728194506958678774155362425129625655151905448772883585970,YES,ofi_30s,flow_clock_sensitive,valid_obs_200,valid_observation_steps,200,330358,-0.00018154076481294429,-0.03324263733258159,0.5116762147633329,-0.19999999999999998,-0.00021090755440195547,-0.0007448210067236056,-0.0005339134523216502,0.49433947414622925,0.23480285024125344,130.709,480.5964999999996,79714,172674
highest-temperature-in-shanghai-on-june-9-2026,Highest temperature in Shanghai on June 9?,2026-06-07T04:34:03Z,2026-06-09T12:00:00Z,8,26°C,0x2488923e3cccb1742f4a230dfe8d79f6add52e0807b81809f1cd1e33028d03c1,84036100857155819931728194506958678774155362425129625655151905448772883585970,YES,trade_pressure_30s,flow_clock_sensitive,valid_obs_200,valid_observation_steps,200,330358,0.05882660470941492,-0.08452004360376905,0.5199911403240965,,-0.00040002925639983744,0.0017002595345972811,0.0021002887909971186,0.49433947414622925,0.23480285024125344,130.709,480.5964999999996,79714,172674
highest-temperature-in-shanghai-on-june-9-2026,Highest temperature in Shanghai on June 9?,2026-06-07T04:34:03Z,2026-06-09T12:00:00Z,9,27°C,0x15a54d2d69dbe4ba0be84b4be5d634bcd81fb2659e4c211167ce7345c0f29ef7,8027430777184882285423173626503131257499585722975011528474150083679962657468,YES,depth_imbalance_1,book,wall_60s,wall_clock_seconds,60,149769,0.15087196227581962,0.15324339812014307,0.6402743499971302,0.8999999999999998,-6.216684434968015e-05,0.00011588471849865954,0.0001780515628483397,0.7673350292784221,0.11393546060933839,61.665,72.064,33984,80865
highest-temperature-in-shanghai-on-june-9-2026,Highest temperature in Shanghai on June 9?,2026-06-07T04:34:03Z,2026-06-09T12:00:00Z,9,27°C,0x15a54d2d69dbe4ba0be84b4be5d634bcd81fb2659e4c211167ce7345c0f29ef7,8027430777184882285423173626503131257499585722975011528474150083679962657468,YES,depth_imbalance_3,book,wall_60s,wall_clock_seconds,60,149769,0.04708838132745058,0.057202304378554183,0.5476668771164552,0.39999999999999997,1.501000667111451e-06,0.00013679655126320014,0.0001352955505960887,0.7673350292784221,0.11393546060933839,61.665,72.064,33984,80865
highest-temperature-in-shanghai-on-june-9-2026,Highest temperature in Shanghai on June 9?,2026-06-07T04:34:03Z,2026-06-09T12:00:00Z,9,27°C,0x15a54d2d69dbe4ba0be84b4be5d634bcd81fb2659e4c211167ce7345c0f29ef7,8027430777184882285423173626503131257499585722975011528474150083679962657468,YES,depth_imbalance_5,book,wall_60s,wall_clock_seconds,60,149769,0.03946680768210185,0.06806017178702677,0.5474946909257877,0.8999999999999998,-6.441116902951626e-05,6.661305225693852e-05,0.00013102422128645477,0.7673350292784221,0.11393546060933839,61.665,72.064,33984,80865
highest-temperature-in-shanghai-on-june-9-2026,Highest temperature in Shanghai on June 9?,2026-06-07T04:34:03Z,2026-06-09T12:00:00Z,9,27°C,0x15a54d2d69dbe4ba0be84b4be5d634bcd81fb2659e4c211167ce7345c0f29ef7,8027430777184882285423173626503131257499585722975011528474150083679962657468,YES,microprice_minus_mid,book,wall_60s,wall_clock_seconds,60,149769,0.12724030793332156,0.13058616550787,0.6186936807668025,0.6,-6.945137571946633e-05,-1.1798768242067178e-05,5.765260747739915e-05,0.7673350292784221,0.11393546060933839,61.665,72.064,33984,80865
highest-temperature-in-shanghai-on-june-9-2026,Highest temperature in Shanghai on June 9?,2026-06-07T04:34:03Z,2026-06-09T12:00:00Z,9,27°C,0x15a54d2d69dbe4ba0be84b4be5d634bcd81fb2659e4c211167ce7345c0f29ef7,8027430777184882285423173626503131257499585722975011528474150083679962657468,YES,ofi_30s,flow_clock_sensitive,wall_60s,wall_clock_seconds,60,149769,0.05753513960014108,0.1892184977183299,0.5251104861390117,0.5,-2.1602616654975107e-05,3.39053787853494e-05,5.550799544032451e-05,0.7673350292784221,0.11393546060933839,61.665,72.064,33984,80865
highest-temperature-in-shanghai-on-june-9-2026,Highest temperature in Shanghai on June 9?,2026-06-07T04:34:03Z,2026-06-09T12:00:00Z,9,27°C,0x15a54d2d69dbe4ba0be84b4be5d634bcd81fb2659e4c211167ce7345c0f29ef7,8027430777184882285423173626503131257499585722975011528474150083679962657468,YES,trade_pressure_30s,flow_clock_sensitive,wall_60s,wall_clock_seconds,60,149769,0.07047056545308075,-0.20284881611572028,0.5206336451816564,,-3.660327202633202e-06,3.1569403231124274e-05,3.5229730433757476e-05,0.7673350292784221,0.11393546060933839,61.665,72.064,33984,80865
highest-temperature-in-shanghai-on-june-9-2026,Highest temperature in Shanghai on June 9?,2026-06-07T04:34:03Z,2026-06-09T12:00:00Z,9,27°C,0x15a54d2d69dbe4ba0be84b4be5d634bcd81fb2659e4c211167ce7345c0f29ef7,8027430777184882285423173626503131257499585722975011528474150083679962657468,YES,depth_imbalance_1,book,wall_300s,wall_clock_seconds,300,148666,0.15115979835695287,0.1774377880109649,0.6061022364217252,0.3,-0.00029923376797956713,-0.0002216576637407157,7.757610423885143e-05,0.5789218785734466,0.18787079762689518,302.226,315.448,33984,80865
highest-temperature-in-shanghai-on-june-9-2026,Highest temperature in Shanghai on June 9?,2026-06-07T04:34:03Z,2026-06-09T12:00:00Z,9,27°C,0x15a54d2d69dbe4ba0be84b4be5d634bcd81fb2659e4c211167ce7345c0f29ef7,8027430777184882285423173626503131257499585722975011528474150083679962657468,YES,depth_imbalance_3,book,wall_300s,wall_clock_seconds,300,148666,0.021605949431277485,0.05633712177446298,0.5310063897763578,0.39999999999999997,-0.00016778106310059803,-3.2742499663662014e-05,0.00013503856343693603,0.5789218785734466,0.18787079762689518,302.226,315.448,33984,80865
highest-temperature-in-shanghai-on-june-9-2026,Highest temperature in Shanghai on June 9?,2026-06-07T04:34:03Z,2026-06-09T12:00:00Z,9,27°C,0x15a54d2d69dbe4ba0be84b4be5d634bcd81fb2659e4c211167ce7345c0f29ef7,8027430777184882285423173626503131257499585722975011528474150083679962657468,YES,depth_imbalance_5,book,wall_300s,wall_clock_seconds,300,148666,0.02477254884513436,0.08012119885019099,0.554888178913738,0.09999999999999999,-0.00017984222893588445,-0.00020751583632939562,-2.767360739351117e-05,0.5789218785734466,0.18787079762689518,302.226,315.448,33984,80865
highest-temperature-in-shanghai-on-june-9-2026,Highest temperature in Shanghai on June 9?,2026-06-07T04:34:03Z,2026-06-09T12:00:00Z,9,27°C,0x15a54d2d69dbe4ba0be84b4be5d634bcd81fb2659e4c211167ce7345c0f29ef7,8027430777184882285423173626503131257499585722975011528474150083679962657468,YES,microprice_minus_mid,book,wall_300s,wall_clock_seconds,300,148666,0.1025546005604457,0.12570723177596355,0.5828274760383386,-0.09999999999999999,-0.00029317443845613094,-0.0005252416394436398,-0.0002320672009875089,0.5789218785734466,0.18787079762689518,302.226,315.448,33984,80865
highest-temperature-in-shanghai-on-june-9-2026,Highest temperature in Shanghai on June 9?,2026-06-07T04:34:03Z,2026-06-09T12:00:00Z,9,27°C,0x15a54d2d69dbe4ba0be84b4be5d634bcd81fb2659e4c211167ce7345c0f29ef7,8027430777184882285423173626503131257499585722975011528474150083679962657468,YES,ofi_30s,flow_clock_sensitive,wall_300s,wall_clock_seconds,300,148666,0.06447993901705631,0.12896641976790366,0.5419968051118211,0.5,-0.00014136885755400584,-0.00010877316917280586,3.259568838119998e-05,0.5789218785734466,0.18787079762689518,302.226,315.448,33984,80865
highest-temperature-in-shanghai-on-june-9-2026,Highest temperature in Shanghai on June 9?,2026-06-07T04:34:03Z,2026-06-09T12:00:00Z,9,27°C,0x15a54d2d69dbe4ba0be84b4be5d634bcd81fb2659e4c211167ce7345c0f29ef7,8027430777184882285423173626503131257499585722975011528474150083679962657468,YES,trade_pressure_30s,flow_clock_sensitive,wall_300s,wall_clock_seconds,300,148666,0.00267235798890007,-0.12749571229471612,0.5176996805111821,,-0.0001322413986484592,-0.00016536415031592937,-3.312275166747017e-05,0.5789218785734466,0.18787079762689518,302.226,315.448,33984,80865
highest-temperature-in-shanghai-on-june-9-2026,Highest temperature in Shanghai on June 9?,2026-06-07T04:34:03Z,2026-06-09T12:00:00Z,9,27°C,0x15a54d2d69dbe4ba0be84b4be5d634bcd81fb2659e4c211167ce7345c0f29ef7,8027430777184882285423173626503131257499585722975011528474150083679962657468,YES,depth_imbalance_1,book,wall_900s,wall_clock_seconds,900,146004,0.06455300309894885,0.09339461867809896,0.5512324302301894,0.09999999999999999,-0.00027597413704628655,-0.0004055846960814564,-0.00012961055903516983,0.3947974028108819,0.2752458836744199,902.393,916.9634,33984,80865
highest-temperature-in-shanghai-on-june-9-2026,Highest temperature in Shanghai on June 9?,2026-06-07T04:34:03Z,2026-06-09T12:00:00Z,9,27°C,0x15a54d2d69dbe4ba0be84b4be5d634bcd81fb2659e4c211167ce7345c0f29ef7,8027430777184882285423173626503131257499585722975011528474150083679962657468,YES,depth_imbalance_3,book,wall_900s,wall_clock_seconds,900,146004,0.028114953446259677,0.04568506281255367,0.5235621647314457,0.3,-0.00047459687082748465,-0.0001265332693757281,0.0003480636014517566,0.3947974028108819,0.2752458836744199,902.393,916.9634,33984,80865
highest-temperature-in-shanghai-on-june-9-2026,Highest temperature in Shanghai on June 9?,2026-06-07T04:34:03Z,2026-06-09T12:00:00Z,9,27°C,0x15a54d2d69dbe4ba0be84b4be5d634bcd81fb2659e4c211167ce7345c0f29ef7,8027430777184882285423173626503131257499585722975011528474150083679962657468,YES,depth_imbalance_5,book,wall_900s,wall_clock_seconds,900,146004,0.058140230691315346,0.09625410101562394,0.5429030578755574,0.3,-0.0005498657267539443,-0.0005413047973531845,8.560929400759816e-06,0.3947974028108819,0.2752458836744199,902.393,916.9634,33984,80865
highest-temperature-in-shanghai-on-june-9-2026,Highest temperature in Shanghai on June 9?,2026-06-07T04:34:03Z,2026-06-09T12:00:00Z,9,27°C,0x15a54d2d69dbe4ba0be84b4be5d634bcd81fb2659e4c211167ce7345c0f29ef7,8027430777184882285423173626503131257499585722975011528474150083679962657468,YES,microprice_minus_mid,book,wall_900s,wall_clock_seconds,900,146004,0.01082685930067554,0.035215025746892406,0.532231049546185,0.0,-0.0003101892981616894,-0.001442609211858784,-0.0011324199136970947,0.3947974028108819,0.2752458836744199,902.393,916.9634,33984,80865
highest-temperature-in-shanghai-on-june-9-2026,Highest temperature in Shanghai on June 9?,2026-06-07T04:34:03Z,2026-06-09T12:00:00Z,9,27°C,0x15a54d2d69dbe4ba0be84b4be5d634bcd81fb2659e4c211167ce7345c0f29ef7,8027430777184882285423173626503131257499585722975011528474150083679962657468,YES,ofi_30s,flow_clock_sensitive,wall_900s,wall_clock_seconds,900,146004,0.009928500168147976,0.04007158203344727,0.51693035467735,-0.5,-0.0003144604740684226,-0.0005313067306045556,-0.00021684625653613302,0.3947974028108819,0.2752458836744199,902.393,916.9634,33984,80865
highest-temperature-in-shanghai-on-june-9-2026,Highest temperature in Shanghai on June 9?,2026-06-07T04:34:03Z,2026-06-09T12:00:00Z,9,27°C,0x15a54d2d69dbe4ba0be84b4be5d634bcd81fb2659e4c211167ce7345c0f29ef7,8027430777184882285423173626503131257499585722975011528474150083679962657468,YES,trade_pressure_30s,flow_clock_sensitive,wall_900s,wall_clock_seconds,900,146004,-0.0815173768761248,-0.08432013763807603,0.5178696724836468,,-0.0003349060647189085,-0.0013753741270369137,-0.0010404680623180053,0.3947974028108819,0.2752458836744199,902.393,916.9634,33984,80865
highest-temperature-in-shanghai-on-june-9-2026,Highest temperature in Shanghai on June 9?,2026-06-07T04:34:03Z,2026-06-09T12:00:00Z,9,27°C,0x15a54d2d69dbe4ba0be84b4be5d634bcd81fb2659e4c211167ce7345c0f29ef7,8027430777184882285423173626503131257499585722975011528474150083679962657468,YES,depth_imbalance_1,book,valid_obs_10,valid_observation_steps,10,150154,0.11013444144168276,0.08356126935849802,0.6225620803580945,0.3,-5.749626432010626e-05,3.087090349447764e-05,8.83671678145839e-05,0.8750216444450364,0.06336161540818093,14.0565,51.73440000000002,33984,80865
highest-temperature-in-shanghai-on-june-9-2026,Highest temperature in Shanghai on June 9?,2026-06-07T04:34:03Z,2026-06-09T12:00:00Z,9,27°C,0x15a54d2d69dbe4ba0be84b4be5d634bcd81fb2659e4c211167ce7345c0f29ef7,8027430777184882285423173626503131257499585722975011528474150083679962657468,YES,depth_imbalance_3,book,valid_obs_10,valid_observation_steps,10,150154,0.040119080694594515,0.046474723381242145,0.5448150911222424,0.3,-2.186137823179048e-05,2.5050801159265796e-05,4.691217939105628e-05,0.8750216444450364,0.06336161540818093,14.0565,51.73440000000002,33984,80865
highest-temperature-in-shanghai-on-june-9-2026,Highest temperature in Shanghai on June 9?,2026-06-07T04:34:03Z,2026-06-09T12:00:00Z,9,27°C,0x15a54d2d69dbe4ba0be84b4be5d634bcd81fb2659e4c211167ce7345c0f29ef7,8027430777184882285423173626503131257499585722975011528474150083679962657468,YES,depth_imbalance_5,book,valid_obs_10,valid_observation_steps,10,150154,0.029821347964505418,0.04853029458082744,0.5332516252797612,0.19999999999999998,-3.650226588601105e-05,-1.791458490178634e-05,1.858768098422471e-05,0.8750216444450364,0.06336161540818093,14.0565,51.73440000000002,33984,80865
highest-temperature-in-shanghai-on-june-9-2026,Highest temperature in Shanghai on June 9?,2026-06-07T04:34:03Z,2026-06-09T12:00:00Z,9,27°C,0x15a54d2d69dbe4ba0be84b4be5d634bcd81fb2659e4c211167ce7345c0f29ef7,8027430777184882285423173626503131257499585722975011528474150083679962657468,YES,microprice_minus_mid,book,valid_obs_10,valid_observation_steps,10,150154,0.10593205789604579,0.07971474915272898,0.6218693381647661,-0.09999999999999999,-5.945748773046823e-05,-0.0001260082332072693,-6.655074547680106e-05,0.8750216444450364,0.06336161540818093,14.0565,51.73440000000002,33984,80865
highest-temperature-in-shanghai-on-june-9-2026,Highest temperature in Shanghai on June 9?,2026-06-07T04:34:03Z,2026-06-09T12:00:00Z,9,27°C,0x15a54d2d69dbe4ba0be84b4be5d634bcd81fb2659e4c211167ce7345c0f29ef7,8027430777184882285423173626503131257499585722975011528474150083679962657468,YES,ofi_30s,flow_clock_sensitive,valid_obs_10,valid_observation_steps,10,150154,0.012207136600769332,0.212701963000966,0.49547053181285305,-0.5,-1.892677991822282e-05,-0.00010850454530318672,-8.95777653849639e-05,0.8750216444450364,0.06336161540818093,14.0565,51.73440000000002,33984,80865
highest-temperature-in-shanghai-on-june-9-2026,Highest temperature in Shanghai on June 9?,2026-06-07T04:34:03Z,2026-06-09T12:00:00Z,9,27°C,0x15a54d2d69dbe4ba0be84b4be5d634bcd81fb2659e4c211167ce7345c0f29ef7,8027430777184882285423173626503131257499585722975011528474150083679962657468,YES,trade_pressure_30s,flow_clock_sensitive,valid_obs_10,valid_observation_steps,10,150154,0.016685318027686427,-0.2786877544944229,0.493392305232868,,-3.440182217160634e-05,-1.9674796747967476e-05,1.4727025423638865e-05,0.8750216444450364,0.06336161540818093,14.0565,51.73440000000002,33984,80865
highest-temperature-in-shanghai-on-june-9-2026,Highest temperature in Shanghai on June 9?,2026-06-07T04:34:03Z,2026-06-09T12:00:00Z,9,27°C,0x15a54d2d69dbe4ba0be84b4be5d634bcd81fb2659e4c211167ce7345c0f29ef7,8027430777184882285423173626503131257499585722975011528474150083679962657468,YES,depth_imbalance_1,book,valid_obs_50,valid_observation_steps,50,150075,0.13328217390416874,0.14364784270817677,0.6064171385150869,0.9999999999999999,-0.00014781046186609876,-1.7999420541793424e-05,0.00012981104132430533,0.7281559220389805,0.13692487089788438,85.547,235.771,33984,80865
highest-temperature-in-shanghai-on-june-9-2026,Highest temperature in Shanghai on June 9?,2026-06-07T04:34:03Z,2026-06-09T12:00:00Z,9,27°C,0x15a54d2d69dbe4ba0be84b4be5d634bcd81fb2659e4c211167ce7345c0f29ef7,8027430777184882285423173626503131257499585722975011528474150083679962657468,YES,depth_imbalance_3,book,valid_obs_50,valid_observation_steps,50,150075,0.05507398300652646,0.07392415387146087,0.5572713679927446,0.3,-6.184897999933436e-05,-2.5507313984872243e-05,3.6341666014462124e-05,0.7281559220389805,0.13692487089788438,85.547,235.771,33984,80865
highest-temperature-in-shanghai-on-june-9-2026,Highest temperature in Shanghai on June 9?,2026-06-07T04:34:03Z,2026-06-09T12:00:00Z,9,27°C,0x15a54d2d69dbe4ba0be84b4be5d634bcd81fb2659e4c211167ce7345c0f29ef7,8027430777184882285423173626503131257499585722975011528474150083679962657468,YES,depth_imbalance_5,book,valid_obs_50,valid_observation_steps,50,150075,0.037968048079711283,0.07103468181090616,0.5444763095325637,-0.3,-7.442292385248074e-05,-0.00018989117787967974,-0.000115468254027199,0.7281559220389805,0.13692487089788438,85.547,235.771,33984,80865
highest-temperature-in-shanghai-on-june-9-2026,Highest temperature in Shanghai on June 9?,2026-06-07T04:34:03Z,2026-06-09T12:00:00Z,9,27°C,0x15a54d2d69dbe4ba0be84b4be5d634bcd81fb2659e4c211167ce7345c0f29ef7,8027430777184882285423173626503131257499585722975011528474150083679962657468,YES,microprice_minus_mid,book,valid_obs_50,valid_observation_steps,50,150075,0.12055231062462647,0.1318719457923466,0.6016863985096943,-0.09999999999999999,-0.00015345761472767755,-0.00032504434552695874,-0.0001715867307992812,0.7281559220389805,0.13692487089788438,85.547,235.771,33984,80865
highest-temperature-in-shanghai-on-june-9-2026,Highest temperature in Shanghai on June 9?,2026-06-07T04:34:03Z,2026-06-09T12:00:00Z,9,27°C,0x15a54d2d69dbe4ba0be84b4be5d634bcd81fb2659e4c211167ce7345c0f29ef7,8027430777184882285423173626503131257499585722975011528474150083679962657468,YES,ofi_30s,flow_clock_sensitive,valid_obs_50,valid_observation_steps,50,150075,0.048260955886297675,0.16526179003394667,0.5134446160256881,0.5,-8.393209532965644e-05,-7.960796079607962e-05,4.324134533576819e-06,0.7281559220389805,0.13692487089788438,85.547,235.771,33984,80865
highest-temperature-in-shanghai-on-june-9-2026,Highest temperature in Shanghai on June 9?,2026-06-07T04:34:03Z,2026-06-09T12:00:00Z,9,27°C,0x15a54d2d69dbe4ba0be84b4be5d634bcd81fb2659e4c211167ce7345c0f29ef7,8027430777184882285423173626503131257499585722975011528474150083679962657468,YES,trade_pressure_30s,flow_clock_sensitive,valid_obs_50,valid_observation_steps,50,150075,0.03708892533627823,-0.15847273646178853,0.4962129568350614,,-8.32754645704286e-05,-2.1001482457585233e-05,6.227398211284337e-05,0.7281559220389805,0.13692487089788438,85.547,235.771,33984,80865
highest-temperature-in-shanghai-on-june-9-2026,Highest temperature in Shanghai on June 9?,2026-06-07T04:34:03Z,2026-06-09T12:00:00Z,9,27°C,0x15a54d2d69dbe4ba0be84b4be5d634bcd81fb2659e4c211167ce7345c0f29ef7,8027430777184882285423173626503131257499585722975011528474150083679962657468,YES,depth_imbalance_1,book,valid_obs_200,valid_observation_steps,200,149715,0.12071538688720787,0.14683763145515522,0.5791792971819917,0.7,-0.0002465060561693065,1.2497735917406174e-05,0.0002590037920867127,0.5240557058410981,0.22447316568146145,381.673,893.3020000000001,33984,80865
highest-temperature-in-shanghai-on-june-9-2026,Highest temperature in Shanghai on June 9?,2026-06-07T04:34:03Z,2026-06-09T12:00:00Z,9,27°C,0x15a54d2d69dbe4ba0be84b4be5d634bcd81fb2659e4c211167ce7345c0f29ef7,8027430777184882285423173626503131257499585722975011528474150083679962657468,YES,depth_imbalance_3,book,valid_obs_200,valid_observation_steps,200,149715,0.04674770979135129,0.06937438172219626,0.5274783877848883,0.19999999999999998,-0.00025135072038420483,0.00019861069365127072,0.0004499614140354755,0.5240557058410981,0.22447316568146145,381.673,893.3020000000001,33984,80865
highest-temperature-in-shanghai-on-june-9-2026,Highest temperature in Shanghai on June 9?,2026-06-07T04:34:03Z,2026-06-09T12:00:00Z,9,27°C,0x15a54d2d69dbe4ba0be84b4be5d634bcd81fb2659e4c211167ce7345c0f29ef7,8027430777184882285423173626503131257499585722975011528474150083679962657468,YES,depth_imbalance_5,book,valid_obs_200,valid_observation_steps,200,149715,0.0277580092325934,0.0692338857054774,0.5469293813854272,0.49999999999999994,-0.0002510351275544276,-0.00022491615905824387,2.6118968496183746e-05,0.5240557058410981,0.22447316568146145,381.673,893.3020000000001,33984,80865
highest-temperature-in-shanghai-on-june-9-2026,Highest temperature in Shanghai on June 9?,2026-06-07T04:34:03Z,2026-06-09T12:00:00Z,9,27°C,0x15a54d2d69dbe4ba0be84b4be5d634bcd81fb2659e4c211167ce7345c0f29ef7,8027430777184882285423173626503131257499585722975011528474150083679962657468,YES,microprice_minus_mid,book,valid_obs_200,valid_observation_steps,200,149715,0.073071727572002,0.10365204054111078,0.5661839003031324,0.0,-0.0002887382447745322,-0.0008061180093041937,-0.0005173797645296615,0.5240557058410981,0.22447316568146145,381.673,893.3020000000001,33984,80865
highest-temperature-in-shanghai-on-june-9-2026,Highest temperature in Shanghai on June 9?,2026-06-07T04:34:03Z,2026-06-09T12:00:00Z,9,27°C,0x15a54d2d69dbe4ba0be84b4be5d634bcd81fb2659e4c211167ce7345c0f29ef7,8027430777184882285423173626503131257499585722975011528474150083679962657468,YES,ofi_30s,flow_clock_sensitive,valid_obs_200,valid_observation_steps,200,149715,0.0664384526536277,0.11043346738928851,0.5352251038509038,0.5,-0.00019526326919010363,-9.292083123606819e-05,0.00010234243795403544,0.5240557058410981,0.22447316568146145,381.673,893.3020000000001,33984,80865
highest-temperature-in-shanghai-on-june-9-2026,Highest temperature in Shanghai on June 9?,2026-06-07T04:34:03Z,2026-06-09T12:00:00Z,9,27°C,0x15a54d2d69dbe4ba0be84b4be5d634bcd81fb2659e4c211167ce7345c0f29ef7,8027430777184882285423173626503131257499585722975011528474150083679962657468,YES,trade_pressure_30s,flow_clock_sensitive,valid_obs_200,valid_observation_steps,200,149715,0.023846889876781924,-0.036558013751758614,0.5212613674637925,,-0.000198904969752661,1.0468183316848033e-05,0.00020937315306950903,0.5240557058410981,0.22447316568146145,381.673,893.3020000000001,33984,80865
highest-temperature-in-shanghai-on-june-9-2026,Highest temperature in Shanghai on June 9?,2026-06-07T04:34:03Z,2026-06-09T12:00:00Z,10,28°C or higher,0xbb205043a60774a3a047d9b19a1ff1b89f476d221df716552ffbce4dc9d47524,74894507304943217982308150117351772383465743335849048351488006458495739714670,YES,depth_imbalance_1,book,wall_60s,wall_clock_seconds,60,143914,0.09350431582089148,0.060615568135896115,0.5947300288136301,-0.49999999999999994,-3.569940269481873e-05,-0.00020004191554018653,-0.00016434251284536778,0.8336020123129091,0.07878316216629376,61.582499999999996,71.19200000000001,33044,81943
highest-temperature-in-shanghai-on-june-9-2026,Highest temperature in Shanghai on June 9?,2026-06-07T04:34:03Z,2026-06-09T12:00:00Z,10,28°C or higher,0xbb205043a60774a3a047d9b19a1ff1b89f476d221df716552ffbce4dc9d47524,74894507304943217982308150117351772383465743335849048351488006458495739714670,YES,depth_imbalance_3,book,wall_60s,wall_clock_seconds,60,143914,0.03447038896446825,-0.0017508221721952114,0.4902910594228922,-0.49999999999999994,-2.7378721632313158e-05,-0.0002278681120144535,-0.00020048939038214033,0.8336020123129091,0.07878316216629376,61.582499999999996,71.19200000000001,33044,81943
highest-temperature-in-shanghai-on-june-9-2026,Highest temperature in Shanghai on June 9?,2026-06-07T04:34:03Z,2026-06-09T12:00:00Z,10,28°C or higher,0xbb205043a60774a3a047d9b19a1ff1b89f476d221df716552ffbce4dc9d47524,74894507304943217982308150117351772383465743335849048351488006458495739714670,YES,depth_imbalance_5,book,wall_60s,wall_clock_seconds,60,143914,0.003159742439573739,-0.03708477462523152,0.5022341003048398,-0.9999999999999999,1.8685588781888822e-05,-0.00021967532919947049,-0.00023836091798135932,0.8336020123129091,0.07878316216629376,61.582499999999996,71.19200000000001,33044,81943
highest-temperature-in-shanghai-on-june-9-2026,Highest temperature in Shanghai on June 9?,2026-06-07T04:34:03Z,2026-06-09T12:00:00Z,10,28°C or higher,0xbb205043a60774a3a047d9b19a1ff1b89f476d221df716552ffbce4dc9d47524,74894507304943217982308150117351772383465743335849048351488006458495739714670,YES,microprice_minus_mid,book,wall_60s,wall_clock_seconds,60,143914,0.06746484709247172,0.03549825647881889,0.584457343299787,-0.09999999999999999,-3.810743458396789e-05,-0.0002814145711993862,-0.0002433071366154183,0.8336020123129091,0.07878316216629376,61.582499999999996,71.19200000000001,33044,81943
highest-temperature-in-shanghai-on-june-9-2026,Highest temperature in Shanghai on June 9?,2026-06-07T04:34:03Z,2026-06-09T12:00:00Z,10,28°C or higher,0xbb205043a60774a3a047d9b19a1ff1b89f476d221df716552ffbce4dc9d47524,74894507304943217982308150117351772383465743335849048351488006458495739714670,YES,ofi_30s,flow_clock_sensitive,wall_60s,wall_clock_seconds,60,143914,0.04294859556138569,-0.20661675859921413,0.5325928091201403,,-4.487269774725139e-05,-0.00013970366541758198,-9.48309676703306e-05,0.8336020123129091,0.07878316216629376,61.582499999999996,71.19200000000001,33044,81943
highest-temperature-in-shanghai-on-june-9-2026,Highest temperature in Shanghai on June 9?,2026-06-07T04:34:03Z,2026-06-09T12:00:00Z,10,28°C or higher,0xbb205043a60774a3a047d9b19a1ff1b89f476d221df716552ffbce4dc9d47524,74894507304943217982308150117351772383465743335849048351488006458495739714670,YES,trade_pressure_30s,flow_clock_sensitive,wall_60s,wall_clock_seconds,60,143914,0.08834870314130032,0.5295805926817032,0.5599866371570552,,-6.781452192667148e-05,0.00016067719152471955,0.00022849171345139103,0.8336020123129091,0.07878316216629376,61.582499999999996,71.19200000000001,33044,81943
highest-temperature-in-shanghai-on-june-9-2026,Highest temperature in Shanghai on June 9?,2026-06-07T04:34:03Z,2026-06-09T12:00:00Z,10,28°C or higher,0xbb205043a60774a3a047d9b19a1ff1b89f476d221df716552ffbce4dc9d47524,74894507304943217982308150117351772383465743335849048351488006458495739714670,YES,depth_imbalance_1,book,wall_300s,wall_clock_seconds,300,143675,0.09443251998076857,0.08691998359408179,0.5557306281027412,-0.3,-3.9636792944199455e-05,-0.0006773956290277388,-0.0006377588360835393,0.6775361057943274,0.14310074821646077,302.053,315.17,33044,81943
highest-temperature-in-shanghai-on-june-9-2026,Highest temperature in Shanghai on June 9?,2026-06-07T04:34:03Z,2026-06-09T12:00:00Z,10,28°C or higher,0xbb205043a60774a3a047d9b19a1ff1b89f476d221df716552ffbce4dc9d47524,74894507304943217982308150117351772383465743335849048351488006458495739714670,YES,depth_imbalance_3,book,wall_300s,wall_clock_seconds,300,143675,0.007185546311118224,-0.027304379406497048,0.4710338873300237,-0.8999999999999998,-7.202889490866163e-05,-0.0007522806406685237,-0.0006802517457598621,0.6775361057943274,0.14310074821646077,302.053,315.17,33044,81943
highest-temperature-in-shanghai-on-june-9-2026,Highest temperature in Shanghai on June 9?,2026-06-07T04:34:03Z,2026-06-09T12:00:00Z,10,28°C or higher,0xbb205043a60774a3a047d9b19a1ff1b89f476d221df716552ffbce4dc9d47524,74894507304943217982308150117351772383465743335849048351488006458495739714670,YES,depth_imbalance_5,book,wall_300s,wall_clock_seconds,300,143675,-0.03663235630041128,-0.09157741415008856,0.4696956615583855,-0.9999999999999999,7.872325929963207e-05,-0.0006936180589423813,-0.0007723413182420133,0.6775361057943274,0.14310074821646077,302.053,315.17,33044,81943
highest-temperature-in-shanghai-on-june-9-2026,Highest temperature in Shanghai on June 9?,2026-06-07T04:34:03Z,2026-06-09T12:00:00Z,10,28°C or higher,0xbb205043a60774a3a047d9b19a1ff1b89f476d221df716552ffbce4dc9d47524,74894507304943217982308150117351772383465743335849048351488006458495739714670,YES,microprice_minus_mid,book,wall_300s,wall_clock_seconds,300,143675,0.02801837541124984,0.018354867802338675,0.5376645801856249,-0.7,-2.5575359058660694e-05,-0.0012131970843650825,-0.0011876217253064217,0.6775361057943274,0.14310074821646077,302.053,315.17,33044,81943
highest-temperature-in-shanghai-on-june-9-2026,Highest temperature in Shanghai on June 9?,2026-06-07T04:34:03Z,2026-06-09T12:00:00Z,10,28°C or higher,0xbb205043a60774a3a047d9b19a1ff1b89f476d221df716552ffbce4dc9d47524,74894507304943217982308150117351772383465743335849048351488006458495739714670,YES,ofi_30s,flow_clock_sensitive,wall_300s,wall_clock_seconds,300,143675,0.03272920092952804,-0.11958228944884397,0.5262033239801425,,-0.00025389766098854146,-0.000326055973050013,-7.215831206147156e-05,0.6775361057943274,0.14310074821646077,302.053,315.17,33044,81943
highest-temperature-in-shanghai-on-june-9-2026,Highest temperature in Shanghai on June 9?,2026-06-07T04:34:03Z,2026-06-09T12:00:00Z,10,28°C or higher,0xbb205043a60774a3a047d9b19a1ff1b89f476d221df716552ffbce4dc9d47524,74894507304943217982308150117351772383465743335849048351488006458495739714670,YES,trade_pressure_30s,flow_clock_sensitive,wall_300s,wall_clock_seconds,300,143675,0.12248699666909811,0.3726864219029431,0.5910425210446795,,-0.00028999143027920015,0.0004401744910677191,0.0007301659213469192,0.6775361057943274,0.14310074821646077,302.053,315.17,33044,81943
highest-temperature-in-shanghai-on-june-9-2026,Highest temperature in Shanghai on June 9?,2026-06-07T04:34:03Z,2026-06-09T12:00:00Z,10,28°C or higher,0xbb205043a60774a3a047d9b19a1ff1b89f476d221df716552ffbce4dc9d47524,74894507304943217982308150117351772383465743335849048351488006458495739714670,YES,depth_imbalance_1,book,wall_900s,wall_clock_seconds,900,142801,0.11970063795996437,0.15383423530079154,0.5388448827571736,-0.09999999999999999,-0.00023285292585518318,-0.001117999648444366,-0.0008851467225891829,0.4660261482762726,0.20747753867269836,902.255,916.302,33044,81943
highest-temperature-in-shanghai-on-june-9-2026,Highest temperature in Shanghai on June 9?,2026-06-07T04:34:03Z,2026-06-09T12:00:00Z,10,28°C or higher,0xbb205043a60774a3a047d9b19a1ff1b89f476d221df716552ffbce4dc9d47524,74894507304943217982308150117351772383465743335849048351488006458495739714670,YES,depth_imbalance_3,book,wall_900s,wall_clock_seconds,900,142801,0.011461676676075738,0.030737062429357132,0.509507947332529,-0.7,-0.00015507824808318473,-0.0012887213767600622,-0.0011336431286768775,0.4660261482762726,0.20747753867269836,902.255,916.302,33044,81943
highest-temperature-in-shanghai-on-june-9-2026,Highest temperature in Shanghai on June 9?,2026-06-07T04:34:03Z,2026-06-09T12:00:00Z,10,28°C or higher,0xbb205043a60774a3a047d9b19a1ff1b89f476d221df716552ffbce4dc9d47524,74894507304943217982308150117351772383465743335849048351488006458495739714670,YES,depth_imbalance_5,book,wall_900s,wall_clock_seconds,900,142801,0.014960091432963311,0.045332795671388315,0.4771678119918166,-0.8999999999999998,-6.330284836637818e-05,-0.0012338914794404407,-0.0011705886310740625,0.4660261482762726,0.20747753867269836,902.255,916.302,33044,81943
highest-temperature-in-shanghai-on-june-9-2026,Highest temperature in Shanghai on June 9?,2026-06-07T04:34:03Z,2026-06-09T12:00:00Z,10,28°C or higher,0xbb205043a60774a3a047d9b19a1ff1b89f476d221df716552ffbce4dc9d47524,74894507304943217982308150117351772383465743335849048351488006458495739714670,YES,microprice_minus_mid,book,wall_900s,wall_clock_seconds,900,142801,0.006030644929947506,0.05181853731345745,0.5376080370375228,-0.6,-0.00018061948433985124,-0.0023641837565968908,-0.0021835642722570396,0.4660261482762726,0.20747753867269836,902.255,916.302,33044,81943
highest-temperature-in-shanghai-on-june-9-2026,Highest temperature in Shanghai on June 9?,2026-06-07T04:34:03Z,2026-06-09T12:00:00Z,10,28°C or higher,0xbb205043a60774a3a047d9b19a1ff1b89f476d221df716552ffbce4dc9d47524,74894507304943217982308150117351772383465743335849048351488006458495739714670,YES,ofi_30s,flow_clock_sensitive,wall_900s,wall_clock_seconds,900,142801,0.02475104001377204,0.08829746837549218,0.5383989928133033,,-0.000579628547579299,-0.0005996478413982002,-2.00192938189012e-05,0.4660261482762726,0.20747753867269836,902.255,916.302,33044,81943
highest-temperature-in-shanghai-on-june-9-2026,Highest temperature in Shanghai on June 9?,2026-06-07T04:34:03Z,2026-06-09T12:00:00Z,10,28°C or higher,0xbb205043a60774a3a047d9b19a1ff1b89f476d221df716552ffbce4dc9d47524,74894507304943217982308150117351772383465743335849048351488006458495739714670,YES,trade_pressure_30s,flow_clock_sensitive,wall_900s,wall_clock_seconds,900,142801,-0.013394153833411606,-0.1726007313328685,0.5932959135498085,,-0.0005883960083196244,-0.0004239717490652265,0.00016442425925439793,0.4660261482762726,0.20747753867269836,902.255,916.302,33044,81943
highest-temperature-in-shanghai-on-june-9-2026,Highest temperature in Shanghai on June 9?,2026-06-07T04:34:03Z,2026-06-09T12:00:00Z,10,28°C or higher,0xbb205043a60774a3a047d9b19a1ff1b89f476d221df716552ffbce4dc9d47524,74894507304943217982308150117351772383465743335849048351488006458495739714670,YES,depth_imbalance_1,book,valid_obs_10,valid_observation_steps,10,143999,0.07390981741764978,0.029443515081965237,0.6042467948717949,-0.09999999999999999,-2.552630666250477e-05,-0.0003296651552145099,-0.00030413884855200516,0.9133327314773019,0.0405836151639942,13.335,56.655,33044,81943
highest-temperature-in-shanghai-on-june-9-2026,Highest temperature in Shanghai on June 9?,2026-06-07T04:34:03Z,2026-06-09T12:00:00Z,10,28°C or higher,0xbb205043a60774a3a047d9b19a1ff1b89f476d221df716552ffbce4dc9d47524,74894507304943217982308150117351772383465743335849048351488006458495739714670,YES,depth_imbalance_3,book,valid_obs_10,valid_observation_steps,10,143999,0.02657531800929092,0.0008226036648010322,0.5225961538461539,-0.3,-6.133268651027415e-06,-0.0003472854215151621,-0.00034115215286413466,0.9133327314773019,0.0405836151639942,13.335,56.655,33044,81943
highest-temperature-in-shanghai-on-june-9-2026,Highest temperature in Shanghai on June 9?,2026-06-07T04:34:03Z,2026-06-09T12:00:00Z,10,28°C or higher,0xbb205043a60774a3a047d9b19a1ff1b89f476d221df716552ffbce4dc9d47524,74894507304943217982308150117351772383465743335849048351488006458495739714670,YES,depth_imbalance_5,book,valid_obs_10,valid_observation_steps,10,143999,0.014285986973667852,-0.0062343654108795435,0.5366987179487179,-0.8999999999999998,7.750109512416995e-07,-0.0003264474325924894,-0.0003272224435437311,0.9133327314773019,0.0405836151639942,13.335,56.655,33044,81943
highest-temperature-in-shanghai-on-june-9-2026,Highest temperature in Shanghai on June 9?,2026-06-07T04:34:03Z,2026-06-09T12:00:00Z,10,28°C or higher,0xbb205043a60774a3a047d9b19a1ff1b89f476d221df716552ffbce4dc9d47524,74894507304943217982308150117351772383465743335849048351488006458495739714670,YES,microprice_minus_mid,book,valid_obs_10,valid_observation_steps,10,143999,0.06691333393186112,0.02569366541218038,0.5903846153846154,-0.09999999999999999,-2.735767433812078e-05,-0.00034787081923761033,-0.00032051314489948957,0.9133327314773019,0.0405836151639942,13.335,56.655,33044,81943
highest-temperature-in-shanghai-on-june-9-2026,Highest temperature in Shanghai on June 9?,2026-06-07T04:34:03Z,2026-06-09T12:00:00Z,10,28°C or higher,0xbb205043a60774a3a047d9b19a1ff1b89f476d221df716552ffbce4dc9d47524,74894507304943217982308150117351772383465743335849048351488006458495739714670,YES,ofi_30s,flow_clock_sensitive,valid_obs_10,valid_observation_steps,10,143999,0.030698857231150893,-0.2699739826528804,0.5196314102564102,,-5.440425232445501e-05,-0.0001742182789215264,-0.0001198140265970714,0.9133327314773019,0.0405836151639942,13.335,56.655,33044,81943
highest-temperature-in-shanghai-on-june-9-2026,Highest temperature in Shanghai on June 9?,2026-06-07T04:34:03Z,2026-06-09T12:00:00Z,10,28°C or higher,0xbb205043a60774a3a047d9b19a1ff1b89f476d221df716552ffbce4dc9d47524,74894507304943217982308150117351772383465743335849048351488006458495739714670,YES,trade_pressure_30s,flow_clock_sensitive,valid_obs_10,valid_observation_steps,10,143999,0.025370628458971974,0.6537173244815134,0.5452724358974359,,-7.715630276251034e-05,2.5550477773161617e-05,0.00010270678053567196,0.9133327314773019,0.0405836151639942,13.335,56.655,33044,81943
highest-temperature-in-shanghai-on-june-9-2026,Highest temperature in Shanghai on June 9?,2026-06-07T04:34:03Z,2026-06-09T12:00:00Z,10,28°C or higher,0xbb205043a60774a3a047d9b19a1ff1b89f476d221df716552ffbce4dc9d47524,74894507304943217982308150117351772383465743335849048351488006458495739714670,YES,depth_imbalance_1,book,valid_obs_50,valid_observation_steps,50,143944,0.08860616000075752,0.06220044797077576,0.5660125049694604,-0.3,-4.658147852355985e-05,-0.0005817056156260899,-0.0005351241371025301,0.8077794142166398,0.09210526315789473,78.82,268.88879999999995,33044,81943
highest-temperature-in-shanghai-on-june-9-2026,Highest temperature in Shanghai on June 9?,2026-06-07T04:34:03Z,2026-06-09T12:00:00Z,10,28°C or higher,0xbb205043a60774a3a047d9b19a1ff1b89f476d221df716552ffbce4dc9d47524,74894507304943217982308150117351772383465743335849048351488006458495739714670,YES,depth_imbalance_3,book,valid_obs_50,valid_observation_steps,50,143944,0.015617334190524275,-0.007507295495408669,0.4790198417000976,-0.8999999999999998,-5.624218858491898e-06,-0.0006268540067386848,-0.000621229787880193,0.8077794142166398,0.09210526315789473,78.82,268.88879999999995,33044,81943
highest-temperature-in-shanghai-on-june-9-2026,Highest temperature in Shanghai on June 9?,2026-06-07T04:34:03Z,2026-06-09T12:00:00Z,10,28°C or higher,0xbb205043a60774a3a047d9b19a1ff1b89f476d221df716552ffbce4dc9d47524,74894507304943217982308150117351772383465743335849048351488006458495739714670,YES,depth_imbalance_5,book,valid_obs_50,valid_observation_steps,50,143944,0.01313643588663077,-0.009351169718614735,0.5251725758068596,-0.9999999999999999,3.713456214975259e-07,-0.000574932069950533,-0.0005753034155720306,0.8077794142166398,0.09210526315789473,78.82,268.88879999999995,33044,81943
highest-temperature-in-shanghai-on-june-9-2026,Highest temperature in Shanghai on June 9?,2026-06-07T04:34:03Z,2026-06-09T12:00:00Z,10,28°C or higher,0xbb205043a60774a3a047d9b19a1ff1b89f476d221df716552ffbce4dc9d47524,74894507304943217982308150117351772383465743335849048351488006458495739714670,YES,microprice_minus_mid,book,valid_obs_50,valid_observation_steps,50,143944,0.05903452667986331,0.036210869120852654,0.5690845350392135,0.0,-4.139124415988925e-05,-0.0006979388274683501,-0.0006565475833084608,0.8077794142166398,0.09210526315789473,78.82,268.88879999999995,33044,81943
highest-temperature-in-shanghai-on-june-9-2026,Highest temperature in Shanghai on June 9?,2026-06-07T04:34:03Z,2026-06-09T12:00:00Z,10,28°C or higher,0xbb205043a60774a3a047d9b19a1ff1b89f476d221df716552ffbce4dc9d47524,74894507304943217982308150117351772383465743335849048351488006458495739714670,YES,ofi_30s,flow_clock_sensitive,valid_obs_50,valid_observation_steps,50,143944,0.03639830940071813,-0.19714323166669365,0.5254617080487188,,-0.00011280449925868253,-0.0003294920949467971,-0.00021668759568811455,0.8077794142166398,0.09210526315789473,78.82,268.88879999999995,33044,81943
highest-temperature-in-shanghai-on-june-9-2026,Highest temperature in Shanghai on June 9?,2026-06-07T04:34:03Z,2026-06-09T12:00:00Z,10,28°C or higher,0xbb205043a60774a3a047d9b19a1ff1b89f476d221df716552ffbce4dc9d47524,74894507304943217982308150117351772383465743335849048351488006458495739714670,YES,trade_pressure_30s,flow_clock_sensitive,valid_obs_50,valid_observation_steps,50,143944,0.04770576928475448,0.4729427742284181,0.5380389605695906,,-0.00015595486235894486,8.942667220606564e-05,0.0002453815345650105,0.8077794142166398,0.09210526315789473,78.82,268.88879999999995,33044,81943
highest-temperature-in-shanghai-on-june-9-2026,Highest temperature in Shanghai on June 9?,2026-06-07T04:34:03Z,2026-06-09T12:00:00Z,10,28°C or higher,0xbb205043a60774a3a047d9b19a1ff1b89f476d221df716552ffbce4dc9d47524,74894507304943217982308150117351772383465743335849048351488006458495739714670,YES,depth_imbalance_1,book,valid_obs_200,valid_observation_steps,200,143755,0.12550132613903245,0.12852427393716778,0.5683773957210458,-0.3,-0.00022181325740477099,-0.0009252877572375304,-0.0007034744998327594,0.6192619387151751,0.1693228061632639,336.099,1075.824,33044,81943
highest-temperature-in-shanghai-on-june-9-2026,Highest temperature in Shanghai on June 9?,2026-06-07T04:34:03Z,2026-06-09T12:00:00Z,10,28°C or higher,0xbb205043a60774a3a047d9b19a1ff1b89f476d221df716552ffbce4dc9d47524,74894507304943217982308150117351772383465743335849048351488006458495739714670,YES,depth_imbalance_3,book,valid_obs_200,valid_observation_steps,200,143755,0.013663696920945937,-0.002251356007315835,0.4884439003891619,-0.7,-0.00017681633220881308,-0.0010851219257661667,-0.0009083055935573536,0.6192619387151751,0.1693228061632639,336.099,1075.824,33044,81943
highest-temperature-in-shanghai-on-june-9-2026,Highest temperature in Shanghai on June 9?,2026-06-07T04:34:03Z,2026-06-09T12:00:00Z,10,28°C or higher,0xbb205043a60774a3a047d9b19a1ff1b89f476d221df716552ffbce4dc9d47524,74894507304943217982308150117351772383465743335849048351488006458495739714670,YES,depth_imbalance_5,book,valid_obs_200,valid_observation_steps,200,143755,-0.00652788464812116,-0.029548566499324313,0.4753439424113423,-0.9999999999999999,-4.0481772160500125e-05,-0.0009763464084163588,-0.0009358646362558587,0.6192619387151751,0.1693228061632639,336.099,1075.824,33044,81943
highest-temperature-in-shanghai-on-june-9-2026,Highest temperature in Shanghai on June 9?,2026-06-07T04:34:03Z,2026-06-09T12:00:00Z,10,28°C or higher,0xbb205043a60774a3a047d9b19a1ff1b89f476d221df716552ffbce4dc9d47524,74894507304943217982308150117351772383465743335849048351488006458495739714670,YES,microprice_minus_mid,book,valid_obs_200,valid_observation_steps,200,143755,0.06536519104318873,0.07629780488973098,0.5675552226262036,0.0,-0.00018674511161100537,-0.0014543124193492135,-0.001267567307738208,0.6192619387151751,0.1693228061632639,336.099,1075.824,33044,81943
highest-temperature-in-shanghai-on-june-9-2026,Highest temperature in Shanghai on June 9?,2026-06-07T04:34:03Z,2026-06-09T12:00:00Z,10,28°C or higher,0xbb205043a60774a3a047d9b19a1ff1b89f476d221df716552ffbce4dc9d47524,74894507304943217982308150117351772383465743335849048351488006458495739714670,YES,ofi_30s,flow_clock_sensitive,valid_obs_200,valid_observation_steps,200,143755,0.03779600388378611,-0.08844468885430992,0.5288034640893062,,-0.0003591196637178414,-0.00037304468066718527,-1.3925016949343865e-05,0.6192619387151751,0.1693228061632639,336.099,1075.824,33044,81943
highest-temperature-in-shanghai-on-june-9-2026,Highest temperature in Shanghai on June 9?,2026-06-07T04:34:03Z,2026-06-09T12:00:00Z,10,28°C or higher,0xbb205043a60774a3a047d9b19a1ff1b89f476d221df716552ffbce4dc9d47524,74894507304943217982308150117351772383465743335849048351488006458495739714670,YES,trade_pressure_30s,flow_clock_sensitive,valid_obs_200,valid_observation_steps,200,143755,0.07358972764252518,0.28727263007688747,0.5758865766539382,,-0.00037989866202200936,0.0001736601578728708,0.0005535588198948802,0.6192619387151751,0.1693228061632639,336.099,1075.824,33044,81943
highest-temperature-in-shanghai-on-june-10-2026,Highest temperature in Shanghai on June 10?,2026-06-08T04:26:36Z,2026-06-10T12:00:00Z,0,23°C or below,0x209ea702bffd8aa70d4fca6c1287885fdb91716c30e0e8bd81567963400b0e50,12036673829484768976214971983373134806036380987353183612468179472146562556837,YES,depth_imbalance_1,book,wall_60s,wall_clock_seconds,60,85103,0.1594681888463673,0.06798494441398241,0.8491886732421253,0.7,-6.258104527259401e-06,2.909793340283314e-05,3.5356037930092544e-05,0.9630682819642081,0.020011045439056203,62.297,73.532,19519,48035
highest-temperature-in-shanghai-on-june-10-2026,Highest temperature in Shanghai on June 10?,2026-06-08T04:26:36Z,2026-06-10T12:00:00Z,0,23°C or below,0x209ea702bffd8aa70d4fca6c1287885fdb91716c30e0e8bd81567963400b0e50,12036673829484768976214971983373134806036380987353183612468179472146562556837,YES,depth_imbalance_3,book,wall_60s,wall_clock_seconds,60,85103,0.04656297921160076,0.020082360165079124,0.5972001272669424,0.0,-3.8958147818343725e-07,-9.381473808819186e-06,-8.99189233063575e-06,0.9630682819642081,0.020011045439056203,62.297,73.532,19519,48035
highest-temperature-in-shanghai-on-june-10-2026,Highest temperature in Shanghai on June 10?,2026-06-08T04:26:36Z,2026-06-10T12:00:00Z,0,23°C or below,0x209ea702bffd8aa70d4fca6c1287885fdb91716c30e0e8bd81567963400b0e50,12036673829484768976214971983373134806036380987353183612468179472146562556837,YES,depth_imbalance_5,book,wall_60s,wall_clock_seconds,60,85103,0.04482608007020253,0.02331232571109468,0.5844734330257716,0.3,-3.994170669833217e-06,-1.709401709401718e-06,2.284768960431499e-06,0.9630682819642081,0.020011045439056203,62.297,73.532,19519,48035
highest-temperature-in-shanghai-on-june-10-2026,Highest temperature in Shanghai on June 10?,2026-06-08T04:26:36Z,2026-06-10T12:00:00Z,0,23°C or below,0x209ea702bffd8aa70d4fca6c1287885fdb91716c30e0e8bd81567963400b0e50,12036673829484768976214971983373134806036380987353183612468179472146562556837,YES,microprice_minus_mid,book,wall_60s,wall_clock_seconds,60,85103,0.1523522102318358,0.06432891794889345,0.8224626153356666,0.7999999999999999,-5.8162516234682916e-06,2.876691615634685e-05,3.4583167779815144e-05,0.9630682819642081,0.020011045439056203,62.297,73.532,19519,48035
highest-temperature-in-shanghai-on-june-10-2026,Highest temperature in Shanghai on June 10?,2026-06-08T04:26:36Z,2026-06-10T12:00:00Z,0,23°C or below,0x209ea702bffd8aa70d4fca6c1287885fdb91716c30e0e8bd81567963400b0e50,12036673829484768976214971983373134806036380987353183612468179472146562556837,YES,ofi_30s,flow_clock_sensitive,wall_60s,wall_clock_seconds,60,85103,0.02378633706425608,-0.3957122499676863,0.5189309576837416,,-3.5703837663891934e-06,7.1709928290071665e-06,1.074137659539636e-05,0.9630682819642081,0.020011045439056203,62.297,73.532,19519,48035
highest-temperature-in-shanghai-on-june-10-2026,Highest temperature in Shanghai on June 10?,2026-06-08T04:26:36Z,2026-06-10T12:00:00Z,0,23°C or below,0x209ea702bffd8aa70d4fca6c1287885fdb91716c30e0e8bd81567963400b0e50,12036673829484768976214971983373134806036380987353183612468179472146562556837,YES,trade_pressure_30s,flow_clock_sensitive,wall_60s,wall_clock_seconds,60,85103,0.01080894212088874,0.8817506924993199,0.5431116767419663,,,,,0.9630682819642081,0.020011045439056203,62.297,73.532,19519,48035
highest-temperature-in-shanghai-on-june-10-2026,Highest temperature in Shanghai on June 10?,2026-06-08T04:26:36Z,2026-06-10T12:00:00Z,0,23°C or below,0x209ea702bffd8aa70d4fca6c1287885fdb91716c30e0e8bd81567963400b0e50,12036673829484768976214971983373134806036380987353183612468179472146562556837,YES,depth_imbalance_1,book,wall_300s,wall_clock_seconds,300,84895,0.16476697807976046,0.08088498413956541,0.7282284638317904,0.7,-2.084511822604367e-05,4.5992518550315815e-05,6.683763677635949e-05,0.9249307968667178,0.02675069203133282,303.096,316.03520000000003,19519,48035
highest-temperature-in-shanghai-on-june-10-2026,Highest temperature in Shanghai on June 10?,2026-06-08T04:26:36Z,2026-06-10T12:00:00Z,0,23°C or below,0x209ea702bffd8aa70d4fca6c1287885fdb91716c30e0e8bd81567963400b0e50,12036673829484768976214971983373134806036380987353183612468179472146562556837,YES,depth_imbalance_3,book,wall_300s,wall_clock_seconds,300,84895,-0.018354782753802274,-0.04124799969120999,0.44672838537580417,-0.3,-3.631756756756757e-06,-0.00010645161290322581,-0.00010281985614646906,0.9249307968667178,0.02675069203133282,303.096,316.03520000000003,19519,48035
highest-temperature-in-shanghai-on-june-10-2026,Highest temperature in Shanghai on June 10?,2026-06-08T04:26:36Z,2026-06-10T12:00:00Z,0,23°C or below,0x209ea702bffd8aa70d4fca6c1287885fdb91716c30e0e8bd81567963400b0e50,12036673829484768976214971983373134806036380987353183612468179472146562556837,YES,depth_imbalance_5,book,wall_300s,wall_clock_seconds,300,84895,-0.014867503020868622,-0.028017767639337672,0.461635022752236,-0.39999999999999997,-7.751514820677983e-06,-8.903625110521664e-05,-8.128473628453866e-05,0.9249307968667178,0.02675069203133282,303.096,316.03520000000003,19519,48035
highest-temperature-in-shanghai-on-june-10-2026,Highest temperature in Shanghai on June 10?,2026-06-08T04:26:36Z,2026-06-10T12:00:00Z,0,23°C or below,0x209ea702bffd8aa70d4fca6c1287885fdb91716c30e0e8bd81567963400b0e50,12036673829484768976214971983373134806036380987353183612468179472146562556837,YES,microprice_minus_mid,book,wall_300s,wall_clock_seconds,300,84895,0.12063909824878472,0.058271866048891924,0.6674001886199309,0.3,-2.076487252124646e-05,3.492855522794282e-05,5.569342774918928e-05,0.9249307968667178,0.02675069203133282,303.096,316.03520000000003,19519,48035
highest-temperature-in-shanghai-on-june-10-2026,Highest temperature in Shanghai on June 10?,2026-06-08T04:26:36Z,2026-06-10T12:00:00Z,0,23°C or below,0x209ea702bffd8aa70d4fca6c1287885fdb91716c30e0e8bd81567963400b0e50,12036673829484768976214971983373134806036380987353183612468179472146562556837,YES,ofi_30s,flow_clock_sensitive,wall_300s,wall_clock_seconds,300,84895,0.06289657184325692,-0.3226681668767282,0.6645222030440923,,-3.221333333333334e-05,8.691258211217778e-06,4.0904591544551116e-05,0.9249307968667178,0.02675069203133282,303.096,316.03520000000003,19519,48035
highest-temperature-in-shanghai-on-june-10-2026,Highest temperature in Shanghai on June 10?,2026-06-08T04:26:36Z,2026-06-10T12:00:00Z,0,23°C or below,0x209ea702bffd8aa70d4fca6c1287885fdb91716c30e0e8bd81567963400b0e50,12036673829484768976214971983373134806036380987353183612468179472146562556837,YES,trade_pressure_30s,flow_clock_sensitive,wall_300s,wall_clock_seconds,300,84895,0.005588375325336248,0.7761189975425358,0.35697473717244627,,,,,0.9249307968667178,0.02675069203133282,303.096,316.03520000000003,19519,48035
highest-temperature-in-shanghai-on-june-10-2026,Highest temperature in Shanghai on June 10?,2026-06-08T04:26:36Z,2026-06-10T12:00:00Z,0,23°C or below,0x209ea702bffd8aa70d4fca6c1287885fdb91716c30e0e8bd81567963400b0e50,12036673829484768976214971983373134806036380987353183612468179472146562556837,YES,depth_imbalance_1,book,wall_900s,wall_clock_seconds,900,84183,0.1970673417097605,0.09421077149293959,0.6199473158325007,0.7999999999999999,-6.357864357864358e-05,6.555466977371682e-05,0.00012913331335236042,0.8692253780454486,0.03637313946996425,903.515,917.203,19519,48035
highest-temperature-in-shanghai-on-june-10-2026,Highest temperature in Shanghai on June 10?,2026-06-08T04:26:36Z,2026-06-10T12:00:00Z,0,23°C or below,0x209ea702bffd8aa70d4fca6c1287885fdb91716c30e0e8bd81567963400b0e50,12036673829484768976214971983373134806036380987353183612468179472146562556837,YES,depth_imbalance_3,book,wall_900s,wall_clock_seconds,900,84183,0.00688986805109797,-0.11592481304629297,0.3563448087928059,-0.6,-2.0207648991084e-05,-0.00011917953187250996,-9.897188288142597e-05,0.8692253780454486,0.03637313946996425,903.515,917.203,19519,48035
highest-temperature-in-shanghai-on-june-10-2026,Highest temperature in Shanghai on June 10?,2026-06-08T04:26:36Z,2026-06-10T12:00:00Z,0,23°C or below,0x209ea702bffd8aa70d4fca6c1287885fdb91716c30e0e8bd81567963400b0e50,12036673829484768976214971983373134806036380987353183612468179472146562556837,YES,depth_imbalance_5,book,wall_900s,wall_clock_seconds,900,84183,-0.027412958459300852,-0.10419078470544135,0.3837769098010719,-0.6,-2.8000227182370646e-05,-0.0002302950505715483,-0.00020229482338917764,0.8692253780454486,0.03637313946996425,903.515,917.203,19519,48035
highest-temperature-in-shanghai-on-june-10-2026,Highest temperature in Shanghai on June 10?,2026-06-08T04:26:36Z,2026-06-10T12:00:00Z,0,23°C or below,0x209ea702bffd8aa70d4fca6c1287885fdb91716c30e0e8bd81567963400b0e50,12036673829484768976214971983373134806036380987353183612468179472146562556837,YES,microprice_minus_mid,book,wall_900s,wall_clock_seconds,900,84183,0.09979431437463457,0.037870498720011275,0.5483695158506676,0.3,-6.356593628952998e-05,1.6972858546911613e-05,8.053879483644159e-05,0.8692253780454486,0.03637313946996425,903.515,917.203,19519,48035
highest-temperature-in-shanghai-on-june-10-2026,Highest temperature in Shanghai on June 10?,2026-06-08T04:26:36Z,2026-06-10T12:00:00Z,0,23°C or below,0x209ea702bffd8aa70d4fca6c1287885fdb91716c30e0e8bd81567963400b0e50,12036673829484768976214971983373134806036380987353183612468179472146562556837,YES,ofi_30s,flow_clock_sensitive,wall_900s,wall_clock_seconds,900,84183,0.03579630075349863,-0.2532469939651235,0.7197747297665547,,-8.193370537215088e-05,1.2833570992055406e-05,9.476727636420628e-05,0.8692253780454486,0.03637313946996425,903.515,917.203,19519,48035
highest-temperature-in-shanghai-on-june-10-2026,Highest temperature in Shanghai on June 10?,2026-06-08T04:26:36Z,2026-06-10T12:00:00Z,0,23°C or below,0x209ea702bffd8aa70d4fca6c1287885fdb91716c30e0e8bd81567963400b0e50,12036673829484768976214971983373134806036380987353183612468179472146562556837,YES,trade_pressure_30s,flow_clock_sensitive,wall_900s,wall_clock_seconds,900,84183,0.0018603482083714474,0.5971395009605842,0.27849940957398495,,,,,0.8692253780454486,0.03637313946996425,903.515,917.203,19519,48035
highest-temperature-in-shanghai-on-june-10-2026,Highest temperature in Shanghai on June 10?,2026-06-08T04:26:36Z,2026-06-10T12:00:00Z,0,23°C or below,0x209ea702bffd8aa70d4fca6c1287885fdb91716c30e0e8bd81567963400b0e50,12036673829484768976214971983373134806036380987353183612468179472146562556837,YES,depth_imbalance_1,book,valid_obs_10,valid_observation_steps,10,85224,0.13373445975628506,0.056578625415486306,0.8246527777777778,0.7,-6.677184876317123e-06,2.3854786288097138e-05,3.0531971164414264e-05,0.9662067023373697,0.016274758284051442,20.665,63.481399999999994,19519,48035
highest-temperature-in-shanghai-on-june-10-2026,Highest temperature in Shanghai on June 10?,2026-06-08T04:26:36Z,2026-06-10T12:00:00Z,0,23°C or below,0x209ea702bffd8aa70d4fca6c1287885fdb91716c30e0e8bd81567963400b0e50,12036673829484768976214971983373134806036380987353183612468179472146562556837,YES,depth_imbalance_3,book,valid_obs_10,valid_observation_steps,10,85224,0.00503905075433471,-0.007159802607414988,0.5253472222222222,0.0,1.299132069213334e-06,-4.256943221184898e-06,-5.556075290398232e-06,0.9662067023373697,0.016274758284051442,20.665,63.481399999999994,19519,48035
highest-temperature-in-shanghai-on-june-10-2026,Highest temperature in Shanghai on June 10?,2026-06-08T04:26:36Z,2026-06-10T12:00:00Z,0,23°C or below,0x209ea702bffd8aa70d4fca6c1287885fdb91716c30e0e8bd81567963400b0e50,12036673829484768976214971983373134806036380987353183612468179472146562556837,YES,depth_imbalance_5,book,valid_obs_10,valid_observation_steps,10,85224,0.020122141591002046,-0.0014129295903101307,0.5708333333333333,0.7,-2.6276276276276273e-06,3.286577850812841e-06,5.914205478440469e-06,0.9662067023373697,0.016274758284051442,20.665,63.481399999999994,19519,48035
highest-temperature-in-shanghai-on-june-10-2026,Highest temperature in Shanghai on June 10?,2026-06-08T04:26:36Z,2026-06-10T12:00:00Z,0,23°C or below,0x209ea702bffd8aa70d4fca6c1287885fdb91716c30e0e8bd81567963400b0e50,12036673829484768976214971983373134806036380987353183612468179472146562556837,YES,microprice_minus_mid,book,valid_obs_10,valid_observation_steps,10,85224,0.1206811079118937,0.05372807328172361,0.8232638888888889,0.8999999999999998,-6.038715503132229e-06,1.0811219475315633e-05,1.6849934978447862e-05,0.9662067023373697,0.016274758284051442,20.665,63.481399999999994,19519,48035
highest-temperature-in-shanghai-on-june-10-2026,Highest temperature in Shanghai on June 10?,2026-06-08T04:26:36Z,2026-06-10T12:00:00Z,0,23°C or below,0x209ea702bffd8aa70d4fca6c1287885fdb91716c30e0e8bd81567963400b0e50,12036673829484768976214971983373134806036380987353183612468179472146562556837,YES,ofi_30s,flow_clock_sensitive,valid_obs_10,valid_observation_steps,10,85224,0.0788470793388605,0.44423213615782636,0.5871527777777777,,-3.325721568731578e-06,9.190062613613408e-06,1.2515784182344986e-05,0.9662067023373697,0.016274758284051442,20.665,63.481399999999994,19519,48035
highest-temperature-in-shanghai-on-june-10-2026,Highest temperature in Shanghai on June 10?,2026-06-08T04:26:36Z,2026-06-10T12:00:00Z,0,23°C or below,0x209ea702bffd8aa70d4fca6c1287885fdb91716c30e0e8bd81567963400b0e50,12036673829484768976214971983373134806036380987353183612468179472146562556837,YES,trade_pressure_30s,flow_clock_sensitive,valid_obs_10,valid_observation_steps,10,85224,0.010775863190563367,-0.9036959364486515,0.4829861111111111,,,,,0.9662067023373697,0.016274758284051442,20.665,63.481399999999994,19519,48035
highest-temperature-in-shanghai-on-june-10-2026,Highest temperature in Shanghai on June 10?,2026-06-08T04:26:36Z,2026-06-10T12:00:00Z,0,23°C or below,0x209ea702bffd8aa70d4fca6c1287885fdb91716c30e0e8bd81567963400b0e50,12036673829484768976214971983373134806036380987353183612468179472146562556837,YES,depth_imbalance_1,book,valid_obs_50,valid_observation_steps,50,85173,0.16395013677384082,0.08180422649108321,0.7529656607700312,0.8999999999999998,-1.904385171790235e-05,4.111731158398234e-05,6.016116330188469e-05,0.9435854085214798,0.02509011071583718,122.455,293.6802,19519,48035
highest-temperature-in-shanghai-on-june-10-2026,Highest temperature in Shanghai on June 10?,2026-06-08T04:26:36Z,2026-06-10T12:00:00Z,0,23°C or below,0x209ea702bffd8aa70d4fca6c1287885fdb91716c30e0e8bd81567963400b0e50,12036673829484768976214971983373134806036380987353183612468179472146562556837,YES,depth_imbalance_3,book,valid_obs_50,valid_observation_steps,50,85173,-0.003011316833596302,-0.0028021900495271254,0.5130072840790842,-0.3,6.458587426543963e-06,-2.234161235394281e-05,-2.8800199780486773e-05,0.9435854085214798,0.02509011071583718,122.455,293.6802,19519,48035
highest-temperature-in-shanghai-on-june-10-2026,Highest temperature in Shanghai on June 10?,2026-06-08T04:26:36Z,2026-06-10T12:00:00Z,0,23°C or below,0x209ea702bffd8aa70d4fca6c1287885fdb91716c30e0e8bd81567963400b0e50,12036673829484768976214971983373134806036380987353183612468179472146562556837,YES,depth_imbalance_5,book,valid_obs_50,valid_observation_steps,50,85173,0.017451500988023193,0.015148555209394081,0.5292403746097815,-0.49999999999999994,2.1777706081626073e-06,-3.581703951617637e-06,-5.759474559780245e-06,0.9435854085214798,0.02509011071583718,122.455,293.6802,19519,48035
highest-temperature-in-shanghai-on-june-10-2026,Highest temperature in Shanghai on June 10?,2026-06-08T04:26:36Z,2026-06-10T12:00:00Z,0,23°C or below,0x209ea702bffd8aa70d4fca6c1287885fdb91716c30e0e8bd81567963400b0e50,12036673829484768976214971983373134806036380987353183612468179472146562556837,YES,microprice_minus_mid,book,valid_obs_50,valid_observation_steps,50,85173,0.1506034691540742,0.07670289263345016,0.7527575442247658,0.7999999999999999,-1.8960833144668325e-05,2.8464504422771592e-05,4.742533756743992e-05,0.9435854085214798,0.02509011071583718,122.455,293.6802,19519,48035
highest-temperature-in-shanghai-on-june-10-2026,Highest temperature in Shanghai on June 10?,2026-06-08T04:26:36Z,2026-06-10T12:00:00Z,0,23°C or below,0x209ea702bffd8aa70d4fca6c1287885fdb91716c30e0e8bd81567963400b0e50,12036673829484768976214971983373134806036380987353183612468179472146562556837,YES,ofi_30s,flow_clock_sensitive,valid_obs_50,valid_observation_steps,50,85173,0.04724987993788908,-0.3646131512168462,0.5827263267429761,,-6.628938838407991e-06,1.0205112660402139e-05,1.6834051498810128e-05,0.9435854085214798,0.02509011071583718,122.455,293.6802,19519,48035
highest-temperature-in-shanghai-on-june-10-2026,Highest temperature in Shanghai on June 10?,2026-06-08T04:26:36Z,2026-06-10T12:00:00Z,0,23°C or below,0x209ea702bffd8aa70d4fca6c1287885fdb91716c30e0e8bd81567963400b0e50,12036673829484768976214971983373134806036380987353183612468179472146562556837,YES,trade_pressure_30s,flow_clock_sensitive,valid_obs_50,valid_observation_steps,50,85173,0.007929324492813895,0.8410471191460401,0.44557752341311135,,,,,0.9435854085214798,0.02509011071583718,122.455,293.6802,19519,48035
highest-temperature-in-shanghai-on-june-10-2026,Highest temperature in Shanghai on June 10?,2026-06-08T04:26:36Z,2026-06-10T12:00:00Z,0,23°C or below,0x209ea702bffd8aa70d4fca6c1287885fdb91716c30e0e8bd81567963400b0e50,12036673829484768976214971983373134806036380987353183612468179472146562556837,YES,depth_imbalance_1,book,valid_obs_200,valid_observation_steps,200,84987,0.18491142914577927,0.09605139001552292,0.6619640692163562,0.9999999999999999,-6.0137064534551684e-05,6.095541791868524e-05,0.00012109248245323692,0.8932424959111394,0.04188875945732877,528.377,1037.4592000000007,19519,48035
highest-temperature-in-shanghai-on-june-10-2026,Highest temperature in Shanghai on June 10?,2026-06-08T04:26:36Z,2026-06-10T12:00:00Z,0,23°C or below,0x209ea702bffd8aa70d4fca6c1287885fdb91716c30e0e8bd81567963400b0e50,12036673829484768976214971983373134806036380987353183612468179472146562556837,YES,depth_imbalance_3,book,valid_obs_200,valid_observation_steps,200,84987,-0.027231337298785727,-0.058799290562763167,0.4311694037253389,-0.3,1.9829710956755547e-05,-9.369635986978396e-05,-0.00011352607082653951,0.8932424959111394,0.04188875945732877,528.377,1037.4592000000007,19519,48035
highest-temperature-in-shanghai-on-june-10-2026,Highest temperature in Shanghai on June 10?,2026-06-08T04:26:36Z,2026-06-10T12:00:00Z,0,23°C or below,0x209ea702bffd8aa70d4fca6c1287885fdb91716c30e0e8bd81567963400b0e50,12036673829484768976214971983373134806036380987353183612468179472146562556837,YES,depth_imbalance_5,book,valid_obs_200,valid_observation_steps,200,84987,-0.0033749570444648568,-0.022760700232601135,0.45277196076270254,-0.8999999999999998,1.4176307642170442e-05,-4.67432950191571e-05,-6.091960266132754e-05,0.8932424959111394,0.04188875945732877,528.377,1037.4592000000007,19519,48035
highest-temperature-in-shanghai-on-june-10-2026,Highest temperature in Shanghai on June 10?,2026-06-08T04:26:36Z,2026-06-10T12:00:00Z,0,23°C or below,0x209ea702bffd8aa70d4fca6c1287885fdb91716c30e0e8bd81567963400b0e50,12036673829484768976214971983373134806036380987353183612468179472146562556837,YES,microprice_minus_mid,book,valid_obs_200,valid_observation_steps,200,84987,0.1497407056016744,0.07930940596876679,0.6478562768654249,0.3,-6.011897952179384e-05,3.266046722612837e-05,9.277944674792221e-05,0.8932424959111394,0.04188875945732877,528.377,1037.4592000000007,19519,48035
highest-temperature-in-shanghai-on-june-10-2026,Highest temperature in Shanghai on June 10?,2026-06-08T04:26:36Z,2026-06-10T12:00:00Z,0,23°C or below,0x209ea702bffd8aa70d4fca6c1287885fdb91716c30e0e8bd81567963400b0e50,12036673829484768976214971983373134806036380987353183612468179472146562556837,YES,ofi_30s,flow_clock_sensitive,valid_obs_200,valid_observation_steps,200,84987,0.05711109216057237,-0.28602099470670705,0.6240493772732283,,-2.2489783421854825e-05,2.1745742092457416e-05,4.423552551431224e-05,0.8932424959111394,0.04188875945732877,528.377,1037.4592000000007,19519,48035
highest-temperature-in-shanghai-on-june-10-2026,Highest temperature in Shanghai on June 10?,2026-06-08T04:26:36Z,2026-06-10T12:00:00Z,0,23°C or below,0x209ea702bffd8aa70d4fca6c1287885fdb91716c30e0e8bd81567963400b0e50,12036673829484768976214971983373134806036380987353183612468179472146562556837,YES,trade_pressure_30s,flow_clock_sensitive,valid_obs_200,valid_observation_steps,200,84987,0.004642289714969771,0.7049895766172238,0.39281384327124436,,,,,0.8932424959111394,0.04188875945732877,528.377,1037.4592000000007,19519,48035
highest-temperature-in-shanghai-on-june-10-2026,Highest temperature in Shanghai on June 10?,2026-06-08T04:26:36Z,2026-06-10T12:00:00Z,1,24°C,0xb3b7b4ad958cbe3e28c7d6ba4ebe7a7a879dac0223b694775f12050c38a6f384,68012748651234380826998744095104282306642841521116724279855731758194825122632,YES,depth_imbalance_1,book,wall_60s,wall_clock_seconds,60,66104,0.24906524055234502,0.24906524055234502,0.7636569779426923,0.9999999999999999,-9.470351180195741e-05,0.0001992448944568389,0.0002939484062587963,0.8532312719351325,0.08277865182137238,62.51,75.187,16145,35069
highest-temperature-in-shanghai-on-june-10-2026,Highest temperature in Shanghai on June 10?,2026-06-08T04:26:36Z,2026-06-10T12:00:00Z,1,24°C,0xb3b7b4ad958cbe3e28c7d6ba4ebe7a7a879dac0223b694775f12050c38a6f384,68012748651234380826998744095104282306642841521116724279855731758194825122632,YES,depth_imbalance_3,book,wall_60s,wall_clock_seconds,60,66104,0.11410821968751761,0.11410821968751761,0.6318284889713461,0.7,-3.909186588482936e-06,6.471712538226303e-05,6.862631197074597e-05,0.8532312719351325,0.08277865182137238,62.51,75.187,16145,35069
highest-temperature-in-shanghai-on-june-10-2026,Highest temperature in Shanghai on June 10?,2026-06-08T04:26:36Z,2026-06-10T12:00:00Z,1,24°C,0xb3b7b4ad958cbe3e28c7d6ba4ebe7a7a879dac0223b694775f12050c38a6f384,68012748651234380826998744095104282306642841521116724279855731758194825122632,YES,depth_imbalance_5,book,wall_60s,wall_clock_seconds,60,66104,0.05405922770877469,0.05405922770877469,0.5124716553287982,0.39999999999999997,-3.909480490188708e-06,4.9844236760124675e-05,5.375371725031338e-05,0.8532312719351325,0.08277865182137238,62.51,75.187,16145,35069
highest-temperature-in-shanghai-on-june-10-2026,Highest temperature in Shanghai on June 10?,2026-06-08T04:26:36Z,2026-06-10T12:00:00Z,1,24°C,0xb3b7b4ad958cbe3e28c7d6ba4ebe7a7a879dac0223b694775f12050c38a6f384,68012748651234380826998744095104282306642841521116724279855731758194825122632,YES,microprice_minus_mid,book,wall_60s,wall_clock_seconds,60,66104,0.10212092372497135,0.10212092372497135,0.5909090909090909,0.3,-2.1099069722834954e-05,0.0001270112325440195,0.00014811030226685447,0.8532312719351325,0.08277865182137238,62.51,75.187,16145,35069
highest-temperature-in-shanghai-on-june-10-2026,Highest temperature in Shanghai on June 10?,2026-06-08T04:26:36Z,2026-06-10T12:00:00Z,1,24°C,0xb3b7b4ad958cbe3e28c7d6ba4ebe7a7a879dac0223b694775f12050c38a6f384,68012748651234380826998744095104282306642841521116724279855731758194825122632,YES,ofi_30s,flow_clock_sensitive,wall_60s,wall_clock_seconds,60,66104,0.0759365780197904,0.0759365780197904,0.6089466089466089,,7.792401785862477e-06,-1.6999829147445714e-05,-2.479223093330819e-05,0.8532312719351325,0.08277865182137238,62.51,75.187,16145,35069
highest-temperature-in-shanghai-on-june-10-2026,Highest temperature in Shanghai on June 10?,2026-06-08T04:26:36Z,2026-06-10T12:00:00Z,1,24°C,0xb3b7b4ad958cbe3e28c7d6ba4ebe7a7a879dac0223b694775f12050c38a6f384,68012748651234380826998744095104282306642841521116724279855731758194825122632,YES,trade_pressure_30s,flow_clock_sensitive,wall_60s,wall_clock_seconds,60,66104,0.010950714563356239,0.010950714563356239,0.5645227788084931,,,,,0.8532312719351325,0.08277865182137238,62.51,75.187,16145,35069
highest-temperature-in-shanghai-on-june-10-2026,Highest temperature in Shanghai on June 10?,2026-06-08T04:26:36Z,2026-06-10T12:00:00Z,1,24°C,0xb3b7b4ad958cbe3e28c7d6ba4ebe7a7a879dac0223b694775f12050c38a6f384,68012748651234380826998744095104282306642841521116724279855731758194825122632,YES,depth_imbalance_1,book,wall_300s,wall_clock_seconds,300,65661,0.2739819081971383,0.2739819081971383,0.7460053503000507,0.9999999999999999,-0.00039596804868771403,0.00017350266003089078,0.0005694707087186048,0.7893574572425032,0.10634927887178082,303.343,316.818,16145,35069
highest-temperature-in-shanghai-on-june-10-2026,Highest temperature in Shanghai on June 10?,2026-06-08T04:26:36Z,2026-06-10T12:00:00Z,1,24°C,0xb3b7b4ad958cbe3e28c7d6ba4ebe7a7a879dac0223b694775f12050c38a6f384,68012748651234380826998744095104282306642841521116724279855731758194825122632,YES,depth_imbalance_3,book,wall_300s,wall_clock_seconds,300,65661,0.0759729360671588,0.0759729360671588,0.6046562070710723,-0.8999999999999998,-7.616734738933658e-06,-0.00010309633027522933,-9.547959553629566e-05,0.7893574572425032,0.10634927887178082,303.343,316.818,16145,35069
highest-temperature-in-shanghai-on-june-10-2026,Highest temperature in Shanghai on June 10?,2026-06-08T04:26:36Z,2026-06-10T12:00:00Z,1,24°C,0xb3b7b4ad958cbe3e28c7d6ba4ebe7a7a879dac0223b694775f12050c38a6f384,68012748651234380826998744095104282306642841521116724279855731758194825122632,YES,depth_imbalance_5,book,wall_300s,wall_clock_seconds,300,65661,0.000982935077407579,0.000982935077407579,0.5028559034053937,-0.6,-9.02477711535306e-06,-0.00018408778100626998,-0.00017506300389091693,0.7893574572425032,0.10634927887178082,303.343,316.818,16145,35069
highest-temperature-in-shanghai-on-june-10-2026,Highest temperature in Shanghai on June 10?,2026-06-08T04:26:36Z,2026-06-10T12:00:00Z,1,24°C,0xb3b7b4ad958cbe3e28c7d6ba4ebe7a7a879dac0223b694775f12050c38a6f384,68012748651234380826998744095104282306642841521116724279855731758194825122632,YES,microprice_minus_mid,book,wall_300s,wall_clock_seconds,300,65661,0.1497657777407136,0.1497657777407136,0.6017641529896609,0.6,-0.00019526235853216406,0.00012598395108903335,0.0003212463096211974,0.7893574572425032,0.10634927887178082,303.343,316.818,16145,35069
highest-temperature-in-shanghai-on-june-10-2026,Highest temperature in Shanghai on June 10?,2026-06-08T04:26:36Z,2026-06-10T12:00:00Z,1,24°C,0xb3b7b4ad958cbe3e28c7d6ba4ebe7a7a879dac0223b694775f12050c38a6f384,68012748651234380826998744095104282306642841521116724279855731758194825122632,YES,ofi_30s,flow_clock_sensitive,wall_300s,wall_clock_seconds,300,65661,0.04112741082984108,0.04112741082984108,0.5485503578916926,,-4.0345773140716955e-05,-0.0003028361524004783,-0.0002624903792597614,0.7893574572425032,0.10634927887178082,303.343,316.818,16145,35069
highest-temperature-in-shanghai-on-june-10-2026,Highest temperature in Shanghai on June 10?,2026-06-08T04:26:36Z,2026-06-10T12:00:00Z,1,24°C,0xb3b7b4ad958cbe3e28c7d6ba4ebe7a7a879dac0223b694775f12050c38a6f384,68012748651234380826998744095104282306642841521116724279855731758194825122632,YES,trade_pressure_30s,flow_clock_sensitive,wall_300s,wall_clock_seconds,300,65661,0.008423376798782843,0.008423376798782843,0.505241848022558,,,,,0.7893574572425032,0.10634927887178082,303.343,316.818,16145,35069
highest-temperature-in-shanghai-on-june-10-2026,Highest temperature in Shanghai on June 10?,2026-06-08T04:26:36Z,2026-06-10T12:00:00Z,1,24°C,0xb3b7b4ad958cbe3e28c7d6ba4ebe7a7a879dac0223b694775f12050c38a6f384,68012748651234380826998744095104282306642841521116724279855731758194825122632,YES,depth_imbalance_1,book,wall_900s,wall_clock_seconds,900,64629,0.2994822908530328,0.2994822908530328,0.6932177516083307,0.7,-0.0007297505984093895,0.0002433499227732968,0.0009731005211826863,0.7161955159448544,0.1292144393383775,903.81,919.4144,16145,35069
highest-temperature-in-shanghai-on-june-10-2026,Highest temperature in Shanghai on June 10?,2026-06-08T04:26:36Z,2026-06-10T12:00:00Z,1,24°C,0xb3b7b4ad958cbe3e28c7d6ba4ebe7a7a879dac0223b694775f12050c38a6f384,68012748651234380826998744095104282306642841521116724279855731758194825122632,YES,depth_imbalance_3,book,wall_900s,wall_clock_seconds,900,64629,0.1068497026321302,0.1068497026321302,0.6111111111111112,-0.39999999999999997,-1.451480744469156e-05,-6.790553619821913e-05,-5.339072875352758e-05,0.7161955159448544,0.1292144393383775,903.81,919.4144,16145,35069
highest-temperature-in-shanghai-on-june-10-2026,Highest temperature in Shanghai on June 10?,2026-06-08T04:26:36Z,2026-06-10T12:00:00Z,1,24°C,0xb3b7b4ad958cbe3e28c7d6ba4ebe7a7a879dac0223b694775f12050c38a6f384,68012748651234380826998744095104282306642841521116724279855731758194825122632,YES,depth_imbalance_5,book,wall_900s,wall_clock_seconds,900,64629,0.01174028238589109,0.01174028238589109,0.509213826191255,-0.7999999999999999,-2.2143643846733525e-05,-0.0003582622187742435,-0.00033611857492750995,0.7161955159448544,0.1292144393383775,903.81,919.4144,16145,35069
highest-temperature-in-shanghai-on-june-10-2026,Highest temperature in Shanghai on June 10?,2026-06-08T04:26:36Z,2026-06-10T12:00:00Z,1,24°C,0xb3b7b4ad958cbe3e28c7d6ba4ebe7a7a879dac0223b694775f12050c38a6f384,68012748651234380826998744095104282306642841521116724279855731758194825122632,YES,microprice_minus_mid,book,wall_900s,wall_clock_seconds,900,64629,0.1308512435046267,0.1308512435046267,0.5774179478791844,0.3,-0.0003943959956654111,-0.00027564263585363785,0.00011875335981177324,0.7161955159448544,0.1292144393383775,903.81,919.4144,16145,35069
highest-temperature-in-shanghai-on-june-10-2026,Highest temperature in Shanghai on June 10?,2026-06-08T04:26:36Z,2026-06-10T12:00:00Z,1,24°C,0xb3b7b4ad958cbe3e28c7d6ba4ebe7a7a879dac0223b694775f12050c38a6f384,68012748651234380826998744095104282306642841521116724279855731758194825122632,YES,ofi_30s,flow_clock_sensitive,wall_900s,wall_clock_seconds,900,64629,-0.00018761485174062203,-0.00018761485174062203,0.47535710391451313,,-0.00015452735810534912,-0.00044515633008713475,-0.00029062897198178566,0.7161955159448544,0.1292144393383775,903.81,919.4144,16145,35069
highest-temperature-in-shanghai-on-june-10-2026,Highest temperature in Shanghai on June 10?,2026-06-08T04:26:36Z,2026-06-10T12:00:00Z,1,24°C,0xb3b7b4ad958cbe3e28c7d6ba4ebe7a7a879dac0223b694775f12050c38a6f384,68012748651234380826998744095104282306642841521116724279855731758194825122632,YES,trade_pressure_30s,flow_clock_sensitive,wall_900s,wall_clock_seconds,900,64629,0.006202368979918856,0.006202368979918856,0.4555664594918766,,,,,0.7161955159448544,0.1292144393383775,903.81,919.4144,16145,35069
highest-temperature-in-shanghai-on-june-10-2026,Highest temperature in Shanghai on June 10?,2026-06-08T04:26:36Z,2026-06-10T12:00:00Z,1,24°C,0xb3b7b4ad958cbe3e28c7d6ba4ebe7a7a879dac0223b694775f12050c38a6f384,68012748651234380826998744095104282306642841521116724279855731758194825122632,YES,depth_imbalance_1,book,valid_obs_10,valid_observation_steps,10,66188,0.21371802508706206,0.21371802508706206,0.7757787325456499,0.8999999999999998,-9.056563039723663e-05,0.0001375493392826498,0.00022811496967988643,0.8874720493140751,0.0550401885538164,19.0135,68.42930000000001,16145,35069
highest-temperature-in-shanghai-on-june-10-2026,Highest temperature in Shanghai on June 10?,2026-06-08T04:26:36Z,2026-06-10T12:00:00Z,1,24°C,0xb3b7b4ad958cbe3e28c7d6ba4ebe7a7a879dac0223b694775f12050c38a6f384,68012748651234380826998744095104282306642841521116724279855731758194825122632,YES,depth_imbalance_3,book,valid_obs_10,valid_observation_steps,10,66188,0.0674455572067065,0.0674455572067065,0.6035177228786252,0.7,-1.6435081428357984e-06,2.4235474006116206e-05,2.5878982148952002e-05,0.8874720493140751,0.0550401885538164,19.0135,68.42930000000001,16145,35069
highest-temperature-in-shanghai-on-june-10-2026,Highest temperature in Shanghai on June 10?,2026-06-08T04:26:36Z,2026-06-10T12:00:00Z,1,24°C,0xb3b7b4ad958cbe3e28c7d6ba4ebe7a7a879dac0223b694775f12050c38a6f384,68012748651234380826998744095104282306642841521116724279855731758194825122632,YES,depth_imbalance_5,book,valid_obs_10,valid_observation_steps,10,66188,0.022738461055898045,0.022738461055898045,0.5056390977443609,0.09999999999999999,-1.6436309301456854e-06,3.252032520325206e-05,3.416395613339774e-05,0.8874720493140751,0.0550401885538164,19.0135,68.42930000000001,16145,35069
highest-temperature-in-shanghai-on-june-10-2026,Highest temperature in Shanghai on June 10?,2026-06-08T04:26:36Z,2026-06-10T12:00:00Z,1,24°C,0xb3b7b4ad958cbe3e28c7d6ba4ebe7a7a879dac0223b694775f12050c38a6f384,68012748651234380826998744095104282306642841521116724279855731758194825122632,YES,microprice_minus_mid,book,valid_obs_10,valid_observation_steps,10,66188,0.04926724980084077,0.04926724980084077,0.519468313641246,0.3,-2.497850797592894e-05,9.308591378263514e-05,0.00011806442175856408,0.8874720493140751,0.0550401885538164,19.0135,68.42930000000001,16145,35069
highest-temperature-in-shanghai-on-june-10-2026,Highest temperature in Shanghai on June 10?,2026-06-08T04:26:36Z,2026-06-10T12:00:00Z,1,24°C,0xb3b7b4ad958cbe3e28c7d6ba4ebe7a7a879dac0223b694775f12050c38a6f384,68012748651234380826998744095104282306642841521116724279855731758194825122632,YES,ofi_30s,flow_clock_sensitive,valid_obs_10,valid_observation_steps,10,66188,0.15714230850903335,0.15714230850903335,0.6381578947368421,,-1.5016159774591865e-05,3.741670937980525e-05,5.243286915439712e-05,0.8874720493140751,0.0550401885538164,19.0135,68.42930000000001,16145,35069
highest-temperature-in-shanghai-on-june-10-2026,Highest temperature in Shanghai on June 10?,2026-06-08T04:26:36Z,2026-06-10T12:00:00Z,1,24°C,0xb3b7b4ad958cbe3e28c7d6ba4ebe7a7a879dac0223b694775f12050c38a6f384,68012748651234380826998744095104282306642841521116724279855731758194825122632,YES,trade_pressure_30s,flow_clock_sensitive,valid_obs_10,valid_observation_steps,10,66188,0.011201418966951999,0.011201418966951999,0.4897959183673469,,,,,0.8874720493140751,0.0550401885538164,19.0135,68.42930000000001,16145,35069
highest-temperature-in-shanghai-on-june-10-2026,Highest temperature in Shanghai on June 10?,2026-06-08T04:26:36Z,2026-06-10T12:00:00Z,1,24°C,0xb3b7b4ad958cbe3e28c7d6ba4ebe7a7a879dac0223b694775f12050c38a6f384,68012748651234380826998744095104282306642841521116724279855731758194825122632,YES,depth_imbalance_1,book,valid_obs_50,valid_observation_steps,50,66138,0.2513423593492005,0.2513423593492005,0.7653947865508123,0.9999999999999999,-0.00027651842256764544,0.00015831474171958132,0.00043483316428722676,0.8399104901871843,0.07700565484290423,120.943,311.8686,16145,35069
highest-temperature-in-shanghai-on-june-10-2026,Highest temperature in Shanghai on June 10?,2026-06-08T04:26:36Z,2026-06-10T12:00:00Z,1,24°C,0xb3b7b4ad958cbe3e28c7d6ba4ebe7a7a879dac0223b694775f12050c38a6f384,68012748651234380826998744095104282306642841521116724279855731758194825122632,YES,depth_imbalance_3,book,valid_obs_50,valid_observation_steps,50,66138,0.08434491471202847,0.08434491471202847,0.6116358141292029,0.0,-5.1739652069586085e-06,4.892966360856262e-06,1.006693156781487e-05,0.8399104901871843,0.07700565484290423,120.943,311.8686,16145,35069
highest-temperature-in-shanghai-on-june-10-2026,Highest temperature in Shanghai on June 10?,2026-06-08T04:26:36Z,2026-06-10T12:00:00Z,1,24°C,0xb3b7b4ad958cbe3e28c7d6ba4ebe7a7a879dac0223b694775f12050c38a6f384,68012748651234380826998744095104282306642841521116724279855731758194825122632,YES,depth_imbalance_5,book,valid_obs_50,valid_observation_steps,50,66138,0.025962182675346814,0.025962182675346814,0.5171892708726861,0.3,-5.1743532058492695e-06,5.432717878580688e-06,1.0607071084429957e-05,0.8399104901871843,0.07700565484290423,120.943,311.8686,16145,35069
highest-temperature-in-shanghai-on-june-10-2026,Highest temperature in Shanghai on June 10?,2026-06-08T04:26:36Z,2026-06-10T12:00:00Z,1,24°C,0xb3b7b4ad958cbe3e28c7d6ba4ebe7a7a879dac0223b694775f12050c38a6f384,68012748651234380826998744095104282306642841521116724279855731758194825122632,YES,microprice_minus_mid,book,valid_obs_50,valid_observation_steps,50,66138,0.08821514469422245,0.08821514469422245,0.5637514166981489,0.6,-0.00013704040597472235,0.00010219338190649672,0.00023923378788121908,0.8399104901871843,0.07700565484290423,120.943,311.8686,16145,35069
highest-temperature-in-shanghai-on-june-10-2026,Highest temperature in Shanghai on June 10?,2026-06-08T04:26:36Z,2026-06-10T12:00:00Z,1,24°C,0xb3b7b4ad958cbe3e28c7d6ba4ebe7a7a879dac0223b694775f12050c38a6f384,68012748651234380826998744095104282306642841521116724279855731758194825122632,YES,ofi_30s,flow_clock_sensitive,valid_obs_50,valid_observation_steps,50,66138,0.10787314074690998,0.10787314074690998,0.5655459010200227,,-4.634652069337315e-05,-3.835639842815648e-05,7.990122265216672e-06,0.8399104901871843,0.07700565484290423,120.943,311.8686,16145,35069
highest-temperature-in-shanghai-on-june-10-2026,Highest temperature in Shanghai on June 10?,2026-06-08T04:26:36Z,2026-06-10T12:00:00Z,1,24°C,0xb3b7b4ad958cbe3e28c7d6ba4ebe7a7a879dac0223b694775f12050c38a6f384,68012748651234380826998744095104282306642841521116724279855731758194825122632,YES,trade_pressure_30s,flow_clock_sensitive,valid_obs_50,valid_observation_steps,50,66138,0.009287231900904133,0.009287231900904133,0.4814884775217227,,,,,0.8399104901871843,0.07700565484290423,120.943,311.8686,16145,35069
highest-temperature-in-shanghai-on-june-10-2026,Highest temperature in Shanghai on June 10?,2026-06-08T04:26:36Z,2026-06-10T12:00:00Z,1,24°C,0xb3b7b4ad958cbe3e28c7d6ba4ebe7a7a879dac0223b694775f12050c38a6f384,68012748651234380826998744095104282306642841521116724279855731758194825122632,YES,depth_imbalance_1,book,valid_obs_200,valid_observation_steps,200,65871,0.2928076007621766,0.2928076007621766,0.7502482292976765,0.9999999999999999,-0.0006417424242424243,0.00011064870430753395,0.0007523911285499583,0.7706578008531827,0.09424481182918128,522.807,1191.684,16145,35069
highest-temperature-in-shanghai-on-june-10-2026,Highest temperature in Shanghai on June 10?,2026-06-08T04:26:36Z,2026-06-10T12:00:00Z,1,24°C,0xb3b7b4ad958cbe3e28c7d6ba4ebe7a7a879dac0223b694775f12050c38a6f384,68012748651234380826998744095104282306642841521116724279855731758194825122632,YES,depth_imbalance_3,book,valid_obs_200,valid_observation_steps,200,65871,0.06991887622168459,0.06991887622168459,0.5841000860528232,-0.49999999999999994,-1.2712789175032738e-05,-0.00016655198776758411,-0.00015383919859255138,0.7706578008531827,0.09424481182918128,522.807,1191.684,16145,35069
highest-temperature-in-shanghai-on-june-10-2026,Highest temperature in Shanghai on June 10?,2026-06-08T04:26:36Z,2026-06-10T12:00:00Z,1,24°C,0xb3b7b4ad958cbe3e28c7d6ba4ebe7a7a879dac0223b694775f12050c38a6f384,68012748651234380826998744095104282306642841521116724279855731758194825122632,YES,depth_imbalance_5,book,valid_obs_200,valid_observation_steps,200,65871,-0.009117450522261624,-0.009117450522261624,0.5044681273581784,-0.7999999999999999,-2.6297891634549992e-05,-0.00015716890813767946,-0.00013087101650312947,0.7706578008531827,0.09424481182918128,522.807,1191.684,16145,35069
highest-temperature-in-shanghai-on-june-10-2026,Highest temperature in Shanghai on June 10?,2026-06-08T04:26:36Z,2026-06-10T12:00:00Z,1,24°C,0xb3b7b4ad958cbe3e28c7d6ba4ebe7a7a879dac0223b694775f12050c38a6f384,68012748651234380826998744095104282306642841521116724279855731758194825122632,YES,microprice_minus_mid,book,valid_obs_200,valid_observation_steps,200,65871,0.13222124247164774,0.13222124247164774,0.5737075527900973,0.6,-0.00032614810144997826,-1.0930620919993837e-05,0.0003152174805299844,0.7706578008531827,0.09424481182918128,522.807,1191.684,16145,35069
highest-temperature-in-shanghai-on-june-10-2026,Highest temperature in Shanghai on June 10?,2026-06-08T04:26:36Z,2026-06-10T12:00:00Z,1,24°C,0xb3b7b4ad958cbe3e28c7d6ba4ebe7a7a879dac0223b694775f12050c38a6f384,68012748651234380826998744095104282306642841521116724279855731758194825122632,YES,ofi_30s,flow_clock_sensitive,valid_obs_200,valid_observation_steps,200,65871,0.0318029715513954,0.0318029715513954,0.4793142251936188,,-0.00010213602585890901,-0.0004509653169314881,-0.0003488292910725791,0.7706578008531827,0.09424481182918128,522.807,1191.684,16145,35069
highest-temperature-in-shanghai-on-june-10-2026,Highest temperature in Shanghai on June 10?,2026-06-08T04:26:36Z,2026-06-10T12:00:00Z,1,24°C,0xb3b7b4ad958cbe3e28c7d6ba4ebe7a7a879dac0223b694775f12050c38a6f384,68012748651234380826998744095104282306642841521116724279855731758194825122632,YES,trade_pressure_30s,flow_clock_sensitive,valid_obs_200,valid_observation_steps,200,65871,0.006287242433930983,0.006287242433930983,0.4112663003905474,,,,,0.7706578008531827,0.09424481182918128,522.807,1191.684,16145,35069
highest-temperature-in-shanghai-on-june-10-2026,Highest temperature in Shanghai on June 10?,2026-06-08T04:26:36Z,2026-06-10T12:00:00Z,2,25°C,0x1637fef417faa8e8123e6932708157b1347d8325263f33ca81ba04629ba4ecb3,56788830322716258264964226087573396454736855011978630420131480404812475321234,YES,depth_imbalance_1,book,wall_60s,wall_clock_seconds,60,123611,0.028541357562795282,0.00798948672783967,0.5448720882339481,0.3,-0.0001545551900864377,-0.00010923518487253081,4.5320005213906895e-05,0.8232277062720955,0.07721804693757028,61.777,70.382,25323,56270
highest-temperature-in-shanghai-on-june-10-2026,Highest temperature in Shanghai on June 10?,2026-06-08T04:26:36Z,2026-06-10T12:00:00Z,2,25°C,0x1637fef417faa8e8123e6932708157b1347d8325263f33ca81ba04629ba4ecb3,56788830322716258264964226087573396454736855011978630420131480404812475321234,YES,depth_imbalance_3,book,wall_60s,wall_clock_seconds,60,123611,0.09150196127339441,0.09170520652425625,0.5961740881424191,0.8999999999999998,-0.00017126629564687045,-4.4330482020513216e-05,0.00012693581362635724,0.8232277062720955,0.07721804693757028,61.777,70.382,25323,56270
highest-temperature-in-shanghai-on-june-10-2026,Highest temperature in Shanghai on June 10?,2026-06-08T04:26:36Z,2026-06-10T12:00:00Z,2,25°C,0x1637fef417faa8e8123e6932708157b1347d8325263f33ca81ba04629ba4ecb3,56788830322716258264964226087573396454736855011978630420131480404812475321234,YES,depth_imbalance_5,book,wall_60s,wall_clock_seconds,60,123611,0.029699063136759213,0.03541930215339512,0.5373209464097753,0.39999999999999997,-0.00021890667960536956,-8.692585369901663e-05,0.00013198082590635293,0.8232277062720955,0.07721804693757028,61.777,70.382,25323,56270
highest-temperature-in-shanghai-on-june-10-2026,Highest temperature in Shanghai on June 10?,2026-06-08T04:26:36Z,2026-06-10T12:00:00Z,2,25°C,0x1637fef417faa8e8123e6932708157b1347d8325263f33ca81ba04629ba4ecb3,56788830322716258264964226087573396454736855011978630420131480404812475321234,YES,microprice_minus_mid,book,wall_60s,wall_clock_seconds,60,123611,0.04187240569267352,0.02779382436743459,0.5303189785364514,0.09999999999999999,-0.00017203105566652847,-8.333333333333332e-05,8.869772233319515e-05,0.8232277062720955,0.07721804693757028,61.777,70.382,25323,56270
highest-temperature-in-shanghai-on-june-10-2026,Highest temperature in Shanghai on June 10?,2026-06-08T04:26:36Z,2026-06-10T12:00:00Z,2,25°C,0x1637fef417faa8e8123e6932708157b1347d8325263f33ca81ba04629ba4ecb3,56788830322716258264964226087573396454736855011978630420131480404812475321234,YES,ofi_30s,flow_clock_sensitive,wall_60s,wall_clock_seconds,60,123611,0.0937410637439317,0.3367717355983101,0.5377785913688161,,-6.839874261764147e-05,-7.769309215823085e-05,-9.29434954058938e-06,0.8232277062720955,0.07721804693757028,61.777,70.382,25323,56270
highest-temperature-in-shanghai-on-june-10-2026,Highest temperature in Shanghai on June 10?,2026-06-08T04:26:36Z,2026-06-10T12:00:00Z,2,25°C,0x1637fef417faa8e8123e6932708157b1347d8325263f33ca81ba04629ba4ecb3,56788830322716258264964226087573396454736855011978630420131480404812475321234,YES,trade_pressure_30s,flow_clock_sensitive,wall_60s,wall_clock_seconds,60,123611,0.006189395997190087,0.6229001327390721,0.44066633106036335,,-6.9642293146314e-05,-0.00021923076923076941,-0.00014958847608445542,0.8232277062720955,0.07721804693757028,61.777,70.382,25323,56270
highest-temperature-in-shanghai-on-june-10-2026,Highest temperature in Shanghai on June 10?,2026-06-08T04:26:36Z,2026-06-10T12:00:00Z,2,25°C,0x1637fef417faa8e8123e6932708157b1347d8325263f33ca81ba04629ba4ecb3,56788830322716258264964226087573396454736855011978630420131480404812475321234,YES,depth_imbalance_1,book,wall_300s,wall_clock_seconds,300,123569,0.036320424389104225,-0.010224995348934326,0.5505024172907385,0.0,-0.0004020456634998468,-0.00016385277730879627,0.00023819288619105055,0.6585227686555689,0.14624218048215976,302.298,312.08779999999996,25323,56270
highest-temperature-in-shanghai-on-june-10-2026,Highest temperature in Shanghai on June 10?,2026-06-08T04:26:36Z,2026-06-10T12:00:00Z,2,25°C,0x1637fef417faa8e8123e6932708157b1347d8325263f33ca81ba04629ba4ecb3,56788830322716258264964226087573396454736855011978630420131480404812475321234,YES,depth_imbalance_3,book,wall_300s,wall_clock_seconds,300,123569,0.07435641115403832,0.0870429117546632,0.5837283154801403,0.7999999999999999,-0.00035547113622480146,-2.9391494709531014e-06,0.00035253198675384834,0.6585227686555689,0.14624218048215976,302.298,312.08779999999996,25323,56270
highest-temperature-in-shanghai-on-june-10-2026,Highest temperature in Shanghai on June 10?,2026-06-08T04:26:36Z,2026-06-10T12:00:00Z,2,25°C,0x1637fef417faa8e8123e6932708157b1347d8325263f33ca81ba04629ba4ecb3,56788830322716258264964226087573396454736855011978630420131480404812475321234,YES,depth_imbalance_5,book,wall_300s,wall_clock_seconds,300,123569,0.017871806498925842,0.02086088032184309,0.4997393117831074,0.6,-0.0006851904090267983,-4.203145097713791e-05,0.0006431589580496604,0.6585227686555689,0.14624218048215976,302.298,312.08779999999996,25323,56270
highest-temperature-in-shanghai-on-june-10-2026,Highest temperature in Shanghai on June 10?,2026-06-08T04:26:36Z,2026-06-10T12:00:00Z,2,25°C,0x1637fef417faa8e8123e6932708157b1347d8325263f33ca81ba04629ba4ecb3,56788830322716258264964226087573396454736855011978630420131480404812475321234,YES,microprice_minus_mid,book,wall_300s,wall_clock_seconds,300,123569,0.0823767764936171,0.04708692710923826,0.5489382879893829,0.3,-0.0004715941263070477,-6.60330782522834e-05,0.0004055610480547643,0.6585227686555689,0.14624218048215976,302.298,312.08779999999996,25323,56270
highest-temperature-in-shanghai-on-june-10-2026,Highest temperature in Shanghai on June 10?,2026-06-08T04:26:36Z,2026-06-10T12:00:00Z,2,25°C,0x1637fef417faa8e8123e6932708157b1347d8325263f33ca81ba04629ba4ecb3,56788830322716258264964226087573396454736855011978630420131480404812475321234,YES,ofi_30s,flow_clock_sensitive,wall_300s,wall_clock_seconds,300,123569,0.09777621916969799,0.2535766935030713,0.5288415963598445,,-0.0001675465512969563,0.00016746283076592776,0.0003350093820628841,0.6585227686555689,0.14624218048215976,302.298,312.08779999999996,25323,56270
highest-temperature-in-shanghai-on-june-10-2026,Highest temperature in Shanghai on June 10?,2026-06-08T04:26:36Z,2026-06-10T12:00:00Z,2,25°C,0x1637fef417faa8e8123e6932708157b1347d8325263f33ca81ba04629ba4ecb3,56788830322716258264964226087573396454736855011978630420131480404812475321234,YES,trade_pressure_30s,flow_clock_sensitive,wall_300s,wall_clock_seconds,300,123569,0.043132631620343656,0.37183343719876677,0.43214996682149964,,-0.00011731705538768138,0.00014999999999999934,0.0002673170553876807,0.6585227686555689,0.14624218048215976,302.298,312.08779999999996,25323,56270
highest-temperature-in-shanghai-on-june-10-2026,Highest temperature in Shanghai on June 10?,2026-06-08T04:26:36Z,2026-06-10T12:00:00Z,2,25°C,0x1637fef417faa8e8123e6932708157b1347d8325263f33ca81ba04629ba4ecb3,56788830322716258264964226087573396454736855011978630420131480404812475321234,YES,depth_imbalance_1,book,wall_900s,wall_clock_seconds,900,123138,0.03098320340742333,0.07256382965697808,0.5267934174788305,0.09999999999999999,-0.001549988334111059,-0.0001891355731892622,0.001360852760921797,0.49170848966200525,0.21903068102454157,902.66,913.648,25323,56270
highest-temperature-in-shanghai-on-june-10-2026,Highest temperature in Shanghai on June 10?,2026-06-08T04:26:36Z,2026-06-10T12:00:00Z,2,25°C,0x1637fef417faa8e8123e6932708157b1347d8325263f33ca81ba04629ba4ecb3,56788830322716258264964226087573396454736855011978630420131480404812475321234,YES,depth_imbalance_3,book,wall_900s,wall_clock_seconds,900,123138,0.04563118755611853,0.06970830599823843,0.5533791340469724,0.49999999999999994,-0.0013864950894763401,-0.00015591487239171998,0.0012305802170846202,0.49170848966200525,0.21903068102454157,902.66,913.648,25323,56270
highest-temperature-in-shanghai-on-june-10-2026,Highest temperature in Shanghai on June 10?,2026-06-08T04:26:36Z,2026-06-10T12:00:00Z,2,25°C,0x1637fef417faa8e8123e6932708157b1347d8325263f33ca81ba04629ba4ecb3,56788830322716258264964226087573396454736855011978630420131480404812475321234,YES,depth_imbalance_5,book,wall_900s,wall_clock_seconds,900,123138,0.041622160591319346,0.012488735805141041,0.4843745007189647,0.19999999999999998,-0.001887857258194736,-0.00017449483423924314,0.0017133624239554928,0.49170848966200525,0.21903068102454157,902.66,913.648,25323,56270
highest-temperature-in-shanghai-on-june-10-2026,Highest temperature in Shanghai on June 10?,2026-06-08T04:26:36Z,2026-06-10T12:00:00Z,2,25°C,0x1637fef417faa8e8123e6932708157b1347d8325263f33ca81ba04629ba4ecb3,56788830322716258264964226087573396454736855011978630420131480404812475321234,YES,microprice_minus_mid,book,wall_900s,wall_clock_seconds,900,123138,0.060138529321576234,0.09327164094422608,0.5475954625339511,0.3,-0.0016198521242769032,-0.0003394635069530158,0.0012803886173238875,0.49170848966200525,0.21903068102454157,902.66,913.648,25323,56270
highest-temperature-in-shanghai-on-june-10-2026,Highest temperature in Shanghai on June 10?,2026-06-08T04:26:36Z,2026-06-10T12:00:00Z,2,25°C,0x1637fef417faa8e8123e6932708157b1347d8325263f33ca81ba04629ba4ecb3,56788830322716258264964226087573396454736855011978630420131480404812475321234,YES,ofi_30s,flow_clock_sensitive,wall_900s,wall_clock_seconds,900,123138,0.05156597770436594,-0.06589223892046527,0.5175746924428822,,-0.0002774561780579835,-0.0011154012897631822,-0.0008379451117051988,0.49170848966200525,0.21903068102454157,902.66,913.648,25323,56270
highest-temperature-in-shanghai-on-june-10-2026,Highest temperature in Shanghai on June 10?,2026-06-08T04:26:36Z,2026-06-10T12:00:00Z,2,25°C,0x1637fef417faa8e8123e6932708157b1347d8325263f33ca81ba04629ba4ecb3,56788830322716258264964226087573396454736855011978630420131480404812475321234,YES,trade_pressure_30s,flow_clock_sensitive,wall_900s,wall_clock_seconds,900,123138,0.0350370644050863,-0.18173222289977575,0.4330084678063588,,-0.00040361196019771074,0.00014999999999999934,0.00055361196019771,0.49170848966200525,0.21903068102454157,902.66,913.648,25323,56270
highest-temperature-in-shanghai-on-june-10-2026,Highest temperature in Shanghai on June 10?,2026-06-08T04:26:36Z,2026-06-10T12:00:00Z,2,25°C,0x1637fef417faa8e8123e6932708157b1347d8325263f33ca81ba04629ba4ecb3,56788830322716258264964226087573396454736855011978630420131480404812475321234,YES,depth_imbalance_1,book,valid_obs_10,valid_observation_steps,10,123596,0.021299421304691906,0.020030649321657514,0.5381474480151228,0.6,-4.9156174658451644e-05,-6.73223028870504e-06,4.2423944369746604e-05,0.8929981552801062,0.051085795656817375,15.2095,46.206,25323,56270
highest-temperature-in-shanghai-on-june-10-2026,Highest temperature in Shanghai on June 10?,2026-06-08T04:26:36Z,2026-06-10T12:00:00Z,2,25°C,0x1637fef417faa8e8123e6932708157b1347d8325263f33ca81ba04629ba4ecb3,56788830322716258264964226087573396454736855011978630420131480404812475321234,YES,depth_imbalance_3,book,valid_obs_10,valid_observation_steps,10,123596,0.06258258523149814,0.06159080916286108,0.555765595463138,0.8999999999999998,-4.342270872268201e-05,4.767503141849436e-05,9.109774014117637e-05,0.8929981552801062,0.051085795656817375,15.2095,46.206,25323,56270
highest-temperature-in-shanghai-on-june-10-2026,Highest temperature in Shanghai on June 10?,2026-06-08T04:26:36Z,2026-06-10T12:00:00Z,2,25°C,0x1637fef417faa8e8123e6932708157b1347d8325263f33ca81ba04629ba4ecb3,56788830322716258264964226087573396454736855011978630420131480404812475321234,YES,depth_imbalance_5,book,valid_obs_10,valid_observation_steps,10,123596,0.024100688417659787,0.03348662966541272,0.5189413988657845,0.9999999999999999,-5.025481313703283e-05,1.5269075971951375e-05,6.552388910898421e-05,0.8929981552801062,0.051085795656817375,15.2095,46.206,25323,56270
highest-temperature-in-shanghai-on-june-10-2026,Highest temperature in Shanghai on June 10?,2026-06-08T04:26:36Z,2026-06-10T12:00:00Z,2,25°C,0x1637fef417faa8e8123e6932708157b1347d8325263f33ca81ba04629ba4ecb3,56788830322716258264964226087573396454736855011978630420131480404812475321234,YES,microprice_minus_mid,book,valid_obs_10,valid_observation_steps,10,123596,0.017469393866936935,0.023222133183017343,0.5166729678638942,0.09999999999999999,-4.429067048797044e-05,-3.702789434707478e-05,7.262776140895659e-06,0.8929981552801062,0.051085795656817375,15.2095,46.206,25323,56270
highest-temperature-in-shanghai-on-june-10-2026,Highest temperature in Shanghai on June 10?,2026-06-08T04:26:36Z,2026-06-10T12:00:00Z,2,25°C,0x1637fef417faa8e8123e6932708157b1347d8325263f33ca81ba04629ba4ecb3,56788830322716258264964226087573396454736855011978630420131480404812475321234,YES,ofi_30s,flow_clock_sensitive,valid_obs_10,valid_observation_steps,10,123596,0.08716117318171475,0.37303631248509667,0.5401890359168242,,-1.7910732148811507e-05,2.57098384413075e-05,4.362057059011901e-05,0.8929981552801062,0.051085795656817375,15.2095,46.206,25323,56270
highest-temperature-in-shanghai-on-june-10-2026,Highest temperature in Shanghai on June 10?,2026-06-08T04:26:36Z,2026-06-10T12:00:00Z,2,25°C,0x1637fef417faa8e8123e6932708157b1347d8325263f33ca81ba04629ba4ecb3,56788830322716258264964226087573396454736855011978630420131480404812475321234,YES,trade_pressure_30s,flow_clock_sensitive,valid_obs_10,valid_observation_steps,10,123596,0.020356256374584332,0.7560673586394626,0.4824196597353497,,-1.1302706818071369e-05,-4.230769230769235e-05,-3.100498548962098e-05,0.8929981552801062,0.051085795656817375,15.2095,46.206,25323,56270
highest-temperature-in-shanghai-on-june-10-2026,Highest temperature in Shanghai on June 10?,2026-06-08T04:26:36Z,2026-06-10T12:00:00Z,2,25°C,0x1637fef417faa8e8123e6932708157b1347d8325263f33ca81ba04629ba4ecb3,56788830322716258264964226087573396454736855011978630420131480404812475321234,YES,depth_imbalance_1,book,valid_obs_50,valid_observation_steps,50,123511,0.04845682974801562,0.02146216534623639,0.5567667545551139,0.7,-0.00019738155570913002,-6.573949012324834e-05,0.00013164206558588168,0.7942612398895645,0.09457457230530074,92.582,203.198,25323,56270
highest-temperature-in-shanghai-on-june-10-2026,Highest temperature in Shanghai on June 10?,2026-06-08T04:26:36Z,2026-06-10T12:00:00Z,2,25°C,0x1637fef417faa8e8123e6932708157b1347d8325263f33ca81ba04629ba4ecb3,56788830322716258264964226087573396454736855011978630420131480404812475321234,YES,depth_imbalance_3,book,valid_obs_50,valid_observation_steps,50,123511,0.10235043322129866,0.09963824983054503,0.5950179056314194,0.8999999999999998,-0.0002331062983087166,4.122917257874896e-05,0.0002743354708874656,0.7942612398895645,0.09457457230530074,92.582,203.198,25323,56270
highest-temperature-in-shanghai-on-june-10-2026,Highest temperature in Shanghai on June 10?,2026-06-08T04:26:36Z,2026-06-10T12:00:00Z,2,25°C,0x1637fef417faa8e8123e6932708157b1347d8325263f33ca81ba04629ba4ecb3,56788830322716258264964226087573396454736855011978630420131480404812475321234,YES,depth_imbalance_5,book,valid_obs_50,valid_observation_steps,50,123511,0.04172219072266801,0.04334304647347871,0.5299279839439612,0.9999999999999999,-0.000290826836854223,9.999585079457293e-06,0.0003008264219336803,0.7942612398895645,0.09457457230530074,92.582,203.198,25323,56270
highest-temperature-in-shanghai-on-june-10-2026,Highest temperature in Shanghai on June 10?,2026-06-08T04:26:36Z,2026-06-10T12:00:00Z,2,25°C,0x1637fef417faa8e8123e6932708157b1347d8325263f33ca81ba04629ba4ecb3,56788830322716258264964226087573396454736855011978630420131480404812475321234,YES,microprice_minus_mid,book,valid_obs_50,valid_observation_steps,50,123511,0.048291665740100874,0.04279192748053279,0.5284719216087521,0.0,-0.00022031173154768663,-8.22430675553361e-05,0.00013806866399235053,0.7942612398895645,0.09457457230530074,92.582,203.198,25323,56270
highest-temperature-in-shanghai-on-june-10-2026,Highest temperature in Shanghai on June 10?,2026-06-08T04:26:36Z,2026-06-10T12:00:00Z,2,25°C,0x1637fef417faa8e8123e6932708157b1347d8325263f33ca81ba04629ba4ecb3,56788830322716258264964226087573396454736855011978630420131480404812475321234,YES,ofi_30s,flow_clock_sensitive,valid_obs_50,valid_observation_steps,50,123511,0.0916762492969049,0.3142423133640339,0.5335091102278541,,-6.473588863463006e-05,-5.9524448499812106e-05,5.21144013481795e-06,0.7942612398895645,0.09457457230530074,92.582,203.198,25323,56270
highest-temperature-in-shanghai-on-june-10-2026,Highest temperature in Shanghai on June 10?,2026-06-08T04:26:36Z,2026-06-10T12:00:00Z,2,25°C,0x1637fef417faa8e8123e6932708157b1347d8325263f33ca81ba04629ba4ecb3,56788830322716258264964226087573396454736855011978630420131480404812475321234,YES,trade_pressure_30s,flow_clock_sensitive,valid_obs_50,valid_observation_steps,50,123511,0.030699777121629607,0.5716179807232123,0.4629884695604266,,-6.417519715353254e-05,0.00014999999999999934,0.00021417519715353188,0.7942612398895645,0.09457457230530074,92.582,203.198,25323,56270
highest-temperature-in-shanghai-on-june-10-2026,Highest temperature in Shanghai on June 10?,2026-06-08T04:26:36Z,2026-06-10T12:00:00Z,2,25°C,0x1637fef417faa8e8123e6932708157b1347d8325263f33ca81ba04629ba4ecb3,56788830322716258264964226087573396454736855011978630420131480404812475321234,YES,depth_imbalance_1,book,valid_obs_200,valid_observation_steps,200,123215,0.03710727279633374,0.0825428958902361,0.5401384529389002,0.3,-0.0006587252355290196,-0.00018160138443356404,0.0004771238510954555,0.6224972608854441,0.1669439597451609,388.542,776.503,25323,56270
highest-temperature-in-shanghai-on-june-10-2026,Highest temperature in Shanghai on June 10?,2026-06-08T04:26:36Z,2026-06-10T12:00:00Z,2,25°C,0x1637fef417faa8e8123e6932708157b1347d8325263f33ca81ba04629ba4ecb3,56788830322716258264964226087573396454736855011978630420131480404812475321234,YES,depth_imbalance_3,book,valid_obs_200,valid_observation_steps,200,123215,0.0715653695981237,0.0881200062284102,0.5725802984047813,0.7999999999999999,-0.0007478326495858812,-4.9422229611771506e-05,0.0006984104199741097,0.6224972608854441,0.1669439597451609,388.542,776.503,25323,56270
highest-temperature-in-shanghai-on-june-10-2026,Highest temperature in Shanghai on June 10?,2026-06-08T04:26:36Z,2026-06-10T12:00:00Z,2,25°C,0x1637fef417faa8e8123e6932708157b1347d8325263f33ca81ba04629ba4ecb3,56788830322716258264964226087573396454736855011978630420131480404812475321234,YES,depth_imbalance_5,book,valid_obs_200,valid_observation_steps,200,123215,0.014089555057918745,0.0154060844368339,0.4998710065786645,0.7,-0.0010115448606095037,-8.655242521057216e-05,0.0009249924353989315,0.6224972608854441,0.1669439597451609,388.542,776.503,25323,56270
highest-temperature-in-shanghai-on-june-10-2026,Highest temperature in Shanghai on June 10?,2026-06-08T04:26:36Z,2026-06-10T12:00:00Z,2,25°C,0x1637fef417faa8e8123e6932708157b1347d8325263f33ca81ba04629ba4ecb3,56788830322716258264964226087573396454736855011978630420131480404812475321234,YES,microprice_minus_mid,book,valid_obs_200,valid_observation_steps,200,123215,0.05023368752597086,0.07257098742834275,0.520079975921228,0.3,-0.0007310733384262797,-0.00019918950053484733,0.0005318838378914324,0.6224972608854441,0.1669439597451609,388.542,776.503,25323,56270
highest-temperature-in-shanghai-on-june-10-2026,Highest temperature in Shanghai on June 10?,2026-06-08T04:26:36Z,2026-06-10T12:00:00Z,2,25°C,0x1637fef417faa8e8123e6932708157b1347d8325263f33ca81ba04629ba4ecb3,56788830322716258264964226087573396454736855011978630420131480404812475321234,YES,ofi_30s,flow_clock_sensitive,valid_obs_200,valid_observation_steps,200,123215,0.0980787392007183,-0.09062724536742127,0.5363976437201703,,-0.00021489686783804433,-0.00027656123276561227,-6.166436492756794e-05,0.6224972608854441,0.1669439597451609,388.542,776.503,25323,56270
highest-temperature-in-shanghai-on-june-10-2026,Highest temperature in Shanghai on June 10?,2026-06-08T04:26:36Z,2026-06-10T12:00:00Z,2,25°C,0x1637fef417faa8e8123e6932708157b1347d8325263f33ca81ba04629ba4ecb3,56788830322716258264964226087573396454736855011978630420131480404812475321234,YES,trade_pressure_30s,flow_clock_sensitive,valid_obs_200,valid_observation_steps,200,123215,0.051524013652802236,-0.32740488390137334,0.4464032334350948,,-0.00022454807653247757,0.00014999999999999934,0.0003745480765324769,0.6224972608854441,0.1669439597451609,388.542,776.503,25323,56270
highest-temperature-in-shanghai-on-june-10-2026,Highest temperature in Shanghai on June 10?,2026-06-08T04:26:36Z,2026-06-10T12:00:00Z,3,26°C,0x23b087336e0307221d1d284112a21c185292a3ec68d31fa5676401b39c5e4e92,104200728392517260769227840787358244233838628411342747825408718627319711152999,YES,depth_imbalance_1,book,wall_60s,wall_clock_seconds,60,212225,0.10868872922700473,0.09414933284748897,0.6010492261956807,0.9999999999999999,-0.0006532022947427818,0.0005761105347543148,0.0012293128294970966,0.7305454117092708,0.13028154081752857,60.933,66.76,50226,100074
highest-temperature-in-shanghai-on-june-10-2026,Highest temperature in Shanghai on June 10?,2026-06-08T04:26:36Z,2026-06-10T12:00:00Z,3,26°C,0x23b087336e0307221d1d284112a21c185292a3ec68d31fa5676401b39c5e4e92,104200728392517260769227840787358244233838628411342747825408718627319711152999,YES,depth_imbalance_3,book,wall_60s,wall_clock_seconds,60,212225,0.055146296476528904,0.0343087895071072,0.5436215790854245,0.9999999999999999,-0.00046755608748709276,0.0001988901456242046,0.0006664462331112974,0.7305454117092708,0.13028154081752857,60.933,66.76,50226,100074
highest-temperature-in-shanghai-on-june-10-2026,Highest temperature in Shanghai on June 10?,2026-06-08T04:26:36Z,2026-06-10T12:00:00Z,3,26°C,0x23b087336e0307221d1d284112a21c185292a3ec68d31fa5676401b39c5e4e92,104200728392517260769227840787358244233838628411342747825408718627319711152999,YES,depth_imbalance_5,book,wall_60s,wall_clock_seconds,60,212225,0.029139882108147417,-0.0013624320444211586,0.5128267902421964,0.8999999999999998,-0.00016893117008500705,0.0001417783851282896,0.0003107095552132966,0.7305454117092708,0.13028154081752857,60.933,66.76,50226,100074
highest-temperature-in-shanghai-on-june-10-2026,Highest temperature in Shanghai on June 10?,2026-06-08T04:26:36Z,2026-06-10T12:00:00Z,3,26°C,0x23b087336e0307221d1d284112a21c185292a3ec68d31fa5676401b39c5e4e92,104200728392517260769227840787358244233838628411342747825408718627319711152999,YES,microprice_minus_mid,book,wall_60s,wall_clock_seconds,60,212225,0.09878756530765757,0.08814500762846626,0.5872344146192183,0.9999999999999999,-0.0005757243816254418,0.0003768230332445868,0.0009525474148700285,0.7305454117092708,0.13028154081752857,60.933,66.76,50226,100074
highest-temperature-in-shanghai-on-june-10-2026,Highest temperature in Shanghai on June 10?,2026-06-08T04:26:36Z,2026-06-10T12:00:00Z,3,26°C,0x23b087336e0307221d1d284112a21c185292a3ec68d31fa5676401b39c5e4e92,104200728392517260769227840787358244233838628411342747825408718627319711152999,YES,ofi_30s,flow_clock_sensitive,wall_60s,wall_clock_seconds,60,212225,0.07653646405063481,-0.0691988241549256,0.5347031564221387,0.39999999999999997,-0.0006171398280127224,-2.0628708181682143e-05,0.0005965111198310403,0.7305454117092708,0.13028154081752857,60.933,66.76,50226,100074
highest-temperature-in-shanghai-on-june-10-2026,Highest temperature in Shanghai on June 10?,2026-06-08T04:26:36Z,2026-06-10T12:00:00Z,3,26°C,0x23b087336e0307221d1d284112a21c185292a3ec68d31fa5676401b39c5e4e92,104200728392517260769227840787358244233838628411342747825408718627319711152999,YES,trade_pressure_30s,flow_clock_sensitive,wall_60s,wall_clock_seconds,60,212225,0.05282442984866313,0.45638669147662303,0.529037334965463,,-9.888860271070142e-05,0.000763880272952854,0.0008627688756635554,0.7305454117092708,0.13028154081752857,60.933,66.76,50226,100074
highest-temperature-in-shanghai-on-june-10-2026,Highest temperature in Shanghai on June 10?,2026-06-08T04:26:36Z,2026-06-10T12:00:00Z,3,26°C,0x23b087336e0307221d1d284112a21c185292a3ec68d31fa5676401b39c5e4e92,104200728392517260769227840787358244233838628411342747825408718627319711152999,YES,depth_imbalance_1,book,wall_300s,wall_clock_seconds,300,211106,0.1766484671449266,0.1806114648517669,0.587589294218497,0.6,-0.0023354358744606092,0.002172165510054238,0.004507601384514847,0.5026669066724774,0.25764781673661574,301.095,308.00350000000003,50226,100074
highest-temperature-in-shanghai-on-june-10-2026,Highest temperature in Shanghai on June 10?,2026-06-08T04:26:36Z,2026-06-10T12:00:00Z,3,26°C,0x23b087336e0307221d1d284112a21c185292a3ec68d31fa5676401b39c5e4e92,104200728392517260769227840787358244233838628411342747825408718627319711152999,YES,depth_imbalance_3,book,wall_300s,wall_clock_seconds,300,211106,0.06919319938673113,0.04883233823227452,0.52410705781503,0.7,-0.0016515689757252811,0.0009430393351006663,0.0025946083108259474,0.5026669066724774,0.25764781673661574,301.095,308.00350000000003,50226,100074
highest-temperature-in-shanghai-on-june-10-2026,Highest temperature in Shanghai on June 10?,2026-06-08T04:26:36Z,2026-06-10T12:00:00Z,3,26°C,0x23b087336e0307221d1d284112a21c185292a3ec68d31fa5676401b39c5e4e92,104200728392517260769227840787358244233838628411342747825408718627319711152999,YES,depth_imbalance_5,book,wall_300s,wall_clock_seconds,300,211106,0.04457912622455353,0.02487407417726868,0.5204453884766685,0.7,-5.4799062211381285e-05,0.0003969724249028709,0.0004517714871142522,0.5026669066724774,0.25764781673661574,301.095,308.00350000000003,50226,100074
highest-temperature-in-shanghai-on-june-10-2026,Highest temperature in Shanghai on June 10?,2026-06-08T04:26:36Z,2026-06-10T12:00:00Z,3,26°C,0x23b087336e0307221d1d284112a21c185292a3ec68d31fa5676401b39c5e4e92,104200728392517260769227840787358244233838628411342747825408718627319711152999,YES,microprice_minus_mid,book,wall_300s,wall_clock_seconds,300,211106,0.1462076763639727,0.15404462049900178,0.5900657205448138,0.7999999999999999,-0.0023645909617065505,0.000972143346714971,0.0033367343084215214,0.5026669066724774,0.25764781673661574,301.095,308.00350000000003,50226,100074
highest-temperature-in-shanghai-on-june-10-2026,Highest temperature in Shanghai on June 10?,2026-06-08T04:26:36Z,2026-06-10T12:00:00Z,3,26°C,0x23b087336e0307221d1d284112a21c185292a3ec68d31fa5676401b39c5e4e92,104200728392517260769227840787358244233838628411342747825408718627319711152999,YES,ofi_30s,flow_clock_sensitive,wall_300s,wall_clock_seconds,300,211106,-0.005017222507165914,-0.0447003368853635,0.45597675969139917,0.0,-0.001195388694252438,-0.0004726155224326275,0.0007227731718198105,0.5026669066724774,0.25764781673661574,301.095,308.00350000000003,50226,100074
highest-temperature-in-shanghai-on-june-10-2026,Highest temperature in Shanghai on June 10?,2026-06-08T04:26:36Z,2026-06-10T12:00:00Z,3,26°C,0x23b087336e0307221d1d284112a21c185292a3ec68d31fa5676401b39c5e4e92,104200728392517260769227840787358244233838628411342747825408718627319711152999,YES,trade_pressure_30s,flow_clock_sensitive,wall_300s,wall_clock_seconds,300,211106,-0.019364578487726384,0.12766655127530752,0.47046385370035243,,-0.0002056558974834994,-0.0005229079008882651,-0.0003172520034047657,0.5026669066724774,0.25764781673661574,301.095,308.00350000000003,50226,100074
highest-temperature-in-shanghai-on-june-10-2026,Highest temperature in Shanghai on June 10?,2026-06-08T04:26:36Z,2026-06-10T12:00:00Z,3,26°C,0x23b087336e0307221d1d284112a21c185292a3ec68d31fa5676401b39c5e4e92,104200728392517260769227840787358244233838628411342747825408718627319711152999,YES,depth_imbalance_1,book,wall_900s,wall_clock_seconds,900,209805,0.20713086143518644,0.20421627213955543,0.5902444621331095,0.7,-0.0039478044053696355,0.0018568947635012897,0.005804699168870925,0.3353399585329234,0.3357689282905555,901.171,908.6692,50226,100074
highest-temperature-in-shanghai-on-june-10-2026,Highest temperature in Shanghai on June 10?,2026-06-08T04:26:36Z,2026-06-10T12:00:00Z,3,26°C,0x23b087336e0307221d1d284112a21c185292a3ec68d31fa5676401b39c5e4e92,104200728392517260769227840787358244233838628411342747825408718627319711152999,YES,depth_imbalance_3,book,wall_900s,wall_clock_seconds,900,209805,0.10739670343228425,0.10108958117360982,0.5483940365294839,0.49999999999999994,-0.002268727818402687,0.002781928809735257,0.005050656628137944,0.3353399585329234,0.3357689282905555,901.171,908.6692,50226,100074
highest-temperature-in-shanghai-on-june-10-2026,Highest temperature in Shanghai on June 10?,2026-06-08T04:26:36Z,2026-06-10T12:00:00Z,3,26°C,0x23b087336e0307221d1d284112a21c185292a3ec68d31fa5676401b39c5e4e92,104200728392517260769227840787358244233838628411342747825408718627319711152999,YES,depth_imbalance_5,book,wall_900s,wall_clock_seconds,900,209805,0.13324735089114076,0.1208013623025622,0.5926467740894521,0.7999999999999999,-0.0022453648539154476,0.0021397702799712845,0.004385135133886732,0.3353399585329234,0.3357689282905555,901.171,908.6692,50226,100074
highest-temperature-in-shanghai-on-june-10-2026,Highest temperature in Shanghai on June 10?,2026-06-08T04:26:36Z,2026-06-10T12:00:00Z,3,26°C,0x23b087336e0307221d1d284112a21c185292a3ec68d31fa5676401b39c5e4e92,104200728392517260769227840787358244233838628411342747825408718627319711152999,YES,microprice_minus_mid,book,wall_900s,wall_clock_seconds,900,209805,0.17939934017361037,0.18676739834937392,0.5949271776778607,0.7999999999999999,-0.0033526955740070495,0.0008749907610436321,0.004227686335050681,0.3353399585329234,0.3357689282905555,901.171,908.6692,50226,100074
highest-temperature-in-shanghai-on-june-10-2026,Highest temperature in Shanghai on June 10?,2026-06-08T04:26:36Z,2026-06-10T12:00:00Z,3,26°C,0x23b087336e0307221d1d284112a21c185292a3ec68d31fa5676401b39c5e4e92,104200728392517260769227840787358244233838628411342747825408718627319711152999,YES,ofi_30s,flow_clock_sensitive,wall_900s,wall_clock_seconds,900,209805,0.025946481199157864,-0.0005740822208511969,0.4895983477830605,0.39999999999999997,-0.0018924193740330836,-0.0002769337190290533,0.0016154856550040302,0.3353399585329234,0.3357689282905555,901.171,908.6692,50226,100074
highest-temperature-in-shanghai-on-june-10-2026,Highest temperature in Shanghai on June 10?,2026-06-08T04:26:36Z,2026-06-10T12:00:00Z,3,26°C,0x23b087336e0307221d1d284112a21c185292a3ec68d31fa5676401b39c5e4e92,104200728392517260769227840787358244233838628411342747825408718627319711152999,YES,trade_pressure_30s,flow_clock_sensitive,wall_900s,wall_clock_seconds,900,209805,-0.04245058635215472,0.018186149353177024,0.4842343795939734,,-0.000848805805982755,-0.0023435722411831623,-0.0014947664352004072,0.3353399585329234,0.3357689282905555,901.171,908.6692,50226,100074
highest-temperature-in-shanghai-on-june-10-2026,Highest temperature in Shanghai on June 10?,2026-06-08T04:26:36Z,2026-06-10T12:00:00Z,3,26°C,0x23b087336e0307221d1d284112a21c185292a3ec68d31fa5676401b39c5e4e92,104200728392517260769227840787358244233838628411342747825408718627319711152999,YES,depth_imbalance_1,book,valid_obs_10,valid_observation_steps,10,213262,0.05794069040105825,0.039036805003622846,0.5830472557745285,0.9999999999999999,-0.0001599228611500701,0.000152014265268295,0.0003119371264183651,0.8893614427324137,0.05114835273044424,7.4785,30.114,50226,100074
highest-temperature-in-shanghai-on-june-10-2026,Highest temperature in Shanghai on June 10?,2026-06-08T04:26:36Z,2026-06-10T12:00:00Z,3,26°C,0x23b087336e0307221d1d284112a21c185292a3ec68d31fa5676401b39c5e4e92,104200728392517260769227840787358244233838628411342747825408718627319711152999,YES,depth_imbalance_3,book,valid_obs_10,valid_observation_steps,10,213262,0.0511245906780993,0.039719812244018306,0.5673235855054037,0.9999999999999999,-0.0002048362153802896,0.00010929179666424263,0.00031412801204453225,0.8893614427324137,0.05114835273044424,7.4785,30.114,50226,100074
highest-temperature-in-shanghai-on-june-10-2026,Highest temperature in Shanghai on June 10?,2026-06-08T04:26:36Z,2026-06-10T12:00:00Z,3,26°C,0x23b087336e0307221d1d284112a21c185292a3ec68d31fa5676401b39c5e4e92,104200728392517260769227840787358244233838628411342747825408718627319711152999,YES,depth_imbalance_5,book,valid_obs_10,valid_observation_steps,10,213262,0.03758046946327238,0.03167821607610455,0.5433778342869252,0.9999999999999999,-9.253972339877846e-05,9.254827432486333e-05,0.00018508799772364178,0.8893614427324137,0.05114835273044424,7.4785,30.114,50226,100074
highest-temperature-in-shanghai-on-june-10-2026,Highest temperature in Shanghai on June 10?,2026-06-08T04:26:36Z,2026-06-10T12:00:00Z,3,26°C,0x23b087336e0307221d1d284112a21c185292a3ec68d31fa5676401b39c5e4e92,104200728392517260769227840787358244233838628411342747825408718627319711152999,YES,microprice_minus_mid,book,valid_obs_10,valid_observation_steps,10,213262,0.05066933028009225,0.025339041812016516,0.5806314897223989,0.8999999999999998,-0.00019613137496799418,8.3309829361162e-05,0.0002794412043291562,0.8893614427324137,0.05114835273044424,7.4785,30.114,50226,100074
highest-temperature-in-shanghai-on-june-10-2026,Highest temperature in Shanghai on June 10?,2026-06-08T04:26:36Z,2026-06-10T12:00:00Z,3,26°C,0x23b087336e0307221d1d284112a21c185292a3ec68d31fa5676401b39c5e4e92,104200728392517260769227840787358244233838628411342747825408718627319711152999,YES,ofi_30s,flow_clock_sensitive,valid_obs_10,valid_observation_steps,10,213262,0.01798976676406865,0.2086601813625911,0.5050222504767959,0.7999999999999999,-0.00020675802295619586,2.512426123296814e-05,0.000231882284189164,0.8893614427324137,0.05114835273044424,7.4785,30.114,50226,100074
highest-temperature-in-shanghai-on-june-10-2026,Highest temperature in Shanghai on June 10?,2026-06-08T04:26:36Z,2026-06-10T12:00:00Z,3,26°C,0x23b087336e0307221d1d284112a21c185292a3ec68d31fa5676401b39c5e4e92,104200728392517260769227840787358244233838628411342747825408718627319711152999,YES,trade_pressure_30s,flow_clock_sensitive,valid_obs_10,valid_observation_steps,10,213262,0.03329366858559275,-0.666227251856301,0.5396058486967578,,-2.3211617414515972e-05,0.00011191837996599169,0.00013512999738050766,0.8893614427324137,0.05114835273044424,7.4785,30.114,50226,100074
highest-temperature-in-shanghai-on-june-10-2026,Highest temperature in Shanghai on June 10?,2026-06-08T04:26:36Z,2026-06-10T12:00:00Z,3,26°C,0x23b087336e0307221d1d284112a21c185292a3ec68d31fa5676401b39c5e4e92,104200728392517260769227840787358244233838628411342747825408718627319711152999,YES,depth_imbalance_1,book,valid_obs_50,valid_observation_steps,50,213181,0.09790197609700346,0.08340221016191815,0.5913812024770714,0.9999999999999999,-0.0005810111464968152,0.0003864292250299149,0.0009674403715267301,0.7606353286643744,0.11349041424892463,42.488,154.724,50226,100074
highest-temperature-in-shanghai-on-june-10-2026,Highest temperature in Shanghai on June 10?,2026-06-08T04:26:36Z,2026-06-10T12:00:00Z,3,26°C,0x23b087336e0307221d1d284112a21c185292a3ec68d31fa5676401b39c5e4e92,104200728392517260769227840787358244233838628411342747825408718627319711152999,YES,depth_imbalance_3,book,valid_obs_50,valid_observation_steps,50,213181,0.0811274764642723,0.0752334983270674,0.5682762404954143,0.9999999999999999,-0.0005180283671316375,0.000368868610570269,0.0008868969777019065,0.7606353286643744,0.11349041424892463,42.488,154.724,50226,100074
highest-temperature-in-shanghai-on-june-10-2026,Highest temperature in Shanghai on June 10?,2026-06-08T04:26:36Z,2026-06-10T12:00:00Z,3,26°C,0x23b087336e0307221d1d284112a21c185292a3ec68d31fa5676401b39c5e4e92,104200728392517260769227840787358244233838628411342747825408718627319711152999,YES,depth_imbalance_5,book,valid_obs_50,valid_observation_steps,50,213181,0.06161835130768099,0.06887258200895652,0.5496198165712942,0.9999999999999999,-0.00034663087311263244,0.0003238192440346308,0.0006704501171472632,0.7606353286643744,0.11349041424892463,42.488,154.724,50226,100074
highest-temperature-in-shanghai-on-june-10-2026,Highest temperature in Shanghai on June 10?,2026-06-08T04:26:36Z,2026-06-10T12:00:00Z,3,26°C,0x23b087336e0307221d1d284112a21c185292a3ec68d31fa5676401b39c5e4e92,104200728392517260769227840787358244233838628411342747825408718627319711152999,YES,microprice_minus_mid,book,valid_obs_50,valid_observation_steps,50,213181,0.08557799439254166,0.06612226579756104,0.5831504272164302,0.9999999999999999,-0.0005236642288163227,0.0002015230573967,0.0007251872862130228,0.7606353286643744,0.11349041424892463,42.488,154.724,50226,100074
highest-temperature-in-shanghai-on-june-10-2026,Highest temperature in Shanghai on June 10?,2026-06-08T04:26:36Z,2026-06-10T12:00:00Z,3,26°C,0x23b087336e0307221d1d284112a21c185292a3ec68d31fa5676401b39c5e4e92,104200728392517260769227840787358244233838628411342747825408718627319711152999,YES,ofi_30s,flow_clock_sensitive,valid_obs_50,valid_observation_steps,50,213181,0.032495251653087656,0.1670003222666006,0.510621619503018,0.39999999999999997,-0.00042922230030452093,-4.506623746440505e-05,0.0003841560628401159,0.7606353286643744,0.11349041424892463,42.488,154.724,50226,100074
highest-temperature-in-shanghai-on-june-10-2026,Highest temperature in Shanghai on June 10?,2026-06-08T04:26:36Z,2026-06-10T12:00:00Z,3,26°C,0x23b087336e0307221d1d284112a21c185292a3ec68d31fa5676401b39c5e4e92,104200728392517260769227840787358244233838628411342747825408718627319711152999,YES,trade_pressure_30s,flow_clock_sensitive,valid_obs_50,valid_observation_steps,50,213181,0.04269770902205208,-0.45451275872615166,0.534177314415615,,-8.93755563295793e-05,0.0005173133405472252,0.0006066888968768046,0.7606353286643744,0.11349041424892463,42.488,154.724,50226,100074
highest-temperature-in-shanghai-on-june-10-2026,Highest temperature in Shanghai on June 10?,2026-06-08T04:26:36Z,2026-06-10T12:00:00Z,3,26°C,0x23b087336e0307221d1d284112a21c185292a3ec68d31fa5676401b39c5e4e92,104200728392517260769227840787358244233838628411342747825408718627319711152999,YES,depth_imbalance_1,book,valid_obs_200,valid_observation_steps,200,212881,0.12025022304987414,0.1096663352692056,0.577320020137607,0.8999999999999998,-0.0015265279492974809,0.0010748191469372417,0.002601347096234723,0.552125365814704,0.2216120743513982,184.905,626.8,50226,100074
highest-temperature-in-shanghai-on-june-10-2026,Highest temperature in Shanghai on June 10?,2026-06-08T04:26:36Z,2026-06-10T12:00:00Z,3,26°C,0x23b087336e0307221d1d284112a21c185292a3ec68d31fa5676401b39c5e4e92,104200728392517260769227840787358244233838628411342747825408718627319711152999,YES,depth_imbalance_3,book,valid_obs_200,valid_observation_steps,200,212881,0.08101849571216507,0.08448789869598114,0.5446488504782682,0.9999999999999999,-0.0011330280615240108,0.0010616499494961358,0.002194678011020147,0.552125365814704,0.2216120743513982,184.905,626.8,50226,100074
highest-temperature-in-shanghai-on-june-10-2026,Highest temperature in Shanghai on June 10?,2026-06-08T04:26:36Z,2026-06-10T12:00:00Z,3,26°C,0x23b087336e0307221d1d284112a21c185292a3ec68d31fa5676401b39c5e4e92,104200728392517260769227840787358244233838628411342747825408718627319711152999,YES,depth_imbalance_5,book,valid_obs_200,valid_observation_steps,200,212881,0.06102299268727874,0.07782091972633397,0.5155646920624266,0.8999999999999998,-0.0009209352027995019,0.0007435520999718124,0.0016644873027713142,0.552125365814704,0.2216120743513982,184.905,626.8,50226,100074
highest-temperature-in-shanghai-on-june-10-2026,Highest temperature in Shanghai on June 10?,2026-06-08T04:26:36Z,2026-06-10T12:00:00Z,3,26°C,0x23b087336e0307221d1d284112a21c185292a3ec68d31fa5676401b39c5e4e92,104200728392517260769227840787358244233838628411342747825408718627319711152999,YES,microprice_minus_mid,book,valid_obs_200,valid_observation_steps,200,212881,0.1031366550132882,0.08846094695779205,0.5652164792750461,0.9999999999999999,-0.0014591714727809819,0.0006526582992525736,0.0021118297720335555,0.552125365814704,0.2216120743513982,184.905,626.8,50226,100074
highest-temperature-in-shanghai-on-june-10-2026,Highest temperature in Shanghai on June 10?,2026-06-08T04:26:36Z,2026-06-10T12:00:00Z,3,26°C,0x23b087336e0307221d1d284112a21c185292a3ec68d31fa5676401b39c5e4e92,104200728392517260769227840787358244233838628411342747825408718627319711152999,YES,ofi_30s,flow_clock_sensitive,valid_obs_200,valid_observation_steps,200,212881,0.057503967744838846,0.12206337620714632,0.5073208592045645,0.0,-0.0010204342723004693,1.7750818696040504e-05,0.0010381850909965097,0.552125365814704,0.2216120743513982,184.905,626.8,50226,100074
highest-temperature-in-shanghai-on-june-10-2026,Highest temperature in Shanghai on June 10?,2026-06-08T04:26:36Z,2026-06-10T12:00:00Z,3,26°C,0x23b087336e0307221d1d284112a21c185292a3ec68d31fa5676401b39c5e4e92,104200728392517260769227840787358244233838628411342747825408718627319711152999,YES,trade_pressure_30s,flow_clock_sensitive,valid_obs_200,valid_observation_steps,200,212881,0.038439103682488325,-0.21538693180862967,0.5098905017620406,,-0.0002068581284033874,0.0006619261091358788,0.0008687842375392662,0.552125365814704,0.2216120743513982,184.905,626.8,50226,100074
highest-temperature-in-shanghai-on-june-10-2026,Highest temperature in Shanghai on June 10?,2026-06-08T04:26:36Z,2026-06-10T12:00:00Z,4,27°C,0xdf893641b3da75d542e9816e3e50650ff9a57395826fd717e855bd5eec447ed5,70515615079914594072283762648675090779952114797105930464607795042963547323371,YES,depth_imbalance_1,book,wall_60s,wall_clock_seconds,60,334143,0.14433774056376855,0.17443277971313367,0.5935429609705395,0.9999999999999999,-0.0035441260059233554,0.0014682159638464071,0.005012341969769763,0.6228171770768802,0.18807815815384432,60.519,64.237,91899,136266
highest-temperature-in-shanghai-on-june-10-2026,Highest temperature in Shanghai on June 10?,2026-06-08T04:26:36Z,2026-06-10T12:00:00Z,4,27°C,0xdf893641b3da75d542e9816e3e50650ff9a57395826fd717e855bd5eec447ed5,70515615079914594072283762648675090779952114797105930464607795042963547323371,YES,depth_imbalance_3,book,wall_60s,wall_clock_seconds,60,334143,0.11358467557915872,0.14552517283564445,0.565772456420144,0.9999999999999999,-0.003342862059162389,0.001146071957957149,0.0044889340171195375,0.6228171770768802,0.18807815815384432,60.519,64.237,91899,136266
highest-temperature-in-shanghai-on-june-10-2026,Highest temperature in Shanghai on June 10?,2026-06-08T04:26:36Z,2026-06-10T12:00:00Z,4,27°C,0xdf893641b3da75d542e9816e3e50650ff9a57395826fd717e855bd5eec447ed5,70515615079914594072283762648675090779952114797105930464607795042963547323371,YES,depth_imbalance_5,book,wall_60s,wall_clock_seconds,60,334143,0.11143338588649276,0.13097764111843485,0.567034030769719,0.9999999999999999,-0.0032729517026752046,0.00098510144493524,0.004258053147610444,0.6228171770768802,0.18807815815384432,60.519,64.237,91899,136266
highest-temperature-in-shanghai-on-june-10-2026,Highest temperature in Shanghai on June 10?,2026-06-08T04:26:36Z,2026-06-10T12:00:00Z,4,27°C,0xdf893641b3da75d542e9816e3e50650ff9a57395826fd717e855bd5eec447ed5,70515615079914594072283762648675090779952114797105930464607795042963547323371,YES,microprice_minus_mid,book,wall_60s,wall_clock_seconds,60,334143,0.14410073357515474,0.1700343189441561,0.5902025659946205,0.9999999999999999,-0.0033754611589350008,0.001642190985164893,0.0050176521440998935,0.6228171770768802,0.18807815815384432,60.519,64.237,91899,136266
highest-temperature-in-shanghai-on-june-10-2026,Highest temperature in Shanghai on June 10?,2026-06-08T04:26:36Z,2026-06-10T12:00:00Z,4,27°C,0xdf893641b3da75d542e9816e3e50650ff9a57395826fd717e855bd5eec447ed5,70515615079914594072283762648675090779952114797105930464607795042963547323371,YES,ofi_30s,flow_clock_sensitive,wall_60s,wall_clock_seconds,60,334143,0.013347058146504038,-0.041914936441552926,0.5071528885291947,0.39999999999999997,-0.0014327445555792015,-0.00014445209374719378,0.0012882924618320077,0.6228171770768802,0.18807815815384432,60.519,64.237,91899,136266
highest-temperature-in-shanghai-on-june-10-2026,Highest temperature in Shanghai on June 10?,2026-06-08T04:26:36Z,2026-06-10T12:00:00Z,4,27°C,0xdf893641b3da75d542e9816e3e50650ff9a57395826fd717e855bd5eec447ed5,70515615079914594072283762648675090779952114797105930464607795042963547323371,YES,trade_pressure_30s,flow_clock_sensitive,wall_60s,wall_clock_seconds,60,334143,0.055412294192041835,-0.21106776648413691,0.5258226020169321,,-0.0006689684241029236,0.0016591819315868945,0.002328150355689818,0.6228171770768802,0.18807815815384432,60.519,64.237,91899,136266
highest-temperature-in-shanghai-on-june-10-2026,Highest temperature in Shanghai on June 10?,2026-06-08T04:26:36Z,2026-06-10T12:00:00Z,4,27°C,0xdf893641b3da75d542e9816e3e50650ff9a57395826fd717e855bd5eec447ed5,70515615079914594072283762648675090779952114797105930464607795042963547323371,YES,depth_imbalance_1,book,wall_300s,wall_clock_seconds,300,328937,0.14347453271226618,0.1745040426353952,0.5686437745425003,0.9999999999999999,-0.005888436593404924,0.00363272854577004,0.009521165139174963,0.39380793282604265,0.30410990554422274,300.584,305.661,91899,136266
highest-temperature-in-shanghai-on-june-10-2026,Highest temperature in Shanghai on June 10?,2026-06-08T04:26:36Z,2026-06-10T12:00:00Z,4,27°C,0xdf893641b3da75d542e9816e3e50650ff9a57395826fd717e855bd5eec447ed5,70515615079914594072283762648675090779952114797105930464607795042963547323371,YES,depth_imbalance_3,book,wall_300s,wall_clock_seconds,300,328937,0.10838455959794269,0.14367032920560913,0.5445714371686919,0.9999999999999999,-0.005201047303459596,0.0023168549977828413,0.007517902301242437,0.39380793282604265,0.30410990554422274,300.584,305.661,91899,136266
highest-temperature-in-shanghai-on-june-10-2026,Highest temperature in Shanghai on June 10?,2026-06-08T04:26:36Z,2026-06-10T12:00:00Z,4,27°C,0xdf893641b3da75d542e9816e3e50650ff9a57395826fd717e855bd5eec447ed5,70515615079914594072283762648675090779952114797105930464607795042963547323371,YES,depth_imbalance_5,book,wall_300s,wall_clock_seconds,300,328937,0.11789980051753719,0.14498470031624805,0.5585885586186491,0.9999999999999999,-0.005416113146175008,0.0021853433861307877,0.007601456532305796,0.39380793282604265,0.30410990554422274,300.584,305.661,91899,136266
highest-temperature-in-shanghai-on-june-10-2026,Highest temperature in Shanghai on June 10?,2026-06-08T04:26:36Z,2026-06-10T12:00:00Z,4,27°C,0xdf893641b3da75d542e9816e3e50650ff9a57395826fd717e855bd5eec447ed5,70515615079914594072283762648675090779952114797105930464607795042963547323371,YES,microprice_minus_mid,book,wall_300s,wall_clock_seconds,300,328937,0.13899639378441941,0.17127758560008566,0.5644060401506528,0.8999999999999998,-0.0070516106527541865,0.0021423319649531286,0.009193942617707316,0.39380793282604265,0.30410990554422274,300.584,305.661,91899,136266
highest-temperature-in-shanghai-on-june-10-2026,Highest temperature in Shanghai on June 10?,2026-06-08T04:26:36Z,2026-06-10T12:00:00Z,4,27°C,0xdf893641b3da75d542e9816e3e50650ff9a57395826fd717e855bd5eec447ed5,70515615079914594072283762648675090779952114797105930464607795042963547323371,YES,ofi_30s,flow_clock_sensitive,wall_300s,wall_clock_seconds,300,328937,0.03379330160643438,0.010731447612222717,0.5053686327413879,0.7999999999999999,-0.003390450212556041,-0.0003887336631244644,0.003001716549431577,0.39380793282604265,0.30410990554422274,300.584,305.661,91899,136266
highest-temperature-in-shanghai-on-june-10-2026,Highest temperature in Shanghai on June 10?,2026-06-08T04:26:36Z,2026-06-10T12:00:00Z,4,27°C,0xdf893641b3da75d542e9816e3e50650ff9a57395826fd717e855bd5eec447ed5,70515615079914594072283762648675090779952114797105930464607795042963547323371,YES,trade_pressure_30s,flow_clock_sensitive,wall_300s,wall_clock_seconds,300,328937,0.060159818583732816,-0.057739013459506154,0.5140948550393933,,-0.0017426942849512613,0.0036419648023964333,0.005384659087347695,0.39380793282604265,0.30410990554422274,300.584,305.661,91899,136266
highest-temperature-in-shanghai-on-june-10-2026,Highest temperature in Shanghai on June 10?,2026-06-08T04:26:36Z,2026-06-10T12:00:00Z,4,27°C,0xdf893641b3da75d542e9816e3e50650ff9a57395826fd717e855bd5eec447ed5,70515615079914594072283762648675090779952114797105930464607795042963547323371,YES,depth_imbalance_1,book,wall_900s,wall_clock_seconds,900,325434,0.076311879509337,0.10230672906571851,0.5268942785057378,0.8999999999999998,-0.008321657175311218,0.000695190947666194,0.009016848122977412,0.2448852916413159,0.35771615750044555,900.633,906.914,91899,136266
highest-temperature-in-shanghai-on-june-10-2026,Highest temperature in Shanghai on June 10?,2026-06-08T04:26:36Z,2026-06-10T12:00:00Z,4,27°C,0xdf893641b3da75d542e9816e3e50650ff9a57395826fd717e855bd5eec447ed5,70515615079914594072283762648675090779952114797105930464607795042963547323371,YES,depth_imbalance_3,book,wall_900s,wall_clock_seconds,900,325434,0.09512129274339376,0.11340642319577204,0.5270651908521201,0.9999999999999999,-0.011222452520227839,-0.00044664065020664655,0.010775811870021192,0.2448852916413159,0.35771615750044555,900.633,906.914,91899,136266
highest-temperature-in-shanghai-on-june-10-2026,Highest temperature in Shanghai on June 10?,2026-06-08T04:26:36Z,2026-06-10T12:00:00Z,4,27°C,0xdf893641b3da75d542e9816e3e50650ff9a57395826fd717e855bd5eec447ed5,70515615079914594072283762648675090779952114797105930464607795042963547323371,YES,depth_imbalance_5,book,wall_900s,wall_clock_seconds,900,325434,0.12631760979907136,0.13382811693337593,0.5467038333197689,0.6,-0.012707770270270268,-0.0015891806351498773,0.01111858963512039,0.2448852916413159,0.35771615750044555,900.633,906.914,91899,136266
highest-temperature-in-shanghai-on-june-10-2026,Highest temperature in Shanghai on June 10?,2026-06-08T04:26:36Z,2026-06-10T12:00:00Z,4,27°C,0xdf893641b3da75d542e9816e3e50650ff9a57395826fd717e855bd5eec447ed5,70515615079914594072283762648675090779952114797105930464607795042963547323371,YES,microprice_minus_mid,book,wall_900s,wall_clock_seconds,900,325434,0.048541677628556996,0.068959866378346,0.5160250671441361,0.39999999999999997,-0.010219389069961343,-0.004933551451024072,0.005285837618937271,0.2448852916413159,0.35771615750044555,900.633,906.914,91899,136266
highest-temperature-in-shanghai-on-june-10-2026,Highest temperature in Shanghai on June 10?,2026-06-08T04:26:36Z,2026-06-10T12:00:00Z,4,27°C,0xdf893641b3da75d542e9816e3e50650ff9a57395826fd717e855bd5eec447ed5,70515615079914594072283762648675090779952114797105930464607795042963547323371,YES,ofi_30s,flow_clock_sensitive,wall_900s,wall_clock_seconds,900,325434,-0.008370219413474782,-0.013455856163343377,0.4870391470660047,-0.39999999999999997,-0.007701195656951955,-0.009708279530221976,-0.002007083873270021,0.2448852916413159,0.35771615750044555,900.633,906.914,91899,136266
highest-temperature-in-shanghai-on-june-10-2026,Highest temperature in Shanghai on June 10?,2026-06-08T04:26:36Z,2026-06-10T12:00:00Z,4,27°C,0xdf893641b3da75d542e9816e3e50650ff9a57395826fd717e855bd5eec447ed5,70515615079914594072283762648675090779952114797105930464607795042963547323371,YES,trade_pressure_30s,flow_clock_sensitive,wall_900s,wall_clock_seconds,900,325434,0.01193523516859977,-0.023512005377065024,0.5182591356718483,,-0.004040918769889077,-0.007947342198398792,-0.003906423428509715,0.2448852916413159,0.35771615750044555,900.633,906.914,91899,136266
highest-temperature-in-shanghai-on-june-10-2026,Highest temperature in Shanghai on June 10?,2026-06-08T04:26:36Z,2026-06-10T12:00:00Z,4,27°C,0xdf893641b3da75d542e9816e3e50650ff9a57395826fd717e855bd5eec447ed5,70515615079914594072283762648675090779952114797105930464607795042963547323371,YES,depth_imbalance_1,book,valid_obs_10,valid_observation_steps,10,336802,0.10164965284922138,0.09692090301334205,0.6039043048388842,0.9999999999999999,-0.0006275049728349612,0.00043313340657382933,0.0010606383794087904,0.8354344689164553,0.08181067808385936,5.406,19.292900000000024,91899,136266
highest-temperature-in-shanghai-on-june-10-2026,Highest temperature in Shanghai on June 10?,2026-06-08T04:26:36Z,2026-06-10T12:00:00Z,4,27°C,0xdf893641b3da75d542e9816e3e50650ff9a57395826fd717e855bd5eec447ed5,70515615079914594072283762648675090779952114797105930464607795042963547323371,YES,depth_imbalance_3,book,valid_obs_10,valid_observation_steps,10,336802,0.06595299587877243,0.06497932740050504,0.5715187817991556,0.9999999999999999,-0.0004693865440249238,0.00040244228540868164,0.0008718288294336054,0.8354344689164553,0.08181067808385936,5.406,19.292900000000024,91899,136266
highest-temperature-in-shanghai-on-june-10-2026,Highest temperature in Shanghai on June 10?,2026-06-08T04:26:36Z,2026-06-10T12:00:00Z,4,27°C,0xdf893641b3da75d542e9816e3e50650ff9a57395826fd717e855bd5eec447ed5,70515615079914594072283762648675090779952114797105930464607795042963547323371,YES,depth_imbalance_5,book,valid_obs_10,valid_observation_steps,10,336802,0.058874615326084144,0.048761043066416376,0.5547757370187276,0.9999999999999999,-0.00048273481688217217,0.0003807302653079414,0.0008634650821901135,0.8354344689164553,0.08181067808385936,5.406,19.292900000000024,91899,136266
highest-temperature-in-shanghai-on-june-10-2026,Highest temperature in Shanghai on June 10?,2026-06-08T04:26:36Z,2026-06-10T12:00:00Z,4,27°C,0xdf893641b3da75d542e9816e3e50650ff9a57395826fd717e855bd5eec447ed5,70515615079914594072283762648675090779952114797105930464607795042963547323371,YES,microprice_minus_mid,book,valid_obs_10,valid_observation_steps,10,336802,0.11403151115371098,0.10189490131555576,0.6066827842528777,0.9999999999999999,-0.000711571878773599,0.0005217740615654708,0.00123334594033907,0.8354344689164553,0.08181067808385936,5.406,19.292900000000024,91899,136266
highest-temperature-in-shanghai-on-june-10-2026,Highest temperature in Shanghai on June 10?,2026-06-08T04:26:36Z,2026-06-10T12:00:00Z,4,27°C,0xdf893641b3da75d542e9816e3e50650ff9a57395826fd717e855bd5eec447ed5,70515615079914594072283762648675090779952114797105930464607795042963547323371,YES,ofi_30s,flow_clock_sensitive,valid_obs_10,valid_observation_steps,10,336802,0.030627360736068237,-0.06210178488461722,0.5234005701295421,0.7999999999999999,-0.0002962978544383677,0.0001269210780310344,0.0004232189324694021,0.8354344689164553,0.08181067808385936,5.406,19.292900000000024,91899,136266
highest-temperature-in-shanghai-on-june-10-2026,Highest temperature in Shanghai on June 10?,2026-06-08T04:26:36Z,2026-06-10T12:00:00Z,4,27°C,0xdf893641b3da75d542e9816e3e50650ff9a57395826fd717e855bd5eec447ed5,70515615079914594072283762648675090779952114797105930464607795042963547323371,YES,trade_pressure_30s,flow_clock_sensitive,valid_obs_10,valid_observation_steps,10,336802,0.03032487797169114,-0.4433978444499991,0.5146862483311081,,-5.119099757486222e-05,0.0002608625162127107,0.00031205351378757294,0.8354344689164553,0.08181067808385936,5.406,19.292900000000024,91899,136266
highest-temperature-in-shanghai-on-june-10-2026,Highest temperature in Shanghai on June 10?,2026-06-08T04:26:36Z,2026-06-10T12:00:00Z,4,27°C,0xdf893641b3da75d542e9816e3e50650ff9a57395826fd717e855bd5eec447ed5,70515615079914594072283762648675090779952114797105930464607795042963547323371,YES,depth_imbalance_1,book,valid_obs_50,valid_observation_steps,50,336699,0.11793503924586665,0.14614955951651692,0.5756151456697548,0.9999999999999999,-0.0018019376391982182,0.0012439611373562705,0.0030458987765544887,0.6720483280318623,0.16571774789945917,29.323,103.5732,91899,136266
highest-temperature-in-shanghai-on-june-10-2026,Highest temperature in Shanghai on June 10?,2026-06-08T04:26:36Z,2026-06-10T12:00:00Z,4,27°C,0xdf893641b3da75d542e9816e3e50650ff9a57395826fd717e855bd5eec447ed5,70515615079914594072283762648675090779952114797105930464607795042963547323371,YES,depth_imbalance_3,book,valid_obs_50,valid_observation_steps,50,336699,0.09202828947838515,0.11665741701678502,0.5514893000425644,0.9999999999999999,-0.0016528521623024994,0.001287176516029355,0.002940028678331854,0.6720483280318623,0.16571774789945917,29.323,103.5732,91899,136266
highest-temperature-in-shanghai-on-june-10-2026,Highest temperature in Shanghai on June 10?,2026-06-08T04:26:36Z,2026-06-10T12:00:00Z,4,27°C,0xdf893641b3da75d542e9816e3e50650ff9a57395826fd717e855bd5eec447ed5,70515615079914594072283762648675090779952114797105930464607795042963547323371,YES,depth_imbalance_5,book,valid_obs_50,valid_observation_steps,50,336699,0.0893341162576765,0.0995472951882734,0.5514087249476992,0.9999999999999999,-0.0016072542322542321,0.0011969309842835498,0.002804185216537782,0.6720483280318623,0.16571774789945917,29.323,103.5732,91899,136266
highest-temperature-in-shanghai-on-june-10-2026,Highest temperature in Shanghai on June 10?,2026-06-08T04:26:36Z,2026-06-10T12:00:00Z,4,27°C,0xdf893641b3da75d542e9816e3e50650ff9a57395826fd717e855bd5eec447ed5,70515615079914594072283762648675090779952114797105930464607795042963547323371,YES,microprice_minus_mid,book,valid_obs_50,valid_observation_steps,50,336699,0.11881016423687228,0.14245406709073447,0.5827514693762962,0.9999999999999999,-0.0019701940918328276,0.001247228958683588,0.0032174230505164153,0.6720483280318623,0.16571774789945917,29.323,103.5732,91899,136266
highest-temperature-in-shanghai-on-june-10-2026,Highest temperature in Shanghai on June 10?,2026-06-08T04:26:36Z,2026-06-10T12:00:00Z,4,27°C,0xdf893641b3da75d542e9816e3e50650ff9a57395826fd717e855bd5eec447ed5,70515615079914594072283762648675090779952114797105930464607795042963547323371,YES,ofi_30s,flow_clock_sensitive,valid_obs_50,valid_observation_steps,50,336699,0.029013089992913386,-0.033960771676931054,0.5119316072123962,1.0,-0.0009949375964100407,0.0002941298824787913,0.0012890674788888319,0.6720483280318623,0.16571774789945917,29.323,103.5732,91899,136266
highest-temperature-in-shanghai-on-june-10-2026,Highest temperature in Shanghai on June 10?,2026-06-08T04:26:36Z,2026-06-10T12:00:00Z,4,27°C,0xdf893641b3da75d542e9816e3e50650ff9a57395826fd717e855bd5eec447ed5,70515615079914594072283762648675090779952114797105930464607795042963547323371,YES,trade_pressure_30s,flow_clock_sensitive,valid_obs_50,valid_observation_steps,50,336699,0.053881828160845295,-0.2518381161435614,0.5148477191838509,,-0.00027579291791832687,0.0011346353828155463,0.0014104283007338732,0.6720483280318623,0.16571774789945917,29.323,103.5732,91899,136266
highest-temperature-in-shanghai-on-june-10-2026,Highest temperature in Shanghai on June 10?,2026-06-08T04:26:36Z,2026-06-10T12:00:00Z,4,27°C,0xdf893641b3da75d542e9816e3e50650ff9a57395826fd717e855bd5eec447ed5,70515615079914594072283762648675090779952114797105930464607795042963547323371,YES,depth_imbalance_1,book,valid_obs_200,valid_observation_steps,200,336405,0.15130940610091806,0.1948424363505192,0.5816193625840941,0.9999999999999999,-0.005144131762328573,0.003039266548735711,0.008183398311064283,0.47507320045778156,0.2664021046060552,123.929,459.938200000006,91899,136266
highest-temperature-in-shanghai-on-june-10-2026,Highest temperature in Shanghai on June 10?,2026-06-08T04:26:36Z,2026-06-10T12:00:00Z,4,27°C,0xdf893641b3da75d542e9816e3e50650ff9a57395826fd717e855bd5eec447ed5,70515615079914594072283762648675090779952114797105930464607795042963547323371,YES,depth_imbalance_3,book,valid_obs_200,valid_observation_steps,200,336405,0.1269777585182549,0.1706900193884467,0.5510850114390559,0.9999999999999999,-0.004135394836580906,0.00251051700558925,0.006645911842170156,0.47507320045778156,0.2664021046060552,123.929,459.938200000006,91899,136266
highest-temperature-in-shanghai-on-june-10-2026,Highest temperature in Shanghai on June 10?,2026-06-08T04:26:36Z,2026-06-10T12:00:00Z,4,27°C,0xdf893641b3da75d542e9816e3e50650ff9a57395826fd717e855bd5eec447ed5,70515615079914594072283762648675090779952114797105930464607795042963547323371,YES,depth_imbalance_5,book,valid_obs_200,valid_observation_steps,200,336405,0.13674735791702958,0.1676363174032213,0.5700727116225338,0.9999999999999999,-0.004120352759368778,0.0024020115070692654,0.006522364266438043,0.47507320045778156,0.2664021046060552,123.929,459.938200000006,91899,136266
highest-temperature-in-shanghai-on-june-10-2026,Highest temperature in Shanghai on June 10?,2026-06-08T04:26:36Z,2026-06-10T12:00:00Z,4,27°C,0xdf893641b3da75d542e9816e3e50650ff9a57395826fd717e855bd5eec447ed5,70515615079914594072283762648675090779952114797105930464607795042963547323371,YES,microprice_minus_mid,book,valid_obs_200,valid_observation_steps,200,336405,0.1347463353672686,0.1734832758896492,0.5761773166919609,0.9999999999999999,-0.004700151680263894,0.002411229970392633,0.007111381650656527,0.47507320045778156,0.2664021046060552,123.929,459.938200000006,91899,136266
highest-temperature-in-shanghai-on-june-10-2026,Highest temperature in Shanghai on June 10?,2026-06-08T04:26:36Z,2026-06-10T12:00:00Z,4,27°C,0xdf893641b3da75d542e9816e3e50650ff9a57395826fd717e855bd5eec447ed5,70515615079914594072283762648675090779952114797105930464607795042963547323371,YES,ofi_30s,flow_clock_sensitive,valid_obs_200,valid_observation_steps,200,336405,0.017315278507833588,-0.011912376828069823,0.505340113711011,0.7999999999999999,-0.0014951948707876206,0.00010345006986354277,0.0015986449406511635,0.47507320045778156,0.2664021046060552,123.929,459.938200000006,91899,136266
highest-temperature-in-shanghai-on-june-10-2026,Highest temperature in Shanghai on June 10?,2026-06-08T04:26:36Z,2026-06-10T12:00:00Z,4,27°C,0xdf893641b3da75d542e9816e3e50650ff9a57395826fd717e855bd5eec447ed5,70515615079914594072283762648675090779952114797105930464607795042963547323371,YES,trade_pressure_30s,flow_clock_sensitive,valid_obs_200,valid_observation_steps,200,336405,0.0652276948660562,-0.09347527042647284,0.5156182753074954,,-0.0007070277097041223,0.0028572890939815416,0.0035643168036856637,0.47507320045778156,0.2664021046060552,123.929,459.938200000006,91899,136266
highest-temperature-in-shanghai-on-june-10-2026,Highest temperature in Shanghai on June 10?,2026-06-08T04:26:36Z,2026-06-10T12:00:00Z,5,28°C,0x9fe8b4b759767560042e24c382fb7fc9be3da3235298edd0065ece2888659184,79468022192238370215968228824413698994937653291968216025900787429247470618594,YES,depth_imbalance_1,book,wall_60s,wall_clock_seconds,60,347595,0.13809744357422343,0.11987803610495654,0.5968066856576276,0.9999999999999999,-0.0005183547103051748,0.002542980169645299,0.003061334879950474,0.6344078597218027,0.2086221033098865,60.467,64.98,95496,117045
highest-temperature-in-shanghai-on-june-10-2026,Highest temperature in Shanghai on June 10?,2026-06-08T04:26:36Z,2026-06-10T12:00:00Z,5,28°C,0x9fe8b4b759767560042e24c382fb7fc9be3da3235298edd0065ece2888659184,79468022192238370215968228824413698994937653291968216025900787429247470618594,YES,depth_imbalance_3,book,wall_60s,wall_clock_seconds,60,347595,0.0395285794013291,0.045314725942193754,0.5327121925116858,0.7,0.000614812205222593,0.0020678132253088635,0.0014530010200862705,0.6344078597218027,0.2086221033098865,60.467,64.98,95496,117045
highest-temperature-in-shanghai-on-june-10-2026,Highest temperature in Shanghai on June 10?,2026-06-08T04:26:36Z,2026-06-10T12:00:00Z,5,28°C,0x9fe8b4b759767560042e24c382fb7fc9be3da3235298edd0065ece2888659184,79468022192238370215968228824413698994937653291968216025900787429247470618594,YES,depth_imbalance_5,book,wall_60s,wall_clock_seconds,60,347595,0.02176828950063811,0.03249330419809825,0.5244888965832009,0.8999999999999998,0.0007399833175137337,0.0016860192470906396,0.0009460359295769059,0.6344078597218027,0.2086221033098865,60.467,64.98,95496,117045
highest-temperature-in-shanghai-on-june-10-2026,Highest temperature in Shanghai on June 10?,2026-06-08T04:26:36Z,2026-06-10T12:00:00Z,5,28°C,0x9fe8b4b759767560042e24c382fb7fc9be3da3235298edd0065ece2888659184,79468022192238370215968228824413698994937653291968216025900787429247470618594,YES,microprice_minus_mid,book,wall_60s,wall_clock_seconds,60,347595,0.12097371801683339,0.10127298374464343,0.5854986701081226,0.8999999999999998,0.00019024295516333636,0.0029551275594629986,0.0027648846042996624,0.6344078597218027,0.2086221033098865,60.467,64.98,95496,117045
highest-temperature-in-shanghai-on-june-10-2026,Highest temperature in Shanghai on June 10?,2026-06-08T04:26:36Z,2026-06-10T12:00:00Z,5,28°C,0x9fe8b4b759767560042e24c382fb7fc9be3da3235298edd0065ece2888659184,79468022192238370215968228824413698994937653291968216025900787429247470618594,YES,ofi_30s,flow_clock_sensitive,wall_60s,wall_clock_seconds,60,347595,0.06574140368083041,0.1003856199902902,0.5371110656447221,1.0,9.753353887176171e-05,0.001986901165299955,0.001889367626428193,0.6344078597218027,0.2086221033098865,60.467,64.98,95496,117045
highest-temperature-in-shanghai-on-june-10-2026,Highest temperature in Shanghai on June 10?,2026-06-08T04:26:36Z,2026-06-10T12:00:00Z,5,28°C,0x9fe8b4b759767560042e24c382fb7fc9be3da3235298edd0065ece2888659184,79468022192238370215968228824413698994937653291968216025900787429247470618594,YES,trade_pressure_30s,flow_clock_sensitive,wall_60s,wall_clock_seconds,60,347595,0.04737799543515232,0.25430765162528857,0.4734336391822345,,0.0006342023028176068,0.0025563070147845215,0.0019221047119669147,0.6344078597218027,0.2086221033098865,60.467,64.98,95496,117045
highest-temperature-in-shanghai-on-june-10-2026,Highest temperature in Shanghai on June 10?,2026-06-08T04:26:36Z,2026-06-10T12:00:00Z,5,28°C,0x9fe8b4b759767560042e24c382fb7fc9be3da3235298edd0065ece2888659184,79468022192238370215968228824413698994937653291968216025900787429247470618594,YES,depth_imbalance_1,book,wall_300s,wall_clock_seconds,300,345595,0.10384039074995177,0.11348653218614556,0.5663530565835823,0.8999999999999998,0.0021903339649112664,0.006902855944096413,0.004712521979185147,0.3510612132698679,0.3977980005497765,300.522,306.681,95496,117045
highest-temperature-in-shanghai-on-june-10-2026,Highest temperature in Shanghai on June 10?,2026-06-08T04:26:36Z,2026-06-10T12:00:00Z,5,28°C,0x9fe8b4b759767560042e24c382fb7fc9be3da3235298edd0065ece2888659184,79468022192238370215968228824413698994937653291968216025900787429247470618594,YES,depth_imbalance_3,book,wall_300s,wall_clock_seconds,300,345595,0.014989806122713285,0.08205260035816088,0.5433004860213136,0.6,0.004160058229198197,0.007889388918633425,0.003729330689435228,0.3510612132698679,0.3977980005497765,300.522,306.681,95496,117045
highest-temperature-in-shanghai-on-june-10-2026,Highest temperature in Shanghai on June 10?,2026-06-08T04:26:36Z,2026-06-10T12:00:00Z,5,28°C,0x9fe8b4b759767560042e24c382fb7fc9be3da3235298edd0065ece2888659184,79468022192238370215968228824413698994937653291968216025900787429247470618594,YES,depth_imbalance_5,book,wall_300s,wall_clock_seconds,300,345595,0.0036633593182964393,0.0872176160559484,0.5449146118517858,0.39999999999999997,0.005450284275856084,0.007748412112794249,0.002298127836938165,0.3510612132698679,0.3977980005497765,300.522,306.681,95496,117045
highest-temperature-in-shanghai-on-june-10-2026,Highest temperature in Shanghai on June 10?,2026-06-08T04:26:36Z,2026-06-10T12:00:00Z,5,28°C,0x9fe8b4b759767560042e24c382fb7fc9be3da3235298edd0065ece2888659184,79468022192238370215968228824413698994937653291968216025900787429247470618594,YES,microprice_minus_mid,book,wall_300s,wall_clock_seconds,300,345595,0.07968120720480638,0.08572472963453816,0.5633343737459312,0.7,0.0032894021935465237,0.007964564764440329,0.004675162570893805,0.3510612132698679,0.3977980005497765,300.522,306.681,95496,117045
highest-temperature-in-shanghai-on-june-10-2026,Highest temperature in Shanghai on June 10?,2026-06-08T04:26:36Z,2026-06-10T12:00:00Z,5,28°C,0x9fe8b4b759767560042e24c382fb7fc9be3da3235298edd0065ece2888659184,79468022192238370215968228824413698994937653291968216025900787429247470618594,YES,ofi_30s,flow_clock_sensitive,wall_300s,wall_clock_seconds,300,345595,0.06488804509749192,0.04696279547153358,0.5131939180452133,0.7999999999999999,0.004446083403971487,0.0064175423360833695,0.001971458932111882,0.3510612132698679,0.3977980005497765,300.522,306.681,95496,117045
highest-temperature-in-shanghai-on-june-10-2026,Highest temperature in Shanghai on June 10?,2026-06-08T04:26:36Z,2026-06-10T12:00:00Z,5,28°C,0x9fe8b4b759767560042e24c382fb7fc9be3da3235298edd0065ece2888659184,79468022192238370215968228824413698994937653291968216025900787429247470618594,YES,trade_pressure_30s,flow_clock_sensitive,wall_300s,wall_clock_seconds,300,345595,0.10880677278701703,0.011608189617371562,0.4567530209122932,,0.0034031123077773546,0.009775279718443034,0.006372167410665679,0.3510612132698679,0.3977980005497765,300.522,306.681,95496,117045
highest-temperature-in-shanghai-on-june-10-2026,Highest temperature in Shanghai on June 10?,2026-06-08T04:26:36Z,2026-06-10T12:00:00Z,5,28°C,0x9fe8b4b759767560042e24c382fb7fc9be3da3235298edd0065ece2888659184,79468022192238370215968228824413698994937653291968216025900787429247470618594,YES,depth_imbalance_1,book,wall_900s,wall_clock_seconds,900,340599,0.05858333927685677,0.08887261796674488,0.5272862305919033,0.8999999999999998,0.008232697247706422,0.015905977008119094,0.007673279760412672,0.2014451011306551,0.5122886444176289,900.575,907.893,95496,117045
highest-temperature-in-shanghai-on-june-10-2026,Highest temperature in Shanghai on June 10?,2026-06-08T04:26:36Z,2026-06-10T12:00:00Z,5,28°C,0x9fe8b4b759767560042e24c382fb7fc9be3da3235298edd0065ece2888659184,79468022192238370215968228824413698994937653291968216025900787429247470618594,YES,depth_imbalance_3,book,wall_900s,wall_clock_seconds,900,340599,-0.05251237978978478,0.09195568588216599,0.545629019033998,0.09999999999999999,0.011187400927611108,0.01851650271619439,0.007329101788583281,0.2014451011306551,0.5122886444176289,900.575,907.893,95496,117045
highest-temperature-in-shanghai-on-june-10-2026,Highest temperature in Shanghai on June 10?,2026-06-08T04:26:36Z,2026-06-10T12:00:00Z,5,28°C,0x9fe8b4b759767560042e24c382fb7fc9be3da3235298edd0065ece2888659184,79468022192238370215968228824413698994937653291968216025900787429247470618594,YES,depth_imbalance_5,book,wall_900s,wall_clock_seconds,900,340599,-0.049397547678480355,0.10252120908444452,0.5339005173041359,0.39999999999999997,0.012567179953906904,0.01800397478472977,0.005436794830822865,0.2014451011306551,0.5122886444176289,900.575,907.893,95496,117045
highest-temperature-in-shanghai-on-june-10-2026,Highest temperature in Shanghai on June 10?,2026-06-08T04:26:36Z,2026-06-10T12:00:00Z,5,28°C,0x9fe8b4b759767560042e24c382fb7fc9be3da3235298edd0065ece2888659184,79468022192238370215968228824413698994937653291968216025900787429247470618594,YES,microprice_minus_mid,book,wall_900s,wall_clock_seconds,900,340599,0.03942937775347489,0.0662764115900122,0.5306650685510704,0.7,0.007055739004094572,0.015431309620646306,0.008375570616551734,0.2014451011306551,0.5122886444176289,900.575,907.893,95496,117045
highest-temperature-in-shanghai-on-june-10-2026,Highest temperature in Shanghai on June 10?,2026-06-08T04:26:36Z,2026-06-10T12:00:00Z,5,28°C,0x9fe8b4b759767560042e24c382fb7fc9be3da3235298edd0065ece2888659184,79468022192238370215968228824413698994937653291968216025900787429247470618594,YES,ofi_30s,flow_clock_sensitive,wall_900s,wall_clock_seconds,900,340599,0.04954686884682568,0.03780673628197692,0.5030461014680848,0.39999999999999997,0.013032332579824809,0.016116894362131994,0.0030845617823071856,0.2014451011306551,0.5122886444176289,900.575,907.893,95496,117045
highest-temperature-in-shanghai-on-june-10-2026,Highest temperature in Shanghai on June 10?,2026-06-08T04:26:36Z,2026-06-10T12:00:00Z,5,28°C,0x9fe8b4b759767560042e24c382fb7fc9be3da3235298edd0065ece2888659184,79468022192238370215968228824413698994937653291968216025900787429247470618594,YES,trade_pressure_30s,flow_clock_sensitive,wall_900s,wall_clock_seconds,900,340599,0.11810742998015059,0.04104183345459904,0.4298661333078419,,0.009243841574864568,0.022306457971928716,0.013062616397064148,0.2014451011306551,0.5122886444176289,900.575,907.893,95496,117045
highest-temperature-in-shanghai-on-june-10-2026,Highest temperature in Shanghai on June 10?,2026-06-08T04:26:36Z,2026-06-10T12:00:00Z,5,28°C,0x9fe8b4b759767560042e24c382fb7fc9be3da3235298edd0065ece2888659184,79468022192238370215968228824413698994937653291968216025900787429247470618594,YES,depth_imbalance_1,book,valid_obs_10,valid_observation_steps,10,349661,0.09720294396216636,0.05227962216987127,0.6083451035781544,0.9999999999999999,-0.0003960852779197186,0.0004903576537911303,0.0008864429317108489,0.8540329061576785,0.07879060003832283,4.948,21.617,95496,117045
highest-temperature-in-shanghai-on-june-10-2026,Highest temperature in Shanghai on June 10?,2026-06-08T04:26:36Z,2026-06-10T12:00:00Z,5,28°C,0x9fe8b4b759767560042e24c382fb7fc9be3da3235298edd0065ece2888659184,79468022192238370215968228824413698994937653291968216025900787429247470618594,YES,depth_imbalance_3,book,valid_obs_10,valid_observation_steps,10,349661,0.04656554266075252,0.02519627866178693,0.560120692019828,0.8999999999999998,-0.0001586188658747517,0.00032355633097846286,0.00048217519685321455,0.8540329061576785,0.07879060003832283,4.948,21.617,95496,117045
highest-temperature-in-shanghai-on-june-10-2026,Highest temperature in Shanghai on June 10?,2026-06-08T04:26:36Z,2026-06-10T12:00:00Z,5,28°C,0x9fe8b4b759767560042e24c382fb7fc9be3da3235298edd0065ece2888659184,79468022192238370215968228824413698994937653291968216025900787429247470618594,YES,depth_imbalance_5,book,valid_obs_10,valid_observation_steps,10,349661,0.030235015685320915,0.010371061904546118,0.5363349595407434,0.8999999999999998,-1.7945748073155865e-05,0.0002635015303641409,0.0002814472784372968,0.8540329061576785,0.07879060003832283,4.948,21.617,95496,117045
highest-temperature-in-shanghai-on-june-10-2026,Highest temperature in Shanghai on June 10?,2026-06-08T04:26:36Z,2026-06-10T12:00:00Z,5,28°C,0x9fe8b4b759767560042e24c382fb7fc9be3da3235298edd0065ece2888659184,79468022192238370215968228824413698994937653291968216025900787429247470618594,YES,microprice_minus_mid,book,valid_obs_10,valid_observation_steps,10,349661,0.09951180106295823,0.059079509566151614,0.6028135347479379,0.9999999999999999,-0.0002515690899992852,0.0005107603811922276,0.0007623294711915128,0.8540329061576785,0.07879060003832283,4.948,21.617,95496,117045
highest-temperature-in-shanghai-on-june-10-2026,Highest temperature in Shanghai on June 10?,2026-06-08T04:26:36Z,2026-06-10T12:00:00Z,5,28°C,0x9fe8b4b759767560042e24c382fb7fc9be3da3235298edd0065ece2888659184,79468022192238370215968228824413698994937653291968216025900787429247470618594,YES,ofi_30s,flow_clock_sensitive,valid_obs_10,valid_observation_steps,10,349661,0.03969970298479397,-0.0034712097431102555,0.5375497168831678,1.0,-8.060889477459561e-05,0.00024518721931405336,0.00032579611408864895,0.8540329061576785,0.07879060003832283,4.948,21.617,95496,117045
highest-temperature-in-shanghai-on-june-10-2026,Highest temperature in Shanghai on June 10?,2026-06-08T04:26:36Z,2026-06-10T12:00:00Z,5,28°C,0x9fe8b4b759767560042e24c382fb7fc9be3da3235298edd0065ece2888659184,79468022192238370215968228824413698994937653291968216025900787429247470618594,YES,trade_pressure_30s,flow_clock_sensitive,valid_obs_10,valid_observation_steps,10,349661,0.03472668441780852,0.0008773814557537153,0.4967377887497796,,2.7389710017772314e-05,0.0003803111365052982,0.00035292142648752587,0.8540329061576785,0.07879060003832283,4.948,21.617,95496,117045
highest-temperature-in-shanghai-on-june-10-2026,Highest temperature in Shanghai on June 10?,2026-06-08T04:26:36Z,2026-06-10T12:00:00Z,5,28°C,0x9fe8b4b759767560042e24c382fb7fc9be3da3235298edd0065ece2888659184,79468022192238370215968228824413698994937653291968216025900787429247470618594,YES,depth_imbalance_1,book,valid_obs_50,valid_observation_steps,50,349613,0.12818190437705765,0.09433211164240297,0.5976516826332596,0.9999999999999999,-0.0007877845909271558,0.0014594428219664433,0.002247227412893599,0.7087236458598507,0.15754562902409236,27.992,117.622,95496,117045
highest-temperature-in-shanghai-on-june-10-2026,Highest temperature in Shanghai on June 10?,2026-06-08T04:26:36Z,2026-06-10T12:00:00Z,5,28°C,0x9fe8b4b759767560042e24c382fb7fc9be3da3235298edd0065ece2888659184,79468022192238370215968228824413698994937653291968216025900787429247470618594,YES,depth_imbalance_3,book,valid_obs_50,valid_observation_steps,50,349613,0.05334399789102923,0.04324574227719318,0.5469096765323959,0.8999999999999998,-0.0002192643757060934,0.0010166840682523561,0.0012359484439584496,0.7087236458598507,0.15754562902409236,27.992,117.622,95496,117045
highest-temperature-in-shanghai-on-june-10-2026,Highest temperature in Shanghai on June 10?,2026-06-08T04:26:36Z,2026-06-10T12:00:00Z,5,28°C,0x9fe8b4b759767560042e24c382fb7fc9be3da3235298edd0065ece2888659184,79468022192238370215968228824413698994937653291968216025900787429247470618594,YES,depth_imbalance_5,book,valid_obs_50,valid_observation_steps,50,349613,0.03796631240495352,0.02862448720247877,0.5382190623956635,0.8999999999999998,4.11661232194952e-05,0.0008706362713270314,0.0008294701481075362,0.7087236458598507,0.15754562902409236,27.992,117.622,95496,117045
highest-temperature-in-shanghai-on-june-10-2026,Highest temperature in Shanghai on June 10?,2026-06-08T04:26:36Z,2026-06-10T12:00:00Z,5,28°C,0x9fe8b4b759767560042e24c382fb7fc9be3da3235298edd0065ece2888659184,79468022192238370215968228824413698994937653291968216025900787429247470618594,YES,microprice_minus_mid,book,valid_obs_50,valid_observation_steps,50,349613,0.11824003333032251,0.09575339106387525,0.5927097040281242,0.9999999999999999,-0.0003530130817070552,0.00144071774031995,0.0017937308220270054,0.7087236458598507,0.15754562902409236,27.992,117.622,95496,117045
highest-temperature-in-shanghai-on-june-10-2026,Highest temperature in Shanghai on June 10?,2026-06-08T04:26:36Z,2026-06-10T12:00:00Z,5,28°C,0x9fe8b4b759767560042e24c382fb7fc9be3da3235298edd0065ece2888659184,79468022192238370215968228824413698994937653291968216025900787429247470618594,YES,ofi_30s,flow_clock_sensitive,valid_obs_50,valid_observation_steps,50,349613,0.054227482734956665,0.022723107635488012,0.5384351002612094,1.0,-0.00010474948959885173,0.0007795489001401636,0.0008842983897390153,0.7087236458598507,0.15754562902409236,27.992,117.622,95496,117045
highest-temperature-in-shanghai-on-june-10-2026,Highest temperature in Shanghai on June 10?,2026-06-08T04:26:36Z,2026-06-10T12:00:00Z,5,28°C,0x9fe8b4b759767560042e24c382fb7fc9be3da3235298edd0065ece2888659184,79468022192238370215968228824413698994937653291968216025900787429247470618594,YES,trade_pressure_30s,flow_clock_sensitive,valid_obs_50,valid_observation_steps,50,349613,0.04833974838313579,0.010217681130927268,0.49380364122002474,,0.00014832261361773512,0.0013383544566798258,0.0011900318430620907,0.7087236458598507,0.15754562902409236,27.992,117.622,95496,117045
highest-temperature-in-shanghai-on-june-10-2026,Highest temperature in Shanghai on June 10?,2026-06-08T04:26:36Z,2026-06-10T12:00:00Z,5,28°C,0x9fe8b4b759767560042e24c382fb7fc9be3da3235298edd0065ece2888659184,79468022192238370215968228824413698994937653291968216025900787429247470618594,YES,depth_imbalance_1,book,valid_obs_200,valid_observation_steps,200,349431,0.15600976425256502,0.13875810571918454,0.5880535011449335,0.9999999999999999,-0.0006081161641968997,0.0038857504940286954,0.004493866658225595,0.48862579450592536,0.2839959820393726,124.001,461.83,95496,117045
highest-temperature-in-shanghai-on-june-10-2026,Highest temperature in Shanghai on June 10?,2026-06-08T04:26:36Z,2026-06-10T12:00:00Z,5,28°C,0x9fe8b4b759767560042e24c382fb7fc9be3da3235298edd0065ece2888659184,79468022192238370215968228824413698994937653291968216025900787429247470618594,YES,depth_imbalance_3,book,valid_obs_200,valid_observation_steps,200,349431,0.07934127013180542,0.08331838630990393,0.5536515753539649,0.7,0.0005424833328564482,0.0036443213375705005,0.003101838004714052,0.48862579450592536,0.2839959820393726,124.001,461.83,95496,117045
highest-temperature-in-shanghai-on-june-10-2026,Highest temperature in Shanghai on June 10?,2026-06-08T04:26:36Z,2026-06-10T12:00:00Z,5,28°C,0x9fe8b4b759767560042e24c382fb7fc9be3da3235298edd0065ece2888659184,79468022192238370215968228824413698994937653291968216025900787429247470618594,YES,depth_imbalance_5,book,valid_obs_200,valid_observation_steps,200,349431,0.05764181190407427,0.05929543841407551,0.5356707146454754,0.7,0.0007857929830586079,0.003176919664577431,0.002391126681518823,0.48862579450592536,0.2839959820393726,124.001,461.83,95496,117045
highest-temperature-in-shanghai-on-june-10-2026,Highest temperature in Shanghai on June 10?,2026-06-08T04:26:36Z,2026-06-10T12:00:00Z,5,28°C,0x9fe8b4b759767560042e24c382fb7fc9be3da3235298edd0065ece2888659184,79468022192238370215968228824413698994937653291968216025900787429247470618594,YES,microprice_minus_mid,book,valid_obs_200,valid_observation_steps,200,349431,0.1394423090306687,0.13066409901309195,0.5808942861939672,0.8999999999999998,-0.00011747086996926161,0.004211422888704462,0.004328893758673723,0.48862579450592536,0.2839959820393726,124.001,461.83,95496,117045
highest-temperature-in-shanghai-on-june-10-2026,Highest temperature in Shanghai on June 10?,2026-06-08T04:26:36Z,2026-06-10T12:00:00Z,5,28°C,0x9fe8b4b759767560042e24c382fb7fc9be3da3235298edd0065ece2888659184,79468022192238370215968228824413698994937653291968216025900787429247470618594,YES,ofi_30s,flow_clock_sensitive,valid_obs_200,valid_observation_steps,200,349431,0.05641735848130858,0.0456259283712033,0.5230566903576026,1.0,0.0003627473999696163,0.0025437888964646807,0.0021810414964950646,0.48862579450592536,0.2839959820393726,124.001,461.83,95496,117045
highest-temperature-in-shanghai-on-june-10-2026,Highest temperature in Shanghai on June 10?,2026-06-08T04:26:36Z,2026-06-10T12:00:00Z,5,28°C,0x9fe8b4b759767560042e24c382fb7fc9be3da3235298edd0065ece2888659184,79468022192238370215968228824413698994937653291968216025900787429247470618594,YES,trade_pressure_30s,flow_clock_sensitive,valid_obs_200,valid_observation_steps,200,349431,0.05363741286746232,0.0343332009548467,0.48452067826962897,,0.0008665297642211836,0.0033606897984624962,0.0024941600342413125,0.48862579450592536,0.2839959820393726,124.001,461.83,95496,117045
highest-temperature-in-shanghai-on-june-10-2026,Highest temperature in Shanghai on June 10?,2026-06-08T04:26:36Z,2026-06-10T12:00:00Z,6,29°C,0xfd87fa8472dfb154071783a0aebe68d0b8277ce700a4265c707ec9639114d952,27278603221623619784217526778931912161201014588668933433614811866718916250456,YES,depth_imbalance_1,book,wall_60s,wall_clock_seconds,60,356296,0.1597875253377067,0.1832466973392251,0.6145198492955174,0.9999999999999999,-0.0023399239437014996,0.0011366640937478065,0.003476588037449306,0.5850669106585535,0.19199485820778228,60.5005,65.272,102357,127024
highest-temperature-in-shanghai-on-june-10-2026,Highest temperature in Shanghai on June 10?,2026-06-08T04:26:36Z,2026-06-10T12:00:00Z,6,29°C,0xfd87fa8472dfb154071783a0aebe68d0b8277ce700a4265c707ec9639114d952,27278603221623619784217526778931912161201014588668933433614811866718916250456,YES,depth_imbalance_3,book,wall_60s,wall_clock_seconds,60,356296,0.1219330277296069,0.14312052694320718,0.580881905315918,0.9999999999999999,-0.003127418789026872,0.0004351388927899335,0.0035625576818168053,0.5850669106585535,0.19199485820778228,60.5005,65.272,102357,127024
highest-temperature-in-shanghai-on-june-10-2026,Highest temperature in Shanghai on June 10?,2026-06-08T04:26:36Z,2026-06-10T12:00:00Z,6,29°C,0xfd87fa8472dfb154071783a0aebe68d0b8277ce700a4265c707ec9639114d952,27278603221623619784217526778931912161201014588668933433614811866718916250456,YES,depth_imbalance_5,book,wall_60s,wall_clock_seconds,60,356296,0.1334163138903087,0.15464497931376708,0.6089732749815678,0.9999999999999999,-0.0028152541421737113,0.0005620559907898799,0.003377310132963591,0.5850669106585535,0.19199485820778228,60.5005,65.272,102357,127024
highest-temperature-in-shanghai-on-june-10-2026,Highest temperature in Shanghai on June 10?,2026-06-08T04:26:36Z,2026-06-10T12:00:00Z,6,29°C,0xfd87fa8472dfb154071783a0aebe68d0b8277ce700a4265c707ec9639114d952,27278603221623619784217526778931912161201014588668933433614811866718916250456,YES,microprice_minus_mid,book,wall_60s,wall_clock_seconds,60,356296,0.14726578472220475,0.15729935507607667,0.6138163813337482,0.9999999999999999,-0.0022380344518011445,0.0009156491770994497,0.0031536836289005944,0.5850669106585535,0.19199485820778228,60.5005,65.272,102357,127024
highest-temperature-in-shanghai-on-june-10-2026,Highest temperature in Shanghai on June 10?,2026-06-08T04:26:36Z,2026-06-10T12:00:00Z,6,29°C,0xfd87fa8472dfb154071783a0aebe68d0b8277ce700a4265c707ec9639114d952,27278603221623619784217526778931912161201014588668933433614811866718916250456,YES,ofi_30s,flow_clock_sensitive,wall_60s,wall_clock_seconds,60,356296,0.035581187851162516,0.05103958260504605,0.5245909401443463,0.7999999999999999,-0.0011047840696265286,-7.306801431880424e-05,0.0010317160553077243,0.5850669106585535,0.19199485820778228,60.5005,65.272,102357,127024
highest-temperature-in-shanghai-on-june-10-2026,Highest temperature in Shanghai on June 10?,2026-06-08T04:26:36Z,2026-06-10T12:00:00Z,6,29°C,0xfd87fa8472dfb154071783a0aebe68d0b8277ce700a4265c707ec9639114d952,27278603221623619784217526778931912161201014588668933433614811866718916250456,YES,trade_pressure_30s,flow_clock_sensitive,wall_60s,wall_clock_seconds,60,356296,0.03607719608880687,-0.027574636161939937,0.49426064840806555,,-0.0005543348501861593,0.0016642145893936,0.002218549439579759,0.5850669106585535,0.19199485820778228,60.5005,65.272,102357,127024
highest-temperature-in-shanghai-on-june-10-2026,Highest temperature in Shanghai on June 10?,2026-06-08T04:26:36Z,2026-06-10T12:00:00Z,6,29°C,0xfd87fa8472dfb154071783a0aebe68d0b8277ce700a4265c707ec9639114d952,27278603221623619784217526778931912161201014588668933433614811866718916250456,YES,depth_imbalance_1,book,wall_300s,wall_clock_seconds,300,352628,0.14556285046879325,0.16986766235963965,0.5701345175476417,0.6,-0.006187586832629221,0.00018884171967287598,0.006376428552302097,0.34225302585160566,0.2909099674444457,300.599,307.22429999999997,102357,127024
highest-temperature-in-shanghai-on-june-10-2026,Highest temperature in Shanghai on June 10?,2026-06-08T04:26:36Z,2026-06-10T12:00:00Z,6,29°C,0xfd87fa8472dfb154071783a0aebe68d0b8277ce700a4265c707ec9639114d952,27278603221623619784217526778931912161201014588668933433614811866718916250456,YES,depth_imbalance_3,book,wall_300s,wall_clock_seconds,300,352628,0.16127810355829744,0.19306374278745025,0.5795636802621368,0.9999999999999999,-0.007095158088756558,0.001743376966324039,0.008838535055080598,0.34225302585160566,0.2909099674444457,300.599,307.22429999999997,102357,127024
highest-temperature-in-shanghai-on-june-10-2026,Highest temperature in Shanghai on June 10?,2026-06-08T04:26:36Z,2026-06-10T12:00:00Z,6,29°C,0xfd87fa8472dfb154071783a0aebe68d0b8277ce700a4265c707ec9639114d952,27278603221623619784217526778931912161201014588668933433614811866718916250456,YES,depth_imbalance_5,book,wall_300s,wall_clock_seconds,300,352628,0.16392330012011413,0.216567887804396,0.59748641890144,0.9999999999999999,-0.008153152067591898,0.0011590789791025287,0.009312231046694427,0.34225302585160566,0.2909099674444457,300.599,307.22429999999997,102357,127024
highest-temperature-in-shanghai-on-june-10-2026,Highest temperature in Shanghai on June 10?,2026-06-08T04:26:36Z,2026-06-10T12:00:00Z,6,29°C,0xfd87fa8472dfb154071783a0aebe68d0b8277ce700a4265c707ec9639114d952,27278603221623619784217526778931912161201014588668933433614811866718916250456,YES,microprice_minus_mid,book,wall_300s,wall_clock_seconds,300,352628,0.12604669213150593,0.13300379621552985,0.5604078641027852,0.6,-0.00584443200498838,-0.0004749268849418655,0.0053695051200465145,0.34225302585160566,0.2909099674444457,300.599,307.22429999999997,102357,127024
highest-temperature-in-shanghai-on-june-10-2026,Highest temperature in Shanghai on June 10?,2026-06-08T04:26:36Z,2026-06-10T12:00:00Z,6,29°C,0xfd87fa8472dfb154071783a0aebe68d0b8277ce700a4265c707ec9639114d952,27278603221623619784217526778931912161201014588668933433614811866718916250456,YES,ofi_30s,flow_clock_sensitive,wall_300s,wall_clock_seconds,300,352628,0.03036083585131297,0.029868858582656834,0.5033327584720186,0.7999999999999999,-0.0030371812287310765,-0.0013666477514541063,0.0016705334772769702,0.34225302585160566,0.2909099674444457,300.599,307.22429999999997,102357,127024
highest-temperature-in-shanghai-on-june-10-2026,Highest temperature in Shanghai on June 10?,2026-06-08T04:26:36Z,2026-06-10T12:00:00Z,6,29°C,0xfd87fa8472dfb154071783a0aebe68d0b8277ce700a4265c707ec9639114d952,27278603221623619784217526778931912161201014588668933433614811866718916250456,YES,trade_pressure_30s,flow_clock_sensitive,wall_300s,wall_clock_seconds,300,352628,0.06273413400868871,-0.02958729378370251,0.4949943951021816,,-0.001736082375878702,-0.00020340314136125902,0.001532679234517443,0.34225302585160566,0.2909099674444457,300.599,307.22429999999997,102357,127024
highest-temperature-in-shanghai-on-june-10-2026,Highest temperature in Shanghai on June 10?,2026-06-08T04:26:36Z,2026-06-10T12:00:00Z,6,29°C,0xfd87fa8472dfb154071783a0aebe68d0b8277ce700a4265c707ec9639114d952,27278603221623619784217526778931912161201014588668933433614811866718916250456,YES,depth_imbalance_1,book,wall_900s,wall_clock_seconds,900,347791,0.05804206721079062,0.11954171819427858,0.5475021534687685,0.7,-0.008260475220832855,-0.005376945539284788,0.0028835296815480672,0.18887205246829275,0.3060084936067926,900.651,908.823,102357,127024
highest-temperature-in-shanghai-on-june-10-2026,Highest temperature in Shanghai on June 10?,2026-06-08T04:26:36Z,2026-06-10T12:00:00Z,6,29°C,0xfd87fa8472dfb154071783a0aebe68d0b8277ce700a4265c707ec9639114d952,27278603221623619784217526778931912161201014588668933433614811866718916250456,YES,depth_imbalance_3,book,wall_900s,wall_clock_seconds,900,347791,0.13196764864789076,0.2173130756977522,0.5781753473022265,0.8999999999999998,-0.011865391526861316,-0.0006456575575200841,0.011219733969341231,0.18887205246829275,0.3060084936067926,900.651,908.823,102357,127024
highest-temperature-in-shanghai-on-june-10-2026,Highest temperature in Shanghai on June 10?,2026-06-08T04:26:36Z,2026-06-10T12:00:00Z,6,29°C,0xfd87fa8472dfb154071783a0aebe68d0b8277ce700a4265c707ec9639114d952,27278603221623619784217526778931912161201014588668933433614811866718916250456,YES,depth_imbalance_5,book,wall_900s,wall_clock_seconds,900,347791,0.16974356779275618,0.2769763984980174,0.6140345902028692,0.7,-0.014649100109251915,-0.0009231803410692208,0.013725919768182694,0.18887205246829275,0.3060084936067926,900.651,908.823,102357,127024
highest-temperature-in-shanghai-on-june-10-2026,Highest temperature in Shanghai on June 10?,2026-06-08T04:26:36Z,2026-06-10T12:00:00Z,6,29°C,0xfd87fa8472dfb154071783a0aebe68d0b8277ce700a4265c707ec9639114d952,27278603221623619784217526778931912161201014588668933433614811866718916250456,YES,microprice_minus_mid,book,wall_900s,wall_clock_seconds,900,347791,0.04916515749266741,0.06466994214965574,0.5322807627001486,0.6,-0.007924971247843589,-0.003912720439433362,0.004012250808410227,0.18887205246829275,0.3060084936067926,900.651,908.823,102357,127024
highest-temperature-in-shanghai-on-june-10-2026,Highest temperature in Shanghai on June 10?,2026-06-08T04:26:36Z,2026-06-10T12:00:00Z,6,29°C,0xfd87fa8472dfb154071783a0aebe68d0b8277ce700a4265c707ec9639114d952,27278603221623619784217526778931912161201014588668933433614811866718916250456,YES,ofi_30s,flow_clock_sensitive,wall_900s,wall_clock_seconds,900,347791,0.008348207909613312,0.00801751611192158,0.49700641255144395,0.19999999999999998,-0.006670841796434214,-0.006659950474380569,1.0891322053644889e-05,0.18887205246829275,0.3060084936067926,900.651,908.823,102357,127024
highest-temperature-in-shanghai-on-june-10-2026,Highest temperature in Shanghai on June 10?,2026-06-08T04:26:36Z,2026-06-10T12:00:00Z,6,29°C,0xfd87fa8472dfb154071783a0aebe68d0b8277ce700a4265c707ec9639114d952,27278603221623619784217526778931912161201014588668933433614811866718916250456,YES,trade_pressure_30s,flow_clock_sensitive,wall_900s,wall_clock_seconds,900,347791,0.02691930428251598,-0.015752525947086406,0.49258249646405744,,-0.004444513806395306,-0.007961992246755435,-0.0035174784403601287,0.18887205246829275,0.3060084936067926,900.651,908.823,102357,127024
highest-temperature-in-shanghai-on-june-10-2026,Highest temperature in Shanghai on June 10?,2026-06-08T04:26:36Z,2026-06-10T12:00:00Z,6,29°C,0xfd87fa8472dfb154071783a0aebe68d0b8277ce700a4265c707ec9639114d952,27278603221623619784217526778931912161201014588668933433614811866718916250456,YES,depth_imbalance_1,book,valid_obs_10,valid_observation_steps,10,361513,0.10863763034358496,0.10299748239824685,0.6109594001297506,0.9999999999999999,-0.0005260751871391874,0.00060781326097544,0.0011338884481146274,0.8166566624160128,0.08918074868676922,4.864,21.911,102357,127024
highest-temperature-in-shanghai-on-june-10-2026,Highest temperature in Shanghai on June 10?,2026-06-08T04:26:36Z,2026-06-10T12:00:00Z,6,29°C,0xfd87fa8472dfb154071783a0aebe68d0b8277ce700a4265c707ec9639114d952,27278603221623619784217526778931912161201014588668933433614811866718916250456,YES,depth_imbalance_3,book,valid_obs_10,valid_observation_steps,10,361513,0.0747071591635625,0.0709074819321817,0.5747348410555061,0.9999999999999999,-0.0005597295578353566,0.0003511216482267145,0.0009108512060620711,0.8166566624160128,0.08918074868676922,4.864,21.911,102357,127024
highest-temperature-in-shanghai-on-june-10-2026,Highest temperature in Shanghai on June 10?,2026-06-08T04:26:36Z,2026-06-10T12:00:00Z,6,29°C,0xfd87fa8472dfb154071783a0aebe68d0b8277ce700a4265c707ec9639114d952,27278603221623619784217526778931912161201014588668933433614811866718916250456,YES,depth_imbalance_5,book,valid_obs_10,valid_observation_steps,10,361513,0.06806583360843746,0.05737165001188025,0.5737541678610764,0.9999999999999999,-0.0005087271620817947,0.00024855339295107835,0.000757280555032873,0.8166566624160128,0.08918074868676922,4.864,21.911,102357,127024
highest-temperature-in-shanghai-on-june-10-2026,Highest temperature in Shanghai on June 10?,2026-06-08T04:26:36Z,2026-06-10T12:00:00Z,6,29°C,0xfd87fa8472dfb154071783a0aebe68d0b8277ce700a4265c707ec9639114d952,27278603221623619784217526778931912161201014588668933433614811866718916250456,YES,microprice_minus_mid,book,valid_obs_10,valid_observation_steps,10,361513,0.1019685517723751,0.08494025153659966,0.6106878290912932,0.9999999999999999,-0.0006006747601006611,0.0003750295200388965,0.0009757042801395576,0.8166566624160128,0.08918074868676922,4.864,21.911,102357,127024
highest-temperature-in-shanghai-on-june-10-2026,Highest temperature in Shanghai on June 10?,2026-06-08T04:26:36Z,2026-06-10T12:00:00Z,6,29°C,0xfd87fa8472dfb154071783a0aebe68d0b8277ce700a4265c707ec9639114d952,27278603221623619784217526778931912161201014588668933433614811866718916250456,YES,ofi_30s,flow_clock_sensitive,valid_obs_10,valid_observation_steps,10,361513,0.031703487217609065,0.057557361950018864,0.5328827265732261,0.7999999999999999,-0.0002792244610086986,7.073012184833282e-05,0.00034995458285703144,0.8166566624160128,0.08918074868676922,4.864,21.911,102357,127024
highest-temperature-in-shanghai-on-june-10-2026,Highest temperature in Shanghai on June 10?,2026-06-08T04:26:36Z,2026-06-10T12:00:00Z,6,29°C,0xfd87fa8472dfb154071783a0aebe68d0b8277ce700a4265c707ec9639114d952,27278603221623619784217526778931912161201014588668933433614811866718916250456,YES,trade_pressure_30s,flow_clock_sensitive,valid_obs_10,valid_observation_steps,10,361513,0.015239760644558658,0.011455638348973,0.5009278677147297,,-4.0766072276797844e-05,-6.072984749455336e-06,3.4693087527342505e-05,0.8166566624160128,0.08918074868676922,4.864,21.911,102357,127024
highest-temperature-in-shanghai-on-june-10-2026,Highest temperature in Shanghai on June 10?,2026-06-08T04:26:36Z,2026-06-10T12:00:00Z,6,29°C,0xfd87fa8472dfb154071783a0aebe68d0b8277ce700a4265c707ec9639114d952,27278603221623619784217526778931912161201014588668933433614811866718916250456,YES,depth_imbalance_1,book,valid_obs_50,valid_observation_steps,50,361451,0.14638380149747388,0.15619144886897865,0.6052529997782505,0.9999999999999999,-0.0017229787586664086,0.0010668684338690601,0.0027898471925354687,0.6631382953706035,0.1629128152916993,27.906,120.774,102357,127024
highest-temperature-in-shanghai-on-june-10-2026,Highest temperature in Shanghai on June 10?,2026-06-08T04:26:36Z,2026-06-10T12:00:00Z,6,29°C,0xfd87fa8472dfb154071783a0aebe68d0b8277ce700a4265c707ec9639114d952,27278603221623619784217526778931912161201014588668933433614811866718916250456,YES,depth_imbalance_3,book,valid_obs_50,valid_observation_steps,50,361451,0.0946181730574369,0.10575374783346063,0.5720644880460583,0.8999999999999998,-0.0018845440964921987,0.0003930274796883235,0.002277571576180522,0.6631382953706035,0.1629128152916993,27.906,120.774,102357,127024
highest-temperature-in-shanghai-on-june-10-2026,Highest temperature in Shanghai on June 10?,2026-06-08T04:26:36Z,2026-06-10T12:00:00Z,6,29°C,0xfd87fa8472dfb154071783a0aebe68d0b8277ce700a4265c707ec9639114d952,27278603221623619784217526778931912161201014588668933433614811866718916250456,YES,depth_imbalance_5,book,valid_obs_50,valid_observation_steps,50,361451,0.09585153671339727,0.10457974514890937,0.5809508948003844,0.9999999999999999,-0.0016983982073201097,0.0005510742268612088,0.0022494724341813183,0.6631382953706035,0.1629128152916993,27.906,120.774,102357,127024
highest-temperature-in-shanghai-on-june-10-2026,Highest temperature in Shanghai on June 10?,2026-06-08T04:26:36Z,2026-06-10T12:00:00Z,6,29°C,0xfd87fa8472dfb154071783a0aebe68d0b8277ce700a4265c707ec9639114d952,27278603221623619784217526778931912161201014588668933433614811866718916250456,YES,microprice_minus_mid,book,valid_obs_50,valid_observation_steps,50,361451,0.135019455996699,0.13098377652425122,0.6037828825795218,0.9999999999999999,-0.0016836508946102156,0.000747148711537125,0.0024307996061473406,0.6631382953706035,0.1629128152916993,27.906,120.774,102357,127024
highest-temperature-in-shanghai-on-june-10-2026,Highest temperature in Shanghai on June 10?,2026-06-08T04:26:36Z,2026-06-10T12:00:00Z,6,29°C,0xfd87fa8472dfb154071783a0aebe68d0b8277ce700a4265c707ec9639114d952,27278603221623619784217526778931912161201014588668933433614811866718916250456,YES,ofi_30s,flow_clock_sensitive,valid_obs_50,valid_observation_steps,50,361451,0.02170248666625378,0.04487992569646048,0.518212206079222,0.39999999999999997,-0.00034480922681196543,-0.00033220130310282275,1.2607923709142686e-05,0.6631382953706035,0.1629128152916993,27.906,120.774,102357,127024
highest-temperature-in-shanghai-on-june-10-2026,Highest temperature in Shanghai on June 10?,2026-06-08T04:26:36Z,2026-06-10T12:00:00Z,6,29°C,0xfd87fa8472dfb154071783a0aebe68d0b8277ce700a4265c707ec9639114d952,27278603221623619784217526778931912161201014588668933433614811866718916250456,YES,trade_pressure_30s,flow_clock_sensitive,valid_obs_50,valid_observation_steps,50,361451,0.012977361103785062,0.00012523120408410008,0.48924514820259696,,-0.00017674611109006069,2.6443355119825362e-05,0.00020318946620988604,0.6631382953706035,0.1629128152916993,27.906,120.774,102357,127024
highest-temperature-in-shanghai-on-june-10-2026,Highest temperature in Shanghai on June 10?,2026-06-08T04:26:36Z,2026-06-10T12:00:00Z,6,29°C,0xfd87fa8472dfb154071783a0aebe68d0b8277ce700a4265c707ec9639114d952,27278603221623619784217526778931912161201014588668933433614811866718916250456,YES,depth_imbalance_1,book,valid_obs_200,valid_observation_steps,200,361243,0.17321011413401988,0.1545563237124895,0.5896981074435953,0.9999999999999999,-0.0035991285252603374,0.002127433382035761,0.005726561907296098,0.4381815010948309,0.263814108508677,121.516,493.85079999999994,102357,127024
highest-temperature-in-shanghai-on-june-10-2026,Highest temperature in Shanghai on June 10?,2026-06-08T04:26:36Z,2026-06-10T12:00:00Z,6,29°C,0xfd87fa8472dfb154071783a0aebe68d0b8277ce700a4265c707ec9639114d952,27278603221623619784217526778931912161201014588668933433614811866718916250456,YES,depth_imbalance_3,book,valid_obs_200,valid_observation_steps,200,361243,0.1420911337980178,0.14200857612570397,0.5770597133326435,0.8999999999999998,-0.004732180126884961,0.000953234617197682,0.0056854147440826425,0.4381815010948309,0.263814108508677,121.516,493.85079999999994,102357,127024
highest-temperature-in-shanghai-on-june-10-2026,Highest temperature in Shanghai on June 10?,2026-06-08T04:26:36Z,2026-06-10T12:00:00Z,6,29°C,0xfd87fa8472dfb154071783a0aebe68d0b8277ce700a4265c707ec9639114d952,27278603221623619784217526778931912161201014588668933433614811866718916250456,YES,depth_imbalance_5,book,valid_obs_200,valid_observation_steps,200,361243,0.13824894921545475,0.158065592409667,0.5921223140332984,0.9999999999999999,-0.004542254885677905,0.0015949707909964283,0.006137225676674333,0.4381815010948309,0.263814108508677,121.516,493.85079999999994,102357,127024
highest-temperature-in-shanghai-on-june-10-2026,Highest temperature in Shanghai on June 10?,2026-06-08T04:26:36Z,2026-06-10T12:00:00Z,6,29°C,0xfd87fa8472dfb154071783a0aebe68d0b8277ce700a4265c707ec9639114d952,27278603221623619784217526778931912161201014588668933433614811866718916250456,YES,microprice_minus_mid,book,valid_obs_200,valid_observation_steps,200,361243,0.15181911122477681,0.13092409152298,0.5880770424679606,0.9999999999999999,-0.003253380388900422,0.0015855108703202038,0.0048388912592206255,0.4381815010948309,0.263814108508677,121.516,493.85079999999994,102357,127024
highest-temperature-in-shanghai-on-june-10-2026,Highest temperature in Shanghai on June 10?,2026-06-08T04:26:36Z,2026-06-10T12:00:00Z,6,29°C,0xfd87fa8472dfb154071783a0aebe68d0b8277ce700a4265c707ec9639114d952,27278603221623619784217526778931912161201014588668933433614811866718916250456,YES,ofi_30s,flow_clock_sensitive,valid_obs_200,valid_observation_steps,200,361243,0.04029933879490093,0.026896812164862928,0.5237419501066749,0.7999999999999999,-0.0012381733150692517,-9.122182845118795e-05,0.0011469514866180638,0.4381815010948309,0.263814108508677,121.516,493.85079999999994,102357,127024
highest-temperature-in-shanghai-on-june-10-2026,Highest temperature in Shanghai on June 10?,2026-06-08T04:26:36Z,2026-06-10T12:00:00Z,6,29°C,0xfd87fa8472dfb154071783a0aebe68d0b8277ce700a4265c707ec9639114d952,27278603221623619784217526778931912161201014588668933433614811866718916250456,YES,trade_pressure_30s,flow_clock_sensitive,valid_obs_200,valid_observation_steps,200,361243,0.039159705778705305,0.12551168874338073,0.5020472720284992,,-0.0006687951866963367,0.0024973583877995645,0.003166153574495901,0.4381815010948309,0.263814108508677,121.516,493.85079999999994,102357,127024
highest-temperature-in-shanghai-on-june-10-2026,Highest temperature in Shanghai on June 10?,2026-06-08T04:26:36Z,2026-06-10T12:00:00Z,7,30°C,0x159328aa49ce5325050c0737bf19698a5a9b5c417d8a7d404e6da19d8ae9d5c2,42762311995392589756762413746744603645968981252144913788678454874717778235915,YES,depth_imbalance_1,book,wall_60s,wall_clock_seconds,60,322423,0.11100650438125137,0.09176947960231886,0.5722091429776169,0.8999999999999998,-0.0010001378359751896,0.0003319204842266605,0.00133205832020185,0.6469358575535864,0.14934108298725587,60.577,64.722,93295,151495
highest-temperature-in-shanghai-on-june-10-2026,Highest temperature in Shanghai on June 10?,2026-06-08T04:26:36Z,2026-06-10T12:00:00Z,7,30°C,0x159328aa49ce5325050c0737bf19698a5a9b5c417d8a7d404e6da19d8ae9d5c2,42762311995392589756762413746744603645968981252144913788678454874717778235915,YES,depth_imbalance_3,book,wall_60s,wall_clock_seconds,60,322423,0.07495795644413343,0.08607293129372225,0.5468832355318177,0.7,-0.0010798933101758524,2.5959420469704942e-05,0.0011058527306455573,0.6469358575535864,0.14934108298725587,60.577,64.722,93295,151495
highest-temperature-in-shanghai-on-june-10-2026,Highest temperature in Shanghai on June 10?,2026-06-08T04:26:36Z,2026-06-10T12:00:00Z,7,30°C,0x159328aa49ce5325050c0737bf19698a5a9b5c417d8a7d404e6da19d8ae9d5c2,42762311995392589756762413746744603645968981252144913788678454874717778235915,YES,depth_imbalance_5,book,wall_60s,wall_clock_seconds,60,322423,0.07699544645581384,0.06481474022911271,0.546364946062757,0.8999999999999998,-0.0010705159856807805,0.0002552585859212609,0.0013257745716020414,0.6469358575535864,0.14934108298725587,60.577,64.722,93295,151495
highest-temperature-in-shanghai-on-june-10-2026,Highest temperature in Shanghai on June 10?,2026-06-08T04:26:36Z,2026-06-10T12:00:00Z,7,30°C,0x159328aa49ce5325050c0737bf19698a5a9b5c417d8a7d404e6da19d8ae9d5c2,42762311995392589756762413746744603645968981252144913788678454874717778235915,YES,microprice_minus_mid,book,wall_60s,wall_clock_seconds,60,322423,0.08677721384126255,0.07447974590600394,0.5627130257563513,0.7,-0.0011401672344379062,1.6163123212731218e-05,0.0011563303576506375,0.6469358575535864,0.14934108298725587,60.577,64.722,93295,151495
highest-temperature-in-shanghai-on-june-10-2026,Highest temperature in Shanghai on June 10?,2026-06-08T04:26:36Z,2026-06-10T12:00:00Z,7,30°C,0x159328aa49ce5325050c0737bf19698a5a9b5c417d8a7d404e6da19d8ae9d5c2,42762311995392589756762413746744603645968981252144913788678454874717778235915,YES,ofi_30s,flow_clock_sensitive,wall_60s,wall_clock_seconds,60,322423,0.03742070269894218,0.00609722764594162,0.5416300643030324,0.39999999999999997,-0.000679026507518214,-0.00019876817102874782,0.0004802583364894662,0.6469358575535864,0.14934108298725587,60.577,64.722,93295,151495
highest-temperature-in-shanghai-on-june-10-2026,Highest temperature in Shanghai on June 10?,2026-06-08T04:26:36Z,2026-06-10T12:00:00Z,7,30°C,0x159328aa49ce5325050c0737bf19698a5a9b5c417d8a7d404e6da19d8ae9d5c2,42762311995392589756762413746744603645968981252144913788678454874717778235915,YES,trade_pressure_30s,flow_clock_sensitive,wall_60s,wall_clock_seconds,60,322423,0.022247537261827297,-0.09246087340993357,0.5602621314874029,,-0.0001439173020471037,-0.0007104809650634499,-0.0005665636630163462,0.6469358575535864,0.14934108298725587,60.577,64.722,93295,151495
highest-temperature-in-shanghai-on-june-10-2026,Highest temperature in Shanghai on June 10?,2026-06-08T04:26:36Z,2026-06-10T12:00:00Z,7,30°C,0x159328aa49ce5325050c0737bf19698a5a9b5c417d8a7d404e6da19d8ae9d5c2,42762311995392589756762413746744603645968981252144913788678454874717778235915,YES,depth_imbalance_1,book,wall_300s,wall_clock_seconds,300,320593,0.07614839567642845,0.06996531904648474,0.5381834475594978,0.3,-0.0013269564416330162,-0.0008767388487299183,0.00045021759290309786,0.38740396702360935,0.2533492621485809,300.655,305.592,93295,151495
highest-temperature-in-shanghai-on-june-10-2026,Highest temperature in Shanghai on June 10?,2026-06-08T04:26:36Z,2026-06-10T12:00:00Z,7,30°C,0x159328aa49ce5325050c0737bf19698a5a9b5c417d8a7d404e6da19d8ae9d5c2,42762311995392589756762413746744603645968981252144913788678454874717778235915,YES,depth_imbalance_3,book,wall_300s,wall_clock_seconds,300,320593,0.07678331857152383,0.08303314351468856,0.5203163029420451,0.6,-0.0015118982813593594,8.825548379044549e-05,0.0016001537651498048,0.38740396702360935,0.2533492621485809,300.655,305.592,93295,151495
highest-temperature-in-shanghai-on-june-10-2026,Highest temperature in Shanghai on June 10?,2026-06-08T04:26:36Z,2026-06-10T12:00:00Z,7,30°C,0x159328aa49ce5325050c0737bf19698a5a9b5c417d8a7d404e6da19d8ae9d5c2,42762311995392589756762413746744603645968981252144913788678454874717778235915,YES,depth_imbalance_5,book,wall_300s,wall_clock_seconds,300,320593,0.11140086318288735,0.0857810826933797,0.535225108710042,0.7999999999999999,-0.0018764934660858749,0.0004351838849100472,0.0023116773509959223,0.38740396702360935,0.2533492621485809,300.655,305.592,93295,151495
highest-temperature-in-shanghai-on-june-10-2026,Highest temperature in Shanghai on June 10?,2026-06-08T04:26:36Z,2026-06-10T12:00:00Z,7,30°C,0x159328aa49ce5325050c0737bf19698a5a9b5c417d8a7d404e6da19d8ae9d5c2,42762311995392589756762413746744603645968981252144913788678454874717778235915,YES,microprice_minus_mid,book,wall_300s,wall_clock_seconds,300,320593,0.030039379137793133,0.026562427866339052,0.5129077263052843,-0.19999999999999998,-0.0006350465032949571,-0.0017288595325568674,-0.0010938130292619103,0.38740396702360935,0.2533492621485809,300.655,305.592,93295,151495
highest-temperature-in-shanghai-on-june-10-2026,Highest temperature in Shanghai on June 10?,2026-06-08T04:26:36Z,2026-06-10T12:00:00Z,7,30°C,0x159328aa49ce5325050c0737bf19698a5a9b5c417d8a7d404e6da19d8ae9d5c2,42762311995392589756762413746744603645968981252144913788678454874717778235915,YES,ofi_30s,flow_clock_sensitive,wall_300s,wall_clock_seconds,300,320593,0.0006942540408184393,-0.005408923835326386,0.5073729340000204,-0.19999999999999998,-0.0010287834845791625,-0.001428604850658972,-0.00039982136607980955,0.38740396702360935,0.2533492621485809,300.655,305.592,93295,151495
highest-temperature-in-shanghai-on-june-10-2026,Highest temperature in Shanghai on June 10?,2026-06-08T04:26:36Z,2026-06-10T12:00:00Z,7,30°C,0x159328aa49ce5325050c0737bf19698a5a9b5c417d8a7d404e6da19d8ae9d5c2,42762311995392589756762413746744603645968981252144913788678454874717778235915,YES,trade_pressure_30s,flow_clock_sensitive,wall_300s,wall_clock_seconds,300,320593,0.05722269699489688,0.03199146218780858,0.5629550800940966,,-0.0006751664376017389,0.0005799141965678626,0.0012550806341696014,0.38740396702360935,0.2533492621485809,300.655,305.592,93295,151495
highest-temperature-in-shanghai-on-june-10-2026,Highest temperature in Shanghai on June 10?,2026-06-08T04:26:36Z,2026-06-10T12:00:00Z,7,30°C,0x159328aa49ce5325050c0737bf19698a5a9b5c417d8a7d404e6da19d8ae9d5c2,42762311995392589756762413746744603645968981252144913788678454874717778235915,YES,depth_imbalance_1,book,wall_900s,wall_clock_seconds,900,317129,0.02118596837075127,0.001833940726012601,0.5286006583044213,-0.19999999999999998,-0.0017529579605191756,-0.0036541704828980206,-0.001901212522378845,0.2201848459144386,0.3112865742331985,900.717,906.32,93295,151495
highest-temperature-in-shanghai-on-june-10-2026,Highest temperature in Shanghai on June 10?,2026-06-08T04:26:36Z,2026-06-10T12:00:00Z,7,30°C,0x159328aa49ce5325050c0737bf19698a5a9b5c417d8a7d404e6da19d8ae9d5c2,42762311995392589756762413746744603645968981252144913788678454874717778235915,YES,depth_imbalance_3,book,wall_900s,wall_clock_seconds,900,317129,0.08832778117762353,0.09391957790497026,0.5207923914889487,0.49999999999999994,-0.002629044629858643,0.00011300802750484932,0.0027420526573634927,0.2201848459144386,0.3112865742331985,900.717,906.32,93295,151495
highest-temperature-in-shanghai-on-june-10-2026,Highest temperature in Shanghai on June 10?,2026-06-08T04:26:36Z,2026-06-10T12:00:00Z,7,30°C,0x159328aa49ce5325050c0737bf19698a5a9b5c417d8a7d404e6da19d8ae9d5c2,42762311995392589756762413746744603645968981252144913788678454874717778235915,YES,depth_imbalance_5,book,wall_900s,wall_clock_seconds,900,317129,0.186964031033859,0.15429631066313312,0.5578523424800447,0.7999999999999999,-0.003525283643239836,0.000501994544565852,0.004027278187805688,0.2201848459144386,0.3112865742331985,900.717,906.32,93295,151495
highest-temperature-in-shanghai-on-june-10-2026,Highest temperature in Shanghai on June 10?,2026-06-08T04:26:36Z,2026-06-10T12:00:00Z,7,30°C,0x159328aa49ce5325050c0737bf19698a5a9b5c417d8a7d404e6da19d8ae9d5c2,42762311995392589756762413746744603645968981252144913788678454874717778235915,YES,microprice_minus_mid,book,wall_900s,wall_clock_seconds,900,317129,-0.02929826516015375,-0.03492449486897583,0.5030327292136739,-0.09999999999999999,-0.0028383137421517267,-0.006681230283911673,-0.003842916541759946,0.2201848459144386,0.3112865742331985,900.717,906.32,93295,151495
highest-temperature-in-shanghai-on-june-10-2026,Highest temperature in Shanghai on June 10?,2026-06-08T04:26:36Z,2026-06-10T12:00:00Z,7,30°C,0x159328aa49ce5325050c0737bf19698a5a9b5c417d8a7d404e6da19d8ae9d5c2,42762311995392589756762413746744603645968981252144913788678454874717778235915,YES,ofi_30s,flow_clock_sensitive,wall_900s,wall_clock_seconds,900,317129,-0.01825581251381012,-0.022113947736826022,0.48052583480926153,-0.39999999999999997,-0.0039929006564138085,-0.004892376610880642,-0.0008994759544668331,0.2201848459144386,0.3112865742331985,900.717,906.32,93295,151495
highest-temperature-in-shanghai-on-june-10-2026,Highest temperature in Shanghai on June 10?,2026-06-08T04:26:36Z,2026-06-10T12:00:00Z,7,30°C,0x159328aa49ce5325050c0737bf19698a5a9b5c417d8a7d404e6da19d8ae9d5c2,42762311995392589756762413746744603645968981252144913788678454874717778235915,YES,trade_pressure_30s,flow_clock_sensitive,wall_900s,wall_clock_seconds,900,317129,0.05448375014770765,0.029777664201601734,0.5659598385779331,,-0.0023895482527314417,-0.0018744394618834092,0.0005151087908480325,0.2201848459144386,0.3112865742331985,900.717,906.32,93295,151495
highest-temperature-in-shanghai-on-june-10-2026,Highest temperature in Shanghai on June 10?,2026-06-08T04:26:36Z,2026-06-10T12:00:00Z,7,30°C,0x159328aa49ce5325050c0737bf19698a5a9b5c417d8a7d404e6da19d8ae9d5c2,42762311995392589756762413746744603645968981252144913788678454874717778235915,YES,depth_imbalance_1,book,valid_obs_10,valid_observation_steps,10,323332,0.05646253892510388,0.025476202767719763,0.5646918370392479,0.9999999999999999,-0.00019117737096675436,8.47032318210068e-05,0.00027588060278776116,0.8756510336125097,0.05525280516620687,5.685,21.174,93295,151495
highest-temperature-in-shanghai-on-june-10-2026,Highest temperature in Shanghai on June 10?,2026-06-08T04:26:36Z,2026-06-10T12:00:00Z,7,30°C,0x159328aa49ce5325050c0737bf19698a5a9b5c417d8a7d404e6da19d8ae9d5c2,42762311995392589756762413746744603645968981252144913788678454874717778235915,YES,depth_imbalance_3,book,valid_obs_10,valid_observation_steps,10,323332,0.05032599087552452,0.043459915580356806,0.57103417400388,0.8999999999999998,-0.00016852032068214468,5.111059515517374e-05,0.00021963091583731843,0.8756510336125097,0.05525280516620687,5.685,21.174,93295,151495
highest-temperature-in-shanghai-on-june-10-2026,Highest temperature in Shanghai on June 10?,2026-06-08T04:26:36Z,2026-06-10T12:00:00Z,7,30°C,0x159328aa49ce5325050c0737bf19698a5a9b5c417d8a7d404e6da19d8ae9d5c2,42762311995392589756762413746744603645968981252144913788678454874717778235915,YES,depth_imbalance_5,book,valid_obs_10,valid_observation_steps,10,323332,0.04107478074737817,0.03458151037960668,0.5579515495199722,0.8999999999999998,-0.00010378507554733267,4.5827855540948104e-05,0.00014961293108828078,0.8756510336125097,0.05525280516620687,5.685,21.174,93295,151495
highest-temperature-in-shanghai-on-june-10-2026,Highest temperature in Shanghai on June 10?,2026-06-08T04:26:36Z,2026-06-10T12:00:00Z,7,30°C,0x159328aa49ce5325050c0737bf19698a5a9b5c417d8a7d404e6da19d8ae9d5c2,42762311995392589756762413746744603645968981252144913788678454874717778235915,YES,microprice_minus_mid,book,valid_obs_10,valid_observation_steps,10,323332,0.05145248485806694,0.02722076572634143,0.5539969158832015,0.8999999999999998,-0.0001869953218360635,0.00014383349347549818,0.00033082881531156167,0.8756510336125097,0.05525280516620687,5.685,21.174,93295,151495
highest-temperature-in-shanghai-on-june-10-2026,Highest temperature in Shanghai on June 10?,2026-06-08T04:26:36Z,2026-06-10T12:00:00Z,7,30°C,0x159328aa49ce5325050c0737bf19698a5a9b5c417d8a7d404e6da19d8ae9d5c2,42762311995392589756762413746744603645968981252144913788678454874717778235915,YES,ofi_30s,flow_clock_sensitive,valid_obs_10,valid_observation_steps,10,323332,0.01783769327292118,-0.1250533191225362,0.5267373028901159,0.7999999999999999,-8.836293436293429e-05,1.0331281511955128e-05,9.869421587488942e-05,0.8756510336125097,0.05525280516620687,5.685,21.174,93295,151495
highest-temperature-in-shanghai-on-june-10-2026,Highest temperature in Shanghai on June 10?,2026-06-08T04:26:36Z,2026-06-10T12:00:00Z,7,30°C,0x159328aa49ce5325050c0737bf19698a5a9b5c417d8a7d404e6da19d8ae9d5c2,42762311995392589756762413746744603645968981252144913788678454874717778235915,YES,trade_pressure_30s,flow_clock_sensitive,valid_obs_10,valid_observation_steps,10,323332,0.01011563318003545,-0.5707412878448473,0.5394468487290455,,-1.545350904312876e-05,6.840873634945403e-05,8.386224539258279e-05,0.8756510336125097,0.05525280516620687,5.685,21.174,93295,151495
highest-temperature-in-shanghai-on-june-10-2026,Highest temperature in Shanghai on June 10?,2026-06-08T04:26:36Z,2026-06-10T12:00:00Z,7,30°C,0x159328aa49ce5325050c0737bf19698a5a9b5c417d8a7d404e6da19d8ae9d5c2,42762311995392589756762413746744603645968981252144913788678454874717778235915,YES,depth_imbalance_1,book,valid_obs_50,valid_observation_steps,50,323276,0.0828812339964562,0.05490750834123918,0.552068293800848,0.8999999999999998,-0.0006262168615686033,0.0002451495553759094,0.0008713664169445127,0.7300449151808361,0.11771674977418677,30.823,106.1815,93295,151495
highest-temperature-in-shanghai-on-june-10-2026,Highest temperature in Shanghai on June 10?,2026-06-08T04:26:36Z,2026-06-10T12:00:00Z,7,30°C,0x159328aa49ce5325050c0737bf19698a5a9b5c417d8a7d404e6da19d8ae9d5c2,42762311995392589756762413746744603645968981252144913788678454874717778235915,YES,depth_imbalance_3,book,valid_obs_50,valid_observation_steps,50,323276,0.06278389488267004,0.055180853063537885,0.5516099461441504,0.7,-0.0006539703632739465,0.00010165204881897077,0.0007556224120929174,0.7300449151808361,0.11771674977418677,30.823,106.1815,93295,151495
highest-temperature-in-shanghai-on-june-10-2026,Highest temperature in Shanghai on June 10?,2026-06-08T04:26:36Z,2026-06-10T12:00:00Z,7,30°C,0x159328aa49ce5325050c0737bf19698a5a9b5c417d8a7d404e6da19d8ae9d5c2,42762311995392589756762413746744603645968981252144913788678454874717778235915,YES,depth_imbalance_5,book,valid_obs_50,valid_observation_steps,50,323276,0.05892436791451809,0.03655818784442806,0.5411367021886101,0.9999999999999999,-0.0005405999383096854,0.00014984146624390994,0.0006904414045535953,0.7300449151808361,0.11771674977418677,30.823,106.1815,93295,151495
highest-temperature-in-shanghai-on-june-10-2026,Highest temperature in Shanghai on June 10?,2026-06-08T04:26:36Z,2026-06-10T12:00:00Z,7,30°C,0x159328aa49ce5325050c0737bf19698a5a9b5c417d8a7d404e6da19d8ae9d5c2,42762311995392589756762413746744603645968981252144913788678454874717778235915,YES,microprice_minus_mid,book,valid_obs_50,valid_observation_steps,50,323276,0.07287912714248179,0.05435346234139897,0.5484931820786066,0.9999999999999999,-0.0006437493245225337,0.00018680841831199795,0.0008305577428345317,0.7300449151808361,0.11771674977418677,30.823,106.1815,93295,151495
highest-temperature-in-shanghai-on-june-10-2026,Highest temperature in Shanghai on June 10?,2026-06-08T04:26:36Z,2026-06-10T12:00:00Z,7,30°C,0x159328aa49ce5325050c0737bf19698a5a9b5c417d8a7d404e6da19d8ae9d5c2,42762311995392589756762413746744603645968981252144913788678454874717778235915,YES,ofi_30s,flow_clock_sensitive,valid_obs_50,valid_observation_steps,50,323276,-0.002841341748320828,-0.03489832061149868,0.5160192506015813,0.19999999999999998,-0.0002406689324887994,-0.00017597877705075276,6.469015543804664e-05,0.7300449151808361,0.11771674977418677,30.823,106.1815,93295,151495
highest-temperature-in-shanghai-on-june-10-2026,Highest temperature in Shanghai on June 10?,2026-06-08T04:26:36Z,2026-06-10T12:00:00Z,7,30°C,0x159328aa49ce5325050c0737bf19698a5a9b5c417d8a7d404e6da19d8ae9d5c2,42762311995392589756762413746744603645968981252144913788678454874717778235915,YES,trade_pressure_30s,flow_clock_sensitive,valid_obs_50,valid_observation_steps,50,323276,0.010707208631242623,-0.13637852779108797,0.5462587372522058,,-7.384782384621331e-05,-4.266770670826813e-05,3.118011713794518e-05,0.7300449151808361,0.11771674977418677,30.823,106.1815,93295,151495
highest-temperature-in-shanghai-on-june-10-2026,Highest temperature in Shanghai on June 10?,2026-06-08T04:26:36Z,2026-06-10T12:00:00Z,7,30°C,0x159328aa49ce5325050c0737bf19698a5a9b5c417d8a7d404e6da19d8ae9d5c2,42762311995392589756762413746744603645968981252144913788678454874717778235915,YES,depth_imbalance_1,book,valid_obs_200,valid_observation_steps,200,323084,0.11157965959778705,0.10144698659839274,0.5577286667298997,0.8999999999999998,-0.0012896207065450313,0.0005924655398241126,0.0018820862463691439,0.5105142934964282,0.20744759876688415,128.991,425.2253000000001,93295,151495
highest-temperature-in-shanghai-on-june-10-2026,Highest temperature in Shanghai on June 10?,2026-06-08T04:26:36Z,2026-06-10T12:00:00Z,7,30°C,0x159328aa49ce5325050c0737bf19698a5a9b5c417d8a7d404e6da19d8ae9d5c2,42762311995392589756762413746744603645968981252144913788678454874717778235915,YES,depth_imbalance_3,book,valid_obs_200,valid_observation_steps,200,323084,0.07959874648770052,0.08008713005322485,0.5414967276866167,0.7,-0.0014987561228116263,0.0002486920314531607,0.0017474481542647871,0.5105142934964282,0.20744759876688415,128.991,425.2253000000001,93295,151495
highest-temperature-in-shanghai-on-june-10-2026,Highest temperature in Shanghai on June 10?,2026-06-08T04:26:36Z,2026-06-10T12:00:00Z,7,30°C,0x159328aa49ce5325050c0737bf19698a5a9b5c417d8a7d404e6da19d8ae9d5c2,42762311995392589756762413746744603645968981252144913788678454874717778235915,YES,depth_imbalance_5,book,valid_obs_200,valid_observation_steps,200,323084,0.08424131251896143,0.060687267709210034,0.541095457304735,0.8999999999999998,-0.0012627776064157929,0.00034009409871078573,0.0016028717051265787,0.5105142934964282,0.20744759876688415,128.991,425.2253000000001,93295,151495
highest-temperature-in-shanghai-on-june-10-2026,Highest temperature in Shanghai on June 10?,2026-06-08T04:26:36Z,2026-06-10T12:00:00Z,7,30°C,0x159328aa49ce5325050c0737bf19698a5a9b5c417d8a7d404e6da19d8ae9d5c2,42762311995392589756762413746744603645968981252144913788678454874717778235915,YES,microprice_minus_mid,book,valid_obs_200,valid_observation_steps,200,323084,0.09165804544766623,0.08219049219758634,0.5438363527142812,0.8999999999999998,-0.0013161384667760203,2.1727675665622695e-05,0.001337866142441643,0.5105142934964282,0.20744759876688415,128.991,425.2253000000001,93295,151495
highest-temperature-in-shanghai-on-june-10-2026,Highest temperature in Shanghai on June 10?,2026-06-08T04:26:36Z,2026-06-10T12:00:00Z,7,30°C,0x159328aa49ce5325050c0737bf19698a5a9b5c417d8a7d404e6da19d8ae9d5c2,42762311995392589756762413746744603645968981252144913788678454874717778235915,YES,ofi_30s,flow_clock_sensitive,valid_obs_200,valid_observation_steps,200,323084,0.03584017535848662,0.020154368550436175,0.5352745897752063,0.39999999999999997,-0.0007121017630683576,-0.0001077740431529873,0.0006043277199153703,0.5105142934964282,0.20744759876688415,128.991,425.2253000000001,93295,151495
highest-temperature-in-shanghai-on-june-10-2026,Highest temperature in Shanghai on June 10?,2026-06-08T04:26:36Z,2026-06-10T12:00:00Z,7,30°C,0x159328aa49ce5325050c0737bf19698a5a9b5c417d8a7d404e6da19d8ae9d5c2,42762311995392589756762413746744603645968981252144913788678454874717778235915,YES,trade_pressure_30s,flow_clock_sensitive,valid_obs_200,valid_observation_steps,200,323084,0.055717684184266564,-0.03091767923957089,0.5627304056403933,,-0.00023794897248794576,0.0005420826833073319,0.0007800316557952776,0.5105142934964282,0.20744759876688415,128.991,425.2253000000001,93295,151495
highest-temperature-in-shanghai-on-june-10-2026,Highest temperature in Shanghai on June 10?,2026-06-08T04:26:36Z,2026-06-10T12:00:00Z,8,31°C,0xdb6d5221bcee90c9b194e42681793e2caff0509197eb53c0031fc9802f50474f,83824793511464858660778918412947343764676476743062614862944889637630496459149,YES,depth_imbalance_1,book,wall_60s,wall_clock_seconds,60,256422,0.12557666372615084,0.14150314890602086,0.54559610938754,0.7999999999999999,-0.000934895090262322,0.00012339463074048594,0.0010582897210028078,0.6744312110505339,0.13166966952913556,60.823,67.1259,67430,115444
highest-temperature-in-shanghai-on-june-10-2026,Highest temperature in Shanghai on June 10?,2026-06-08T04:26:36Z,2026-06-10T12:00:00Z,8,31°C,0xdb6d5221bcee90c9b194e42681793e2caff0509197eb53c0031fc9802f50474f,83824793511464858660778918412947343764676476743062614862944889637630496459149,YES,depth_imbalance_3,book,wall_60s,wall_clock_seconds,60,256422,0.09687919610317564,0.09446150897404794,0.5686427176790484,0.7,-0.0014260607948902693,-3.286536654135332e-05,0.001393195428348916,0.6744312110505339,0.13166966952913556,60.823,67.1259,67430,115444
highest-temperature-in-shanghai-on-june-10-2026,Highest temperature in Shanghai on June 10?,2026-06-08T04:26:36Z,2026-06-10T12:00:00Z,8,31°C,0xdb6d5221bcee90c9b194e42681793e2caff0509197eb53c0031fc9802f50474f,83824793511464858660778918412947343764676476743062614862944889637630496459149,YES,depth_imbalance_5,book,wall_60s,wall_clock_seconds,60,256422,0.08345416462137563,0.07817849706940964,0.5489381071595415,0.7,-0.0015801583278087588,-0.00010000195087691911,0.0014801563769318397,0.6744312110505339,0.13166966952913556,60.823,67.1259,67430,115444
highest-temperature-in-shanghai-on-june-10-2026,Highest temperature in Shanghai on June 10?,2026-06-08T04:26:36Z,2026-06-10T12:00:00Z,8,31°C,0xdb6d5221bcee90c9b194e42681793e2caff0509197eb53c0031fc9802f50474f,83824793511464858660778918412947343764676476743062614862944889637630496459149,YES,microprice_minus_mid,book,wall_60s,wall_clock_seconds,60,256422,0.07252659346008872,0.0817678749982501,0.5450810344621061,0.09999999999999999,-0.0010594147235436326,-0.0004040269768351087,0.0006553877467085239,0.6744312110505339,0.13166966952913556,60.823,67.1259,67430,115444
highest-temperature-in-shanghai-on-june-10-2026,Highest temperature in Shanghai on June 10?,2026-06-08T04:26:36Z,2026-06-10T12:00:00Z,8,31°C,0xdb6d5221bcee90c9b194e42681793e2caff0509197eb53c0031fc9802f50474f,83824793511464858660778918412947343764676476743062614862944889637630496459149,YES,ofi_30s,flow_clock_sensitive,wall_60s,wall_clock_seconds,60,256422,-0.04201724379115705,-0.13030922557686497,0.5024855359773847,-1.0,7.80285079698275e-06,-0.0014042363830544676,-0.0014120392338514503,0.6744312110505339,0.13166966952913556,60.823,67.1259,67430,115444
highest-temperature-in-shanghai-on-june-10-2026,Highest temperature in Shanghai on June 10?,2026-06-08T04:26:36Z,2026-06-10T12:00:00Z,8,31°C,0xdb6d5221bcee90c9b194e42681793e2caff0509197eb53c0031fc9802f50474f,83824793511464858660778918412947343764676476743062614862944889637630496459149,YES,trade_pressure_30s,flow_clock_sensitive,wall_60s,wall_clock_seconds,60,256422,-0.07251254812081681,-0.2985375024867277,0.5692416420109483,,-9.452232281605321e-05,-0.005486506746626685,-0.005391984423810632,0.6744312110505339,0.13166966952913556,60.823,67.1259,67430,115444
highest-temperature-in-shanghai-on-june-10-2026,Highest temperature in Shanghai on June 10?,2026-06-08T04:26:36Z,2026-06-10T12:00:00Z,8,31°C,0xdb6d5221bcee90c9b194e42681793e2caff0509197eb53c0031fc9802f50474f,83824793511464858660778918412947343764676476743062614862944889637630496459149,YES,depth_imbalance_1,book,wall_300s,wall_clock_seconds,300,256140,0.07026314045860908,0.08977906755595993,0.4855971024542095,0.09999999999999999,-0.0011482682119838585,6.269053004228556e-05,0.001210958742026144,0.47074646677598186,0.2231201686577653,301.038,308.5742,67430,115444
highest-temperature-in-shanghai-on-june-10-2026,Highest temperature in Shanghai on June 10?,2026-06-08T04:26:36Z,2026-06-10T12:00:00Z,8,31°C,0xdb6d5221bcee90c9b194e42681793e2caff0509197eb53c0031fc9802f50474f,83824793511464858660778918412947343764676476743062614862944889637630496459149,YES,depth_imbalance_3,book,wall_300s,wall_clock_seconds,300,256140,0.09428198787993657,0.09439287078511852,0.5396015136873631,0.7,-0.002984846710770252,-0.0004172442825814534,0.0025676024281887986,0.47074646677598186,0.2231201686577653,301.038,308.5742,67430,115444
highest-temperature-in-shanghai-on-june-10-2026,Highest temperature in Shanghai on June 10?,2026-06-08T04:26:36Z,2026-06-10T12:00:00Z,8,31°C,0xdb6d5221bcee90c9b194e42681793e2caff0509197eb53c0031fc9802f50474f,83824793511464858660778918412947343764676476743062614862944889637630496459149,YES,depth_imbalance_5,book,wall_300s,wall_clock_seconds,300,256140,0.10103067957194398,0.10227993619012933,0.5382220812463577,0.09999999999999999,-0.004079436790133094,-0.00023668644828797868,0.0038427503418451154,0.47074646677598186,0.2231201686577653,301.038,308.5742,67430,115444
highest-temperature-in-shanghai-on-june-10-2026,Highest temperature in Shanghai on June 10?,2026-06-08T04:26:36Z,2026-06-10T12:00:00Z,8,31°C,0xdb6d5221bcee90c9b194e42681793e2caff0509197eb53c0031fc9802f50474f,83824793511464858660778918412947343764676476743062614862944889637630496459149,YES,microprice_minus_mid,book,wall_300s,wall_clock_seconds,300,256140,-0.010398216724690225,-0.015816769836058706,0.4891010083872443,-0.39999999999999997,-0.0013355001559332608,-0.001359075359202424,-2.3575203269163292e-05,0.47074646677598186,0.2231201686577653,301.038,308.5742,67430,115444
highest-temperature-in-shanghai-on-june-10-2026,Highest temperature in Shanghai on June 10?,2026-06-08T04:26:36Z,2026-06-10T12:00:00Z,8,31°C,0xdb6d5221bcee90c9b194e42681793e2caff0509197eb53c0031fc9802f50474f,83824793511464858660778918412947343764676476743062614862944889637630496459149,YES,ofi_30s,flow_clock_sensitive,wall_300s,wall_clock_seconds,300,256140,-0.0667262446558476,-0.09946836424137194,0.4823513790636088,-1.0,8.294638640210994e-05,-0.002237950017822488,-0.002320896404224598,0.47074646677598186,0.2231201686577653,301.038,308.5742,67430,115444
highest-temperature-in-shanghai-on-june-10-2026,Highest temperature in Shanghai on June 10?,2026-06-08T04:26:36Z,2026-06-10T12:00:00Z,8,31°C,0xdb6d5221bcee90c9b194e42681793e2caff0509197eb53c0031fc9802f50474f,83824793511464858660778918412947343764676476743062614862944889637630496459149,YES,trade_pressure_30s,flow_clock_sensitive,wall_300s,wall_clock_seconds,300,256140,-0.026342137558885134,-0.10921920333030898,0.5564866519625562,,-0.00032045225866674215,-0.00347578134009918,-0.0031553290814324377,0.47074646677598186,0.2231201686577653,301.038,308.5742,67430,115444
highest-temperature-in-shanghai-on-june-10-2026,Highest temperature in Shanghai on June 10?,2026-06-08T04:26:36Z,2026-06-10T12:00:00Z,8,31°C,0xdb6d5221bcee90c9b194e42681793e2caff0509197eb53c0031fc9802f50474f,83824793511464858660778918412947343764676476743062614862944889637630496459149,YES,depth_imbalance_1,book,wall_900s,wall_clock_seconds,900,254706,0.09082368379610957,0.08440100190842621,0.5255265108017446,0.8999999999999998,-0.0031098842910374583,-0.00015607237683154675,0.0029538119142059117,0.3059566716135466,0.2931772317888075,901.223,910.387,67430,115444
highest-temperature-in-shanghai-on-june-10-2026,Highest temperature in Shanghai on June 10?,2026-06-08T04:26:36Z,2026-06-10T12:00:00Z,8,31°C,0xdb6d5221bcee90c9b194e42681793e2caff0509197eb53c0031fc9802f50474f,83824793511464858660778918412947343764676476743062614862944889637630496459149,YES,depth_imbalance_3,book,wall_900s,wall_clock_seconds,900,254706,0.18990025249674164,0.1554769032278275,0.5853193571561911,0.9999999999999999,-0.004965274371701556,0.0011975337415513698,0.006162808113252926,0.3059566716135466,0.2931772317888075,901.223,910.387,67430,115444
highest-temperature-in-shanghai-on-june-10-2026,Highest temperature in Shanghai on June 10?,2026-06-08T04:26:36Z,2026-06-10T12:00:00Z,8,31°C,0xdb6d5221bcee90c9b194e42681793e2caff0509197eb53c0031fc9802f50474f,83824793511464858660778918412947343764676476743062614862944889637630496459149,YES,depth_imbalance_5,book,wall_900s,wall_clock_seconds,900,254706,0.1895739972563342,0.16281164681909296,0.5600954875351432,0.8999999999999998,-0.006040771522659558,0.001878585029740288,0.007919356552399847,0.3059566716135466,0.2931772317888075,901.223,910.387,67430,115444
highest-temperature-in-shanghai-on-june-10-2026,Highest temperature in Shanghai on June 10?,2026-06-08T04:26:36Z,2026-06-10T12:00:00Z,8,31°C,0xdb6d5221bcee90c9b194e42681793e2caff0509197eb53c0031fc9802f50474f,83824793511464858660778918412947343764676476743062614862944889637630496459149,YES,microprice_minus_mid,book,wall_900s,wall_clock_seconds,900,254706,-0.0774697796593284,-0.08641289327408348,0.44754125253850896,-0.39999999999999997,-0.003174893683127173,-0.004656907784004277,-0.0014820141008771042,0.3059566716135466,0.2931772317888075,901.223,910.387,67430,115444
highest-temperature-in-shanghai-on-june-10-2026,Highest temperature in Shanghai on June 10?,2026-06-08T04:26:36Z,2026-06-10T12:00:00Z,8,31°C,0xdb6d5221bcee90c9b194e42681793e2caff0509197eb53c0031fc9802f50474f,83824793511464858660778918412947343764676476743062614862944889637630496459149,YES,ofi_30s,flow_clock_sensitive,wall_900s,wall_clock_seconds,900,254706,-0.11214408732422385,-0.09613567807428475,0.47119817623333354,-1.0,2.0994994076145573e-05,-0.006558942321083943,-0.006579937315160089,0.3059566716135466,0.2931772317888075,901.223,910.387,67430,115444
highest-temperature-in-shanghai-on-june-10-2026,Highest temperature in Shanghai on June 10?,2026-06-08T04:26:36Z,2026-06-10T12:00:00Z,8,31°C,0xdb6d5221bcee90c9b194e42681793e2caff0509197eb53c0031fc9802f50474f,83824793511464858660778918412947343764676476743062614862944889637630496459149,YES,trade_pressure_30s,flow_clock_sensitive,wall_900s,wall_clock_seconds,900,254706,-0.14567544634683743,-0.05052908190893237,0.5329596044734326,,-0.0009575853029040586,-0.013016837734978665,-0.012059252432074606,0.3059566716135466,0.2931772317888075,901.223,910.387,67430,115444
highest-temperature-in-shanghai-on-june-10-2026,Highest temperature in Shanghai on June 10?,2026-06-08T04:26:36Z,2026-06-10T12:00:00Z,8,31°C,0xdb6d5221bcee90c9b194e42681793e2caff0509197eb53c0031fc9802f50474f,83824793511464858660778918412947343764676476743062614862944889637630496459149,YES,depth_imbalance_1,book,valid_obs_10,valid_observation_steps,10,256485,0.10297766708023577,0.12256493235456616,0.5835766849667094,0.8999999999999998,-0.00016743620437401432,2.556790244861838e-05,0.0001930041068226327,0.8331091486831589,0.06581281556426302,6.917,29.874,67430,115444
highest-temperature-in-shanghai-on-june-10-2026,Highest temperature in Shanghai on June 10?,2026-06-08T04:26:36Z,2026-06-10T12:00:00Z,8,31°C,0xdb6d5221bcee90c9b194e42681793e2caff0509197eb53c0031fc9802f50474f,83824793511464858660778918412947343764676476743062614862944889637630496459149,YES,depth_imbalance_3,book,valid_obs_10,valid_observation_steps,10,256485,0.11768867353103386,0.10632686864490905,0.6193201728770004,0.7,-0.0001987726839515298,-2.8518562030075173e-05,0.00017025412192145462,0.8331091486831589,0.06581281556426302,6.917,29.874,67430,115444
highest-temperature-in-shanghai-on-june-10-2026,Highest temperature in Shanghai on June 10?,2026-06-08T04:26:36Z,2026-06-10T12:00:00Z,8,31°C,0xdb6d5221bcee90c9b194e42681793e2caff0509197eb53c0031fc9802f50474f,83824793511464858660778918412947343764676476743062614862944889637630496459149,YES,depth_imbalance_5,book,valid_obs_10,valid_observation_steps,10,256485,0.1031028879697313,0.08628642733705003,0.5900946151150567,0.8999999999999998,-0.00017202760395344758,2.387172239009651e-05,0.0001958993263435441,0.8331091486831589,0.06581281556426302,6.917,29.874,67430,115444
highest-temperature-in-shanghai-on-june-10-2026,Highest temperature in Shanghai on June 10?,2026-06-08T04:26:36Z,2026-06-10T12:00:00Z,8,31°C,0xdb6d5221bcee90c9b194e42681793e2caff0509197eb53c0031fc9802f50474f,83824793511464858660778918412947343764676476743062614862944889637630496459149,YES,microprice_minus_mid,book,valid_obs_10,valid_observation_steps,10,256485,0.06968050121509932,0.08379152996910798,0.5571545380212592,0.3,-0.00018210417640642044,-4.461929430163231e-05,0.00013748488210478814,0.8331091486831589,0.06581281556426302,6.917,29.874,67430,115444
highest-temperature-in-shanghai-on-june-10-2026,Highest temperature in Shanghai on June 10?,2026-06-08T04:26:36Z,2026-06-10T12:00:00Z,8,31°C,0xdb6d5221bcee90c9b194e42681793e2caff0509197eb53c0031fc9802f50474f,83824793511464858660778918412947343764676476743062614862944889637630496459149,YES,ofi_30s,flow_clock_sensitive,valid_obs_10,valid_observation_steps,10,256485,-0.04426333902068095,-0.17433959076068764,0.47391659852820933,-1.0,-1.5368309485958376e-07,-0.00016714121880808316,-0.00016698753571322357,0.8331091486831589,0.06581281556426302,6.917,29.874,67430,115444
highest-temperature-in-shanghai-on-june-10-2026,Highest temperature in Shanghai on June 10?,2026-06-08T04:26:36Z,2026-06-10T12:00:00Z,8,31°C,0xdb6d5221bcee90c9b194e42681793e2caff0509197eb53c0031fc9802f50474f,83824793511464858660778918412947343764676476743062614862944889637630496459149,YES,trade_pressure_30s,flow_clock_sensitive,valid_obs_10,valid_observation_steps,10,256485,-0.08358619390692651,-0.5313799700312488,0.558766499240743,,-4.017125747536455e-06,-0.0008904970591627264,-0.00088647993341519,0.8331091486831589,0.06581281556426302,6.917,29.874,67430,115444
highest-temperature-in-shanghai-on-june-10-2026,Highest temperature in Shanghai on June 10?,2026-06-08T04:26:36Z,2026-06-10T12:00:00Z,8,31°C,0xdb6d5221bcee90c9b194e42681793e2caff0509197eb53c0031fc9802f50474f,83824793511464858660778918412947343764676476743062614862944889637630496459149,YES,depth_imbalance_1,book,valid_obs_50,valid_observation_steps,50,256400,0.11338138768207251,0.1471972616311953,0.5600204727096156,0.8999999999999998,-0.0005327820493300854,5.278788474776289e-05,0.0005855699340778482,0.7028120124804992,0.12390795631825273,39.797,142.7371,67430,115444
highest-temperature-in-shanghai-on-june-10-2026,Highest temperature in Shanghai on June 10?,2026-06-08T04:26:36Z,2026-06-10T12:00:00Z,8,31°C,0xdb6d5221bcee90c9b194e42681793e2caff0509197eb53c0031fc9802f50474f,83824793511464858660778918412947343764676476743062614862944889637630496459149,YES,depth_imbalance_3,book,valid_obs_50,valid_observation_steps,50,256400,0.12266365679515767,0.12888716760774704,0.5857688421107888,0.7,-0.0006556362998753118,4.032542293233086e-05,0.0006959617228076427,0.7028120124804992,0.12390795631825273,39.797,142.7371,67430,115444
highest-temperature-in-shanghai-on-june-10-2026,Highest temperature in Shanghai on June 10?,2026-06-08T04:26:36Z,2026-06-10T12:00:00Z,8,31°C,0xdb6d5221bcee90c9b194e42681793e2caff0509197eb53c0031fc9802f50474f,83824793511464858660778918412947343764676476743062614862944889637630496459149,YES,depth_imbalance_5,book,valid_obs_50,valid_observation_steps,50,256400,0.10387756724919861,0.10599604136843004,0.5574876310712739,0.7,-0.0007914667914667915,5.298581712479762e-05,0.0008444526085915891,0.7028120124804992,0.12390795631825273,39.797,142.7371,67430,115444
highest-temperature-in-shanghai-on-june-10-2026,Highest temperature in Shanghai on June 10?,2026-06-08T04:26:36Z,2026-06-10T12:00:00Z,8,31°C,0xdb6d5221bcee90c9b194e42681793e2caff0509197eb53c0031fc9802f50474f,83824793511464858660778918412947343764676476743062614862944889637630496459149,YES,microprice_minus_mid,book,valid_obs_50,valid_observation_steps,50,256400,0.07061903019629187,0.09269343701900482,0.5482880352760535,0.09999999999999999,-0.0005714801021701406,-0.0001554588994233212,0.00041602120274681937,0.7028120124804992,0.12390795631825273,39.797,142.7371,67430,115444
highest-temperature-in-shanghai-on-june-10-2026,Highest temperature in Shanghai on June 10?,2026-06-08T04:26:36Z,2026-06-10T12:00:00Z,8,31°C,0xdb6d5221bcee90c9b194e42681793e2caff0509197eb53c0031fc9802f50474f,83824793511464858660778918412947343764676476743062614862944889637630496459149,YES,ofi_30s,flow_clock_sensitive,valid_obs_50,valid_observation_steps,50,256400,-0.040134272304893547,-0.13549741096067905,0.49085946009790155,-1.0,3.468794893950877e-05,-0.0007571456829195923,-0.000791833631859101,0.7028120124804992,0.12390795631825273,39.797,142.7371,67430,115444
highest-temperature-in-shanghai-on-june-10-2026,Highest temperature in Shanghai on June 10?,2026-06-08T04:26:36Z,2026-06-10T12:00:00Z,8,31°C,0xdb6d5221bcee90c9b194e42681793e2caff0509197eb53c0031fc9802f50474f,83824793511464858660778918412947343764676476743062614862944889637630496459149,YES,trade_pressure_30s,flow_clock_sensitive,valid_obs_50,valid_observation_steps,50,256400,-0.08958631932077664,-0.3694060516200095,0.5494691531384926,,-6.945089190203801e-06,-0.00364900242186599,-0.0036420573326757864,0.7028120124804992,0.12390795631825273,39.797,142.7371,67430,115444
highest-temperature-in-shanghai-on-june-10-2026,Highest temperature in Shanghai on June 10?,2026-06-08T04:26:36Z,2026-06-10T12:00:00Z,8,31°C,0xdb6d5221bcee90c9b194e42681793e2caff0509197eb53c0031fc9802f50474f,83824793511464858660778918412947343764676476743062614862944889637630496459149,YES,depth_imbalance_1,book,valid_obs_200,valid_observation_steps,200,256099,0.09096006250161023,0.1298623607331387,0.5195722405265225,0.3,-0.0011423827115594433,4.14888386272004e-05,0.0011838715501866436,0.512911022690444,0.21350337174295878,177.714,548.905,67430,115444
highest-temperature-in-shanghai-on-june-10-2026,Highest temperature in Shanghai on June 10?,2026-06-08T04:26:36Z,2026-06-10T12:00:00Z,8,31°C,0xdb6d5221bcee90c9b194e42681793e2caff0509197eb53c0031fc9802f50474f,83824793511464858660778918412947343764676476743062614862944889637630496459149,YES,depth_imbalance_3,book,valid_obs_200,valid_observation_steps,200,256099,0.10812618223473512,0.11892261844071163,0.5513736241712962,0.7,-0.001488448201971403,-4.307644110275694e-06,0.0014841405578611272,0.512911022690444,0.21350337174295878,177.714,548.905,67430,115444
highest-temperature-in-shanghai-on-june-10-2026,Highest temperature in Shanghai on June 10?,2026-06-08T04:26:36Z,2026-06-10T12:00:00Z,8,31°C,0xdb6d5221bcee90c9b194e42681793e2caff0509197eb53c0031fc9802f50474f,83824793511464858660778918412947343764676476743062614862944889637630496459149,YES,depth_imbalance_5,book,valid_obs_200,valid_observation_steps,200,256099,0.09338702727185678,0.10008332359870925,0.5355971878181541,0.3,-0.0018306065871419926,2.3490261329157282e-05,0.0018540968484711498,0.512911022690444,0.21350337174295878,177.714,548.905,67430,115444
highest-temperature-in-shanghai-on-june-10-2026,Highest temperature in Shanghai on June 10?,2026-06-08T04:26:36Z,2026-06-10T12:00:00Z,8,31°C,0xdb6d5221bcee90c9b194e42681793e2caff0509197eb53c0031fc9802f50474f,83824793511464858660778918412947343764676476743062614862944889637630496459149,YES,microprice_minus_mid,book,valid_obs_200,valid_observation_steps,200,256099,0.05947516693205393,0.07693078338302041,0.5288553265513897,0.0,-0.001268854857588763,-0.00023608640406607345,0.0010327684535226896,0.512911022690444,0.21350337174295878,177.714,548.905,67430,115444
highest-temperature-in-shanghai-on-june-10-2026,Highest temperature in Shanghai on June 10?,2026-06-08T04:26:36Z,2026-06-10T12:00:00Z,8,31°C,0xdb6d5221bcee90c9b194e42681793e2caff0509197eb53c0031fc9802f50474f,83824793511464858660778918412947343764676476743062614862944889637630496459149,YES,ofi_30s,flow_clock_sensitive,valid_obs_200,valid_observation_steps,200,256099,-0.023713795581047272,-0.07828594447282519,0.4954666794930377,-1.0,0.00011749329936576175,-0.0012899239543726231,-0.001407417253738385,0.512911022690444,0.21350337174295878,177.714,548.905,67430,115444
highest-temperature-in-shanghai-on-june-10-2026,Highest temperature in Shanghai on June 10?,2026-06-08T04:26:36Z,2026-06-10T12:00:00Z,8,31°C,0xdb6d5221bcee90c9b194e42681793e2caff0509197eb53c0031fc9802f50474f,83824793511464858660778918412947343764676476743062614862944889637630496459149,YES,trade_pressure_30s,flow_clock_sensitive,valid_obs_200,valid_observation_steps,200,256099,-0.05110666719338001,-0.18137127079896867,0.5447760595784934,,-5.2781011041595937e-05,-0.004391246684350131,-0.004338465673308535,0.512911022690444,0.21350337174295878,177.714,548.905,67430,115444
highest-temperature-in-shanghai-on-june-10-2026,Highest temperature in Shanghai on June 10?,2026-06-08T04:26:36Z,2026-06-10T12:00:00Z,9,32°C,0x172043a1fcf0edff9fc73bd6ed63a50b2874be1f4323f7070b7c235d7fd2b636,107394249729422528580295423197418949033681781170606210461168594071997949686079,YES,depth_imbalance_1,book,wall_60s,wall_clock_seconds,60,158914,0.1039588842293604,0.10413090585397158,0.6391313884623822,0.8999999999999998,-7.070896104301173e-05,4.6972860125260956e-05,0.00011768182116827269,0.8565576349472042,0.07351145902815359,61.449,70.02270000000001,33961,64649
highest-temperature-in-shanghai-on-june-10-2026,Highest temperature in Shanghai on June 10?,2026-06-08T04:26:36Z,2026-06-10T12:00:00Z,9,32°C,0x172043a1fcf0edff9fc73bd6ed63a50b2874be1f4323f7070b7c235d7fd2b636,107394249729422528580295423197418949033681781170606210461168594071997949686079,YES,depth_imbalance_3,book,wall_60s,wall_clock_seconds,60,158914,0.09724503890114958,0.07824126458860883,0.605439789427506,0.8999999999999998,-3.259984975585325e-05,0.00012845993427704753,0.0001610597840329008,0.8565576349472042,0.07351145902815359,61.449,70.02270000000001,33961,64649
highest-temperature-in-shanghai-on-june-10-2026,Highest temperature in Shanghai on June 10?,2026-06-08T04:26:36Z,2026-06-10T12:00:00Z,9,32°C,0x172043a1fcf0edff9fc73bd6ed63a50b2874be1f4323f7070b7c235d7fd2b636,107394249729422528580295423197418949033681781170606210461168594071997949686079,YES,depth_imbalance_5,book,wall_60s,wall_clock_seconds,60,158914,0.04825023090081066,0.01870530479537225,0.554375959640272,0.8999999999999998,-5.734665661136249e-05,8.429462934947048e-05,0.00014164128596083297,0.8565576349472042,0.07351145902815359,61.449,70.02270000000001,33961,64649
highest-temperature-in-shanghai-on-june-10-2026,Highest temperature in Shanghai on June 10?,2026-06-08T04:26:36Z,2026-06-10T12:00:00Z,9,32°C,0x172043a1fcf0edff9fc73bd6ed63a50b2874be1f4323f7070b7c235d7fd2b636,107394249729422528580295423197418949033681781170606210461168594071997949686079,YES,microprice_minus_mid,book,wall_60s,wall_clock_seconds,60,158914,0.08939755116332024,0.07465212791832827,0.6219785040579074,0.6,-6.378349611820684e-05,7.105412745531453e-06,7.08889088637383e-05,0.8565576349472042,0.07351145902815359,61.449,70.02270000000001,33961,64649
highest-temperature-in-shanghai-on-june-10-2026,Highest temperature in Shanghai on June 10?,2026-06-08T04:26:36Z,2026-06-10T12:00:00Z,9,32°C,0x172043a1fcf0edff9fc73bd6ed63a50b2874be1f4323f7070b7c235d7fd2b636,107394249729422528580295423197418949033681781170606210461168594071997949686079,YES,ofi_30s,flow_clock_sensitive,wall_60s,wall_clock_seconds,60,158914,0.07275674731728404,0.36032935095567614,0.49238868172844924,,4.921844260829124e-06,-6.1947827905274525e-06,-1.1116627051356577e-05,0.8565576349472042,0.07351145902815359,61.449,70.02270000000001,33961,64649
highest-temperature-in-shanghai-on-june-10-2026,Highest temperature in Shanghai on June 10?,2026-06-08T04:26:36Z,2026-06-10T12:00:00Z,9,32°C,0x172043a1fcf0edff9fc73bd6ed63a50b2874be1f4323f7070b7c235d7fd2b636,107394249729422528580295423197418949033681781170606210461168594071997949686079,YES,trade_pressure_30s,flow_clock_sensitive,wall_60s,wall_clock_seconds,60,158914,0.043605067173241197,0.6193857360196255,0.4608905461724062,,3.187329024595184e-06,0.00010301109350237721,9.982376447778202e-05,0.8565576349472042,0.07351145902815359,61.449,70.02270000000001,33961,64649
highest-temperature-in-shanghai-on-june-10-2026,Highest temperature in Shanghai on June 10?,2026-06-08T04:26:36Z,2026-06-10T12:00:00Z,9,32°C,0x172043a1fcf0edff9fc73bd6ed63a50b2874be1f4323f7070b7c235d7fd2b636,107394249729422528580295423197418949033681781170606210461168594071997949686079,YES,depth_imbalance_1,book,wall_300s,wall_clock_seconds,300,158347,0.12128838918922692,0.1494184660415633,0.6311357435930485,0.8999999999999998,-0.00021189929911682428,0.0001235844878851142,0.00033548378700193847,0.7060190594075038,0.13768495771943895,301.844,312.429,33961,64649
highest-temperature-in-shanghai-on-june-10-2026,Highest temperature in Shanghai on June 10?,2026-06-08T04:26:36Z,2026-06-10T12:00:00Z,9,32°C,0x172043a1fcf0edff9fc73bd6ed63a50b2874be1f4323f7070b7c235d7fd2b636,107394249729422528580295423197418949033681781170606210461168594071997949686079,YES,depth_imbalance_3,book,wall_300s,wall_clock_seconds,300,158347,0.10159226927280618,0.11093077524091481,0.6083650190114068,0.49999999999999994,-6.735816438786732e-05,0.0003809403437815976,0.0004482985081694649,0.7060190594075038,0.13768495771943895,301.844,312.429,33961,64649
highest-temperature-in-shanghai-on-june-10-2026,Highest temperature in Shanghai on June 10?,2026-06-08T04:26:36Z,2026-06-10T12:00:00Z,9,32°C,0x172043a1fcf0edff9fc73bd6ed63a50b2874be1f4323f7070b7c235d7fd2b636,107394249729422528580295423197418949033681781170606210461168594071997949686079,YES,depth_imbalance_5,book,wall_300s,wall_clock_seconds,300,158347,0.0872149735905947,0.07994432666940057,0.573714850379154,0.6,-9.219947242808694e-05,0.00021214086824452593,0.0003043403406726129,0.7060190594075038,0.13768495771943895,301.844,312.429,33961,64649
highest-temperature-in-shanghai-on-june-10-2026,Highest temperature in Shanghai on June 10?,2026-06-08T04:26:36Z,2026-06-10T12:00:00Z,9,32°C,0x172043a1fcf0edff9fc73bd6ed63a50b2874be1f4323f7070b7c235d7fd2b636,107394249729422528580295423197418949033681781170606210461168594071997949686079,YES,microprice_minus_mid,book,wall_300s,wall_clock_seconds,300,158347,0.026032009765602944,0.0494780435915716,0.5500418895405039,-0.09999999999999999,-0.00017630914826498417,-0.00025093159855996974,-7.462245029498556e-05,0.7060190594075038,0.13768495771943895,301.844,312.429,33961,64649
highest-temperature-in-shanghai-on-june-10-2026,Highest temperature in Shanghai on June 10?,2026-06-08T04:26:36Z,2026-06-10T12:00:00Z,9,32°C,0x172043a1fcf0edff9fc73bd6ed63a50b2874be1f4323f7070b7c235d7fd2b636,107394249729422528580295423197418949033681781170606210461168594071997949686079,YES,ofi_30s,flow_clock_sensitive,wall_300s,wall_clock_seconds,300,158347,0.04419868370422077,0.17534830911282145,0.4978625593435157,,-1.4650660195150666e-05,-0.00018261667540639748,-0.0001679660152112468,0.7060190594075038,0.13768495771943895,301.844,312.429,33961,64649
highest-temperature-in-shanghai-on-june-10-2026,Highest temperature in Shanghai on June 10?,2026-06-08T04:26:36Z,2026-06-10T12:00:00Z,9,32°C,0x172043a1fcf0edff9fc73bd6ed63a50b2874be1f4323f7070b7c235d7fd2b636,107394249729422528580295423197418949033681781170606210461168594071997949686079,YES,trade_pressure_30s,flow_clock_sensitive,wall_300s,wall_clock_seconds,300,158347,0.033182799690084565,0.4586674974076466,0.4966380958518614,,-3.387417890385249e-05,-0.0002860538827258319,-0.00025217970382197943,0.7060190594075038,0.13768495771943895,301.844,312.429,33961,64649
highest-temperature-in-shanghai-on-june-10-2026,Highest temperature in Shanghai on June 10?,2026-06-08T04:26:36Z,2026-06-10T12:00:00Z,9,32°C,0x172043a1fcf0edff9fc73bd6ed63a50b2874be1f4323f7070b7c235d7fd2b636,107394249729422528580295423197418949033681781170606210461168594071997949686079,YES,depth_imbalance_1,book,wall_900s,wall_clock_seconds,900,157032,0.10192529549346087,0.11547766985972857,0.5413306181506391,0.7,-0.000745892766174223,0.00014882733326898942,0.0008947200994432125,0.5246701309287279,0.22083397014621223,902.119,914.493,33961,64649
highest-temperature-in-shanghai-on-june-10-2026,Highest temperature in Shanghai on June 10?,2026-06-08T04:26:36Z,2026-06-10T12:00:00Z,9,32°C,0x172043a1fcf0edff9fc73bd6ed63a50b2874be1f4323f7070b7c235d7fd2b636,107394249729422528580295423197418949033681781170606210461168594071997949686079,YES,depth_imbalance_3,book,wall_900s,wall_clock_seconds,900,157032,0.13213808662056523,0.14588577034433645,0.591436456686584,0.7999999999999999,-0.00044765776586898267,0.0008242435922142994,0.001271901358083282,0.5246701309287279,0.22083397014621223,902.119,914.493,33961,64649
highest-temperature-in-shanghai-on-june-10-2026,Highest temperature in Shanghai on June 10?,2026-06-08T04:26:36Z,2026-06-10T12:00:00Z,9,32°C,0x172043a1fcf0edff9fc73bd6ed63a50b2874be1f4323f7070b7c235d7fd2b636,107394249729422528580295423197418949033681781170606210461168594071997949686079,YES,depth_imbalance_5,book,wall_900s,wall_clock_seconds,900,157032,0.1586642518704346,0.1464546536677522,0.5964604378232095,0.8999999999999998,-0.0006143088707370562,0.0006431892735437434,0.0012574981442807997,0.5246701309287279,0.22083397014621223,902.119,914.493,33961,64649
highest-temperature-in-shanghai-on-june-10-2026,Highest temperature in Shanghai on June 10?,2026-06-08T04:26:36Z,2026-06-10T12:00:00Z,9,32°C,0x172043a1fcf0edff9fc73bd6ed63a50b2874be1f4323f7070b7c235d7fd2b636,107394249729422528580295423197418949033681781170606210461168594071997949686079,YES,microprice_minus_mid,book,wall_900s,wall_clock_seconds,900,157032,0.010893584137769105,0.018312376681919477,0.5296883791966989,0.09999999999999999,-0.0007068043665064764,-0.0002912782099916416,0.00041552615651483483,0.5246701309287279,0.22083397014621223,902.119,914.493,33961,64649
highest-temperature-in-shanghai-on-june-10-2026,Highest temperature in Shanghai on June 10?,2026-06-08T04:26:36Z,2026-06-10T12:00:00Z,9,32°C,0x172043a1fcf0edff9fc73bd6ed63a50b2874be1f4323f7070b7c235d7fd2b636,107394249729422528580295423197418949033681781170606210461168594071997949686079,YES,ofi_30s,flow_clock_sensitive,wall_900s,wall_clock_seconds,900,157032,0.023386888687066024,0.07504262070861412,0.4908898475389191,,-6.110314978866305e-05,-0.00046554283290924515,-0.0004044396831205821,0.5246701309287279,0.22083397014621223,902.119,914.493,33961,64649
highest-temperature-in-shanghai-on-june-10-2026,Highest temperature in Shanghai on June 10?,2026-06-08T04:26:36Z,2026-06-10T12:00:00Z,9,32°C,0x172043a1fcf0edff9fc73bd6ed63a50b2874be1f4323f7070b7c235d7fd2b636,107394249729422528580295423197418949033681781170606210461168594071997949686079,YES,trade_pressure_30s,flow_clock_sensitive,wall_900s,wall_clock_seconds,900,157032,0.03478439244829549,0.24081130017442992,0.4946812786366925,,-0.00010860864060971477,-0.00037717908082408874,-0.00026857044021437394,0.5246701309287279,0.22083397014621223,902.119,914.493,33961,64649
highest-temperature-in-shanghai-on-june-10-2026,Highest temperature in Shanghai on June 10?,2026-06-08T04:26:36Z,2026-06-10T12:00:00Z,9,32°C,0x172043a1fcf0edff9fc73bd6ed63a50b2874be1f4323f7070b7c235d7fd2b636,107394249729422528580295423197418949033681781170606210461168594071997949686079,YES,depth_imbalance_1,book,valid_obs_10,valid_observation_steps,10,159098,0.07650541782941961,0.06461187452182933,0.6372901239093776,0.8999999999999998,-5.4708858372874955e-05,1.1245018029986719e-05,6.595387640286167e-05,0.914272963833612,0.04189870394348138,11.834,42.774,33961,64649
highest-temperature-in-shanghai-on-june-10-2026,Highest temperature in Shanghai on June 10?,2026-06-08T04:26:36Z,2026-06-10T12:00:00Z,9,32°C,0x172043a1fcf0edff9fc73bd6ed63a50b2874be1f4323f7070b7c235d7fd2b636,107394249729422528580295423197418949033681781170606210461168594071997949686079,YES,depth_imbalance_3,book,valid_obs_10,valid_observation_steps,10,159098,0.06855911385180846,0.051206159139592096,0.6138279932546374,0.9999999999999999,-3.896042713567839e-05,4.537411526794743e-05,8.433454240362582e-05,0.914272963833612,0.04189870394348138,11.834,42.774,33961,64649
highest-temperature-in-shanghai-on-june-10-2026,Highest temperature in Shanghai on June 10?,2026-06-08T04:26:36Z,2026-06-10T12:00:00Z,9,32°C,0x172043a1fcf0edff9fc73bd6ed63a50b2874be1f4323f7070b7c235d7fd2b636,107394249729422528580295423197418949033681781170606210461168594071997949686079,YES,depth_imbalance_5,book,valid_obs_10,valid_observation_steps,10,159098,0.021849569008508745,0.00962504607024375,0.5503336021702471,0.7,-3.9796622936413285e-05,2.6285930408472004e-05,6.608255334488529e-05,0.914272963833612,0.04189870394348138,11.834,42.774,33961,64649
highest-temperature-in-shanghai-on-june-10-2026,Highest temperature in Shanghai on June 10?,2026-06-08T04:26:36Z,2026-06-10T12:00:00Z,9,32°C,0x172043a1fcf0edff9fc73bd6ed63a50b2874be1f4323f7070b7c235d7fd2b636,107394249729422528580295423197418949033681781170606210461168594071997949686079,YES,microprice_minus_mid,book,valid_obs_10,valid_observation_steps,10,159098,0.047985790083809786,0.044787326031614685,0.5949849695725493,0.3,-5.15680975425806e-05,-5.382454146541658e-06,4.618564339603894e-05,0.914272963833612,0.04189870394348138,11.834,42.774,33961,64649
highest-temperature-in-shanghai-on-june-10-2026,Highest temperature in Shanghai on June 10?,2026-06-08T04:26:36Z,2026-06-10T12:00:00Z,9,32°C,0x172043a1fcf0edff9fc73bd6ed63a50b2874be1f4323f7070b7c235d7fd2b636,107394249729422528580295423197418949033681781170606210461168594071997949686079,YES,ofi_30s,flow_clock_sensitive,valid_obs_10,valid_observation_steps,10,159098,0.1058251883347043,0.3196648132656586,0.5369161962020677,,-5.796873548101186e-06,-1.0888252148997125e-05,-5.0913786008959385e-06,0.914272963833612,0.04189870394348138,11.834,42.774,33961,64649
highest-temperature-in-shanghai-on-june-10-2026,Highest temperature in Shanghai on June 10?,2026-06-08T04:26:36Z,2026-06-10T12:00:00Z,9,32°C,0x172043a1fcf0edff9fc73bd6ed63a50b2874be1f4323f7070b7c235d7fd2b636,107394249729422528580295423197418949033681781170606210461168594071997949686079,YES,trade_pressure_30s,flow_clock_sensitive,valid_obs_10,valid_observation_steps,10,159098,0.01711252363328941,0.7992031654481656,0.5012097661118851,,-6.600743372437164e-06,4.120443740095088e-05,4.780518077338805e-05,0.914272963833612,0.04189870394348138,11.834,42.774,33961,64649
highest-temperature-in-shanghai-on-june-10-2026,Highest temperature in Shanghai on June 10?,2026-06-08T04:26:36Z,2026-06-10T12:00:00Z,9,32°C,0x172043a1fcf0edff9fc73bd6ed63a50b2874be1f4323f7070b7c235d7fd2b636,107394249729422528580295423197418949033681781170606210461168594071997949686079,YES,depth_imbalance_1,book,valid_obs_50,valid_observation_steps,50,159041,0.08877512418396623,0.09839134252569284,0.6065354623096918,0.7,-0.00016349206349206347,2.6254191181122297e-05,0.00018974625467318577,0.830672593859445,0.08086594022924906,68.687,195.512,33961,64649
highest-temperature-in-shanghai-on-june-10-2026,Highest temperature in Shanghai on June 10?,2026-06-08T04:26:36Z,2026-06-10T12:00:00Z,9,32°C,0x172043a1fcf0edff9fc73bd6ed63a50b2874be1f4323f7070b7c235d7fd2b636,107394249729422528580295423197418949033681781170606210461168594071997949686079,YES,depth_imbalance_3,book,valid_obs_50,valid_observation_steps,50,159041,0.07793835085775017,0.07452025648968133,0.598923134051244,0.9999999999999999,-0.00011667870943419934,0.00012563195146612742,0.00024231066090032676,0.830672593859445,0.08086594022924906,68.687,195.512,33961,64649
highest-temperature-in-shanghai-on-june-10-2026,Highest temperature in Shanghai on June 10?,2026-06-08T04:26:36Z,2026-06-10T12:00:00Z,9,32°C,0x172043a1fcf0edff9fc73bd6ed63a50b2874be1f4323f7070b7c235d7fd2b636,107394249729422528580295423197418949033681781170606210461168594071997949686079,YES,depth_imbalance_5,book,valid_obs_50,valid_observation_steps,50,159041,0.03140637218992158,0.01974277308343903,0.5373561084292611,0.7,-0.00012612782545820363,6.62033535047907e-05,0.00019233117896299434,0.830672593859445,0.08086594022924906,68.687,195.512,33961,64649
highest-temperature-in-shanghai-on-june-10-2026,Highest temperature in Shanghai on June 10?,2026-06-08T04:26:36Z,2026-06-10T12:00:00Z,9,32°C,0x172043a1fcf0edff9fc73bd6ed63a50b2874be1f4323f7070b7c235d7fd2b636,107394249729422528580295423197418949033681781170606210461168594071997949686079,YES,microprice_minus_mid,book,valid_obs_50,valid_observation_steps,50,159041,0.049992231103047666,0.05597017504249233,0.5659858893427404,0.3,-0.00014353074311580533,-3.655649209205419e-05,0.00010697425102375114,0.830672593859445,0.08086594022924906,68.687,195.512,33961,64649
highest-temperature-in-shanghai-on-june-10-2026,Highest temperature in Shanghai on June 10?,2026-06-08T04:26:36Z,2026-06-10T12:00:00Z,9,32°C,0x172043a1fcf0edff9fc73bd6ed63a50b2874be1f4323f7070b7c235d7fd2b636,107394249729422528580295423197418949033681781170606210461168594071997949686079,YES,ofi_30s,flow_clock_sensitive,valid_obs_50,valid_observation_steps,50,159041,0.08028865035985984,0.2591817787812857,0.5034905310063127,,-1.6534183512995745e-05,-3.624210141521748e-05,-1.9707917902221736e-05,0.830672593859445,0.08086594022924906,68.687,195.512,33961,64649
highest-temperature-in-shanghai-on-june-10-2026,Highest temperature in Shanghai on June 10?,2026-06-08T04:26:36Z,2026-06-10T12:00:00Z,9,32°C,0x172043a1fcf0edff9fc73bd6ed63a50b2874be1f4323f7070b7c235d7fd2b636,107394249729422528580295423197418949033681781170606210461168594071997949686079,YES,trade_pressure_30s,flow_clock_sensitive,valid_obs_50,valid_observation_steps,50,159041,0.03175415048022403,0.6477490740408117,0.4968065354623097,,-1.9392715106369546e-05,0.00010301109350237721,0.00012240380860874676,0.830672593859445,0.08086594022924906,68.687,195.512,33961,64649
highest-temperature-in-shanghai-on-june-10-2026,Highest temperature in Shanghai on June 10?,2026-06-08T04:26:36Z,2026-06-10T12:00:00Z,9,32°C,0x172043a1fcf0edff9fc73bd6ed63a50b2874be1f4323f7070b7c235d7fd2b636,107394249729422528580295423197418949033681781170606210461168594071997949686079,YES,depth_imbalance_1,book,valid_obs_200,valid_observation_steps,200,158814,0.11267678931229237,0.06643891624875217,0.5987038080669833,0.8999999999999998,-0.0005459060191733458,0.00010786360473208072,0.0006537696239054266,0.6871560441774655,0.14057954588386415,293.349,771.08,33961,64649
highest-temperature-in-shanghai-on-june-10-2026,Highest temperature in Shanghai on June 10?,2026-06-08T04:26:36Z,2026-06-10T12:00:00Z,9,32°C,0x172043a1fcf0edff9fc73bd6ed63a50b2874be1f4323f7070b7c235d7fd2b636,107394249729422528580295423197418949033681781170606210461168594071997949686079,YES,depth_imbalance_3,book,valid_obs_200,valid_observation_steps,200,158814,0.0827079188952354,0.07877084606777639,0.5977377022783995,0.8999999999999998,-0.00037311605124340616,0.0003357874115267947,0.0007089034627702009,0.6871560441774655,0.14057954588386415,293.349,771.08,33961,64649
highest-temperature-in-shanghai-on-june-10-2026,Highest temperature in Shanghai on June 10?,2026-06-08T04:26:36Z,2026-06-10T12:00:00Z,9,32°C,0x172043a1fcf0edff9fc73bd6ed63a50b2874be1f4323f7070b7c235d7fd2b636,107394249729422528580295423197418949033681781170606210461168594071997949686079,YES,depth_imbalance_5,book,valid_obs_200,valid_observation_steps,200,158814,0.06628189410694629,0.07680898919165793,0.5578858384993157,0.8999999999999998,-0.00039275266584882514,0.00015451651538073624,0.0005472691812295614,0.6871560441774655,0.14057954588386415,293.349,771.08,33961,64649
highest-temperature-in-shanghai-on-june-10-2026,Highest temperature in Shanghai on June 10?,2026-06-08T04:26:36Z,2026-06-10T12:00:00Z,9,32°C,0x172043a1fcf0edff9fc73bd6ed63a50b2874be1f4323f7070b7c235d7fd2b636,107394249729422528580295423197418949033681781170606210461168594071997949686079,YES,microprice_minus_mid,book,valid_obs_200,valid_observation_steps,200,158814,0.015950455830957933,-0.015921173534094384,0.5260244746799775,0.09999999999999999,-0.0005096432167128115,-0.0001753796129683998,0.0003342636037444117,0.6871560441774655,0.14057954588386415,293.349,771.08,33961,64649
highest-temperature-in-shanghai-on-june-10-2026,Highest temperature in Shanghai on June 10?,2026-06-08T04:26:36Z,2026-06-10T12:00:00Z,9,32°C,0x172043a1fcf0edff9fc73bd6ed63a50b2874be1f4323f7070b7c235d7fd2b636,107394249729422528580295423197418949033681781170606210461168594071997949686079,YES,ofi_30s,flow_clock_sensitive,valid_obs_200,valid_observation_steps,200,158814,0.0615571959335615,-0.19271575603640467,0.5071250301908059,,-7.430444710075944e-05,-0.00015236848992410365,-7.806404282334421e-05,0.6871560441774655,0.14057954588386415,293.349,771.08,33961,64649
highest-temperature-in-shanghai-on-june-10-2026,Highest temperature in Shanghai on June 10?,2026-06-08T04:26:36Z,2026-06-10T12:00:00Z,9,32°C,0x172043a1fcf0edff9fc73bd6ed63a50b2874be1f4323f7070b7c235d7fd2b636,107394249729422528580295423197418949033681781170606210461168594071997949686079,YES,trade_pressure_30s,flow_clock_sensitive,valid_obs_200,valid_observation_steps,200,158814,0.03768817462386387,-0.21316778714122794,0.515759600676274,,-8.310627564276819e-05,-0.000231378763866878,-0.00014827248822410981,0.6871560441774655,0.14057954588386415,293.349,771.08,33961,64649
highest-temperature-in-shanghai-on-june-10-2026,Highest temperature in Shanghai on June 10?,2026-06-08T04:26:36Z,2026-06-10T12:00:00Z,10,33°C or higher,0xf7c320623ae04b343a84ef1d29e41f1a0a9273cb5ede41198542839b04663b42,77126216875827511182932083508968979397438543022663466379727138106562657476235,YES,depth_imbalance_1,book,wall_60s,wall_clock_seconds,60,128007,0.15706629642768744,0.08849629730449787,0.6847041847041847,0.8999999999999998,-4.1283517502511395e-05,0.00014419338479743055,0.00018547690229994194,0.9133797370456304,0.04437257337489356,61.816,71.26180000000002,26451,58680
highest-temperature-in-shanghai-on-june-10-2026,Highest temperature in Shanghai on June 10?,2026-06-08T04:26:36Z,2026-06-10T12:00:00Z,10,33°C or higher,0xf7c320623ae04b343a84ef1d29e41f1a0a9273cb5ede41198542839b04663b42,77126216875827511182932083508968979397438543022663466379727138106562657476235,YES,depth_imbalance_3,book,wall_60s,wall_clock_seconds,60,128007,0.0938065928660748,0.01778349344579078,0.61489898989899,0.8999999999999998,-0.00015786747496450906,8.467573658292298e-05,0.00024254321154743204,0.9133797370456304,0.04437257337489356,61.816,71.26180000000002,26451,58680
highest-temperature-in-shanghai-on-june-10-2026,Highest temperature in Shanghai on June 10?,2026-06-08T04:26:36Z,2026-06-10T12:00:00Z,10,33°C or higher,0xf7c320623ae04b343a84ef1d29e41f1a0a9273cb5ede41198542839b04663b42,77126216875827511182932083508968979397438543022663466379727138106562657476235,YES,depth_imbalance_5,book,wall_60s,wall_clock_seconds,60,128007,0.027704251637132558,-0.01992079626654843,0.556998556998557,0.3,-0.0001318121486570893,-1.079376273311393e-05,0.00012101838592397537,0.9133797370456304,0.04437257337489356,61.816,71.26180000000002,26451,58680
highest-temperature-in-shanghai-on-june-10-2026,Highest temperature in Shanghai on June 10?,2026-06-08T04:26:36Z,2026-06-10T12:00:00Z,10,33°C or higher,0xf7c320623ae04b343a84ef1d29e41f1a0a9273cb5ede41198542839b04663b42,77126216875827511182932083508968979397438543022663466379727138106562657476235,YES,microprice_minus_mid,book,wall_60s,wall_clock_seconds,60,128007,0.1392821216318242,0.07662992150794208,0.6417748917748918,-0.09999999999999999,-6.789653860783567e-05,-7.567275915559451e-05,-7.776220547758836e-06,0.9133797370456304,0.04437257337489356,61.816,71.26180000000002,26451,58680
highest-temperature-in-shanghai-on-june-10-2026,Highest temperature in Shanghai on June 10?,2026-06-08T04:26:36Z,2026-06-10T12:00:00Z,10,33°C or higher,0xf7c320623ae04b343a84ef1d29e41f1a0a9273cb5ede41198542839b04663b42,77126216875827511182932083508968979397438543022663466379727138106562657476235,YES,ofi_30s,flow_clock_sensitive,wall_60s,wall_clock_seconds,60,128007,-0.004949235086559403,0.44909457350797816,0.44363275613275616,,-2.0406711540684474e-06,-0.00013896037056098818,-0.00013691969940691974,0.9133797370456304,0.04437257337489356,61.816,71.26180000000002,26451,58680
highest-temperature-in-shanghai-on-june-10-2026,Highest temperature in Shanghai on June 10?,2026-06-08T04:26:36Z,2026-06-10T12:00:00Z,10,33°C or higher,0xf7c320623ae04b343a84ef1d29e41f1a0a9273cb5ede41198542839b04663b42,77126216875827511182932083508968979397438543022663466379727138106562657476235,YES,trade_pressure_30s,flow_clock_sensitive,wall_60s,wall_clock_seconds,60,128007,-0.015045486308932128,0.7910533515208006,0.4883658008658009,,-1.872764695294219e-05,1.5350877192982457e-05,3.407852414592464e-05,0.9133797370456304,0.04437257337489356,61.816,71.26180000000002,26451,58680
highest-temperature-in-shanghai-on-june-10-2026,Highest temperature in Shanghai on June 10?,2026-06-08T04:26:36Z,2026-06-10T12:00:00Z,10,33°C or higher,0xf7c320623ae04b343a84ef1d29e41f1a0a9273cb5ede41198542839b04663b42,77126216875827511182932083508968979397438543022663466379727138106562657476235,YES,depth_imbalance_1,book,wall_300s,wall_clock_seconds,300,127760,0.21968510105046885,0.1568005933833808,0.6895848209731715,0.9999999999999999,-0.00018391159879452905,0.0001927714285714286,0.00037668302736595764,0.8465403882279273,0.07867877269881027,302.367,312.939,26451,58680
highest-temperature-in-shanghai-on-june-10-2026,Highest temperature in Shanghai on June 10?,2026-06-08T04:26:36Z,2026-06-10T12:00:00Z,10,33°C or higher,0xf7c320623ae04b343a84ef1d29e41f1a0a9273cb5ede41198542839b04663b42,77126216875827511182932083508968979397438543022663466379727138106562657476235,YES,depth_imbalance_3,book,wall_300s,wall_clock_seconds,300,127760,0.0984127896901766,0.02919383366326663,0.5589615423849842,0.8999999999999998,-0.00024774584660246327,8.989379635873232e-05,0.0003376396429611956,0.8465403882279273,0.07867877269881027,302.367,312.939,26451,58680
highest-temperature-in-shanghai-on-june-10-2026,Highest temperature in Shanghai on June 10?,2026-06-08T04:26:36Z,2026-06-10T12:00:00Z,10,33°C or higher,0xf7c320623ae04b343a84ef1d29e41f1a0a9273cb5ede41198542839b04663b42,77126216875827511182932083508968979397438543022663466379727138106562657476235,YES,depth_imbalance_5,book,wall_300s,wall_clock_seconds,300,127760,0.022102364482923107,-0.019751778782265958,0.5481485259614404,0.6,-0.00010673257267896216,3.3301990283654674e-06,0.00011006277170732763,0.8465403882279273,0.07867877269881027,302.367,312.939,26451,58680
highest-temperature-in-shanghai-on-june-10-2026,Highest temperature in Shanghai on June 10?,2026-06-08T04:26:36Z,2026-06-10T12:00:00Z,10,33°C or higher,0xf7c320623ae04b343a84ef1d29e41f1a0a9273cb5ede41198542839b04663b42,77126216875827511182932083508968979397438543022663466379727138106562657476235,YES,microprice_minus_mid,book,wall_300s,wall_clock_seconds,300,127760,0.21013614520220564,0.13899890386487188,0.640977251861675,0.3,-0.00023720045644731838,-6.744452687664394e-05,0.00016975592957067445,0.8465403882279273,0.07867877269881027,302.367,312.939,26451,58680
highest-temperature-in-shanghai-on-june-10-2026,Highest temperature in Shanghai on June 10?,2026-06-08T04:26:36Z,2026-06-10T12:00:00Z,10,33°C or higher,0xf7c320623ae04b343a84ef1d29e41f1a0a9273cb5ede41198542839b04663b42,77126216875827511182932083508968979397438543022663466379727138106562657476235,YES,ofi_30s,flow_clock_sensitive,wall_300s,wall_clock_seconds,300,127760,0.033887999064121155,0.3912901874992472,0.46077731306742836,,-2.975421592295974e-05,-0.00015950860901528345,-0.0001297543930923237,0.8465403882279273,0.07867877269881027,302.367,312.939,26451,58680
highest-temperature-in-shanghai-on-june-10-2026,Highest temperature in Shanghai on June 10?,2026-06-08T04:26:36Z,2026-06-10T12:00:00Z,10,33°C or higher,0xf7c320623ae04b343a84ef1d29e41f1a0a9273cb5ede41198542839b04663b42,77126216875827511182932083508968979397438543022663466379727138106562657476235,YES,trade_pressure_30s,flow_clock_sensitive,wall_300s,wall_clock_seconds,300,127760,-0.011343828473439998,0.6441854988654382,0.48765683974293583,,-4.561208167361917e-05,1.5350877192982457e-05,6.096295886660163e-05,0.8465403882279273,0.07867877269881027,302.367,312.939,26451,58680
highest-temperature-in-shanghai-on-june-10-2026,Highest temperature in Shanghai on June 10?,2026-06-08T04:26:36Z,2026-06-10T12:00:00Z,10,33°C or higher,0xf7c320623ae04b343a84ef1d29e41f1a0a9273cb5ede41198542839b04663b42,77126216875827511182932083508968979397438543022663466379727138106562657476235,YES,depth_imbalance_1,book,wall_900s,wall_clock_seconds,900,126746,0.26180555484187823,0.23153269866205362,0.7047057355052112,0.9999999999999999,-0.0003713391546248358,9.55659347325004e-05,0.0004669050893573362,0.7471636185757341,0.11352626512868257,902.7055,914.1495,26451,58680
highest-temperature-in-shanghai-on-june-10-2026,Highest temperature in Shanghai on June 10?,2026-06-08T04:26:36Z,2026-06-10T12:00:00Z,10,33°C or higher,0xf7c320623ae04b343a84ef1d29e41f1a0a9273cb5ede41198542839b04663b42,77126216875827511182932083508968979397438543022663466379727138106562657476235,YES,depth_imbalance_3,book,wall_900s,wall_clock_seconds,900,126746,0.14723435223319914,0.09778254634596006,0.5571678212569432,0.8999999999999998,-0.0005151939531136094,7.805758563000796e-05,0.0005932515387436174,0.7471636185757341,0.11352626512868257,902.7055,914.1495,26451,58680
highest-temperature-in-shanghai-on-june-10-2026,Highest temperature in Shanghai on June 10?,2026-06-08T04:26:36Z,2026-06-10T12:00:00Z,10,33°C or higher,0xf7c320623ae04b343a84ef1d29e41f1a0a9273cb5ede41198542839b04663b42,77126216875827511182932083508968979397438543022663466379727138106562657476235,YES,depth_imbalance_5,book,wall_900s,wall_clock_seconds,900,126746,0.07346072154170984,0.046431764460501394,0.573269674842414,0.7,-0.00022390698039831872,5.143195733754692e-05,0.00027533893773586566,0.7471636185757341,0.11352626512868257,902.7055,914.1495,26451,58680
highest-temperature-in-shanghai-on-june-10-2026,Highest temperature in Shanghai on June 10?,2026-06-08T04:26:36Z,2026-06-10T12:00:00Z,10,33°C or higher,0xf7c320623ae04b343a84ef1d29e41f1a0a9273cb5ede41198542839b04663b42,77126216875827511182932083508968979397438543022663466379727138106562657476235,YES,microprice_minus_mid,book,wall_900s,wall_clock_seconds,900,126746,0.23477783942204838,0.17381404560703603,0.6217312613118642,0.3,-0.00042472422974515033,-0.00041795373305456257,6.770496690587766e-06,0.7471636185757341,0.11352626512868257,902.7055,914.1495,26451,58680
highest-temperature-in-shanghai-on-june-10-2026,Highest temperature in Shanghai on June 10?,2026-06-08T04:26:36Z,2026-06-10T12:00:00Z,10,33°C or higher,0xf7c320623ae04b343a84ef1d29e41f1a0a9273cb5ede41198542839b04663b42,77126216875827511182932083508968979397438543022663466379727138106562657476235,YES,ofi_30s,flow_clock_sensitive,wall_900s,wall_clock_seconds,900,126746,-0.02344555341183305,0.237355702861074,0.4292267365661861,,-6.931569113578384e-05,-0.0005154000778109194,-0.0004460843866751356,0.7471636185757341,0.11352626512868257,902.7055,914.1495,26451,58680
highest-temperature-in-shanghai-on-june-10-2026,Highest temperature in Shanghai on June 10?,2026-06-08T04:26:36Z,2026-06-10T12:00:00Z,10,33°C or higher,0xf7c320623ae04b343a84ef1d29e41f1a0a9273cb5ede41198542839b04663b42,77126216875827511182932083508968979397438543022663466379727138106562657476235,YES,trade_pressure_30s,flow_clock_sensitive,wall_900s,wall_clock_seconds,900,126746,-0.0369505856434033,0.46896093697289054,0.4657055482743556,,-0.00012343109454111736,-0.0002655172413793105,-0.00014208614683819312,0.7471636185757341,0.11352626512868257,902.7055,914.1495,26451,58680
highest-temperature-in-shanghai-on-june-10-2026,Highest temperature in Shanghai on June 10?,2026-06-08T04:26:36Z,2026-06-10T12:00:00Z,10,33°C or higher,0xf7c320623ae04b343a84ef1d29e41f1a0a9273cb5ede41198542839b04663b42,77126216875827511182932083508968979397438543022663466379727138106562657476235,YES,depth_imbalance_1,book,valid_obs_10,valid_observation_steps,10,128063,0.10769465421901392,0.05409103517679943,0.6881080296210251,0.7,-1.7347963835870482e-05,4.5722796762589927e-05,6.307076059846041e-05,0.9462217814669343,0.025643628526584573,14.274,49.512,26451,58680
highest-temperature-in-shanghai-on-june-10-2026,Highest temperature in Shanghai on June 10?,2026-06-08T04:26:36Z,2026-06-10T12:00:00Z,10,33°C or higher,0xf7c320623ae04b343a84ef1d29e41f1a0a9273cb5ede41198542839b04663b42,77126216875827511182932083508968979397438543022663466379727138106562657476235,YES,depth_imbalance_3,book,valid_obs_10,valid_observation_steps,10,128063,0.02184327767792562,0.030749790892715238,0.5461013503702629,0.7,-9.227583032906342e-05,2.770025409255637e-06,9.504585573831905e-05,0.9462217814669343,0.025643628526584573,14.274,49.512,26451,58680
highest-temperature-in-shanghai-on-june-10-2026,Highest temperature in Shanghai on June 10?,2026-06-08T04:26:36Z,2026-06-10T12:00:00Z,10,33°C or higher,0xf7c320623ae04b343a84ef1d29e41f1a0a9273cb5ede41198542839b04663b42,77126216875827511182932083508968979397438543022663466379727138106562657476235,YES,depth_imbalance_5,book,valid_obs_10,valid_observation_steps,10,128063,0.018892788019466387,0.026706673328589774,0.5395673007114854,0.7,-0.00010609903617278652,-6.895470929321423e-06,9.920356524346509e-05,0.9462217814669343,0.025643628526584573,14.274,49.512,26451,58680
highest-temperature-in-shanghai-on-june-10-2026,Highest temperature in Shanghai on June 10?,2026-06-08T04:26:36Z,2026-06-10T12:00:00Z,10,33°C or higher,0xf7c320623ae04b343a84ef1d29e41f1a0a9273cb5ede41198542839b04663b42,77126216875827511182932083508968979397438543022663466379727138106562657476235,YES,microprice_minus_mid,book,valid_obs_10,valid_observation_steps,10,128063,0.0958210461000249,0.04491711725677436,0.6550021780165529,-0.09999999999999999,-2.5275770254849748e-05,-0.00013542860996830107,-0.00011015283971345132,0.9462217814669343,0.025643628526584573,14.274,49.512,26451,58680
highest-temperature-in-shanghai-on-june-10-2026,Highest temperature in Shanghai on June 10?,2026-06-08T04:26:36Z,2026-06-10T12:00:00Z,10,33°C or higher,0xf7c320623ae04b343a84ef1d29e41f1a0a9273cb5ede41198542839b04663b42,77126216875827511182932083508968979397438543022663466379727138106562657476235,YES,ofi_30s,flow_clock_sensitive,valid_obs_10,valid_observation_steps,10,128063,0.033916584327631366,-0.46853161922214515,0.5244663859445332,,-8.856360760056168e-06,-0.0001324541653264715,-0.00012359780456641534,0.9462217814669343,0.025643628526584573,14.274,49.512,26451,58680
highest-temperature-in-shanghai-on-june-10-2026,Highest temperature in Shanghai on June 10?,2026-06-08T04:26:36Z,2026-06-10T12:00:00Z,10,33°C or higher,0xf7c320623ae04b343a84ef1d29e41f1a0a9273cb5ede41198542839b04663b42,77126216875827511182932083508968979397438543022663466379727138106562657476235,YES,trade_pressure_30s,flow_clock_sensitive,valid_obs_10,valid_observation_steps,10,128063,-0.012458551324816124,-0.8689813978272718,0.5233047771163061,,-2.390581609105487e-05,2.1929824561403507e-06,2.609879854719522e-05,0.9462217814669343,0.025643628526584573,14.274,49.512,26451,58680
highest-temperature-in-shanghai-on-june-10-2026,Highest temperature in Shanghai on June 10?,2026-06-08T04:26:36Z,2026-06-10T12:00:00Z,10,33°C or higher,0xf7c320623ae04b343a84ef1d29e41f1a0a9273cb5ede41198542839b04663b42,77126216875827511182932083508968979397438543022663466379727138106562657476235,YES,depth_imbalance_1,book,valid_obs_50,valid_observation_steps,50,127981,0.13861760199896772,0.09243021535265308,0.6667454875068968,0.8999999999999998,-5.946217448419751e-05,8.286778398510243e-05,0.00014232995846929993,0.9008680976082387,0.04544424563021073,86.387,222.428,26451,58680
highest-temperature-in-shanghai-on-june-10-2026,Highest temperature in Shanghai on June 10?,2026-06-08T04:26:36Z,2026-06-10T12:00:00Z,10,33°C or higher,0xf7c320623ae04b343a84ef1d29e41f1a0a9273cb5ede41198542839b04663b42,77126216875827511182932083508968979397438543022663466379727138106562657476235,YES,depth_imbalance_3,book,valid_obs_50,valid_observation_steps,50,127981,0.05007908855735427,0.06017883876686959,0.5558445653030661,0.8999999999999998,-0.0001678816713348425,3.0330882352941186e-05,0.00019821255368778368,0.9008680976082387,0.04544424563021073,86.387,222.428,26451,58680
highest-temperature-in-shanghai-on-june-10-2026,Highest temperature in Shanghai on June 10?,2026-06-08T04:26:36Z,2026-06-10T12:00:00Z,10,33°C or higher,0xf7c320623ae04b343a84ef1d29e41f1a0a9273cb5ede41198542839b04663b42,77126216875827511182932083508968979397438543022663466379727138106562657476235,YES,depth_imbalance_5,book,valid_obs_50,valid_observation_steps,50,127981,0.017273024693771157,0.03811353979692031,0.5294395838259636,0.39999999999999997,-0.00013855468749999998,-2.9188215013320796e-05,0.00010936647248667919,0.9008680976082387,0.04544424563021073,86.387,222.428,26451,58680
highest-temperature-in-shanghai-on-june-10-2026,Highest temperature in Shanghai on June 10?,2026-06-08T04:26:36Z,2026-06-10T12:00:00Z,10,33°C or higher,0xf7c320623ae04b343a84ef1d29e41f1a0a9273cb5ede41198542839b04663b42,77126216875827511182932083508968979397438543022663466379727138106562657476235,YES,microprice_minus_mid,book,valid_obs_50,valid_observation_steps,50,127981,0.12675354335941563,0.07701913121610741,0.6363206431780563,-0.09999999999999999,-9.296310384176492e-05,-0.00015542591218722598,-6.246280834546106e-05,0.9008680976082387,0.04544424563021073,86.387,222.428,26451,58680
highest-temperature-in-shanghai-on-june-10-2026,Highest temperature in Shanghai on June 10?,2026-06-08T04:26:36Z,2026-06-10T12:00:00Z,10,33°C or higher,0xf7c320623ae04b343a84ef1d29e41f1a0a9273cb5ede41198542839b04663b42,77126216875827511182932083508968979397438543022663466379727138106562657476235,YES,ofi_30s,flow_clock_sensitive,valid_obs_50,valid_observation_steps,50,127981,-0.006155566570476458,-0.45535467273647107,0.46283597383148106,,-1.6395848341738036e-05,-0.00018984817292846116,-0.00017345232458672313,0.9008680976082387,0.04544424563021073,86.387,222.428,26451,58680
highest-temperature-in-shanghai-on-june-10-2026,Highest temperature in Shanghai on June 10?,2026-06-08T04:26:36Z,2026-06-10T12:00:00Z,10,33°C or higher,0xf7c320623ae04b343a84ef1d29e41f1a0a9273cb5ede41198542839b04663b42,77126216875827511182932083508968979397438543022663466379727138106562657476235,YES,trade_pressure_30s,flow_clock_sensitive,valid_obs_50,valid_observation_steps,50,127981,-0.013428003555545001,-0.7763622128829379,0.5421297391030189,,-3.755684798008657e-05,1.5350877192982457e-05,5.290772517306903e-05,0.9008680976082387,0.04544424563021073,86.387,222.428,26451,58680
highest-temperature-in-shanghai-on-june-10-2026,Highest temperature in Shanghai on June 10?,2026-06-08T04:26:36Z,2026-06-10T12:00:00Z,10,33°C or higher,0xf7c320623ae04b343a84ef1d29e41f1a0a9273cb5ede41198542839b04663b42,77126216875827511182932083508968979397438543022663466379727138106562657476235,YES,depth_imbalance_1,book,valid_obs_200,valid_observation_steps,200,127666,0.21226975732627124,0.16842958203029762,0.7025426680599094,0.9999999999999999,-0.0002014720655281663,0.00015810640009192235,0.00035957846562008865,0.8200930553162158,0.08325630943242524,369.1495,811.327,26451,58680
highest-temperature-in-shanghai-on-june-10-2026,Highest temperature in Shanghai on June 10?,2026-06-08T04:26:36Z,2026-06-10T12:00:00Z,10,33°C or higher,0xf7c320623ae04b343a84ef1d29e41f1a0a9273cb5ede41198542839b04663b42,77126216875827511182932083508968979397438543022663466379727138106562657476235,YES,depth_imbalance_3,book,valid_obs_200,valid_observation_steps,200,127666,0.08924192596178437,0.03439292556234412,0.5458899338209683,0.8999999999999998,-0.00031822890687948437,7.161293052382164e-05,0.000389841837403306,0.8200930553162158,0.08325630943242524,369.1495,811.327,26451,58680
highest-temperature-in-shanghai-on-june-10-2026,Highest temperature in Shanghai on June 10?,2026-06-08T04:26:36Z,2026-06-10T12:00:00Z,10,33°C or higher,0xf7c320623ae04b343a84ef1d29e41f1a0a9273cb5ede41198542839b04663b42,77126216875827511182932083508968979397438543022663466379727138106562657476235,YES,depth_imbalance_5,book,valid_obs_200,valid_observation_steps,200,127666,0.014316616376825297,-0.015254668446232132,0.5165447579240683,0.7999999999999999,-0.00017370662707095967,-3.533928851277228e-05,0.0001383673385581874,0.8200930553162158,0.08325630943242524,369.1495,811.327,26451,58680
highest-temperature-in-shanghai-on-june-10-2026,Highest temperature in Shanghai on June 10?,2026-06-08T04:26:36Z,2026-06-10T12:00:00Z,10,33°C or higher,0xf7c320623ae04b343a84ef1d29e41f1a0a9273cb5ede41198542839b04663b42,77126216875827511182932083508968979397438543022663466379727138106562657476235,YES,microprice_minus_mid,book,valid_obs_200,valid_observation_steps,200,127666,0.18636266350397068,0.13880276711289322,0.6424590734935562,0.3,-0.00023486116394066185,-0.0002234099952788831,1.1451168661778767e-05,0.8200930553162158,0.08325630943242524,369.1495,811.327,26451,58680
highest-temperature-in-shanghai-on-june-10-2026,Highest temperature in Shanghai on June 10?,2026-06-08T04:26:36Z,2026-06-10T12:00:00Z,10,33°C or higher,0xf7c320623ae04b343a84ef1d29e41f1a0a9273cb5ede41198542839b04663b42,77126216875827511182932083508968979397438543022663466379727138106562657476235,YES,ofi_30s,flow_clock_sensitive,valid_obs_200,valid_observation_steps,200,127666,-0.013903252418659296,0.33592723244263184,0.45554684778822707,,-4.242191888301429e-05,-0.00027845489133939517,-0.0002360329724563809,0.8200930553162158,0.08325630943242524,369.1495,811.327,26451,58680
highest-temperature-in-shanghai-on-june-10-2026,Highest temperature in Shanghai on June 10?,2026-06-08T04:26:36Z,2026-06-10T12:00:00Z,10,33°C or higher,0xf7c320623ae04b343a84ef1d29e41f1a0a9273cb5ede41198542839b04663b42,77126216875827511182932083508968979397438543022663466379727138106562657476235,YES,trade_pressure_30s,flow_clock_sensitive,valid_obs_200,valid_observation_steps,200,127666,-0.02477735111854958,0.6057997969370841,0.5355712295367467,,-7.10698535758565e-05,-8.333333333333333e-05,-1.226347975747683e-05,0.8200930553162158,0.08325630943242524,369.1495,811.327,26451,58680
