event_slug,city,quality,factor,horizon_seconds,slice_name,slice_value,token_count,coverage,zero_rate,ic,nonzero_hit_rate,top_bottom,crossing_markout_diagnostic
highest-temperature-in-beijing-on-june-6-2026,Beijing,degraded,bid_ask_liquidity_asymmetry,30,overall,all,11,0.9871001553855369,0.8597467587929176,0.0362183293648275,0.46210987967546446,0.0002585461705595468,-0.0028785122527146584
highest-temperature-in-beijing-on-june-6-2026,Beijing,degraded,bid_ask_liquidity_asymmetry,120,overall,all,11,0.9680669579539529,0.7854312335460023,0.06700981869609383,0.500110107810024,0.00028552898839962523,-0.002646734031322501
highest-temperature-in-beijing-on-june-6-2026,Beijing,degraded,bid_ask_liquidity_asymmetry,600,overall,all,11,0.9388175425375723,0.6501461615391215,0.12898883139275927,0.5579178364407068,0.0004343821558172877,-0.0025569360175447735
highest-temperature-in-beijing-on-june-6-2026,Beijing,degraded,depth_concentration,30,overall,all,11,0.9871001553855369,0.8597467587929176,0.032707431205544694,0.34965330384543997,-0.0003457082873968964,-0.0029582095425070773
highest-temperature-in-beijing-on-june-6-2026,Beijing,degraded,depth_concentration,120,overall,all,11,0.9680669579539529,0.7854312335460023,0.04000127859137445,0.39357124469827914,-0.00014111961034257367,-0.002718447914121622
highest-temperature-in-beijing-on-june-6-2026,Beijing,degraded,depth_concentration,600,overall,all,11,0.9388175425375723,0.6501461615391215,0.08811279088338457,0.42552507779756765,0.00020577179487763913,-0.00275316275277178
highest-temperature-in-beijing-on-june-6-2026,Beijing,degraded,depth_imbalance_1,30,activity_bucket,high,11,0.9633819099967578,0.8203350924087018,-0.05423740078609425,0.4693627901405636,0.0002137020922696916,-0.0036990089040737136
highest-temperature-in-beijing-on-june-6-2026,Beijing,degraded,depth_imbalance_1,30,activity_bucket,low,11,0.9917410480736861,0.8936567193747293,0.08390464020326543,0.6204814008231893,0.0006433729742763015,-0.00326067280859673
highest-temperature-in-beijing-on-june-6-2026,Beijing,degraded,depth_imbalance_1,30,activity_bucket,medium,11,0.9919019864848504,0.8722171153534675,0.07175545392085549,0.5851076166464494,0.00015031556976907937,-0.002823490974897217
highest-temperature-in-beijing-on-june-6-2026,Beijing,degraded,depth_imbalance_1,30,lifecycle_bucket,early,11,0.9862514824237294,0.8549708502467575,0.04820929536389249,0.5572481002892601,0.00027192803227765836,-0.003439089755497028
highest-temperature-in-beijing-on-june-6-2026,Beijing,degraded,depth_imbalance_1,30,lifecycle_bucket,late,1,0.975,0.9560439560439561,0.025945806853276434,0.5,5.4163126593027175e-05,-0.0007454212454212744
highest-temperature-in-beijing-on-june-6-2026,Beijing,degraded,depth_imbalance_1,30,lifecycle_bucket,mid,6,0.9982139567196017,0.8725467822305126,0.09744010620062589,0.5624129755494839,0.0002051136790870076,-0.0024462917510310123
highest-temperature-in-beijing-on-june-6-2026,Beijing,degraded,depth_imbalance_1,30,overall,all,11,0.9871001553855369,0.8597467587929176,0.04746409502709072,0.5526283639733504,0.00017324050316355318,-0.0028337050578028937
highest-temperature-in-beijing-on-june-6-2026,Beijing,degraded,depth_imbalance_1,30,price_bucket,"(0.80,0.96]",1,0.9999208155993269,0.7560333392726337,0.07626868394069014,0.550526058233423,0.0011019786031817552,-0.008592958249078155
highest-temperature-in-beijing-on-june-6-2026,Beijing,degraded,depth_imbalance_1,30,price_bucket,"(0.96,1]",1,0.9954217112625903,0.7148405560098119,0.028667421575142574,0.5015329125338143,-9.085227302732044e-05,-0.004763919479588172
highest-temperature-in-beijing-on-june-6-2026,Beijing,degraded,depth_imbalance_1,30,price_bucket,"[0,0.04)",10,0.9871652513311677,0.8631840908044147,0.05013129635879665,0.5575558061133195,9.472865588186824e-05,-0.0021837738864843364
highest-temperature-in-beijing-on-june-6-2026,Beijing,degraded,depth_imbalance_1,30,price_bucket,"[0.04,0.20)",8,0.882694881231181,0.18952522535877914,0.276372937819325,0.8022558793456033,0.011456488841779466,-0.002508046989624817
highest-temperature-in-beijing-on-june-6-2026,Beijing,degraded,depth_imbalance_1,30,price_bucket,"[0.20,0.80]",1,1.0,0.021739130434782608,0.06549366720527354,0.7910447761194029,0.03553240740740737,-0.11806569343065691
highest-temperature-in-beijing-on-june-6-2026,Beijing,degraded,depth_imbalance_1,30,spread_bucket,medium,11,0.9836555114850634,0.8817308223173914,0.05180145951809051,0.60806709562945,-5.1573984408692246e-05,-0.0021827533790389603
highest-temperature-in-beijing-on-june-6-2026,Beijing,degraded,depth_imbalance_1,30,spread_bucket,tight,11,0.997340636249428,0.8808933883483916,0.03318927231991465,0.5372320385830794,0.00017047872426094967,-0.0012341832504483795
highest-temperature-in-beijing-on-june-6-2026,Beijing,degraded,depth_imbalance_1,30,spread_bucket,wide,11,0.9803026995727859,0.8164072668508141,0.09909234978233114,0.5384337106915699,0.0007701924156486393,-0.005105210234924459
highest-temperature-in-beijing-on-june-6-2026,Beijing,degraded,depth_imbalance_1,60,activity_bucket,high,11,0.9323625665097679,0.8133745938385065,-0.02345982754965843,0.4639327818115705,0.00033632764678017454,-0.003665808238308536
highest-temperature-in-beijing-on-june-6-2026,Beijing,degraded,depth_imbalance_1,60,activity_bucket,low,11,0.9888621298049859,0.8689897375892901,0.09397893767950644,0.5909028606107487,0.0006477393849038458,-0.0032627614356318456
highest-temperature-in-beijing-on-june-6-2026,Beijing,degraded,depth_imbalance_1,60,activity_bucket,medium,11,0.9837423372374517,0.8396538996820723,0.08866063011576483,0.5881166780119478,0.0002794680126228529,-0.002782782299594083
highest-temperature-in-beijing-on-june-6-2026,Beijing,degraded,depth_imbalance_1,60,lifecycle_bucket,early,11,0.9750544459951057,0.8258121287908594,0.059127094264190376,0.5562738917785287,0.00042059151232394705,-0.003385144964367219
highest-temperature-in-beijing-on-june-6-2026,Beijing,degraded,depth_imbalance_1,60,lifecycle_bucket,late,1,0.95,0.900375939849624,0.027105264856868937,0.49056603773584906,9.345794392522335e-05,-0.0007528195488722086
highest-temperature-in-beijing-on-june-6-2026,Beijing,degraded,depth_imbalance_1,60,lifecycle_bucket,mid,6,0.997195991416524,0.8260937176979475,0.12660708434629464,0.5640159230090069,0.0002933799397889881,-0.002417181274027611
highest-temperature-in-beijing-on-june-6-2026,Beijing,degraded,depth_imbalance_1,60,price_bucket,"(0.80,0.96]",1,0.9999802038998318,0.6956091380607357,0.10285550091460477,0.5712513871662641,0.0018615533807799594,-0.0084448805629894
highest-temperature-in-beijing-on-june-6-2026,Beijing,degraded,depth_imbalance_1,60,price_bucket,"(0.96,1]",1,0.9918608200223827,0.6551441173453687,0.03376315870585384,0.5027698757298997,-7.217277033218298e-05,-0.004774404976096226
highest-temperature-in-beijing-on-june-6-2026,Beijing,degraded,depth_imbalance_1,60,price_bucket,"[0,0.04)",10,0.9754930531617951,0.836920403929617,0.06976277897294221,0.5591899608428816,0.00015360383599953675,-0.0021392741593121703
highest-temperature-in-beijing-on-june-6-2026,Beijing,degraded,depth_imbalance_1,60,price_bucket,"[0.04,0.20)",8,0.8724489795918368,0.15452434191097825,0.5926760278612904,0.7697945686842157,0.01899119984732462,-0.00379778639465288
highest-temperature-in-beijing-on-june-6-2026,Beijing,degraded,depth_imbalance_1,60,price_bucket,"[0.20,0.80]",1,1.0,0.007246376811594203,0.2445019628056277,0.8014705882352942,0.043263888888888845,-0.10897810218978099
highest-temperature-in-beijing-on-june-6-2026,Beijing,degraded,depth_imbalance_1,60,spread_bucket,medium,11,0.9707260004248393,0.8595732114524531,0.05891700722480051,0.5963026615227653,-6.230755120240043e-05,-0.0021849936903634553
highest-temperature-in-beijing-on-june-6-2026,Beijing,degraded,depth_imbalance_1,60,spread_bucket,tight,11,0.996693911520622,0.8469996628139252,0.05301936367583191,0.5283026972520275,0.0003307225604340683,-0.0012115224581811309
highest-temperature-in-beijing-on-june-6-2026,Beijing,degraded,depth_imbalance_1,60,spread_bucket,wide,11,0.961879903023581,0.7895888481895406,0.1042056584810856,0.541818983533712,0.0005536092039359373,-0.0050397985054713955
highest-temperature-in-beijing-on-june-6-2026,Beijing,degraded,depth_imbalance_1,120,activity_bucket,high,11,0.9062350462681473,0.7804597101047407,0.03458966925497737,0.4839943394368038,0.00038494134758669594,-0.0023948001411183873
highest-temperature-in-beijing-on-june-6-2026,Beijing,degraded,depth_imbalance_1,120,activity_bucket,low,11,0.9838563658467462,0.8265392829342979,0.1269687750258036,0.6356432970000331,0.0007859335551650124,-0.0032317363424382035
highest-temperature-in-beijing-on-june-6-2026,Beijing,degraded,depth_imbalance_1,120,activity_bucket,medium,11,0.9771312198204701,0.7856378665517604,0.09729318337812373,0.5645155520833994,0.00048066935093875074,-0.002758779398455072
highest-temperature-in-beijing-on-june-6-2026,Beijing,degraded,depth_imbalance_1,120,lifecycle_bucket,early,11,0.9663108583899198,0.7758119832350627,0.08036873768890045,0.5564901186344847,0.000658506356939906,-0.003182006364871595
highest-temperature-in-beijing-on-june-6-2026,Beijing,degraded,depth_imbalance_1,120,lifecycle_bucket,late,1,0.9017857142857143,0.7920792079207921,0.019893616424742383,0.49523809523809526,0.00021844404674173823,-0.000766336633663393
highest-temperature-in-beijing-on-june-6-2026,Beijing,degraded,depth_imbalance_1,120,lifecycle_bucket,mid,6,0.9960450356180307,0.7601634929295643,0.1570988296971327,0.5514312107269382,0.0004407942105427085,-0.002378018067241389
highest-temperature-in-beijing-on-june-6-2026,Beijing,degraded,depth_imbalance_1,120,overall,all,11,0.9680669579539529,0.7854312335460023,0.0899479602474746,0.5500102119645001,0.00044540462447255103,-0.0026008099338259393
highest-temperature-in-beijing-on-june-6-2026,Beijing,degraded,depth_imbalance_1,120,price_bucket,"(0.80,0.96]",1,1.0,0.6136197169157676,0.12779443983860325,0.5923088787208883,0.0026102575391636017,-0.008183324743289859
highest-temperature-in-beijing-on-june-6-2026,Beijing,degraded,depth_imbalance_1,120,price_bucket,"(0.96,1]",1,0.9850442567911283,0.5800454451559595,0.030407227134904097,0.4759490540373439,0.00022654987512726803,-0.004749598840519688
highest-temperature-in-beijing-on-june-6-2026,Beijing,degraded,depth_imbalance_1,120,price_bucket,"[0,0.04)",10,0.9664285753978069,0.7912551839698894,0.0943072588326368,0.5518547855753894,0.0002796950879711389,-0.001942612030242154
highest-temperature-in-beijing-on-june-6-2026,Beijing,degraded,depth_imbalance_1,120,price_bucket,"[0.04,0.20)",8,0.75,0.13394324797767276,0.4240850424168857,0.6986750588059025,0.001141142924036204,-0.006669809092708325
highest-temperature-in-beijing-on-june-6-2026,Beijing,degraded,depth_imbalance_1,120,price_bucket,"[0.20,0.80]",1,1.0,0.0,0.41173317146013944,0.8029197080291971,0.05374999999999997,-0.09664233576642334
highest-temperature-in-beijing-on-june-6-2026,Beijing,degraded,depth_imbalance_1,120,spread_bucket,medium,11,0.9632221337464089,0.8170978926109673,0.05927969356797243,0.556670616829987,4.362800934706453e-05,-0.0021804996272675337
highest-temperature-in-beijing-on-june-6-2026,Beijing,degraded,depth_imbalance_1,120,spread_bucket,tight,11,0.9962583870891142,0.7975060477965754,0.07781806457377312,0.5234141819674343,0.00048152413718020843,-0.0011723717193938372
highest-temperature-in-beijing-on-june-6-2026,Beijing,degraded,depth_imbalance_1,120,spread_bucket,wide,11,0.9447109456359892,0.7445508792675345,0.12928755138519402,0.5295925598558884,0.0009037316286640156,-0.0045368254912100435
highest-temperature-in-beijing-on-june-6-2026,Beijing,degraded,depth_imbalance_1,300,activity_bucket,high,11,0.9016556149882131,0.7111988099871671,0.10436500292117375,0.5012264198520882,0.00091058663915205,-0.0022661619179861984
highest-temperature-in-beijing-on-june-6-2026,Beijing,degraded,depth_imbalance_1,300,activity_bucket,low,11,0.967771729250067,0.7272011522208517,0.17708205117324252,0.6235881611761456,0.001682162863986312,-0.003045730660134066
highest-temperature-in-beijing-on-june-6-2026,Beijing,degraded,depth_imbalance_1,300,activity_bucket,medium,11,0.9688044475355002,0.7077255073868954,0.15650420971061077,0.6021176025599094,0.0010902545428328198,-0.0026276249499053318
highest-temperature-in-beijing-on-june-6-2026,Beijing,degraded,depth_imbalance_1,300,lifecycle_bucket,early,11,0.9610981260931454,0.700712063026739,0.13596849084877438,0.5979754966424647,0.001254368644256541,-0.003059408249223954
highest-temperature-in-beijing-on-june-6-2026,Beijing,degraded,depth_imbalance_1,300,lifecycle_bucket,late,1,0.7696428571428572,0.5916473317865429,0.20206992740086233,0.5227272727272727,0.0003547619047618657,-0.000738979118329496
highest-temperature-in-beijing-on-june-6-2026,Beijing,degraded,depth_imbalance_1,300,lifecycle_bucket,mid,6,0.9915855957463376,0.6712889357449819,0.2127465376843585,0.5459125552946693,0.001049159935749494,-0.002270922796969081
highest-temperature-in-beijing-on-june-6-2026,Beijing,degraded,depth_imbalance_1,300,price_bucket,"(0.80,0.96]",1,1.0,0.46774225477580916,0.23340189123550661,0.632289336316182,0.006503911146198365,-0.007334317884470529
highest-temperature-in-beijing-on-june-6-2026,Beijing,degraded,depth_imbalance_1,300,price_bucket,"(0.96,1]",1,0.9658663139688677,0.46358034444620005,0.0677157382472939,0.4460552268244576,0.001329030513443057,-0.004738042445359511
highest-temperature-in-beijing-on-june-6-2026,Beijing,degraded,depth_imbalance_1,300,price_bucket,"[0,0.04)",10,0.9594450849556454,0.7289352408805707,0.14368838848436122,0.5823257610878134,0.0004967211242066439,-0.0018694211560206931
highest-temperature-in-beijing-on-june-6-2026,Beijing,degraded,depth_imbalance_1,300,price_bucket,"[0.04,0.20)",8,0.5,0.16390027774103955,0.10693721941736824,0.5604682476202355,0.0012620064175970596,-0.013559095241927204
highest-temperature-in-beijing-on-june-6-2026,Beijing,degraded,depth_imbalance_1,300,price_bucket,"[0.20,0.80]",1,1.0,0.0,0.23919726538258354,0.7664233576642335,0.023177083333333334,-0.0880656934306569
highest-temperature-in-beijing-on-june-6-2026,Beijing,degraded,depth_imbalance_1,300,spread_bucket,medium,11,0.9501231246105163,0.7718844258747185,0.0913342783097706,0.5305298637161017,0.0004993696479190542,-0.002077940494114819
highest-temperature-in-beijing-on-june-6-2026,Beijing,degraded,depth_imbalance_1,300,spread_bucket,tight,11,0.9938164883169596,0.7269633898161986,0.17747107612052443,0.5494750152958732,0.001232631640824658,-0.0010590631221360186
highest-temperature-in-beijing-on-june-6-2026,Beijing,degraded,depth_imbalance_1,300,spread_bucket,wide,11,0.9401464821322207,0.6636354645218683,0.17498846046208627,0.545875092374888,0.0013759475764610638,-0.004364052861567848
highest-temperature-in-beijing-on-june-6-2026,Beijing,degraded,depth_imbalance_1,600,activity_bucket,high,11,0.8661546894160779,0.6897236194810441,0.167092387650531,0.5468952203222779,0.0012331284189452492,-0.0022678966763084356
highest-temperature-in-beijing-on-june-6-2026,Beijing,degraded,depth_imbalance_1,600,activity_bucket,low,11,0.9441797168547439,0.6154203973388686,0.2115970439295338,0.6119483845047158,0.0021381448001102322,-0.002884246234922753
highest-temperature-in-beijing-on-june-6-2026,Beijing,degraded,depth_imbalance_1,600,activity_bucket,medium,11,0.9504574042196707,0.6323882486001885,0.19333556044239242,0.5919742806833425,0.0015668204992635485,-0.0024867214214657324
highest-temperature-in-beijing-on-june-6-2026,Beijing,degraded,depth_imbalance_1,600,lifecycle_bucket,early,11,0.9385438679299188,0.6227921231178883,0.1629243701162003,0.5878286258841797,0.0016338337350270025,-0.0030212934155134656
highest-temperature-in-beijing-on-june-6-2026,Beijing,degraded,depth_imbalance_1,600,lifecycle_bucket,late,1,0.5321428571428571,0.40939597315436244,0.44409883262350547,0.5227272727272727,0.0004999999999999449,-0.0007818791946308974
highest-temperature-in-beijing-on-june-6-2026,Beijing,degraded,depth_imbalance_1,600,lifecycle_bucket,mid,6,0.9849370913554601,0.5940711475903632,0.29405852682289185,0.6071104672428587,0.001431960894491608,-0.002135460189946496
highest-temperature-in-beijing-on-june-6-2026,Beijing,degraded,depth_imbalance_1,600,overall,all,11,0.9388175425375723,0.6501461615391215,0.20573539115620895,0.6006012367290325,0.0013274737222062191,-0.0024310296385608543
highest-temperature-in-beijing-on-june-6-2026,Beijing,degraded,depth_imbalance_1,600,price_bucket,"(0.80,0.96]",1,1.0,0.38085717113728595,0.3118364135880588,0.6559005415104617,0.010527389677695145,-0.0063170122507235525
highest-temperature-in-beijing-on-june-6-2026,Beijing,degraded,depth_imbalance_1,600,price_bucket,"(0.96,1]",1,0.9450605351510836,0.31919474647432444,0.10670679689124991,0.5222566055701023,0.0011692821680463752,-0.0045130577888091465
highest-temperature-in-beijing-on-june-6-2026,Beijing,degraded,depth_imbalance_1,600,price_bucket,"[0,0.04)",10,0.9350558996921225,0.6654150030072958,0.20505704066789923,0.6037261642340609,0.0006593888857881845,-0.0018577218968734096
highest-temperature-in-beijing-on-june-6-2026,Beijing,degraded,depth_imbalance_1,600,price_bucket,"[0.04,0.20)",8,0.625,0.10864398133277911,-0.2158854052425335,0.6346758616681962,-0.002011857101721288,-0.005751032173192061
highest-temperature-in-beijing-on-june-6-2026,Beijing,degraded,depth_imbalance_1,600,price_bucket,"[0.20,0.80]",1,1.0,0.0,0.06381045029294309,0.7664233576642335,0.020804398148148162,-0.07682481751824816
highest-temperature-in-beijing-on-june-6-2026,Beijing,degraded,depth_imbalance_1,600,spread_bucket,medium,11,0.8933319713298122,0.7163423120038442,0.13003847535220264,0.561995732886192,0.0008525226377605281,-0.0020532624328988124
highest-temperature-in-beijing-on-june-6-2026,Beijing,degraded,depth_imbalance_1,600,spread_bucket,tight,11,0.9882712319875853,0.6647867123593186,0.2668603070410568,0.6055522633189229,0.001442669235873494,-0.0010460935786130781
highest-temperature-in-beijing-on-june-6-2026,Beijing,degraded,depth_imbalance_1,600,spread_bucket,wide,11,0.9348362477671857,0.5754888141442986,0.22269612779888756,0.5134781080593557,0.0018326574580827847,-0.004264396590738622
highest-temperature-in-beijing-on-june-6-2026,Beijing,degraded,depth_imbalance_1,900,activity_bucket,high,11,0.8445489237073087,0.6387705190516015,0.14047785949550032,0.49700926990518857,0.0012762955445333258,-0.0023664511412101
highest-temperature-in-beijing-on-june-6-2026,Beijing,degraded,depth_imbalance_1,900,activity_bucket,low,11,0.9239049291960607,0.5448921663869123,0.24139115731917296,0.6020766427006682,0.002353234747469329,-0.0029078878062930415
highest-temperature-in-beijing-on-june-6-2026,Beijing,degraded,depth_imbalance_1,900,activity_bucket,medium,11,0.9355585942971012,0.5663884769570386,0.2140735312266938,0.5903894372176539,0.002248285568573647,-0.0024181934367817405
highest-temperature-in-beijing-on-june-6-2026,Beijing,degraded,depth_imbalance_1,900,lifecycle_bucket,early,11,0.9225360730542369,0.5699619138563163,0.1625299684731262,0.5628028867123595,0.002119734931865203,-0.003117077512117411
highest-temperature-in-beijing-on-june-6-2026,Beijing,degraded,depth_imbalance_1,900,lifecycle_bucket,late,1,0.2892857142857143,0.0,0.9005987335862852,0.5679012345679012,0.0004999999999999449,-0.0009320987654321071
highest-temperature-in-beijing-on-june-6-2026,Beijing,degraded,depth_imbalance_1,900,lifecycle_bucket,mid,6,0.9787187175437161,0.5109116892362654,0.32291504636668505,0.5997747266984961,0.0016917337614880022,-0.0020479367758333006
highest-temperature-in-beijing-on-june-6-2026,Beijing,degraded,depth_imbalance_1,900,price_bucket,"(0.80,0.96]",1,0.9999802038998318,0.3458051233321455,0.2793347246149243,0.5898842354082066,0.012991480604155349,-0.006800931707800579
highest-temperature-in-beijing-on-june-6-2026,Beijing,degraded,depth_imbalance_1,900,price_bucket,"(0.96,1]",1,0.9331061145589582,0.30900070871722185,0.06634823963433181,0.5075217735550277,0.0013389541606181415,-0.004581293037490435
highest-temperature-in-beijing-on-june-6-2026,Beijing,degraded,depth_imbalance_1,900,price_bucket,"[0,0.04)",10,0.9157485719281784,0.59742089545575,0.2257246116582448,0.5990708120329177,0.0009159777201574447,-0.0018351772067401965
highest-temperature-in-beijing-on-june-6-2026,Beijing,degraded,depth_imbalance_1,900,price_bucket,"[0.04,0.20)",8,0.625,0.10059515937045364,-0.21652807134116347,0.6299030915867437,-0.0001598868761560606,-0.005633588081882653
highest-temperature-in-beijing-on-june-6-2026,Beijing,degraded,depth_imbalance_1,900,price_bucket,"[0.20,0.80]",1,1.0,0.0,0.048743159773054885,0.7664233576642335,-0.002552083333333399,-0.039671532846715304
highest-temperature-in-beijing-on-june-6-2026,Beijing,degraded,depth_imbalance_1,900,spread_bucket,medium,11,0.8495436319710575,0.6678170669118326,0.1302926904948785,0.5509384946510056,0.0011298114644007274,-0.0021693001937925817
highest-temperature-in-beijing-on-june-6-2026,Beijing,degraded,depth_imbalance_1,900,spread_bucket,tight,11,0.9807355281805418,0.603282720121078,0.30317181419483774,0.6095452158766234,0.0019557217989002247,-0.0009734176294708431
highest-temperature-in-beijing-on-june-6-2026,Beijing,degraded,depth_imbalance_1,900,spread_bucket,wide,11,0.9330157795625891,0.5055121252991396,0.17848426481080937,0.48418242094669534,0.002168702118726611,-0.004334553360325441
highest-temperature-in-beijing-on-june-6-2026,Beijing,degraded,depth_imbalance_3,30,overall,all,11,0.9871001553855369,0.8597467587929176,0.025318845972339025,0.5575791893548179,-0.00011444094459934182,-0.002884668909126251
highest-temperature-in-beijing-on-june-6-2026,Beijing,degraded,depth_imbalance_3,120,overall,all,11,0.9680669579539529,0.7854312335460023,0.03781279513991001,0.5382744567171837,0.0002726631438569919,-0.002620573659099103
highest-temperature-in-beijing-on-june-6-2026,Beijing,degraded,depth_imbalance_3,600,overall,all,11,0.9388175425375723,0.6501461615391215,0.08583566287865213,0.5469240513608047,0.001276543792828155,-0.002475136030365408
highest-temperature-in-beijing-on-june-6-2026,Beijing,degraded,depth_imbalance_5,30,overall,all,11,0.9871001553855369,0.8597467587929176,0.0111482382877095,0.5917104631109532,-8.920918833742151e-05,-0.0028611439922198974
highest-temperature-in-beijing-on-june-6-2026,Beijing,degraded,depth_imbalance_5,120,overall,all,11,0.9680669579539529,0.7854312335460023,0.011366512315819734,0.5644351265618066,0.00026879644080555413,-0.002618094216723981
highest-temperature-in-beijing-on-june-6-2026,Beijing,degraded,depth_imbalance_5,600,overall,all,11,0.9388175425375723,0.6501461615391215,0.047766197131127196,0.5478847684436924,0.001062810391925175,-0.002545819205914945
highest-temperature-in-beijing-on-june-6-2026,Beijing,degraded,depth_slope,30,overall,all,11,0.9871001553855369,0.8597467587929176,-0.01200708805210282,0.6354175296504739,7.652543859294705e-05,-0.0028119892488684805
highest-temperature-in-beijing-on-june-6-2026,Beijing,degraded,depth_slope,120,overall,all,11,0.9680669579539529,0.7854312335460023,0.005438131124536776,0.5933764135549244,8.16926561410626e-05,-0.002592565504962344
highest-temperature-in-beijing-on-june-6-2026,Beijing,degraded,depth_slope,600,overall,all,11,0.9388175425375723,0.6501461615391215,-0.0238406035140561,0.5476293447264592,-0.000185228536988288,-0.0025929723602239815
highest-temperature-in-beijing-on-june-6-2026,Beijing,degraded,distance_to_zero_one,30,overall,all,11,0.9871001553855369,0.8597467587929176,-0.10697138055096134,0.34965330384543997,-0.0006145891347662052,-0.0029582095425070773
highest-temperature-in-beijing-on-june-6-2026,Beijing,degraded,distance_to_zero_one,120,overall,all,11,0.9680669579539529,0.7854312335460023,-0.14210834466674738,0.39357124469827914,-0.0015018200322858622,-0.002718447914121622
highest-temperature-in-beijing-on-june-6-2026,Beijing,degraded,distance_to_zero_one,600,overall,all,11,0.9388175425375723,0.6501461615391215,-0.21723873268298452,0.42552507779756765,-0.00042894040557782967,-0.00275316275277178
highest-temperature-in-beijing-on-june-6-2026,Beijing,degraded,microprice_minus_mid,30,activity_bucket,high,11,0.9633819099967578,0.8203350924087018,-0.01857523961442967,0.4685265348000549,-3.393070627080734e-05,-0.0037005842925906603
highest-temperature-in-beijing-on-june-6-2026,Beijing,degraded,microprice_minus_mid,30,activity_bucket,low,11,0.9917410480736861,0.8936567193747293,0.10342046477714882,0.623502843318316,0.0010302266033514465,-0.003258172020697321
highest-temperature-in-beijing-on-june-6-2026,Beijing,degraded,microprice_minus_mid,30,activity_bucket,medium,11,0.9919019864848504,0.8722171153534675,0.08562063159464088,0.5831653183331099,0.00024346697010121978,-0.0028269454629704436
highest-temperature-in-beijing-on-june-6-2026,Beijing,degraded,microprice_minus_mid,30,lifecycle_bucket,early,11,0.9862514824237294,0.8549708502467575,0.07303271968379775,0.5548259536939472,0.00016976360615519458,-0.0034437608613693484
highest-temperature-in-beijing-on-june-6-2026,Beijing,degraded,microprice_minus_mid,30,lifecycle_bucket,late,1,0.975,0.9560439560439561,0.025945806853276434,0.5,5.1198699715557136e-05,-0.0007454212454212744
highest-temperature-in-beijing-on-june-6-2026,Beijing,degraded,microprice_minus_mid,30,lifecycle_bucket,mid,6,0.9982139567196017,0.8725467822305126,0.05620600556920682,0.561713031074679,0.0002445047245770401,-0.002447330620463746
highest-temperature-in-beijing-on-june-6-2026,Beijing,degraded,microprice_minus_mid,30,overall,all,11,0.9871001553855369,0.8597467587929176,0.05768948090809907,0.5514950806228175,5.076162015847804e-05,-0.0028361889932961458
highest-temperature-in-beijing-on-june-6-2026,Beijing,degraded,microprice_minus_mid,30,price_bucket,"(0.80,0.96]",1,0.9999208155993269,0.7560333392726337,0.0782281252018764,0.549633848657445,0.001447865831336422,-0.008594598878563935
highest-temperature-in-beijing-on-june-6-2026,Beijing,degraded,microprice_minus_mid,30,price_bucket,"(0.96,1]",1,0.9954217112625903,0.7148405560098119,0.02429064240457461,0.49847642946764653,0.00016129286139999116,-0.004772116318290995
highest-temperature-in-beijing-on-june-6-2026,Beijing,degraded,microprice_minus_mid,30,price_bucket,"[0,0.04)",10,0.9871652513311677,0.8631840908044147,0.06083162693491042,0.5564364115875631,-7.847910647382623e-05,-0.0021868627041180077
highest-temperature-in-beijing-on-june-6-2026,Beijing,degraded,microprice_minus_mid,30,price_bucket,"[0.04,0.20)",8,0.882694881231181,0.18952522535877914,0.389850292892548,0.8021054587935429,0.005311016606209592,-0.0025082131273862825
highest-temperature-in-beijing-on-june-6-2026,Beijing,degraded,microprice_minus_mid,30,price_bucket,"[0.20,0.80]",1,1.0,0.021739130434782608,0.09469620721607303,0.7925925925925926,0.03553240740740737,-0.11590579710144926
highest-temperature-in-beijing-on-june-6-2026,Beijing,degraded,microprice_minus_mid,30,spread_bucket,medium,11,0.9836555114850634,0.8817308223173914,0.1245034980689568,0.6079075074217135,1.7994419643682112e-05,-0.002183372214360427
highest-temperature-in-beijing-on-june-6-2026,Beijing,degraded,microprice_minus_mid,30,spread_bucket,tight,11,0.997340636249428,0.8808933883483916,0.02513129875497185,0.5368093995543194,0.00012297454037903276,-0.0012342255676751515
highest-temperature-in-beijing-on-june-6-2026,Beijing,degraded,microprice_minus_mid,30,spread_bucket,wide,11,0.9803026995727859,0.8164072668508141,0.10864157089845708,0.536025408596748,0.0005962977863588104,-0.005108456197845941
highest-temperature-in-beijing-on-june-6-2026,Beijing,degraded,microprice_minus_mid,60,activity_bucket,high,11,0.9323625665097679,0.8133745938385065,-0.013635676296510984,0.4630046379960872,-0.0009216117699257586,-0.0036674428224380373
highest-temperature-in-beijing-on-june-6-2026,Beijing,degraded,microprice_minus_mid,60,activity_bucket,low,11,0.9888621298049859,0.8689897375892901,0.10492649111041202,0.5922823723917584,0.0010396651308705587,-0.00326053548979839
highest-temperature-in-beijing-on-june-6-2026,Beijing,degraded,microprice_minus_mid,60,activity_bucket,medium,11,0.9837423372374517,0.8396538996820723,0.11007684254992837,0.5866866505504092,0.00034684961095720197,-0.002786096913438359
highest-temperature-in-beijing-on-june-6-2026,Beijing,degraded,microprice_minus_mid,60,lifecycle_bucket,early,11,0.9750544459951057,0.8258121287908594,0.08609767101637825,0.5541655992050023,-5.161607350625289e-06,-0.0033897936145453806
highest-temperature-in-beijing-on-june-6-2026,Beijing,degraded,microprice_minus_mid,60,lifecycle_bucket,late,1,0.95,0.900375939849624,0.027105264856868937,0.49056603773584906,9.345794392522335e-05,-0.0007528195488722086
highest-temperature-in-beijing-on-june-6-2026,Beijing,degraded,microprice_minus_mid,60,lifecycle_bucket,mid,6,0.997195991416524,0.8260937176979475,0.0632352928335612,0.5636839332964482,0.00032725596656946204,-0.002418283839604822
highest-temperature-in-beijing-on-june-6-2026,Beijing,degraded,microprice_minus_mid,60,price_bucket,"(0.80,0.96]",1,0.9999802038998318,0.6956091380607357,0.0875555361116366,0.5708887151420381,0.0020485054437301906,-0.008446625985655988
highest-temperature-in-beijing-on-june-6-2026,Beijing,degraded,microprice_minus_mid,60,price_bucket,"(0.96,1]",1,0.9918608200223827,0.6551441173453687,0.03696779268293857,0.49947939907779265,0.00020398964580406765,-0.004783633379494274
highest-temperature-in-beijing-on-june-6-2026,Beijing,degraded,microprice_minus_mid,60,price_bucket,"[0,0.04)",10,0.9754930531617951,0.836920403929617,0.07884214380756287,0.5582445109116183,-0.00034914034137967486,-0.002142162859632267
highest-temperature-in-beijing-on-june-6-2026,Beijing,degraded,microprice_minus_mid,60,price_bucket,"[0.04,0.20)",8,0.8724489795918368,0.15452434191097825,0.5702178766778299,0.7696735412714278,0.012279627458875314,-0.0037980741276577522
highest-temperature-in-beijing-on-june-6-2026,Beijing,degraded,microprice_minus_mid,60,price_bucket,"[0.20,0.80]",1,1.0,0.007246376811594203,0.22833496407143752,0.8029197080291971,0.043263888888888845,-0.10688405797101447
highest-temperature-in-beijing-on-june-6-2026,Beijing,degraded,microprice_minus_mid,60,spread_bucket,medium,11,0.9707260004248393,0.8595732114524531,0.12590284313866373,0.596180146928284,-1.4807877219271207e-05,-0.0021856459839877853
highest-temperature-in-beijing-on-june-6-2026,Beijing,degraded,microprice_minus_mid,60,spread_bucket,tight,11,0.996693911520622,0.8469996628139252,0.04003707620780264,0.5279325999300625,0.00024024963516519905,-0.0012117485197575952
highest-temperature-in-beijing-on-june-6-2026,Beijing,degraded,microprice_minus_mid,60,spread_bucket,wide,11,0.961879903023581,0.7895888481895406,0.12392807235054044,0.5397555977795861,0.0008644572960333208,-0.005042826966878257
highest-temperature-in-beijing-on-june-6-2026,Beijing,degraded,microprice_minus_mid,120,activity_bucket,high,11,0.9062350462681473,0.7804597101047407,0.05628854579083326,0.48337284335290887,0.00016378535255926269,-0.002396210086221684
highest-temperature-in-beijing-on-june-6-2026,Beijing,degraded,microprice_minus_mid,120,activity_bucket,low,11,0.9838563658467462,0.8265392829342979,0.13236602700589492,0.6376288799461779,0.0011369688518095419,-0.003228289222501025
highest-temperature-in-beijing-on-june-6-2026,Beijing,degraded,microprice_minus_mid,120,activity_bucket,medium,11,0.9771312198204701,0.7856378665517604,0.0888028295050935,0.5643733201069717,0.00028818560540216573,-0.0027611556948791377
highest-temperature-in-beijing-on-june-6-2026,Beijing,degraded,microprice_minus_mid,120,lifecycle_bucket,early,11,0.9663108583899198,0.7758119832350627,0.08632854461057751,0.5556002668233053,0.0004352074361486354,-0.0031859561098025665
highest-temperature-in-beijing-on-june-6-2026,Beijing,degraded,microprice_minus_mid,120,lifecycle_bucket,late,1,0.9017857142857143,0.7920792079207921,0.019893616424742383,0.49523809523809526,0.00021844404674173823,-0.000766336633663393
highest-temperature-in-beijing-on-june-6-2026,Beijing,degraded,microprice_minus_mid,120,lifecycle_bucket,mid,6,0.9960450356180307,0.7601634929295643,0.08123914997569899,0.5511922823502309,0.0005257759164274256,-0.0023785298849827636
highest-temperature-in-beijing-on-june-6-2026,Beijing,degraded,microprice_minus_mid,120,overall,all,11,0.9680669579539529,0.7854312335460023,0.07942973256210675,0.5495883500892534,0.00028646561542026256,-0.0026028043251723897
highest-temperature-in-beijing-on-june-6-2026,Beijing,degraded,microprice_minus_mid,120,price_bucket,"(0.80,0.96]",1,1.0,0.6136197169157676,0.129071521844021,0.5920525721326625,0.0031910511475235098,-0.008183437345220411
highest-temperature-in-beijing-on-june-6-2026,Beijing,degraded,microprice_minus_mid,120,price_bucket,"(0.96,1]",1,0.9850442567911283,0.5800454451559595,0.04537261121432221,0.4733735087935063,0.0004304781353838298,-0.00475781128957289
highest-temperature-in-beijing-on-june-6-2026,Beijing,degraded,microprice_minus_mid,120,price_bucket,"[0,0.04)",10,0.9664285753978069,0.7912551839698894,0.08370963576922227,0.5515352930423727,0.0001019228189449586,-0.0019451696276018581
highest-temperature-in-beijing-on-june-6-2026,Beijing,degraded,microprice_minus_mid,120,price_bucket,"[0.04,0.20)",8,0.75,0.13394324797767276,0.40156355405213584,0.698622563018353,0.0024587691916831775,-0.006670005560058545
highest-temperature-in-beijing-on-june-6-2026,Beijing,degraded,microprice_minus_mid,120,price_bucket,"[0.20,0.80]",1,1.0,0.0,0.38687030316952353,0.8043478260869565,0.05374999999999997,-0.09456521739130433
highest-temperature-in-beijing-on-june-6-2026,Beijing,degraded,microprice_minus_mid,120,spread_bucket,medium,11,0.9632221337464089,0.8170978926109673,0.07336517471853317,0.5565723019405928,5.7318962173645204e-05,-0.0021811929192806045
highest-temperature-in-beijing-on-june-6-2026,Beijing,degraded,microprice_minus_mid,120,spread_bucket,tight,11,0.9962583870891142,0.7975060477965754,0.0667644260096629,0.5231168691454187,0.00048590790517280086,-0.001172187667561973
highest-temperature-in-beijing-on-june-6-2026,Beijing,degraded,microprice_minus_mid,120,spread_bucket,wide,11,0.9447109456359892,0.7445508792675345,0.1543469760265065,0.5290781006547449,-0.0005308171460283238,-0.004538760767132056
highest-temperature-in-beijing-on-june-6-2026,Beijing,degraded,microprice_minus_mid,300,activity_bucket,high,11,0.9016556149882131,0.7111988099871671,0.12792162957875705,0.501013518326188,0.0005182542844628168,-0.00226631636233616
highest-temperature-in-beijing-on-june-6-2026,Beijing,degraded,microprice_minus_mid,300,activity_bucket,low,11,0.967771729250067,0.7272011522208517,0.17450479093034532,0.6246281424257654,0.0019509789511127815,-0.0030403823216579124
highest-temperature-in-beijing-on-june-6-2026,Beijing,degraded,microprice_minus_mid,300,activity_bucket,medium,11,0.9688044475355002,0.7077255073868954,0.13621389748242826,0.6025007403671563,0.000786611009168052,-0.0026282931483028716
highest-temperature-in-beijing-on-june-6-2026,Beijing,degraded,microprice_minus_mid,300,lifecycle_bucket,early,11,0.9610981260931454,0.700712063026739,0.1195159871871986,0.5974735592706958,0.000820976203450261,-0.003060637404591446
highest-temperature-in-beijing-on-june-6-2026,Beijing,degraded,microprice_minus_mid,300,lifecycle_bucket,late,1,0.7696428571428572,0.5916473317865429,0.20206992740086233,0.5227272727272727,0.0003547619047618657,-0.000738979118329496
highest-temperature-in-beijing-on-june-6-2026,Beijing,degraded,microprice_minus_mid,300,lifecycle_bucket,mid,6,0.9915855957463376,0.6712889357449819,0.1266664412649751,0.5459129071375153,0.0010565453486063457,-0.0022706344211708006
highest-temperature-in-beijing-on-june-6-2026,Beijing,degraded,microprice_minus_mid,300,price_bucket,"(0.80,0.96]",1,1.0,0.46774225477580916,0.21544135004606002,0.6320160899847295,0.005143080252455907,-0.007332679544328881
highest-temperature-in-beijing-on-june-6-2026,Beijing,degraded,microprice_minus_mid,300,price_bucket,"(0.96,1]",1,0.9658663139688677,0.46358034444620005,0.08759752103413962,0.4460919088766693,0.001474450280568514,-0.0047382808385125815
highest-temperature-in-beijing-on-june-6-2026,Beijing,degraded,microprice_minus_mid,300,price_bucket,"[0,0.04)",10,0.9594450849556454,0.7289352408805707,0.11978540143349689,0.5823083264752762,0.0003760320346427611,-0.0018707777606432469
highest-temperature-in-beijing-on-june-6-2026,Beijing,degraded,microprice_minus_mid,300,price_bucket,"[0.04,0.20)",8,0.5,0.16390027774103955,0.07675178660001657,0.5604755504050415,0.003814556613926262,-0.013558901493496115
highest-temperature-in-beijing-on-june-6-2026,Beijing,degraded,microprice_minus_mid,300,price_bucket,"[0.20,0.80]",1,1.0,0.0,0.4161879909053749,0.7681159420289855,0.023177083333333334,-0.08590579710144924
highest-temperature-in-beijing-on-june-6-2026,Beijing,degraded,microprice_minus_mid,300,spread_bucket,medium,11,0.9501231246105163,0.7718844258747185,0.13200851370850875,0.5306056951352599,0.0006119675899237879,-0.002078061128034904
highest-temperature-in-beijing-on-june-6-2026,Beijing,degraded,microprice_minus_mid,300,spread_bucket,tight,11,0.9938164883169596,0.7269633898161986,0.14505165775882378,0.5492748995421034,0.0012417880470084995,-0.0010590843691992168
highest-temperature-in-beijing-on-june-6-2026,Beijing,degraded,microprice_minus_mid,300,spread_bucket,wide,11,0.9401464821322207,0.6636354645218683,0.19056609430425375,0.5463433247919492,0.0006681129931204483,-0.00436192804137549
highest-temperature-in-beijing-on-june-6-2026,Beijing,degraded,microprice_minus_mid,600,activity_bucket,high,11,0.8661546894160779,0.6897236194810441,0.1487540834253261,0.5465747793922574,0.000708378809406829,-0.0022676622745777457
highest-temperature-in-beijing-on-june-6-2026,Beijing,degraded,microprice_minus_mid,600,activity_bucket,low,11,0.9441797168547439,0.6154203973388686,0.17844701944788366,0.6134887740810568,0.003108414017415449,-0.002876661491086392
highest-temperature-in-beijing-on-june-6-2026,Beijing,degraded,microprice_minus_mid,600,activity_bucket,medium,11,0.9504574042196707,0.6323882486001885,0.15589060554530484,0.592326601208745,0.0012961040618999378,-0.0024834555701305685
highest-temperature-in-beijing-on-june-6-2026,Beijing,degraded,microprice_minus_mid,600,lifecycle_bucket,early,11,0.9385438679299188,0.6227921231178883,0.12523673209809874,0.5874197536828617,0.0010450172331657951,-0.003018646765431972
highest-temperature-in-beijing-on-june-6-2026,Beijing,degraded,microprice_minus_mid,600,lifecycle_bucket,late,1,0.5321428571428571,0.40939597315436244,0.44409883262350547,0.5227272727272727,0.0004999999999999449,-0.0007818791946308974
highest-temperature-in-beijing-on-june-6-2026,Beijing,degraded,microprice_minus_mid,600,lifecycle_bucket,mid,6,0.9849370913554601,0.5940711475903632,0.14690973774872304,0.6070147841140399,0.001436020107907121,-0.002134749615359068
highest-temperature-in-beijing-on-june-6-2026,Beijing,degraded,microprice_minus_mid,600,overall,all,11,0.9388175425375723,0.6501461615391215,0.14632364370812476,0.6004091151889797,0.0010156811621883006,-0.0024297169844777486
highest-temperature-in-beijing-on-june-6-2026,Beijing,degraded,microprice_minus_mid,600,price_bucket,"(0.80,0.96]",1,1.0,0.38085717113728595,0.3162325818403402,0.6554936611601998,0.008918136784675472,-0.006318583457157015
highest-temperature-in-beijing-on-june-6-2026,Beijing,degraded,microprice_minus_mid,600,price_bucket,"(0.96,1]",1,0.9450605351510836,0.31919474647432444,0.10988616091130435,0.5220210326559659,0.0015794951698545334,-0.004504521720406951
highest-temperature-in-beijing-on-june-6-2026,Beijing,degraded,microprice_minus_mid,600,price_bucket,"[0,0.04)",10,0.9350558996921225,0.6654150030072958,0.13656038515970464,0.6035617770111922,0.0003298930195201104,-0.0018573836956768668
highest-temperature-in-beijing-on-june-6-2026,Beijing,degraded,microprice_minus_mid,600,price_bucket,"[0.04,0.20)",8,0.625,0.10864398133277911,-0.23877549485760635,0.6347442077862441,0.001198970520591038,-0.00575047562980883
highest-temperature-in-beijing-on-june-6-2026,Beijing,degraded,microprice_minus_mid,600,price_bucket,"[0.20,0.80]",1,1.0,0.0,0.378163745976191,0.7681159420289855,0.020804398148148162,-0.07398550724637679
highest-temperature-in-beijing-on-june-6-2026,Beijing,degraded,microprice_minus_mid,600,spread_bucket,medium,11,0.8933319713298122,0.7163423120038442,0.1445956505751313,0.5620515270010764,0.0009881539621981051,-0.0020526665574038716
highest-temperature-in-beijing-on-june-6-2026,Beijing,degraded,microprice_minus_mid,600,spread_bucket,tight,11,0.9882712319875853,0.6647867123593186,0.21745788888224996,0.605341371054512,0.0011924085053484014,-0.001046422208692424
highest-temperature-in-beijing-on-june-6-2026,Beijing,degraded,microprice_minus_mid,600,spread_bucket,wide,11,0.9348362477671857,0.5754888141442986,0.21104894503537447,0.5144936544285762,0.0011438722200522318,-0.004257142876754137
highest-temperature-in-beijing-on-june-6-2026,Beijing,degraded,microprice_minus_mid,900,activity_bucket,high,11,0.8445489237073087,0.6387705190516015,0.0740439566998825,0.4973193027230538,0.0007018424674878578,-0.002365232885973813
highest-temperature-in-beijing-on-june-6-2026,Beijing,degraded,microprice_minus_mid,900,activity_bucket,low,11,0.9239049291960607,0.5448921663869123,0.17554146572278426,0.6035583501770109,0.003231795634254557,-0.00290072857226943
highest-temperature-in-beijing-on-june-6-2026,Beijing,degraded,microprice_minus_mid,900,activity_bucket,medium,11,0.9355585942971012,0.5663884769570386,0.15135630952552326,0.5913680980980315,0.001715937436622259,-0.002412505846338038
highest-temperature-in-beijing-on-june-6-2026,Beijing,degraded,microprice_minus_mid,900,lifecycle_bucket,early,11,0.9225360730542369,0.5699619138563163,0.1006403758228576,0.5636117666303926,0.0012320821142527568,-0.003111499667627054
highest-temperature-in-beijing-on-june-6-2026,Beijing,degraded,microprice_minus_mid,900,lifecycle_bucket,late,1,0.2892857142857143,0.0,0.9005987335862852,0.5679012345679012,0.0004999999999999449,-0.0009320987654321071
highest-temperature-in-beijing-on-june-6-2026,Beijing,degraded,microprice_minus_mid,900,lifecycle_bucket,mid,6,0.9787187175437161,0.5109116892362654,0.15243469071019022,0.5997181663727015,0.001597288581969002,-0.0020476339401243166
highest-temperature-in-beijing-on-june-6-2026,Beijing,degraded,microprice_minus_mid,900,price_bucket,"(0.80,0.96]",1,0.9999802038998318,0.3458051233321455,0.2661875077065544,0.5897598934205347,0.009538542703125577,-0.006802591433213144
highest-temperature-in-beijing-on-june-6-2026,Beijing,degraded,microprice_minus_mid,900,price_bucket,"(0.96,1]",1,0.9331061145589582,0.30900070871722185,0.043479041643909457,0.5073378570301404,0.0014446426246497817,-0.004574910042525351
highest-temperature-in-beijing-on-june-6-2026,Beijing,degraded,microprice_minus_mid,900,price_bucket,"[0,0.04)",10,0.9157485719281784,0.59742089545575,0.1303462819236203,0.5995360984863274,0.0004202629832834023,-0.0018332322914950516
highest-temperature-in-beijing-on-june-6-2026,Beijing,degraded,microprice_minus_mid,900,price_bucket,"[0.04,0.20)",8,0.625,0.10059515937045364,-0.2497998232287754,0.6299704374770221,0.001852585288114458,-0.005632892496373452
highest-temperature-in-beijing-on-june-6-2026,Beijing,degraded,microprice_minus_mid,900,price_bucket,"[0.20,0.80]",1,1.0,0.0,0.09517915894391792,0.7681159420289855,-0.002552083333333399,-0.03695652173913041
highest-temperature-in-beijing-on-june-6-2026,Beijing,degraded,microprice_minus_mid,900,spread_bucket,medium,11,0.8495436319710575,0.6678170669118326,0.09765181932775877,0.5509981920849973,0.001128012649001955,-0.0021686371017117837
highest-temperature-in-beijing-on-june-6-2026,Beijing,degraded,microprice_minus_mid,900,spread_bucket,tight,11,0.9807355281805418,0.603282720121078,0.27060045821532297,0.6093852114009971,0.0014795637732663962,-0.0009740895543436672
highest-temperature-in-beijing-on-june-6-2026,Beijing,degraded,microprice_minus_mid,900,spread_bucket,wide,11,0.9330157795625891,0.5055121252991396,0.15620142657422972,0.4863897523112364,0.001329620923682346,-0.0043230672954817214
highest-temperature-in-beijing-on-june-6-2026,Beijing,degraded,spread,30,overall,all,11,0.9871001553855369,0.8597467587929176,-0.10437935397637804,0.34965330384543997,-0.0005043019868383824,-0.0029582095425070773
highest-temperature-in-beijing-on-june-6-2026,Beijing,degraded,spread,120,overall,all,11,0.9680669579539529,0.7854312335460023,-0.12361727336172496,0.39357124469827914,-0.0014811119898872826,-0.002718447914121622
highest-temperature-in-beijing-on-june-6-2026,Beijing,degraded,spread,600,overall,all,11,0.9388175425375723,0.6501461615391215,-0.14516691514185476,0.42552507779756765,-0.0009771993209980164,-0.00275316275277178
highest-temperature-in-beijing-on-june-6-2026,Beijing,degraded,tick_size_regime,30,overall,all,11,0.9871001553855369,0.8597467587929176,-0.0640841228280531,0.34965330384543997,,-0.0029582095425070773
highest-temperature-in-beijing-on-june-6-2026,Beijing,degraded,tick_size_regime,120,overall,all,11,0.9680669579539529,0.7854312335460023,-0.02838078164850674,0.39357124469827914,,-0.002718447914121622
highest-temperature-in-beijing-on-june-6-2026,Beijing,degraded,tick_size_regime,600,overall,all,11,0.9388175425375723,0.6501461615391215,0.011617402633950738,0.42552507779756765,,-0.00275316275277178
highest-temperature-in-beijing-on-june-6-2026,Beijing,degraded,top_level_depth,30,overall,all,11,0.9871001553855369,0.8597467587929176,0.043136690099237956,0.34965330384543997,-0.0001690730599605849,-0.0029582095425070773
highest-temperature-in-beijing-on-june-6-2026,Beijing,degraded,top_level_depth,120,overall,all,11,0.9680669579539529,0.7854312335460023,0.0027881174566341815,0.39357124469827914,-0.00017014153272868412,-0.002718447914121622
highest-temperature-in-beijing-on-june-6-2026,Beijing,degraded,top_level_depth,600,overall,all,11,0.9388175425375723,0.6501461615391215,0.06097536181822641,0.42552507779756765,0.0001840646354505566,-0.00275316275277178
highest-temperature-in-busan-on-june-6-2026,Busan,clean,bid_ask_liquidity_asymmetry,30,overall,all,11,0.9978602143399393,0.7729807309548637,0.0435960630833164,0.5331647452907768,7.553552532362632e-05,-0.0108470700886494
highest-temperature-in-busan-on-june-6-2026,Busan,clean,bid_ask_liquidity_asymmetry,120,overall,all,11,0.9921074922801371,0.6808920750510946,0.03929494970544198,0.5098888241125056,-0.00022678997973388912,-0.01084300339085154
highest-temperature-in-busan-on-june-6-2026,Busan,clean,bid_ask_liquidity_asymmetry,600,overall,all,11,0.978794603404376,0.567645949715641,0.07065317115908233,0.5474282379478596,0.00025138074883768294,-0.01055834842703313
highest-temperature-in-busan-on-june-6-2026,Busan,clean,depth_concentration,30,overall,all,11,0.9978602143399393,0.7729807309548637,0.0012760885234196855,0.46945303218372825,5.6078883444519004e-05,-0.010995210868887021
highest-temperature-in-busan-on-june-6-2026,Busan,clean,depth_concentration,120,overall,all,11,0.9921074922801371,0.6808920750510946,0.00378676060006905,0.4254921573617823,0.0001883619489417822,-0.011048970111554883
highest-temperature-in-busan-on-june-6-2026,Busan,clean,depth_concentration,600,overall,all,11,0.978794603404376,0.567645949715641,0.027117150713399055,0.4276581409242066,-0.00013420262452331695,-0.011276820174729101
highest-temperature-in-busan-on-june-6-2026,Busan,clean,depth_imbalance_1,30,activity_bucket,high,11,0.9976045789012802,0.743528973081263,0.04759570030082572,0.5910929335757555,0.00042271985212291216,-0.011342266135761144
highest-temperature-in-busan-on-june-6-2026,Busan,clean,depth_imbalance_1,30,activity_bucket,low,11,0.9990442136287835,0.8885117628938711,0.08138311456488408,0.6094731417166724,0.0005843274111340909,-0.00942606684479776
highest-temperature-in-busan-on-june-6-2026,Busan,clean,depth_imbalance_1,30,activity_bucket,medium,11,0.9983025516404258,0.8533525917301059,0.055244044853169055,0.588391927617484,0.00031360614643843724,-0.008318254962228428
highest-temperature-in-busan-on-june-6-2026,Busan,clean,depth_imbalance_1,30,lifecycle_bucket,early,11,0.9995437442902357,0.7991048644180442,0.03752602149272053,0.5213131771511675,-0.00011809836234576522,-0.010021862174187421
highest-temperature-in-busan-on-june-6-2026,Busan,clean,depth_imbalance_1,30,lifecycle_bucket,late,1,0.5714285714285714,1.0,,,,-0.000500000000000056
highest-temperature-in-busan-on-june-6-2026,Busan,clean,depth_imbalance_1,30,lifecycle_bucket,mid,11,0.9970471022701567,0.7801845356245881,0.057950990592702395,0.5922597353253124,0.00044610037628495665,-0.010479664549446809
highest-temperature-in-busan-on-june-6-2026,Busan,clean,depth_imbalance_1,30,overall,all,11,0.9978602143399393,0.7729807309548637,0.05104371226504325,0.5848562352984766,0.0005020838503933798,-0.010785061527549496
highest-temperature-in-busan-on-june-6-2026,Busan,clean,depth_imbalance_1,30,price_bucket,"(0.80,0.96]",1,1.0,0.6604724409448819,0.01863440523094094,0.6848466067555005,0.0003714113364534589,-0.011325275880189173
highest-temperature-in-busan-on-june-6-2026,Busan,clean,depth_imbalance_1,30,price_bucket,"(0.96,1]",1,0.9983974358974359,0.43463527733190654,-0.15380930953599925,0.41576354679802957,-0.0017441391084455401,-0.005798165137614677
highest-temperature-in-busan-on-june-6-2026,Busan,clean,depth_imbalance_1,30,price_bucket,"[0,0.04)",10,0.9967465845004334,0.8918441825756851,0.09710747578282371,0.6079547886675589,0.00020188936028999062,-0.0023065483816262083
highest-temperature-in-busan-on-june-6-2026,Busan,clean,depth_imbalance_1,30,price_bucket,"[0.04,0.20)",7,0.9971743430347555,0.5817406360881102,0.20613169108344134,0.602483945987317,0.0028671901014715863,-0.037520414563891755
highest-temperature-in-busan-on-june-6-2026,Busan,clean,depth_imbalance_1,30,price_bucket,"[0.20,0.80]",6,0.8984999487787387,0.5165897759845607,-0.014241515297984966,0.6760893066542623,0.011767287849283258,-0.13142846139564335
highest-temperature-in-busan-on-june-6-2026,Busan,clean,depth_imbalance_1,30,spread_bucket,medium,11,0.9989163154726068,0.7963046961766267,0.09009402934816248,0.6312771005968444,0.000875314459468007,-0.007655041261722451
highest-temperature-in-busan-on-june-6-2026,Busan,clean,depth_imbalance_1,30,spread_bucket,tight,11,0.9968889210690034,0.8833236194156193,0.10455367106811368,0.5951659816499617,0.0006147945579526985,-0.0028323777655178857
highest-temperature-in-busan-on-june-6-2026,Busan,clean,depth_imbalance_1,30,spread_bucket,wide,11,0.9977753876569185,0.6396509424334214,0.04670586380669505,0.5618593711933403,0.0003251023928892273,-0.022005165332846823
highest-temperature-in-busan-on-june-6-2026,Busan,clean,depth_imbalance_1,60,activity_bucket,high,11,0.994350821520423,0.704632181028849,0.03251660716147737,0.5784840903346106,0.00062554638533705,-0.011364176373545282
highest-temperature-in-busan-on-june-6-2026,Busan,clean,depth_imbalance_1,60,activity_bucket,low,11,0.9987057469919278,0.8508947852676741,0.08218365665135896,0.593714805963094,0.0008021559038402477,-0.009344259245503026
highest-temperature-in-busan-on-june-6-2026,Busan,clean,depth_imbalance_1,60,activity_bucket,medium,11,0.9971564669460601,0.8114738572574987,0.049494960381291614,0.5735605328872089,0.00053298800898039,-0.008240580773368832
highest-temperature-in-busan-on-june-6-2026,Busan,clean,depth_imbalance_1,60,lifecycle_bucket,early,11,0.9991969937505206,0.7522043024008888,0.036422094884328494,0.5164111259361516,0.00011083424255542993,-0.00996425397433465
highest-temperature-in-busan-on-june-6-2026,Busan,clean,depth_imbalance_1,60,lifecycle_bucket,late,1,0.5714285714285714,1.0,,,,-0.000500000000000056
highest-temperature-in-busan-on-june-6-2026,Busan,clean,depth_imbalance_1,60,lifecycle_bucket,mid,11,0.9936021700343272,0.7443513992922545,0.04134564461102116,0.5658723557607848,0.0007204207044740274,-0.01045791652989078
highest-temperature-in-busan-on-june-6-2026,Busan,clean,depth_imbalance_1,60,price_bucket,"(0.80,0.96]",1,1.0,0.5778477690288714,-0.010250404069784993,0.6768809167912307,0.0020713468538741736,-0.01109826589595375
highest-temperature-in-busan-on-june-6-2026,Busan,clean,depth_imbalance_1,60,price_bucket,"(0.96,1]",1,0.9983974358974359,0.3873729266987694,0.09063886742717545,0.5395292697646349,0.0010526656641704315,-0.005075454034824949
highest-temperature-in-busan-on-june-6-2026,Busan,clean,depth_imbalance_1,60,price_bucket,"[0,0.04)",10,0.9943890848786646,0.8487716366096464,0.10974312890660361,0.5993814020175398,0.00030145900880063987,-0.0022061825848819043
highest-temperature-in-busan-on-june-6-2026,Busan,clean,depth_imbalance_1,60,price_bucket,"[0.04,0.20)",7,0.9918661445929036,0.4640973803291294,0.12075341717839824,0.6356376757235146,0.0042782122022754655,-0.031130805229257718
highest-temperature-in-busan-on-june-6-2026,Busan,clean,depth_imbalance_1,60,price_bucket,"[0.20,0.80]",6,0.8630226397974564,0.360696730567325,0.09334924224399291,0.6688589222492762,-0.005506220913698675,-0.12966090305145853
highest-temperature-in-busan-on-june-6-2026,Busan,clean,depth_imbalance_1,60,spread_bucket,medium,11,0.9970777023049386,0.7661049977974358,0.07770950881620305,0.6203881960561684,0.00110219170566331,-0.007593200381284782
highest-temperature-in-busan-on-june-6-2026,Busan,clean,depth_imbalance_1,60,spread_bucket,tight,11,0.9955728661025645,0.8516435689847516,0.10832405554922173,0.5823634849601105,0.0010006743495711982,-0.002639018561581021
highest-temperature-in-busan-on-june-6-2026,Busan,clean,depth_imbalance_1,60,spread_bucket,wide,11,0.9938384108004678,0.5819732606768054,0.05318573571861974,0.5527835820464144,0.0005850848962863494,-0.022288642034207586
highest-temperature-in-busan-on-june-6-2026,Busan,clean,depth_imbalance_1,120,activity_bucket,high,11,0.988659214050655,0.6550235835733887,0.051535185409091036,0.5788718014037262,0.0006325854733301163,-0.011434641232532
highest-temperature-in-busan-on-june-6-2026,Busan,clean,depth_imbalance_1,120,activity_bucket,low,11,0.9972909972148476,0.7977506921298066,0.08286762191951222,0.5732057402887741,0.0015106824005523612,-0.009104075066969143
highest-temperature-in-busan-on-june-6-2026,Busan,clean,depth_imbalance_1,120,activity_bucket,medium,11,0.9955653914730097,0.7578624409967805,0.05063255180663502,0.5567536520821471,0.000840493282948552,-0.008132195792172479
highest-temperature-in-busan-on-june-6-2026,Busan,clean,depth_imbalance_1,120,lifecycle_bucket,early,11,0.9988407966165792,0.6952579685222573,0.02908170154118852,0.49952545294712924,0.0003533135918366134,-0.009943115293400868
highest-temperature-in-busan-on-june-6-2026,Busan,clean,depth_imbalance_1,120,lifecycle_bucket,late,1,0.47619047619047616,1.0,,,,-0.000500000000000056
highest-temperature-in-busan-on-june-6-2026,Busan,clean,depth_imbalance_1,120,lifecycle_bucket,mid,11,0.9889338265026804,0.6937228940330978,0.05444637369208558,0.5600175276922194,0.0007046966544474979,-0.01047600410003584
highest-temperature-in-busan-on-june-6-2026,Busan,clean,depth_imbalance_1,120,overall,all,11,0.9921074922801371,0.6808920750510946,0.05177766635388375,0.5655301859393332,0.0008360099326935371,-0.010795532322350166
highest-temperature-in-busan-on-june-6-2026,Busan,clean,depth_imbalance_1,120,price_bucket,"(0.80,0.96]",1,1.0,0.4769553805774278,-0.14059479037269712,0.6008040201005025,0.0004163036921477276,-0.01161639516552811
highest-temperature-in-busan-on-june-6-2026,Busan,clean,depth_imbalance_1,120,price_bucket,"(0.96,1]",1,0.9980413105413105,0.23496877787689563,0.32277735998358786,0.5874815179891573,0.003927631001712155,-0.0043766622963101855
highest-temperature-in-busan-on-june-6-2026,Busan,clean,depth_imbalance_1,120,price_bucket,"[0,0.04)",10,0.9879645374539056,0.7903518560500274,0.12363336354171159,0.5696385549454257,0.0005592477760721901,-0.0021438122046857832
highest-temperature-in-busan-on-june-6-2026,Busan,clean,depth_imbalance_1,120,price_bucket,"[0.04,0.20)",7,0.9915230291042667,0.38759571859901376,0.13674797306965655,0.640346256710268,0.0048589825459537245,-0.031111361093039407
highest-temperature-in-busan-on-june-6-2026,Busan,clean,depth_imbalance_1,120,price_bucket,"[0.20,0.80]",6,0.8280599825359891,0.266997644138699,0.02618138201585457,0.6108368528563235,-0.0012918422817550662,-0.06810010415163786
highest-temperature-in-busan-on-june-6-2026,Busan,clean,depth_imbalance_1,120,spread_bucket,medium,11,0.9937989227739567,0.7225168918611634,0.08798030018034596,0.6148043186008927,0.0012169222662198236,-0.007512320554858476
highest-temperature-in-busan-on-june-6-2026,Busan,clean,depth_imbalance_1,120,spread_bucket,tight,11,0.9926142256080225,0.8046789921279348,0.12173825739860933,0.5919640093486642,0.0013490071344280856,-0.0024395838084605823
highest-temperature-in-busan-on-june-6-2026,Busan,clean,depth_imbalance_1,120,spread_bucket,wide,11,0.9899092519297331,0.5158239491375787,0.06427497408687474,0.5406374787637613,0.00045226716379677504,-0.02264246541134911
highest-temperature-in-busan-on-june-6-2026,Busan,clean,depth_imbalance_1,300,activity_bucket,high,11,0.9783575642931903,0.598540978950556,0.08303770582344032,0.5690785438355266,0.0017015045494150306,-0.011611905833219466
highest-temperature-in-busan-on-june-6-2026,Busan,clean,depth_imbalance_1,300,activity_bucket,low,11,0.9936085838034615,0.7171292506600078,0.09487916374794068,0.5754975775301223,0.0024284401079012995,-0.008939806061072912
highest-temperature-in-busan-on-june-6-2026,Busan,clean,depth_imbalance_1,300,activity_bucket,medium,11,0.9916610844484189,0.6824743696700643,0.06026740144931906,0.556393021220789,0.001728677603619655,-0.007912159758843913
highest-temperature-in-busan-on-june-6-2026,Busan,clean,depth_imbalance_1,300,lifecycle_bucket,early,11,0.9980937594103058,0.6305946918292691,0.03381801048882194,0.4908086685526907,0.0017635732827739952,-0.009618072946820554
highest-temperature-in-busan-on-june-6-2026,Busan,clean,depth_imbalance_1,300,lifecycle_bucket,late,1,0.2857142857142857,1.0,,,,-0.000500000000000056
highest-temperature-in-busan-on-june-6-2026,Busan,clean,depth_imbalance_1,300,lifecycle_bucket,mid,11,0.9784555349187223,0.6322215406219557,0.06679761518743929,0.5507209106177126,0.0012782710926205027,-0.01068234733425155
highest-temperature-in-busan-on-june-6-2026,Busan,clean,depth_imbalance_1,300,price_bucket,"(0.80,0.96]",1,1.0,0.3163254593175853,-0.06224726526399679,0.5595695618754803,0.0020326822672907334,-0.012870993168681039
highest-temperature-in-busan-on-june-6-2026,Busan,clean,depth_imbalance_1,300,price_bucket,"(0.96,1]",1,0.9973290598290598,0.1817532583467238,0.2950000682561944,0.5249015520037063,0.007443761643888496,-0.00324967197750703
highest-temperature-in-busan-on-june-6-2026,Busan,clean,depth_imbalance_1,300,price_bucket,"[0,0.04)",10,0.9720631593067018,0.7254104709259839,0.1529960680284913,0.5525360235965151,0.001295594456905767,-0.0020957342386884337
highest-temperature-in-busan-on-june-6-2026,Busan,clean,depth_imbalance_1,300,price_bucket,"[0.04,0.20)",7,0.9846001695394179,0.19592485083125682,0.26315704633055803,0.6782497159093028,0.009573970644964859,-0.02055074474026988
highest-temperature-in-busan-on-june-6-2026,Busan,clean,depth_imbalance_1,300,price_bucket,"[0.20,0.80]",6,0.8262174295580555,0.19529939023353785,0.028333386545465883,0.6102728519710757,-0.0036617616836120705,-0.06567384550000027
highest-temperature-in-busan-on-june-6-2026,Busan,clean,depth_imbalance_1,300,spread_bucket,medium,11,0.991258717811882,0.6396819486733442,0.129063811687538,0.6212665832469583,0.0015670937504628423,-0.007524908966564497
highest-temperature-in-busan-on-june-6-2026,Busan,clean,depth_imbalance_1,300,spread_bucket,tight,11,0.9827847894609434,0.7503291323075996,0.145630080155786,0.6067414013833224,0.0020494353559191362,-0.002134815240135863
highest-temperature-in-busan-on-june-6-2026,Busan,clean,depth_imbalance_1,300,spread_bucket,wide,11,0.9803092904739752,0.4614520201334548,0.06578987334483745,0.5194572938556024,0.003038138867781764,-0.023050070182184548
highest-temperature-in-busan-on-june-6-2026,Busan,clean,depth_imbalance_1,600,activity_bucket,high,11,0.9704844813904963,0.5634960011274268,0.11686040761785418,0.596984749965544,0.0032618164730402145,-0.011514815196183657
highest-temperature-in-busan-on-june-6-2026,Busan,clean,depth_imbalance_1,600,activity_bucket,low,11,0.987827238590519,0.655813128854154,0.07937264785489533,0.5474665055153327,0.0032299714546843977,-0.008768190220453102
highest-temperature-in-busan-on-june-6-2026,Busan,clean,depth_imbalance_1,600,activity_bucket,medium,11,0.9862097677941045,0.6149504106203195,0.07525801635401777,0.5596771584210511,0.0029663653895788786,-0.007736092180644164
highest-temperature-in-busan-on-june-6-2026,Busan,clean,depth_imbalance_1,600,lifecycle_bucket,early,11,0.9958661050198743,0.5565289009114583,0.0690570048472774,0.507805864003187,0.004101480399240085,-0.009235102435140863
highest-temperature-in-busan-on-june-6-2026,Busan,clean,depth_imbalance_1,600,lifecycle_bucket,late,1,0.0,,,,,
highest-temperature-in-busan-on-june-6-2026,Busan,clean,depth_imbalance_1,600,lifecycle_bucket,mid,11,0.9709341306049442,0.5917452764341303,0.10414867032037396,0.5733593912442164,0.001755559332790254,-0.010843172798345084
highest-temperature-in-busan-on-june-6-2026,Busan,clean,depth_imbalance_1,600,overall,all,11,0.978794603404376,0.567645949715641,0.08641219321367134,0.5675179600278022,0.0037834090734417654,-0.010729031892352203
highest-temperature-in-busan-on-june-6-2026,Busan,clean,depth_imbalance_1,600,price_bucket,"(0.80,0.96]",1,1.0,0.21511811023622046,0.1418108660321799,0.5676399678542727,0.00550328861154447,-0.015355281135049928
highest-temperature-in-busan-on-june-6-2026,Busan,clean,depth_imbalance_1,600,price_bucket,"(0.96,1]",1,0.9951923076923077,0.1202361782071927,0.54660910775503,0.6106213717480112,0.010814158222954708,-0.0014316175089235364
highest-temperature-in-busan-on-june-6-2026,Busan,clean,depth_imbalance_1,600,price_bucket,"[0,0.04)",10,0.9530268246432417,0.6614773456967702,0.13883148892355654,0.5511590678655918,0.00115454346041752,-0.0022816961684956802
highest-temperature-in-busan-on-june-6-2026,Busan,clean,depth_imbalance_1,600,price_bucket,"[0.04,0.20)",7,0.9963064626811448,0.11988511628955949,0.24622919131924145,0.666633702795757,0.013671874851167184,-0.0213252624439294
highest-temperature-in-busan-on-june-6-2026,Busan,clean,depth_imbalance_1,600,price_bucket,"[0.20,0.80]",6,0.8284265169165185,0.14712999540353414,0.13890937605692777,0.6124532963888364,0.0073090867121295144,-0.056659664223085306
highest-temperature-in-busan-on-june-6-2026,Busan,clean,depth_imbalance_1,600,spread_bucket,medium,11,0.9886616677554407,0.6089236728511045,0.20600042798700857,0.6050492951311995,0.0028827737808718723,-0.007164172897364579
highest-temperature-in-busan-on-june-6-2026,Busan,clean,depth_imbalance_1,600,spread_bucket,tight,11,0.9767308032692298,0.6967962959155153,0.17711943522610413,0.5979464663641498,0.005032089733642404,-0.0014102479273434127
highest-temperature-in-busan-on-june-6-2026,Busan,clean,depth_imbalance_1,600,spread_bucket,wide,11,0.9709919030201768,0.3998069610996295,0.09510237721896447,0.5295928037022559,0.005301922132606178,-0.023585380668325107
highest-temperature-in-busan-on-june-6-2026,Busan,clean,depth_imbalance_1,900,activity_bucket,high,11,0.962571566349698,0.5136002691518743,0.08887840960511627,0.5728715466753727,0.0029687484664496057,-0.011577227190763527
highest-temperature-in-busan-on-june-6-2026,Busan,clean,depth_imbalance_1,900,activity_bucket,low,11,0.9828033029996672,0.6048612622403429,0.06585918275967752,0.5254621186120645,0.003875801948400272,-0.008532487922432847
highest-temperature-in-busan-on-june-6-2026,Busan,clean,depth_imbalance_1,900,activity_bucket,medium,11,0.9803581677790429,0.5646613801438178,0.09743612307137686,0.5565732324123359,0.004308749935498109,-0.007462880534658545
highest-temperature-in-busan-on-june-6-2026,Busan,clean,depth_imbalance_1,900,lifecycle_bucket,early,11,0.9946980189628711,0.5167103127052429,0.09059491672592666,0.5054188342217353,0.00438451920242857,-0.008929837502482925
highest-temperature-in-busan-on-june-6-2026,Busan,clean,depth_imbalance_1,900,lifecycle_bucket,late,1,0.0,,,,,
highest-temperature-in-busan-on-june-6-2026,Busan,clean,depth_imbalance_1,900,lifecycle_bucket,mid,11,0.9614487115709607,0.5412403721883958,0.072301429607554,0.5505399151968391,0.0019524030263215841,-0.011074437338091901
highest-temperature-in-busan-on-june-6-2026,Busan,clean,depth_imbalance_1,900,price_bucket,"(0.80,0.96]",1,1.0,0.06078740157480315,0.37028196910118416,0.468218442256043,0.014411327717108683,-0.0159318444561219
highest-temperature-in-busan-on-june-6-2026,Busan,clean,depth_imbalance_1,900,price_bucket,"(0.96,1]",1,0.9932336182336182,0.12387952671208319,0.5648907538433714,0.58684041871395,0.010778989758633142,-0.0014789156626505953
highest-temperature-in-busan-on-june-6-2026,Busan,clean,depth_imbalance_1,900,price_bucket,"[0,0.04)",10,0.9311309135168356,0.6051854063255124,0.1068052392943755,0.5380437828903218,0.0013170983030966234,-0.002231693819315373
highest-temperature-in-busan-on-june-6-2026,Busan,clean,depth_imbalance_1,900,price_bucket,"[0.04,0.20)",7,1.0,0.08458384388487102,0.18745733565672304,0.658409333748034,0.014062310568384495,-0.020365745928589897
highest-temperature-in-busan-on-june-6-2026,Busan,clean,depth_imbalance_1,900,price_bucket,"[0.20,0.80]",6,0.828757274153474,0.12245354873524188,0.06221962625118277,0.6115288458987543,0.001571189826211769,-0.045660054253911876
highest-temperature-in-busan-on-june-6-2026,Busan,clean,depth_imbalance_1,900,spread_bucket,medium,11,0.9889208094029577,0.5550836372601201,0.19887483293184796,0.6152764076324296,0.005988965881950924,-0.00582345351307744
highest-temperature-in-busan-on-june-6-2026,Busan,clean,depth_imbalance_1,900,spread_bucket,tight,11,0.9651512600573514,0.6493424995912034,0.18601399356825432,0.572375463785405,0.00604824497495505,-0.0013760626940861895
highest-temperature-in-busan-on-june-6-2026,Busan,clean,depth_imbalance_1,900,spread_bucket,wide,11,0.9616004767563926,0.361723115705944,0.10357368431687713,0.518667659301327,0.003418492473216796,-0.02468450059867341
highest-temperature-in-busan-on-june-6-2026,Busan,clean,depth_imbalance_3,30,overall,all,11,0.9978602143399393,0.7729807309548637,0.03584884029837157,0.4562071561069864,0.0005756763736264825,-0.010829251851662648
highest-temperature-in-busan-on-june-6-2026,Busan,clean,depth_imbalance_3,120,overall,all,11,0.9921074922801371,0.6808920750510946,0.03937689399196393,0.47039562501309257,0.0012359390533359378,-0.010809087889761943
highest-temperature-in-busan-on-june-6-2026,Busan,clean,depth_imbalance_3,600,overall,all,11,0.978794603404376,0.567645949715641,0.05601897514700193,0.4635992566579017,0.004420635407901872,-0.010690955806712312
highest-temperature-in-busan-on-june-6-2026,Busan,clean,depth_imbalance_5,30,overall,all,11,0.9978602143399393,0.7729807309548637,0.021812367366857783,0.46434870008912343,0.0005608475763287515,-0.010891556074081902
highest-temperature-in-busan-on-june-6-2026,Busan,clean,depth_imbalance_5,120,overall,all,11,0.9921074922801371,0.6808920750510946,0.03010615786478773,0.4803091740401331,0.0014151904412974426,-0.01078968296833551
highest-temperature-in-busan-on-june-6-2026,Busan,clean,depth_imbalance_5,600,overall,all,11,0.978794603404376,0.567645949715641,0.03789391395925992,0.46153577961222997,0.005719014465196681,-0.010648869171963908
highest-temperature-in-busan-on-june-6-2026,Busan,clean,depth_slope,30,overall,all,11,0.9978602143399393,0.7729807309548637,0.0006248514884276984,0.501443968817596,9.076042772904422e-05,-0.010925289101767828
highest-temperature-in-busan-on-june-6-2026,Busan,clean,depth_slope,120,overall,all,11,0.9921074922801371,0.6808920750510946,0.00873064745149407,0.5439937894379495,0.0004199614926328232,-0.01085349806530435
highest-temperature-in-busan-on-june-6-2026,Busan,clean,depth_slope,600,overall,all,11,0.978794603404376,0.567645949715641,-0.00014676447813657704,0.5435700015460821,0.0006263179223783922,-0.010904496138226343
highest-temperature-in-busan-on-june-6-2026,Busan,clean,distance_to_zero_one,30,overall,all,11,0.9978602143399393,0.7729807309548637,-0.06817280887259124,0.46945303218372825,-0.0004188640664678122,-0.010995210868887021
highest-temperature-in-busan-on-june-6-2026,Busan,clean,distance_to_zero_one,120,overall,all,11,0.9921074922801371,0.6808920750510946,-0.10735279940626885,0.4254921573617823,-0.0012126323412627487,-0.011048970111554883
highest-temperature-in-busan-on-june-6-2026,Busan,clean,distance_to_zero_one,600,overall,all,11,0.978794603404376,0.567645949715641,-0.20177112622679624,0.4276581409242066,-0.002557246056662497,-0.011276820174729101
highest-temperature-in-busan-on-june-6-2026,Busan,clean,microprice_minus_mid,30,activity_bucket,high,11,0.9976045789012802,0.743528973081263,0.028890197594868817,0.5910274541565924,0.00013700866482194713,-0.011335588553611704
highest-temperature-in-busan-on-june-6-2026,Busan,clean,microprice_minus_mid,30,activity_bucket,low,11,0.9990442136287835,0.8885117628938711,0.08099729128474563,0.6078088768390134,0.0005395892167701634,-0.009408886288181888
highest-temperature-in-busan-on-june-6-2026,Busan,clean,microprice_minus_mid,30,activity_bucket,medium,11,0.9983025516404258,0.8533525917301059,0.052763005890591304,0.5873767522016483,0.0002450289128026229,-0.008303437943601043
highest-temperature-in-busan-on-june-6-2026,Busan,clean,microprice_minus_mid,30,lifecycle_bucket,early,11,0.9995437442902357,0.7991048644180442,0.01986706995334222,0.5207997552338931,-0.000421923471625729,-0.009969625719565426
highest-temperature-in-busan-on-june-6-2026,Busan,clean,microprice_minus_mid,30,lifecycle_bucket,late,1,0.5714285714285714,1.0,,,,-0.000500000000000056
highest-temperature-in-busan-on-june-6-2026,Busan,clean,microprice_minus_mid,30,lifecycle_bucket,mid,11,0.9970471022701567,0.7801845356245881,0.04486128932454583,0.592027603625077,0.0002766187481837013,-0.010486331102884681
highest-temperature-in-busan-on-june-6-2026,Busan,clean,microprice_minus_mid,30,overall,all,11,0.9978602143399393,0.7729807309548637,0.03792920663483592,0.5846463883398769,0.00026324293565468173,-0.010773246994598557
highest-temperature-in-busan-on-june-6-2026,Busan,clean,microprice_minus_mid,30,price_bucket,"(0.80,0.96]",1,1.0,0.6604724409448819,-0.027614538490272594,0.6855287569573284,-0.0008701015412555845,-0.011320625918924593
highest-temperature-in-busan-on-june-6-2026,Busan,clean,microprice_minus_mid,30,price_bucket,"(0.96,1]",1,0.9983974358974359,0.43463527733190654,-0.19342596382018792,0.40854047163798596,-0.002019459067655997,-0.005781744571218254
highest-temperature-in-busan-on-june-6-2026,Busan,clean,microprice_minus_mid,30,price_bucket,"[0,0.04)",10,0.9967465845004334,0.8918441825756851,0.07049926500530271,0.6078266771946985,0.0004103969897388332,-0.002307138540317934
highest-temperature-in-busan-on-june-6-2026,Busan,clean,microprice_minus_mid,30,price_bucket,"[0.04,0.20)",7,0.9971743430347555,0.5817406360881102,0.19099539525746353,0.6024284025791121,0.002401714080980417,-0.03752417462544228
highest-temperature-in-busan-on-june-6-2026,Busan,clean,microprice_minus_mid,30,price_bucket,"[0.20,0.80]",6,0.8984999487787387,0.5165897759845607,-0.025318672326846415,0.6758926120325747,0.011280392003496193,-0.13127473776061868
highest-temperature-in-busan-on-june-6-2026,Busan,clean,microprice_minus_mid,30,spread_bucket,medium,11,0.9989163154726068,0.7963046961766267,0.08687794521159149,0.6307839174288782,0.0008212625447775714,-0.007651588583585871
highest-temperature-in-busan-on-june-6-2026,Busan,clean,microprice_minus_mid,30,spread_bucket,tight,11,0.9968889210690034,0.8833236194156193,0.09980317362904347,0.5941972029448312,0.0007861037040769826,-0.002838989853232235
highest-temperature-in-busan-on-june-6-2026,Busan,clean,microprice_minus_mid,30,spread_bucket,wide,11,0.9977753876569185,0.6396509424334214,0.03214494130134521,0.561974446683623,-0.00013681455310512352,-0.022011055334590437
highest-temperature-in-busan-on-june-6-2026,Busan,clean,microprice_minus_mid,60,activity_bucket,high,11,0.994350821520423,0.704632181028849,0.005099875552968521,0.5782994278727845,-0.00014564361614446462,-0.011355968757354779
highest-temperature-in-busan-on-june-6-2026,Busan,clean,microprice_minus_mid,60,activity_bucket,low,11,0.9987057469919278,0.8508947852676741,0.08027057728170567,0.5917039899216656,0.0005855734511851032,-0.009334908134073096
highest-temperature-in-busan-on-june-6-2026,Busan,clean,microprice_minus_mid,60,activity_bucket,medium,11,0.9971564669460601,0.8114738572574987,0.04520567835453166,0.5730128457514901,0.00045028191838699673,-0.008226089622227232
highest-temperature-in-busan-on-june-6-2026,Busan,clean,microprice_minus_mid,60,lifecycle_bucket,early,11,0.9991969937505206,0.7522043024008888,0.010286250154581596,0.5153750232478174,-0.0003015483764341377,-0.009914906183997525
highest-temperature-in-busan-on-june-6-2026,Busan,clean,microprice_minus_mid,60,lifecycle_bucket,late,1,0.5714285714285714,1.0,,,,-0.000500000000000056
highest-temperature-in-busan-on-june-6-2026,Busan,clean,microprice_minus_mid,60,lifecycle_bucket,mid,11,0.9936021700343272,0.7443513992922545,0.021327111309962177,0.5656613567413044,4.316842291438331e-05,-0.010462964895944522
highest-temperature-in-busan-on-june-6-2026,Busan,clean,microprice_minus_mid,60,price_bucket,"(0.80,0.96]",1,1.0,0.5778477690288714,-0.0392584248776873,0.6774434220343198,0.0004069033205953219,-0.011093782818735553
highest-temperature-in-busan-on-june-6-2026,Busan,clean,microprice_minus_mid,60,price_bucket,"(0.96,1]",1,0.9983974358974359,0.3873729266987694,0.034661275533903205,0.5495442516906792,0.0005661722911178202,-0.005055576002944434
highest-temperature-in-busan-on-june-6-2026,Busan,clean,microprice_minus_mid,60,price_bucket,"[0,0.04)",10,0.9943890848786646,0.8487716366096464,0.09437786175919237,0.5989637931923841,0.0008535176480577152,-0.0022070455011385325
highest-temperature-in-busan-on-june-6-2026,Busan,clean,microprice_minus_mid,60,price_bucket,"[0.04,0.20)",7,0.9918661445929036,0.4640973803291294,0.09778811781914605,0.6352359496873389,0.0032607903123255642,-0.03113516023089896
highest-temperature-in-busan-on-june-6-2026,Busan,clean,microprice_minus_mid,60,price_bucket,"[0.20,0.80]",6,0.8630226397974564,0.360696730567325,0.06850795342781604,0.6687572664566636,-0.006587260871372668,-0.12949266872185985
highest-temperature-in-busan-on-june-6-2026,Busan,clean,microprice_minus_mid,60,spread_bucket,medium,11,0.9970777023049386,0.7661049977974358,0.07612926709346685,0.6195336520813215,0.000999893023976099,-0.007590280690782833
highest-temperature-in-busan-on-june-6-2026,Busan,clean,microprice_minus_mid,60,spread_bucket,tight,11,0.9955728661025645,0.8516435689847516,0.09728142210346423,0.5822855633335597,0.0013648974063032147,-0.0026467164642110337
highest-temperature-in-busan-on-june-6-2026,Busan,clean,microprice_minus_mid,60,spread_bucket,wide,11,0.9938384108004678,0.5819732606768054,0.025369640234469994,0.5527117151502976,-0.0004035553491932799,-0.02229032422601245
highest-temperature-in-busan-on-june-6-2026,Busan,clean,microprice_minus_mid,120,activity_bucket,high,11,0.988659214050655,0.6550235835733887,0.013491239880363602,0.5789099341143247,-0.0005255609846277072,-0.01142731205704173
highest-temperature-in-busan-on-june-6-2026,Busan,clean,microprice_minus_mid,120,activity_bucket,low,11,0.9972909972148476,0.7977506921298066,0.08246920516494628,0.5720107779214556,0.0011705773555219757,-0.009093580955816853
highest-temperature-in-busan-on-june-6-2026,Busan,clean,microprice_minus_mid,120,activity_bucket,medium,11,0.9955653914730097,0.7578624409967805,0.03844441808829565,0.555928162279501,0.0007353494552831679,-0.008119791616455955
highest-temperature-in-busan-on-june-6-2026,Busan,clean,microprice_minus_mid,120,lifecycle_bucket,early,11,0.9988407966165792,0.6952579685222573,-0.012872507925060617,0.49862406886229527,-0.0004980954269713383,-0.009895653461502323
highest-temperature-in-busan-on-june-6-2026,Busan,clean,microprice_minus_mid,120,lifecycle_bucket,late,1,0.47619047619047616,1.0,,,,-0.000500000000000056
highest-temperature-in-busan-on-june-6-2026,Busan,clean,microprice_minus_mid,120,lifecycle_bucket,mid,11,0.9889338265026804,0.6937228940330978,0.028836109189292924,0.5601017131532914,-0.00011386032088215812,-0.010482687992832217
highest-temperature-in-busan-on-june-6-2026,Busan,clean,microprice_minus_mid,120,overall,all,11,0.9921074922801371,0.6808920750510946,0.02266945914744683,0.5653661916252177,-0.00016831659806441896,-0.010783209168509314
highest-temperature-in-busan-on-june-6-2026,Busan,clean,microprice_minus_mid,120,price_bucket,"(0.80,0.96]",1,1.0,0.4769553805774278,-0.17837442029132713,0.6013649136892815,-0.0023965993518805418,-0.011611531190926273
highest-temperature-in-busan-on-june-6-2026,Busan,clean,microprice_minus_mid,120,price_bucket,"(0.96,1]",1,0.9980413105413105,0.23496877787689563,0.2812016109339897,0.5931100939532643,0.0038563670211859604,-0.0043705817378497935
highest-temperature-in-busan-on-june-6-2026,Busan,clean,microprice_minus_mid,120,price_bucket,"[0,0.04)",10,0.9879645374539056,0.7903518560500274,0.11991309316375727,0.5695785057236775,0.0011719675366071022,-0.002144203979751568
highest-temperature-in-busan-on-june-6-2026,Busan,clean,microprice_minus_mid,120,price_bucket,"[0.04,0.20)",7,0.9915230291042667,0.38759571859901376,0.12011192272395192,0.6399024128491032,0.003753785689836483,-0.031116232534361483
highest-temperature-in-busan-on-june-6-2026,Busan,clean,microprice_minus_mid,120,price_bucket,"[0.20,0.80]",6,0.8280599825359891,0.266997644138699,-4.051856556558653e-05,0.6109478313374322,-0.0029337822437642868,-0.06789718087852163
highest-temperature-in-busan-on-june-6-2026,Busan,clean,microprice_minus_mid,120,spread_bucket,medium,11,0.9937989227739567,0.7225168918611634,0.08017889285271967,0.6143507186297767,0.001082766650516491,-0.0075090485400468665
highest-temperature-in-busan-on-june-6-2026,Busan,clean,microprice_minus_mid,120,spread_bucket,tight,11,0.9926142256080225,0.8046789921279348,0.11309193712802987,0.5918505664897385,0.0018843233073585486,-0.002449627555255209
highest-temperature-in-busan-on-june-6-2026,Busan,clean,microprice_minus_mid,120,spread_bucket,wide,11,0.9899092519297331,0.5158239491375787,0.026852123151974605,0.540575899950486,-0.0013869776302525003,-0.022647312396824867
highest-temperature-in-busan-on-june-6-2026,Busan,clean,microprice_minus_mid,300,activity_bucket,high,11,0.9783575642931903,0.598540978950556,0.04076938502781901,0.5688082993078504,0.0006810423156038711,-0.011606528553860955
highest-temperature-in-busan-on-june-6-2026,Busan,clean,microprice_minus_mid,300,activity_bucket,low,11,0.9936085838034615,0.7171292506600078,0.0968641193313609,0.5732891997790265,0.0015309357696930716,-0.008938678433180174
highest-temperature-in-busan-on-june-6-2026,Busan,clean,microprice_minus_mid,300,activity_bucket,medium,11,0.9916610844484189,0.6824743696700643,0.05080446643303127,0.5553939213060413,0.00126817022531587,-0.007903721427429598
highest-temperature-in-busan-on-june-6-2026,Busan,clean,microprice_minus_mid,300,lifecycle_bucket,early,11,0.9980937594103058,0.6305946918292691,0.0014017003403424709,0.4899901420185163,-0.0005296407944265209,-0.009576461153325113
highest-temperature-in-busan-on-june-6-2026,Busan,clean,microprice_minus_mid,300,lifecycle_bucket,late,1,0.2857142857142857,1.0,,,,-0.000500000000000056
highest-temperature-in-busan-on-june-6-2026,Busan,clean,microprice_minus_mid,300,lifecycle_bucket,mid,11,0.9784555349187223,0.6322215406219557,0.042564768347892364,0.5503816535514292,0.0005627248475499158,-0.010691326723331883
highest-temperature-in-busan-on-june-6-2026,Busan,clean,microprice_minus_mid,300,price_bucket,"(0.80,0.96]",1,1.0,0.3163254593175853,-0.13187690320020123,0.5600429975429976,-0.006854142016921589,-0.012865206889308978
highest-temperature-in-busan-on-june-6-2026,Busan,clean,microprice_minus_mid,300,price_bucket,"(0.96,1]",1,0.9973290598290598,0.1817532583467238,0.267398250564361,0.5349206349206349,0.008537974918804432,-0.0032015475313190876
highest-temperature-in-busan-on-june-6-2026,Busan,clean,microprice_minus_mid,300,price_bucket,"[0,0.04)",10,0.9720631593067018,0.7254104709259839,0.15483547307053958,0.5518420642981408,0.0021000214545647397,-0.0020972322299841017
highest-temperature-in-busan-on-june-6-2026,Busan,clean,microprice_minus_mid,300,price_bucket,"[0.04,0.20)",7,0.9846001695394179,0.19592485083125682,0.2306385740628162,0.6776150347061601,0.007503035752416373,-0.020559577921964844
highest-temperature-in-busan-on-june-6-2026,Busan,clean,microprice_minus_mid,300,price_bucket,"[0.20,0.80]",6,0.8262174295580555,0.19529939023353785,-0.0004449784663619838,0.6103445400607135,-0.0062638389971997974,-0.06545871608018697
highest-temperature-in-busan-on-june-6-2026,Busan,clean,microprice_minus_mid,300,spread_bucket,medium,11,0.991258717811882,0.6396819486733442,0.123594510755743,0.619981843703886,0.0025860897138178327,-0.007525012813031338
highest-temperature-in-busan-on-june-6-2026,Busan,clean,microprice_minus_mid,300,spread_bucket,tight,11,0.9827847894609434,0.7503291323075996,0.1442102056016689,0.6067361731131099,0.003009342203545072,-0.002145970324901578
highest-temperature-in-busan-on-june-6-2026,Busan,clean,microprice_minus_mid,300,spread_bucket,wide,11,0.9803092904739752,0.4614520201334548,0.03018221114208008,0.5193222275589162,-0.0011142990760794119,-0.02305873139101693
highest-temperature-in-busan-on-june-6-2026,Busan,clean,microprice_minus_mid,600,activity_bucket,high,11,0.9704844813904963,0.5634960011274268,0.09335172976180268,0.5965033737704658,0.0008588369472239142,-0.011515182617487563
highest-temperature-in-busan-on-june-6-2026,Busan,clean,microprice_minus_mid,600,activity_bucket,low,11,0.987827238590519,0.655813128854154,0.08031395709767138,0.5448050464403305,0.002544645271266783,-0.00876317927343459
highest-temperature-in-busan-on-june-6-2026,Busan,clean,microprice_minus_mid,600,activity_bucket,medium,11,0.9862097677941045,0.6149504106203195,0.055603661180729264,0.557621800711212,0.0017231936463005186,-0.007747704722458631
highest-temperature-in-busan-on-june-6-2026,Busan,clean,microprice_minus_mid,600,lifecycle_bucket,early,11,0.9958661050198743,0.5565289009114583,0.025276613547225414,0.5062876859614813,-0.0006776978122781463,-0.009233199968790937
highest-temperature-in-busan-on-june-6-2026,Busan,clean,microprice_minus_mid,600,lifecycle_bucket,late,1,0.0,,,,,
highest-temperature-in-busan-on-june-6-2026,Busan,clean,microprice_minus_mid,600,lifecycle_bucket,mid,11,0.9709341306049442,0.5917452764341303,0.08660748670139216,0.5727076851329734,0.0005647663285847922,-0.01085397646739539
highest-temperature-in-busan-on-june-6-2026,Busan,clean,microprice_minus_mid,600,overall,all,11,0.978794603404376,0.567645949715641,0.060545827455293695,0.5666437765664457,0.000743486096187785,-0.01072758011953583
highest-temperature-in-busan-on-june-6-2026,Busan,clean,microprice_minus_mid,600,price_bucket,"(0.80,0.96]",1,1.0,0.21511811023622046,0.03074757896928863,0.5680449618627057,-0.007495109081177589,-0.01534766855702584
highest-temperature-in-busan-on-june-6-2026,Busan,clean,microprice_minus_mid,600,price_bucket,"(0.96,1]",1,0.9951923076923077,0.1202361782071927,0.5194879480714624,0.6045531197301856,0.012445103699740941,-0.0016526033973412086
highest-temperature-in-busan-on-june-6-2026,Busan,clean,microprice_minus_mid,600,price_bucket,"[0,0.04)",10,0.9530268246432417,0.6614773456967702,0.16864485335708385,0.5501472488460257,0.0024809643426133036,-0.0022846160216388575
highest-temperature-in-busan-on-june-6-2026,Busan,clean,microprice_minus_mid,600,price_bucket,"[0.04,0.20)",7,0.9963064626811448,0.11988511628955949,0.18090548775306461,0.6656897196455188,-0.0012344927756404683,-0.02133493904989082
highest-temperature-in-busan-on-june-6-2026,Busan,clean,microprice_minus_mid,600,price_bucket,"[0.20,0.80]",6,0.8284265169165185,0.14712999540353414,0.10479735228696976,0.6130579566670338,0.001935158716095834,-0.05647415305168498
highest-temperature-in-busan-on-june-6-2026,Busan,clean,microprice_minus_mid,600,spread_bucket,medium,11,0.9886616677554407,0.6089236728511045,0.18672462969466988,0.6031297351932593,0.004007035734958777,-0.007164810989438526
highest-temperature-in-busan-on-june-6-2026,Busan,clean,microprice_minus_mid,600,spread_bucket,tight,11,0.9767308032692298,0.6967962959155153,0.19020231945290794,0.5970323505787636,0.006328844366645762,-0.0014456776354162153
highest-temperature-in-busan-on-june-6-2026,Busan,clean,microprice_minus_mid,600,spread_bucket,wide,11,0.9709919030201768,0.3998069610996295,0.046605738674113176,0.5295046714067746,-0.0011955729599763434,-0.02359371432141708
highest-temperature-in-busan-on-june-6-2026,Busan,clean,microprice_minus_mid,900,activity_bucket,high,11,0.962571566349698,0.5136002691518743,0.06900810739234488,0.572978098370389,-0.0013853111439835603,-0.011573591640141424
highest-temperature-in-busan-on-june-6-2026,Busan,clean,microprice_minus_mid,900,activity_bucket,low,11,0.9828033029996672,0.6048612622403429,0.07316431355561832,0.5241601243332427,0.0035404206401525697,-0.008516123764620052
highest-temperature-in-busan-on-june-6-2026,Busan,clean,microprice_minus_mid,900,activity_bucket,medium,11,0.9803581677790429,0.5646613801438178,0.08306375134705243,0.554735782370558,0.002736466195555996,-0.00748132932240184
highest-temperature-in-busan-on-june-6-2026,Busan,clean,microprice_minus_mid,900,lifecycle_bucket,early,11,0.9946980189628711,0.5167103127052429,0.04338309312797581,0.5031559262052542,-0.0008515137746613825,-0.008939605749603301
highest-temperature-in-busan-on-june-6-2026,Busan,clean,microprice_minus_mid,900,lifecycle_bucket,late,1,0.0,,,,,
highest-temperature-in-busan-on-june-6-2026,Busan,clean,microprice_minus_mid,900,lifecycle_bucket,mid,11,0.9614487115709607,0.5412403721883958,0.06641620692903626,0.5508521218758923,-0.0009021108729978595,-0.011078806701250825
highest-temperature-in-busan-on-june-6-2026,Busan,clean,microprice_minus_mid,900,price_bucket,"(0.80,0.96]",1,1.0,0.06078740157480315,0.2260054174963051,0.46863468634686345,-0.0008143375062878225,-0.015920132325141764
highest-temperature-in-busan-on-june-6-2026,Busan,clean,microprice_minus_mid,900,price_bucket,"(0.96,1]",1,0.9932336182336182,0.12387952671208319,0.5248740547114885,0.5812735651445329,0.010275153277054137,-0.0017129509713228429
highest-temperature-in-busan-on-june-6-2026,Busan,clean,microprice_minus_mid,900,price_bucket,"[0,0.04)",10,0.9311309135168356,0.6051854063255124,0.157936001763948,0.5383350831333693,0.0030214256125080537,-0.0022318470611589363
highest-temperature-in-busan-on-june-6-2026,Busan,clean,microprice_minus_mid,900,price_bucket,"[0.04,0.20)",7,1.0,0.08458384388487102,0.12129175941292292,0.6575187447592746,-0.003928698355605735,-0.020378946891127882
highest-temperature-in-busan-on-june-6-2026,Busan,clean,microprice_minus_mid,900,price_bucket,"[0.20,0.80]",6,0.828757274153474,0.12245354873524188,0.019866091268863767,0.6121060783806722,-0.008309167255277288,-0.04544396008074768
highest-temperature-in-busan-on-june-6-2026,Busan,clean,microprice_minus_mid,900,spread_bucket,medium,11,0.9889208094029577,0.5550836372601201,0.18611247609953646,0.6150216194999456,0.0067918460265230275,-0.005824458662070057
highest-temperature-in-busan-on-june-6-2026,Busan,clean,microprice_minus_mid,900,spread_bucket,tight,11,0.9651512600573514,0.6493424995912034,0.22780411277779894,0.5712348206892749,0.00532357713206166,-0.0014175816596885
highest-temperature-in-busan-on-june-6-2026,Busan,clean,microprice_minus_mid,900,spread_bucket,wide,11,0.9616004767563926,0.361723115705944,0.04766033983609322,0.5187388275000313,-0.004513894971762814,-0.024680695195515735
highest-temperature-in-busan-on-june-6-2026,Busan,clean,spread,30,overall,all,11,0.9978602143399393,0.7729807309548637,-0.06008878468370777,0.46945303218372825,-0.0002605422430928982,-0.010995210868887021
highest-temperature-in-busan-on-june-6-2026,Busan,clean,spread,120,overall,all,11,0.9921074922801371,0.6808920750510946,-0.08537173802102235,0.4254921573617823,-0.0005280009671817758,-0.011048970111554883
highest-temperature-in-busan-on-june-6-2026,Busan,clean,spread,600,overall,all,11,0.978794603404376,0.567645949715641,-0.1253153549994929,0.4276581409242066,-0.005186254691970479,-0.011276820174729101
highest-temperature-in-busan-on-june-6-2026,Busan,clean,tick_size_regime,30,overall,all,11,0.9978602143399393,0.7729807309548637,-0.007980748198554186,0.46945303218372825,,-0.010995210868887021
highest-temperature-in-busan-on-june-6-2026,Busan,clean,tick_size_regime,120,overall,all,11,0.9921074922801371,0.6808920750510946,-0.009536824944569347,0.4254921573617823,,-0.011048970111554883
highest-temperature-in-busan-on-june-6-2026,Busan,clean,tick_size_regime,600,overall,all,11,0.978794603404376,0.567645949715641,-0.0656000622591766,0.4276581409242066,,-0.011276820174729101
highest-temperature-in-busan-on-june-6-2026,Busan,clean,top_level_depth,30,overall,all,11,0.9978602143399393,0.7729807309548637,-0.015822056711149404,0.46945303218372825,0.00011188900500958204,-0.010995210868887021
highest-temperature-in-busan-on-june-6-2026,Busan,clean,top_level_depth,120,overall,all,11,0.9921074922801371,0.6808920750510946,-0.023886448094494254,0.4254921573617823,0.00027239618379689356,-0.011048970111554883
highest-temperature-in-busan-on-june-6-2026,Busan,clean,top_level_depth,600,overall,all,11,0.978794603404376,0.567645949715641,-0.005446073735984539,0.4276581409242066,0.00016859610062974152,-0.011276820174729101
highest-temperature-in-jeddah-on-june-10-2026,Jeddah,degraded,bid_ask_liquidity_asymmetry,30,overall,all,11,0.996793903684128,0.8647795777526049,0.10733007889658759,0.651437297253494,8.444214387562957e-05,-0.003420506195497791
highest-temperature-in-jeddah-on-june-10-2026,Jeddah,degraded,bid_ask_liquidity_asymmetry,120,overall,all,11,0.9937090868966334,0.8147213529949401,0.10014573028001937,0.5907629231449611,6.980510881927717e-05,-0.0034282103571548306
highest-temperature-in-jeddah-on-june-10-2026,Jeddah,degraded,bid_ask_liquidity_asymmetry,600,overall,all,11,0.9836821616768525,0.6598637356426047,0.07075962099246941,0.5356112077608345,-0.0001300228669427218,-0.003475835075056788
highest-temperature-in-jeddah-on-june-10-2026,Jeddah,degraded,depth_concentration,30,overall,all,11,0.996793903684128,0.8647795777526049,0.0022758577201960253,0.3551480756327327,3.260842832917538e-05,-0.0034856164269030723
highest-temperature-in-jeddah-on-june-10-2026,Jeddah,degraded,depth_concentration,120,overall,all,11,0.9937090868966334,0.8147213529949401,-0.0015297021227256883,0.35646463635805964,0.0001818163706809443,-0.0035197475822394825
highest-temperature-in-jeddah-on-june-10-2026,Jeddah,degraded,depth_concentration,600,overall,all,11,0.9836821616768525,0.6598637356426047,-0.05316376971993166,0.397992590871266,0.00027111435666235767,-0.0035788536852753104
highest-temperature-in-jeddah-on-june-10-2026,Jeddah,degraded,depth_imbalance_1,30,activity_bucket,high,11,0.9942103278808667,0.8623049690644998,0.15173704224650722,0.6848388619141107,6.0215584654605814e-05,-0.0036579997986587952
highest-temperature-in-jeddah-on-june-10-2026,Jeddah,degraded,depth_imbalance_1,30,activity_bucket,low,11,0.9981477194862969,0.9394746760829915,0.0696733902581586,0.4773284403024634,9.354863453200553e-05,-0.003642085142049792
highest-temperature-in-jeddah-on-june-10-2026,Jeddah,degraded,depth_imbalance_1,30,activity_bucket,medium,11,0.9976476245516498,0.8815784203540737,0.0923667809821883,0.5785656079915934,0.00011124350446490402,-0.0031968258483122914
highest-temperature-in-jeddah-on-june-10-2026,Jeddah,degraded,depth_imbalance_1,30,lifecycle_bucket,early,11,0.9977206649471888,0.8663200838850401,0.10571195028500197,0.6176211434683021,0.00013065029224469186,-0.003471902414877079
highest-temperature-in-jeddah-on-june-10-2026,Jeddah,degraded,depth_imbalance_1,30,lifecycle_bucket,mid,5,0.4328014795564716,0.7470274487767862,0.11670107898352386,0.5843762361476722,2.352112912858522e-05,-0.006109702641991806
highest-temperature-in-jeddah-on-june-10-2026,Jeddah,degraded,depth_imbalance_1,30,overall,all,11,0.996793903684128,0.8647795777526049,0.10459461738750098,0.6184589027963184,8.394998858458494e-05,-0.0034378716853498722
highest-temperature-in-jeddah-on-june-10-2026,Jeddah,degraded,depth_imbalance_1,30,price_bucket,"(0.80,0.96]",1,1.0,0.5256513291081293,0.09019050294138341,0.566205620650163,0.00023983157521698055,-0.010665084242873784
highest-temperature-in-jeddah-on-june-10-2026,Jeddah,degraded,depth_imbalance_1,30,price_bucket,"(0.96,1]",1,0.9997706509689996,0.6943605429172243,0.10676910193737632,0.6756553367615703,0.0002189402269536964,-0.005080081347607543
highest-temperature-in-jeddah-on-june-10-2026,Jeddah,degraded,depth_imbalance_1,30,price_bucket,"[0,0.04)",10,0.9965808904205744,0.9023507449583414,0.10609704251033389,0.6230012914768224,2.2474746593781276e-05,-0.002490567447468025
highest-temperature-in-jeddah-on-june-10-2026,Jeddah,degraded,depth_imbalance_1,30,price_bucket,"[0.04,0.20)",2,0.9992915960925932,0.5633807989327291,0.11524726172718461,0.5633484964748876,0.0032846151875057855,-0.043251021616903584
highest-temperature-in-jeddah-on-june-10-2026,Jeddah,degraded,depth_imbalance_1,30,price_bucket,"[0.20,0.80]",7,0.42857142857142855,0.4569783197831978,-0.07176801787717912,0.7670081731322665,0.003263516205310093,-0.14048654244306422
highest-temperature-in-jeddah-on-june-10-2026,Jeddah,degraded,depth_imbalance_1,30,spread_bucket,medium,11,0.9995063847727842,0.854478058697465,0.07844332409997395,0.5262159981500326,6.47906976579506e-05,-0.0029112717473619566
highest-temperature-in-jeddah-on-june-10-2026,Jeddah,degraded,depth_imbalance_1,30,spread_bucket,tight,11,0.9949841215639883,0.9052750753036868,0.10279310389953877,0.6270696124956826,7.222785494807636e-05,-0.001527769818386105
highest-temperature-in-jeddah-on-june-10-2026,Jeddah,degraded,depth_imbalance_1,30,spread_bucket,wide,11,0.9958917303397082,0.8345294887751247,0.14184071684209779,0.6870290765552274,0.0002718465968832783,-0.0058755409992953785
highest-temperature-in-jeddah-on-june-10-2026,Jeddah,degraded,depth_imbalance_1,60,activity_bucket,high,11,0.9934926836537805,0.8350855221269328,0.13864799569690509,0.6563321958084535,1.9274295168618197e-05,-0.003660062269506667
highest-temperature-in-jeddah-on-june-10-2026,Jeddah,degraded,depth_imbalance_1,60,activity_bucket,low,11,0.9979585710810354,0.913960904994185,0.08493332652656958,0.5086724052880613,0.00020884032777168928,-0.0036111941907420748
highest-temperature-in-jeddah-on-june-10-2026,Jeddah,degraded,depth_imbalance_1,60,activity_bucket,medium,11,0.9954053820027412,0.8523721134610799,0.10682051381376989,0.6144899315600086,0.0001740756531771699,-0.003181819662568371
highest-temperature-in-jeddah-on-june-10-2026,Jeddah,degraded,depth_imbalance_1,60,lifecycle_bucket,early,11,0.9962276905652737,0.8386977460571647,0.11407147818899879,0.6241624828541729,0.00019097676224786458,-0.003461355758236738
highest-temperature-in-jeddah-on-june-10-2026,Jeddah,degraded,depth_imbalance_1,60,lifecycle_bucket,mid,5,0.3993784852536791,0.5494830419209031,0.13305231932604666,0.5932562497178737,-0.00031592786785647464,-0.008941860308264493
highest-temperature-in-jeddah-on-june-10-2026,Jeddah,degraded,depth_imbalance_1,60,price_bucket,"(0.80,0.96]",1,1.0,0.4561287500381489,0.12255609152956744,0.5835227491620757,0.00021670639329734282,-0.01062318003602839
highest-temperature-in-jeddah-on-june-10-2026,Jeddah,degraded,depth_imbalance_1,60,price_bucket,"(0.96,1]",1,0.9997706509689996,0.6419040336455745,0.12669991805386377,0.6745878826803682,0.0002918029130160163,-0.005028721077472089
highest-temperature-in-jeddah-on-june-10-2026,Jeddah,degraded,depth_imbalance_1,60,price_bucket,"[0,0.04)",10,0.9948115692408406,0.8784882804536409,0.11241936373410663,0.6284380343539882,3.198979276736717e-05,-0.002488888496102071
highest-temperature-in-jeddah-on-june-10-2026,Jeddah,degraded,depth_imbalance_1,60,price_bucket,"[0.04,0.20)",2,0.9991957218795606,0.45420630762487346,0.22296668007964457,0.6028711322180277,0.008020998803957218,-0.04153953402811319
highest-temperature-in-jeddah-on-june-10-2026,Jeddah,degraded,depth_imbalance_1,60,price_bucket,"[0.20,0.80]",7,0.42857142857142855,0.20301490514905152,-0.1761668091424039,0.7986930764708542,0.008770944174570116,-0.13493141821946172
highest-temperature-in-jeddah-on-june-10-2026,Jeddah,degraded,depth_imbalance_1,60,spread_bucket,medium,11,0.9988512459540757,0.8186611428359513,0.07900771851043263,0.5618065570293358,1.1746984327565837e-05,-0.0029091184156528394
highest-temperature-in-jeddah-on-june-10-2026,Jeddah,degraded,depth_imbalance_1,60,spread_bucket,tight,11,0.9926847027526233,0.8878704991094728,0.10982038860593585,0.6002245417990917,0.00011910534148266623,-0.0015118668021436472
highest-temperature-in-jeddah-on-june-10-2026,Jeddah,degraded,depth_imbalance_1,60,spread_bucket,wide,11,0.9940587603158684,0.8028262989011044,0.162225603733955,0.6954573548734593,0.0003492030880930076,-0.005874318908934862
highest-temperature-in-jeddah-on-june-10-2026,Jeddah,degraded,depth_imbalance_1,120,activity_bucket,high,11,0.9924530183082588,0.799066331541486,0.06190548689910111,0.6064508426846612,-0.00012385372784964765,-0.0036713121131635826
highest-temperature-in-jeddah-on-june-10-2026,Jeddah,degraded,depth_imbalance_1,120,activity_bucket,low,11,0.9959845619447925,0.8835801816300918,0.10412991632958389,0.4937095120259017,0.0004602229034827059,-0.0035833669673750556
highest-temperature-in-jeddah-on-june-10-2026,Jeddah,degraded,depth_imbalance_1,120,activity_bucket,medium,11,0.993789527120514,0.8371097413337513,0.10537254355398394,0.5774524652726476,0.00023957546907636972,-0.0031727951538467443
highest-temperature-in-jeddah-on-june-10-2026,Jeddah,degraded,depth_imbalance_1,120,lifecycle_bucket,early,11,0.9948209476022025,0.8194759551234205,0.10024657373527482,0.5815124283060712,0.0003038144085833772,-0.0034379318181564024
highest-temperature-in-jeddah-on-june-10-2026,Jeddah,degraded,depth_imbalance_1,120,lifecycle_bucket,mid,5,0.3988973495982244,0.4414180726972455,0.14817676738183663,0.6096717751677982,-0.0015049218838101104,-0.009131682441642412
highest-temperature-in-jeddah-on-june-10-2026,Jeddah,degraded,depth_imbalance_1,120,overall,all,11,0.9937090868966334,0.8147213529949401,0.1001824869400699,0.5848812459412338,7.72342170957161e-05,-0.003430807023064869
highest-temperature-in-jeddah-on-june-10-2026,Jeddah,degraded,depth_imbalance_1,120,price_bucket,"(0.80,0.96]",1,1.0,0.3718857770679254,0.151972709201878,0.5925217011702681,-5.6332033599973364e-05,-0.010679500900709963
highest-temperature-in-jeddah-on-june-10-2026,Jeddah,degraded,depth_imbalance_1,120,price_bucket,"(0.96,1]",1,0.9996942012919996,0.5845218521775705,0.11643859455097848,0.6437799926172019,0.0001875212100697838,-0.004988545224298713
highest-temperature-in-jeddah-on-june-10-2026,Jeddah,degraded,depth_imbalance_1,120,price_bucket,"[0,0.04)",10,0.9932770638866542,0.8658470381218031,0.09442483327880363,0.5812211104503613,3.78000482615561e-05,-0.002488428588090976
highest-temperature-in-jeddah-on-june-10-2026,Jeddah,degraded,depth_imbalance_1,120,price_bucket,"[0.04,0.20)",2,0.9985299287335017,0.2861635706714738,0.3039341744752818,0.607562676407106,0.01594020990954867,-0.03824126438926131
highest-temperature-in-jeddah-on-june-10-2026,Jeddah,degraded,depth_imbalance_1,120,price_bucket,"[0.20,0.80]",7,0.42857142857142855,0.053489159891598914,-0.1545591485000001,0.7998529488997427,0.010892095252782265,-0.1291327639751553
highest-temperature-in-jeddah-on-june-10-2026,Jeddah,degraded,depth_imbalance_1,120,spread_bucket,medium,11,0.9980305451651744,0.8188336384755437,0.09280485918915543,0.564304760214647,-0.00019125831890102164,-0.0029025917122014453
highest-temperature-in-jeddah-on-june-10-2026,Jeddah,degraded,depth_imbalance_1,120,spread_bucket,tight,11,0.9898742310115284,0.8545852195355017,0.08752810983459623,0.556126572517476,0.0002651670633524908,-0.0014863577234423301
highest-temperature-in-jeddah-on-june-10-2026,Jeddah,degraded,depth_imbalance_1,120,spread_bucket,wide,11,0.9932233814911345,0.7704932271139345,0.17068196363641655,0.6436068786455069,0.0004028011335998809,-0.005900734226180699
highest-temperature-in-jeddah-on-june-10-2026,Jeddah,degraded,depth_imbalance_1,300,activity_bucket,high,11,0.9891357565132698,0.7245164644090747,0.08876586762067613,0.5842109333794725,-0.0005711102020336333,-0.0037306203495968155
highest-temperature-in-jeddah-on-june-10-2026,Jeddah,degraded,depth_imbalance_1,300,activity_bucket,low,11,0.9914406269159571,0.8130457938587667,0.10483014797160077,0.46900842956546585,0.0010485040505847096,-0.003494505679983477
highest-temperature-in-jeddah-on-june-10-2026,Jeddah,degraded,depth_imbalance_1,300,activity_bucket,medium,11,0.9881139412370389,0.7570003368055412,0.11437176846126422,0.5757308173219984,0.000478655988703975,-0.003115080883076306
highest-temperature-in-jeddah-on-june-10-2026,Jeddah,degraded,depth_imbalance_1,300,lifecycle_bucket,early,11,0.9903307060076755,0.7460867143255996,0.11398417834353342,0.5774243531834599,0.0005713985683249018,-0.003373186313383264
highest-temperature-in-jeddah-on-june-10-2026,Jeddah,degraded,depth_imbalance_1,300,lifecycle_bucket,mid,5,0.39475290592690115,0.28495615371918337,0.1179388026519533,0.5814418575519784,-0.005034896651625929,-0.009771092643312352
highest-temperature-in-jeddah-on-june-10-2026,Jeddah,degraded,depth_imbalance_1,300,price_bucket,"(0.80,0.96]",1,1.0,0.2684462710709163,0.15294153293647805,0.5924604092012484,-0.0010141176370542274,-0.010829930062519857
highest-temperature-in-jeddah-on-june-10-2026,Jeddah,degraded,depth_imbalance_1,300,price_bucket,"(0.96,1]",1,0.9994648522609992,0.42674111752782345,0.10175118028569455,0.6054953870838348,0.0005838008904005632,-0.004895213603039964
highest-temperature-in-jeddah-on-june-10-2026,Jeddah,degraded,depth_imbalance_1,300,price_bucket,"[0,0.04)",10,0.9883369201651313,0.7938410596524056,0.10299591105571644,0.5720955793156468,7.829947006102257e-05,-0.0024940699827730155
highest-temperature-in-jeddah-on-june-10-2026,Jeddah,degraded,depth_imbalance_1,300,price_bucket,"[0.04,0.20)",2,0.9926656227030137,0.15221403796026223,0.32640766087561446,0.5843553153654273,0.023432550000533712,-0.03443613434643029
highest-temperature-in-jeddah-on-june-10-2026,Jeddah,degraded,depth_imbalance_1,300,price_bucket,"[0.20,0.80]",7,0.42857142857142855,0.017784552845528455,0.3412146247240491,0.8143404488232074,0.01564612409078058,-0.11972774327122154
highest-temperature-in-jeddah-on-june-10-2026,Jeddah,degraded,depth_imbalance_1,300,spread_bucket,medium,11,0.9946251520114324,0.7395683589081514,0.052305863872049975,0.5641776689768084,-0.0007149205476111619,-0.0030096173444655607
highest-temperature-in-jeddah-on-june-10-2026,Jeddah,degraded,depth_imbalance_1,300,spread_bucket,tight,11,0.9823304643895878,0.7958602575629213,0.10794364219646907,0.5253532831760716,0.0005267693681094014,-0.0014184324088333206
highest-temperature-in-jeddah-on-june-10-2026,Jeddah,degraded,depth_imbalance_1,300,spread_bucket,wide,11,0.9887321303676907,0.6823903643220425,0.2348611592047372,0.6410461378878118,0.0005270619706938897,-0.00588060811209415
highest-temperature-in-jeddah-on-june-10-2026,Jeddah,degraded,depth_imbalance_1,600,activity_bucket,high,11,0.9868103867089044,0.6060793976307861,-0.04506176811852006,0.5209637811919939,-0.0009025850402482772,-0.003812810298709818
highest-temperature-in-jeddah-on-june-10-2026,Jeddah,degraded,depth_imbalance_1,600,activity_bucket,low,11,0.979955240241447,0.7204400817456942,0.14813999614505804,0.5377139246256154,0.0017922015645909833,-0.00348875155343341
highest-temperature-in-jeddah-on-june-10-2026,Jeddah,degraded,depth_imbalance_1,600,activity_bucket,medium,11,0.9826628542099395,0.6872403594850747,0.10701923769413178,0.5311151706382915,0.0007659289193506758,-0.0030328552814044567
highest-temperature-in-jeddah-on-june-10-2026,Jeddah,degraded,depth_imbalance_1,600,lifecycle_bucket,early,11,0.9858447132560563,0.6673156772492443,0.05979460475201867,0.5103665570113749,0.0007662282628450749,-0.0033188572683969355
highest-temperature-in-jeddah-on-june-10-2026,Jeddah,degraded,depth_imbalance_1,600,lifecycle_bucket,mid,5,0.39225756668016876,0.16357838694998977,0.08955508478054976,0.5809074356061797,-0.006871099711818916,-0.010125614898065663
highest-temperature-in-jeddah-on-june-10-2026,Jeddah,degraded,depth_imbalance_1,600,overall,all,11,0.9836821616768525,0.6598637356426047,0.059061723142153105,0.5130585655393886,-3.2583590904058495e-05,-0.0034431561244635577
highest-temperature-in-jeddah-on-june-10-2026,Jeddah,degraded,depth_imbalance_1,600,price_bucket,"(0.80,0.96]",1,1.0,0.17405060071821687,0.11267101591790493,0.5664786565824894,-0.0029495352073808344,-0.011348362827169639
highest-temperature-in-jeddah-on-june-10-2026,Jeddah,degraded,depth_imbalance_1,600,price_bucket,"(0.96,1]",1,0.9990826038759987,0.2795653671041053,0.10348920089015548,0.5608431810923028,0.0012614047971810833,-0.004753062243213153
highest-temperature-in-jeddah-on-june-10-2026,Jeddah,degraded,depth_imbalance_1,600,price_bucket,"[0,0.04)",10,0.9833712611698111,0.7166620286478158,0.055220589841759496,0.5058784534709236,8.237964325784077e-05,-0.002483966178699815
highest-temperature-in-jeddah-on-june-10-2026,Jeddah,degraded,depth_imbalance_1,600,price_bucket,"[0.04,0.20)",2,0.9892194773790121,0.08871626256137792,0.30770140201645574,0.5877263442330773,0.032302933877016646,-0.03068998410463688
highest-temperature-in-jeddah-on-june-10-2026,Jeddah,degraded,depth_imbalance_1,600,price_bucket,"[0.20,0.80]",7,0.7142857142857143,0.0006097560975609756,0.4677879829272263,0.5183800623052959,0.03896603760248798,-0.22209844720496896
highest-temperature-in-jeddah-on-june-10-2026,Jeddah,degraded,depth_imbalance_1,600,spread_bucket,medium,11,0.9918310974871343,0.6946872046181644,0.018288863977180672,0.508738250242007,-0.0007271025545784842,-0.002987565331276755
highest-temperature-in-jeddah-on-june-10-2026,Jeddah,degraded,depth_imbalance_1,600,spread_bucket,tight,11,0.9751649248376432,0.7008793555045196,-0.011149617562174256,0.4817493196335155,0.0006759686384712151,-0.0013806977359596161
highest-temperature-in-jeddah-on-june-10-2026,Jeddah,degraded,depth_imbalance_1,600,spread_bucket,wide,11,0.9840521157221197,0.5835217636678588,0.2604923389228256,0.6137043792075375,0.000512514420502801,-0.005959803985047354
highest-temperature-in-jeddah-on-june-10-2026,Jeddah,degraded,depth_imbalance_1,900,activity_bucket,high,11,0.9857047372165808,0.5418711567219414,-0.06588816671419975,0.4960532573762581,-0.0010655105154757545,-0.0038843945277633684
highest-temperature-in-jeddah-on-june-10-2026,Jeddah,degraded,depth_imbalance_1,900,activity_bucket,low,11,0.9680779910426967,0.6556466092552213,0.19830211294226963,0.5668474210936771,0.002551466527871325,-0.003361641794817106
highest-temperature-in-jeddah-on-june-10-2026,Jeddah,degraded,depth_imbalance_1,900,activity_bucket,medium,11,0.9770359248303734,0.6224691233577961,0.09413077821544706,0.5319196716178133,0.0009495867021606972,-0.002968794111033011
highest-temperature-in-jeddah-on-june-10-2026,Jeddah,degraded,depth_imbalance_1,900,lifecycle_bucket,early,11,0.9814267793808775,0.6058694017439931,0.03677323996970699,0.5071604066288982,0.0007881378237048442,-0.0032634700059938487
highest-temperature-in-jeddah-on-june-10-2026,Jeddah,degraded,depth_imbalance_1,900,lifecycle_bucket,mid,5,0.3912034826368503,0.10329068718624262,0.06992037817898869,0.5783351265758863,-0.006593377781617938,-0.010609690414757147
highest-temperature-in-jeddah-on-june-10-2026,Jeddah,degraded,depth_imbalance_1,900,price_bucket,"(0.80,0.96]",1,1.0,0.12328711380583729,0.08816840268587581,0.5450345584598869,-0.0037004144131406623,-0.011741347885980701
highest-temperature-in-jeddah-on-june-10-2026,Jeddah,degraded,depth_imbalance_1,900,price_bucket,"(0.96,1]",1,0.9987768051679982,0.20659037850664014,0.16911625652266113,0.5527104068025896,0.002233329547605526,-0.004601133090071062
highest-temperature-in-jeddah-on-june-10-2026,Jeddah,degraded,depth_imbalance_1,900,price_bucket,"[0,0.04)",10,0.9784761837700382,0.6549666100856725,0.03604089150469474,0.5033943351525425,4.971197392540472e-05,-0.0024737565741805383
highest-temperature-in-jeddah-on-june-10-2026,Jeddah,degraded,depth_imbalance_1,900,price_bucket,"[0.04,0.20)",2,0.9878719120513886,0.05494781431503559,0.3176432738014819,0.5955754944520641,0.03739030989295021,-0.02967952115864101
highest-temperature-in-jeddah-on-june-10-2026,Jeddah,degraded,depth_imbalance_1,900,price_bucket,"[0.20,0.80]",7,0.7142857142857143,0.0,0.19935086369814212,0.45130434782608697,0.04683398552959626,-0.2169583850931677
highest-temperature-in-jeddah-on-june-10-2026,Jeddah,degraded,depth_imbalance_1,900,spread_bucket,medium,11,0.9886476841660339,0.653467235963996,-0.023596043223516466,0.4874215746450691,-0.0007334371441671764,-0.003045219663472829
highest-temperature-in-jeddah-on-june-10-2026,Jeddah,degraded,depth_imbalance_1,900,spread_bucket,tight,11,0.9684939838852813,0.6363780416811547,-0.06964005012062965,0.44825330499430194,0.0007907993111522095,-0.0013579131967821811
highest-temperature-in-jeddah-on-june-10-2026,Jeddah,degraded,depth_imbalance_1,900,spread_bucket,wide,11,0.9801643346025255,0.5063017374366765,0.2831580981501763,0.62291255374135,0.0006812657968375046,-0.005953684477974793
highest-temperature-in-jeddah-on-june-10-2026,Jeddah,degraded,depth_imbalance_3,30,overall,all,11,0.996793903684128,0.8647795777526049,0.045550285587634944,0.6194454281230249,6.538134878463486e-05,-0.0034527940887132303
highest-temperature-in-jeddah-on-june-10-2026,Jeddah,degraded,depth_imbalance_3,120,overall,all,11,0.9937090868966334,0.8147213529949401,0.06597882437768111,0.609638887140415,0.0001888722167730445,-0.00344345367661297
highest-temperature-in-jeddah-on-june-10-2026,Jeddah,degraded,depth_imbalance_3,600,overall,all,11,0.9836821616768525,0.6598637356426047,0.01314099291709836,0.5489003015714627,0.00041780139014751285,-0.0034802456361122296
highest-temperature-in-jeddah-on-june-10-2026,Jeddah,degraded,depth_imbalance_5,30,overall,all,11,0.996793903684128,0.8647795777526049,-0.010630621990505892,0.5994977641035484,1.7520146409714964e-05,-0.0034637567400059577
highest-temperature-in-jeddah-on-june-10-2026,Jeddah,degraded,depth_imbalance_5,120,overall,all,11,0.9937090868966334,0.8147213529949401,0.004229482223334558,0.5996580239704298,0.00013013264155375235,-0.003470634062726524
highest-temperature-in-jeddah-on-june-10-2026,Jeddah,degraded,depth_imbalance_5,600,overall,all,11,0.9836821616768525,0.6598637356426047,-0.03483907381970878,0.5532086178336225,0.0003411679336636754,-0.003537610273190914
highest-temperature-in-jeddah-on-june-10-2026,Jeddah,degraded,depth_slope,30,overall,all,11,0.996793903684128,0.8647795777526049,0.0249370031629517,0.6304862490106816,-3.227804786705788e-05,-0.0034311203541830177
highest-temperature-in-jeddah-on-june-10-2026,Jeddah,degraded,depth_slope,120,overall,all,11,0.9937090868966334,0.8147213529949401,0.038979948802733984,0.6281863661579016,-0.0001558466931094448,-0.003423090657910811
highest-temperature-in-jeddah-on-june-10-2026,Jeddah,degraded,depth_slope,600,overall,all,11,0.9836821616768525,0.6598637356426047,0.0703365804385343,0.592950799793241,-0.00012669121975638606,-0.003336497564628951
highest-temperature-in-jeddah-on-june-10-2026,Jeddah,degraded,distance_to_zero_one,30,overall,all,11,0.996793903684128,0.8647795777526049,-0.13202987914540965,0.3551480756327327,-0.00013490876112188166,-0.0034856164269030723
highest-temperature-in-jeddah-on-june-10-2026,Jeddah,degraded,distance_to_zero_one,120,overall,all,11,0.9937090868966334,0.8147213529949401,-0.17859223441796518,0.35646463635805964,-0.00031538554375714923,-0.0035197475822394825
highest-temperature-in-jeddah-on-june-10-2026,Jeddah,degraded,distance_to_zero_one,600,overall,all,11,0.9836821616768525,0.6598637356426047,-0.2707785643028828,0.397992590871266,-0.0008504481623002333,-0.0035788536852753104
highest-temperature-in-jeddah-on-june-10-2026,Jeddah,degraded,microprice_minus_mid,30,activity_bucket,high,11,0.9942103278808667,0.8623049690644998,0.13114374932542028,0.6857928883990672,-0.00011752891963938304,-0.003645651777510694
highest-temperature-in-jeddah-on-june-10-2026,Jeddah,degraded,microprice_minus_mid,30,activity_bucket,low,11,0.9981477194862969,0.9394746760829915,0.07121280498151558,0.47588278849954263,0.00010032798652751178,-0.003623591220363758
highest-temperature-in-jeddah-on-june-10-2026,Jeddah,degraded,microprice_minus_mid,30,activity_bucket,medium,11,0.9976476245516498,0.8815784203540737,0.11880112444373782,0.5792240371345214,6.945410223689219e-05,-0.003193249954733199
highest-temperature-in-jeddah-on-june-10-2026,Jeddah,degraded,microprice_minus_mid,30,lifecycle_bucket,early,11,0.9977206649471888,0.8663200838850401,0.11320912392547525,0.6187672526114375,1.7912313978843485e-05,-0.0034585762692110698
highest-temperature-in-jeddah-on-june-10-2026,Jeddah,degraded,microprice_minus_mid,30,lifecycle_bucket,mid,5,0.4328014795564716,0.7470274487767862,0.09351169377825524,0.5856120020398926,-0.00011524266593126219,-0.006076100650224761
highest-temperature-in-jeddah-on-june-10-2026,Jeddah,degraded,microprice_minus_mid,30,overall,all,11,0.996793903684128,0.8647795777526049,0.11473539591280833,0.619269253487726,3.4237642503371034e-05,-0.0034289790168571727
highest-temperature-in-jeddah-on-june-10-2026,Jeddah,degraded,microprice_minus_mid,30,price_bucket,"(0.80,0.96]",1,1.0,0.5256513291081293,0.07190256370494227,0.568370857466359,0.00020289738489417697,-0.010617453080046937
highest-temperature-in-jeddah-on-june-10-2026,Jeddah,degraded,microprice_minus_mid,30,price_bucket,"(0.96,1]",1,0.9997706509689996,0.6943605429172243,0.12209016258076434,0.67618332081142,0.00016798563007633217,-0.00508036433365293
highest-temperature-in-jeddah-on-june-10-2026,Jeddah,degraded,microprice_minus_mid,30,price_bucket,"[0,0.04)",10,0.9965808904205744,0.9023507449583414,0.12395625590225252,0.6248241065407802,4.025967170847405e-05,-0.0024893091930218254
highest-temperature-in-jeddah-on-june-10-2026,Jeddah,degraded,microprice_minus_mid,30,price_bucket,"[0.04,0.20)",2,0.9992915960925932,0.5633807989327291,0.033555794654406765,0.5644261620732209,-0.001429758890345455,-0.043243970755589355
highest-temperature-in-jeddah-on-june-10-2026,Jeddah,degraded,microprice_minus_mid,30,price_bucket,"[0.20,0.80]",7,0.42857142857142855,0.4569783197831978,-0.07303767745393294,0.7670081731322665,0.003888892425657129,-0.14048654244306422
highest-temperature-in-jeddah-on-june-10-2026,Jeddah,degraded,microprice_minus_mid,30,spread_bucket,medium,11,0.9995063847727842,0.854478058697465,0.14235335893243833,0.5263925957983077,0.00012775479170052642,-0.0029102013192821093
highest-temperature-in-jeddah-on-june-10-2026,Jeddah,degraded,microprice_minus_mid,30,spread_bucket,tight,11,0.9949841215639883,0.9052750753036868,0.04037171759749092,0.6286817655474102,5.8431424946069344e-05,-0.001530032457391312
highest-temperature-in-jeddah-on-june-10-2026,Jeddah,degraded,microprice_minus_mid,30,spread_bucket,wide,11,0.9958917303397082,0.8345294887751247,0.11667893420719104,0.6880599644292301,-2.6675445756454105e-05,-0.005845654228010379
highest-temperature-in-jeddah-on-june-10-2026,Jeddah,degraded,microprice_minus_mid,60,activity_bucket,high,11,0.9934926836537805,0.8350855221269328,0.12693783552293508,0.6572417286360137,-0.00018503629045187403,-0.003647743133955049
highest-temperature-in-jeddah-on-june-10-2026,Jeddah,degraded,microprice_minus_mid,60,activity_bucket,low,11,0.9979585710810354,0.913960904994185,0.08593203326348939,0.5073397473145769,0.0002634329131191834,-0.0035930913172406596
highest-temperature-in-jeddah-on-june-10-2026,Jeddah,degraded,microprice_minus_mid,60,activity_bucket,medium,11,0.9954053820027412,0.8523721134610799,0.140687048254068,0.6148059419468465,0.00012480240906852355,-0.0031782527065682656
highest-temperature-in-jeddah-on-june-10-2026,Jeddah,degraded,microprice_minus_mid,60,lifecycle_bucket,early,11,0.9962276905652737,0.8386977460571647,0.12802481592150333,0.6252489511088851,4.3575138309912414e-05,-0.003447637064872473
highest-temperature-in-jeddah-on-june-10-2026,Jeddah,degraded,microprice_minus_mid,60,lifecycle_bucket,mid,5,0.3993784852536791,0.5494830419209031,0.10236690633737064,0.5939041751475189,-0.0006520585402762658,-0.008894539397658476
highest-temperature-in-jeddah-on-june-10-2026,Jeddah,degraded,microprice_minus_mid,60,price_bucket,"(0.80,0.96]",1,1.0,0.4561287500381489,0.10058249659170694,0.5851986861840481,0.00013543840869084916,-0.010579610722780186
highest-temperature-in-jeddah-on-june-10-2026,Jeddah,degraded,microprice_minus_mid,60,price_bucket,"(0.96,1]",1,0.9997706509689996,0.6419040336455745,0.148156480591647,0.6748663101604279,0.000267034471518214,-0.005029012464046026
highest-temperature-in-jeddah-on-june-10-2026,Jeddah,degraded,microprice_minus_mid,60,price_bucket,"[0,0.04)",10,0.9948115692408406,0.8784882804536409,0.1377222299108604,0.6300342059073404,4.059496722067968e-05,-0.0024871614069244875
highest-temperature-in-jeddah-on-june-10-2026,Jeddah,degraded,microprice_minus_mid,60,price_bucket,"[0.04,0.20)",2,0.9991957218795606,0.45420630762487346,0.11478033256392628,0.60370579043506,-0.00011978908974486012,-0.04153233470799538
highest-temperature-in-jeddah-on-june-10-2026,Jeddah,degraded,microprice_minus_mid,60,price_bucket,"[0.20,0.80]",7,0.42857142857142855,0.20301490514905152,-0.17852229637926367,0.7986930764708542,0.010084850606909423,-0.13493141821946172
highest-temperature-in-jeddah-on-june-10-2026,Jeddah,degraded,microprice_minus_mid,60,spread_bucket,medium,11,0.9988512459540757,0.8186611428359513,0.16214815961550108,0.5619689647695749,9.88855269559219e-05,-0.002907869744262066
highest-temperature-in-jeddah-on-june-10-2026,Jeddah,degraded,microprice_minus_mid,60,spread_bucket,tight,11,0.9926847027526233,0.8878704991094728,0.04896748684256669,0.60106331606399,9.448330454857327e-05,-0.0015155288579507516
highest-temperature-in-jeddah-on-june-10-2026,Jeddah,degraded,microprice_minus_mid,60,spread_bucket,wide,11,0.9940587603158684,0.8028262989011044,0.13640421753237028,0.6965499382125299,-2.7507385003823276e-05,-0.005843637182423517
highest-temperature-in-jeddah-on-june-10-2026,Jeddah,degraded,microprice_minus_mid,120,activity_bucket,high,11,0.9924530183082588,0.799066331541486,0.05124392197251422,0.6077206282784094,-0.0003083858824852162,-0.0036552538580223904
highest-temperature-in-jeddah-on-june-10-2026,Jeddah,degraded,microprice_minus_mid,120,activity_bucket,low,11,0.9959845619447925,0.8835801816300918,0.09991791323703242,0.4930584938904531,0.0004446543657832276,-0.0035648493102085495
highest-temperature-in-jeddah-on-june-10-2026,Jeddah,degraded,microprice_minus_mid,120,activity_bucket,medium,11,0.993789527120514,0.8371097413337513,0.1196356522771468,0.5776844238257921,0.0001662853971793201,-0.003168871438234448
highest-temperature-in-jeddah-on-june-10-2026,Jeddah,degraded,microprice_minus_mid,120,lifecycle_bucket,early,11,0.9948209476022025,0.8194759551234205,0.09876447564963686,0.5829953198719606,7.71442179195011e-05,-0.0034215422564910837
highest-temperature-in-jeddah-on-june-10-2026,Jeddah,degraded,microprice_minus_mid,120,lifecycle_bucket,mid,5,0.3988973495982244,0.4414180726972455,0.11374801907272372,0.6115636662956345,-0.0020511868968267266,-0.009076889684976764
highest-temperature-in-jeddah-on-june-10-2026,Jeddah,degraded,microprice_minus_mid,120,overall,all,11,0.9937090868966334,0.8147213529949401,0.10328721229172863,0.5858315924666543,5.01827591620809e-05,-0.0034194144701987835
highest-temperature-in-jeddah-on-june-10-2026,Jeddah,degraded,microprice_minus_mid,120,price_bucket,"(0.80,0.96]",1,1.0,0.3718857770679254,0.1144869827921335,0.5949500436192452,-0.0005558293143864742,-0.010625964624380712
highest-temperature-in-jeddah-on-june-10-2026,Jeddah,degraded,microprice_minus_mid,120,price_bucket,"(0.96,1]",1,0.9996942012919996,0.5845218521775705,0.13052199048854604,0.6435023041474655,0.0005329666538606313,-0.004989049975070002
highest-temperature-in-jeddah-on-june-10-2026,Jeddah,degraded,microprice_minus_mid,120,price_bucket,"[0,0.04)",10,0.9932770638866542,0.8658470381218031,0.10598345118724742,0.583867983988689,3.508945331349309e-05,-0.0024812509094020493
highest-temperature-in-jeddah-on-june-10-2026,Jeddah,degraded,microprice_minus_mid,120,price_bucket,"[0.04,0.20)",2,0.9985299287335017,0.2861635706714738,0.17465516835449849,0.608406735043123,0.0010913686934474207,-0.03823477461062837
highest-temperature-in-jeddah-on-june-10-2026,Jeddah,degraded,microprice_minus_mid,120,price_bucket,"[0.20,0.80]",7,0.42857142857142855,0.053489159891598914,-0.1556423653075221,0.7998529488997427,0.012608295843589952,-0.1291327639751553
highest-temperature-in-jeddah-on-june-10-2026,Jeddah,degraded,microprice_minus_mid,120,spread_bucket,medium,11,0.9980305451651744,0.8188336384755437,0.12356387859377435,0.5646560806884396,-4.671459950831922e-05,-0.0029007881572943105
highest-temperature-in-jeddah-on-june-10-2026,Jeddah,degraded,microprice_minus_mid,120,spread_bucket,tight,11,0.9898742310115284,0.8545852195355017,0.026286260856625415,0.5578840602170964,0.00017981723355609686,-0.0014865538042001607
highest-temperature-in-jeddah-on-june-10-2026,Jeddah,degraded,microprice_minus_mid,120,spread_bucket,wide,11,0.9932233814911345,0.7704932271139345,0.1394861240601384,0.6449562218003805,-0.00012284055551945567,-0.005866995941014866
highest-temperature-in-jeddah-on-june-10-2026,Jeddah,degraded,microprice_minus_mid,300,activity_bucket,high,11,0.9891357565132698,0.7245164644090747,0.09509087235591031,0.5857510007435045,-0.0007508956326905923,-0.0037088947568759624
highest-temperature-in-jeddah-on-june-10-2026,Jeddah,degraded,microprice_minus_mid,300,activity_bucket,low,11,0.9914406269159571,0.8130457938587667,0.09968673301246635,0.46830987870043705,0.0008856424221055805,-0.003474491600849353
highest-temperature-in-jeddah-on-june-10-2026,Jeddah,degraded,microprice_minus_mid,300,activity_bucket,medium,11,0.9881139412370389,0.7570003368055412,0.14774139047535542,0.5762827209435467,0.0004253394150340769,-0.003109763896430073
highest-temperature-in-jeddah-on-june-10-2026,Jeddah,degraded,microprice_minus_mid,300,lifecycle_bucket,early,11,0.9903307060076755,0.7460867143255996,0.12841071633933326,0.5793739750301142,0.00030546662538602634,-0.003351940663727014
highest-temperature-in-jeddah-on-june-10-2026,Jeddah,degraded,microprice_minus_mid,300,lifecycle_bucket,mid,5,0.39475290592690115,0.28495615371918337,0.06257708152156975,0.5830968195006581,-0.006138136534268099,-0.009715587129852887
highest-temperature-in-jeddah-on-june-10-2026,Jeddah,degraded,microprice_minus_mid,300,price_bucket,"(0.80,0.96]",1,1.0,0.2684462710709163,0.10054316747964204,0.594327885539784,-0.0019306468741821419,-0.01077285238001266
highest-temperature-in-jeddah-on-june-10-2026,Jeddah,degraded,microprice_minus_mid,300,price_bucket,"(0.96,1]",1,0.9994648522609992,0.42674111752782345,0.08837322362093362,0.6057974886454716,0.0004847073820971603,-0.004895480876203636
highest-temperature-in-jeddah-on-june-10-2026,Jeddah,degraded,microprice_minus_mid,300,price_bucket,"[0,0.04)",10,0.9883369201651313,0.7938410596524056,0.13163557835545436,0.5758367444409139,3.710581569834926e-05,-0.0024763384914163696
highest-temperature-in-jeddah-on-june-10-2026,Jeddah,degraded,microprice_minus_mid,300,price_bucket,"[0.04,0.20)",2,0.9926656227030137,0.15221403796026223,0.21228243432485921,0.5851100273619174,0.005107484702171201,-0.03442920138543085
highest-temperature-in-jeddah-on-june-10-2026,Jeddah,degraded,microprice_minus_mid,300,price_bucket,"[0.20,0.80]",7,0.42857142857142855,0.017784552845528455,0.34427116097065036,0.8143404488232074,0.02382763206292618,-0.11972774327122154
highest-temperature-in-jeddah-on-june-10-2026,Jeddah,degraded,microprice_minus_mid,300,spread_bucket,medium,11,0.9946251520114324,0.7395683589081514,0.11525395612918996,0.5649342750382853,-0.0005361254847727511,-0.0030071798687812206
highest-temperature-in-jeddah-on-june-10-2026,Jeddah,degraded,microprice_minus_mid,300,spread_bucket,tight,11,0.9823304643895878,0.7958602575629213,0.04838280092409884,0.5267233914686527,0.00037284458867591254,-0.001412756169082138
highest-temperature-in-jeddah-on-june-10-2026,Jeddah,degraded,microprice_minus_mid,300,spread_bucket,wide,11,0.9887321303676907,0.6823903643220425,0.19065612285285247,0.6428110550067976,-0.00017615376645875876,-0.005844434579566769
highest-temperature-in-jeddah-on-june-10-2026,Jeddah,degraded,microprice_minus_mid,600,activity_bucket,high,11,0.9868103867089044,0.6060793976307861,-0.03148349057378766,0.5221179486863716,-0.0013183719824805741,-0.0037843207967439866
highest-temperature-in-jeddah-on-june-10-2026,Jeddah,degraded,microprice_minus_mid,600,activity_bucket,low,11,0.979955240241447,0.7204400817456942,0.15281120068811513,0.5364676712315952,0.0011487865286126074,-0.00346757438716966
highest-temperature-in-jeddah-on-june-10-2026,Jeddah,degraded,microprice_minus_mid,600,activity_bucket,medium,11,0.9826628542099395,0.6872403594850747,0.14971841519369658,0.5316165375724389,0.0006764262998136057,-0.0030248035476571093
highest-temperature-in-jeddah-on-june-10-2026,Jeddah,degraded,microprice_minus_mid,600,lifecycle_bucket,early,11,0.9858447132560563,0.6673156772492443,0.08573692775139391,0.5119352894445236,0.00023485649421357106,-0.003296820961916562
highest-temperature-in-jeddah-on-june-10-2026,Jeddah,degraded,microprice_minus_mid,600,lifecycle_bucket,mid,5,0.39225756668016876,0.16357838694998977,0.03413163296547244,0.5815439502896229,-0.008164340526481625,-0.009989764912732022
highest-temperature-in-jeddah-on-june-10-2026,Jeddah,degraded,microprice_minus_mid,600,overall,all,11,0.9836821616768525,0.6598637356426047,0.09156087977612616,0.5139867096514528,-0.00019292538387305873,-0.003422423306448522
highest-temperature-in-jeddah-on-june-10-2026,Jeddah,degraded,microprice_minus_mid,600,price_bucket,"(0.80,0.96]",1,1.0,0.17405060071821687,0.03076903943987431,0.5678006587714667,-0.004714839828944881,-0.011272021478796428
highest-temperature-in-jeddah-on-june-10-2026,Jeddah,degraded,microprice_minus_mid,600,price_bucket,"(0.96,1]",1,0.9990826038759987,0.2795653671041053,0.03555709485968292,0.5611702127659575,0.0005893563803159604,-0.00475258088037764
highest-temperature-in-jeddah-on-june-10-2026,Jeddah,degraded,microprice_minus_mid,600,price_bucket,"[0,0.04)",10,0.9833712611698111,0.7166620286478158,0.10061366935439639,0.5084951501686391,4.3944045864281074e-05,-0.002467140906613684
highest-temperature-in-jeddah-on-june-10-2026,Jeddah,degraded,microprice_minus_mid,600,price_bucket,"[0.04,0.20)",2,0.9892194773790121,0.08871626256137792,0.211979372032633,0.5883254059676755,0.011986078122635973,-0.030639276201687618
highest-temperature-in-jeddah-on-june-10-2026,Jeddah,degraded,microprice_minus_mid,600,price_bucket,"[0.20,0.80]",7,0.7142857142857143,0.0006097560975609756,0.461693003098458,0.5183800623052959,0.043074254449254445,-0.22209844720496896
highest-temperature-in-jeddah-on-june-10-2026,Jeddah,degraded,microprice_minus_mid,600,spread_bucket,medium,11,0.9918310974871343,0.6946872046181644,0.06831650164484375,0.5094637032643342,-0.0004804694484841799,-0.002970607440267885
highest-temperature-in-jeddah-on-june-10-2026,Jeddah,degraded,microprice_minus_mid,600,spread_bucket,tight,11,0.9751649248376432,0.7008793555045196,-0.06732432111015671,0.4829387990244692,0.0005137961961570546,-0.0013754038984264986
highest-temperature-in-jeddah-on-june-10-2026,Jeddah,degraded,microprice_minus_mid,600,spread_bucket,wide,11,0.9840521157221197,0.5835217636678588,0.20069403689397516,0.6148845119511859,-0.0007662605264826647,-0.005922046777291219
highest-temperature-in-jeddah-on-june-10-2026,Jeddah,degraded,microprice_minus_mid,900,activity_bucket,high,11,0.9857047372165808,0.5418711567219414,-0.03513514146845428,0.49616869348689624,-0.001542959295313602,-0.0038591827618734437
highest-temperature-in-jeddah-on-june-10-2026,Jeddah,degraded,microprice_minus_mid,900,activity_bucket,low,11,0.9680779910426967,0.6556466092552213,0.20082701108687082,0.5660163837199123,0.0017425486931784695,-0.0033400852096235056
highest-temperature-in-jeddah-on-june-10-2026,Jeddah,degraded,microprice_minus_mid,900,activity_bucket,medium,11,0.9770359248303734,0.6224691233577961,0.14814544207475636,0.532397368352798,0.0008548242081039304,-0.002959604574320396
highest-temperature-in-jeddah-on-june-10-2026,Jeddah,degraded,microprice_minus_mid,900,lifecycle_bucket,early,11,0.9814267793808775,0.6058694017439931,0.07571875095285155,0.5078760660413869,0.0001886067468593206,-0.0032406206696231304
highest-temperature-in-jeddah-on-june-10-2026,Jeddah,degraded,microprice_minus_mid,900,lifecycle_bucket,mid,5,0.3912034826368503,0.10329068718624262,0.042855714929866805,0.5769764948165736,-0.007668793568055437,-0.01049344449437814
highest-temperature-in-jeddah-on-june-10-2026,Jeddah,degraded,microprice_minus_mid,900,price_bucket,"(0.80,0.96]",1,1.0,0.12328711380583729,-0.012899462975682474,0.5443631766137703,-0.005745267743972223,-0.011679401958849603
highest-temperature-in-jeddah-on-june-10-2026,Jeddah,degraded,microprice_minus_mid,900,price_bucket,"(0.96,1]",1,0.9987768051679982,0.20659037850664014,0.04334148395579927,0.5530127462340672,0.0006233077018599903,-0.0046007332335214444
highest-temperature-in-jeddah-on-june-10-2026,Jeddah,degraded,microprice_minus_mid,900,price_bucket,"[0,0.04)",10,0.9784761837700382,0.6549666100856725,0.09383161974280718,0.5041927404018063,1.5185715490794534e-05,-0.0024589332303610392
highest-temperature-in-jeddah-on-june-10-2026,Jeddah,degraded,microprice_minus_mid,900,price_bucket,"[0.04,0.20)",2,0.9878719120513886,0.05494781431503559,0.2508196629442153,0.5963521880019845,0.016624514679002635,-0.02962814298385133
highest-temperature-in-jeddah-on-june-10-2026,Jeddah,degraded,microprice_minus_mid,900,price_bucket,"[0.20,0.80]",7,0.7142857142857143,0.0,0.1931389342213925,0.45130434782608697,0.050601749285572865,-0.2169583850931677
highest-temperature-in-jeddah-on-june-10-2026,Jeddah,degraded,microprice_minus_mid,900,spread_bucket,medium,11,0.9886476841660339,0.653467235963996,0.03095223800676105,0.4868545024476744,-0.00043050977313369604,-0.0030320448600205706
highest-temperature-in-jeddah-on-june-10-2026,Jeddah,degraded,microprice_minus_mid,900,spread_bucket,tight,11,0.9684939838852813,0.6363780416811547,-0.12987521229740354,0.450266438230398,0.0005498163046965616,-0.0013547033437549842
highest-temperature-in-jeddah-on-june-10-2026,Jeddah,degraded,microprice_minus_mid,900,spread_bucket,wide,11,0.9801643346025255,0.5063017374366765,0.22273468394350723,0.6225220238415364,-0.0005902710813939495,-0.005916358872649865
highest-temperature-in-jeddah-on-june-10-2026,Jeddah,degraded,spread,30,overall,all,11,0.996793903684128,0.8647795777526049,-0.0700810766705083,0.3551480756327327,-0.00017044911955714175,-0.0034856164269030723
highest-temperature-in-jeddah-on-june-10-2026,Jeddah,degraded,spread,120,overall,all,11,0.9937090868966334,0.8147213529949401,-0.11132617074186343,0.35646463635805964,-0.000200125316829214,-0.0035197475822394825
highest-temperature-in-jeddah-on-june-10-2026,Jeddah,degraded,spread,600,overall,all,11,0.9836821616768525,0.6598637356426047,-0.09437830949681972,0.397992590871266,0.00018485595557076408,-0.0035788536852753104
highest-temperature-in-jeddah-on-june-10-2026,Jeddah,degraded,tick_size_regime,30,overall,all,11,0.996793903684128,0.8647795777526049,-0.022767493622832112,0.3551480756327327,,-0.0034856164269030723
highest-temperature-in-jeddah-on-june-10-2026,Jeddah,degraded,tick_size_regime,120,overall,all,11,0.9937090868966334,0.8147213529949401,-0.03336734978049709,0.35646463635805964,,-0.0035197475822394825
highest-temperature-in-jeddah-on-june-10-2026,Jeddah,degraded,tick_size_regime,600,overall,all,11,0.9836821616768525,0.6598637356426047,-0.015481413619786107,0.397992590871266,,-0.0035788536852753104
highest-temperature-in-jeddah-on-june-10-2026,Jeddah,degraded,top_level_depth,30,overall,all,11,0.996793903684128,0.8647795777526049,-0.004077138080336957,0.3551480756327327,6.663016667042508e-06,-0.0034856164269030723
highest-temperature-in-jeddah-on-june-10-2026,Jeddah,degraded,top_level_depth,120,overall,all,11,0.9937090868966334,0.8147213529949401,0.0018363845330032528,0.35646463635805964,0.00010003861637577913,-0.0035197475822394825
highest-temperature-in-jeddah-on-june-10-2026,Jeddah,degraded,top_level_depth,600,overall,all,11,0.9836821616768525,0.6598637356426047,-0.06662546613720628,0.397992590871266,0.0002281086414725195,-0.0035788536852753104
highest-temperature-in-karachi-on-june-6-2026,Karachi,clean,bid_ask_liquidity_asymmetry,30,overall,all,11,0.9979933715979644,0.7742153537224702,0.05947798568970481,0.5075905589971111,0.0005745419622999898,-0.012587511028300746
highest-temperature-in-karachi-on-june-6-2026,Karachi,clean,bid_ask_liquidity_asymmetry,120,overall,all,11,0.9951920470419047,0.6939127791480432,0.05505405216358227,0.49246483812246084,0.0004552431366297276,-0.012606113712767077
highest-temperature-in-karachi-on-june-6-2026,Karachi,clean,bid_ask_liquidity_asymmetry,600,overall,all,11,0.9783703047447417,0.5542019724565512,0.018794212639705682,0.46901321468964097,-0.0010337667813641006,-0.013503894306033059
highest-temperature-in-karachi-on-june-6-2026,Karachi,clean,depth_concentration,30,overall,all,11,0.9979933715979644,0.7742153537224702,-0.006638114029227318,0.47726278801765765,8.102915173707981e-05,-0.012607553690716942
highest-temperature-in-karachi-on-june-6-2026,Karachi,clean,depth_concentration,120,overall,all,11,0.9951920470419047,0.6939127791480432,0.00656394084338954,0.45918665757421756,-4.5614557131935496e-05,-0.012660514403267951
highest-temperature-in-karachi-on-june-6-2026,Karachi,clean,depth_concentration,600,overall,all,11,0.9783703047447417,0.5542019724565512,0.0482570649780191,0.467828112444179,0.0009237208715676217,-0.0126251073523787
highest-temperature-in-karachi-on-june-6-2026,Karachi,clean,depth_imbalance_1,30,activity_bucket,high,11,0.9988058359824694,0.7205916034567759,0.049074950618342834,0.5002996322961302,0.0005713539373756733,-0.01479158738240996
highest-temperature-in-karachi-on-june-6-2026,Karachi,clean,depth_imbalance_1,30,activity_bucket,low,11,0.996847437486369,0.8948475444984432,0.0477424774111077,0.5310245565884112,0.00044671938570278063,-0.008777676234193106
highest-temperature-in-karachi-on-june-6-2026,Karachi,clean,depth_imbalance_1,30,activity_bucket,medium,11,0.997429481196091,0.8428520528147118,0.05144739268888758,0.5496816941879357,0.0007748227441987707,-0.00856849166842332
highest-temperature-in-karachi-on-june-6-2026,Karachi,clean,depth_imbalance_1,30,lifecycle_bucket,early,11,0.9984727879035041,0.8229313267858842,0.058084066513317566,0.538549305817594,0.0005930735808003145,-0.008077954627013153
highest-temperature-in-karachi-on-june-6-2026,Karachi,clean,depth_imbalance_1,30,lifecycle_bucket,late,2,0.9948902601091566,0.9663090128755365,0.03719646536858335,0.8789808917197452,8.835758835758837e-06,-0.0006024678111588263
highest-temperature-in-karachi-on-june-6-2026,Karachi,clean,depth_imbalance_1,30,lifecycle_bucket,mid,11,0.9977549021589187,0.75647401913608,0.03899374960107631,0.49558812925020546,0.0006401107915371737,-0.014702820495743028
highest-temperature-in-karachi-on-june-6-2026,Karachi,clean,depth_imbalance_1,30,overall,all,11,0.9979933715979644,0.7742153537224702,0.04832782698890796,0.5170802364227758,0.00044631993413988587,-0.012509119089810778
highest-temperature-in-karachi-on-june-6-2026,Karachi,clean,depth_imbalance_1,30,price_bucket,"(0.80,0.96]",1,1.0,0.24757587205641607,0.023440399680865656,0.5366633030608813,0.0025512609540545017,-0.04154954499494438
highest-temperature-in-karachi-on-june-6-2026,Karachi,clean,depth_imbalance_1,30,price_bucket,"(0.96,1]",1,0.9919423240033927,0.8661821291150064,0.14746367213058298,0.7252396166134185,7.293204117816434e-05,-0.004662462590850805
highest-temperature-in-karachi-on-june-6-2026,Karachi,clean,depth_imbalance_1,30,price_bucket,"[0,0.04)",10,0.9951366412120765,0.8261000428630181,0.033121688912492356,0.4673577166975026,-3.340931983114389e-05,-0.003809551020223483
highest-temperature-in-karachi-on-june-6-2026,Karachi,clean,depth_imbalance_1,30,price_bucket,"[0.04,0.20)",7,0.9822140822140822,0.3965512584764675,0.3297299740030842,0.5293661191296282,0.0007053087962350816,-0.04552193497346406
highest-temperature-in-karachi-on-june-6-2026,Karachi,clean,depth_imbalance_1,30,price_bucket,"[0.20,0.80]",4,0.9998086237612738,0.5974608102480071,0.17971615902770732,0.5761016835117397,0.0023594864305832514,-0.06641612403320107
highest-temperature-in-karachi-on-june-6-2026,Karachi,clean,depth_imbalance_1,30,spread_bucket,medium,11,0.9983559909207191,0.7607216968365701,0.018627758938932783,0.498071505726837,0.0006440614869892341,-0.008611194745211636
highest-temperature-in-karachi-on-june-6-2026,Karachi,clean,depth_imbalance_1,30,spread_bucket,tight,11,0.9985538409416442,0.8875964973518422,0.057716299148831494,0.460390029819491,0.00041528964684514966,-0.003955940864001179
highest-temperature-in-karachi-on-june-6-2026,Karachi,clean,depth_imbalance_1,30,spread_bucket,wide,11,0.9970702466788773,0.6744093422188947,0.07408444956977976,0.603927495097392,0.001276345122039215,-0.025224597741956303
highest-temperature-in-karachi-on-june-6-2026,Karachi,clean,depth_imbalance_1,60,activity_bucket,high,11,0.9982079050063127,0.6832307926655541,0.05493922111006906,0.5137128737712277,0.0005423533167288142,-0.014890092007018895
highest-temperature-in-karachi-on-june-6-2026,Karachi,clean,depth_imbalance_1,60,activity_bucket,low,11,0.9947987762486205,0.8610923628292585,0.03833300285206765,0.512190696147517,0.0005320953078686328,-0.008751540735522922
highest-temperature-in-karachi-on-june-6-2026,Karachi,clean,depth_imbalance_1,60,activity_bucket,medium,11,0.9961652191893713,0.8066888473853836,0.059842293302028636,0.5520086096538688,0.0009813955377983925,-0.008518301089903603
highest-temperature-in-karachi-on-june-6-2026,Karachi,clean,depth_imbalance_1,60,lifecycle_bucket,early,11,0.9975728923904089,0.7940855443815636,0.06071151605305991,0.5444865331470631,0.000881354944142929,-0.007963722410969475
highest-temperature-in-karachi-on-june-6-2026,Karachi,clean,depth_imbalance_1,60,lifecycle_bucket,late,2,0.9942511463469069,0.9428448646325741,0.07461892851919848,0.8421052631578947,2.8183263477381136e-06,-0.000595831542758945
highest-temperature-in-karachi-on-june-6-2026,Karachi,clean,depth_imbalance_1,60,lifecycle_bucket,mid,11,0.9965173957711863,0.7144032020500919,0.049498418524952376,0.5178933880926816,0.0004653894058053046,-0.014836969558705532
highest-temperature-in-karachi-on-june-6-2026,Karachi,clean,depth_imbalance_1,60,price_bucket,"(0.80,0.96]",1,1.0,0.19644880997355496,0.05675182774729075,0.5469143576826196,0.0019465539363780011,-0.04265103640040443
highest-temperature-in-karachi-on-june-6-2026,Karachi,clean,depth_imbalance_1,60,price_bucket,"(0.96,1]",1,0.9800678541136556,0.8096062310688014,0.19129994857386762,0.7136363636363636,0.00012390017674225972,-0.004282561661618361
highest-temperature-in-karachi-on-june-6-2026,Karachi,clean,depth_imbalance_1,60,price_bucket,"[0,0.04)",10,0.9900764026528284,0.7853708129708071,0.05059006082344575,0.47828797874534057,4.695073958085085e-05,-0.003845529034187393
highest-temperature-in-karachi-on-june-6-2026,Karachi,clean,depth_imbalance_1,60,price_bucket,"[0.04,0.20)",7,0.9778863112196445,0.3274487912389245,-0.03434729402877539,0.5294634357180428,-0.0025430932533453293,-0.04684086059933684
highest-temperature-in-karachi-on-june-6-2026,Karachi,clean,depth_imbalance_1,60,price_bucket,"[0.20,0.80]",4,0.9998295011691348,0.5067113306646989,0.18689229446788108,0.6117635678982671,0.003007015444937257,-0.06759536186852297
highest-temperature-in-karachi-on-june-6-2026,Karachi,clean,depth_imbalance_1,60,spread_bucket,medium,11,0.9974235159689768,0.7223619499570378,0.025353888174344533,0.5212407500495115,0.0004501630864559653,-0.00860073634143995
highest-temperature-in-karachi-on-june-6-2026,Karachi,clean,depth_imbalance_1,60,spread_bucket,tight,11,0.9981930911780164,0.857332950311617,0.06379908607835148,0.4639613395283481,0.0005618124499497363,-0.003916000570012208
highest-temperature-in-karachi-on-june-6-2026,Karachi,clean,depth_imbalance_1,60,spread_bucket,wide,11,0.9951395276745241,0.6305211958698059,0.07719440519147079,0.5991583134211163,0.0011670341013293518,-0.0254040431756955
highest-temperature-in-karachi-on-june-6-2026,Karachi,clean,depth_imbalance_1,120,activity_bucket,high,11,0.996219192294229,0.6415693012735756,0.0430936109226402,0.46216086204333706,0.0013177542682735308,-0.014587673912960519
highest-temperature-in-karachi-on-june-6-2026,Karachi,clean,depth_imbalance_1,120,activity_bucket,low,11,0.9910273764535279,0.8146774315868832,0.045793596333043446,0.5056800186773137,0.0007856715950262233,-0.00851540122994891
highest-temperature-in-karachi-on-june-6-2026,Karachi,clean,depth_imbalance_1,120,activity_bucket,medium,11,0.9947074994608092,0.762988346712693,0.06257558022229424,0.5330720788617119,0.001238217797275858,-0.008475996276948594
highest-temperature-in-karachi-on-june-6-2026,Karachi,clean,depth_imbalance_1,120,lifecycle_bucket,early,11,0.9961102594067178,0.7511312367778605,0.058347687822606326,0.5379437773702359,0.0010990514514145836,-0.007815327163282686
highest-temperature-in-karachi-on-june-6-2026,Karachi,clean,depth_imbalance_1,120,lifecycle_bucket,late,2,0.9885054629009677,0.9111927398444253,0.2002389629985604,0.7201946472019465,2.190178660766896e-05,-0.0005964779602420332
highest-temperature-in-karachi-on-june-6-2026,Karachi,clean,depth_imbalance_1,120,lifecycle_bucket,mid,11,0.9946997614980365,0.671698645990039,0.04010849179650954,0.4788817021267148,0.0011820463067249117,-0.014608679521564387
highest-temperature-in-karachi-on-june-6-2026,Karachi,clean,depth_imbalance_1,120,overall,all,11,0.9951920470419047,0.6939127791480432,0.05021625556438363,0.5011271098417059,0.0008669893634866605,-0.012346914005616631
highest-temperature-in-karachi-on-june-6-2026,Karachi,clean,depth_imbalance_1,120,price_bucket,"(0.80,0.96]",1,1.0,0.09066868152625614,0.15607896710627608,0.6181868743047831,0.025243854866954976,-0.03267441860465115
highest-temperature-in-karachi-on-june-6-2026,Karachi,clean,depth_imbalance_1,120,price_bucket,"(0.96,1]",1,0.9720101781170484,0.7308027923211169,0.22586840577593173,0.713128038897893,0.00021117600704584428,-0.0042277486910994875
highest-temperature-in-karachi-on-june-6-2026,Karachi,clean,depth_imbalance_1,120,price_bucket,"[0,0.04)",10,0.9807394148223473,0.747814803006185,0.056296988013229646,0.4481985146693891,0.0005971796688328407,-0.0037898141831505276
highest-temperature-in-karachi-on-june-6-2026,Karachi,clean,depth_imbalance_1,120,price_bucket,"[0.04,0.20)",7,0.8330484330484331,0.2860517205057755,0.11267601506219972,0.6326551265460433,0.00298365075627608,-0.033336318118734255
highest-temperature-in-karachi-on-june-6-2026,Karachi,clean,depth_imbalance_1,120,price_bucket,"[0.20,0.80]",4,0.9996485636343392,0.3812209400148304,0.33439352842649883,0.7058693995645406,0.01357356841518494,-0.05748096463772202
highest-temperature-in-karachi-on-june-6-2026,Karachi,clean,depth_imbalance_1,120,spread_bucket,medium,11,0.9967400197709718,0.6738350105571824,0.03410925092287035,0.4986179602442878,0.001724204890873539,-0.008296687439188523
highest-temperature-in-karachi-on-june-6-2026,Karachi,clean,depth_imbalance_1,120,spread_bucket,tight,11,0.9974558358090199,0.8190314759442245,0.04244809893732931,0.43544330338561665,0.0006549388810013542,-0.0038558871772235524
highest-temperature-in-karachi-on-june-6-2026,Karachi,clean,depth_imbalance_1,120,spread_bucket,wide,11,0.991380160873835,0.5889559269800521,0.06480699106243697,0.5684205535464013,0.001538577030454872,-0.02512227164236528
highest-temperature-in-karachi-on-june-6-2026,Karachi,clean,depth_imbalance_1,300,activity_bucket,high,11,0.9884426137298523,0.5783604926465885,0.015381742167069173,0.46763355169019755,0.0025997685933269923,-0.014449909489454587
highest-temperature-in-karachi-on-june-6-2026,Karachi,clean,depth_imbalance_1,300,activity_bucket,low,11,0.9840008979524432,0.7373875227701275,0.047922338747333496,0.49567152384519486,0.001191046323315697,-0.008117284561711527
highest-temperature-in-karachi-on-june-6-2026,Karachi,clean,depth_imbalance_1,300,activity_bucket,medium,11,0.9907018845676437,0.6926527636012675,0.05733602517278265,0.5053639955144011,0.001853589480726981,-0.008414524682637784
highest-temperature-in-karachi-on-june-6-2026,Karachi,clean,depth_imbalance_1,300,lifecycle_bucket,early,11,0.9936643048686779,0.6930591926818237,0.053295954012028336,0.5226236400575203,0.0016626644986737515,-0.007588388617101463
highest-temperature-in-karachi-on-june-6-2026,Karachi,clean,depth_imbalance_1,300,lifecycle_bucket,late,2,0.9687214681356139,0.8200525394045535,0.34682850340696336,0.6995133819951338,7.239819004524887e-05,-0.0005816549912434606
highest-temperature-in-karachi-on-june-6-2026,Karachi,clean,depth_imbalance_1,300,lifecycle_bucket,mid,11,0.9873153875056101,0.6006383082507605,0.027911569369601597,0.46071932098525537,0.0023590330410031743,-0.014549159236737856
highest-temperature-in-karachi-on-june-6-2026,Karachi,clean,depth_imbalance_1,300,price_bucket,"(0.80,0.96]",1,1.0,0.02871174914998111,0.30796249498596584,0.678813118167621,0.053648238769280966,-0.01866784630940342
highest-temperature-in-karachi-on-june-6-2026,Karachi,clean,depth_imbalance_1,300,price_bucket,"(0.96,1]",1,0.953774385072095,0.6024899955535794,0.17954578800240995,0.5246085011185683,0.00026696204331137406,-0.004514450867052034
highest-temperature-in-karachi-on-june-6-2026,Karachi,clean,depth_imbalance_1,300,price_bucket,"[0,0.04)",10,0.9517188942795982,0.655153878565984,0.024366085108367734,0.42302471744265235,0.0012822542415540333,-0.003861756990671614
highest-temperature-in-karachi-on-june-6-2026,Karachi,clean,depth_imbalance_1,300,price_bucket,"[0.04,0.20)",7,0.7181754243157752,0.18289370871336738,0.04815595184226956,0.609979278346472,-0.00036801282268501855,-0.03386632019161873
highest-temperature-in-karachi-on-june-6-2026,Karachi,clean,depth_imbalance_1,300,price_bucket,"[0.20,0.80]",4,0.9989630887429017,0.2642524750161166,0.35421318262027,0.7098216288379853,0.013780168831911577,-0.03442387990312217
highest-temperature-in-karachi-on-june-6-2026,Karachi,clean,depth_imbalance_1,300,spread_bucket,medium,11,0.9919992965925168,0.6012976272279938,0.018648929003168377,0.48376094211576315,0.001986266375775154,-0.00821438460201149
highest-temperature-in-karachi-on-june-6-2026,Karachi,clean,depth_imbalance_1,300,spread_bucket,tight,11,0.9950190871222763,0.7498262453492156,0.028089099108217955,0.42418816001501863,0.0004982315064288027,-0.003906849983981066
highest-temperature-in-karachi-on-june-6-2026,Karachi,clean,depth_imbalance_1,300,spread_bucket,wide,11,0.9814871294750657,0.5304550638722785,0.04090853180656038,0.5230183726744002,0.0038464851811300022,-0.02474561213531645
highest-temperature-in-karachi-on-june-6-2026,Karachi,clean,depth_imbalance_1,600,activity_bucket,high,11,0.9704743164233295,0.5046317270376883,-0.009422837169947499,0.4552733814328444,0.0013967733523987155,-0.014873223322033204
highest-temperature-in-karachi-on-june-6-2026,Karachi,clean,depth_imbalance_1,600,activity_bucket,low,11,0.9768741001152255,0.6534019377145263,0.04515597257063447,0.4802204884348394,0.004129739235431928,-0.007008825716964298
highest-temperature-in-karachi-on-june-6-2026,Karachi,clean,depth_imbalance_1,600,activity_bucket,medium,11,0.984514759098376,0.6198986456116004,0.05296980131595297,0.48661070569825193,0.0022641816421630537,-0.008449054622617082
highest-temperature-in-karachi-on-june-6-2026,Karachi,clean,depth_imbalance_1,600,lifecycle_bucket,early,11,0.9912772185961234,0.6255100430093044,0.050648544264386856,0.5110468416855092,0.0019802308947696194,-0.0073948414974913815
highest-temperature-in-karachi-on-june-6-2026,Karachi,clean,depth_imbalance_1,600,lifecycle_bucket,late,2,0.9211024205165663,0.7294220665499125,0.40206185677134937,0.6537216828478964,4.8995519583754874e-05,-0.0005759632224168407
highest-temperature-in-karachi-on-june-6-2026,Karachi,clean,depth_imbalance_1,600,lifecycle_bucket,mid,11,0.9709150242133435,0.5285533844834938,-0.026035465168343833,0.4030770976096614,0.0012439596250183116,-0.015040261475067053
highest-temperature-in-karachi-on-june-6-2026,Karachi,clean,depth_imbalance_1,600,overall,all,11,0.9783703047447417,0.5542019724565512,0.012295885526975038,0.45891794787505374,0.0008558270109803146,-0.012497468604439883
highest-temperature-in-karachi-on-june-6-2026,Karachi,clean,depth_imbalance_1,600,price_bucket,"(0.80,0.96]",1,1.0,0.008437224530915503,0.35584382192563485,0.6782664117272148,0.07969945591311894,-0.012877906976744173
highest-temperature-in-karachi-on-june-6-2026,Karachi,clean,depth_imbalance_1,600,price_bucket,"(0.96,1]",1,0.9024597116200169,0.4642857142857143,-0.022466669268607176,0.3175438596491228,-0.00030628395876708793,-0.005190554511278213
highest-temperature-in-karachi-on-june-6-2026,Karachi,clean,depth_imbalance_1,600,price_bucket,"[0,0.04)",10,0.910548872822781,0.5603564451714891,0.01691868864149061,0.41151965430467613,0.0010680368217122326,-0.004284570120564118
highest-temperature-in-karachi-on-june-6-2026,Karachi,clean,depth_imbalance_1,600,price_bucket,"[0.04,0.20)",7,0.8481317253247077,0.13437211161816656,-0.12001573250591249,0.5872105890472281,-0.005190923158805151,-0.03059576894650337
highest-temperature-in-karachi-on-june-6-2026,Karachi,clean,depth_imbalance_1,600,price_bucket,"[0.20,0.80]",4,0.9987960694800133,0.1950819255432904,0.016545628701823883,0.5813686654837895,-0.001492358248343725,-0.0286995774648282
highest-temperature-in-karachi-on-june-6-2026,Karachi,clean,depth_imbalance_1,600,spread_bucket,medium,11,0.9870899615663343,0.5252056833420681,-0.01850841255114633,0.4513433302059152,-4.229160616371853e-05,-0.008581348547866198
highest-temperature-in-karachi-on-june-6-2026,Karachi,clean,depth_imbalance_1,600,spread_bucket,tight,11,0.9917141636266593,0.6718634381038772,0.028162392211312903,0.4598644963634872,0.0002480903740225975,-0.004060233859284688
highest-temperature-in-karachi-on-june-6-2026,Karachi,clean,depth_imbalance_1,600,spread_bucket,wide,11,0.9563065250686478,0.4666961311765381,-0.0246416437549397,0.4475477101839224,0.003895446070035814,-0.024954800171315485
highest-temperature-in-karachi-on-june-6-2026,Karachi,clean,depth_imbalance_1,900,activity_bucket,high,11,0.9555512801957259,0.4802132248939875,-0.004867294889885508,0.44553987058491223,0.0014401904887713138,-0.015180237959854041
highest-temperature-in-karachi-on-june-6-2026,Karachi,clean,depth_imbalance_1,900,activity_bucket,low,11,0.9680619259132722,0.6020756524015733,0.05511506514105997,0.494503990482162,0.006910075661273233,-0.006556738069474516
highest-temperature-in-karachi-on-june-6-2026,Karachi,clean,depth_imbalance_1,900,activity_bucket,medium,11,0.9811799819679524,0.570090329699608,0.04951951405756467,0.4800126878413948,0.0029692029083246254,-0.008451280865104842
highest-temperature-in-karachi-on-june-6-2026,Karachi,clean,depth_imbalance_1,900,lifecycle_bucket,early,11,0.9922171750373084,0.5853202522841928,0.05868621989153771,0.4935177860998001,0.002873766780535791,-0.007257908118466308
highest-temperature-in-karachi-on-june-6-2026,Karachi,clean,depth_imbalance_1,900,lifecycle_bucket,late,2,0.8970640077505225,0.7459964412811388,0.35257682908248744,0.5866900175131349,1.781326781326781e-05,-0.0005974199288256508
highest-temperature-in-karachi-on-june-6-2026,Karachi,clean,depth_imbalance_1,900,lifecycle_bucket,mid,11,0.9575648566112633,0.4956336473021205,-0.03938093186324789,0.4087565315728762,0.0011134967225861646,-0.015414417772384248
highest-temperature-in-karachi-on-june-6-2026,Karachi,clean,depth_imbalance_1,900,price_bucket,"(0.80,0.96]",1,1.0,0.0037778617302606727,0.38290508963963193,0.7028672925653388,0.09152434947829832,0.002554979777553106
highest-temperature-in-karachi-on-june-6-2026,Karachi,clean,depth_imbalance_1,900,price_bucket,"(0.96,1]",1,0.8719253604749788,0.23346303501945526,-0.2023024818240073,0.2036802030456853,-0.0018991214142055743,-0.005762645914396904
highest-temperature-in-karachi-on-june-6-2026,Karachi,clean,depth_imbalance_1,900,price_bucket,"[0,0.04)",10,0.8797927939586874,0.5124212740848928,-0.031006696479263428,0.44347605386732114,0.0030480087473771247,-0.00395244203731836
highest-temperature-in-karachi-on-june-6-2026,Karachi,clean,depth_imbalance_1,900,price_bucket,"[0.04,0.20)",7,0.8542938542938543,0.11512794392496585,0.04294666885730771,0.5799511069628144,0.0027992344646777926,-0.031075429509295874
highest-temperature-in-karachi-on-june-6-2026,Karachi,clean,depth_imbalance_1,900,price_bucket,"[0.20,0.80]",4,0.9970388876517091,0.13948577122666292,-0.14207120660307684,0.5176161401551433,-0.001035309307143577,-0.030390676416264927
highest-temperature-in-karachi-on-june-6-2026,Karachi,clean,depth_imbalance_1,900,spread_bucket,medium,11,0.983378229889298,0.498928105717354,-0.02012130692603401,0.45616200671964574,0.0008230879699038424,-0.008613376588919634
highest-temperature-in-karachi-on-june-6-2026,Karachi,clean,depth_imbalance_1,900,spread_bucket,tight,11,0.988682330326099,0.622617573365024,0.017883433334929536,0.48523793962174616,-0.00022784530572150552,-0.004309021306804721
highest-temperature-in-karachi-on-june-6-2026,Karachi,clean,depth_imbalance_1,900,spread_bucket,wide,11,0.9410438047097537,0.43156239725553236,-0.05061379413985112,0.41185786113702566,0.008502622792038754,-0.025354581154801006
highest-temperature-in-karachi-on-june-6-2026,Karachi,clean,depth_imbalance_3,30,overall,all,11,0.9979933715979644,0.7742153537224702,0.02522589647814849,0.5059715074187553,0.0007389357118835493,-0.012548541206574752
highest-temperature-in-karachi-on-june-6-2026,Karachi,clean,depth_imbalance_3,120,overall,all,11,0.9951920470419047,0.6939127791480432,0.0292185155244325,0.4990773030140559,0.001471424951119769,-0.012420773559579823
highest-temperature-in-karachi-on-june-6-2026,Karachi,clean,depth_imbalance_3,600,overall,all,11,0.9783703047447417,0.5542019724565512,0.0209953182287314,0.4822588299532192,0.004174646938242847,-0.012085486898105834
highest-temperature-in-karachi-on-june-6-2026,Karachi,clean,depth_imbalance_5,30,overall,all,11,0.9979933715979644,0.7742153537224702,0.0028367841540196644,0.5227200430860313,0.00038092872263464515,-0.012688368171448293
highest-temperature-in-karachi-on-june-6-2026,Karachi,clean,depth_imbalance_5,120,overall,all,11,0.9951920470419047,0.6939127791480432,0.013441498840677463,0.506491898248191,0.0009136045121564533,-0.01261923488038452
highest-temperature-in-karachi-on-june-6-2026,Karachi,clean,depth_imbalance_5,600,overall,all,11,0.9783703047447417,0.5542019724565512,0.00453190050740016,0.47954159210931074,0.0023864906247208165,-0.012649006708135856
highest-temperature-in-karachi-on-june-6-2026,Karachi,clean,depth_slope,30,overall,all,11,0.9979933715979644,0.7742153537224702,-0.018173285530380952,0.5079954477436568,-0.00033726569764064746,-0.01272467612683107
highest-temperature-in-karachi-on-june-6-2026,Karachi,clean,depth_slope,120,overall,all,11,0.9951920470419047,0.6939127791480432,-0.026883274155738865,0.5122792465813505,-0.0005394758719064461,-0.01280096677193301
highest-temperature-in-karachi-on-june-6-2026,Karachi,clean,depth_slope,600,overall,all,11,0.9783703047447417,0.5542019724565512,-0.05723291428575177,0.5153879840327446,-0.001997090697375354,-0.01302635082506211
highest-temperature-in-karachi-on-june-6-2026,Karachi,clean,distance_to_zero_one,30,overall,all,11,0.9979933715979644,0.7742153537224702,-0.08694608214333503,0.47726278801765765,-0.000415449841283169,-0.012607553690716942
highest-temperature-in-karachi-on-june-6-2026,Karachi,clean,distance_to_zero_one,120,overall,all,11,0.9951920470419047,0.6939127791480432,-0.10321903456996702,0.45918665757421756,-0.0007936588356936388,-0.012660514403267951
highest-temperature-in-karachi-on-june-6-2026,Karachi,clean,distance_to_zero_one,600,overall,all,11,0.9783703047447417,0.5542019724565512,-0.12788898548094557,0.467828112444179,-0.0027391214433144786,-0.0126251073523787
highest-temperature-in-karachi-on-june-6-2026,Karachi,clean,microprice_minus_mid,30,activity_bucket,high,11,0.9988058359824694,0.7205916034567759,0.03332791392159559,0.5020903016744959,-0.00012990248942536616,-0.014785998600002605
highest-temperature-in-karachi-on-june-6-2026,Karachi,clean,microprice_minus_mid,30,activity_bucket,low,11,0.996847437486369,0.8948475444984432,0.05369201617480041,0.5264352371825193,0.0009907152684094235,-0.008907415822267215
highest-temperature-in-karachi-on-june-6-2026,Karachi,clean,microprice_minus_mid,30,activity_bucket,medium,11,0.997429481196091,0.8428520528147118,0.06018759083270549,0.5467365536684263,0.0007443331680080591,-0.00862525026820943
highest-temperature-in-karachi-on-june-6-2026,Karachi,clean,microprice_minus_mid,30,lifecycle_bucket,early,11,0.9984727879035041,0.8229313267858842,0.06895705744395098,0.5373428907404582,0.0008731824350399959,-0.00812325729586785
highest-temperature-in-karachi-on-june-6-2026,Karachi,clean,microprice_minus_mid,30,lifecycle_bucket,late,2,0.9948902601091566,0.9663090128755365,0.224845425402966,0.8789808917197452,4.144668332812663e-05,-0.0006024678111588263
highest-temperature-in-karachi-on-june-6-2026,Karachi,clean,microprice_minus_mid,30,lifecycle_bucket,mid,11,0.9977549021589187,0.75647401913608,0.014472274952700226,0.49540660126611774,8.296956197297278e-05,-0.01470667025335156
highest-temperature-in-karachi-on-june-6-2026,Karachi,clean,microprice_minus_mid,30,overall,all,11,0.9979933715979644,0.7742153537224702,0.04401166545753735,0.5169296284722076,0.0001187119471153283,-0.012526825409244092
highest-temperature-in-karachi-on-june-6-2026,Karachi,clean,microprice_minus_mid,30,price_bucket,"(0.80,0.96]",1,1.0,0.24757587205641607,-0.15174420680398118,0.5357622565480188,-0.008533321361228342,-0.041605655137591506
highest-temperature-in-karachi-on-june-6-2026,Karachi,clean,microprice_minus_mid,30,price_bucket,"(0.96,1]",1,0.9919423240033927,0.8661821291150064,0.25747465818533966,0.7252396166134185,0.0004416755327649806,-0.004662462590850805
highest-temperature-in-karachi-on-june-6-2026,Karachi,clean,microprice_minus_mid,30,price_bucket,"[0,0.04)",10,0.9951366412120765,0.8261000428630181,0.047785017313459396,0.46728976014141194,7.007703523331111e-05,-0.0038128486387258714
highest-temperature-in-karachi-on-june-6-2026,Karachi,clean,microprice_minus_mid,30,price_bucket,"[0.04,0.20)",7,0.9822140822140822,0.3965512584764675,0.3147631435159832,0.5306550841787937,0.0006710029583965688,-0.04551182023602479
highest-temperature-in-karachi-on-june-6-2026,Karachi,clean,microprice_minus_mid,30,price_bucket,"[0.20,0.80]",4,0.9998086237612738,0.5974608102480071,0.13855963427482992,0.5576673113296486,-0.0022946560732792836,-0.06694356503479099
highest-temperature-in-karachi-on-june-6-2026,Karachi,clean,microprice_minus_mid,30,spread_bucket,medium,11,0.9983559909207191,0.7607216968365701,0.01810240119237883,0.49673121812058535,0.000863597232595706,-0.008635003935194762
highest-temperature-in-karachi-on-june-6-2026,Karachi,clean,microprice_minus_mid,30,spread_bucket,tight,11,0.9985538409416442,0.8875964973518422,0.053455666243186734,0.4604782806107655,0.0006351478118196963,-0.003956436983535504
highest-temperature-in-karachi-on-june-6-2026,Karachi,clean,microprice_minus_mid,30,spread_bucket,wide,11,0.9970702466788773,0.6744093422188947,0.06432300811548988,0.604260186893933,0.00010553640582121776,-0.025196097828806118
highest-temperature-in-karachi-on-june-6-2026,Karachi,clean,microprice_minus_mid,60,activity_bucket,high,11,0.9982079050063127,0.6832307926655541,0.03370789672472669,0.5162619709427578,-0.0007686223600523527,-0.014885664801048625
highest-temperature-in-karachi-on-june-6-2026,Karachi,clean,microprice_minus_mid,60,activity_bucket,low,11,0.9947987762486205,0.8610923628292585,0.04838320858916327,0.5074643973804104,0.0013824389368277598,-0.008877164762407097
highest-temperature-in-karachi-on-june-6-2026,Karachi,clean,microprice_minus_mid,60,activity_bucket,medium,11,0.9961652191893713,0.8066888473853836,0.06776425073403272,0.5488169824008621,0.0009151650679942552,-0.008573590114344611
highest-temperature-in-karachi-on-june-6-2026,Karachi,clean,microprice_minus_mid,60,lifecycle_bucket,early,11,0.9975728923904089,0.7940855443815636,0.07379617287971955,0.5430331557440138,0.0011189884548716096,-0.008012085952476171
highest-temperature-in-karachi-on-june-6-2026,Karachi,clean,microprice_minus_mid,60,lifecycle_bucket,late,2,0.9942511463469069,0.9428448646325741,0.3087981007617472,0.8421052631578947,7.820863271894201e-05,-0.000595831542758945
highest-temperature-in-karachi-on-june-6-2026,Karachi,clean,microprice_minus_mid,60,lifecycle_bucket,mid,11,0.9965173957711863,0.7144032020500919,0.019721221218739145,0.5184654154585645,-0.000619696482224334,-0.01483992748049013
highest-temperature-in-karachi-on-june-6-2026,Karachi,clean,microprice_minus_mid,60,price_bucket,"(0.80,0.96]",1,1.0,0.19644880997355496,-0.15995740608547587,0.5460546997799434,-0.013112619596340514,-0.04270891189093661
highest-temperature-in-karachi-on-june-6-2026,Karachi,clean,microprice_minus_mid,60,price_bucket,"(0.96,1]",1,0.9800678541136556,0.8096062310688014,0.3193674631707749,0.7136363636363636,0.0006138685484134345,-0.004282561661618361
highest-temperature-in-karachi-on-june-6-2026,Karachi,clean,microprice_minus_mid,60,price_bucket,"[0,0.04)",10,0.9900764026528284,0.7853708129708071,0.06400227892416765,0.4790171112065515,4.397122906830158e-05,-0.003848668122947824
highest-temperature-in-karachi-on-june-6-2026,Karachi,clean,microprice_minus_mid,60,price_bucket,"[0.04,0.20)",7,0.9778863112196445,0.3274487912389245,-0.04585624545197274,0.530693805700466,-0.0017376816520251839,-0.04683239184493117
highest-temperature-in-karachi-on-june-6-2026,Karachi,clean,microprice_minus_mid,60,price_bucket,"[0.20,0.80]",4,0.9998295011691348,0.5067113306646989,0.13476013885084304,0.6019825374119937,-0.007173130873420155,-0.06901134065280687
highest-temperature-in-karachi-on-june-6-2026,Karachi,clean,microprice_minus_mid,60,spread_bucket,medium,11,0.9974235159689768,0.7223619499570378,0.023963832969271067,0.5208614985195827,0.0006454736589127253,-0.008631564148133165
highest-temperature-in-karachi-on-june-6-2026,Karachi,clean,microprice_minus_mid,60,spread_bucket,tight,11,0.9981930911780164,0.857332950311617,0.05372658912277728,0.4641408185760399,0.000899524185398216,-0.003916870556368788
highest-temperature-in-karachi-on-june-6-2026,Karachi,clean,microprice_minus_mid,60,spread_bucket,wide,11,0.9951395276745241,0.6305211958698059,0.06687496354581854,0.5993747581572596,-0.0005504878548211301,-0.02537306537947064
highest-temperature-in-karachi-on-june-6-2026,Karachi,clean,microprice_minus_mid,120,activity_bucket,high,11,0.996219192294229,0.6415693012735756,0.022059962744461214,0.4652020923211592,-0.0007143749570422374,-0.014584024890058122
highest-temperature-in-karachi-on-june-6-2026,Karachi,clean,microprice_minus_mid,120,activity_bucket,low,11,0.9910273764535279,0.8146774315868832,0.054447497571321724,0.5007621743720159,0.0020530459340252234,-0.00861336798755551
highest-temperature-in-karachi-on-june-6-2026,Karachi,clean,microprice_minus_mid,120,activity_bucket,medium,11,0.9947074994608092,0.762988346712693,0.06515503270029084,0.5304482565054258,0.0009007201601276202,-0.008534933736470303
highest-temperature-in-karachi-on-june-6-2026,Karachi,clean,microprice_minus_mid,120,lifecycle_bucket,early,11,0.9961102594067178,0.7511312367778605,0.07579321034249427,0.536318277661442,0.0014298269445946012,-0.007861369528034663
highest-temperature-in-karachi-on-june-6-2026,Karachi,clean,microprice_minus_mid,120,lifecycle_bucket,late,2,0.9885054629009677,0.9111927398444253,0.41243332904799646,0.7201946472019465,0.00012612121212121212,-0.0005964779602420332
highest-temperature-in-karachi-on-june-6-2026,Karachi,clean,microprice_minus_mid,120,lifecycle_bucket,mid,11,0.9946997614980365,0.671698645990039,0.009127889511690378,0.4804655961495794,-0.0006847735061384675,-0.01461530490080883
highest-temperature-in-karachi-on-june-6-2026,Karachi,clean,microprice_minus_mid,120,overall,all,11,0.9951920470419047,0.6939127791480432,0.04544365210231227,0.5020296616695389,8.034062332081598e-05,-0.012366615225710309
highest-temperature-in-karachi-on-june-6-2026,Karachi,clean,microprice_minus_mid,120,price_bucket,"(0.80,0.96]",1,1.0,0.09066868152625614,-0.056580455020830506,0.6173285198555957,-0.013927594704338906,-0.032743625347134556
highest-temperature-in-karachi-on-june-6-2026,Karachi,clean,microprice_minus_mid,120,price_bucket,"(0.96,1]",1,0.9720101781170484,0.7308027923211169,0.3522224319237073,0.713128038897893,0.0002762318343713759,-0.0042277486910994875
highest-temperature-in-karachi-on-june-6-2026,Karachi,clean,microprice_minus_mid,120,price_bucket,"[0,0.04)",10,0.9807394148223473,0.747814803006185,0.06485159964597507,0.4495416834193862,0.00037054505534750567,-0.0037919332188411465
highest-temperature-in-karachi-on-june-6-2026,Karachi,clean,microprice_minus_mid,120,price_bucket,"[0.04,0.20)",7,0.8330484330484331,0.2860517205057755,0.09145548845838763,0.6341102195143609,0.0017645704546157908,-0.0333172093320367
highest-temperature-in-karachi-on-june-6-2026,Karachi,clean,microprice_minus_mid,120,price_bucket,"[0.20,0.80]",4,0.9996485636343392,0.3812209400148304,0.2841322231679811,0.7073169320730267,0.002646843713919417,-0.05838784332872919
highest-temperature-in-karachi-on-june-6-2026,Karachi,clean,microprice_minus_mid,120,spread_bucket,medium,11,0.9967400197709718,0.6738350105571824,0.03104652649561722,0.49915900734888835,0.002052955421282984,-0.008331675476533025
highest-temperature-in-karachi-on-june-6-2026,Karachi,clean,microprice_minus_mid,120,spread_bucket,tight,11,0.9974558358090199,0.8190314759442245,0.033126147529338575,0.4357219744085732,0.0014179889716531024,-0.0038579963332242753
highest-temperature-in-karachi-on-june-6-2026,Karachi,clean,microprice_minus_mid,120,spread_bucket,wide,11,0.991380160873835,0.5889559269800521,0.059579716830437744,0.5685998907392152,-0.0007458263682616782,-0.025100790548270392
highest-temperature-in-karachi-on-june-6-2026,Karachi,clean,microprice_minus_mid,300,activity_bucket,high,11,0.9884426137298523,0.5783604926465885,-0.004952705046077522,0.47017820485569445,-0.0002297935070661136,-0.014448602110103582
highest-temperature-in-karachi-on-june-6-2026,Karachi,clean,microprice_minus_mid,300,activity_bucket,low,11,0.9840008979524432,0.7373875227701275,0.04465027423931051,0.49208075880667174,0.0032727683505133385,-0.008185914836591963
highest-temperature-in-karachi-on-june-6-2026,Karachi,clean,microprice_minus_mid,300,activity_bucket,medium,11,0.9907018845676437,0.6926527636012675,0.05141264543479635,0.5036984217566736,0.0011855092954046029,-0.008467747110021528
highest-temperature-in-karachi-on-june-6-2026,Karachi,clean,microprice_minus_mid,300,lifecycle_bucket,early,11,0.9936643048686779,0.6930591926818237,0.07372087178574463,0.5210013212342575,0.0021495610877044105,-0.007628201461452392
highest-temperature-in-karachi-on-june-6-2026,Karachi,clean,microprice_minus_mid,300,lifecycle_bucket,late,2,0.9687214681356139,0.8200525394045535,0.5715966148392428,0.6995133819951338,0.00020008080808080807,-0.0005816549912434606
highest-temperature-in-karachi-on-june-6-2026,Karachi,clean,microprice_minus_mid,300,lifecycle_bucket,mid,11,0.9873153875056101,0.6006383082507605,-0.013123852000842616,0.4623638939932971,-0.0004911300109911716,-0.014561291924428066
highest-temperature-in-karachi-on-june-6-2026,Karachi,clean,microprice_minus_mid,300,price_bucket,"(0.80,0.96]",1,1.0,0.02871174914998111,0.1318837454039404,0.6779308552118534,0.009613083515409054,-0.018780610956829067
highest-temperature-in-karachi-on-june-6-2026,Karachi,clean,microprice_minus_mid,300,price_bucket,"(0.96,1]",1,0.953774385072095,0.6024899955535794,0.2748885192002349,0.5246085011185683,0.00021254721239043363,-0.004514450867052034
highest-temperature-in-karachi-on-june-6-2026,Karachi,clean,microprice_minus_mid,300,price_bucket,"[0,0.04)",10,0.9517188942795982,0.655153878565984,0.03649387354600202,0.4238516547838098,0.00043256524218082665,-0.0038647234424512775
highest-temperature-in-karachi-on-june-6-2026,Karachi,clean,microprice_minus_mid,300,price_bucket,"[0.04,0.20)",7,0.7181754243157752,0.18289370871336738,0.04382153402823248,0.6115029050241598,0.0012625259924678512,-0.0338388464367346
highest-temperature-in-karachi-on-june-6-2026,Karachi,clean,microprice_minus_mid,300,price_bucket,"[0.20,0.80]",4,0.9989630887429017,0.2642524750161166,0.3055715347553093,0.71163360099734,0.012846656338940662,-0.0344181071112872
highest-temperature-in-karachi-on-june-6-2026,Karachi,clean,microprice_minus_mid,300,spread_bucket,medium,11,0.9919992965925168,0.6012976272279938,0.014458914349820873,0.4841111357674192,0.002323006284543321,-0.0082611662907408
highest-temperature-in-karachi-on-june-6-2026,Karachi,clean,microprice_minus_mid,300,spread_bucket,tight,11,0.9950190871222763,0.7498262453492156,0.023235975332885097,0.42447196005130894,0.0017866230075371295,-0.003908442435113162
highest-temperature-in-karachi-on-june-6-2026,Karachi,clean,microprice_minus_mid,300,spread_bucket,wide,11,0.9814871294750657,0.5304550638722785,0.0320512158229856,0.5222910341077779,0.0009506235353628615,-0.02473206431433971
highest-temperature-in-karachi-on-june-6-2026,Karachi,clean,microprice_minus_mid,600,activity_bucket,high,11,0.9704743164233295,0.5046317270376883,-0.05060314535544457,0.4582147854742173,-0.0016553315226701475,-0.014873905716040699
highest-temperature-in-karachi-on-june-6-2026,Karachi,clean,microprice_minus_mid,600,activity_bucket,low,11,0.9768741001152255,0.6534019377145263,0.04073787462696654,0.47671313816849553,0.009300256004393324,-0.007128447042013833
highest-temperature-in-karachi-on-june-6-2026,Karachi,clean,microprice_minus_mid,600,activity_bucket,medium,11,0.984514759098376,0.6198986456116004,0.0295240953518935,0.4863766295085824,0.0013426132948082834,-0.0084846841869178
highest-temperature-in-karachi-on-june-6-2026,Karachi,clean,microprice_minus_mid,600,lifecycle_bucket,early,11,0.9912772185961234,0.6255100430093044,0.0593964875320644,0.5102242665853975,0.002252543502607111,-0.007441246411808539
highest-temperature-in-karachi-on-june-6-2026,Karachi,clean,microprice_minus_mid,600,lifecycle_bucket,late,2,0.9211024205165663,0.7294220665499125,0.6415249832497097,0.6537216828478964,0.00021187878787878788,-0.0005759632224168407
highest-temperature-in-karachi-on-june-6-2026,Karachi,clean,microprice_minus_mid,600,lifecycle_bucket,mid,11,0.9709150242133435,0.5285533844834938,-0.07673904009150055,0.4059030492375838,-0.0017122095702825106,-0.015035227468843625
highest-temperature-in-karachi-on-june-6-2026,Karachi,clean,microprice_minus_mid,600,overall,all,11,0.9783703047447417,0.5542019724565512,-0.014791712575410641,0.4601761041455566,8.975897142055778e-05,-0.012511335120045947
highest-temperature-in-karachi-on-june-6-2026,Karachi,clean,microprice_minus_mid,600,price_bucket,"(0.80,0.96]",1,1.0,0.008437224530915503,0.1911380772461933,0.6774029280712922,0.02772335059311801,-0.013036480686695264
highest-temperature-in-karachi-on-june-6-2026,Karachi,clean,microprice_minus_mid,600,price_bucket,"(0.96,1]",1,0.9024597116200169,0.4642857142857143,0.05247935724746686,0.3175438596491228,-0.0003935045656965707,-0.005190554511278213
highest-temperature-in-karachi-on-june-6-2026,Karachi,clean,microprice_minus_mid,600,price_bucket,"[0,0.04)",10,0.910548872822781,0.5603564451714891,0.01657637165731663,0.4130341600853254,-0.002023461372936823,-0.004287953748921059
highest-temperature-in-karachi-on-june-6-2026,Karachi,clean,microprice_minus_mid,600,price_bucket,"[0.04,0.20)",7,0.8481317253247077,0.13437211161816656,-0.1429917081788859,0.5888212216445534,-0.004829658869059634,-0.030568289845129316
highest-temperature-in-karachi-on-june-6-2026,Karachi,clean,microprice_minus_mid,600,price_bucket,"[0.20,0.80]",4,0.9987960694800133,0.1950819255432904,-0.062034881643637727,0.5814922832969731,-0.010961796486847435,-0.029698327591449965
highest-temperature-in-karachi-on-june-6-2026,Karachi,clean,microprice_minus_mid,600,spread_bucket,medium,11,0.9870899615663343,0.5252056833420681,-0.019176566509661236,0.45359876980237723,0.00036822122320510664,-0.008641182257201983
highest-temperature-in-karachi-on-june-6-2026,Karachi,clean,microprice_minus_mid,600,spread_bucket,tight,11,0.9917141636266593,0.6718634381038772,0.04259276182371854,0.46012101557452206,0.001574645869163626,-0.004060370672975892
highest-temperature-in-karachi-on-june-6-2026,Karachi,clean,microprice_minus_mid,600,spread_bucket,wide,11,0.9563065250686478,0.4666961311765381,-0.034642567125768534,0.4462679392709283,0.0008864239689785555,-0.024908172622778047
highest-temperature-in-karachi-on-june-6-2026,Karachi,clean,microprice_minus_mid,900,activity_bucket,high,11,0.9555512801957259,0.4802132248939875,-0.06443446971474648,0.4476249261882245,-0.002529697795445227,-0.015177310914303603
highest-temperature-in-karachi-on-june-6-2026,Karachi,clean,microprice_minus_mid,900,activity_bucket,low,11,0.9680619259132722,0.6020756524015733,0.046845962133702096,0.4903329198726798,0.011488326172120599,-0.0067066366172041265
highest-temperature-in-karachi-on-june-6-2026,Karachi,clean,microprice_minus_mid,900,activity_bucket,medium,11,0.9811799819679524,0.570090329699608,0.012571304978650295,0.48009141403002875,0.0016415988687654177,-0.008480822493352259
highest-temperature-in-karachi-on-june-6-2026,Karachi,clean,microprice_minus_mid,900,lifecycle_bucket,early,11,0.9922171750373084,0.5853202522841928,0.042671590772841654,0.4921545977070895,0.002063964613805092,-0.00730594873674491
highest-temperature-in-karachi-on-june-6-2026,Karachi,clean,microprice_minus_mid,900,lifecycle_bucket,late,2,0.8970640077505225,0.7459964412811388,0.5872433546919,0.5866900175131349,0.00020198314668423364,-0.0005974199288256508
highest-temperature-in-karachi-on-june-6-2026,Karachi,clean,microprice_minus_mid,900,lifecycle_bucket,mid,11,0.9575648566112633,0.4956336473021205,-0.09278586557703768,0.41143621370157324,-0.0027398202579889783,-0.015400358305915187
highest-temperature-in-karachi-on-june-6-2026,Karachi,clean,microprice_minus_mid,900,price_bucket,"(0.80,0.96]",1,1.0,0.0037778617302606727,0.22699098640282078,0.701976685250887,0.0506550756736803,0.0023693511739459926
highest-temperature-in-karachi-on-june-6-2026,Karachi,clean,microprice_minus_mid,900,price_bucket,"(0.96,1]",1,0.8719253604749788,0.23346303501945526,-0.12681716440601473,0.2036802030456853,-0.0011914211762343403,-0.005762645914396904
highest-temperature-in-karachi-on-june-6-2026,Karachi,clean,microprice_minus_mid,900,price_bucket,"[0,0.04)",10,0.8797927939586874,0.5124212740848928,-0.047910647380147345,0.44477528396573085,0.00023356445231566234,-0.003951686095761251
highest-temperature-in-karachi-on-june-6-2026,Karachi,clean,microprice_minus_mid,900,price_bucket,"[0.04,0.20)",7,0.8542938542938543,0.11512794392496585,0.012006096678655088,0.5816841114042082,0.001201033363526513,-0.03105338690796298
highest-temperature-in-karachi-on-june-6-2026,Karachi,clean,microprice_minus_mid,900,price_bucket,"[0.20,0.80]",4,0.9970388876517091,0.13948577122666292,-0.2490100847456307,0.5172852624688561,-0.016560524893554925,-0.03140244347378794
highest-temperature-in-karachi-on-june-6-2026,Karachi,clean,microprice_minus_mid,900,spread_bucket,medium,11,0.983378229889298,0.498928105717354,-0.030243033650184794,0.4593244480369418,0.0003038389378703274,-0.008662752493395546
highest-temperature-in-karachi-on-june-6-2026,Karachi,clean,microprice_minus_mid,900,spread_bucket,tight,11,0.988682330326099,0.622617573365024,0.03541346216464727,0.4854451928649952,0.0007613143350059338,-0.00431062035006817
highest-temperature-in-karachi-on-june-6-2026,Karachi,clean,microprice_minus_mid,900,spread_bucket,wide,11,0.9410438047097537,0.43156239725553236,-0.0734149917552751,0.4091257270337016,0.0025943339551769687,-0.02528863183212373
highest-temperature-in-karachi-on-june-6-2026,Karachi,clean,spread,30,overall,all,11,0.9979933715979644,0.7742153537224702,-0.028200538744409556,0.47726278801765765,0.000858590634375599,-0.012607553690716942
highest-temperature-in-karachi-on-june-6-2026,Karachi,clean,spread,120,overall,all,11,0.9951920470419047,0.6939127791480432,-0.03658379260211883,0.45918665757421756,0.0008627180797013506,-0.012660514403267951
highest-temperature-in-karachi-on-june-6-2026,Karachi,clean,spread,600,overall,all,11,0.9783703047447417,0.5542019724565512,-0.024501872119175098,0.467828112444179,0.002265816483846579,-0.0126251073523787
highest-temperature-in-karachi-on-june-6-2026,Karachi,clean,tick_size_regime,30,overall,all,11,0.9979933715979644,0.7742153537224702,0.018943636131279803,0.47726278801765765,,-0.012607553690716942
highest-temperature-in-karachi-on-june-6-2026,Karachi,clean,tick_size_regime,120,overall,all,11,0.9951920470419047,0.6939127791480432,0.032779038089819544,0.45918665757421756,,-0.012660514403267951
highest-temperature-in-karachi-on-june-6-2026,Karachi,clean,tick_size_regime,600,overall,all,11,0.9783703047447417,0.5542019724565512,0.028954364960027467,0.467828112444179,,-0.0126251073523787
highest-temperature-in-karachi-on-june-6-2026,Karachi,clean,top_level_depth,30,overall,all,11,0.9979933715979644,0.7742153537224702,-0.0033944625489662735,0.47726278801765765,0.0008001713119338876,-0.012607553690716942
highest-temperature-in-karachi-on-june-6-2026,Karachi,clean,top_level_depth,120,overall,all,11,0.9951920470419047,0.6939127791480432,0.002143437683101407,0.45918665757421756,0.0010930719695878644,-0.012660514403267951
highest-temperature-in-karachi-on-june-6-2026,Karachi,clean,top_level_depth,600,overall,all,11,0.9783703047447417,0.5542019724565512,0.011340087654484788,0.467828112444179,0.0033041457516108223,-0.0126251073523787
highest-temperature-in-qingdao-on-june-6-2026,Qingdao,clean,bid_ask_liquidity_asymmetry,30,overall,all,11,0.9966694529052442,0.6651071943744765,0.04991108305855481,0.5320520759867491,0.0007270100209515191,-0.014712614906932531
highest-temperature-in-qingdao-on-june-6-2026,Qingdao,clean,bid_ask_liquidity_asymmetry,120,overall,all,11,0.9902108135850457,0.5531661497688172,0.04813146411435092,0.5115002003404888,0.0001705076954255866,-0.014875197461251786
highest-temperature-in-qingdao-on-june-6-2026,Qingdao,clean,bid_ask_liquidity_asymmetry,600,overall,all,11,0.9743424876432506,0.4080440673446478,0.03580799817691429,0.5021114130699245,-0.0018203754487068032,-0.016225690569325175
highest-temperature-in-qingdao-on-june-6-2026,Qingdao,clean,depth_concentration,30,overall,all,11,0.9966694529052442,0.6651071943744765,0.008913035250944938,0.464007216608363,0.0010263540625122995,-0.015199424431018876
highest-temperature-in-qingdao-on-june-6-2026,Qingdao,clean,depth_concentration,120,overall,all,11,0.9902108135850457,0.5531661497688172,0.03235480881015343,0.42463802804168654,0.002408537067449283,-0.015492860792409512
highest-temperature-in-qingdao-on-june-6-2026,Qingdao,clean,depth_concentration,600,overall,all,11,0.9743424876432506,0.4080440673446478,-0.0024229729786944773,0.43288279056517925,0.0024521778170141302,-0.015981803857037045
highest-temperature-in-qingdao-on-june-6-2026,Qingdao,clean,depth_imbalance_1,30,activity_bucket,high,11,0.9957430483188329,0.5923996295494389,0.04894785201528609,0.49542700156868963,0.0018199893815764368,-0.017193921800791375
highest-temperature-in-qingdao-on-june-6-2026,Qingdao,clean,depth_imbalance_1,30,activity_bucket,low,11,0.9975627082038919,0.8603048040305192,0.11054979512997845,0.6525701974291195,0.0009950137649634245,-0.010469135866774263
highest-temperature-in-qingdao-on-june-6-2026,Qingdao,clean,depth_imbalance_1,30,activity_bucket,medium,11,0.9990238628671361,0.7972444748972979,0.07908922628623376,0.5684392412566079,0.0008015709186375426,-0.008876914768716238
highest-temperature-in-qingdao-on-june-6-2026,Qingdao,clean,depth_imbalance_1,30,lifecycle_bucket,early,11,0.9971279155637561,0.7137844406703407,0.08985481143794073,0.5341091107416083,0.001189919273906332,-0.013006902775195511
highest-temperature-in-qingdao-on-june-6-2026,Qingdao,clean,depth_imbalance_1,30,lifecycle_bucket,mid,10,0.9965858069717644,0.6156333388383998,0.048943939146559964,0.5207153365346071,0.0014192802402674455,-0.01649428108798879
highest-temperature-in-qingdao-on-june-6-2026,Qingdao,clean,depth_imbalance_1,30,overall,all,11,0.9966694529052442,0.6651071943744765,0.05427716092432144,0.5137593254454449,0.0014258880553895486,-0.01449013965994142
highest-temperature-in-qingdao-on-june-6-2026,Qingdao,clean,depth_imbalance_1,30,price_bucket,"(0.80,0.96]",1,1.0,0.28447937131630646,0.18840324069782383,0.4723505738560143,7.510707559344127e-05,-0.023999261057743037
highest-temperature-in-qingdao-on-june-6-2026,Qingdao,clean,depth_imbalance_1,30,price_bucket,"(0.96,1]",1,0.999860588317301,0.5674846625766872,-0.13696680808402087,0.38878143133462284,0.0006004831979920812,-0.006453778583379823
highest-temperature-in-qingdao-on-june-6-2026,Qingdao,clean,depth_imbalance_1,30,price_bucket,"[0,0.04)",10,0.992324909658015,0.7656716017948011,0.12590093565679017,0.6093014988496658,0.00037149268607756717,-0.0031097035524660656
highest-temperature-in-qingdao-on-june-6-2026,Qingdao,clean,depth_imbalance_1,30,price_bucket,"[0.04,0.20)",10,0.8854742630060171,0.49958676948493125,0.16346142696093843,0.5546551681604778,0.011373711947592756,-0.02800984380412005
highest-temperature-in-qingdao-on-june-6-2026,Qingdao,clean,depth_imbalance_1,30,price_bucket,"[0.20,0.80]",7,0.986541494665461,0.4628032342563198,-0.08611746857043946,0.615742464634739,-0.0017538002848243035,-0.0818305363892929
highest-temperature-in-qingdao-on-june-6-2026,Qingdao,clean,depth_imbalance_1,30,spread_bucket,medium,11,0.996496474698753,0.7186140529459363,0.07003875559157237,0.512965129497612,0.0010060022807071216,-0.009503155138133646
highest-temperature-in-qingdao-on-june-6-2026,Qingdao,clean,depth_imbalance_1,30,spread_bucket,tight,11,0.9962403641619165,0.7947772689883542,0.046032802835050006,0.6401403425987986,0.001010449669610184,-0.003458084553197925
highest-temperature-in-qingdao-on-june-6-2026,Qingdao,clean,depth_imbalance_1,30,spread_bucket,wide,11,0.9972714425751428,0.48186717094529724,0.048837947888845795,0.5059608496452591,0.0018585097674682963,-0.030904013890666573
highest-temperature-in-qingdao-on-june-6-2026,Qingdao,clean,depth_imbalance_1,60,activity_bucket,high,11,0.9932842463923529,0.5378184506501844,0.06124825668138221,0.4972070279780397,0.0018681149606123925,-0.017316571871104653
highest-temperature-in-qingdao-on-june-6-2026,Qingdao,clean,depth_imbalance_1,60,activity_bucket,low,11,0.996892667231274,0.815324845558793,0.11497556870355709,0.6219120087726602,0.0012305062670910955,-0.01039901686144022
highest-temperature-in-qingdao-on-june-6-2026,Qingdao,clean,depth_imbalance_1,60,activity_bucket,medium,11,0.9985042451014543,0.7567930108557571,0.07752648922120063,0.5502398672589469,0.001028989291202829,-0.008847975427994577
highest-temperature-in-qingdao-on-june-6-2026,Qingdao,clean,depth_imbalance_1,60,lifecycle_bucket,early,11,0.9954749314880078,0.6758854965332636,0.06834500469190638,0.5170325021098935,0.0010728712349337545,-0.013152254063896479
highest-temperature-in-qingdao-on-june-6-2026,Qingdao,clean,depth_imbalance_1,60,lifecycle_bucket,mid,10,0.994805109500254,0.5591827117424362,0.05240114978272344,0.5067717866935155,0.0013805092590640925,-0.01652341765416647
highest-temperature-in-qingdao-on-june-6-2026,Qingdao,clean,depth_imbalance_1,60,price_bucket,"(0.80,0.96]",1,1.0,0.24430255402750492,0.21425888786433364,0.4734607218683652,0.0021215391638543272,-0.02367359864879128
highest-temperature-in-qingdao-on-june-6-2026,Qingdao,clean,depth_imbalance_1,60,price_bucket,"(0.96,1]",1,0.999860588317301,0.39228945900725043,-0.1843297341727293,0.3926809682230125,0.00044533084177209253,-0.006401422197434475
highest-temperature-in-qingdao-on-june-6-2026,Qingdao,clean,depth_imbalance_1,60,price_bucket,"[0,0.04)",10,0.9865106064255735,0.721253139981723,0.12877814735951906,0.5880489388030892,0.00040966695451069855,-0.003056274655841814
highest-temperature-in-qingdao-on-june-6-2026,Qingdao,clean,depth_imbalance_1,60,price_bucket,"[0.04,0.20)",10,0.8772658108258344,0.4322478615115424,0.08839570578413936,0.527318097387893,0.010828927457225712,-0.03010242881085312
highest-temperature-in-qingdao-on-june-6-2026,Qingdao,clean,depth_imbalance_1,60,price_bucket,"[0.20,0.80]",7,0.9802019199697447,0.2545156531261158,-0.05048823731514069,0.643085195611737,-0.0018389474989770206,-0.06712595074076412
highest-temperature-in-qingdao-on-june-6-2026,Qingdao,clean,depth_imbalance_1,60,spread_bucket,medium,11,0.9937662852619092,0.6687812715525744,0.04652317420628239,0.4710539918897376,-0.00011224924030557214,-0.010049937017301253
highest-temperature-in-qingdao-on-june-6-2026,Qingdao,clean,depth_imbalance_1,60,spread_bucket,tight,11,0.9940218020318277,0.7605885835661557,0.05512400326928332,0.6180857974254226,0.0018148471134443794,-0.003073168886730289
highest-temperature-in-qingdao-on-june-6-2026,Qingdao,clean,depth_imbalance_1,60,spread_bucket,wide,11,0.9968648882378047,0.41988418832621394,0.05583723340133764,0.5101073476329882,0.002440386347388461,-0.030879569803066942
highest-temperature-in-qingdao-on-june-6-2026,Qingdao,clean,depth_imbalance_1,120,activity_bucket,high,11,0.9864450305329371,0.4729760296509502,0.07649915945260166,0.48949874751495825,0.0019083542508178534,-0.017171151670167667
highest-temperature-in-qingdao-on-june-6-2026,Qingdao,clean,depth_imbalance_1,120,activity_bucket,low,11,0.9946813470125438,0.7637231358615726,0.10173101685249673,0.5861703004024396,0.0016883575017338605,-0.010339798312242753
highest-temperature-in-qingdao-on-june-6-2026,Qingdao,clean,depth_imbalance_1,120,activity_bucket,medium,11,0.9977908424985125,0.6997755925927677,0.07146293055521756,0.5383794186224471,0.0014619278632694716,-0.0087841983487763
highest-temperature-in-qingdao-on-june-6-2026,Qingdao,clean,depth_imbalance_1,120,lifecycle_bucket,early,11,0.9946449302295268,0.6267467409568391,0.06677002873850589,0.515313137030969,0.0019110774095992234,-0.01308362468565301
highest-temperature-in-qingdao-on-june-6-2026,Qingdao,clean,depth_imbalance_1,120,lifecycle_bucket,mid,10,0.9883805540437323,0.4872668599768054,0.059790810084461396,0.49654403426809574,0.0014412707166256906,-0.016335741116929047
highest-temperature-in-qingdao-on-june-6-2026,Qingdao,clean,depth_imbalance_1,120,overall,all,11,0.9902108135850457,0.5531661497688172,0.06149652770172262,0.49757827183272435,0.0015770876814741063,-0.014424101735139576
highest-temperature-in-qingdao-on-june-6-2026,Qingdao,clean,depth_imbalance_1,120,price_bucket,"(0.80,0.96]",1,1.0,0.15648330058939097,0.19032420284586254,0.5364720652856246,0.003075544460272092,-0.022145571624617312
highest-temperature-in-qingdao-on-june-6-2026,Qingdao,clean,depth_imbalance_1,120,price_bucket,"(0.96,1]",1,0.999860588317301,0.13134411600669268,-0.4074232359001948,0.2645264847512038,-0.0021049112152315536,-0.0075102133296151815
highest-temperature-in-qingdao-on-june-6-2026,Qingdao,clean,depth_imbalance_1,120,price_bucket,"[0,0.04)",10,0.9723681706297673,0.6550248519978707,0.09076743104562865,0.5478777681095233,0.0004013192590462293,-0.003035383246438579
highest-temperature-in-qingdao-on-june-6-2026,Qingdao,clean,depth_imbalance_1,120,price_bucket,"[0.04,0.20)",10,0.9274591633645436,0.33310250495267335,0.21772644297626775,0.5960463596428675,0.009824117876770554,-0.025554306925389438
highest-temperature-in-qingdao-on-june-6-2026,Qingdao,clean,depth_imbalance_1,120,price_bucket,"[0.20,0.80]",7,0.9749037881636865,0.2124897819616891,0.07525287462327042,0.6223203811995128,0.005728918298718021,-0.06502313097315905
highest-temperature-in-qingdao-on-june-6-2026,Qingdao,clean,depth_imbalance_1,120,spread_bucket,medium,11,0.9863671217368352,0.6009591191018779,0.035330971620418046,0.4479129465589835,-0.0023901127782932972,-0.010806247250667277
highest-temperature-in-qingdao-on-june-6-2026,Qingdao,clean,depth_imbalance_1,120,spread_bucket,tight,11,0.9912803036837151,0.7025282723275749,0.06019507798253134,0.5984296820636525,0.002954362815601368,-0.002637581394182753
highest-temperature-in-qingdao-on-june-6-2026,Qingdao,clean,depth_imbalance_1,120,spread_bucket,wide,11,0.9929848769950357,0.3556113085160917,0.05630454697039647,0.4998844388398597,0.0036113767963859237,-0.03026493440219987
highest-temperature-in-qingdao-on-june-6-2026,Qingdao,clean,depth_imbalance_1,300,activity_bucket,high,11,0.9767072456977716,0.39490646711334354,0.041484013766117205,0.4915450071047708,-0.001231942180264463,-0.018924834071441656
highest-temperature-in-qingdao-on-june-6-2026,Qingdao,clean,depth_imbalance_1,300,activity_bucket,low,11,0.9903316837607984,0.6628581834191641,0.11035766625131092,0.5690062818531703,0.002505904488382422,-0.010231466417898016
highest-temperature-in-qingdao-on-june-6-2026,Qingdao,clean,depth_imbalance_1,300,activity_bucket,medium,11,0.9948764398434178,0.6176432546096584,0.08570603795236785,0.5441035043680125,0.0021356029858360056,-0.008482596793076768
highest-temperature-in-qingdao-on-june-6-2026,Qingdao,clean,depth_imbalance_1,300,lifecycle_bucket,early,11,0.9935400989068632,0.5705699763987133,0.06197000144303277,0.5235348333572646,0.001930476199858259,-0.012929721571729698
highest-temperature-in-qingdao-on-june-6-2026,Qingdao,clean,depth_imbalance_1,300,lifecycle_bucket,mid,10,0.9787922870715059,0.39313055247874085,0.03153281623912876,0.4912977989857198,-0.0010439481588282481,-0.018150559927244094
highest-temperature-in-qingdao-on-june-6-2026,Qingdao,clean,depth_imbalance_1,300,price_bucket,"(0.80,0.96]",1,1.0,0.1268172888015717,0.10972066873302806,0.2970236643083679,0.020656093270490134,-0.03950575319328616
highest-temperature-in-qingdao-on-june-6-2026,Qingdao,clean,depth_imbalance_1,300,price_bucket,"(0.96,1]",1,0.9994423532692039,0.04875156925652113,-0.441618860072219,0.33103599970672337,-0.003913699554380154,-0.009236853117589625
highest-temperature-in-qingdao-on-june-6-2026,Qingdao,clean,depth_imbalance_1,300,price_bucket,"[0,0.04)",10,0.9395050202128763,0.5509736998782614,0.0889931075915855,0.5367011183073066,0.0005173094391322582,-0.0029345604357828253
highest-temperature-in-qingdao-on-june-6-2026,Qingdao,clean,depth_imbalance_1,300,price_bucket,"[0.04,0.20)",10,0.921122894634615,0.2624538644534057,0.1745041752708452,0.602146737031989,0.009081955964852943,-0.02493541837138761
highest-temperature-in-qingdao-on-june-6-2026,Qingdao,clean,depth_imbalance_1,300,price_bucket,"[0.20,0.80]",7,0.9636745451131141,0.15240308875654923,0.09714311832127667,0.6111377042512398,0.007737937707448102,-0.06653482135226514
highest-temperature-in-qingdao-on-june-6-2026,Qingdao,clean,depth_imbalance_1,300,spread_bucket,medium,11,0.9730156629927297,0.5084540693256902,0.04824876059784308,0.45103782563232303,-0.004066655326147536,-0.011080025398062458
highest-temperature-in-qingdao-on-june-6-2026,Qingdao,clean,depth_imbalance_1,300,spread_bucket,tight,11,0.986480145895882,0.6170255132210896,0.07824138022277753,0.5833725532453345,0.00470719264974793,-0.0034835473671264742
highest-temperature-in-qingdao-on-june-6-2026,Qingdao,clean,depth_imbalance_1,300,spread_bucket,wide,11,0.9885920978166888,0.2922795411973894,-0.010138696190670635,0.4786837653425286,-0.002281373708932431,-0.032544053711702194
highest-temperature-in-qingdao-on-june-6-2026,Qingdao,clean,depth_imbalance_1,600,activity_bucket,high,11,0.967041275547114,0.34143812076964736,0.06498531596128916,0.47940825447092555,0.002469200687943916,-0.019513381162718866
highest-temperature-in-qingdao-on-june-6-2026,Qingdao,clean,depth_imbalance_1,600,activity_bucket,low,11,0.9809770451392171,0.5624132396059508,0.14920756260602736,0.5883415438808276,0.004308544751016122,-0.009799608294466413
highest-temperature-in-qingdao-on-june-6-2026,Qingdao,clean,depth_imbalance_1,600,activity_bucket,medium,11,0.9902965894391538,0.5371910105896158,0.1195223201205303,0.5520981901507418,0.0035534284405797857,-0.008009150574495486
highest-temperature-in-qingdao-on-june-6-2026,Qingdao,clean,depth_imbalance_1,600,lifecycle_bucket,early,11,0.9868540616850616,0.507970894340808,0.1217189613121289,0.5464202435432693,0.004228985014139667,-0.012599420285020979
highest-temperature-in-qingdao-on-june-6-2026,Qingdao,clean,depth_imbalance_1,600,lifecycle_bucket,mid,10,0.9696022163081756,0.3278647109966791,0.04257666231811001,0.49173135269017687,-8.436998114613433e-07,-0.018654521182396973
highest-temperature-in-qingdao-on-june-6-2026,Qingdao,clean,depth_imbalance_1,600,overall,all,11,0.9743424876432506,0.4080440673446478,0.07220396414465231,0.5074551591540092,0.0017462011290473637,-0.015799268023932098
highest-temperature-in-qingdao-on-june-6-2026,Qingdao,clean,depth_imbalance_1,600,price_bucket,"(0.80,0.96]",1,1.0,0.05992141453831041,0.19740524981608545,0.40787543721087666,0.04397639042916278,-0.04939507019951438
highest-temperature-in-qingdao-on-june-6-2026,Qingdao,clean,depth_imbalance_1,600,price_bucket,"(0.96,1]",1,0.999163529903806,0.04953257988000558,-0.010889139074128877,0.4277011156782149,-0.0024900165471594213,-0.009539521417608473
highest-temperature-in-qingdao-on-june-6-2026,Qingdao,clean,depth_imbalance_1,600,price_bucket,"[0,0.04)",10,0.9138915600875404,0.45815647328535186,0.17985371769772496,0.5723244237798994,0.004563934995302293,-0.0017465523811169802
highest-temperature-in-qingdao-on-june-6-2026,Qingdao,clean,depth_imbalance_1,600,price_bucket,"[0.04,0.20)",10,0.9203740662254027,0.1840093632827403,0.2538453511841364,0.6251260480627525,0.014422386464392114,-0.02484375211394105
highest-temperature-in-qingdao-on-june-6-2026,Qingdao,clean,depth_imbalance_1,600,price_bucket,"[0.20,0.80]",7,0.9458925803648137,0.12571332136479466,0.14009410713342846,0.6150324020832575,0.020308894003822235,-0.06803538573893118
highest-temperature-in-qingdao-on-june-6-2026,Qingdao,clean,depth_imbalance_1,600,spread_bucket,medium,11,0.9617303834378542,0.42591711676689725,0.06433435280950821,0.4550862440476182,-0.005085396696775108,-0.014415563787155628
highest-temperature-in-qingdao-on-june-6-2026,Qingdao,clean,depth_imbalance_1,600,spread_bucket,tight,11,0.9818224515926702,0.5513526111762713,0.08748043178742884,0.5982779718677634,0.007228805180304263,-0.0033319155943263633
highest-temperature-in-qingdao-on-june-6-2026,Qingdao,clean,depth_imbalance_1,600,spread_bucket,wide,11,0.9794739279689246,0.24649984239994344,0.06311761561916586,0.4834190270214973,0.005744875228026674,-0.029963064741593923
highest-temperature-in-qingdao-on-june-6-2026,Qingdao,clean,depth_imbalance_1,900,activity_bucket,high,11,0.9568983249721097,0.2993453341361791,0.0747657231038124,0.46113330257331653,0.006571591889385969,-0.01920135125716739
highest-temperature-in-qingdao-on-june-6-2026,Qingdao,clean,depth_imbalance_1,900,activity_bucket,low,11,0.9717788395509241,0.4955854226305048,0.16910405039321752,0.5823019693772556,0.005632814955108907,-0.009356952788409655
highest-temperature-in-qingdao-on-june-6-2026,Qingdao,clean,depth_imbalance_1,900,activity_bucket,medium,11,0.9849679721923977,0.47749315047114477,0.14527656796296817,0.5675440462494635,0.004497903831448764,-0.007745378382872254
highest-temperature-in-qingdao-on-june-6-2026,Qingdao,clean,depth_imbalance_1,900,lifecycle_bucket,early,11,0.9823556107204723,0.4648790916611988,0.14218742749383284,0.5682315427704999,0.005992124538016508,-0.012089411500418323
highest-temperature-in-qingdao-on-june-6-2026,Qingdao,clean,depth_imbalance_1,900,lifecycle_bucket,mid,10,0.9620843260508126,0.27609193868536935,0.059288609836430715,0.4760834316237935,0.005922513757148873,-0.018298004282303233
highest-temperature-in-qingdao-on-june-6-2026,Qingdao,clean,depth_imbalance_1,900,price_bucket,"(0.80,0.96]",1,1.0,0.017288801571709235,0.05559220432211069,0.3780789501989889,0.011794622080516987,-0.05947302860762164
highest-temperature-in-qingdao-on-june-6-2026,Qingdao,clean,depth_imbalance_1,900,price_bucket,"(0.96,1]",1,0.9965147079325247,0.02483212087297146,-0.5250404398504381,0.08794204146044043,-0.007103049950219799,-0.013010597369893679
highest-temperature-in-qingdao-on-june-6-2026,Qingdao,clean,depth_imbalance_1,900,price_bucket,"[0,0.04)",10,0.8587386797335614,0.4043202514726823,0.1337894407040136,0.5489055314881294,0.001988378259412793,-0.001689850151745144
highest-temperature-in-qingdao-on-june-6-2026,Qingdao,clean,depth_imbalance_1,900,price_bucket,"[0.04,0.20)",10,0.9886080905944148,0.1489531515486775,0.2206892310911135,0.6021718960027871,0.02847228374578291,-0.026846394190073536
highest-temperature-in-qingdao-on-june-6-2026,Qingdao,clean,depth_imbalance_1,900,price_bucket,"[0.20,0.80]",7,0.9177636472721812,0.10180368758283927,0.22760834121049922,0.6154661416811472,0.034754278219944784,-0.05675968075932068
highest-temperature-in-qingdao-on-june-6-2026,Qingdao,clean,depth_imbalance_1,900,spread_bucket,medium,11,0.9544956345389134,0.3643974797761464,0.08857352943344533,0.45692909662946907,-0.004134928189655493,-0.014517181972976035
highest-temperature-in-qingdao-on-june-6-2026,Qingdao,clean,depth_imbalance_1,900,spread_bucket,tight,11,0.9747387837707716,0.4938565296736272,0.0905509288772223,0.5866121844368035,0.008858393020929306,-0.0028462317988405235
highest-temperature-in-qingdao-on-june-6-2026,Qingdao,clean,depth_imbalance_1,900,spread_bucket,wide,11,0.9704030527386975,0.2205323678893844,0.08982942414183409,0.47499189996322555,0.01077801269857235,-0.02917765130772632
highest-temperature-in-qingdao-on-june-6-2026,Qingdao,clean,depth_imbalance_3,30,overall,all,11,0.9966694529052442,0.6651071943744765,0.027858083775766464,0.4978352463531952,0.0007637036349188401,-0.014783843603900232
highest-temperature-in-qingdao-on-june-6-2026,Qingdao,clean,depth_imbalance_3,120,overall,all,11,0.9902108135850457,0.5531661497688172,0.03225143986372952,0.46955096331373575,0.0024947578290693954,-0.014338847226272043
highest-temperature-in-qingdao-on-june-6-2026,Qingdao,clean,depth_imbalance_3,600,overall,all,11,0.9743424876432506,0.4080440673446478,0.04694525904221559,0.483869273993815,0.003756570094387246,-0.015001776734687632
highest-temperature-in-qingdao-on-june-6-2026,Qingdao,clean,depth_imbalance_5,30,overall,all,11,0.9966694529052442,0.6651071943744765,0.0070268244890470755,0.48792501951138045,0.0009441131307926558,-0.014695355173438375
highest-temperature-in-qingdao-on-june-6-2026,Qingdao,clean,depth_imbalance_5,120,overall,all,11,0.9902108135850457,0.5531661497688172,0.00778591437203337,0.46546088914995776,0.002340599601609587,-0.014278319935103489
highest-temperature-in-qingdao-on-june-6-2026,Qingdao,clean,depth_imbalance_5,600,overall,all,11,0.9743424876432506,0.4080440673446478,0.04144395291340779,0.48419846894363694,0.004516702353299296,-0.014664747960056158
highest-temperature-in-qingdao-on-june-6-2026,Qingdao,clean,depth_slope,30,overall,all,11,0.9966694529052442,0.6651071943744765,-0.0026494138530476353,0.5182008417368136,-0.000725090915549114,-0.014992770100484727
highest-temperature-in-qingdao-on-june-6-2026,Qingdao,clean,depth_slope,120,overall,all,11,0.9902108135850457,0.5531661497688172,-0.017561162020298893,0.544424012879687,-0.0009494099039359636,-0.015142817477536574
highest-temperature-in-qingdao-on-june-6-2026,Qingdao,clean,depth_slope,600,overall,all,11,0.9743424876432506,0.4080440673446478,-0.008163341903267925,0.5565368043260406,-0.002354543324727672,-0.01507167357921287
highest-temperature-in-qingdao-on-june-6-2026,Qingdao,clean,distance_to_zero_one,30,overall,all,11,0.9966694529052442,0.6651071943744765,-0.08851054079082343,0.464007216608363,-0.0018935704959046078,-0.015199424431018876
highest-temperature-in-qingdao-on-june-6-2026,Qingdao,clean,distance_to_zero_one,120,overall,all,11,0.9902108135850457,0.5531661497688172,-0.13515280076516137,0.42463802804168654,-0.006183076505843903,-0.015492860792409512
highest-temperature-in-qingdao-on-june-6-2026,Qingdao,clean,distance_to_zero_one,600,overall,all,11,0.9743424876432506,0.4080440673446478,-0.16214976121193303,0.43288279056517925,-0.018280807985732134,-0.015981803857037045
highest-temperature-in-qingdao-on-june-6-2026,Qingdao,clean,microprice_minus_mid,30,activity_bucket,high,11,0.9957430483188329,0.5923996295494389,-0.00871293354324385,0.49491088568527375,0.0006433173943624849,-0.017204540761036443
highest-temperature-in-qingdao-on-june-6-2026,Qingdao,clean,microprice_minus_mid,30,activity_bucket,low,11,0.9975627082038919,0.8603048040305192,0.06684579915657789,0.6528292769529275,0.0008251815304967838,-0.010634796107228011
highest-temperature-in-qingdao-on-june-6-2026,Qingdao,clean,microprice_minus_mid,30,activity_bucket,medium,11,0.9990238628671361,0.7972444748972979,0.03671462624447459,0.5676250944198274,0.000669637784367611,-0.008925353478340224
highest-temperature-in-qingdao-on-june-6-2026,Qingdao,clean,microprice_minus_mid,30,lifecycle_bucket,early,11,0.9971279155637561,0.7137844406703407,0.03699455633729276,0.5332627302283718,0.001019196145375366,-0.013056512189901927
highest-temperature-in-qingdao-on-june-6-2026,Qingdao,clean,microprice_minus_mid,30,lifecycle_bucket,mid,10,0.9965858069717644,0.6156333388383998,-0.005585583159791492,0.520108598125865,0.0005559899172967707,-0.01650961199200147
highest-temperature-in-qingdao-on-june-6-2026,Qingdao,clean,microprice_minus_mid,30,overall,all,11,0.9966694529052442,0.6651071943744765,0.004038372994957331,0.5132082887456078,0.0005968544098423341,-0.014515046694045013
highest-temperature-in-qingdao-on-june-6-2026,Qingdao,clean,microprice_minus_mid,30,price_bucket,"(0.80,0.96]",1,1.0,0.28447937131630646,0.12733995775256085,0.46129266521423384,0.00042247197308479254,-0.024007337742868937
highest-temperature-in-qingdao-on-june-6-2026,Qingdao,clean,microprice_minus_mid,30,price_bucket,"(0.96,1]",1,0.999860588317301,0.5674846625766872,-0.13718401764358293,0.38878143133462284,0.0017530588591009705,-0.006453778583379823
highest-temperature-in-qingdao-on-june-6-2026,Qingdao,clean,microprice_minus_mid,30,price_bucket,"[0,0.04)",10,0.992324909658015,0.7656716017948011,0.07114985984252299,0.6068327847674022,0.00010594996714726632,-0.003160425840418581
highest-temperature-in-qingdao-on-june-6-2026,Qingdao,clean,microprice_minus_mid,30,price_bucket,"[0.04,0.20)",10,0.8854742630060171,0.49958676948493125,0.1440988964141239,0.5541535320628657,0.010465630904320095,-0.028011969173071923
highest-temperature-in-qingdao-on-june-6-2026,Qingdao,clean,microprice_minus_mid,30,price_bucket,"[0.20,0.80]",7,0.986541494665461,0.4628032342563198,-0.0938769591551903,0.6132160932524583,-0.004530281186907893,-0.08187023492688748
highest-temperature-in-qingdao-on-june-6-2026,Qingdao,clean,microprice_minus_mid,30,spread_bucket,medium,11,0.996496474698753,0.7186140529459363,0.06669992739113992,0.5126856561940117,0.0006504390920445408,-0.009505079779636173
highest-temperature-in-qingdao-on-june-6-2026,Qingdao,clean,microprice_minus_mid,30,spread_bucket,tight,11,0.9962403641619165,0.7947772689883542,0.049070900343671515,0.6383864464931198,0.0013702540326749697,-0.0034935990367823077
highest-temperature-in-qingdao-on-june-6-2026,Qingdao,clean,microprice_minus_mid,30,spread_bucket,wide,11,0.9972714425751428,0.48186717094529724,0.012019403433075605,0.5057375727042598,0.001062073020191835,-0.030935822879270006
highest-temperature-in-qingdao-on-june-6-2026,Qingdao,clean,microprice_minus_mid,60,activity_bucket,high,11,0.9932842463923529,0.5378184506501844,-0.017879365662684336,0.4967317382302191,0.00012809384196738407,-0.017342177401119662
highest-temperature-in-qingdao-on-june-6-2026,Qingdao,clean,microprice_minus_mid,60,activity_bucket,low,11,0.996892667231274,0.815324845558793,0.07264867413310816,0.6223069189534505,0.000971055343575285,-0.010562112673195064
highest-temperature-in-qingdao-on-june-6-2026,Qingdao,clean,microprice_minus_mid,60,activity_bucket,medium,11,0.9985042451014543,0.7567930108557571,0.035178602299509705,0.549476285898966,0.0006899458965433537,-0.008897755973505783
highest-temperature-in-qingdao-on-june-6-2026,Qingdao,clean,microprice_minus_mid,60,lifecycle_bucket,early,11,0.9954749314880078,0.6758854965332636,0.01204904162131475,0.5160711681612249,0.0004467634975537054,-0.013209999718938152
highest-temperature-in-qingdao-on-june-6-2026,Qingdao,clean,microprice_minus_mid,60,lifecycle_bucket,mid,10,0.994805109500254,0.5591827117424362,-0.013817062011440048,0.5062716309445809,3.877747002334818e-05,-0.016554424428115822
highest-temperature-in-qingdao-on-june-6-2026,Qingdao,clean,microprice_minus_mid,60,price_bucket,"(0.80,0.96]",1,1.0,0.24430255402750492,0.11510427521663584,0.46064942212438087,-0.0023124348576026997,-0.024137040099214534
highest-temperature-in-qingdao-on-june-6-2026,Qingdao,clean,microprice_minus_mid,60,price_bucket,"(0.96,1]",1,0.999860588317301,0.39228945900725043,-0.18013573937681898,0.3926809682230125,0.002005719612981215,-0.006401422197434475
highest-temperature-in-qingdao-on-june-6-2026,Qingdao,clean,microprice_minus_mid,60,price_bucket,"[0,0.04)",10,0.9865106064255735,0.721253139981723,0.0669893968037403,0.5863600335157674,-0.0002228702102272739,-0.003122129473715619
highest-temperature-in-qingdao-on-june-6-2026,Qingdao,clean,microprice_minus_mid,60,price_bucket,"[0.04,0.20)",10,0.8772658108258344,0.4322478615115424,0.061342043202177204,0.5267157801312021,0.009694955950392891,-0.030106286867870462
highest-temperature-in-qingdao-on-june-6-2026,Qingdao,clean,microprice_minus_mid,60,price_bucket,"[0.20,0.80]",7,0.9802019199697447,0.2545156531261158,-0.06609548355893831,0.6404794314144152,-0.003483613409209621,-0.06750578711896597
highest-temperature-in-qingdao-on-june-6-2026,Qingdao,clean,microprice_minus_mid,60,spread_bucket,medium,11,0.9937662852619092,0.6687812715525744,0.038231479297829565,0.47070114032267507,-0.0011800127621124541,-0.010052613023127746
highest-temperature-in-qingdao-on-june-6-2026,Qingdao,clean,microprice_minus_mid,60,spread_bucket,tight,11,0.9940218020318277,0.7605885835661557,0.04719407151429982,0.6163910111915738,0.002325160027756904,-0.0031382845930215996
highest-temperature-in-qingdao-on-june-6-2026,Qingdao,clean,microprice_minus_mid,60,spread_bucket,wide,11,0.9968648882378047,0.41988418832621394,0.011931640199955679,0.5100031737159026,0.0012288870599879874,-0.03091405424767828
highest-temperature-in-qingdao-on-june-6-2026,Qingdao,clean,microprice_minus_mid,120,activity_bucket,high,11,0.9864450305329371,0.4729760296509502,-0.02347505163833572,0.48904312408963496,0.0016073291819839442,-0.017207797229744907
highest-temperature-in-qingdao-on-june-6-2026,Qingdao,clean,microprice_minus_mid,120,activity_bucket,low,11,0.9946813470125438,0.7637231358615726,0.06552480303315102,0.5857153498785078,0.0011115448761114105,-0.010522277090464103
highest-temperature-in-qingdao-on-june-6-2026,Qingdao,clean,microprice_minus_mid,120,activity_bucket,medium,11,0.9977908424985125,0.6997755925927677,0.02239581217494975,0.537269735786155,0.0008579603639358757,-0.008851955906771286
highest-temperature-in-qingdao-on-june-6-2026,Qingdao,clean,microprice_minus_mid,120,lifecycle_bucket,early,11,0.9946449302295268,0.6267467409568391,0.007307049740647658,0.5139906202523638,0.0008835893500274329,-0.013167050829907755
highest-temperature-in-qingdao-on-june-6-2026,Qingdao,clean,microprice_minus_mid,120,lifecycle_bucket,mid,10,0.9883805540437323,0.4872668599768054,-0.019632308850761743,0.49610846899088834,0.001181843690834003,-0.016376810287824055
highest-temperature-in-qingdao-on-june-6-2026,Qingdao,clean,microprice_minus_mid,120,overall,all,11,0.9902108135850457,0.5531661497688172,-0.01106630666451386,0.49679019709570293,0.0007197008207820593,-0.014479041371642305
highest-temperature-in-qingdao-on-june-6-2026,Qingdao,clean,microprice_minus_mid,120,price_bucket,"(0.80,0.96]",1,1.0,0.15648330058939097,0.07945795297008307,0.5235063663075417,-0.003929948814596561,-0.023119057461761038
highest-temperature-in-qingdao-on-june-6-2026,Qingdao,clean,microprice_minus_mid,120,price_bucket,"(0.96,1]",1,0.999860588317301,0.13134411600669268,-0.3806066189773545,0.2645264847512038,-2.602441904058471e-06,-0.0075102133296151815
highest-temperature-in-qingdao-on-june-6-2026,Qingdao,clean,microprice_minus_mid,120,price_bucket,"[0,0.04)",10,0.9723681706297673,0.6550248519978707,0.02305035346649392,0.5467565678923789,-0.00023982884190709478,-0.0031037897666477392
highest-temperature-in-qingdao-on-june-6-2026,Qingdao,clean,microprice_minus_mid,120,price_bucket,"[0.04,0.20)",10,0.9274591633645436,0.33310250495267335,0.22767882525101552,0.5382367808496463,0.010098316594349325,-0.036360676103719354
highest-temperature-in-qingdao-on-june-6-2026,Qingdao,clean,microprice_minus_mid,120,price_bucket,"[0.20,0.80]",7,0.9749037881636865,0.2124897819616891,0.04497582173413228,0.6194292975569677,0.007574008728094175,-0.0657939076547597
highest-temperature-in-qingdao-on-june-6-2026,Qingdao,clean,microprice_minus_mid,120,spread_bucket,medium,11,0.9863671217368352,0.6009591191018779,0.027593040970557325,0.4474727722507279,-0.0013386687414747042,-0.010811951294698828
highest-temperature-in-qingdao-on-june-6-2026,Qingdao,clean,microprice_minus_mid,120,spread_bucket,tight,11,0.9912803036837151,0.7025282723275749,0.04556572035536776,0.5970821842304402,0.003227860131922645,-0.0027217804888425333
highest-temperature-in-qingdao-on-june-6-2026,Qingdao,clean,microprice_minus_mid,120,spread_bucket,wide,11,0.9929848769950357,0.3556113085160917,0.008789859093163505,0.49866250365275966,0.002970639105724661,-0.030334145396349876
highest-temperature-in-qingdao-on-june-6-2026,Qingdao,clean,microprice_minus_mid,300,activity_bucket,high,11,0.9767072456977716,0.39490646711334354,-0.07151999074569793,0.49122487684108473,-0.005379990208621846,-0.018961731656824358
highest-temperature-in-qingdao-on-june-6-2026,Qingdao,clean,microprice_minus_mid,300,activity_bucket,low,11,0.9903316837607984,0.6628581834191641,0.06882465647579528,0.5684570245461796,0.001973534982384701,-0.010489626265413764
highest-temperature-in-qingdao-on-june-6-2026,Qingdao,clean,microprice_minus_mid,300,activity_bucket,medium,11,0.9948764398434178,0.6176432546096584,0.0397312412771919,0.5431652370970135,0.0017375248702307603,-0.008573453123302056
highest-temperature-in-qingdao-on-june-6-2026,Qingdao,clean,microprice_minus_mid,300,lifecycle_bucket,early,11,0.9935400989068632,0.5705699763987133,-0.0036588210938203747,0.5225929716312728,-0.00024722795765703596,-0.013044485685272732
highest-temperature-in-qingdao-on-june-6-2026,Qingdao,clean,microprice_minus_mid,300,lifecycle_bucket,mid,10,0.9787922870715059,0.39313055247874085,-0.05787485436820701,0.4910198541466477,-0.005874098719956784,-0.018190630598327658
highest-temperature-in-qingdao-on-june-6-2026,Qingdao,clean,microprice_minus_mid,300,price_bucket,"(0.80,0.96]",1,1.0,0.1268172888015717,-0.1817897088412949,0.2898464468515653,0.00029203598118879986,-0.040870504340636604
highest-temperature-in-qingdao-on-june-6-2026,Qingdao,clean,microprice_minus_mid,300,price_bucket,"(0.96,1]",1,0.9994423532692039,0.04875156925652113,-0.46176151311599484,0.33103599970672337,-0.002017794511475255,-0.009236853117589625
highest-temperature-in-qingdao-on-june-6-2026,Qingdao,clean,microprice_minus_mid,300,price_bucket,"[0,0.04)",10,0.9395050202128763,0.5509736998782614,0.04143616123821893,0.535805724889433,4.14995273679914e-05,-0.0030038557506736497
highest-temperature-in-qingdao-on-june-6-2026,Qingdao,clean,microprice_minus_mid,300,price_bucket,"[0.04,0.20)",10,0.921122894634615,0.2624538644534057,0.17283900303635563,0.5444684200964409,0.005237574580351786,-0.03574170066152331
highest-temperature-in-qingdao-on-june-6-2026,Qingdao,clean,microprice_minus_mid,300,price_bucket,"[0.20,0.80]",7,0.9636745451131141,0.15240308875654923,0.050044082304852446,0.6090734053510414,0.005102396871791695,-0.06761006417291479
highest-temperature-in-qingdao-on-june-6-2026,Qingdao,clean,microprice_minus_mid,300,spread_bucket,medium,11,0.9730156629927297,0.5084540693256902,0.044805623503452324,0.45071688070698385,-0.002689233422341814,-0.01108519361378754
highest-temperature-in-qingdao-on-june-6-2026,Qingdao,clean,microprice_minus_mid,300,spread_bucket,tight,11,0.986480145895882,0.6170255132210896,0.04979712774285743,0.5822686584137341,0.0044894088573838135,-0.0035801479740298226
highest-temperature-in-qingdao-on-june-6-2026,Qingdao,clean,microprice_minus_mid,300,spread_bucket,wide,11,0.9885920978166888,0.2922795411973894,-0.06975674504553042,0.4780461035080087,-0.007102314597548171,-0.032626364738817935
highest-temperature-in-qingdao-on-june-6-2026,Qingdao,clean,microprice_minus_mid,600,activity_bucket,high,11,0.967041275547114,0.34143812076964736,-0.0596370954216942,0.4790947892354768,-0.003115268962256902,-0.019590937290406573
highest-temperature-in-qingdao-on-june-6-2026,Qingdao,clean,microprice_minus_mid,600,activity_bucket,low,11,0.9809770451392171,0.5624132396059508,0.10515839360840085,0.5875940297383653,0.004203088013322784,-0.010069089222423779
highest-temperature-in-qingdao-on-june-6-2026,Qingdao,clean,microprice_minus_mid,600,activity_bucket,medium,11,0.9902965894391538,0.5371910105896158,0.054669154679145564,0.551667407349277,0.003262972500959074,-0.008101113309530337
highest-temperature-in-qingdao-on-june-6-2026,Qingdao,clean,microprice_minus_mid,600,lifecycle_bucket,early,11,0.9868540616850616,0.507970894340808,0.01892621136723716,0.5461747040769208,0.0007924337869738729,-0.01271969206531251
highest-temperature-in-qingdao-on-june-6-2026,Qingdao,clean,microprice_minus_mid,600,lifecycle_bucket,mid,10,0.9696022163081756,0.3278647109966791,-0.0586184514123157,0.49141584274006594,-0.005089722112087337,-0.01873927916830762
highest-temperature-in-qingdao-on-june-6-2026,Qingdao,clean,microprice_minus_mid,600,overall,all,11,0.9743424876432506,0.4080440673446478,-0.020345769484270904,0.5070124713972516,-0.0018512910568433026,-0.015889178781544257
highest-temperature-in-qingdao-on-june-6-2026,Qingdao,clean,microprice_minus_mid,600,price_bucket,"(0.80,0.96]",1,1.0,0.05992141453831041,0.012532111502140031,0.3987425545996029,0.018795535476779618,-0.05074767465894996
highest-temperature-in-qingdao-on-june-6-2026,Qingdao,clean,microprice_minus_mid,600,price_bucket,"(0.96,1]",1,0.999163529903806,0.04953257988000558,-0.2152548451660603,0.4277011156782149,-0.002441015531540149,-0.009539521417608473
highest-temperature-in-qingdao-on-june-6-2026,Qingdao,clean,microprice_minus_mid,600,price_bucket,"[0,0.04)",10,0.9138915600875404,0.45815647328535186,0.11602175399786852,0.5715190842311061,0.004422245866969913,-0.001904253206970617
highest-temperature-in-qingdao-on-june-6-2026,Qingdao,clean,microprice_minus_mid,600,price_bucket,"[0.04,0.20)",10,0.9203740662254027,0.1840093632827403,0.24244783920670895,0.5676746330680643,0.007267475130012786,-0.03513525915922068
highest-temperature-in-qingdao-on-june-6-2026,Qingdao,clean,microprice_minus_mid,600,price_bucket,"[0.20,0.80]",7,0.9458925803648137,0.12571332136479466,0.10846200791841754,0.6117442423932745,0.010842798461525732,-0.06945751514924679
highest-temperature-in-qingdao-on-june-6-2026,Qingdao,clean,microprice_minus_mid,600,spread_bucket,medium,11,0.9617303834378542,0.42591711676689725,0.05671510667499598,0.45476736467344314,-0.006032470283274738,-0.014424761570039425
highest-temperature-in-qingdao-on-june-6-2026,Qingdao,clean,microprice_minus_mid,600,spread_bucket,tight,11,0.9818224515926702,0.5513526111762713,0.04961017471572126,0.5973447161111415,0.007155798299650352,-0.003491311897876727
highest-temperature-in-qingdao-on-june-6-2026,Qingdao,clean,microprice_minus_mid,600,spread_bucket,wide,11,0.9794739279689246,0.24649984239994344,0.007372862943665926,0.4831120015986322,0.0005662956367488039,-0.03007391630040277
highest-temperature-in-qingdao-on-june-6-2026,Qingdao,clean,microprice_minus_mid,900,activity_bucket,high,11,0.9568983249721097,0.2993453341361791,-0.06746547170869868,0.4609031108102606,0.0011656772663908123,-0.01929193714837845
highest-temperature-in-qingdao-on-june-6-2026,Qingdao,clean,microprice_minus_mid,900,activity_bucket,low,11,0.9717788395509241,0.4955854226305048,0.1161934640878103,0.5820083549227287,0.006066527389028176,-0.009584109943565402
highest-temperature-in-qingdao-on-june-6-2026,Qingdao,clean,microprice_minus_mid,900,activity_bucket,medium,11,0.9849679721923977,0.47749315047114477,0.06269539521455919,0.5671626582535538,0.003407779531960958,-0.00782716422543038
highest-temperature-in-qingdao-on-june-6-2026,Qingdao,clean,microprice_minus_mid,900,lifecycle_bucket,early,11,0.9823556107204723,0.4648790916611988,0.03265246963644494,0.5679268904311776,0.0026016370011164506,-0.01219286210806285
highest-temperature-in-qingdao-on-june-6-2026,Qingdao,clean,microprice_minus_mid,900,lifecycle_bucket,mid,10,0.9620843260508126,0.27609193868536935,-0.06954035399987021,0.47581758983562894,-0.0005734139457177287,-0.01839904477946018
highest-temperature-in-qingdao-on-june-6-2026,Qingdao,clean,microprice_minus_mid,900,price_bucket,"(0.80,0.96]",1,1.0,0.017288801571709235,-0.15058820095156517,0.37,-0.004272056086453896,-0.060764933856965665
highest-temperature-in-qingdao-on-june-6-2026,Qingdao,clean,microprice_minus_mid,900,price_bucket,"(0.96,1]",1,0.9965147079325247,0.02483212087297146,-0.64390926238388,0.08794204146044043,-0.0055758962659904895,-0.013010597369893679
highest-temperature-in-qingdao-on-june-6-2026,Qingdao,clean,microprice_minus_mid,900,price_bucket,"[0,0.04)",10,0.8587386797335614,0.4043202514726823,0.06789610705164088,0.5482930471824764,0.003928390080636878,-0.0019050178987161577
highest-temperature-in-qingdao-on-june-6-2026,Qingdao,clean,microprice_minus_mid,900,price_bucket,"[0.04,0.20)",10,0.9886080905944148,0.1489531515486775,0.19941046073062202,0.5447916264527214,0.014533653390828674,-0.03713955739487918
highest-temperature-in-qingdao-on-june-6-2026,Qingdao,clean,microprice_minus_mid,900,price_bucket,"[0.20,0.80]",7,0.9177636472721812,0.10180368758283927,0.20869440078684687,0.6147808702645462,0.031392621674095386,-0.05793783522467144
highest-temperature-in-qingdao-on-june-6-2026,Qingdao,clean,microprice_minus_mid,900,spread_bucket,medium,11,0.9544956345389134,0.3643974797761464,0.07074984586058958,0.4566385461387263,-0.002964726682361835,-0.014530607476209495
highest-temperature-in-qingdao-on-june-6-2026,Qingdao,clean,microprice_minus_mid,900,spread_bucket,tight,11,0.9747387837707716,0.4938565296736272,0.06271440392691399,0.5859947281234196,0.009696587742479416,-0.0030405773359451424
highest-temperature-in-qingdao-on-june-6-2026,Qingdao,clean,microprice_minus_mid,900,spread_bucket,wide,11,0.9704030527386975,0.2205323678893844,0.03303155024616035,0.4748395808844766,0.007289076405864303,-0.029272997338818555
highest-temperature-in-qingdao-on-june-6-2026,Qingdao,clean,spread,30,overall,all,11,0.9966694529052442,0.6651071943744765,-0.10810249397103516,0.464007216608363,-0.0023530740810168726,-0.015199424431018876
highest-temperature-in-qingdao-on-june-6-2026,Qingdao,clean,spread,120,overall,all,11,0.9902108135850457,0.5531661497688172,-0.13963000757912933,0.42463802804168654,-0.005255136084636515,-0.015492860792409512
highest-temperature-in-qingdao-on-june-6-2026,Qingdao,clean,spread,600,overall,all,11,0.9743424876432506,0.4080440673446478,-0.1485293600274259,0.43288279056517925,-0.011682031336219116,-0.015981803857037045
highest-temperature-in-qingdao-on-june-6-2026,Qingdao,clean,tick_size_regime,30,overall,all,11,0.9966694529052442,0.6651071943744765,0.0019581000539084267,0.464007216608363,,-0.015199424431018876
highest-temperature-in-qingdao-on-june-6-2026,Qingdao,clean,tick_size_regime,120,overall,all,11,0.9902108135850457,0.5531661497688172,-0.0007054386721031657,0.42463802804168654,,-0.015492860792409512
highest-temperature-in-qingdao-on-june-6-2026,Qingdao,clean,tick_size_regime,600,overall,all,11,0.9743424876432506,0.4080440673446478,-0.02563848276630159,0.43288279056517925,,-0.015981803857037045
highest-temperature-in-qingdao-on-june-6-2026,Qingdao,clean,top_level_depth,30,overall,all,11,0.9966694529052442,0.6651071943744765,0.03436862232651939,0.464007216608363,0.0013101050467247118,-0.015199424431018876
highest-temperature-in-qingdao-on-june-6-2026,Qingdao,clean,top_level_depth,120,overall,all,11,0.9902108135850457,0.5531661497688172,0.07039669544607065,0.42463802804168654,0.003319323395747233,-0.015492860792409512
highest-temperature-in-qingdao-on-june-6-2026,Qingdao,clean,top_level_depth,600,overall,all,11,0.9743424876432506,0.4080440673446478,0.06804482784544029,0.43288279056517925,0.008987277687212048,-0.015981803857037045
highest-temperature-in-taipei-on-june-6-2026,Taipei,degraded,bid_ask_liquidity_asymmetry,30,overall,all,11,0.9958114730902412,0.6408232348114957,0.10754612743065278,0.5707482033106962,0.0014241060761339055,-0.0186424452429811
highest-temperature-in-taipei-on-june-6-2026,Taipei,degraded,bid_ask_liquidity_asymmetry,120,overall,all,11,0.9903120894803099,0.49581871794821103,0.1266630790720876,0.5756537326769543,0.002365669185373446,-0.01844451085223953
highest-temperature-in-taipei-on-june-6-2026,Taipei,degraded,bid_ask_liquidity_asymmetry,600,overall,all,11,0.9797700197786695,0.3355222935058491,0.15361147344591927,0.5670327038537045,0.008261374320224541,-0.016617182391213427
highest-temperature-in-taipei-on-june-6-2026,Taipei,degraded,depth_concentration,30,overall,all,11,0.9958114730902412,0.6408232348114957,-0.06911784843109335,0.5390182737118826,-0.0002068619656945179,-0.01879916282732286
highest-temperature-in-taipei-on-june-6-2026,Taipei,degraded,depth_concentration,120,overall,all,11,0.9903120894803099,0.49581871794821103,-0.02898871370235517,0.508296714394226,0.0014802993928484532,-0.019233994472594215
highest-temperature-in-taipei-on-june-6-2026,Taipei,degraded,depth_concentration,600,overall,all,11,0.9797700197786695,0.3355222935058491,-0.009069259038185394,0.490211279274055,0.003428182397211684,-0.018266406058366616
highest-temperature-in-taipei-on-june-6-2026,Taipei,degraded,depth_imbalance_1,30,activity_bucket,high,11,0.9937093272957586,0.5725952400293205,0.13370307889368482,0.5831957593121915,0.0016475264302749253,-0.0209481272756632
highest-temperature-in-taipei-on-june-6-2026,Taipei,degraded,depth_imbalance_1,30,activity_bucket,low,11,0.9941144140892959,0.7851997471282971,0.16757092169524732,0.6577022101739022,0.001663090427961649,-0.010060111781987117
highest-temperature-in-taipei-on-june-6-2026,Taipei,degraded,depth_imbalance_1,30,activity_bucket,medium,11,0.9960808309266767,0.7340771818997882,0.15482428568577056,0.6338793344734234,0.0009249268357193013,-0.009481375117139416
highest-temperature-in-taipei-on-june-6-2026,Taipei,degraded,depth_imbalance_1,30,lifecycle_bucket,early,11,0.9978424321077266,0.6620326357123024,0.14458526613647274,0.6112497845405445,0.0012752516986617869,-0.00944577609054496
highest-temperature-in-taipei-on-june-6-2026,Taipei,degraded,depth_imbalance_1,30,lifecycle_bucket,mid,8,0.9077280016534824,0.6443040354214864,0.06193892902285087,0.5341435470113333,0.0018539871957614867,-0.027933765227324266
highest-temperature-in-taipei-on-june-6-2026,Taipei,degraded,depth_imbalance_1,30,overall,all,11,0.9958114730902412,0.6408232348114957,0.12882023929865796,0.6017391032408074,0.0015236944416753167,-0.01846283149222327
highest-temperature-in-taipei-on-june-6-2026,Taipei,degraded,depth_imbalance_1,30,price_bucket,"(0.80,0.96]",2,1.0,0.3634782427381674,-0.001687843533957463,0.4739371739195035,0.017090662075942738,-0.02730330728977923
highest-temperature-in-taipei-on-june-6-2026,Taipei,degraded,depth_imbalance_1,30,price_bucket,"(0.96,1]",1,0.9920201595968081,0.6075359864521592,-0.005633605302744958,0.5292207792207793,-0.0007184473776726729,-0.012930543755310124
highest-temperature-in-taipei-on-june-6-2026,Taipei,degraded,depth_imbalance_1,30,price_bucket,"[0,0.04)",10,0.9885551468323722,0.7212230784236634,0.1374045968452858,0.6236480558384953,0.000494516035808448,-0.004383633460218776
highest-temperature-in-taipei-on-june-6-2026,Taipei,degraded,depth_imbalance_1,30,price_bucket,"[0.04,0.20)",7,0.9996103127227414,0.591869630321691,0.012641259280997063,0.5106941139756566,0.0006508981070289108,-0.023599482544237795
highest-temperature-in-taipei-on-june-6-2026,Taipei,degraded,depth_imbalance_1,30,price_bucket,"[0.20,0.80]",6,0.9996960110450747,0.4542189518056416,0.10332322243823018,0.5243764990391636,0.003776634016234347,-0.04484819456406559
highest-temperature-in-taipei-on-june-6-2026,Taipei,degraded,depth_imbalance_1,30,spread_bucket,medium,11,0.9995137465621543,0.6451780204558735,0.10737212194190754,0.6160176252253542,0.0007996156826780975,-0.011301452931943134
highest-temperature-in-taipei-on-june-6-2026,Taipei,degraded,depth_imbalance_1,30,spread_bucket,tight,11,0.9911715400214067,0.774974370744305,0.14166816886446326,0.6204892220521726,0.0008573582068707486,-0.003944609249346017
highest-temperature-in-taipei-on-june-6-2026,Taipei,degraded,depth_imbalance_1,30,spread_bucket,wide,11,0.996749246305648,0.5029926900650483,0.13099834318771986,0.5892961032156446,0.0032035042479566195,-0.04024839949669385
highest-temperature-in-taipei-on-june-6-2026,Taipei,degraded,depth_imbalance_1,60,activity_bucket,high,11,0.9921871709994299,0.4885471016534726,0.08525908257662279,0.5964887835948516,0.0021039794597481464,-0.020716470761950042
highest-temperature-in-taipei-on-june-6-2026,Taipei,degraded,depth_imbalance_1,60,activity_bucket,low,11,0.9934015205636565,0.7272642560280108,0.17851424890186554,0.6280129492135637,0.002172214261685962,-0.009840082546802707
highest-temperature-in-taipei-on-june-6-2026,Taipei,degraded,depth_imbalance_1,60,activity_bucket,medium,11,0.9940544079847957,0.667047537172671,0.15541211225904156,0.624381130498831,0.0015586897197483551,-0.009286340399830952
highest-temperature-in-taipei-on-june-6-2026,Taipei,degraded,depth_imbalance_1,60,lifecycle_bucket,early,11,0.9970292436858194,0.5935316890884181,0.13715149504036128,0.6092754259874185,0.0017591425937990022,-0.009301181006030708
highest-temperature-in-taipei-on-june-6-2026,Taipei,degraded,depth_imbalance_1,60,lifecycle_bucket,mid,8,0.870959520845052,0.5121636733527237,0.07946078710650102,0.5381704703996025,0.003169977915396171,-0.031462977599870594
highest-temperature-in-taipei-on-june-6-2026,Taipei,degraded,depth_imbalance_1,60,price_bucket,"(0.80,0.96]",2,1.0,0.2268620762953606,0.10751615887072953,0.519400355067313,0.03458585749963564,-0.022198715041173767
highest-temperature-in-taipei-on-june-6-2026,Taipei,degraded,depth_imbalance_1,60,price_bucket,"(0.96,1]",1,0.9857202855942881,0.40860673199829567,-0.08248254561943075,0.44259927797833937,7.964433153380673e-05,-0.01320820863616932
highest-temperature-in-taipei-on-june-6-2026,Taipei,degraded,depth_imbalance_1,60,price_bucket,"[0,0.04)",10,0.9829537491934053,0.6373932424252653,0.1417055219580647,0.6223041422746196,0.0007147766783932628,-0.00431314282559358
highest-temperature-in-taipei-on-june-6-2026,Taipei,degraded,depth_imbalance_1,60,price_bucket,"[0.04,0.20)",7,0.9995670907072126,0.5169615737649492,0.009783936881266355,0.5002078952480951,0.0009708193676963974,-0.023409551834952858
highest-temperature-in-taipei-on-june-6-2026,Taipei,degraded,depth_imbalance_1,60,price_bucket,"[0.20,0.80]",6,0.9994302092455726,0.3766347684386328,0.11386923800233865,0.5312938496587528,0.004592086188586264,-0.04443652825933559
highest-temperature-in-taipei-on-june-6-2026,Taipei,degraded,depth_imbalance_1,60,spread_bucket,medium,11,0.9989105286910036,0.5679467837343379,0.09508790979185608,0.5899822382011132,0.001185733394014303,-0.011193218657892391
highest-temperature-in-taipei-on-june-6-2026,Taipei,degraded,depth_imbalance_1,60,spread_bucket,tight,11,0.9867265748521717,0.7114351202454585,0.170644692148109,0.6232209921863899,0.001511732961430342,-0.003776486524453548
highest-temperature-in-taipei-on-june-6-2026,Taipei,degraded,depth_imbalance_1,60,spread_bucket,wide,11,0.9963381490191204,0.4307951905251931,0.11256189457707197,0.5940998578774963,0.00421512060318537,-0.03982993968628484
highest-temperature-in-taipei-on-june-6-2026,Taipei,degraded,depth_imbalance_1,120,activity_bucket,high,11,0.9894106393347868,0.41758746679521724,0.1396325186967641,0.6096188804294836,0.004296064562783207,-0.020070566266293496
highest-temperature-in-taipei-on-june-6-2026,Taipei,degraded,depth_imbalance_1,120,activity_bucket,low,11,0.9901764822925987,0.6454093199059906,0.17788447454741566,0.5985826806196376,0.0026320392534094285,-0.009793183641477802
highest-temperature-in-taipei-on-june-6-2026,Taipei,degraded,depth_imbalance_1,120,activity_bucket,medium,11,0.9901832748679097,0.5921111899564752,0.171066799315083,0.61462708865871,0.002183899102032352,-0.009111481905858714
highest-temperature-in-taipei-on-june-6-2026,Taipei,degraded,depth_imbalance_1,120,lifecycle_bucket,early,11,0.9948655755976507,0.5296871577262903,0.1691839486485747,0.6109256499795397,0.0027981078990132334,-0.009083437366954312
highest-temperature-in-taipei-on-june-6-2026,Taipei,degraded,depth_imbalance_1,120,lifecycle_bucket,mid,8,0.8672158824349181,0.4168877924738112,0.10560871650225682,0.5352667672469119,0.006447566335335532,-0.030533102989629628
highest-temperature-in-taipei-on-june-6-2026,Taipei,degraded,depth_imbalance_1,120,overall,all,11,0.9903120894803099,0.49581871794821103,0.15535857280463639,0.6031386922228325,0.003995267443505445,-0.017718596388657096
highest-temperature-in-taipei-on-june-6-2026,Taipei,degraded,depth_imbalance_1,120,price_bucket,"(0.80,0.96]",2,1.0,0.1259097019623788,0.26550673378142825,0.5727301144261611,0.05652417531283435,-0.019770353940202174
highest-temperature-in-taipei-on-june-6-2026,Taipei,degraded,depth_imbalance_1,120,price_bucket,"(0.96,1]",1,0.9739605207895842,0.18801207416990082,-0.05600995342306878,0.43769968051118213,0.001654125659910046,-0.013840899265023795
highest-temperature-in-taipei-on-june-6-2026,Taipei,degraded,depth_imbalance_1,120,price_bucket,"[0,0.04)",10,0.9761474630662956,0.5530457153860512,0.1678616494456469,0.6214360248040759,0.0008000524063855173,-0.0043153470553432115
highest-temperature-in-taipei-on-june-6-2026,Taipei,degraded,depth_imbalance_1,120,price_bucket,"[0.04,0.20)",7,0.9992735553537964,0.40505992452075207,0.005694108130077115,0.5145224451996991,0.003125519640580571,-0.022888035532068553
highest-temperature-in-taipei-on-june-6-2026,Taipei,degraded,depth_imbalance_1,120,price_bucket,"[0.20,0.80]",6,0.9986276380339479,0.3064522116921406,0.13256279519606595,0.5343979846135641,0.00770599818210604,-0.04337371706030924
highest-temperature-in-taipei-on-june-6-2026,Taipei,degraded,depth_imbalance_1,120,spread_bucket,medium,11,0.9967916516345796,0.48719457584547265,0.10812558033889365,0.565388533855783,0.00266596493502569,-0.010775915920654432
highest-temperature-in-taipei-on-june-6-2026,Taipei,degraded,depth_imbalance_1,120,spread_bucket,tight,11,0.9789291242178223,0.6353612275831144,0.20795381064104357,0.6340212942339947,0.0030001665869271487,-0.003416393040762425
highest-temperature-in-taipei-on-june-6-2026,Taipei,degraded,depth_imbalance_1,120,spread_bucket,wide,11,0.9952157585300778,0.36723233149228257,0.14853374310976863,0.6000554229947289,0.006874220147658135,-0.039079221804877544
highest-temperature-in-taipei-on-june-6-2026,Taipei,degraded,depth_imbalance_1,300,activity_bucket,high,11,0.9864237127193978,0.35771626232710635,0.15229200449904912,0.5835213238519331,0.007391501190956748,-0.0191742066508459
highest-temperature-in-taipei-on-june-6-2026,Taipei,degraded,depth_imbalance_1,300,activity_bucket,low,11,0.9840795425255411,0.5246799434783598,0.23483612601596174,0.6256766758788336,0.0056907867237201044,-0.008929072531490093
highest-temperature-in-taipei-on-june-6-2026,Taipei,degraded,depth_imbalance_1,300,activity_bucket,medium,11,0.9858359100618267,0.4916567242889441,0.1820732698972822,0.6065698574255881,0.0036671374681144005,-0.008604089681407431
highest-temperature-in-taipei-on-june-6-2026,Taipei,degraded,depth_imbalance_1,300,lifecycle_bucket,early,11,0.9933115328864918,0.450988141136264,0.17879988053578968,0.6071995772439667,0.0032932627193224847,-0.008801681539251571
highest-temperature-in-taipei-on-june-6-2026,Taipei,degraded,depth_imbalance_1,300,lifecycle_bucket,mid,8,0.8620570620182939,0.3024655639383195,0.11164577568293985,0.531689103448929,0.01193434704267814,-0.02898181315671436
highest-temperature-in-taipei-on-june-6-2026,Taipei,degraded,depth_imbalance_1,300,price_bucket,"(0.80,0.96]",2,1.0,0.05531074810877559,-0.015188193170737293,0.5444725287685582,0.026949513093352806,-0.028382140311020397
highest-temperature-in-taipei-on-june-6-2026,Taipei,degraded,depth_imbalance_1,300,price_bucket,"(0.96,1]",1,0.9739605207895842,0.13626563173781803,-0.027315127840180968,0.37318659329664833,0.0026204737183646654,-0.015769114470842352
highest-temperature-in-taipei-on-june-6-2026,Taipei,degraded,depth_imbalance_1,300,price_bucket,"[0,0.04)",10,0.9605131290986068,0.4341889192062089,0.11337513445354377,0.5965813681269138,0.0002810177318593577,-0.004369663246624769
highest-temperature-in-taipei-on-june-6-2026,Taipei,degraded,depth_imbalance_1,300,price_bucket,"[0.04,0.20)",7,0.998784901141701,0.29151004765671634,0.06339492182179148,0.5169893909084027,0.010097718124081006,-0.021001856962371602
highest-temperature-in-taipei-on-june-6-2026,Taipei,degraded,depth_imbalance_1,300,price_bucket,"[0.20,0.80]",6,0.9973634491678033,0.209965361264441,0.11044681824620328,0.5185098208207277,0.012063929869561013,-0.04181396019529193
highest-temperature-in-taipei-on-june-6-2026,Taipei,degraded,depth_imbalance_1,300,spread_bucket,medium,11,0.9940162299943921,0.4066630227441619,0.08489856398354008,0.5483805979411697,0.0036450560678249104,-0.010210091768768944
highest-temperature-in-taipei-on-june-6-2026,Taipei,degraded,depth_imbalance_1,300,spread_bucket,tight,11,0.971059129965284,0.5227509705921938,0.23870801490755686,0.6480340033232049,0.0037203881957735972,-0.0034813089154540847
highest-temperature-in-taipei-on-june-6-2026,Taipei,degraded,depth_imbalance_1,300,spread_bucket,wide,11,0.9931769823440931,0.30529026894027955,0.16568015851423692,0.5797296168274472,0.014737949906864717,-0.037061734205188566
highest-temperature-in-taipei-on-june-6-2026,Taipei,degraded,depth_imbalance_1,600,activity_bucket,high,11,0.9827840228876759,0.28496810373528053,0.159194931069403,0.6044162433601994,0.01218545917568245,-0.018147489525736134
highest-temperature-in-taipei-on-june-6-2026,Taipei,degraded,depth_imbalance_1,600,activity_bucket,low,11,0.9740770320696494,0.4265726093613717,0.25745926404930985,0.611351352418094,0.007275534373381387,-0.00813152993005069
highest-temperature-in-taipei-on-june-6-2026,Taipei,degraded,depth_imbalance_1,600,activity_bucket,medium,11,0.9785306260435537,0.4050127609946211,0.20908351498867772,0.6079824551829875,0.005342740637594442,-0.008041001217108138
highest-temperature-in-taipei-on-june-6-2026,Taipei,degraded,depth_imbalance_1,600,lifecycle_bucket,early,11,0.9904882021602766,0.3706069059603726,0.20150776664386807,0.6084079620518792,0.005579740813077317,-0.008344304880248631
highest-temperature-in-taipei-on-june-6-2026,Taipei,degraded,depth_imbalance_1,600,lifecycle_bucket,mid,8,0.8551278897452754,0.22985718929810667,0.09983022298534441,0.52158394484321,0.01926876545082961,-0.02752740545464899
highest-temperature-in-taipei-on-june-6-2026,Taipei,degraded,depth_imbalance_1,600,overall,all,11,0.9797700197786695,0.3355222935058491,0.17931440040906088,0.592811543922182,0.01053156522874912,-0.0159766654933851
highest-temperature-in-taipei-on-june-6-2026,Taipei,degraded,depth_imbalance_1,600,price_bucket,"(0.80,0.96]",2,1.0,0.026832479306723847,0.1311701767494627,0.5168603811030488,0.06619113838243715,-0.015993844703284014
highest-temperature-in-taipei-on-june-6-2026,Taipei,degraded,depth_imbalance_1,600,price_bucket,"(0.96,1]",1,0.9475010499790004,0.06560283687943262,-0.23853130921816185,0.3547619047619048,-0.010053333333333261,-0.020035809608540928
highest-temperature-in-taipei-on-june-6-2026,Taipei,degraded,depth_imbalance_1,600,price_bucket,"[0,0.04)",10,0.9323944784527057,0.33748464681095847,0.1538592228327204,0.5918660461974206,-0.0002153823472587538,-0.004389255878810839
highest-temperature-in-taipei-on-june-6-2026,Taipei,degraded,depth_imbalance_1,600,price_bucket,"[0.04,0.20)",7,0.9988035918153135,0.2202117242979651,0.18245961376035708,0.5279318600087807,0.01476982875434934,-0.019860569503012813
highest-temperature-in-taipei-on-june-6-2026,Taipei,degraded,depth_imbalance_1,600,price_bucket,"[0.20,0.80]",6,0.9932070684330326,0.1393514984902489,0.19323587910615672,0.5455864695683484,0.027816663543854852,-0.03800820971571069
highest-temperature-in-taipei-on-june-6-2026,Taipei,degraded,depth_imbalance_1,600,spread_bucket,medium,11,0.9847623104843113,0.3329452734355041,0.11338696503507668,0.5735670832996193,0.005301805843851588,-0.009614292721253467
highest-temperature-in-taipei-on-june-6-2026,Taipei,degraded,depth_imbalance_1,600,spread_bucket,tight,11,0.9648542478868086,0.43825417404404904,0.22362514279343462,0.6203863260687261,0.005069018826646103,-0.003097564673435213
highest-temperature-in-taipei-on-june-6-2026,Taipei,degraded,depth_imbalance_1,600,spread_bucket,wide,11,0.9896938766727504,0.24030861167151416,0.2117914211904484,0.5830752772797918,0.02361468114878962,-0.035532755686432
highest-temperature-in-taipei-on-june-6-2026,Taipei,degraded,depth_imbalance_1,900,activity_bucket,high,11,0.9768298487189276,0.250686913733369,0.1844148667699813,0.5994534049687075,0.013052740274318601,-0.01844878331394956
highest-temperature-in-taipei-on-june-6-2026,Taipei,degraded,depth_imbalance_1,900,activity_bucket,low,11,0.9664868713209122,0.3675242257154863,0.2639011565050545,0.6118935025789426,0.007690249804094054,-0.007874996113477084
highest-temperature-in-taipei-on-june-6-2026,Taipei,degraded,depth_imbalance_1,900,activity_bucket,medium,11,0.9716696080205593,0.3342380254376607,0.2188163813771017,0.6116879462004665,0.006280644320093889,-0.007933443000538718
highest-temperature-in-taipei-on-june-6-2026,Taipei,degraded,depth_imbalance_1,900,lifecycle_bucket,early,11,0.9846770220436128,0.3127014542655306,0.21564950673244587,0.623567010008078,0.006961798545191255,-0.0082306074267089
highest-temperature-in-taipei-on-june-6-2026,Taipei,degraded,depth_imbalance_1,900,lifecycle_bucket,mid,8,0.8542389173296879,0.17320709095056783,0.051775069148062736,0.478739865523751,0.020308585934353817,-0.028099473000857765
highest-temperature-in-taipei-on-june-6-2026,Taipei,degraded,depth_imbalance_1,900,price_bucket,"(0.80,0.96]",2,1.0,0.00707055261805926,0.044907176805251595,0.5004597144103091,0.03848575994989993,-0.016756101861088446
highest-temperature-in-taipei-on-june-6-2026,Taipei,degraded,depth_imbalance_1,900,price_bucket,"(0.96,1]",1,0.9265014699706006,0.009066183136899365,-0.6326650975330702,0.27851580393953274,-0.01511187214611882,-0.027176751592356732
highest-temperature-in-taipei-on-june-6-2026,Taipei,degraded,depth_imbalance_1,900,price_bucket,"[0,0.04)",10,0.9058344825492494,0.2911104718711307,0.10749110302802187,0.5792860154721811,-0.0006926479032431089,-0.004490618942753498
highest-temperature-in-taipei-on-june-6-2026,Taipei,degraded,depth_imbalance_1,900,price_bucket,"[0.04,0.20)",7,0.9994804496113296,0.1595240373525269,0.14565863893170145,0.5071393887991829,0.012505851183815697,-0.020659428503204146
highest-temperature-in-taipei-on-june-6-2026,Taipei,degraded,depth_imbalance_1,900,price_bucket,"[0.20,0.80]",6,0.9930631548614294,0.09456684070360366,0.19911884609678845,0.5380315128121747,0.03340046224782552,-0.03708402637246198
highest-temperature-in-taipei-on-june-6-2026,Taipei,degraded,depth_imbalance_1,900,spread_bucket,medium,11,0.9831534115244449,0.2939684043763968,0.09400545869246413,0.5574595719552701,0.002890041107524766,-0.010577935444182075
highest-temperature-in-taipei-on-june-6-2026,Taipei,degraded,depth_imbalance_1,900,spread_bucket,tight,11,0.9500049457106962,0.37166519481336646,0.2031367897963847,0.6076203717608174,0.004627158623992934,-0.0034459372558561198
highest-temperature-in-taipei-on-june-6-2026,Taipei,degraded,depth_imbalance_1,900,spread_bucket,wide,11,0.9892485679519905,0.17658740218028451,0.20808173255403872,0.5770483265446025,0.028490991635688887,-0.034760346545497305
highest-temperature-in-taipei-on-june-6-2026,Taipei,degraded,depth_imbalance_3,30,overall,all,11,0.9958114730902412,0.6408232348114957,0.08621240743677186,0.5217431585196368,0.0015871847367259053,-0.018500025724447068
highest-temperature-in-taipei-on-june-6-2026,Taipei,degraded,depth_imbalance_3,120,overall,all,11,0.9903120894803099,0.49581871794821103,0.11124320357670198,0.514585951102494,0.004588474867718093,-0.017693351419613534
highest-temperature-in-taipei-on-june-6-2026,Taipei,degraded,depth_imbalance_3,600,overall,all,11,0.9797700197786695,0.3355222935058491,0.12636495240949952,0.5058732858706866,0.010728883191883637,-0.01638774949940354
highest-temperature-in-taipei-on-june-6-2026,Taipei,degraded,depth_imbalance_5,30,overall,all,11,0.9958114730902412,0.6408232348114957,0.05312973886751082,0.51305168373689,0.0006334910660839564,-0.018783540880561788
highest-temperature-in-taipei-on-june-6-2026,Taipei,degraded,depth_imbalance_5,120,overall,all,11,0.9903120894803099,0.49581871794821103,0.06475479926246425,0.507179309182107,0.0031501963970132964,-0.017998744570143378
highest-temperature-in-taipei-on-june-6-2026,Taipei,degraded,depth_imbalance_5,600,overall,all,11,0.9797700197786695,0.3355222935058491,0.06428782792722437,0.5090990159254261,0.005884729228231974,-0.0170575662725301
highest-temperature-in-taipei-on-june-6-2026,Taipei,degraded,depth_slope,30,overall,all,11,0.9958114730902412,0.6408232348114957,0.058043077414340276,0.4348825831408023,0.0008050208753031322,-0.01879839057149056
highest-temperature-in-taipei-on-june-6-2026,Taipei,degraded,depth_slope,120,overall,all,11,0.9903120894803099,0.49581871794821103,0.03229939597473292,0.4482811026985704,0.00017933494769226645,-0.018989928244866894
highest-temperature-in-taipei-on-june-6-2026,Taipei,degraded,depth_slope,600,overall,all,11,0.9797700197786695,0.3355222935058491,0.009597976809824748,0.4742408360742271,-0.0019609695312352983,-0.01876671158298102
highest-temperature-in-taipei-on-june-6-2026,Taipei,degraded,distance_to_zero_one,30,overall,all,11,0.9958114730902412,0.6408232348114957,-0.09738566871095275,0.5390182737118826,-0.00021659136624318622,-0.01879916282732286
highest-temperature-in-taipei-on-june-6-2026,Taipei,degraded,distance_to_zero_one,120,overall,all,11,0.9903120894803099,0.49581871794821103,-0.1399810544503248,0.508296714394226,-0.001447256804947169,-0.019233994472594215
highest-temperature-in-taipei-on-june-6-2026,Taipei,degraded,distance_to_zero_one,600,overall,all,11,0.9797700197786695,0.3355222935058491,-0.1602115268241295,0.490211279274055,0.0010929982238870102,-0.018266406058366616
highest-temperature-in-taipei-on-june-6-2026,Taipei,degraded,microprice_minus_mid,30,activity_bucket,high,11,0.9937093272957586,0.5725952400293205,0.1229934141181424,0.5831973403347955,0.0018368174134604995,-0.02095165600798773
highest-temperature-in-taipei-on-june-6-2026,Taipei,degraded,microprice_minus_mid,30,activity_bucket,low,11,0.9941144140892959,0.7851997471282971,0.1485259176286591,0.6565684345014964,0.001110076044197412,-0.010094363806983286
highest-temperature-in-taipei-on-june-6-2026,Taipei,degraded,microprice_minus_mid,30,activity_bucket,medium,11,0.9960808309266767,0.7340771818997882,0.13102438542819458,0.6330855300046258,0.000771665746594741,-0.009486158872191815
highest-temperature-in-taipei-on-june-6-2026,Taipei,degraded,microprice_minus_mid,30,lifecycle_bucket,early,11,0.9978424321077266,0.6620326357123024,0.12087941338785928,0.6112630013267101,0.0011457909000981302,-0.009456901951568094
highest-temperature-in-taipei-on-june-6-2026,Taipei,degraded,microprice_minus_mid,30,lifecycle_bucket,mid,8,0.9077280016534824,0.6443040354214864,0.048648807896410184,0.5342761077258845,0.002192784119924669,-0.027927436296981356
highest-temperature-in-taipei-on-june-6-2026,Taipei,degraded,microprice_minus_mid,30,overall,all,11,0.9958114730902412,0.6408232348114957,0.11649479770861909,0.6015810785680782,0.0018014686650936437,-0.018462500616629726
highest-temperature-in-taipei-on-june-6-2026,Taipei,degraded,microprice_minus_mid,30,price_bucket,"(0.80,0.96]",2,1.0,0.3634782427381674,-0.03658695453250046,0.4739371739195035,0.00972651945258679,-0.02730330728977923
highest-temperature-in-taipei-on-june-6-2026,Taipei,degraded,microprice_minus_mid,30,price_bucket,"(0.96,1]",1,0.9920201595968081,0.6075359864521592,-0.0457932202312205,0.5307443365695793,-0.0005048679450776071,-0.012897544453852682
highest-temperature-in-taipei-on-june-6-2026,Taipei,degraded,microprice_minus_mid,30,price_bucket,"[0,0.04)",10,0.9885551468323722,0.7212230784236634,0.10780919988924287,0.623518666398501,0.0002532098113991359,-0.004384540552716301
highest-temperature-in-taipei-on-june-6-2026,Taipei,degraded,microprice_minus_mid,30,price_bucket,"[0.04,0.20)",7,0.9996103127227414,0.591869630321691,0.01624995710806826,0.5119270866766659,0.0006906744400766915,-0.023611022511256134
highest-temperature-in-taipei-on-june-6-2026,Taipei,degraded,microprice_minus_mid,30,price_bucket,"[0.20,0.80]",6,0.9996960110450747,0.4542189518056416,0.05942286078291093,0.5237055761932142,0.003259889591224936,-0.044822191912666585
highest-temperature-in-taipei-on-june-6-2026,Taipei,degraded,microprice_minus_mid,30,spread_bucket,medium,11,0.9995137465621543,0.6451780204558735,0.10243909050687017,0.6160281790813322,0.0007842641477405697,-0.011295431272009429
highest-temperature-in-taipei-on-june-6-2026,Taipei,degraded,microprice_minus_mid,30,spread_bucket,tight,11,0.9911715400214067,0.774974370744305,0.1083711941612092,0.6204606801468237,0.0006858630897525815,-0.003946336652562833
highest-temperature-in-taipei-on-june-6-2026,Taipei,degraded,microprice_minus_mid,30,spread_bucket,wide,11,0.996749246305648,0.5029926900650483,0.11766880587290754,0.5890871870561907,0.00160343713441539,-0.0402371499087036
highest-temperature-in-taipei-on-june-6-2026,Taipei,degraded,microprice_minus_mid,60,activity_bucket,high,11,0.9921871709994299,0.4885471016534726,0.0809817561541054,0.5965102367429476,0.002268117442573488,-0.02071815676087271
highest-temperature-in-taipei-on-june-6-2026,Taipei,degraded,microprice_minus_mid,60,activity_bucket,low,11,0.9934015205636565,0.7272642560280108,0.15021104195424734,0.626827238830793,0.0020018168630845197,-0.009879658787175756
highest-temperature-in-taipei-on-june-6-2026,Taipei,degraded,microprice_minus_mid,60,activity_bucket,medium,11,0.9940544079847957,0.667047537172671,0.12560082356197236,0.6239267828610182,0.0014833428948297631,-0.009291095571147332
highest-temperature-in-taipei-on-june-6-2026,Taipei,degraded,microprice_minus_mid,60,lifecycle_bucket,early,11,0.9970292436858194,0.5935316890884181,0.11257047646932623,0.6095515606827135,0.0015203543009862863,-0.009309257590092343
highest-temperature-in-taipei-on-june-6-2026,Taipei,degraded,microprice_minus_mid,60,lifecycle_bucket,mid,8,0.870959520845052,0.5121636733527237,0.060975221693461215,0.5382520118077408,0.0033133286452226886,-0.031453921867175744
highest-temperature-in-taipei-on-june-6-2026,Taipei,degraded,microprice_minus_mid,60,price_bucket,"(0.80,0.96]",2,1.0,0.2268620762953606,0.08656132858148559,0.519400355067313,0.01773581072200756,-0.022198715041173767
highest-temperature-in-taipei-on-june-6-2026,Taipei,degraded,microprice_minus_mid,60,price_bucket,"(0.96,1]",1,0.9857202855942881,0.40860673199829567,-0.09999631386316428,0.4423631123919308,0.0006024621727799451,-0.013188964635705172
highest-temperature-in-taipei-on-june-6-2026,Taipei,degraded,microprice_minus_mid,60,price_bucket,"[0,0.04)",10,0.9829537491934053,0.6373932424252653,0.11660540176376724,0.622159270009395,0.0002716866663157356,-0.004313966653958286
highest-temperature-in-taipei-on-june-6-2026,Taipei,degraded,microprice_minus_mid,60,price_bucket,"[0.04,0.20)",7,0.9995670907072126,0.5169615737649492,0.01597182661193099,0.5014429027272465,0.0013063484363287042,-0.023418499049781567
highest-temperature-in-taipei-on-june-6-2026,Taipei,degraded,microprice_minus_mid,60,price_bucket,"[0.20,0.80]",6,0.9994302092455726,0.3766347684386328,0.06086474759300762,0.5308736082200729,0.003360284155154197,-0.04440669789883998
highest-temperature-in-taipei-on-june-6-2026,Taipei,degraded,microprice_minus_mid,60,spread_bucket,medium,11,0.9989105286910036,0.5679467837343379,0.09671734996448132,0.5899454145494951,0.0013807551916212848,-0.011187432637529153
highest-temperature-in-taipei-on-june-6-2026,Taipei,degraded,microprice_minus_mid,60,spread_bucket,tight,11,0.9867265748521717,0.7114351202454585,0.12289554691686878,0.623147981216005,0.0011551588094227212,-0.0037787314181190602
highest-temperature-in-taipei-on-june-6-2026,Taipei,degraded,microprice_minus_mid,60,spread_bucket,wide,11,0.9963381490191204,0.4307951905251931,0.10325553600545233,0.5940278344080885,0.002155920332766102,-0.039814014257520784
highest-temperature-in-taipei-on-june-6-2026,Taipei,degraded,microprice_minus_mid,120,activity_bucket,high,11,0.9894106393347868,0.41758746679521724,0.12354929958679345,0.6095696441416787,0.0037540141978847238,-0.0200716795836851
highest-temperature-in-taipei-on-june-6-2026,Taipei,degraded,microprice_minus_mid,120,activity_bucket,low,11,0.9901764822925987,0.6454093199059906,0.12779941461898134,0.5965506766404605,0.0022489761642786464,-0.009850199482922458
highest-temperature-in-taipei-on-june-6-2026,Taipei,degraded,microprice_minus_mid,120,activity_bucket,medium,11,0.9901832748679097,0.5921111899564752,0.13315258968271804,0.613815993967322,0.0019388670375984956,-0.009121313596115288
highest-temperature-in-taipei-on-june-6-2026,Taipei,degraded,microprice_minus_mid,120,lifecycle_bucket,early,11,0.9948655755976507,0.5296871577262903,0.14192652922320434,0.6109457986983489,0.002489899072178697,-0.009093231800183206
highest-temperature-in-taipei-on-june-6-2026,Taipei,degraded,microprice_minus_mid,120,lifecycle_bucket,mid,8,0.8672158824349181,0.4168877924738112,0.07036072260488425,0.5351245928153578,0.005118917327097926,-0.030525393983813567
highest-temperature-in-taipei-on-june-6-2026,Taipei,degraded,microprice_minus_mid,120,overall,all,11,0.9903120894803099,0.49581871794821103,0.1312389914386739,0.6028609014977708,0.004310345209793498,-0.017718028604835914
highest-temperature-in-taipei-on-june-6-2026,Taipei,degraded,microprice_minus_mid,120,price_bucket,"(0.80,0.96]",2,1.0,0.1259097019623788,0.08781831462510216,0.5727301144261611,-0.007636773758562098,-0.019770353940202174
highest-temperature-in-taipei-on-june-6-2026,Taipei,degraded,microprice_minus_mid,120,price_bucket,"(0.96,1]",1,0.9739605207895842,0.18801207416990082,-0.024387797324716985,0.4381306425916091,0.0026995431590335524,-0.013825140146614937
highest-temperature-in-taipei-on-june-6-2026,Taipei,degraded,microprice_minus_mid,120,price_bucket,"[0,0.04)",10,0.9761474630662956,0.5530457153860512,0.11974753202691975,0.6211896302344927,-4.754774242968829e-05,-0.00431610245082777
highest-temperature-in-taipei-on-june-6-2026,Taipei,degraded,microprice_minus_mid,120,price_bucket,"[0.04,0.20)",7,0.9992735553537964,0.40505992452075207,0.009504884527325619,0.5153649786255167,0.003278393158879254,-0.022898351429778075
highest-temperature-in-taipei-on-june-6-2026,Taipei,degraded,microprice_minus_mid,120,price_bucket,"[0.20,0.80]",6,0.9986276380339479,0.3064522116921406,0.07349283809203588,0.5338780242138071,0.00488295021721596,-0.04334622634700611
highest-temperature-in-taipei-on-june-6-2026,Taipei,degraded,microprice_minus_mid,120,spread_bucket,medium,11,0.9967916516345796,0.48719457584547265,0.11215369855816348,0.5653306098849437,0.0022996455452098125,-0.01076978411534672
highest-temperature-in-taipei-on-june-6-2026,Taipei,degraded,microprice_minus_mid,120,spread_bucket,tight,11,0.9789291242178223,0.6353612275831144,0.16511609138736183,0.6339033895364331,0.0021215999214709547,-0.0034212047671021597
highest-temperature-in-taipei-on-june-6-2026,Taipei,degraded,microprice_minus_mid,120,spread_bucket,wide,11,0.9952157585300778,0.36723233149228257,0.1330359168369316,0.5995707754283014,0.004507694562376284,-0.03906615480992947
highest-temperature-in-taipei-on-june-6-2026,Taipei,degraded,microprice_minus_mid,300,activity_bucket,high,11,0.9864237127193978,0.35771626232710635,0.12499300265079448,0.5835626720628045,0.006926626554649062,-0.019176692693241022
highest-temperature-in-taipei-on-june-6-2026,Taipei,degraded,microprice_minus_mid,300,activity_bucket,low,11,0.9840795425255411,0.5246799434783598,0.18227548449189362,0.624130275997085,0.005596155578544813,-0.008998212748215901
highest-temperature-in-taipei-on-june-6-2026,Taipei,degraded,microprice_minus_mid,300,activity_bucket,medium,11,0.9858359100618267,0.4916567242889441,0.13676365347762431,0.6054858336626769,0.003498688092030901,-0.008623779379686065
highest-temperature-in-taipei-on-june-6-2026,Taipei,degraded,microprice_minus_mid,300,lifecycle_bucket,early,11,0.9933115328864918,0.450988141136264,0.15603816670125487,0.6067812787990751,0.003362818068598632,-0.008810606853950676
highest-temperature-in-taipei-on-june-6-2026,Taipei,degraded,microprice_minus_mid,300,lifecycle_bucket,mid,8,0.8620570620182939,0.3024655639383195,0.058826441301801875,0.5317038189301748,0.010124632673731964,-0.028981065311336856
highest-temperature-in-taipei-on-june-6-2026,Taipei,degraded,microprice_minus_mid,300,price_bucket,"(0.80,0.96]",2,1.0,0.05531074810877559,-0.16751615519553298,0.5444725287685582,0.002336445515043058,-0.028382140311020397
highest-temperature-in-taipei-on-june-6-2026,Taipei,degraded,microprice_minus_mid,300,price_bucket,"(0.96,1]",1,0.9739605207895842,0.13626563173781803,-0.041009048641369304,0.37343984023964055,0.004573828974852001,-0.015760888313928436
highest-temperature-in-taipei-on-june-6-2026,Taipei,degraded,microprice_minus_mid,300,price_bucket,"[0,0.04)",10,0.9605131290986068,0.4341889192062089,0.05648529951109199,0.5961597621958863,-0.0009978293652597695,-0.004369508970619754
highest-temperature-in-taipei-on-june-6-2026,Taipei,degraded,microprice_minus_mid,300,price_bucket,"[0.04,0.20)",7,0.998784901141701,0.29151004765671634,0.05820274710850713,0.5175071566603601,0.008527982035243718,-0.021013291019820662
highest-temperature-in-taipei-on-june-6-2026,Taipei,degraded,microprice_minus_mid,300,price_bucket,"[0.20,0.80]",6,0.9973634491678033,0.209965361264441,0.05262247287054664,0.5183871342770158,0.010582789270197823,-0.04179435764088718
highest-temperature-in-taipei-on-june-6-2026,Taipei,degraded,microprice_minus_mid,300,spread_bucket,medium,11,0.9940162299943921,0.4066630227441619,0.09082042538817692,0.5485620722181849,0.0019672619027915057,-0.010204973604021499
highest-temperature-in-taipei-on-june-6-2026,Taipei,degraded,microprice_minus_mid,300,spread_bucket,tight,11,0.971059129965284,0.5227509705921938,0.19405451656262046,0.6478067083420679,0.002514040536137898,-0.0034889046994987403
highest-temperature-in-taipei-on-june-6-2026,Taipei,degraded,microprice_minus_mid,300,spread_bucket,wide,11,0.9931769823440931,0.30529026894027955,0.13956995376392628,0.5789677581525415,0.008929114562337356,-0.03705449930863241
highest-temperature-in-taipei-on-june-6-2026,Taipei,degraded,microprice_minus_mid,600,activity_bucket,high,11,0.9827840228876759,0.28496810373528053,0.1288469039997802,0.6045097036974291,0.008844913479979191,-0.018164188077330917
highest-temperature-in-taipei-on-june-6-2026,Taipei,degraded,microprice_minus_mid,600,activity_bucket,low,11,0.9740770320696494,0.4265726093613717,0.2166472414965803,0.6084975229961891,0.008772770151373108,-0.008207722214183932
highest-temperature-in-taipei-on-june-6-2026,Taipei,degraded,microprice_minus_mid,600,activity_bucket,medium,11,0.9785306260435537,0.4050127609946211,0.1674406583630277,0.6067955077820021,0.005943000471409472,-0.008066374827363238
highest-temperature-in-taipei-on-june-6-2026,Taipei,degraded,microprice_minus_mid,600,lifecycle_bucket,early,11,0.9904882021602766,0.3706069059603726,0.1767041429642249,0.6079002612318593,0.005432766045048199,-0.008354214758788543
highest-temperature-in-taipei-on-june-6-2026,Taipei,degraded,microprice_minus_mid,600,lifecycle_bucket,mid,8,0.8551278897452754,0.22985718929810667,0.037481019488155555,0.5215897965489433,0.013114537567112342,-0.027553113256094164
highest-temperature-in-taipei-on-june-6-2026,Taipei,degraded,microprice_minus_mid,600,overall,all,11,0.9797700197786695,0.3355222935058491,0.14672420791915453,0.5924369764585848,0.010359953274143654,-0.01599323260575797
highest-temperature-in-taipei-on-june-6-2026,Taipei,degraded,microprice_minus_mid,600,price_bucket,"(0.80,0.96]",2,1.0,0.026832479306723847,-0.09626266311179175,0.5168603811030488,-0.01696941771201853,-0.015993844703284014
highest-temperature-in-taipei-on-june-6-2026,Taipei,degraded,microprice_minus_mid,600,price_bucket,"(0.96,1]",1,0.9475010499790004,0.06560283687943262,-0.19946691662149438,0.3562618595825427,-0.008073286694723972,-0.01998758865248227
highest-temperature-in-taipei-on-june-6-2026,Taipei,degraded,microprice_minus_mid,600,price_bucket,"[0,0.04)",10,0.9323944784527057,0.33748464681095847,0.08096835278824469,0.5914353339009036,-0.0023466380785326087,-0.004388507380521603
highest-temperature-in-taipei-on-june-6-2026,Taipei,degraded,microprice_minus_mid,600,price_bucket,"[0.04,0.20)",7,0.9988035918153135,0.2202117242979651,0.1767289777554171,0.5283923780560967,0.012991719796273865,-0.0198711361147946
highest-temperature-in-taipei-on-june-6-2026,Taipei,degraded,microprice_minus_mid,600,price_bucket,"[0.20,0.80]",6,0.9932070684330326,0.1393514984902489,0.12903111701683656,0.5454891600607495,0.023059258461101195,-0.038030539324092526
highest-temperature-in-taipei-on-june-6-2026,Taipei,degraded,microprice_minus_mid,600,spread_bucket,medium,11,0.9847623104843113,0.3329452734355041,0.12059973205411069,0.5736848247604859,0.004676517085714985,-0.009614032686011699
highest-temperature-in-taipei-on-june-6-2026,Taipei,degraded,microprice_minus_mid,600,spread_bucket,tight,11,0.9648542478868086,0.43825417404404904,0.1865888503213749,0.6201783212804899,0.004146960729449968,-0.0031060718318392023
highest-temperature-in-taipei-on-june-6-2026,Taipei,degraded,microprice_minus_mid,600,spread_bucket,wide,11,0.9896938766727504,0.24030861167151416,0.18315038080212698,0.5824501470778282,0.014038469260433945,-0.03555830228452806
highest-temperature-in-taipei-on-june-6-2026,Taipei,degraded,microprice_minus_mid,900,activity_bucket,high,11,0.9768298487189276,0.250686913733369,0.16163594113974747,0.5994598089853098,0.008510735975047375,-0.01845901229292895
highest-temperature-in-taipei-on-june-6-2026,Taipei,degraded,microprice_minus_mid,900,activity_bucket,low,11,0.9664868713209122,0.3675242257154863,0.23101879037421885,0.6080061657174096,0.009232533565835576,-0.007947217189654666
highest-temperature-in-taipei-on-june-6-2026,Taipei,degraded,microprice_minus_mid,900,activity_bucket,medium,11,0.9716696080205593,0.3342380254376607,0.171627366637506,0.6104279658763314,0.0061693417337345515,-0.007964320517630298
highest-temperature-in-taipei-on-june-6-2026,Taipei,degraded,microprice_minus_mid,900,lifecycle_bucket,early,11,0.9846770220436128,0.3127014542655306,0.19467420687781864,0.6225077156357482,0.005552311472249813,-0.008254687736781627
highest-temperature-in-taipei-on-june-6-2026,Taipei,degraded,microprice_minus_mid,900,lifecycle_bucket,mid,8,0.8542389173296879,0.17320709095056783,-0.01264150450008845,0.47872199122303005,0.012419173424045204,-0.028110764466136532
highest-temperature-in-taipei-on-june-6-2026,Taipei,degraded,microprice_minus_mid,900,price_bucket,"(0.80,0.96]",2,1.0,0.00707055261805926,-0.14208718772965212,0.5004597144103091,-0.048705836657369814,-0.016756101861088446
highest-temperature-in-taipei-on-june-6-2026,Taipei,degraded,microprice_minus_mid,900,price_bucket,"(0.96,1]",1,0.9265014699706006,0.009066183136899365,-0.6083715016812279,0.2785910338517841,-0.013648334828050168,-0.02710403445149596
highest-temperature-in-taipei-on-june-6-2026,Taipei,degraded,microprice_minus_mid,900,price_bucket,"[0,0.04)",10,0.9058344825492494,0.2911104718711307,0.03409205684988972,0.5789542349537882,-0.003189841277108621,-0.004489726379129939
highest-temperature-in-taipei-on-june-6-2026,Taipei,degraded,microprice_minus_mid,900,price_bucket,"[0.04,0.20)",7,0.9994804496113296,0.1595240373525269,0.13352783075672742,0.5069241990013954,0.009369569884002964,-0.020684111454193476
highest-temperature-in-taipei-on-june-6-2026,Taipei,degraded,microprice_minus_mid,900,price_bucket,"[0.20,0.80]",6,0.9930631548614294,0.09456684070360366,0.13624001183709797,0.5377555051016977,0.028055946755374192,-0.03708753213250966
highest-temperature-in-taipei-on-june-6-2026,Taipei,degraded,microprice_minus_mid,900,spread_bucket,medium,11,0.9831534115244449,0.2939684043763968,0.09429280545884179,0.5571544366646716,0.0008895984331774853,-0.010582290691219128
highest-temperature-in-taipei-on-june-6-2026,Taipei,degraded,microprice_minus_mid,900,spread_bucket,tight,11,0.9500049457106962,0.37166519481336646,0.17459572069816984,0.60741666920051,0.002921928500486016,-0.003455151220391736
highest-temperature-in-taipei-on-june-6-2026,Taipei,degraded,microprice_minus_mid,900,spread_bucket,wide,11,0.9892485679519905,0.17658740218028451,0.17686968176515921,0.5767045109528529,0.016780691373361196,-0.03476560871732101
highest-temperature-in-taipei-on-june-6-2026,Taipei,degraded,spread,30,overall,all,11,0.9958114730902412,0.6408232348114957,-0.11925467185280157,0.5390182737118826,0.00026245421761132525,-0.01879916282732286
highest-temperature-in-taipei-on-june-6-2026,Taipei,degraded,spread,120,overall,all,11,0.9903120894803099,0.49581871794821103,-0.1647725980430352,0.508296714394226,-0.0012019865294479097,-0.019233994472594215
highest-temperature-in-taipei-on-june-6-2026,Taipei,degraded,spread,600,overall,all,11,0.9797700197786695,0.3355222935058491,-0.16058624958374315,0.490211279274055,0.000510671849299123,-0.018266406058366616
highest-temperature-in-taipei-on-june-6-2026,Taipei,degraded,tick_size_regime,30,overall,all,11,0.9958114730902412,0.6408232348114957,-0.013088659044409588,0.5390182737118826,,-0.01879916282732286
highest-temperature-in-taipei-on-june-6-2026,Taipei,degraded,tick_size_regime,120,overall,all,11,0.9903120894803099,0.49581871794821103,-0.011945135149463137,0.508296714394226,,-0.019233994472594215
highest-temperature-in-taipei-on-june-6-2026,Taipei,degraded,tick_size_regime,600,overall,all,11,0.9797700197786695,0.3355222935058491,-0.01187001208284933,0.490211279274055,,-0.018266406058366616
highest-temperature-in-taipei-on-june-6-2026,Taipei,degraded,top_level_depth,30,overall,all,11,0.9958114730902412,0.6408232348114957,-0.0555848897517202,0.5390182737118826,0.00021314093934013756,-0.01879916282732286
highest-temperature-in-taipei-on-june-6-2026,Taipei,degraded,top_level_depth,120,overall,all,11,0.9903120894803099,0.49581871794821103,-0.010862844553335502,0.508296714394226,0.000983263050533792,-0.019233994472594215
highest-temperature-in-taipei-on-june-6-2026,Taipei,degraded,top_level_depth,600,overall,all,11,0.9797700197786695,0.3355222935058491,-0.020322411576466495,0.490211279274055,0.0038230638715225414,-0.018266406058366616
