event_slug,city,event_date,cohort,factor,horizon_seconds,lifecycle_bucket,ic,zero_rate,crossing_markout,coverage,tokens
highest-temperature-in-amsterdam-on-june-8-2026,Amsterdam,2026-06-08,clean,depth_imbalance_1,30,1-6h,0.05379760855376906,0.7642581697788684,-0.009890383145692967,0.99659577456837,9
highest-temperature-in-amsterdam-on-june-8-2026,Amsterdam,2026-06-08,clean,depth_imbalance_1,30,6-24h,0.07078687239736277,0.8549525684787198,-0.0052133055469201365,0.9989419724663686,11
highest-temperature-in-amsterdam-on-june-8-2026,Amsterdam,2026-06-08,clean,depth_imbalance_1,30,<1h,0.13851363228029404,0.6340897703305715,-0.02628158214825526,0.9713952542197218,7
highest-temperature-in-amsterdam-on-june-8-2026,Amsterdam,2026-06-08,clean,depth_imbalance_1,30,>24h,0.03078811693649718,0.8530851979208997,-0.006393685600136128,0.9998710720360204,11
highest-temperature-in-amsterdam-on-june-8-2026,Amsterdam,2026-06-08,clean,depth_imbalance_1,30,all,0.04205888909400433,0.8266036281919,-0.007383817726155682,0.9984054280845835,11
highest-temperature-in-amsterdam-on-june-8-2026,Amsterdam,2026-06-08,clean,depth_imbalance_1,60,1-6h,0.07030519665047442,0.7134518968787883,-0.009658939485329388,0.9950213204336765,9
highest-temperature-in-amsterdam-on-june-8-2026,Amsterdam,2026-06-08,clean,depth_imbalance_1,60,6-24h,0.08416655200606117,0.8254219331191431,-0.005167562275758663,0.9983318125724575,11
highest-temperature-in-amsterdam-on-june-8-2026,Amsterdam,2026-06-08,clean,depth_imbalance_1,60,<1h,0.12452011895450339,0.6011263169586973,-0.02661699863112706,0.9566018995270272,7
highest-temperature-in-amsterdam-on-june-8-2026,Amsterdam,2026-06-08,clean,depth_imbalance_1,60,>24h,0.03429515686715013,0.8179578876921785,-0.006294380754099119,0.999804128670108,11
highest-temperature-in-amsterdam-on-june-8-2026,Amsterdam,2026-06-08,clean,depth_imbalance_1,60,all,0.05079580710145113,0.7914662520025145,-0.007288252988857082,0.9975938490017153,11
highest-temperature-in-amsterdam-on-june-8-2026,Amsterdam,2026-06-08,clean,depth_imbalance_1,120,1-6h,0.09793381005865494,0.6532056364190705,-0.009257287419768799,0.9927673060125906,9
highest-temperature-in-amsterdam-on-june-8-2026,Amsterdam,2026-06-08,clean,depth_imbalance_1,120,6-24h,0.092816233602291,0.7935854117267671,-0.005151177575659309,0.9970512391835412,11
highest-temperature-in-amsterdam-on-june-8-2026,Amsterdam,2026-06-08,clean,depth_imbalance_1,120,<1h,0.0516826608524088,0.5477768763806892,-0.02705626376815373,0.9189228801273622,7
highest-temperature-in-amsterdam-on-june-8-2026,Amsterdam,2026-06-08,clean,depth_imbalance_1,120,>24h,0.05211408776582498,0.7755437735101601,-0.006176816619428072,0.999715100157226,11
highest-temperature-in-amsterdam-on-june-8-2026,Amsterdam,2026-06-08,clean,depth_imbalance_1,120,all,0.06068655708431496,0.7527127907563013,-0.007169701173187937,0.9962933125022251,11
highest-temperature-in-amsterdam-on-june-8-2026,Amsterdam,2026-06-08,clean,depth_imbalance_1,300,1-6h,0.11319767754325955,0.5693394630971047,-0.008668824916666823,0.9867564518706791,9
highest-temperature-in-amsterdam-on-june-8-2026,Amsterdam,2026-06-08,clean,depth_imbalance_1,300,6-24h,0.10092132140681384,0.7256650789284539,-0.005109522593770382,0.9921625354642862,11
highest-temperature-in-amsterdam-on-june-8-2026,Amsterdam,2026-06-08,clean,depth_imbalance_1,300,<1h,0.03358624209925687,0.519902409913976,-0.025839429217311572,0.8090265818592434,7
highest-temperature-in-amsterdam-on-june-8-2026,Amsterdam,2026-06-08,clean,depth_imbalance_1,300,>24h,0.059031453093707296,0.6814386823373895,-0.006051150800772209,0.999077669180762,11
highest-temperature-in-amsterdam-on-june-8-2026,Amsterdam,2026-06-08,clean,depth_imbalance_1,300,all,0.06251742954712713,0.6765350092287411,-0.006926892712176063,0.9921964874566007,11
highest-temperature-in-amsterdam-on-june-8-2026,Amsterdam,2026-06-08,clean,depth_imbalance_1,600,1-6h,0.12268442378985646,0.48295772208178317,-0.0080220083924263,0.9775810826568618,9
highest-temperature-in-amsterdam-on-june-8-2026,Amsterdam,2026-06-08,clean,depth_imbalance_1,600,6-24h,0.1216679150379521,0.6693975456072745,-0.005219556373789,0.989166609834803,11
highest-temperature-in-amsterdam-on-june-8-2026,Amsterdam,2026-06-08,clean,depth_imbalance_1,600,<1h,-0.03609141401192845,0.3798594890023299,-0.026130802131154915,0.7272479851432926,7
highest-temperature-in-amsterdam-on-june-8-2026,Amsterdam,2026-06-08,clean,depth_imbalance_1,600,>24h,0.10078861425510738,0.5957321123089555,-0.0058357155938074,0.9887609985401453,11
highest-temperature-in-amsterdam-on-june-8-2026,Amsterdam,2026-06-08,clean,depth_imbalance_1,600,all,0.09001454916335523,0.6073790031719205,-0.0065646667537359645,0.9860061103071677,11
highest-temperature-in-amsterdam-on-june-8-2026,Amsterdam,2026-06-08,clean,depth_imbalance_1,900,1-6h,0.09077986663366587,0.43908892548403006,-0.008667560438465756,0.9762721788460738,9
highest-temperature-in-amsterdam-on-june-8-2026,Amsterdam,2026-06-08,clean,depth_imbalance_1,900,6-24h,0.1303235714883465,0.6181065475041166,-0.005312803435897,0.9869239623860854,11
highest-temperature-in-amsterdam-on-june-8-2026,Amsterdam,2026-06-08,clean,depth_imbalance_1,900,<1h,-0.031444513900864536,0.3888212023883315,-0.026597593080314497,0.6312400638872318,7
highest-temperature-in-amsterdam-on-june-8-2026,Amsterdam,2026-06-08,clean,depth_imbalance_1,900,>24h,0.12762843746799915,0.543869251086162,-0.0058104515239091,0.9881759097960591,11
highest-temperature-in-amsterdam-on-june-8-2026,Amsterdam,2026-06-08,clean,depth_imbalance_1,900,all,0.10520925670658922,0.5577887509799545,-0.006545046339061173,0.9829456945822951,11
highest-temperature-in-amsterdam-on-june-8-2026,Amsterdam,2026-06-08,clean,microprice_minus_mid,30,1-6h,0.04372377827035398,0.7642581697788684,-0.0098897277941174,0.99659577456837,9
highest-temperature-in-amsterdam-on-june-8-2026,Amsterdam,2026-06-08,clean,microprice_minus_mid,30,6-24h,0.030954373293434985,0.8549525684787198,-0.00521127547302669,0.9989419724663686,11
highest-temperature-in-amsterdam-on-june-8-2026,Amsterdam,2026-06-08,clean,microprice_minus_mid,30,<1h,0.12407839462015005,0.6340897703305715,-0.026272775070550574,0.9713952542197218,7
highest-temperature-in-amsterdam-on-june-8-2026,Amsterdam,2026-06-08,clean,microprice_minus_mid,30,>24h,-0.013690683909445228,0.8530851979208997,-0.00639989373774831,0.9998710720360204,11
highest-temperature-in-amsterdam-on-june-8-2026,Amsterdam,2026-06-08,clean,microprice_minus_mid,30,all,0.008141485706359827,0.8266036281919,-0.007379546511687482,0.9984054280845835,11
highest-temperature-in-amsterdam-on-june-8-2026,Amsterdam,2026-06-08,clean,microprice_minus_mid,60,1-6h,0.06349507036003613,0.7134518968787883,-0.0096577044342343,0.9950213204336765,9
highest-temperature-in-amsterdam-on-june-8-2026,Amsterdam,2026-06-08,clean,microprice_minus_mid,60,6-24h,0.047089947169483955,0.8254219331191431,-0.005165659113593945,0.9983318125724575,11
highest-temperature-in-amsterdam-on-june-8-2026,Amsterdam,2026-06-08,clean,microprice_minus_mid,60,<1h,0.09364636878631338,0.6011263169586973,-0.026607046340052714,0.9566018995270272,7
highest-temperature-in-amsterdam-on-june-8-2026,Amsterdam,2026-06-08,clean,microprice_minus_mid,60,>24h,-0.005983664008824363,0.8179578876921785,-0.006300043930101099,0.999804128670108,11
highest-temperature-in-amsterdam-on-june-8-2026,Amsterdam,2026-06-08,clean,microprice_minus_mid,60,all,0.019736531768398697,0.7914662520025145,-0.0072837969162417825,0.9975938490017153,11
highest-temperature-in-amsterdam-on-june-8-2026,Amsterdam,2026-06-08,clean,microprice_minus_mid,120,1-6h,0.08961625266624561,0.6532056364190705,-0.009259229171117545,0.9927673060125906,9
highest-temperature-in-amsterdam-on-june-8-2026,Amsterdam,2026-06-08,clean,microprice_minus_mid,120,6-24h,0.05507518544906667,0.7935854117267671,-0.005148870130959009,0.9970512391835412,11
highest-temperature-in-amsterdam-on-june-8-2026,Amsterdam,2026-06-08,clean,microprice_minus_mid,120,<1h,0.02700000350434293,0.5477768763806892,-0.02704336579830547,0.9189228801273622,7
highest-temperature-in-amsterdam-on-june-8-2026,Amsterdam,2026-06-08,clean,microprice_minus_mid,120,>24h,0.0036592444525231347,0.7755437735101601,-0.006185140748792382,0.999715100157226,11
highest-temperature-in-amsterdam-on-june-8-2026,Amsterdam,2026-06-08,clean,microprice_minus_mid,120,all,0.02938658825732209,0.7527127907563013,-0.0071663227277764365,0.9962933125022251,11
highest-temperature-in-amsterdam-on-june-8-2026,Amsterdam,2026-06-08,clean,microprice_minus_mid,300,1-6h,0.1095001874295728,0.5693394630971047,-0.008658445930237011,0.9867564518706791,9
highest-temperature-in-amsterdam-on-june-8-2026,Amsterdam,2026-06-08,clean,microprice_minus_mid,300,6-24h,0.05132404229689643,0.7256650789284539,-0.005107004104513937,0.9921625354642862,11
highest-temperature-in-amsterdam-on-june-8-2026,Amsterdam,2026-06-08,clean,microprice_minus_mid,300,<1h,0.018032852638524145,0.519902409913976,-0.025825262016124485,0.8090265818592434,7
highest-temperature-in-amsterdam-on-june-8-2026,Amsterdam,2026-06-08,clean,microprice_minus_mid,300,>24h,-0.013558280935313511,0.6814386823373895,-0.006061966337112291,0.999077669180762,11
highest-temperature-in-amsterdam-on-june-8-2026,Amsterdam,2026-06-08,clean,microprice_minus_mid,300,all,0.022292930529572107,0.6765350092287411,-0.006921920366391573,0.9921964874566007,11
highest-temperature-in-amsterdam-on-june-8-2026,Amsterdam,2026-06-08,clean,microprice_minus_mid,600,1-6h,0.10992123008807292,0.48295772208178317,-0.008011325174858055,0.9775810826568618,9
highest-temperature-in-amsterdam-on-june-8-2026,Amsterdam,2026-06-08,clean,microprice_minus_mid,600,6-24h,0.06931710988466668,0.6693975456072745,-0.005214089243757537,0.989166609834803,11
highest-temperature-in-amsterdam-on-june-8-2026,Amsterdam,2026-06-08,clean,microprice_minus_mid,600,<1h,-0.040835143142205266,0.3798594890023299,-0.02610494237973915,0.7272479851432926,7
highest-temperature-in-amsterdam-on-june-8-2026,Amsterdam,2026-06-08,clean,microprice_minus_mid,600,>24h,-0.002654898542262139,0.5957321123089555,-0.005846853341912681,0.9887609985401453,11
highest-temperature-in-amsterdam-on-june-8-2026,Amsterdam,2026-06-08,clean,microprice_minus_mid,600,all,0.03964983567264492,0.6073790031719205,-0.006558580504889372,0.9860061103071677,11
highest-temperature-in-amsterdam-on-june-8-2026,Amsterdam,2026-06-08,clean,microprice_minus_mid,900,1-6h,0.06937657428545857,0.43908892548403006,-0.008661077337003055,0.9762721788460738,9
highest-temperature-in-amsterdam-on-june-8-2026,Amsterdam,2026-06-08,clean,microprice_minus_mid,900,6-24h,0.08358246370003902,0.6181065475041166,-0.005307936598001563,0.9869239623860854,11
highest-temperature-in-amsterdam-on-june-8-2026,Amsterdam,2026-06-08,clean,microprice_minus_mid,900,<1h,-0.05220849941103094,0.3888212023883315,-0.02656779488529175,0.6312400638872318,7
highest-temperature-in-amsterdam-on-june-8-2026,Amsterdam,2026-06-08,clean,microprice_minus_mid,900,>24h,0.004933225690821755,0.543869251086162,-0.005823953120175254,0.9881759097960591,11
highest-temperature-in-amsterdam-on-june-8-2026,Amsterdam,2026-06-08,clean,microprice_minus_mid,900,all,0.0418506876865992,0.5577887509799545,-0.006541290426950464,0.9829456945822951,11
highest-temperature-in-ankara-on-june-11-2026,Ankara,2026-06-11,degraded,depth_imbalance_1,30,6-24h,0.09581915542201967,0.8831893733247503,-0.003942006612983064,0.9944806961466796,11
highest-temperature-in-ankara-on-june-11-2026,Ankara,2026-06-11,degraded,depth_imbalance_1,30,>24h,0.05623815441010063,0.8608546503267213,-0.008934015092451836,0.999480156399115,11
highest-temperature-in-ankara-on-june-11-2026,Ankara,2026-06-11,degraded,depth_imbalance_1,30,all,0.06751064978674398,0.864907937660715,-0.007276305676909301,0.9993368925301686,11
highest-temperature-in-ankara-on-june-11-2026,Ankara,2026-06-11,degraded,depth_imbalance_1,60,6-24h,0.12115891299242557,0.8595183044295528,-0.003907577871449209,0.9940165964592701,11
highest-temperature-in-ankara-on-june-11-2026,Ankara,2026-06-11,degraded,depth_imbalance_1,60,>24h,0.06089985884088693,0.8350030336206313,-0.00889200406546741,0.9994243694211792,11
highest-temperature-in-ankara-on-june-11-2026,Ankara,2026-06-11,degraded,depth_imbalance_1,60,all,0.07257688830474983,0.8403567888752351,-0.007238870444484801,0.9991212018503095,11
highest-temperature-in-ankara-on-june-11-2026,Ankara,2026-06-11,degraded,depth_imbalance_1,120,6-24h,0.126040779047523,0.8166472660660756,-0.0038276378036583,0.9929548203729609,11
highest-temperature-in-ankara-on-june-11-2026,Ankara,2026-06-11,degraded,depth_imbalance_1,120,>24h,0.07130196419190579,0.7999796315475103,-0.008956219363165246,0.999451471708931,11
highest-temperature-in-ankara-on-june-11-2026,Ankara,2026-06-11,degraded,depth_imbalance_1,120,all,0.08000004338891388,0.8021026201961502,-0.00726721947053171,0.9987091061634635,11
highest-temperature-in-ankara-on-june-11-2026,Ankara,2026-06-11,degraded,depth_imbalance_1,300,6-24h,0.12442144462704467,0.7354856050175271,-0.003738655324545982,0.9846852734827141,11
highest-temperature-in-ankara-on-june-11-2026,Ankara,2026-06-11,degraded,depth_imbalance_1,300,>24h,0.07675247345883135,0.7288084469859997,-0.008787115579984519,0.9990797494321625,11
highest-temperature-in-ankara-on-june-11-2026,Ankara,2026-06-11,degraded,depth_imbalance_1,300,all,0.08628359628325707,0.7269164494290999,-0.007134151481961919,0.9965199160328201,11
highest-temperature-in-ankara-on-june-11-2026,Ankara,2026-06-11,degraded,depth_imbalance_1,600,6-24h,0.1378011526764345,0.6808032071309656,-0.0036104977070690633,0.9654452387695613,11
highest-temperature-in-ankara-on-june-11-2026,Ankara,2026-06-11,degraded,depth_imbalance_1,600,>24h,0.06774546126922776,0.6606644436742322,-0.008436110588000036,0.9989759890322977,11
highest-temperature-in-ankara-on-june-11-2026,Ankara,2026-06-11,degraded,depth_imbalance_1,600,all,0.08792263164119068,0.6640945774802302,-0.00687139817382349,0.9908682970871336,11
highest-temperature-in-ankara-on-june-11-2026,Ankara,2026-06-11,degraded,depth_imbalance_1,900,6-24h,0.15836405385446536,0.6282790513209392,-0.0033920846861078546,0.9424330557272526,11
highest-temperature-in-ankara-on-june-11-2026,Ankara,2026-06-11,degraded,depth_imbalance_1,900,>24h,0.08000183635082635,0.6105221982997012,-0.008145472678103964,0.9988106393592908,11
highest-temperature-in-ankara-on-june-11-2026,Ankara,2026-06-11,degraded,depth_imbalance_1,900,all,0.10659689823801335,0.6146871068182143,-0.006631707337759237,0.9837698413470579,11
highest-temperature-in-ankara-on-june-11-2026,Ankara,2026-06-11,degraded,microprice_minus_mid,30,6-24h,0.08220881544729275,0.8831893733247503,-0.003944101515256082,0.9944806961466796,11
highest-temperature-in-ankara-on-june-11-2026,Ankara,2026-06-11,degraded,microprice_minus_mid,30,>24h,0.056740869647574965,0.8608546503267213,-0.008946044796532882,0.999480156399115,11
highest-temperature-in-ankara-on-june-11-2026,Ankara,2026-06-11,degraded,microprice_minus_mid,30,all,0.06141802310361188,0.864907937660715,-0.007290057012698573,0.9993368925301686,11
highest-temperature-in-ankara-on-june-11-2026,Ankara,2026-06-11,degraded,microprice_minus_mid,60,6-24h,0.1030949433164634,0.8595183044295528,-0.003910211477666363,0.9940165964592701,11
highest-temperature-in-ankara-on-june-11-2026,Ankara,2026-06-11,degraded,microprice_minus_mid,60,>24h,0.06276427719956724,0.8350030336206313,-0.008903930831143245,0.9994243694211792,11
highest-temperature-in-ankara-on-june-11-2026,Ankara,2026-06-11,degraded,microprice_minus_mid,60,all,0.06616854218622317,0.8403567888752351,-0.007252807620075208,0.9991212018503095,11
highest-temperature-in-ankara-on-june-11-2026,Ankara,2026-06-11,degraded,microprice_minus_mid,120,6-24h,0.09925354272782064,0.8166472660660756,-0.0038284910452238818,0.9929548203729609,11
highest-temperature-in-ankara-on-june-11-2026,Ankara,2026-06-11,degraded,microprice_minus_mid,120,>24h,0.06815539194372529,0.7999796315475103,-0.008964197252871146,0.999451471708931,11
highest-temperature-in-ankara-on-june-11-2026,Ankara,2026-06-11,degraded,microprice_minus_mid,120,all,0.06732402099032196,0.8021026201961502,-0.007278395841970001,0.9987091061634635,11
highest-temperature-in-ankara-on-june-11-2026,Ankara,2026-06-11,degraded,microprice_minus_mid,300,6-24h,0.09303090428666684,0.7354856050175271,-0.003739502485430028,0.9846852734827141,11
highest-temperature-in-ankara-on-june-11-2026,Ankara,2026-06-11,degraded,microprice_minus_mid,300,>24h,0.08387999271043961,0.7288084469859997,-0.008792937556850719,0.9990797494321625,11
highest-temperature-in-ankara-on-june-11-2026,Ankara,2026-06-11,degraded,microprice_minus_mid,300,all,0.07835014207799257,0.7269164494290999,-0.0071442488293267095,0.9965199160328201,11
highest-temperature-in-ankara-on-june-11-2026,Ankara,2026-06-11,degraded,microprice_minus_mid,600,6-24h,0.10157671008616212,0.6808032071309656,-0.0036104161632649276,0.9654452387695613,11
highest-temperature-in-ankara-on-june-11-2026,Ankara,2026-06-11,degraded,microprice_minus_mid,600,>24h,0.0801329790736624,0.6606644436742322,-0.008441916960203473,0.9989759890322977,11
highest-temperature-in-ankara-on-june-11-2026,Ankara,2026-06-11,degraded,microprice_minus_mid,600,all,0.07803024663087421,0.6640945774802302,-0.006881518945573691,0.9908682970871336,11
highest-temperature-in-ankara-on-june-11-2026,Ankara,2026-06-11,degraded,microprice_minus_mid,900,6-24h,0.12117211471755854,0.6282790513209392,-0.003392043071963009,0.9424330557272526,11
highest-temperature-in-ankara-on-june-11-2026,Ankara,2026-06-11,degraded,microprice_minus_mid,900,>24h,0.09528392352159236,0.6105221982997012,-0.008149122302599636,0.9988106393592908,11
highest-temperature-in-ankara-on-june-11-2026,Ankara,2026-06-11,degraded,microprice_minus_mid,900,all,0.09812430421827019,0.6146871068182143,-0.0066408817798139005,0.9837698413470579,11
highest-temperature-in-atlanta-on-june-7-2026,Atlanta,2026-06-07,degraded,depth_imbalance_1,30,1-6h,0.0818611275324165,0.8229758065476859,-0.0090152078957754,0.9995951433989495,9
highest-temperature-in-atlanta-on-june-7-2026,Atlanta,2026-06-07,degraded,depth_imbalance_1,30,6-24h,0.08431746093410805,0.84731380459248,-0.009773242594952054,0.9999928934370891,9
highest-temperature-in-atlanta-on-june-7-2026,Atlanta,2026-06-07,degraded,depth_imbalance_1,30,<1h,0.19494162770929643,0.7748024259723615,-0.006803923679765911,0.9879350523265027,9
highest-temperature-in-atlanta-on-june-7-2026,Atlanta,2026-06-07,degraded,depth_imbalance_1,30,all,0.09226307084880583,0.8324831642727791,-0.009292201359591433,0.9987625964175921,9
highest-temperature-in-atlanta-on-june-7-2026,Atlanta,2026-06-07,degraded,depth_imbalance_1,60,1-6h,0.08120058089667714,0.7656212534098281,-0.008972914731956433,0.9994755743509709,9
highest-temperature-in-atlanta-on-june-7-2026,Atlanta,2026-06-07,degraded,depth_imbalance_1,60,6-24h,0.09718442244578279,0.7908744711880609,-0.009644064806710123,0.9999976311456964,9
highest-temperature-in-atlanta-on-june-7-2026,Atlanta,2026-06-07,degraded,depth_imbalance_1,60,<1h,0.2094348167399845,0.7262157221963759,-0.006716672884481823,0.9790195272747027,9
highest-temperature-in-atlanta-on-june-7-2026,Atlanta,2026-06-07,degraded,depth_imbalance_1,60,all,0.10076995508269747,0.7763292835258513,-0.009207047661590778,0.9979385728476825,9
highest-temperature-in-atlanta-on-june-7-2026,Atlanta,2026-06-07,degraded,depth_imbalance_1,120,1-6h,0.07276327396369481,0.6963782499167035,-0.008928833434935744,0.9997398848780814,9
highest-temperature-in-atlanta-on-june-7-2026,Atlanta,2026-06-07,degraded,depth_imbalance_1,120,6-24h,0.11158713569821664,0.7274121914079953,-0.009484789242114988,0.9999905245827855,9
highest-temperature-in-atlanta-on-june-7-2026,Atlanta,2026-06-07,degraded,depth_imbalance_1,120,<1h,0.1788156596321852,0.6562823470795007,-0.0066002750916802,0.9713472181569871,9
highest-temperature-in-atlanta-on-june-7-2026,Atlanta,2026-06-07,degraded,depth_imbalance_1,120,all,0.10552254173080224,0.7101874425608159,-0.009101628764422732,0.9974319211260239,9
highest-temperature-in-atlanta-on-june-7-2026,Atlanta,2026-06-07,degraded,depth_imbalance_1,300,1-6h,0.06304248098961546,0.5894738145274949,-0.008933620957289867,0.9992301431472251,9
highest-temperature-in-atlanta-on-june-7-2026,Atlanta,2026-06-07,degraded,depth_imbalance_1,300,6-24h,0.140561020788397,0.630437105026893,-0.009303217465194956,0.9999857868741783,9
highest-temperature-in-atlanta-on-june-7-2026,Atlanta,2026-06-07,degraded,depth_imbalance_1,300,<1h,0.24450043177837946,0.5698723157806097,-0.006157345673161878,0.9179815131924849,9
highest-temperature-in-atlanta-on-june-7-2026,Atlanta,2026-06-07,degraded,depth_imbalance_1,300,all,0.11758157019076612,0.6111291641439127,-0.008996485344883067,0.9930081269787521,9
highest-temperature-in-atlanta-on-june-7-2026,Atlanta,2026-06-07,degraded,depth_imbalance_1,600,1-6h,0.08304532386900572,0.4739721454795085,-0.00849112650671139,0.9997252009599088,9
highest-temperature-in-atlanta-on-june-7-2026,Atlanta,2026-06-07,degraded,depth_imbalance_1,600,6-24h,0.1754510760752882,0.5324430712988761,-0.00901453915438721,0.9999928934370891,9
highest-temperature-in-atlanta-on-june-7-2026,Atlanta,2026-06-07,degraded,depth_imbalance_1,600,<1h,0.23263898045427403,0.4516178656763519,-0.005822590515051812,0.8437292289512959,9
highest-temperature-in-atlanta-on-june-7-2026,Atlanta,2026-06-07,degraded,depth_imbalance_1,600,all,0.14706902753825263,0.5062061051229803,-0.008663255715933233,0.9872939571497502,9
highest-temperature-in-atlanta-on-june-7-2026,Atlanta,2026-06-07,degraded,depth_imbalance_1,900,1-6h,0.08940272650054099,0.4230880013138585,-0.007983759937547266,0.9994084478678951,9
highest-temperature-in-atlanta-on-june-7-2026,Atlanta,2026-06-07,degraded,depth_imbalance_1,900,6-24h,0.17064365128966322,0.47539434840333183,-0.008996793623839046,1.0,9
highest-temperature-in-atlanta-on-june-7-2026,Atlanta,2026-06-07,degraded,depth_imbalance_1,900,<1h,0.19567352239835317,0.3830785883639049,-0.005565960034970455,0.7196320455449262,9
highest-temperature-in-atlanta-on-june-7-2026,Atlanta,2026-06-07,degraded,depth_imbalance_1,900,all,0.14461664925340784,0.45161422691385195,-0.0084636477830522,0.9769377582005853,9
highest-temperature-in-atlanta-on-june-7-2026,Atlanta,2026-06-07,degraded,microprice_minus_mid,30,1-6h,0.0692452829204107,0.8229758065476859,-0.009015759745372644,0.9995951433989495,9
highest-temperature-in-atlanta-on-june-7-2026,Atlanta,2026-06-07,degraded,microprice_minus_mid,30,6-24h,0.05666834401539519,0.84731380459248,-0.009776315265735256,0.9999928934370891,9
highest-temperature-in-atlanta-on-june-7-2026,Atlanta,2026-06-07,degraded,microprice_minus_mid,30,<1h,0.0996627153960217,0.7748024259723615,-0.006798517941460701,0.9879350523265027,9
highest-temperature-in-atlanta-on-june-7-2026,Atlanta,2026-06-07,degraded,microprice_minus_mid,30,all,0.07443857576078476,0.8324831642727791,-0.009294253084466879,0.9987625964175921,9
highest-temperature-in-atlanta-on-june-7-2026,Atlanta,2026-06-07,degraded,microprice_minus_mid,60,1-6h,0.05775619241417491,0.7656212534098281,-0.008973438492252413,0.9994755743509709,9
highest-temperature-in-atlanta-on-june-7-2026,Atlanta,2026-06-07,degraded,microprice_minus_mid,60,6-24h,0.07007625188864745,0.7908744711880609,-0.009646488439628299,0.9999976311456964,9
highest-temperature-in-atlanta-on-june-7-2026,Atlanta,2026-06-07,degraded,microprice_minus_mid,60,<1h,0.10512958842107938,0.7262157221963759,-0.006711931138710023,0.9790195272747027,9
highest-temperature-in-atlanta-on-june-7-2026,Atlanta,2026-06-07,degraded,microprice_minus_mid,60,all,0.07744039322089669,0.7763292835258513,-0.00920878643107079,0.9979385728476825,9
highest-temperature-in-atlanta-on-june-7-2026,Atlanta,2026-06-07,degraded,microprice_minus_mid,120,1-6h,0.035908960852368645,0.6963782499167035,-0.008937165718873388,0.9997398848780814,9
highest-temperature-in-atlanta-on-june-7-2026,Atlanta,2026-06-07,degraded,microprice_minus_mid,120,6-24h,0.07787714097682413,0.7274121914079953,-0.009486185614863455,0.9999905245827855,9
highest-temperature-in-atlanta-on-june-7-2026,Atlanta,2026-06-07,degraded,microprice_minus_mid,120,<1h,0.10283829387179413,0.6562823470795007,-0.006595618374868944,0.9713472181569871,9
highest-temperature-in-atlanta-on-june-7-2026,Atlanta,2026-06-07,degraded,microprice_minus_mid,120,all,0.0762026789207676,0.7101874425608159,-0.0091054479438776,0.9974319211260239,9
highest-temperature-in-atlanta-on-june-7-2026,Atlanta,2026-06-07,degraded,microprice_minus_mid,300,1-6h,0.00219328839911781,0.5894738145274949,-0.008931743877723278,0.9992301431472251,9
highest-temperature-in-atlanta-on-june-7-2026,Atlanta,2026-06-07,degraded,microprice_minus_mid,300,6-24h,0.10864713791800663,0.630437105026893,-0.009303972044596378,0.9999857868741783,9
highest-temperature-in-atlanta-on-june-7-2026,Atlanta,2026-06-07,degraded,microprice_minus_mid,300,<1h,0.20723213552967476,0.5698723157806097,-0.0061523348978778335,0.9179815131924849,9
highest-temperature-in-atlanta-on-june-7-2026,Atlanta,2026-06-07,degraded,microprice_minus_mid,300,all,0.08290453988636576,0.6111291641439127,-0.0089965910592199,0.9930081269787521,9
highest-temperature-in-atlanta-on-june-7-2026,Atlanta,2026-06-07,degraded,microprice_minus_mid,600,1-6h,0.014400758611717955,0.4739721454795085,-0.008490126044746445,0.9997252009599088,9
highest-temperature-in-atlanta-on-june-7-2026,Atlanta,2026-06-07,degraded,microprice_minus_mid,600,6-24h,0.15127371523269634,0.5324430712988761,-0.009017053949364478,0.9999928934370891,9
highest-temperature-in-atlanta-on-june-7-2026,Atlanta,2026-06-07,degraded,microprice_minus_mid,600,<1h,0.12842781490976682,0.4516178656763519,-0.005813609367588011,0.8437292289512959,9
highest-temperature-in-atlanta-on-june-7-2026,Atlanta,2026-06-07,degraded,microprice_minus_mid,600,all,0.10457823366495245,0.5062061051229803,-0.008664343496652745,0.9872939571497502,9
highest-temperature-in-atlanta-on-june-7-2026,Atlanta,2026-06-07,degraded,microprice_minus_mid,900,1-6h,0.01740888067030781,0.4230880013138585,-0.007987043260103988,0.9994084478678951,9
highest-temperature-in-atlanta-on-june-7-2026,Atlanta,2026-06-07,degraded,microprice_minus_mid,900,6-24h,0.15069320906757458,0.47539434840333183,-0.008999225704898145,1.0,9
highest-temperature-in-atlanta-on-june-7-2026,Atlanta,2026-06-07,degraded,microprice_minus_mid,900,<1h,0.1466329975668967,0.3830785883639049,-0.005579026714510689,0.7196320455449262,9
highest-temperature-in-atlanta-on-june-7-2026,Atlanta,2026-06-07,degraded,microprice_minus_mid,900,all,0.10374881843776579,0.45161422691385195,-0.008466706624768245,0.9769377582005853,9
highest-temperature-in-austin-on-june-11-2026,Austin,2026-06-11,degraded,depth_imbalance_1,30,6-24h,0.08767578348493092,0.8244607505615178,-0.0053375179154370005,0.9990302876259297,11
highest-temperature-in-austin-on-june-11-2026,Austin,2026-06-11,degraded,depth_imbalance_1,30,>24h,0.025899002161939997,0.7803516879684131,-0.011873270425933398,0.9995044930773804,11
highest-temperature-in-austin-on-june-11-2026,Austin,2026-06-11,degraded,depth_imbalance_1,30,all,0.049276521088649175,0.7868029386080463,-0.009617443818500855,0.9992632581691377,11
highest-temperature-in-austin-on-june-11-2026,Austin,2026-06-11,degraded,depth_imbalance_1,60,6-24h,0.08264287425521231,0.7997536201604123,-0.005311810231674364,0.9977606467260988,11
highest-temperature-in-austin-on-june-11-2026,Austin,2026-06-11,degraded,depth_imbalance_1,60,>24h,0.02698103306362273,0.7499922926015633,-0.011800932090752937,0.9994245741267007,11
highest-temperature-in-austin-on-june-11-2026,Austin,2026-06-11,degraded,depth_imbalance_1,60,all,0.0499078310913157,0.7606094070833053,-0.009561264302552183,0.9987167838637422,11
highest-temperature-in-austin-on-june-11-2026,Austin,2026-06-11,degraded,depth_imbalance_1,120,6-24h,0.08993634901824075,0.7598950398180052,-0.005303320022045663,0.9956345506239551,11
highest-temperature-in-austin-on-june-11-2026,Austin,2026-06-11,degraded,depth_imbalance_1,120,>24h,0.022056981850703303,0.6991761315661053,-0.011700764133982038,0.9995757470095586,11
highest-temperature-in-austin-on-june-11-2026,Austin,2026-06-11,degraded,depth_imbalance_1,120,all,0.05090357385101694,0.7160002052842492,-0.009491246615608646,0.9980418210105342,11
highest-temperature-in-austin-on-june-11-2026,Austin,2026-06-11,degraded,depth_imbalance_1,300,6-24h,0.09858270399913392,0.6699058195590426,-0.005139344587202563,0.9898624510026243,11
highest-temperature-in-austin-on-june-11-2026,Austin,2026-06-11,degraded,depth_imbalance_1,300,>24h,0.0012390749352575068,0.6098479621496146,-0.011448501318995564,0.9997830194808137,11
highest-temperature-in-austin-on-june-11-2026,Austin,2026-06-11,degraded,depth_imbalance_1,300,all,0.044588148022247406,0.6295492170828205,-0.009279089840848518,0.9959925603704974,11
highest-temperature-in-austin-on-june-11-2026,Austin,2026-06-11,degraded,depth_imbalance_1,600,6-24h,0.0786672520216793,0.5866635803288596,-0.005041428387040764,0.9796784852960223,11
highest-temperature-in-austin-on-june-11-2026,Austin,2026-06-11,degraded,depth_imbalance_1,600,>24h,-0.04822395910844186,0.5017955625820758,-0.0113273979602359,0.9997087321855019,11
highest-temperature-in-austin-on-june-11-2026,Austin,2026-06-11,degraded,depth_imbalance_1,600,all,0.010145976674264407,0.5309961643007904,-0.009177342214555045,0.9921002096549156,11
highest-temperature-in-austin-on-june-11-2026,Austin,2026-06-11,degraded,depth_imbalance_1,900,6-24h,0.10147930571743466,0.5360094510807445,-0.004952641728384918,0.9693108152937455,11
highest-temperature-in-austin-on-june-11-2026,Austin,2026-06-11,degraded,depth_imbalance_1,900,>24h,-0.0803074395868786,0.4176168125757382,-0.011115538568749254,0.9996935108689825,11
highest-temperature-in-austin-on-june-11-2026,Austin,2026-06-11,degraded,depth_imbalance_1,900,all,-0.007378575539516554,0.4613900489846101,-0.009016704775040027,0.9881716917131249,11
highest-temperature-in-austin-on-june-11-2026,Austin,2026-06-11,degraded,microprice_minus_mid,30,6-24h,0.0551654001305428,0.8244607505615178,-0.005338813183526764,0.9990302876259297,11
highest-temperature-in-austin-on-june-11-2026,Austin,2026-06-11,degraded,microprice_minus_mid,30,>24h,0.022028562801784828,0.7803516879684131,-0.011874443909078974,0.9995044930773804,11
highest-temperature-in-austin-on-june-11-2026,Austin,2026-06-11,degraded,microprice_minus_mid,30,all,0.020531413344246,0.7868029386080463,-0.009619462224744836,0.9992632581691377,11
highest-temperature-in-austin-on-june-11-2026,Austin,2026-06-11,degraded,microprice_minus_mid,60,6-24h,0.05476736277721881,0.7997536201604123,-0.005312684683898,0.9977606467260988,11
highest-temperature-in-austin-on-june-11-2026,Austin,2026-06-11,degraded,microprice_minus_mid,60,>24h,0.033356788151495016,0.7499922926015633,-0.011801648380468165,0.9994245741267007,11
highest-temperature-in-austin-on-june-11-2026,Austin,2026-06-11,degraded,microprice_minus_mid,60,all,0.03353505996124178,0.7606094070833053,-0.009562871140231783,0.9987167838637422,11
highest-temperature-in-austin-on-june-11-2026,Austin,2026-06-11,degraded,microprice_minus_mid,120,6-24h,0.06301907633226658,0.7598950398180052,-0.0053056671014698265,0.9956345506239551,11
highest-temperature-in-austin-on-june-11-2026,Austin,2026-06-11,degraded,microprice_minus_mid,120,>24h,0.042685282021950655,0.6991761315661053,-0.011700770261104191,0.9995757470095586,11
highest-temperature-in-austin-on-june-11-2026,Austin,2026-06-11,degraded,microprice_minus_mid,120,all,0.044492759727474435,0.7160002052842492,-0.009492664446804437,0.9980418210105342,11
highest-temperature-in-austin-on-june-11-2026,Austin,2026-06-11,degraded,microprice_minus_mid,300,6-24h,0.0928718491027714,0.6699058195590426,-0.005142104888145854,0.9898624510026243,11
highest-temperature-in-austin-on-june-11-2026,Austin,2026-06-11,degraded,microprice_minus_mid,300,>24h,0.0314213314866212,0.6098479621496146,-0.011449254689586836,0.9997830194808137,11
highest-temperature-in-austin-on-june-11-2026,Austin,2026-06-11,degraded,microprice_minus_mid,300,all,0.0504500780898665,0.6295492170828205,-0.009281064268716072,0.9959925603704974,11
highest-temperature-in-austin-on-june-11-2026,Austin,2026-06-11,degraded,microprice_minus_mid,600,6-24h,0.09678761457189887,0.5866635803288596,-0.005041407197833709,0.9796784852960223,11
highest-temperature-in-austin-on-june-11-2026,Austin,2026-06-11,degraded,microprice_minus_mid,600,>24h,0.012572838382523245,0.5017955625820758,-0.011327156373304363,0.9997087321855019,11
highest-temperature-in-austin-on-june-11-2026,Austin,2026-06-11,degraded,microprice_minus_mid,600,all,0.03992716785778865,0.5309961643007904,-0.009178066437623573,0.9921002096549156,11
highest-temperature-in-austin-on-june-11-2026,Austin,2026-06-11,degraded,microprice_minus_mid,900,6-24h,0.13736569609010563,0.5360094510807445,-0.004966447120777145,0.9693108152937455,11
highest-temperature-in-austin-on-june-11-2026,Austin,2026-06-11,degraded,microprice_minus_mid,900,>24h,0.005331040059481898,0.4176168125757382,-0.011115160256765254,0.9996935108689825,11
highest-temperature-in-austin-on-june-11-2026,Austin,2026-06-11,degraded,microprice_minus_mid,900,all,0.04846636704930714,0.4613900489846101,-0.009020520789332236,0.9881716917131249,11
highest-temperature-in-beijing-on-june-8-2026,Beijing,2026-06-08,clean,depth_imbalance_1,30,1-6h,0.14864078818178217,0.6239561319330618,-0.013979522337046557,0.938853059063173,7
highest-temperature-in-beijing-on-june-8-2026,Beijing,2026-06-08,clean,depth_imbalance_1,30,6-24h,0.07801662192011041,0.7885324310402152,-0.009986586589586328,0.9969566278820788,11
highest-temperature-in-beijing-on-june-8-2026,Beijing,2026-06-08,clean,depth_imbalance_1,30,<1h,,1.0,-0.002,0.8894736842105263,1
highest-temperature-in-beijing-on-june-8-2026,Beijing,2026-06-08,clean,depth_imbalance_1,30,>24h,0.08654326974320214,0.8188326426820477,-0.0082176999700193,0.9998127464285915,11
highest-temperature-in-beijing-on-june-8-2026,Beijing,2026-06-08,clean,depth_imbalance_1,30,all,0.07661108007591867,0.7542791929435153,-0.010528460259160582,0.9977053873397549,11
highest-temperature-in-beijing-on-june-8-2026,Beijing,2026-06-08,clean,depth_imbalance_1,60,1-6h,0.17218106293823998,0.5705631609424037,-0.013658348568268572,0.8783833497566855,7
highest-temperature-in-beijing-on-june-8-2026,Beijing,2026-06-08,clean,depth_imbalance_1,60,6-24h,0.09105136769417241,0.732619895058834,-0.0098513919676034,0.9946728057661779,11
highest-temperature-in-beijing-on-june-8-2026,Beijing,2026-06-08,clean,depth_imbalance_1,60,<1h,,1.0,-0.002,0.7947368421052632,1
highest-temperature-in-beijing-on-june-8-2026,Beijing,2026-06-08,clean,depth_imbalance_1,60,>24h,0.09540578681280647,0.7627956629784307,-0.00815859597865119,0.9996746988396736,11
highest-temperature-in-beijing-on-june-8-2026,Beijing,2026-06-08,clean,depth_imbalance_1,60,all,0.08802668671659647,0.6949462111448488,-0.010360227144801408,0.9958939400141271,11
highest-temperature-in-beijing-on-june-8-2026,Beijing,2026-06-08,clean,depth_imbalance_1,120,1-6h,0.20567778421380944,0.5272726890598919,-0.012608999023118444,0.760280534559646,7
highest-temperature-in-beijing-on-june-8-2026,Beijing,2026-06-08,clean,depth_imbalance_1,120,6-24h,0.09828189247820358,0.6720118455967372,-0.009707071356751655,0.9909488456957573,11
highest-temperature-in-beijing-on-june-8-2026,Beijing,2026-06-08,clean,depth_imbalance_1,120,<1h,,1.0,-0.002,0.5473684210526316,1
highest-temperature-in-beijing-on-june-8-2026,Beijing,2026-06-08,clean,depth_imbalance_1,120,>24h,0.10343380507885626,0.7042180843235549,-0.008087560424621144,0.9994138622964676,11
highest-temperature-in-beijing-on-june-8-2026,Beijing,2026-06-08,clean,depth_imbalance_1,120,all,0.09869196069815861,0.6340565926320577,-0.010045283750402137,0.9928389940328777,11
highest-temperature-in-beijing-on-june-8-2026,Beijing,2026-06-08,clean,depth_imbalance_1,300,1-6h,0.27381318835648777,0.25385953085144564,-0.01748522207732206,0.6090898641647025,7
highest-temperature-in-beijing-on-june-8-2026,Beijing,2026-06-08,clean,depth_imbalance_1,300,6-24h,0.10662727315098956,0.5823464193120977,-0.009613312327862973,0.9874443122129325,11
highest-temperature-in-beijing-on-june-8-2026,Beijing,2026-06-08,clean,depth_imbalance_1,300,<1h,,,,0.0,1
highest-temperature-in-beijing-on-june-8-2026,Beijing,2026-06-08,clean,depth_imbalance_1,300,>24h,0.1142381743339401,0.587188178142208,-0.007990804918575699,0.9988209734567792,11
highest-temperature-in-beijing-on-june-8-2026,Beijing,2026-06-08,clean,depth_imbalance_1,300,all,0.11039904969083353,0.5330572935614163,-0.009965398590689645,0.9883536848058039,11
highest-temperature-in-beijing-on-june-8-2026,Beijing,2026-06-08,clean,depth_imbalance_1,600,1-6h,0.24842403227955923,0.21753777112985842,-0.016190402455044082,0.5307013112336021,7
highest-temperature-in-beijing-on-june-8-2026,Beijing,2026-06-08,clean,depth_imbalance_1,600,6-24h,0.10920833688172862,0.507948817527321,-0.009739007232863044,0.9829485350633291,11
highest-temperature-in-beijing-on-june-8-2026,Beijing,2026-06-08,clean,depth_imbalance_1,600,<1h,,,,0.0,1
highest-temperature-in-beijing-on-june-8-2026,Beijing,2026-06-08,clean,depth_imbalance_1,600,>24h,0.14260646953673528,0.4664679037201917,-0.0078188684501856,0.997855874783606,11
highest-temperature-in-beijing-on-june-8-2026,Beijing,2026-06-08,clean,depth_imbalance_1,600,all,0.12181839433097101,0.4421837635311889,-0.009806915712735818,0.9838961407893817,11
highest-temperature-in-beijing-on-june-8-2026,Beijing,2026-06-08,clean,depth_imbalance_1,900,1-6h,0.25085743753199674,0.2173153345822904,-0.01697208380496896,0.5677726871026241,7
highest-temperature-in-beijing-on-june-8-2026,Beijing,2026-06-08,clean,depth_imbalance_1,900,6-24h,0.10185677529080135,0.46537560870931355,-0.0095770690459485,0.9794572269600487,11
highest-temperature-in-beijing-on-june-8-2026,Beijing,2026-06-08,clean,depth_imbalance_1,900,<1h,,,,0.0,1
highest-temperature-in-beijing-on-june-8-2026,Beijing,2026-06-08,clean,depth_imbalance_1,900,>24h,0.15864392895432308,0.3988677080176416,-0.007772798229346164,0.9973658336377708,11
highest-temperature-in-beijing-on-june-8-2026,Beijing,2026-06-08,clean,depth_imbalance_1,900,all,0.12650339236101277,0.39466976965576167,-0.009863802727428591,0.9803408040775465,11
highest-temperature-in-beijing-on-june-8-2026,Beijing,2026-06-08,clean,microprice_minus_mid,30,1-6h,0.11511011373223726,0.6239561319330618,-0.013998151840414943,0.938853059063173,7
highest-temperature-in-beijing-on-june-8-2026,Beijing,2026-06-08,clean,microprice_minus_mid,30,6-24h,0.058616453652644854,0.7885324310402152,-0.009994923438485383,0.9969566278820788,11
highest-temperature-in-beijing-on-june-8-2026,Beijing,2026-06-08,clean,microprice_minus_mid,30,<1h,,1.0,-0.002,0.8894736842105263,1
highest-temperature-in-beijing-on-june-8-2026,Beijing,2026-06-08,clean,microprice_minus_mid,30,>24h,0.08308595752128613,0.8188326426820477,-0.008224937802615372,0.9998127464285915,11
highest-temperature-in-beijing-on-june-8-2026,Beijing,2026-06-08,clean,microprice_minus_mid,30,all,0.06689044377200558,0.7542791929435153,-0.010539572832638828,0.9977053873397549,11
highest-temperature-in-beijing-on-june-8-2026,Beijing,2026-06-08,clean,microprice_minus_mid,60,1-6h,0.11282120573526355,0.5705631609424037,-0.013673599320086572,0.8783833497566855,7
highest-temperature-in-beijing-on-june-8-2026,Beijing,2026-06-08,clean,microprice_minus_mid,60,6-24h,0.06510391296961611,0.732619895058834,-0.009861001949720491,0.9946728057661779,11
highest-temperature-in-beijing-on-june-8-2026,Beijing,2026-06-08,clean,microprice_minus_mid,60,<1h,,1.0,-0.002,0.7947368421052632,1
highest-temperature-in-beijing-on-june-8-2026,Beijing,2026-06-08,clean,microprice_minus_mid,60,>24h,0.09652325367421927,0.7627956629784307,-0.008166835079042945,0.9996746988396736,11
highest-temperature-in-beijing-on-june-8-2026,Beijing,2026-06-08,clean,microprice_minus_mid,60,all,0.0772742643960753,0.6949462111448488,-0.010371454222461064,0.9958939400141271,11
highest-temperature-in-beijing-on-june-8-2026,Beijing,2026-06-08,clean,microprice_minus_mid,120,1-6h,0.13968893773835417,0.5272726890598919,-0.012622629509332114,0.760280534559646,7
highest-temperature-in-beijing-on-june-8-2026,Beijing,2026-06-08,clean,microprice_minus_mid,120,6-24h,0.06706303109792572,0.6720118455967372,-0.009717248345181435,0.9909488456957573,11
highest-temperature-in-beijing-on-june-8-2026,Beijing,2026-06-08,clean,microprice_minus_mid,120,<1h,,1.0,-0.002,0.5473684210526316,1
highest-temperature-in-beijing-on-june-8-2026,Beijing,2026-06-08,clean,microprice_minus_mid,120,>24h,0.09752371511724403,0.7042180843235549,-0.008095063795171118,0.9994138622964676,11
highest-temperature-in-beijing-on-june-8-2026,Beijing,2026-06-08,clean,microprice_minus_mid,120,all,0.08103515491429139,0.6340565926320577,-0.01005602718571189,0.9928389940328777,11
highest-temperature-in-beijing-on-june-8-2026,Beijing,2026-06-08,clean,microprice_minus_mid,300,1-6h,0.17263978369839852,0.25385953085144564,-0.0174383698278218,0.6090898641647025,7
highest-temperature-in-beijing-on-june-8-2026,Beijing,2026-06-08,clean,microprice_minus_mid,300,6-24h,0.06884504568982182,0.5823464193120977,-0.009625682301721119,0.9874443122129325,11
highest-temperature-in-beijing-on-june-8-2026,Beijing,2026-06-08,clean,microprice_minus_mid,300,<1h,,,,0.0,1
highest-temperature-in-beijing-on-june-8-2026,Beijing,2026-06-08,clean,microprice_minus_mid,300,>24h,0.09460547908444307,0.587188178142208,-0.007998831519686346,0.9988209734567792,11
highest-temperature-in-beijing-on-june-8-2026,Beijing,2026-06-08,clean,microprice_minus_mid,300,all,0.08419638769693259,0.5330572935614163,-0.009967426754527109,0.9883536848058039,11
highest-temperature-in-beijing-on-june-8-2026,Beijing,2026-06-08,clean,microprice_minus_mid,600,1-6h,0.13646163346458676,0.21753777112985842,-0.016128974619686782,0.5307013112336021,7
highest-temperature-in-beijing-on-june-8-2026,Beijing,2026-06-08,clean,microprice_minus_mid,600,6-24h,0.0674488620987727,0.507948817527321,-0.009748342786887345,0.9829485350633291,11
highest-temperature-in-beijing-on-june-8-2026,Beijing,2026-06-08,clean,microprice_minus_mid,600,<1h,,,,0.0,1
highest-temperature-in-beijing-on-june-8-2026,Beijing,2026-06-08,clean,microprice_minus_mid,600,>24h,0.10194849905098949,0.4664679037201917,-0.007823102233797792,0.997855874783606,11
highest-temperature-in-beijing-on-june-8-2026,Beijing,2026-06-08,clean,microprice_minus_mid,600,all,0.08773014593538551,0.4421837635311889,-0.009803771466084773,0.9838961407893817,11
highest-temperature-in-beijing-on-june-8-2026,Beijing,2026-06-08,clean,microprice_minus_mid,900,1-6h,0.12615370862734435,0.2173153345822904,-0.01687226299624704,0.5677726871026241,7
highest-temperature-in-beijing-on-june-8-2026,Beijing,2026-06-08,clean,microprice_minus_mid,900,6-24h,0.07145582449721764,0.46537560870931355,-0.009586302424699754,0.9794572269600487,11
highest-temperature-in-beijing-on-june-8-2026,Beijing,2026-06-08,clean,microprice_minus_mid,900,<1h,,,,0.0,1
highest-temperature-in-beijing-on-june-8-2026,Beijing,2026-06-08,clean,microprice_minus_mid,900,>24h,0.10292558816890592,0.3988677080176416,-0.007773830000231199,0.9973658336377708,11
highest-temperature-in-beijing-on-june-8-2026,Beijing,2026-06-08,clean,microprice_minus_mid,900,all,0.08921634272360522,0.39466976965576167,-0.009854476840635555,0.9803408040775465,11
highest-temperature-in-buenos-aires-on-june-8-2026,Buenos Aires,2026-06-08,clean,depth_imbalance_1,30,1-6h,0.11656464490291386,0.9148408297870481,-0.0040744502147409874,0.9762485525582193,8
highest-temperature-in-buenos-aires-on-june-8-2026,Buenos Aires,2026-06-08,clean,depth_imbalance_1,30,6-24h,0.08369271596387218,0.8661320503307335,-0.00545167061970112,0.9993018970722197,10
highest-temperature-in-buenos-aires-on-june-8-2026,Buenos Aires,2026-06-08,clean,depth_imbalance_1,30,<1h,0.18111730245592464,0.85836104075316,-0.005867081421116283,0.9830992736970728,6
highest-temperature-in-buenos-aires-on-june-8-2026,Buenos Aires,2026-06-08,clean,depth_imbalance_1,30,>24h,0.06695452585412856,0.8470497339451708,-0.00798989048280047,0.9997565676032052,10
highest-temperature-in-buenos-aires-on-june-8-2026,Buenos Aires,2026-06-08,clean,depth_imbalance_1,30,all,0.07318441785695948,0.8661853086871876,-0.0061385090836306,0.9977733804671599,10
highest-temperature-in-buenos-aires-on-june-8-2026,Buenos Aires,2026-06-08,clean,depth_imbalance_1,60,1-6h,0.13636040772262328,0.8837833590526185,-0.004019299093603462,0.9739219239181713,8
highest-temperature-in-buenos-aires-on-june-8-2026,Buenos Aires,2026-06-08,clean,depth_imbalance_1,60,6-24h,0.07967589283072632,0.8359572710059373,-0.005453834938201641,0.9989243580926974,10
highest-temperature-in-buenos-aires-on-june-8-2026,Buenos Aires,2026-06-08,clean,depth_imbalance_1,60,<1h,0.17158663685899114,0.8310336793725469,-0.005871823609172467,0.9701594143600292,6
highest-temperature-in-buenos-aires-on-june-8-2026,Buenos Aires,2026-06-08,clean,depth_imbalance_1,60,>24h,0.07313844540708034,0.8176293417501765,-0.00797086010734042,0.999817425702404,10
highest-temperature-in-buenos-aires-on-june-8-2026,Buenos Aires,2026-06-08,clean,depth_imbalance_1,60,all,0.06901727727184029,0.8361129733741433,-0.0061273371112663694,0.997136935242773,10
highest-temperature-in-buenos-aires-on-june-8-2026,Buenos Aires,2026-06-08,clean,depth_imbalance_1,120,1-6h,0.15883558454070323,0.8649511832661293,-0.0040243240954523874,0.9569305656816915,8
highest-temperature-in-buenos-aires-on-june-8-2026,Buenos Aires,2026-06-08,clean,depth_imbalance_1,120,6-24h,0.08345987488938143,0.7879520037798661,-0.00543925102813946,0.9979760626050258,10
highest-temperature-in-buenos-aires-on-june-8-2026,Buenos Aires,2026-06-08,clean,depth_imbalance_1,120,<1h,0.178323855996929,0.7970832962593302,-0.005957859680279666,0.9418927539941286,6
highest-temperature-in-buenos-aires-on-june-8-2026,Buenos Aires,2026-06-08,clean,depth_imbalance_1,120,>24h,0.09485646647657076,0.7713704126275569,-0.00781570688785457,0.9998833553098692,10
highest-temperature-in-buenos-aires-on-june-8-2026,Buenos Aires,2026-06-08,clean,depth_imbalance_1,120,all,0.08293560888255382,0.7932496944616605,-0.0060679061916288505,0.9970680099807788,10
highest-temperature-in-buenos-aires-on-june-8-2026,Buenos Aires,2026-06-08,clean,depth_imbalance_1,300,1-6h,0.2291693961327817,0.8112916038923104,-0.0039212836968451,0.9022074380637874,8
highest-temperature-in-buenos-aires-on-june-8-2026,Buenos Aires,2026-06-08,clean,depth_imbalance_1,300,6-24h,0.08668430654372337,0.712864272574512,-0.005278341819157551,0.9957814649617036,10
highest-temperature-in-buenos-aires-on-june-8-2026,Buenos Aires,2026-06-08,clean,depth_imbalance_1,300,<1h,0.3366353921474693,0.6973898659637568,-0.0055699782892412834,0.8886755307246803,6
highest-temperature-in-buenos-aires-on-june-8-2026,Buenos Aires,2026-06-08,clean,depth_imbalance_1,300,>24h,0.10108228779949427,0.6890421139813481,-0.00774253037722941,0.99969063799574,10
highest-temperature-in-buenos-aires-on-june-8-2026,Buenos Aires,2026-06-08,clean,depth_imbalance_1,300,all,0.09024424675133161,0.7172170441898087,-0.00596597446944475,0.9944368425345298,10
highest-temperature-in-buenos-aires-on-june-8-2026,Buenos Aires,2026-06-08,clean,depth_imbalance_1,600,1-6h,0.22301425738064154,0.6963715006226534,-0.004404959359999371,0.8576253377364155,8
highest-temperature-in-buenos-aires-on-june-8-2026,Buenos Aires,2026-06-08,clean,depth_imbalance_1,600,6-24h,0.0861908455723432,0.6402201124670188,-0.00534273643481866,0.9938180501074656,10
highest-temperature-in-buenos-aires-on-june-8-2026,Buenos Aires,2026-06-08,clean,depth_imbalance_1,600,<1h,0.5228553867887347,0.6458862915614612,-0.0054751500277895335,0.7796084405280027,6
highest-temperature-in-buenos-aires-on-june-8-2026,Buenos Aires,2026-06-08,clean,depth_imbalance_1,600,>24h,0.07662421395085543,0.5898678658194668,-0.0075458126405772,0.999873212293336,10
highest-temperature-in-buenos-aires-on-june-8-2026,Buenos Aires,2026-06-08,clean,depth_imbalance_1,600,all,0.09133787755453356,0.634261070631019,-0.005952517351881311,0.990936446775297,10
highest-temperature-in-buenos-aires-on-june-8-2026,Buenos Aires,2026-06-08,clean,depth_imbalance_1,900,1-6h,0.23196847679741214,0.6382133977491167,-0.004365776694519557,0.8514710297208046,8
highest-temperature-in-buenos-aires-on-june-8-2026,Buenos Aires,2026-06-08,clean,depth_imbalance_1,900,6-24h,0.09908861026359787,0.5837917529739055,-0.00548994732963678,0.9926470705359627,10
highest-temperature-in-buenos-aires-on-june-8-2026,Buenos Aires,2026-06-08,clean,depth_imbalance_1,900,<1h,0.3863992790083424,0.596780179880294,-0.006233651514318868,0.6199224826134526,6
highest-temperature-in-buenos-aires-on-june-8-2026,Buenos Aires,2026-06-08,clean,depth_imbalance_1,900,>24h,0.06990986327907828,0.5251605748574216,-0.00739715813927309,0.9999492849173344,10
highest-temperature-in-buenos-aires-on-june-8-2026,Buenos Aires,2026-06-08,clean,depth_imbalance_1,900,all,0.10835572577628585,0.5737396898258885,-0.00597943274757453,0.9867494151498806,10
highest-temperature-in-buenos-aires-on-june-8-2026,Buenos Aires,2026-06-08,clean,microprice_minus_mid,30,1-6h,0.12345136819716021,0.9148408297870481,-0.0040744502147409874,0.9762485525582193,8
highest-temperature-in-buenos-aires-on-june-8-2026,Buenos Aires,2026-06-08,clean,microprice_minus_mid,30,6-24h,0.07897167841878454,0.8661320503307335,-0.0054610830394905205,0.9993018970722197,10
highest-temperature-in-buenos-aires-on-june-8-2026,Buenos Aires,2026-06-08,clean,microprice_minus_mid,30,<1h,0.14585550656264173,0.85836104075316,-0.005867081421116283,0.9830992736970728,6
highest-temperature-in-buenos-aires-on-june-8-2026,Buenos Aires,2026-06-08,clean,microprice_minus_mid,30,>24h,0.06173844245089011,0.8470497339451708,-0.007995037251389569,0.9997565676032052,10
highest-temperature-in-buenos-aires-on-june-8-2026,Buenos Aires,2026-06-08,clean,microprice_minus_mid,30,all,0.07098592853596093,0.8661853086871876,-0.00614549693130046,0.9977733804671599,10
highest-temperature-in-buenos-aires-on-june-8-2026,Buenos Aires,2026-06-08,clean,microprice_minus_mid,60,1-6h,0.14764462623904095,0.8837833590526185,-0.004019299093603462,0.9739219239181713,8
highest-temperature-in-buenos-aires-on-june-8-2026,Buenos Aires,2026-06-08,clean,microprice_minus_mid,60,6-24h,0.07658593166869611,0.8359572710059373,-0.00546517549756479,0.9989243580926974,10
highest-temperature-in-buenos-aires-on-june-8-2026,Buenos Aires,2026-06-08,clean,microprice_minus_mid,60,<1h,0.13776317096225815,0.8310336793725469,-0.005871823609172467,0.9701594143600292,6
highest-temperature-in-buenos-aires-on-june-8-2026,Buenos Aires,2026-06-08,clean,microprice_minus_mid,60,>24h,0.054598172413369214,0.8176293417501765,-0.00797347071423974,0.999817425702404,10
highest-temperature-in-buenos-aires-on-june-8-2026,Buenos Aires,2026-06-08,clean,microprice_minus_mid,60,all,0.06241443906915741,0.8361129733741433,-0.0061343442933788,0.997136935242773,10
highest-temperature-in-buenos-aires-on-june-8-2026,Buenos Aires,2026-06-08,clean,microprice_minus_mid,120,1-6h,0.1740358782396117,0.8649511832661293,-0.0040243240954523874,0.9569305656816915,8
highest-temperature-in-buenos-aires-on-june-8-2026,Buenos Aires,2026-06-08,clean,microprice_minus_mid,120,6-24h,0.07921742565613844,0.7879520037798661,-0.00545028983426913,0.9979760626050258,10
highest-temperature-in-buenos-aires-on-june-8-2026,Buenos Aires,2026-06-08,clean,microprice_minus_mid,120,<1h,0.1480359519685266,0.7970832962593302,-0.005957859680279666,0.9418927539941286,6
highest-temperature-in-buenos-aires-on-june-8-2026,Buenos Aires,2026-06-08,clean,microprice_minus_mid,120,>24h,0.07615932374495786,0.7713704126275569,-0.00781841119909639,0.9998833553098692,10
highest-temperature-in-buenos-aires-on-june-8-2026,Buenos Aires,2026-06-08,clean,microprice_minus_mid,120,all,0.0738217660475413,0.7932496944616605,-0.00607476502394982,0.9970680099807788,10
highest-temperature-in-buenos-aires-on-june-8-2026,Buenos Aires,2026-06-08,clean,microprice_minus_mid,300,1-6h,0.24756006899116403,0.8112916038923104,-0.0039212836968451,0.9022074380637874,8
highest-temperature-in-buenos-aires-on-june-8-2026,Buenos Aires,2026-06-08,clean,microprice_minus_mid,300,6-24h,0.08633269405538871,0.712864272574512,-0.00529089175515814,0.9957814649617036,10
highest-temperature-in-buenos-aires-on-june-8-2026,Buenos Aires,2026-06-08,clean,microprice_minus_mid,300,<1h,0.30093118663819496,0.6973898659637568,-0.0055699782892412834,0.8886755307246803,6
highest-temperature-in-buenos-aires-on-june-8-2026,Buenos Aires,2026-06-08,clean,microprice_minus_mid,300,>24h,0.06957642239621245,0.6890421139813481,-0.007742540308395921,0.99969063799574,10
highest-temperature-in-buenos-aires-on-june-8-2026,Buenos Aires,2026-06-08,clean,microprice_minus_mid,300,all,0.07928487776011608,0.7172170441898087,-0.00597251535889797,0.9944368425345298,10
highest-temperature-in-buenos-aires-on-june-8-2026,Buenos Aires,2026-06-08,clean,microprice_minus_mid,600,1-6h,0.23220194148265277,0.6963715006226534,-0.004404959359999371,0.8576253377364155,8
highest-temperature-in-buenos-aires-on-june-8-2026,Buenos Aires,2026-06-08,clean,microprice_minus_mid,600,6-24h,0.08790332480433372,0.6402201124670188,-0.00534981026655051,0.9938180501074656,10
highest-temperature-in-buenos-aires-on-june-8-2026,Buenos Aires,2026-06-08,clean,microprice_minus_mid,600,<1h,0.4888255482563686,0.6458862915614612,-0.0054751500277895335,0.7796084405280027,6
highest-temperature-in-buenos-aires-on-june-8-2026,Buenos Aires,2026-06-08,clean,microprice_minus_mid,600,>24h,0.035851146142749576,0.5898678658194668,-0.00754152563225967,0.999873212293336,10
highest-temperature-in-buenos-aires-on-june-8-2026,Buenos Aires,2026-06-08,clean,microprice_minus_mid,600,all,0.07939682066368599,0.634261070631019,-0.0059551855196167,0.990936446775297,10
highest-temperature-in-buenos-aires-on-june-8-2026,Buenos Aires,2026-06-08,clean,microprice_minus_mid,900,1-6h,0.2362500499177537,0.6382133977491167,-0.004365776694519557,0.8514710297208046,8
highest-temperature-in-buenos-aires-on-june-8-2026,Buenos Aires,2026-06-08,clean,microprice_minus_mid,900,6-24h,0.10956918561181864,0.5837917529739055,-0.00549964174540232,0.9926470705359627,10
highest-temperature-in-buenos-aires-on-june-8-2026,Buenos Aires,2026-06-08,clean,microprice_minus_mid,900,<1h,0.34795173362358667,0.596780179880294,-0.006233651514318868,0.6199224826134526,6
highest-temperature-in-buenos-aires-on-june-8-2026,Buenos Aires,2026-06-08,clean,microprice_minus_mid,900,>24h,0.04625486334689494,0.5251605748574216,-0.007391784627696909,0.9999492849173344,10
highest-temperature-in-buenos-aires-on-june-8-2026,Buenos Aires,2026-06-08,clean,microprice_minus_mid,900,all,0.10397250253445056,0.5737396898258885,-0.005982869243046781,0.9867494151498806,10
highest-temperature-in-busan-on-june-12-2026,Busan,2026-06-12,degraded,depth_imbalance_1,30,>24h,0.07875551771668939,0.6984351172937655,-0.02105839188146235,0.998331736339414,10
highest-temperature-in-busan-on-june-12-2026,Busan,2026-06-12,degraded,depth_imbalance_1,30,all,0.07875551771668939,0.6984351172937655,-0.02105839188146235,0.998331736339414,10
highest-temperature-in-busan-on-june-12-2026,Busan,2026-06-12,degraded,depth_imbalance_1,60,>24h,0.08007887727138782,0.6760054722141532,-0.021043003261075142,0.9973994249802077,10
highest-temperature-in-busan-on-june-12-2026,Busan,2026-06-12,degraded,depth_imbalance_1,60,all,0.08007887727138782,0.6760054722141532,-0.021043003261075142,0.9973994249802077,10
highest-temperature-in-busan-on-june-12-2026,Busan,2026-06-12,degraded,depth_imbalance_1,120,>24h,0.09014118386093942,0.6466787975945493,-0.02080975072519721,0.9952643235512861,10
highest-temperature-in-busan-on-june-12-2026,Busan,2026-06-12,degraded,depth_imbalance_1,120,all,0.09014118386093942,0.6466787975945493,-0.02080975072519721,0.9952643235512861,10
highest-temperature-in-busan-on-june-12-2026,Busan,2026-06-12,degraded,depth_imbalance_1,300,>24h,0.10786678659719437,0.5849558922859586,-0.02067195449851502,0.9904258049494741,10
highest-temperature-in-busan-on-june-12-2026,Busan,2026-06-12,degraded,depth_imbalance_1,300,all,0.10786678659719437,0.5849558922859586,-0.02067195449851502,0.9904258049494741,10
highest-temperature-in-busan-on-june-12-2026,Busan,2026-06-12,degraded,depth_imbalance_1,600,>24h,0.12412690485937124,0.5186683386293398,-0.02029972796963557,0.9785545738152847,10
highest-temperature-in-busan-on-june-12-2026,Busan,2026-06-12,degraded,depth_imbalance_1,600,all,0.12412690485937124,0.5186683386293398,-0.02029972796963557,0.9785545738152847,10
highest-temperature-in-busan-on-june-12-2026,Busan,2026-06-12,degraded,depth_imbalance_1,900,>24h,0.13951171265475173,0.46159644965156205,-0.02059477773443068,0.9782750678873482,10
highest-temperature-in-busan-on-june-12-2026,Busan,2026-06-12,degraded,depth_imbalance_1,900,all,0.13951171265475173,0.46159644965156205,-0.02059477773443068,0.9782750678873482,10
highest-temperature-in-busan-on-june-12-2026,Busan,2026-06-12,degraded,microprice_minus_mid,30,>24h,0.012283386571746019,0.6984351172937655,-0.02107541696136927,0.998331736339414,10
highest-temperature-in-busan-on-june-12-2026,Busan,2026-06-12,degraded,microprice_minus_mid,30,all,0.012283386571746019,0.6984351172937655,-0.02107541696136927,0.998331736339414,10
highest-temperature-in-busan-on-june-12-2026,Busan,2026-06-12,degraded,microprice_minus_mid,60,>24h,0.009876492845912268,0.6760054722141532,-0.02105877609388618,0.9973994249802077,10
highest-temperature-in-busan-on-june-12-2026,Busan,2026-06-12,degraded,microprice_minus_mid,60,all,0.009876492845912268,0.6760054722141532,-0.02105877609388618,0.9973994249802077,10
highest-temperature-in-busan-on-june-12-2026,Busan,2026-06-12,degraded,microprice_minus_mid,120,>24h,0.020180933628221754,0.6466787975945493,-0.02082538581953744,0.9952643235512861,10
highest-temperature-in-busan-on-june-12-2026,Busan,2026-06-12,degraded,microprice_minus_mid,120,all,0.020180933628221754,0.6466787975945493,-0.02082538581953744,0.9952643235512861,10
highest-temperature-in-busan-on-june-12-2026,Busan,2026-06-12,degraded,microprice_minus_mid,300,>24h,0.041515874771648295,0.5849558922859586,-0.02068369341318662,0.9904258049494741,10
highest-temperature-in-busan-on-june-12-2026,Busan,2026-06-12,degraded,microprice_minus_mid,300,all,0.041515874771648295,0.5849558922859586,-0.02068369341318662,0.9904258049494741,10
highest-temperature-in-busan-on-june-12-2026,Busan,2026-06-12,degraded,microprice_minus_mid,600,>24h,0.04273996332785214,0.5186683386293398,-0.0203110732153696,0.9785545738152847,10
highest-temperature-in-busan-on-june-12-2026,Busan,2026-06-12,degraded,microprice_minus_mid,600,all,0.04273996332785214,0.5186683386293398,-0.0203110732153696,0.9785545738152847,10
highest-temperature-in-busan-on-june-12-2026,Busan,2026-06-12,degraded,microprice_minus_mid,900,>24h,0.05145021592329062,0.46159644965156205,-0.02060610585700335,0.9782750678873482,10
highest-temperature-in-busan-on-june-12-2026,Busan,2026-06-12,degraded,microprice_minus_mid,900,all,0.05145021592329062,0.46159644965156205,-0.02060610585700335,0.9782750678873482,10
highest-temperature-in-chengdu-on-june-7-2026,Chengdu,2026-06-07,degraded,depth_imbalance_1,30,1-6h,0.07644543595804246,0.9350146100709081,-0.0013208825224105,0.7905510300387719,5
highest-temperature-in-chengdu-on-june-7-2026,Chengdu,2026-06-07,degraded,depth_imbalance_1,30,6-24h,0.08186833361356839,0.7892554512874874,-0.009120976899379487,0.9899581784706613,8
highest-temperature-in-chengdu-on-june-7-2026,Chengdu,2026-06-07,degraded,depth_imbalance_1,30,all,0.0786569745874676,0.7966116967699868,-0.008714274251404088,0.9898115380903084,8
highest-temperature-in-chengdu-on-june-7-2026,Chengdu,2026-06-07,degraded,depth_imbalance_1,60,1-6h,0.056065206608107945,0.9081621314550058,-0.0013342737962304002,0.773979025840784,5
highest-temperature-in-chengdu-on-june-7-2026,Chengdu,2026-06-07,degraded,depth_imbalance_1,60,6-24h,0.08213372451302833,0.7288368922580342,-0.009137688446308325,0.9725945807902036,8
highest-temperature-in-chengdu-on-june-7-2026,Chengdu,2026-06-07,degraded,depth_imbalance_1,60,all,0.07840608479852658,0.737275215506143,-0.008732620224204388,0.9722697280256589,8
highest-temperature-in-chengdu-on-june-7-2026,Chengdu,2026-06-07,degraded,depth_imbalance_1,120,1-6h,0.11426431145353384,0.8728521864858381,-0.001277558104629225,0.7289243119771872,5
highest-temperature-in-chengdu-on-june-7-2026,Chengdu,2026-06-07,degraded,depth_imbalance_1,120,6-24h,0.11074971581912284,0.6636312914426753,-0.009242673312962663,0.9054213251990417,8
highest-temperature-in-chengdu-on-june-7-2026,Chengdu,2026-06-07,degraded,depth_imbalance_1,120,all,0.10758612316704892,0.6735067176565019,-0.008833394451120413,0.9047565712050092,8
highest-temperature-in-chengdu-on-june-7-2026,Chengdu,2026-06-07,degraded,depth_imbalance_1,300,1-6h,0.22475622555534597,0.8048103865017306,-0.001290448141439775,0.6581623540955708,5
highest-temperature-in-chengdu-on-june-7-2026,Chengdu,2026-06-07,degraded,depth_imbalance_1,300,6-24h,0.08588714926043985,0.5137226834372935,-0.011446754046996115,0.8688048463123756,8
highest-temperature-in-chengdu-on-june-7-2026,Chengdu,2026-06-07,degraded,depth_imbalance_1,300,all,0.07991032105508852,0.5265512959500723,-0.010944341925128928,0.8672681242474135,8
highest-temperature-in-chengdu-on-june-7-2026,Chengdu,2026-06-07,degraded,depth_imbalance_1,600,1-6h,0.13118901818722045,0.6788926190255897,-0.0015446877946708,0.5363751282239714,5
highest-temperature-in-chengdu-on-june-7-2026,Chengdu,2026-06-07,degraded,depth_imbalance_1,600,6-24h,0.07895196986159832,0.42658103364297423,-0.011871258639207242,0.8580855372743859,8
highest-temperature-in-chengdu-on-june-7-2026,Chengdu,2026-06-07,degraded,depth_imbalance_1,600,all,0.07129525446330241,0.4402428025371801,-0.011372650506710543,0.8552309834355544,8
highest-temperature-in-chengdu-on-june-7-2026,Chengdu,2026-06-07,degraded,depth_imbalance_1,900,1-6h,0.11772394066606776,0.6430137532389874,-0.0014752913183141,0.514908400657626,5
highest-temperature-in-chengdu-on-june-7-2026,Chengdu,2026-06-07,degraded,depth_imbalance_1,900,6-24h,0.07571879629036607,0.3723144721560353,-0.012824182640885858,0.8499910783825587,8
highest-temperature-in-chengdu-on-june-7-2026,Chengdu,2026-06-07,degraded,depth_imbalance_1,900,all,0.06769505677446735,0.3862398513000674,-0.012298712027335259,0.8462053838712907,8
highest-temperature-in-chengdu-on-june-7-2026,Chengdu,2026-06-07,degraded,microprice_minus_mid,30,1-6h,0.1658297685317928,0.9350146100709081,-0.001321766338301425,0.7905510300387719,5
highest-temperature-in-chengdu-on-june-7-2026,Chengdu,2026-06-07,degraded,microprice_minus_mid,30,6-24h,0.0012642407403177256,0.7892554512874874,-0.009119980033643737,0.9899581784706613,8
highest-temperature-in-chengdu-on-june-7-2026,Chengdu,2026-06-07,degraded,microprice_minus_mid,30,all,0.001710409380785314,0.7966116967699868,-0.008713476118203263,0.9898115380903084,8
highest-temperature-in-chengdu-on-june-7-2026,Chengdu,2026-06-07,degraded,microprice_minus_mid,60,1-6h,0.17156838849931189,0.9081621314550058,-0.001335139105069025,0.773979025840784,5
highest-temperature-in-chengdu-on-june-7-2026,Chengdu,2026-06-07,degraded,microprice_minus_mid,60,6-24h,-0.031242537826248546,0.7288368922580342,-0.0091367924009432,0.9725945807902036,8
highest-temperature-in-chengdu-on-june-7-2026,Chengdu,2026-06-07,degraded,microprice_minus_mid,60,all,-0.030054070880330845,0.737275215506143,-0.008731928565859701,0.9722697280256589,8
highest-temperature-in-chengdu-on-june-7-2026,Chengdu,2026-06-07,degraded,microprice_minus_mid,120,1-6h,0.20677232978250126,0.8728521864858381,-0.00128064512508075,0.7289243119771872,5
highest-temperature-in-chengdu-on-june-7-2026,Chengdu,2026-06-07,degraded,microprice_minus_mid,120,6-24h,-0.014422516244024223,0.6636312914426753,-0.009240379227935525,0.9054213251990417,8
highest-temperature-in-chengdu-on-june-7-2026,Chengdu,2026-06-07,degraded,microprice_minus_mid,120,all,-0.01289997742290321,0.6735067176565019,-0.008831449013239413,0.9047565712050092,8
highest-temperature-in-chengdu-on-june-7-2026,Chengdu,2026-06-07,degraded,microprice_minus_mid,300,1-6h,0.28066710836523445,0.8048103865017306,-0.00129390637030765,0.6581623540955708,5
highest-temperature-in-chengdu-on-june-7-2026,Chengdu,2026-06-07,degraded,microprice_minus_mid,300,6-24h,-0.041970992310237716,0.5137226834372935,-0.011445081705807242,0.8688048463123756,8
highest-temperature-in-chengdu-on-june-7-2026,Chengdu,2026-06-07,degraded,microprice_minus_mid,300,all,-0.043068249220127384,0.5265512959500723,-0.010942890496434557,0.8672681242474135,8
highest-temperature-in-chengdu-on-june-7-2026,Chengdu,2026-06-07,degraded,microprice_minus_mid,600,1-6h,0.22373497317061794,0.6788926190255897,-0.0015510605559820336,0.5363751282239714,5
highest-temperature-in-chengdu-on-june-7-2026,Chengdu,2026-06-07,degraded,microprice_minus_mid,600,6-24h,-0.07492221194625004,0.42658103364297423,-0.011870616185477257,0.8580855372743859,8
highest-temperature-in-chengdu-on-june-7-2026,Chengdu,2026-06-07,degraded,microprice_minus_mid,600,all,-0.07784026285883405,0.4402428025371801,-0.01137219470944253,0.8552309834355544,8
highest-temperature-in-chengdu-on-june-7-2026,Chengdu,2026-06-07,degraded,microprice_minus_mid,900,1-6h,0.22603017824788946,0.6430137532389874,-0.0014829410428912,0.514908400657626,5
highest-temperature-in-chengdu-on-june-7-2026,Chengdu,2026-06-07,degraded,microprice_minus_mid,900,6-24h,-0.09432354987343804,0.3723144721560353,-0.012821598203468143,0.8499910783825587,8
highest-temperature-in-chengdu-on-june-7-2026,Chengdu,2026-06-07,degraded,microprice_minus_mid,900,all,-0.09714248710593816,0.3862398513000674,-0.012296436305761285,0.8462053838712907,8
highest-temperature-in-chicago-on-june-9-2026,Chicago,2026-06-09,clean,depth_imbalance_1,30,1-6h,0.08940727101238462,0.806404474153259,-0.0073470558528531665,0.9996443791501244,9
highest-temperature-in-chicago-on-june-9-2026,Chicago,2026-06-09,clean,depth_imbalance_1,30,6-24h,0.10485413856138112,0.8743132400897586,-0.007447248137820101,0.9984281245240776,10
highest-temperature-in-chicago-on-june-9-2026,Chicago,2026-06-09,clean,depth_imbalance_1,30,<1h,0.19906186721321315,0.8995133647844507,-0.0049593582944088554,0.9958892042406742,9
highest-temperature-in-chicago-on-june-9-2026,Chicago,2026-06-09,clean,depth_imbalance_1,30,>24h,0.09134373532957629,0.8183735473423969,-0.010028020105677217,0.998790377369361,11
highest-temperature-in-chicago-on-june-9-2026,Chicago,2026-06-09,clean,depth_imbalance_1,30,all,0.07659686481090336,0.8470987549751757,-0.007340398608572837,0.9987338189565346,11
highest-temperature-in-chicago-on-june-9-2026,Chicago,2026-06-09,clean,depth_imbalance_1,60,1-6h,0.10808337190835662,0.7772077067667794,-0.007306306453739344,0.9996210597501326,9
highest-temperature-in-chicago-on-june-9-2026,Chicago,2026-06-09,clean,depth_imbalance_1,60,6-24h,0.10630578328201543,0.8462900981314088,-0.00741017593841359,0.9976459343917071,10
highest-temperature-in-chicago-on-june-9-2026,Chicago,2026-06-09,clean,depth_imbalance_1,60,<1h,0.21061576971265103,0.8929201040250425,-0.004935164710514166,0.9861582182376158,9
highest-temperature-in-chicago-on-june-9-2026,Chicago,2026-06-09,clean,depth_imbalance_1,60,>24h,0.08298066131848955,0.7732707639966631,-0.010000648841307918,0.9983755612183333,11
highest-temperature-in-chicago-on-june-9-2026,Chicago,2026-06-09,clean,depth_imbalance_1,60,all,0.08429528786263805,0.8166535913121771,-0.00730970183725311,0.9979557134628738,11
highest-temperature-in-chicago-on-june-9-2026,Chicago,2026-06-09,clean,depth_imbalance_1,120,1-6h,0.1161776044809317,0.7224381420425989,-0.0073609309323010436,0.9994723985751848,9
highest-temperature-in-chicago-on-june-9-2026,Chicago,2026-06-09,clean,depth_imbalance_1,120,6-24h,0.12581560407670037,0.8023244588367986,-0.00730469915050177,0.994877113948095,10
highest-temperature-in-chicago-on-june-9-2026,Chicago,2026-06-09,clean,depth_imbalance_1,120,<1h,0.19415665186645686,0.8641421644493101,-0.0048282831531655,0.9568913724111923,9
highest-temperature-in-chicago-on-june-9-2026,Chicago,2026-06-09,clean,depth_imbalance_1,120,>24h,0.08455049648808775,0.7171954022810921,-0.009952107545816062,0.9977840535986242,11
highest-temperature-in-chicago-on-june-9-2026,Chicago,2026-06-09,clean,depth_imbalance_1,120,all,0.08673838252174386,0.7681401309246051,-0.0072880702149136,0.99573909064358,11
highest-temperature-in-chicago-on-june-9-2026,Chicago,2026-06-09,clean,depth_imbalance_1,300,1-6h,0.11358663722285357,0.6260821261474124,-0.007451545435640534,0.9992479493502633,9
highest-temperature-in-chicago-on-june-9-2026,Chicago,2026-06-09,clean,depth_imbalance_1,300,6-24h,0.1305425791894272,0.7246210461836411,-0.007059180682349441,0.9954938407832333,10
highest-temperature-in-chicago-on-june-9-2026,Chicago,2026-06-09,clean,depth_imbalance_1,300,<1h,0.2660770452156088,0.837055255383055,-0.004580762101707377,0.9329154182375407,9
highest-temperature-in-chicago-on-june-9-2026,Chicago,2026-06-09,clean,depth_imbalance_1,300,>24h,0.12150369692990859,0.6137207065843059,-0.0097092297904373,0.9958398651638999,11
highest-temperature-in-chicago-on-june-9-2026,Chicago,2026-06-09,clean,depth_imbalance_1,300,all,0.11351746082587001,0.6851484684302377,-0.007167143510212009,0.9935824563541552,11
highest-temperature-in-chicago-on-june-9-2026,Chicago,2026-06-09,clean,depth_imbalance_1,600,1-6h,0.07384138104342704,0.5485609769494416,-0.007270478536283689,0.9996589537751193,9
highest-temperature-in-chicago-on-june-9-2026,Chicago,2026-06-09,clean,depth_imbalance_1,600,6-24h,0.15039814827998457,0.6678344066888274,-0.006671408269327529,0.9932479900663662,10
highest-temperature-in-chicago-on-june-9-2026,Chicago,2026-06-09,clean,depth_imbalance_1,600,<1h,0.2079879074532329,0.7915231588827512,-0.0042768715066091,0.8762707225217462,9
highest-temperature-in-chicago-on-june-9-2026,Chicago,2026-06-09,clean,depth_imbalance_1,600,>24h,0.1435111182475398,0.5423275815131294,-0.009392990626215118,0.9933876816645181,11
highest-temperature-in-chicago-on-june-9-2026,Chicago,2026-06-09,clean,depth_imbalance_1,600,all,0.13168579381522827,0.6178148036494392,-0.006888293988733709,0.9888064634657908,11
highest-temperature-in-chicago-on-june-9-2026,Chicago,2026-06-09,clean,depth_imbalance_1,900,1-6h,0.07049046363733294,0.47033790428397954,-0.0072375878396597005,1.0,9
highest-temperature-in-chicago-on-june-9-2026,Chicago,2026-06-09,clean,depth_imbalance_1,900,6-24h,0.17351546070814114,0.6156290459419302,-0.006326444206213371,0.9920943130997726,10
highest-temperature-in-chicago-on-june-9-2026,Chicago,2026-06-09,clean,depth_imbalance_1,900,<1h,0.31911290881561855,0.7552637245864839,-0.003709961461846644,0.7195598058213477,9
highest-temperature-in-chicago-on-june-9-2026,Chicago,2026-06-09,clean,depth_imbalance_1,900,>24h,0.16322367038432375,0.47902905928048206,-0.009110557429578501,0.9912686795088642,11
highest-temperature-in-chicago-on-june-9-2026,Chicago,2026-06-09,clean,depth_imbalance_1,900,all,0.1509712058983725,0.5545677246301776,-0.006720558422736036,0.9804006255229989,11
highest-temperature-in-chicago-on-june-9-2026,Chicago,2026-06-09,clean,microprice_minus_mid,30,1-6h,0.06777822724731694,0.806404474153259,-0.007351126486933622,0.9996443791501244,9
highest-temperature-in-chicago-on-june-9-2026,Chicago,2026-06-09,clean,microprice_minus_mid,30,6-24h,0.07601164586188161,0.8743132400897586,-0.00744740838163323,0.9984281245240776,10
highest-temperature-in-chicago-on-june-9-2026,Chicago,2026-06-09,clean,microprice_minus_mid,30,<1h,0.09505069314443472,0.8995133647844507,-0.004961266228423555,0.9958892042406742,9
highest-temperature-in-chicago-on-june-9-2026,Chicago,2026-06-09,clean,microprice_minus_mid,30,>24h,0.07832847183384702,0.8183735473423969,-0.010030052489144826,0.998790377369361,11
highest-temperature-in-chicago-on-june-9-2026,Chicago,2026-06-09,clean,microprice_minus_mid,30,all,0.07204853917446558,0.8470987549751757,-0.007349121652921655,0.9987338189565346,11
highest-temperature-in-chicago-on-june-9-2026,Chicago,2026-06-09,clean,microprice_minus_mid,60,1-6h,0.06546373101376102,0.7772077067667794,-0.007311776973117611,0.9996210597501326,9
highest-temperature-in-chicago-on-june-9-2026,Chicago,2026-06-09,clean,microprice_minus_mid,60,6-24h,0.07569764263080377,0.8462900981314088,-0.00741023902754776,0.9976459343917071,10
highest-temperature-in-chicago-on-june-9-2026,Chicago,2026-06-09,clean,microprice_minus_mid,60,<1h,0.10339157112729759,0.8929201040250425,-0.004937618765290822,0.9861582182376158,9
highest-temperature-in-chicago-on-june-9-2026,Chicago,2026-06-09,clean,microprice_minus_mid,60,>24h,0.07325672378729521,0.7732707639966631,-0.010001289554202226,0.9983755612183333,11
highest-temperature-in-chicago-on-june-9-2026,Chicago,2026-06-09,clean,microprice_minus_mid,60,all,0.06946501658460809,0.8166535913121771,-0.007318590106235256,0.9979557134628738,11
highest-temperature-in-chicago-on-june-9-2026,Chicago,2026-06-09,clean,microprice_minus_mid,120,1-6h,0.04577484560483244,0.7224381420425989,-0.0073675000243622,0.9994723985751848,9
highest-temperature-in-chicago-on-june-9-2026,Chicago,2026-06-09,clean,microprice_minus_mid,120,6-24h,0.09602099306082867,0.8023244588367986,-0.00730464231869791,0.994877113948095,10
highest-temperature-in-chicago-on-june-9-2026,Chicago,2026-06-09,clean,microprice_minus_mid,120,<1h,0.07320960708766992,0.8641421644493101,-0.004830507280268545,0.9568913724111923,9
highest-temperature-in-chicago-on-june-9-2026,Chicago,2026-06-09,clean,microprice_minus_mid,120,>24h,0.06486234381398549,0.7171954022810921,-0.009951700360207181,0.9977840535986242,11
highest-temperature-in-chicago-on-june-9-2026,Chicago,2026-06-09,clean,microprice_minus_mid,120,all,0.05440487410133681,0.7681401309246051,-0.0072971481720170905,0.99573909064358,11
highest-temperature-in-chicago-on-june-9-2026,Chicago,2026-06-09,clean,microprice_minus_mid,300,1-6h,-0.006313116498133105,0.6260821261474124,-0.007461893324621912,0.9992479493502633,9
highest-temperature-in-chicago-on-june-9-2026,Chicago,2026-06-09,clean,microprice_minus_mid,300,6-24h,0.09379545029535408,0.7246210461836411,-0.0070590729150212805,0.9954938407832333,10
highest-temperature-in-chicago-on-june-9-2026,Chicago,2026-06-09,clean,microprice_minus_mid,300,<1h,0.06149403404450272,0.837055255383055,-0.004584415098008422,0.9329154182375407,9
highest-temperature-in-chicago-on-june-9-2026,Chicago,2026-06-09,clean,microprice_minus_mid,300,>24h,0.11345383817003202,0.6137207065843059,-0.009705540003412854,0.9958398651638999,11
highest-temperature-in-chicago-on-june-9-2026,Chicago,2026-06-09,clean,microprice_minus_mid,300,all,0.07252088787139957,0.6851484684302377,-0.007177147608528137,0.9935824563541552,11
highest-temperature-in-chicago-on-june-9-2026,Chicago,2026-06-09,clean,microprice_minus_mid,600,1-6h,-0.07345872019627195,0.5485609769494416,-0.007282196586982233,0.9996589537751193,9
highest-temperature-in-chicago-on-june-9-2026,Chicago,2026-06-09,clean,microprice_minus_mid,600,6-24h,0.10976860578095751,0.6678344066888274,-0.00667059953762862,0.9932479900663662,10
highest-temperature-in-chicago-on-june-9-2026,Chicago,2026-06-09,clean,microprice_minus_mid,600,<1h,-0.03620712994010906,0.7915231588827512,-0.0042816619487139225,0.8762707225217462,9
highest-temperature-in-chicago-on-june-9-2026,Chicago,2026-06-09,clean,microprice_minus_mid,600,>24h,0.14900566498796639,0.5423275815131294,-0.00938897349064449,0.9933876816645181,11
highest-temperature-in-chicago-on-june-9-2026,Chicago,2026-06-09,clean,microprice_minus_mid,600,all,0.09852880083188074,0.6178148036494392,-0.006898764550316772,0.9888064634657908,11
highest-temperature-in-chicago-on-june-9-2026,Chicago,2026-06-09,clean,microprice_minus_mid,900,1-6h,-0.10545052554962667,0.47033790428397954,-0.007249130594394544,1.0,9
highest-temperature-in-chicago-on-june-9-2026,Chicago,2026-06-09,clean,microprice_minus_mid,900,6-24h,0.13210055836055773,0.6156290459419302,-0.006325633301718229,0.9920943130997726,10
highest-temperature-in-chicago-on-june-9-2026,Chicago,2026-06-09,clean,microprice_minus_mid,900,<1h,-0.026090266455013833,0.7552637245864839,-0.003709961461846644,0.7195598058213477,9
highest-temperature-in-chicago-on-june-9-2026,Chicago,2026-06-09,clean,microprice_minus_mid,900,>24h,0.16493898765835857,0.47902905928048206,-0.0091041653759773,0.9912686795088642,11
highest-temperature-in-chicago-on-june-9-2026,Chicago,2026-06-09,clean,microprice_minus_mid,900,all,0.11074635970092528,0.5545677246301776,-0.006730038249486246,0.9804006255229989,11
highest-temperature-in-chongqing-on-june-6-2026,Chongqing,2026-06-06,degraded,depth_imbalance_1,30,>24h,0.05585715563365324,0.7406088980828754,-0.012639772563243138,0.9963880243933233,11
highest-temperature-in-chongqing-on-june-6-2026,Chongqing,2026-06-06,degraded,depth_imbalance_1,30,all,0.05585715563365324,0.7406088980828754,-0.012639772563243138,0.9963880243933233,11
highest-temperature-in-chongqing-on-june-6-2026,Chongqing,2026-06-06,degraded,depth_imbalance_1,60,>24h,0.06714414477781015,0.6959748957034467,-0.012664411912014707,0.9917138693060322,11
highest-temperature-in-chongqing-on-june-6-2026,Chongqing,2026-06-06,degraded,depth_imbalance_1,60,all,0.06714414477781015,0.6959748957034467,-0.012664411912014707,0.9917138693060322,11
highest-temperature-in-chongqing-on-june-6-2026,Chongqing,2026-06-06,degraded,depth_imbalance_1,120,>24h,0.10712982753828536,0.6336148730823701,-0.012340016570283047,0.9881923163502587,11
highest-temperature-in-chongqing-on-june-6-2026,Chongqing,2026-06-06,degraded,depth_imbalance_1,120,all,0.10712982753828536,0.6336148730823701,-0.012340016570283047,0.9881923163502587,11
highest-temperature-in-chongqing-on-june-6-2026,Chongqing,2026-06-06,degraded,depth_imbalance_1,300,>24h,0.13917723200159393,0.5667485097735621,-0.010432243148184655,0.9755496435510925,11
highest-temperature-in-chongqing-on-june-6-2026,Chongqing,2026-06-06,degraded,depth_imbalance_1,300,all,0.13917723200159393,0.5667485097735621,-0.010432243148184655,0.9755496435510925,11
highest-temperature-in-chongqing-on-june-6-2026,Chongqing,2026-06-06,degraded,depth_imbalance_1,600,>24h,0.16923259011229475,0.4786240915604582,-0.00909578828783351,0.9566289453364575,11
highest-temperature-in-chongqing-on-june-6-2026,Chongqing,2026-06-06,degraded,depth_imbalance_1,600,all,0.16923259011229475,0.4786240915604582,-0.00909578828783351,0.9566289453364575,11
highest-temperature-in-chongqing-on-june-6-2026,Chongqing,2026-06-06,degraded,depth_imbalance_1,900,>24h,0.17660130092461182,0.4247969752460048,-0.009674205507976218,0.9391908581423262,11
highest-temperature-in-chongqing-on-june-6-2026,Chongqing,2026-06-06,degraded,depth_imbalance_1,900,all,0.17660130092461182,0.4247969752460048,-0.009674205507976218,0.9391908581423262,11
highest-temperature-in-chongqing-on-june-6-2026,Chongqing,2026-06-06,degraded,microprice_minus_mid,30,>24h,0.048445848598320636,0.7406088980828754,-0.012631233725960473,0.9963880243933233,11
highest-temperature-in-chongqing-on-june-6-2026,Chongqing,2026-06-06,degraded,microprice_minus_mid,30,all,0.048445848598320636,0.7406088980828754,-0.012631233725960473,0.9963880243933233,11
highest-temperature-in-chongqing-on-june-6-2026,Chongqing,2026-06-06,degraded,microprice_minus_mid,60,>24h,0.041864173312521236,0.6959748957034467,-0.012663159491763682,0.9917138693060322,11
highest-temperature-in-chongqing-on-june-6-2026,Chongqing,2026-06-06,degraded,microprice_minus_mid,60,all,0.041864173312521236,0.6959748957034467,-0.012663159491763682,0.9917138693060322,11
highest-temperature-in-chongqing-on-june-6-2026,Chongqing,2026-06-06,degraded,microprice_minus_mid,120,>24h,0.08404847938405952,0.6336148730823701,-0.012340236962772392,0.9881923163502587,11
highest-temperature-in-chongqing-on-june-6-2026,Chongqing,2026-06-06,degraded,microprice_minus_mid,120,all,0.08404847938405952,0.6336148730823701,-0.012340236962772392,0.9881923163502587,11
highest-temperature-in-chongqing-on-june-6-2026,Chongqing,2026-06-06,degraded,microprice_minus_mid,300,>24h,0.10419368281827755,0.5667485097735621,-0.010431490077708163,0.9755496435510925,11
highest-temperature-in-chongqing-on-june-6-2026,Chongqing,2026-06-06,degraded,microprice_minus_mid,300,all,0.10419368281827755,0.5667485097735621,-0.010431490077708163,0.9755496435510925,11
highest-temperature-in-chongqing-on-june-6-2026,Chongqing,2026-06-06,degraded,microprice_minus_mid,600,>24h,0.15343686064595694,0.4786240915604582,-0.009116378870214336,0.9566289453364575,11
highest-temperature-in-chongqing-on-june-6-2026,Chongqing,2026-06-06,degraded,microprice_minus_mid,600,all,0.15343686064595694,0.4786240915604582,-0.009116378870214336,0.9566289453364575,11
highest-temperature-in-chongqing-on-june-6-2026,Chongqing,2026-06-06,degraded,microprice_minus_mid,900,>24h,0.15260704360600397,0.4247969752460048,-0.009689952237720555,0.9391908581423262,11
highest-temperature-in-chongqing-on-june-6-2026,Chongqing,2026-06-06,degraded,microprice_minus_mid,900,all,0.15260704360600397,0.4247969752460048,-0.009689952237720555,0.9391908581423262,11
highest-temperature-in-denver-on-june-5-2026,Denver,2026-06-05,clean,depth_imbalance_1,30,6-24h,0.2642594599099393,0.8426395981916883,-0.00084471546030516,0.46528294015125504,9
highest-temperature-in-denver-on-june-5-2026,Denver,2026-06-05,clean,depth_imbalance_1,30,>24h,0.08450959197099865,0.7364498659523061,-0.0010706100157487249,0.633332046238573,5
highest-temperature-in-denver-on-june-5-2026,Denver,2026-06-05,clean,depth_imbalance_1,30,all,0.2803033947134049,0.6998527920271155,-0.0009109222744838333,0.4396256047740704,10
highest-temperature-in-denver-on-june-5-2026,Denver,2026-06-05,clean,depth_imbalance_1,60,6-24h,0.0013041227132041533,0.9929377105346316,-0.00093098672376445,0.4245588528776359,9
highest-temperature-in-denver-on-june-5-2026,Denver,2026-06-05,clean,depth_imbalance_1,60,>24h,0.09510351606562306,0.9760604971669411,-0.00139215801871245,0.39706602521120804,5
highest-temperature-in-denver-on-june-5-2026,Denver,2026-06-05,clean,depth_imbalance_1,60,all,0.0280581222004003,0.9915247860213239,-0.000995943977784525,0.37843962480607407,10
highest-temperature-in-denver-on-june-5-2026,Denver,2026-06-05,clean,depth_imbalance_1,120,6-24h,0.016887123915838048,0.9882100633473645,-0.000930728835867625,0.36868434701940883,9
highest-temperature-in-denver-on-june-5-2026,Denver,2026-06-05,clean,depth_imbalance_1,120,>24h,0.0975660755396843,0.9756643300722851,-0.00138508180769785,0.3931146676663075,5
highest-temperature-in-denver-on-june-5-2026,Denver,2026-06-05,clean,depth_imbalance_1,120,all,0.044908249848204254,0.9893215857859176,-0.000993968017712375,0.3280808018625318,10
highest-temperature-in-denver-on-june-5-2026,Denver,2026-06-05,clean,depth_imbalance_1,300,6-24h,0.03427541911324275,0.959727443917354,-0.0010739523143374668,0.3068869653246759,9
highest-temperature-in-denver-on-june-5-2026,Denver,2026-06-05,clean,depth_imbalance_1,300,>24h,0.1430360713557122,0.9720562435311131,-0.00137679034475035,0.388621616743061,5
highest-temperature-in-denver-on-june-5-2026,Denver,2026-06-05,clean,depth_imbalance_1,300,all,0.08130953546497655,0.9731420930731652,-0.0011562713583703,0.2740959704252458,10
highest-temperature-in-denver-on-june-5-2026,Denver,2026-06-05,clean,depth_imbalance_1,600,6-24h,-0.002470154188615098,0.9176402117787251,-0.0010727878106518334,0.26558054295724887,9
highest-temperature-in-denver-on-june-5-2026,Denver,2026-06-05,clean,depth_imbalance_1,600,>24h,0.15456667177993466,0.9547734961961496,-0.0013677376034011502,0.38541578234955715,5
highest-temperature-in-denver-on-june-5-2026,Denver,2026-06-05,clean,depth_imbalance_1,600,all,0.09378322648222591,0.9485407435395103,-0.0011534596756805334,0.24075001043405675,10
highest-temperature-in-denver-on-june-5-2026,Denver,2026-06-05,clean,depth_imbalance_1,900,6-24h,-0.040740357012543305,0.8815883284280872,-0.0010684374119726667,0.21358159229808515,9
highest-temperature-in-denver-on-june-5-2026,Denver,2026-06-05,clean,depth_imbalance_1,900,>24h,0.16416811232738238,0.9452465646665238,-0.00135763668084415,0.37997130938379675,5
highest-temperature-in-denver-on-june-5-2026,Denver,2026-06-05,clean,depth_imbalance_1,900,all,0.08873600788739,0.9310142231851896,-0.0011477192485284335,0.1976543579577073,10
highest-temperature-in-denver-on-june-5-2026,Denver,2026-06-05,clean,microprice_minus_mid,30,6-24h,0.24922040497675516,0.8426395981916883,-0.00084471546030516,0.46528294015125504,9
highest-temperature-in-denver-on-june-5-2026,Denver,2026-06-05,clean,microprice_minus_mid,30,>24h,0.0613272507352069,0.7364498659523061,-0.0010706100157487249,0.633332046238573,5
highest-temperature-in-denver-on-june-5-2026,Denver,2026-06-05,clean,microprice_minus_mid,30,all,0.2660296017398192,0.6998527920271155,-0.0009109222744838333,0.4396256047740704,10
highest-temperature-in-denver-on-june-5-2026,Denver,2026-06-05,clean,microprice_minus_mid,60,6-24h,-0.007758238965085651,0.9929377105346316,-0.00093098672376445,0.4245588528776359,9
highest-temperature-in-denver-on-june-5-2026,Denver,2026-06-05,clean,microprice_minus_mid,60,>24h,0.06624544740740045,0.9760604971669411,-0.00139215801871245,0.39706602521120804,5
highest-temperature-in-denver-on-june-5-2026,Denver,2026-06-05,clean,microprice_minus_mid,60,all,-0.0022825362268715996,0.9915247860213239,-0.000995943977784525,0.37843962480607407,10
highest-temperature-in-denver-on-june-5-2026,Denver,2026-06-05,clean,microprice_minus_mid,120,6-24h,0.013980615828278552,0.9882100633473645,-0.000930728835867625,0.36868434701940883,9
highest-temperature-in-denver-on-june-5-2026,Denver,2026-06-05,clean,microprice_minus_mid,120,>24h,0.07359708842759355,0.9756643300722851,-0.00138508180769785,0.3931146676663075,5
highest-temperature-in-denver-on-june-5-2026,Denver,2026-06-05,clean,microprice_minus_mid,120,all,0.008282999008690249,0.9893215857859176,-0.000993968017712375,0.3280808018625318,10
highest-temperature-in-denver-on-june-5-2026,Denver,2026-06-05,clean,microprice_minus_mid,300,6-24h,0.053164996843348994,0.959727443917354,-0.0010739523143374668,0.3068869653246759,9
highest-temperature-in-denver-on-june-5-2026,Denver,2026-06-05,clean,microprice_minus_mid,300,>24h,0.112726839795738,0.9720562435311131,-0.00137679034475035,0.388621616743061,5
highest-temperature-in-denver-on-june-5-2026,Denver,2026-06-05,clean,microprice_minus_mid,300,all,0.0263083731812973,0.9731420930731652,-0.0011562713583703,0.2740959704252458,10
highest-temperature-in-denver-on-june-5-2026,Denver,2026-06-05,clean,microprice_minus_mid,600,6-24h,0.07579179967312284,0.9176402117787251,-0.0010727878106518334,0.26558054295724887,9
highest-temperature-in-denver-on-june-5-2026,Denver,2026-06-05,clean,microprice_minus_mid,600,>24h,0.1335381861836591,0.9547734961961496,-0.0013677376034011502,0.38541578234955715,5
highest-temperature-in-denver-on-june-5-2026,Denver,2026-06-05,clean,microprice_minus_mid,600,all,0.04013400044319859,0.9485407435395103,-0.0011534596756805334,0.24075001043405675,10
highest-temperature-in-denver-on-june-5-2026,Denver,2026-06-05,clean,microprice_minus_mid,900,6-24h,0.0834755473177155,0.8815883284280872,-0.0010684374119726667,0.21358159229808515,9
highest-temperature-in-denver-on-june-5-2026,Denver,2026-06-05,clean,microprice_minus_mid,900,>24h,0.1431967141907795,0.9452465646665238,-0.00135763668084415,0.37997130938379675,5
highest-temperature-in-denver-on-june-5-2026,Denver,2026-06-05,clean,microprice_minus_mid,900,all,0.030809076011998046,0.9310142231851896,-0.0011477192485284335,0.1976543579577073,10
highest-temperature-in-hong-kong-on-june-5-2026,Hong Kong,2026-06-05,clean,depth_imbalance_1,30,1-6h,0.14072422849867616,0.27506167971341255,-0.01444021590083545,0.9966994834781668,2
highest-temperature-in-hong-kong-on-june-5-2026,Hong Kong,2026-06-05,clean,depth_imbalance_1,30,6-24h,0.110731090754431,0.6511994449637734,-0.006113544312717543,0.8840562958044809,7
highest-temperature-in-hong-kong-on-june-5-2026,Hong Kong,2026-06-05,clean,depth_imbalance_1,30,>24h,0.0956813394360102,0.8245258520798648,-0.00798541279034485,0.9999497854898897,6
highest-temperature-in-hong-kong-on-june-5-2026,Hong Kong,2026-06-05,clean,depth_imbalance_1,30,all,0.09995261845883073,0.6568587068984867,-0.006553057532686629,0.8848868732902064,7
highest-temperature-in-hong-kong-on-june-5-2026,Hong Kong,2026-06-05,clean,depth_imbalance_1,60,1-6h,0.15801145055108934,0.17657349910052156,-0.0135914644970955,0.9944438616659497,2
highest-temperature-in-hong-kong-on-june-5-2026,Hong Kong,2026-06-05,clean,depth_imbalance_1,60,6-24h,0.1341382496876382,0.6900386739567484,-0.006664745631398683,0.8535347867247278,7
highest-temperature-in-hong-kong-on-june-5-2026,Hong Kong,2026-06-05,clean,depth_imbalance_1,60,>24h,0.11208571441435163,0.7576327486027825,-0.007850183673474884,0.999933844053055,6
highest-temperature-in-hong-kong-on-june-5-2026,Hong Kong,2026-06-05,clean,depth_imbalance_1,60,all,0.12080590221492049,0.6966924223958424,-0.0071555763175919175,0.8550277999151877,7
highest-temperature-in-hong-kong-on-june-5-2026,Hong Kong,2026-06-05,clean,depth_imbalance_1,120,1-6h,0.1876542980916462,0.1007873020240695,-0.013505360903237399,0.9913170151385259,2
highest-temperature-in-hong-kong-on-june-5-2026,Hong Kong,2026-06-05,clean,depth_imbalance_1,120,6-24h,0.16749481341801623,0.604714191168301,-0.006471660386154783,0.8507559215178375,7
highest-temperature-in-hong-kong-on-june-5-2026,Hong Kong,2026-06-05,clean,depth_imbalance_1,120,>24h,0.14285982537775901,0.6618364029718774,-0.0075827334932605335,0.999849541928309,6
highest-temperature-in-hong-kong-on-june-5-2026,Hong Kong,2026-06-05,clean,depth_imbalance_1,120,all,0.15040129722234766,0.6076794977733871,-0.006950598963653983,0.8534375759556095,7
highest-temperature-in-hong-kong-on-june-5-2026,Hong Kong,2026-06-05,clean,depth_imbalance_1,300,1-6h,0.18817230170358876,0.0392765606728681,-0.0164072152444161,0.9874536361969348,2
highest-temperature-in-hong-kong-on-june-5-2026,Hong Kong,2026-06-05,clean,depth_imbalance_1,300,6-24h,0.1936994120086731,0.4684796173805407,-0.006318057425081133,0.8434394263294679,7
highest-temperature-in-hong-kong-on-june-5-2026,Hong Kong,2026-06-05,clean,depth_imbalance_1,300,>24h,0.21168444637023967,0.4975321794671852,-0.00679504998375325,0.9989298839180774,6
highest-temperature-in-hong-kong-on-june-5-2026,Hong Kong,2026-06-05,clean,depth_imbalance_1,300,all,0.18672293082966365,0.46275413885916655,-0.006731646391426816,0.8491646173436141,7
highest-temperature-in-hong-kong-on-june-5-2026,Hong Kong,2026-06-05,clean,depth_imbalance_1,600,1-6h,0.14361766809203386,0.01906975303390515,-0.0249258503952097,0.9750601937075962,2
highest-temperature-in-hong-kong-on-june-5-2026,Hong Kong,2026-06-05,clean,depth_imbalance_1,600,6-24h,0.21448025048040797,0.38249576067416574,-0.0061297380777291495,0.8356074764062061,7
highest-temperature-in-hong-kong-on-june-5-2026,Hong Kong,2026-06-05,clean,depth_imbalance_1,600,>24h,0.24890229067234584,0.3544968329944235,-0.005775036606432599,0.9990819764842259,6
highest-temperature-in-hong-kong-on-june-5-2026,Hong Kong,2026-06-05,clean,depth_imbalance_1,600,all,0.20534929882461905,0.35635318682490297,-0.006680426879829283,0.8448890440780901,7
highest-temperature-in-hong-kong-on-june-5-2026,Hong Kong,2026-06-05,clean,depth_imbalance_1,900,1-6h,0.20294771783502225,0.022108860861149653,-0.025744040107899352,0.9660899557692153,2
highest-temperature-in-hong-kong-on-june-5-2026,Hong Kong,2026-06-05,clean,depth_imbalance_1,900,6-24h,0.21629360495882632,0.32968592693461096,-0.005794945431588083,0.8298837277183114,7
highest-temperature-in-hong-kong-on-june-5-2026,Hong Kong,2026-06-05,clean,depth_imbalance_1,900,>24h,0.2600387987686165,0.2878614795492535,-0.005080401936157116,0.9993329637244085,6
highest-temperature-in-hong-kong-on-june-5-2026,Hong Kong,2026-06-05,clean,depth_imbalance_1,900,all,0.22129632473914526,0.30011452139334055,-0.006312760435687699,0.8422193855046037,7
highest-temperature-in-hong-kong-on-june-5-2026,Hong Kong,2026-06-05,clean,microprice_minus_mid,30,1-6h,0.08678922559274639,0.27506167971341255,-0.01439154064611725,0.9966994834781668,2
highest-temperature-in-hong-kong-on-june-5-2026,Hong Kong,2026-06-05,clean,microprice_minus_mid,30,6-24h,0.05474313089293762,0.6511994449637734,-0.006111655559697086,0.8840562958044809,7
highest-temperature-in-hong-kong-on-june-5-2026,Hong Kong,2026-06-05,clean,microprice_minus_mid,30,>24h,0.08075735013279821,0.8245258520798648,-0.007989109619639133,0.9999497854898897,6
highest-temperature-in-hong-kong-on-june-5-2026,Hong Kong,2026-06-05,clean,microprice_minus_mid,30,all,0.03881102975465044,0.6568587068984867,-0.006549574259454843,0.8848868732902064,7
highest-temperature-in-hong-kong-on-june-5-2026,Hong Kong,2026-06-05,clean,microprice_minus_mid,60,1-6h,0.09600109385114751,0.17657349910052156,-0.0135371230810443,0.9944438616659497,2
highest-temperature-in-hong-kong-on-june-5-2026,Hong Kong,2026-06-05,clean,microprice_minus_mid,60,6-24h,0.1269299165053703,0.6900386739567484,-0.006656156000282133,0.8535347867247278,7
highest-temperature-in-hong-kong-on-june-5-2026,Hong Kong,2026-06-05,clean,microprice_minus_mid,60,>24h,0.09608134928024044,0.7576327486027825,-0.007854193528964716,0.999933844053055,6
highest-temperature-in-hong-kong-on-june-5-2026,Hong Kong,2026-06-05,clean,microprice_minus_mid,60,all,0.11002430085203141,0.6966924223958424,-0.007147412713439467,0.8550277999151877,7
highest-temperature-in-hong-kong-on-june-5-2026,Hong Kong,2026-06-05,clean,microprice_minus_mid,120,1-6h,0.1271500613772807,0.1007873020240695,-0.0134834991448128,0.9913170151385259,2
highest-temperature-in-hong-kong-on-june-5-2026,Hong Kong,2026-06-05,clean,microprice_minus_mid,120,6-24h,0.15265244306319534,0.604714191168301,-0.006455652660204817,0.8507559215178375,7
highest-temperature-in-hong-kong-on-june-5-2026,Hong Kong,2026-06-05,clean,microprice_minus_mid,120,>24h,0.12095818004603298,0.6618364029718774,-0.0075868961736233,0.999849541928309,6
highest-temperature-in-hong-kong-on-june-5-2026,Hong Kong,2026-06-05,clean,microprice_minus_mid,120,all,0.13304392720980476,0.6076794977733871,-0.006938913142122499,0.8534375759556095,7
highest-temperature-in-hong-kong-on-june-5-2026,Hong Kong,2026-06-05,clean,microprice_minus_mid,300,1-6h,0.107631865758621,0.0392765606728681,-0.0163892184503883,0.9874536361969348,2
highest-temperature-in-hong-kong-on-june-5-2026,Hong Kong,2026-06-05,clean,microprice_minus_mid,300,6-24h,0.1663535085420219,0.4684796173805407,-0.006282004424268517,0.8434394263294679,7
highest-temperature-in-hong-kong-on-june-5-2026,Hong Kong,2026-06-05,clean,microprice_minus_mid,300,>24h,0.17924420607266767,0.4975321794671852,-0.006800768462093684,0.9989298839180774,6
highest-temperature-in-hong-kong-on-june-5-2026,Hong Kong,2026-06-05,clean,microprice_minus_mid,300,all,0.15464844568377836,0.46275413885916655,-0.006709869172433683,0.8491646173436141,7
highest-temperature-in-hong-kong-on-june-5-2026,Hong Kong,2026-06-05,clean,microprice_minus_mid,600,1-6h,0.039718152480700056,0.01906975303390515,-0.02486421891410235,0.9750601937075962,2
highest-temperature-in-hong-kong-on-june-5-2026,Hong Kong,2026-06-05,clean,microprice_minus_mid,600,6-24h,0.19587348030623894,0.38249576067416574,-0.006086761596305484,0.8356074764062061,7
highest-temperature-in-hong-kong-on-june-5-2026,Hong Kong,2026-06-05,clean,microprice_minus_mid,600,>24h,0.21961663881304813,0.3544968329944235,-0.005785209338344967,0.9990819764842259,6
highest-temperature-in-hong-kong-on-june-5-2026,Hong Kong,2026-06-05,clean,microprice_minus_mid,600,all,0.1752339282439036,0.35635318682490297,-0.006656121111774484,0.8448890440780901,7
highest-temperature-in-hong-kong-on-june-5-2026,Hong Kong,2026-06-05,clean,microprice_minus_mid,900,1-6h,0.0806523270903739,0.022108860861149653,-0.02566964767542275,0.9660899557692153,2
highest-temperature-in-hong-kong-on-june-5-2026,Hong Kong,2026-06-05,clean,microprice_minus_mid,900,6-24h,0.20861038712158617,0.32968592693461096,-0.005719198894624516,0.8298837277183114,7
highest-temperature-in-hong-kong-on-june-5-2026,Hong Kong,2026-06-05,clean,microprice_minus_mid,900,>24h,0.22274520959717659,0.2878614795492535,-0.0050906629945671,0.9993329637244085,6
highest-temperature-in-hong-kong-on-june-5-2026,Hong Kong,2026-06-05,clean,microprice_minus_mid,900,all,0.19450421767018702,0.30011452139334055,-0.006271631172850099,0.8422193855046037,7
highest-temperature-in-houston-on-june-12-2026,Houston,2026-06-12,degraded,depth_imbalance_1,30,>24h,0.0011952506568284691,0.7776650116093435,-0.03612206216546213,0.9888863580276562,11
highest-temperature-in-houston-on-june-12-2026,Houston,2026-06-12,degraded,depth_imbalance_1,30,all,0.0011952506568284691,0.7776650116093435,-0.03612206216546213,0.9888863580276562,11
highest-temperature-in-houston-on-june-12-2026,Houston,2026-06-12,degraded,depth_imbalance_1,60,>24h,-0.02271435355161815,0.7171326353473707,-0.03713900276241199,0.9878651939009302,11
highest-temperature-in-houston-on-june-12-2026,Houston,2026-06-12,degraded,depth_imbalance_1,60,all,-0.02271435355161815,0.7171326353473707,-0.03713900276241199,0.9878651939009302,11
highest-temperature-in-houston-on-june-12-2026,Houston,2026-06-12,degraded,depth_imbalance_1,120,>24h,-0.01796873893755666,0.6241242998561567,-0.03798672751821073,0.9677442896673508,11
highest-temperature-in-houston-on-june-12-2026,Houston,2026-06-12,degraded,depth_imbalance_1,120,all,-0.01796873893755666,0.6241242998561567,-0.03798672751821073,0.9677442896673508,11
highest-temperature-in-houston-on-june-12-2026,Houston,2026-06-12,degraded,depth_imbalance_1,300,>24h,-0.06946446058578687,0.49952230421950056,-0.039061686453981746,0.9475707762008798,11
highest-temperature-in-houston-on-june-12-2026,Houston,2026-06-12,degraded,depth_imbalance_1,300,all,-0.06946446058578687,0.49952230421950056,-0.039061686453981746,0.9475707762008798,11
highest-temperature-in-houston-on-june-12-2026,Houston,2026-06-12,degraded,depth_imbalance_1,600,>24h,-0.0826622570693347,0.42147813036240134,-0.04086385446535983,0.8763754613052334,11
highest-temperature-in-houston-on-june-12-2026,Houston,2026-06-12,degraded,depth_imbalance_1,600,all,-0.0826622570693347,0.42147813036240134,-0.04086385446535983,0.8763754613052334,11
highest-temperature-in-houston-on-june-12-2026,Houston,2026-06-12,degraded,depth_imbalance_1,900,>24h,-0.029044844224566033,0.3626826876070099,-0.041110074177762225,0.8241421060080675,11
highest-temperature-in-houston-on-june-12-2026,Houston,2026-06-12,degraded,depth_imbalance_1,900,all,-0.029044844224566033,0.3626826876070099,-0.041110074177762225,0.8241421060080675,11
highest-temperature-in-houston-on-june-12-2026,Houston,2026-06-12,degraded,microprice_minus_mid,30,>24h,0.04997046317966802,0.7776650116093435,-0.036117080635872496,0.9888863580276562,11
highest-temperature-in-houston-on-june-12-2026,Houston,2026-06-12,degraded,microprice_minus_mid,30,all,0.04997046317966802,0.7776650116093435,-0.036117080635872496,0.9888863580276562,11
highest-temperature-in-houston-on-june-12-2026,Houston,2026-06-12,degraded,microprice_minus_mid,60,>24h,0.029911354079090378,0.7171326353473707,-0.03713395849039196,0.9878651939009302,11
highest-temperature-in-houston-on-june-12-2026,Houston,2026-06-12,degraded,microprice_minus_mid,60,all,0.029911354079090378,0.7171326353473707,-0.03713395849039196,0.9878651939009302,11
highest-temperature-in-houston-on-june-12-2026,Houston,2026-06-12,degraded,microprice_minus_mid,120,>24h,0.04951973799944395,0.6241242998561567,-0.03798135120476595,0.9677442896673508,11
highest-temperature-in-houston-on-june-12-2026,Houston,2026-06-12,degraded,microprice_minus_mid,120,all,0.04951973799944395,0.6241242998561567,-0.03798135120476595,0.9677442896673508,11
highest-temperature-in-houston-on-june-12-2026,Houston,2026-06-12,degraded,microprice_minus_mid,300,>24h,0.0004529058955744009,0.49952230421950056,-0.0390577752179527,0.9475707762008798,11
highest-temperature-in-houston-on-june-12-2026,Houston,2026-06-12,degraded,microprice_minus_mid,300,all,0.0004529058955744009,0.49952230421950056,-0.0390577752179527,0.9475707762008798,11
highest-temperature-in-houston-on-june-12-2026,Houston,2026-06-12,degraded,microprice_minus_mid,600,>24h,0.0025107889174200426,0.42147813036240134,-0.04085958809729819,0.8763754613052334,11
highest-temperature-in-houston-on-june-12-2026,Houston,2026-06-12,degraded,microprice_minus_mid,600,all,0.0025107889174200426,0.42147813036240134,-0.04085958809729819,0.8763754613052334,11
highest-temperature-in-houston-on-june-12-2026,Houston,2026-06-12,degraded,microprice_minus_mid,900,>24h,0.03455778869703445,0.3626826876070099,-0.04110781138301959,0.8241421060080675,11
highest-temperature-in-houston-on-june-12-2026,Houston,2026-06-12,degraded,microprice_minus_mid,900,all,0.03455778869703445,0.3626826876070099,-0.04110781138301959,0.8241421060080675,11
highest-temperature-in-istanbul-on-june-12-2026,Istanbul,2026-06-12,degraded,depth_imbalance_1,30,>24h,0.015981455786846784,0.7979687231887506,-0.020000550392524317,0.9994426352043722,11
highest-temperature-in-istanbul-on-june-12-2026,Istanbul,2026-06-12,degraded,depth_imbalance_1,30,all,0.015981455786846784,0.7979687231887506,-0.020000550392524317,0.9994426352043722,11
highest-temperature-in-istanbul-on-june-12-2026,Istanbul,2026-06-12,degraded,depth_imbalance_1,60,>24h,0.023995296808173486,0.7607955739550079,-0.020014676577056818,0.9991690744833402,11
highest-temperature-in-istanbul-on-june-12-2026,Istanbul,2026-06-12,degraded,depth_imbalance_1,60,all,0.023995296808173486,0.7607955739550079,-0.020014676577056818,0.9991690744833402,11
highest-temperature-in-istanbul-on-june-12-2026,Istanbul,2026-06-12,degraded,depth_imbalance_1,120,>24h,0.030820175788310974,0.7052268831445702,-0.020030032475800933,0.9985392073793562,11
highest-temperature-in-istanbul-on-june-12-2026,Istanbul,2026-06-12,degraded,depth_imbalance_1,120,all,0.030820175788310974,0.7052268831445702,-0.020030032475800933,0.9985392073793562,11
highest-temperature-in-istanbul-on-june-12-2026,Istanbul,2026-06-12,degraded,depth_imbalance_1,300,>24h,0.031612553806170535,0.6219634822601794,-0.02003432650270281,0.9959934079106706,11
highest-temperature-in-istanbul-on-june-12-2026,Istanbul,2026-06-12,degraded,depth_imbalance_1,300,all,0.031612553806170535,0.6219634822601794,-0.02003432650270281,0.9959934079106706,11
highest-temperature-in-istanbul-on-june-12-2026,Istanbul,2026-06-12,degraded,depth_imbalance_1,600,>24h,0.029207713009023892,0.5391353164683068,-0.020154572927658602,0.9932318258289089,11
highest-temperature-in-istanbul-on-june-12-2026,Istanbul,2026-06-12,degraded,depth_imbalance_1,600,all,0.029207713009023892,0.5391353164683068,-0.020154572927658602,0.9932318258289089,11
highest-temperature-in-istanbul-on-june-12-2026,Istanbul,2026-06-12,degraded,depth_imbalance_1,900,>24h,0.03704836201095289,0.4903087738650244,-0.020237167076637884,0.9886392090714754,11
highest-temperature-in-istanbul-on-june-12-2026,Istanbul,2026-06-12,degraded,depth_imbalance_1,900,all,0.03704836201095289,0.4903087738650244,-0.020237167076637884,0.9886392090714754,11
highest-temperature-in-istanbul-on-june-12-2026,Istanbul,2026-06-12,degraded,microprice_minus_mid,30,>24h,0.019224657822985065,0.7979687231887506,-0.02003181942988581,0.9994426352043722,11
highest-temperature-in-istanbul-on-june-12-2026,Istanbul,2026-06-12,degraded,microprice_minus_mid,30,all,0.019224657822985065,0.7979687231887506,-0.02003181942988581,0.9994426352043722,11
highest-temperature-in-istanbul-on-june-12-2026,Istanbul,2026-06-12,degraded,microprice_minus_mid,60,>24h,0.019452075252347725,0.7607955739550079,-0.020052454660207355,0.9991690744833402,11
highest-temperature-in-istanbul-on-june-12-2026,Istanbul,2026-06-12,degraded,microprice_minus_mid,60,all,0.019452075252347725,0.7607955739550079,-0.020052454660207355,0.9991690744833402,11
highest-temperature-in-istanbul-on-june-12-2026,Istanbul,2026-06-12,degraded,microprice_minus_mid,120,>24h,0.020789904338297752,0.7052268831445702,-0.020071347333547165,0.9985392073793562,11
highest-temperature-in-istanbul-on-june-12-2026,Istanbul,2026-06-12,degraded,microprice_minus_mid,120,all,0.020789904338297752,0.7052268831445702,-0.020071347333547165,0.9985392073793562,11
highest-temperature-in-istanbul-on-june-12-2026,Istanbul,2026-06-12,degraded,microprice_minus_mid,300,>24h,0.022980855115004473,0.6219634822601794,-0.020067378383970744,0.9959934079106706,11
highest-temperature-in-istanbul-on-june-12-2026,Istanbul,2026-06-12,degraded,microprice_minus_mid,300,all,0.022980855115004473,0.6219634822601794,-0.020067378383970744,0.9959934079106706,11
highest-temperature-in-istanbul-on-june-12-2026,Istanbul,2026-06-12,degraded,microprice_minus_mid,600,>24h,0.02641999585816275,0.5391353164683068,-0.020186151252418363,0.9932318258289089,11
highest-temperature-in-istanbul-on-june-12-2026,Istanbul,2026-06-12,degraded,microprice_minus_mid,600,all,0.02641999585816275,0.5391353164683068,-0.020186151252418363,0.9932318258289089,11
highest-temperature-in-istanbul-on-june-12-2026,Istanbul,2026-06-12,degraded,microprice_minus_mid,900,>24h,0.042364548741609206,0.4903087738650244,-0.020257691208340936,0.9886392090714754,11
highest-temperature-in-istanbul-on-june-12-2026,Istanbul,2026-06-12,degraded,microprice_minus_mid,900,all,0.042364548741609206,0.4903087738650244,-0.020257691208340936,0.9886392090714754,11
highest-temperature-in-karachi-on-june-11-2026,Karachi,2026-06-11,degraded,depth_imbalance_1,30,6-24h,0.0762545078236055,0.7203548745804039,-0.0076184695923757545,0.9963245436902721,11
highest-temperature-in-karachi-on-june-11-2026,Karachi,2026-06-11,degraded,depth_imbalance_1,30,>24h,0.07235888222723424,0.8373320189052277,-0.011007055486540672,0.9991612961450209,11
highest-temperature-in-karachi-on-june-11-2026,Karachi,2026-06-11,degraded,depth_imbalance_1,30,all,0.04287501175348297,0.7812575109820267,-0.009666027779883192,0.9974198982481179,11
highest-temperature-in-karachi-on-june-11-2026,Karachi,2026-06-11,degraded,depth_imbalance_1,60,6-24h,0.08324703802219015,0.6833568254902422,-0.0075654877546023356,0.9949139858775209,11
highest-temperature-in-karachi-on-june-11-2026,Karachi,2026-06-11,degraded,depth_imbalance_1,60,>24h,0.12055444620044539,0.7996951540070668,-0.010901786258568446,0.9981926352642272,11
highest-temperature-in-karachi-on-june-11-2026,Karachi,2026-06-11,degraded,depth_imbalance_1,60,all,0.05065258222082953,0.7438194820974364,-0.009585506670594173,0.9964784365660787,11
highest-temperature-in-karachi-on-june-11-2026,Karachi,2026-06-11,degraded,depth_imbalance_1,120,6-24h,0.0995050552025437,0.6181559689440302,-0.007504117372347646,0.9924430465697562,11
highest-temperature-in-karachi-on-june-11-2026,Karachi,2026-06-11,degraded,depth_imbalance_1,120,>24h,0.17295753942608372,0.7506968244456089,-0.010909312152548319,0.9953033161442364,11
highest-temperature-in-karachi-on-june-11-2026,Karachi,2026-06-11,degraded,depth_imbalance_1,120,all,0.06133682104262543,0.6896386464152164,-0.009571490050194755,0.9944911356540526,11
highest-temperature-in-karachi-on-june-11-2026,Karachi,2026-06-11,degraded,depth_imbalance_1,300,6-24h,0.11659096706363613,0.5251621504739868,-0.0074809671706853355,0.9862853070464447,11
highest-temperature-in-karachi-on-june-11-2026,Karachi,2026-06-11,degraded,depth_imbalance_1,300,>24h,0.1715720328029037,0.6659614760734852,-0.010752317137670143,0.9819727105610689,11
highest-temperature-in-karachi-on-june-11-2026,Karachi,2026-06-11,degraded,depth_imbalance_1,300,all,0.07518112132760775,0.6027759539096175,-0.0094771856860389,0.9888360879797925,11
highest-temperature-in-karachi-on-june-11-2026,Karachi,2026-06-11,degraded,depth_imbalance_1,600,6-24h,0.11686161149322717,0.44585236781242066,-0.00726217640389929,0.9776572973764857,11
highest-temperature-in-karachi-on-june-11-2026,Karachi,2026-06-11,degraded,depth_imbalance_1,600,>24h,0.18038361574917772,0.5779497666551546,-0.010533297593439054,0.9753297301464895,11
highest-temperature-in-karachi-on-june-11-2026,Karachi,2026-06-11,degraded,depth_imbalance_1,600,all,0.08216869839530073,0.516381671620204,-0.009271690275226492,0.9841682676855978,11
highest-temperature-in-karachi-on-june-11-2026,Karachi,2026-06-11,degraded,depth_imbalance_1,900,6-24h,0.11781047972685182,0.3843878452484953,-0.0071908008128478825,0.9622271012038435,11
highest-temperature-in-karachi-on-june-11-2026,Karachi,2026-06-11,degraded,depth_imbalance_1,900,>24h,0.18431160979590225,0.5211646171861258,-0.010408591956369173,0.973643968874794,11
highest-temperature-in-karachi-on-june-11-2026,Karachi,2026-06-11,degraded,depth_imbalance_1,900,all,0.09484716171894929,0.4556138275627424,-0.009184693391947454,0.9764066380601041,11
highest-temperature-in-karachi-on-june-11-2026,Karachi,2026-06-11,degraded,microprice_minus_mid,30,6-24h,0.07214336699880884,0.7203548745804039,-0.007618043568198527,0.9963245436902721,11
highest-temperature-in-karachi-on-june-11-2026,Karachi,2026-06-11,degraded,microprice_minus_mid,30,>24h,0.041303397361373825,0.8373320189052277,-0.011018861732963264,0.9991612961450209,11
highest-temperature-in-karachi-on-june-11-2026,Karachi,2026-06-11,degraded,microprice_minus_mid,30,all,0.02876989557255499,0.7812575109820267,-0.009671548212146691,0.9974198982481179,11
highest-temperature-in-karachi-on-june-11-2026,Karachi,2026-06-11,degraded,microprice_minus_mid,60,6-24h,0.0802484907224401,0.6833568254902422,-0.007563442234228363,0.9949139858775209,11
highest-temperature-in-karachi-on-june-11-2026,Karachi,2026-06-11,degraded,microprice_minus_mid,60,>24h,0.08645167729478094,0.7996951540070668,-0.010914692677178055,0.9981926352642272,11
highest-temperature-in-karachi-on-june-11-2026,Karachi,2026-06-11,degraded,microprice_minus_mid,60,all,0.03716814341572781,0.7438194820974364,-0.009590985516137636,0.9964784365660787,11
highest-temperature-in-karachi-on-june-11-2026,Karachi,2026-06-11,degraded,microprice_minus_mid,120,6-24h,0.09355031234320994,0.6181559689440302,-0.007503418853201291,0.9924430465697562,11
highest-temperature-in-karachi-on-june-11-2026,Karachi,2026-06-11,degraded,microprice_minus_mid,120,>24h,0.13923258419284668,0.7506968244456089,-0.01092148016951762,0.9953033161442364,11
highest-temperature-in-karachi-on-june-11-2026,Karachi,2026-06-11,degraded,microprice_minus_mid,120,all,0.0489316733923926,0.6896386464152164,-0.009576916068014819,0.9944911356540526,11
highest-temperature-in-karachi-on-june-11-2026,Karachi,2026-06-11,degraded,microprice_minus_mid,300,6-24h,0.10691556530732323,0.5251621504739868,-0.007482064054772155,0.9862853070464447,11
highest-temperature-in-karachi-on-june-11-2026,Karachi,2026-06-11,degraded,microprice_minus_mid,300,>24h,0.1401195024521575,0.6659614760734852,-0.01076569724216869,0.9819727105610689,11
highest-temperature-in-karachi-on-june-11-2026,Karachi,2026-06-11,degraded,microprice_minus_mid,300,all,0.06273392262346185,0.6027759539096175,-0.009483903561890845,0.9888360879797925,11
highest-temperature-in-karachi-on-june-11-2026,Karachi,2026-06-11,degraded,microprice_minus_mid,600,6-24h,0.10866477177965977,0.44585236781242066,-0.007260091405234482,0.9776572973764857,11
highest-temperature-in-karachi-on-june-11-2026,Karachi,2026-06-11,degraded,microprice_minus_mid,600,>24h,0.1456947712289907,0.5779497666551546,-0.010548717014293545,0.9753297301464895,11
highest-temperature-in-karachi-on-june-11-2026,Karachi,2026-06-11,degraded,microprice_minus_mid,600,all,0.06989262747035499,0.516381671620204,-0.009278171298378464,0.9841682676855978,11
highest-temperature-in-karachi-on-june-11-2026,Karachi,2026-06-11,degraded,microprice_minus_mid,900,6-24h,0.10847721891866126,0.3843878452484953,-0.0071876856780586,0.9622271012038435,11
highest-temperature-in-karachi-on-june-11-2026,Karachi,2026-06-11,degraded,microprice_minus_mid,900,>24h,0.15042407285408374,0.5211646171861258,-0.010425326206037809,0.973643968874794,11
highest-temperature-in-karachi-on-june-11-2026,Karachi,2026-06-11,degraded,microprice_minus_mid,900,all,0.07801919730652992,0.4556138275627424,-0.009191881635081492,0.9764066380601041,11
highest-temperature-in-kuala-lumpur-on-june-5-2026,Kuala Lumpur,2026-06-05,clean,depth_imbalance_1,30,1-6h,0.13460745266870772,0.5458812868118104,-0.043496461243485565,0.9972940841057601,5
highest-temperature-in-kuala-lumpur-on-june-5-2026,Kuala Lumpur,2026-06-05,clean,depth_imbalance_1,30,6-24h,0.10082269192181476,0.8114689559681714,-0.01249560553474269,0.9988863448064017,9
highest-temperature-in-kuala-lumpur-on-june-5-2026,Kuala Lumpur,2026-06-05,clean,depth_imbalance_1,30,>24h,0.039459367744864755,0.8388324876905009,-0.0077634028325635545,0.999305823085988,11
highest-temperature-in-kuala-lumpur-on-june-5-2026,Kuala Lumpur,2026-06-05,clean,depth_imbalance_1,30,all,0.054215359480907964,0.8227544427981645,-0.011918324915267455,0.9989284367649615,11
highest-temperature-in-kuala-lumpur-on-june-5-2026,Kuala Lumpur,2026-06-05,clean,depth_imbalance_1,60,1-6h,0.1455690039628705,0.4620983082826552,-0.042730564254217465,0.9943683602770704,5
highest-temperature-in-kuala-lumpur-on-june-5-2026,Kuala Lumpur,2026-06-05,clean,depth_imbalance_1,60,6-24h,0.12360347721137292,0.7614218551343733,-0.012489685802985956,0.9980673205096395,9
highest-temperature-in-kuala-lumpur-on-june-5-2026,Kuala Lumpur,2026-06-05,clean,depth_imbalance_1,60,>24h,0.04845215752155678,0.8046521603477225,-0.0077720713842682814,0.9989568701504422,11
highest-temperature-in-kuala-lumpur-on-june-5-2026,Kuala Lumpur,2026-06-05,clean,depth_imbalance_1,60,all,0.07045245665978221,0.7851313811838675,-0.011820807233895246,0.9982341871254825,11
highest-temperature-in-kuala-lumpur-on-june-5-2026,Kuala Lumpur,2026-06-05,clean,depth_imbalance_1,120,1-6h,0.15984977308076595,0.3712468673667186,-0.04317679445501652,0.9904573396952479,5
highest-temperature-in-kuala-lumpur-on-june-5-2026,Kuala Lumpur,2026-06-05,clean,depth_imbalance_1,120,6-24h,0.1398014326787639,0.700312957612799,-0.01230062652270799,0.9941479763714014,9
highest-temperature-in-kuala-lumpur-on-june-5-2026,Kuala Lumpur,2026-06-05,clean,depth_imbalance_1,120,>24h,0.04800794173747192,0.7609948639387004,-0.00779339105149611,0.9983710137514721,11
highest-temperature-in-kuala-lumpur-on-june-5-2026,Kuala Lumpur,2026-06-05,clean,depth_imbalance_1,120,all,0.0783937142747336,0.738921052238437,-0.011788638497260938,0.9965842493638895,11
highest-temperature-in-kuala-lumpur-on-june-5-2026,Kuala Lumpur,2026-06-05,clean,depth_imbalance_1,300,1-6h,0.17522298555775145,0.25787011666642534,-0.040280706144706864,0.9763313705216436,5
highest-temperature-in-kuala-lumpur-on-june-5-2026,Kuala Lumpur,2026-06-05,clean,depth_imbalance_1,300,6-24h,0.13480418534778646,0.6174976151457399,-0.012518924142918378,0.9880295432344572,9
highest-temperature-in-kuala-lumpur-on-june-5-2026,Kuala Lumpur,2026-06-05,clean,depth_imbalance_1,300,>24h,0.04061726167143595,0.6949990704980306,-0.007905344061498844,0.9972074936936387,11
highest-temperature-in-kuala-lumpur-on-june-5-2026,Kuala Lumpur,2026-06-05,clean,depth_imbalance_1,300,all,0.07855583696668945,0.6713476939521078,-0.011595951910621138,0.9928747728866643,11
highest-temperature-in-kuala-lumpur-on-june-5-2026,Kuala Lumpur,2026-06-05,clean,depth_imbalance_1,600,1-6h,0.12402679323595782,0.15631141963134548,-0.043110599464578306,0.940024268541895,5
highest-temperature-in-kuala-lumpur-on-june-5-2026,Kuala Lumpur,2026-06-05,clean,depth_imbalance_1,600,6-24h,0.16298820665757946,0.5309567367306527,-0.011973533516314187,0.9810589872402914,9
highest-temperature-in-kuala-lumpur-on-june-5-2026,Kuala Lumpur,2026-06-05,clean,depth_imbalance_1,600,>24h,0.0380613280968865,0.6089695982490803,-0.008055028029305173,0.9960112536303417,11
highest-temperature-in-kuala-lumpur-on-june-5-2026,Kuala Lumpur,2026-06-05,clean,depth_imbalance_1,600,all,0.08482542421975335,0.5983568031736795,-0.011640145654924283,0.9881613874661045,11
highest-temperature-in-kuala-lumpur-on-june-5-2026,Kuala Lumpur,2026-06-05,clean,depth_imbalance_1,900,1-6h,0.13271926492996175,0.11464462029907044,-0.04490921122590486,0.9137223055724784,5
highest-temperature-in-kuala-lumpur-on-june-5-2026,Kuala Lumpur,2026-06-05,clean,depth_imbalance_1,900,6-24h,0.15398619960201523,0.4814535485513773,-0.012313570139510779,0.9633486152522285,9
highest-temperature-in-kuala-lumpur-on-june-5-2026,Kuala Lumpur,2026-06-05,clean,depth_imbalance_1,900,>24h,0.03813594340651336,0.5662322030201241,-0.007967209994631519,0.9932906173604603,11
highest-temperature-in-kuala-lumpur-on-june-5-2026,Kuala Lumpur,2026-06-05,clean,depth_imbalance_1,900,all,0.07787480705065972,0.5598850867801773,-0.011769849003571727,0.9800112416985453,11
highest-temperature-in-kuala-lumpur-on-june-5-2026,Kuala Lumpur,2026-06-05,clean,microprice_minus_mid,30,1-6h,0.076691811242536,0.5458812868118104,-0.0434032007905037,0.9972940841057601,5
highest-temperature-in-kuala-lumpur-on-june-5-2026,Kuala Lumpur,2026-06-05,clean,microprice_minus_mid,30,6-24h,0.06573171251120594,0.8114689559681714,-0.012490487284872,0.9988863448064017,9
highest-temperature-in-kuala-lumpur-on-june-5-2026,Kuala Lumpur,2026-06-05,clean,microprice_minus_mid,30,>24h,0.031909628124385275,0.8388324876905009,-0.007765306948604837,0.999305823085988,11
highest-temperature-in-kuala-lumpur-on-june-5-2026,Kuala Lumpur,2026-06-05,clean,microprice_minus_mid,30,all,0.043014383454300975,0.8227544427981645,-0.011921930446441954,0.9989284367649615,11
highest-temperature-in-kuala-lumpur-on-june-5-2026,Kuala Lumpur,2026-06-05,clean,microprice_minus_mid,60,1-6h,0.058594877403483105,0.4620983082826552,-0.0426538841913717,0.9943683602770704,5
highest-temperature-in-kuala-lumpur-on-june-5-2026,Kuala Lumpur,2026-06-05,clean,microprice_minus_mid,60,6-24h,0.08394076031758335,0.7614218551343733,-0.012483362482008722,0.9980673205096395,9
highest-temperature-in-kuala-lumpur-on-june-5-2026,Kuala Lumpur,2026-06-05,clean,microprice_minus_mid,60,>24h,0.040715517114062315,0.8046521603477225,-0.007774484381949282,0.9989568701504422,11
highest-temperature-in-kuala-lumpur-on-june-5-2026,Kuala Lumpur,2026-06-05,clean,microprice_minus_mid,60,all,0.05469450688144491,0.7851313811838675,-0.011825974664602563,0.9982341871254825,11
highest-temperature-in-kuala-lumpur-on-june-5-2026,Kuala Lumpur,2026-06-05,clean,microprice_minus_mid,120,1-6h,0.03555377979797334,0.3712468673667186,-0.04315573191196328,0.9904573396952479,5
highest-temperature-in-kuala-lumpur-on-june-5-2026,Kuala Lumpur,2026-06-05,clean,microprice_minus_mid,120,6-24h,0.10148432087030393,0.700312957612799,-0.01229759314182289,0.9941479763714014,9
highest-temperature-in-kuala-lumpur-on-june-5-2026,Kuala Lumpur,2026-06-05,clean,microprice_minus_mid,120,>24h,0.04493611974156444,0.7609948639387004,-0.0077970587308581,0.9983710137514721,11
highest-temperature-in-kuala-lumpur-on-june-5-2026,Kuala Lumpur,2026-06-05,clean,microprice_minus_mid,120,all,0.0625381984857146,0.738921052238437,-0.011802256742653255,0.9965842493638895,11
highest-temperature-in-kuala-lumpur-on-june-5-2026,Kuala Lumpur,2026-06-05,clean,microprice_minus_mid,300,1-6h,0.01689257653470868,0.25787011666642534,-0.04026237173940532,0.9763313705216436,5
highest-temperature-in-kuala-lumpur-on-june-5-2026,Kuala Lumpur,2026-06-05,clean,microprice_minus_mid,300,6-24h,0.07726651257816125,0.6174976151457399,-0.012519327518139488,0.9880295432344572,9
highest-temperature-in-kuala-lumpur-on-june-5-2026,Kuala Lumpur,2026-06-05,clean,microprice_minus_mid,300,>24h,0.044901013443392396,0.6949990704980306,-0.007908133645830682,0.9972074936936387,11
highest-temperature-in-kuala-lumpur-on-june-5-2026,Kuala Lumpur,2026-06-05,clean,microprice_minus_mid,300,all,0.061120238096697393,0.6713476939521078,-0.011611000809417937,0.9928747728866643,11
highest-temperature-in-kuala-lumpur-on-june-5-2026,Kuala Lumpur,2026-06-05,clean,microprice_minus_mid,600,1-6h,-0.08078233933407042,0.15631141963134548,-0.04315104117490838,0.940024268541895,5
highest-temperature-in-kuala-lumpur-on-june-5-2026,Kuala Lumpur,2026-06-05,clean,microprice_minus_mid,600,6-24h,0.10434524840202622,0.5309567367306527,-0.011974704997993323,0.9810589872402914,9
highest-temperature-in-kuala-lumpur-on-june-5-2026,Kuala Lumpur,2026-06-05,clean,microprice_minus_mid,600,>24h,0.04259321158535309,0.6089695982490803,-0.008054198751676055,0.9960112536303417,11
highest-temperature-in-kuala-lumpur-on-june-5-2026,Kuala Lumpur,2026-06-05,clean,microprice_minus_mid,600,all,0.07038096444282066,0.5983568031736795,-0.011658339049831245,0.9881613874661045,11
highest-temperature-in-kuala-lumpur-on-june-5-2026,Kuala Lumpur,2026-06-05,clean,microprice_minus_mid,900,1-6h,-0.05736871625368249,0.11464462029907044,-0.044967939246931696,0.9137223055724784,5
highest-temperature-in-kuala-lumpur-on-june-5-2026,Kuala Lumpur,2026-06-05,clean,microprice_minus_mid,900,6-24h,0.09587236770219885,0.4814535485513773,-0.012311439303026223,0.9633486152522285,9
highest-temperature-in-kuala-lumpur-on-june-5-2026,Kuala Lumpur,2026-06-05,clean,microprice_minus_mid,900,>24h,0.05077534268855406,0.5662322030201241,-0.007968164068961626,0.9932906173604603,11
highest-temperature-in-kuala-lumpur-on-june-5-2026,Kuala Lumpur,2026-06-05,clean,microprice_minus_mid,900,all,0.07407486444960802,0.5598850867801773,-0.011789226382325253,0.9800112416985453,11
highest-temperature-in-london-on-june-4-2026,London,2026-06-04,clean,depth_imbalance_1,30,1-6h,0.18185498239117479,0.734370583428857,-0.004184111890907667,0.9333148104067064,9
highest-temperature-in-london-on-june-4-2026,London,2026-06-04,clean,depth_imbalance_1,30,6-24h,0.0833073801978756,0.9226600113285917,-0.0033052775997348444,0.9996865506855054,9
highest-temperature-in-london-on-june-4-2026,London,2026-06-04,clean,depth_imbalance_1,30,<1h,0.14992374598425626,0.6343232796419922,-0.006337572349319781,0.9749959180908384,5
highest-temperature-in-london-on-june-4-2026,London,2026-06-04,clean,depth_imbalance_1,30,all,0.0809347656938128,0.8123440203900624,-0.004114852113297967,0.9960480790699887,9
highest-temperature-in-london-on-june-4-2026,London,2026-06-04,clean,depth_imbalance_1,60,1-6h,0.16281755419318417,0.6161977294576501,-0.004064132344290122,0.9048005174497527,9
highest-temperature-in-london-on-june-4-2026,London,2026-06-04,clean,depth_imbalance_1,60,6-24h,0.10162308852900222,0.8925688138629209,-0.0032890524381314666,0.9994184540290796,9
highest-temperature-in-london-on-june-4-2026,London,2026-06-04,clean,depth_imbalance_1,60,<1h,0.17191570189445754,0.5306823117898949,-0.00648061311661304,0.9447613975914952,5
highest-temperature-in-london-on-june-4-2026,London,2026-06-04,clean,depth_imbalance_1,60,all,0.09023748056781965,0.7523001166084532,-0.004060050617998078,0.9929888999454712,9
highest-temperature-in-london-on-june-4-2026,London,2026-06-04,clean,depth_imbalance_1,120,1-6h,0.16489612162550177,0.5935316651587897,-0.004451879648643488,0.8661826626029978,9
highest-temperature-in-london-on-june-4-2026,London,2026-06-04,clean,depth_imbalance_1,120,6-24h,0.12430546058508715,0.8530851900911071,-0.003214183794020711,0.9989519554305257,9
highest-temperature-in-london-on-june-4-2026,London,2026-06-04,clean,depth_imbalance_1,120,<1h,0.15853856485057913,0.43907075018185315,-0.00666687205939614,0.9051077422849382,5
highest-temperature-in-london-on-june-4-2026,London,2026-06-04,clean,depth_imbalance_1,120,all,0.10122881301192733,0.6816056623694018,-0.0040355582327993335,0.9877608114056409,9
highest-temperature-in-london-on-june-4-2026,London,2026-06-04,clean,depth_imbalance_1,300,1-6h,0.17992912963249255,0.42650968442989434,-0.0041674697444886374,0.8480085188131208,9
highest-temperature-in-london-on-june-4-2026,London,2026-06-04,clean,depth_imbalance_1,300,6-24h,0.15068667060737842,0.763291141058598,-0.0030337168904205443,0.997499402430728,9
highest-temperature-in-london-on-june-4-2026,London,2026-06-04,clean,depth_imbalance_1,300,<1h,0.014954365176306971,0.17558516545463354,-0.0110194709531958,0.7351266972585985,5
highest-temperature-in-london-on-june-4-2026,London,2026-06-04,clean,depth_imbalance_1,300,all,0.07777266677130872,0.5599519512410951,-0.004145842267320833,0.9747962912830795,9
highest-temperature-in-london-on-june-4-2026,London,2026-06-04,clean,depth_imbalance_1,600,1-6h,0.14890285793437563,0.3166093535064388,-0.0046043349150113,0.8200884736252229,9
highest-temperature-in-london-on-june-4-2026,London,2026-06-04,clean,depth_imbalance_1,600,6-24h,0.1555482672059857,0.6666623559960336,-0.0026892439125673112,0.9911559747733834,9
highest-temperature-in-london-on-june-4-2026,London,2026-06-04,clean,depth_imbalance_1,600,<1h,-0.0539750300142046,0.1277032213569872,-0.013708708214509325,0.6945354671774078,5
highest-temperature-in-london-on-june-4-2026,London,2026-06-04,clean,depth_imbalance_1,600,all,0.06501823315323063,0.47242844294781705,-0.004583414998103688,0.9535996770963693,9
highest-temperature-in-london-on-june-4-2026,London,2026-06-04,clean,depth_imbalance_1,900,1-6h,0.15687997948745452,0.26559751765996426,-0.004508041067291563,0.7895768864159883,9
highest-temperature-in-london-on-june-4-2026,London,2026-06-04,clean,depth_imbalance_1,900,6-24h,0.15297893368003532,0.5949445891842542,-0.002543424582855989,0.984922867597036,9
highest-temperature-in-london-on-june-4-2026,London,2026-06-04,clean,depth_imbalance_1,900,<1h,-0.09962560921933566,0.06363878381494055,-0.016336563583931926,0.6269992767295882,5
highest-temperature-in-london-on-june-4-2026,London,2026-06-04,clean,depth_imbalance_1,900,all,0.06690799697164732,0.4227512681529595,-0.004699047807271611,0.9290691667616776,9
highest-temperature-in-london-on-june-4-2026,London,2026-06-04,clean,microprice_minus_mid,30,1-6h,0.21572117037932814,0.734370583428857,-0.004190543379008478,0.9333148104067064,9
highest-temperature-in-london-on-june-4-2026,London,2026-06-04,clean,microprice_minus_mid,30,6-24h,0.0577946619055884,0.9226600113285917,-0.0033055446675658777,0.9996865506855054,9
highest-temperature-in-london-on-june-4-2026,London,2026-06-04,clean,microprice_minus_mid,30,<1h,0.08189079029029002,0.6343232796419922,-0.0063665992038823005,0.9749959180908384,5
highest-temperature-in-london-on-june-4-2026,London,2026-06-04,clean,microprice_minus_mid,30,all,0.07219001084981784,0.8123440203900624,-0.004121768619023044,0.9960480790699887,9
highest-temperature-in-london-on-june-4-2026,London,2026-06-04,clean,microprice_minus_mid,60,1-6h,0.13234976019793976,0.6161977294576501,-0.004069903212239733,0.9048005174497527,9
highest-temperature-in-london-on-june-4-2026,London,2026-06-04,clean,microprice_minus_mid,60,6-24h,0.07517731528534777,0.8925688138629209,-0.0032893382237672774,0.9994184540290796,9
highest-temperature-in-london-on-june-4-2026,London,2026-06-04,clean,microprice_minus_mid,60,<1h,0.06972414683544029,0.5306823117898949,-0.00650662843112768,0.9447613975914952,5
highest-temperature-in-london-on-june-4-2026,London,2026-06-04,clean,microprice_minus_mid,60,all,0.0789285524054943,0.7523001166084532,-0.004066273456164834,0.9929888999454712,9
highest-temperature-in-london-on-june-4-2026,London,2026-06-04,clean,microprice_minus_mid,120,1-6h,0.1205189046408791,0.5935316651587897,-0.004458382741047975,0.8661826626029978,9
highest-temperature-in-london-on-june-4-2026,London,2026-06-04,clean,microprice_minus_mid,120,6-24h,0.10058712289932903,0.8530851900911071,-0.003214497946712989,0.9989519554305257,9
highest-temperature-in-london-on-june-4-2026,London,2026-06-04,clean,microprice_minus_mid,120,<1h,0.032854312455497046,0.43907075018185315,-0.00669883003397156,0.9051077422849382,5
highest-temperature-in-london-on-june-4-2026,London,2026-06-04,clean,microprice_minus_mid,120,all,0.06357423525160373,0.6816056623694018,-0.004042254244470044,0.9877608114056409,9
highest-temperature-in-london-on-june-4-2026,London,2026-06-04,clean,microprice_minus_mid,300,1-6h,0.12365293243981212,0.42650968442989434,-0.004171825153562387,0.8480085188131208,9
highest-temperature-in-london-on-june-4-2026,London,2026-06-04,clean,microprice_minus_mid,300,6-24h,0.11312960240441416,0.763291141058598,-0.003034043558061422,0.997499402430728,9
highest-temperature-in-london-on-june-4-2026,London,2026-06-04,clean,microprice_minus_mid,300,<1h,-0.08096786558774724,0.17558516545463354,-0.011044139550417826,0.7351266972585985,5
highest-temperature-in-london-on-june-4-2026,London,2026-06-04,clean,microprice_minus_mid,300,all,0.028831710610057223,0.5599519512410951,-0.004150165528246278,0.9747962912830795,9
highest-temperature-in-london-on-june-4-2026,London,2026-06-04,clean,microprice_minus_mid,600,1-6h,0.07323217685856921,0.3166093535064388,-0.004611404816771662,0.8200884736252229,9
highest-temperature-in-london-on-june-4-2026,London,2026-06-04,clean,microprice_minus_mid,600,6-24h,0.11387513723688208,0.6666623559960336,-0.0026902141131995667,0.9911559747733834,9
highest-temperature-in-london-on-june-4-2026,London,2026-06-04,clean,microprice_minus_mid,600,<1h,-0.09022011297756319,0.1277032213569872,-0.01374061302069065,0.6945354671774078,5
highest-temperature-in-london-on-june-4-2026,London,2026-06-04,clean,microprice_minus_mid,600,all,0.007290825577754574,0.47242844294781705,-0.004589451132309155,0.9535996770963693,9
highest-temperature-in-london-on-june-4-2026,London,2026-06-04,clean,microprice_minus_mid,900,1-6h,0.07174363558689946,0.26559751765996426,-0.004512743689243813,0.7895768864159883,9
highest-temperature-in-london-on-june-4-2026,London,2026-06-04,clean,microprice_minus_mid,900,6-24h,0.11655779833641908,0.5949445891842542,-0.0025451596630699114,0.984922867597036,9
highest-temperature-in-london-on-june-4-2026,London,2026-06-04,clean,microprice_minus_mid,900,<1h,-0.11540356015981569,0.06363878381494055,-0.01636641104248615,0.6269992767295882,5
highest-temperature-in-london-on-june-4-2026,London,2026-06-04,clean,microprice_minus_mid,900,all,0.007745611464648805,0.4227512681529595,-0.004704353648469622,0.9290691667616776,9
highest-temperature-in-los-angeles-on-june-4-2026,Los Angeles,2026-06-04,clean,depth_imbalance_1,30,1-6h,0.06952847628437304,0.647879119217419,-0.01695893052057758,0.8192771084337349,6
highest-temperature-in-los-angeles-on-june-4-2026,Los Angeles,2026-06-04,clean,depth_imbalance_1,30,6-24h,0.26574667028572835,0.8029388590064552,-0.0060268368965724715,0.9390147768927751,7
highest-temperature-in-los-angeles-on-june-4-2026,Los Angeles,2026-06-04,clean,depth_imbalance_1,30,<1h,0.2073986798185169,0.6749581216110949,-0.0184098922051531,0.9545856867914695,4
highest-temperature-in-los-angeles-on-june-4-2026,Los Angeles,2026-06-04,clean,depth_imbalance_1,30,all,0.11117807163849124,0.7643648702239839,-0.00999574909439337,0.8233428164835424,8
highest-temperature-in-los-angeles-on-june-4-2026,Los Angeles,2026-06-04,clean,depth_imbalance_1,60,1-6h,0.08153942181552623,0.5749384705553899,-0.016669480310114622,0.820237471625633,6
highest-temperature-in-los-angeles-on-june-4-2026,Los Angeles,2026-06-04,clean,depth_imbalance_1,60,6-24h,0.16375445368305253,0.7638206863124088,-0.005918029314538785,0.9395640701409446,7
highest-temperature-in-los-angeles-on-june-4-2026,Los Angeles,2026-06-04,clean,depth_imbalance_1,60,<1h,0.2214993325227788,0.6348567816103258,-0.01829117031141195,0.9192035921418887,4
highest-temperature-in-los-angeles-on-june-4-2026,Los Angeles,2026-06-04,clean,depth_imbalance_1,60,all,0.12829097190094213,0.7146096975442725,-0.009839932750572728,0.8260310731536596,8
highest-temperature-in-los-angeles-on-june-4-2026,Los Angeles,2026-06-04,clean,depth_imbalance_1,120,1-6h,0.1430587694771373,0.4848739575838211,-0.0163027699611458,0.820848611838659,6
highest-temperature-in-los-angeles-on-june-4-2026,Los Angeles,2026-06-04,clean,depth_imbalance_1,120,6-24h,0.17264320581393464,0.7111063148865265,-0.005742360179422644,0.9131590261102857,7
highest-temperature-in-los-angeles-on-june-4-2026,Los Angeles,2026-06-04,clean,depth_imbalance_1,120,<1h,0.13886071455825305,0.652040917102864,-0.0184421065428591,0.8028703422262995,4
highest-temperature-in-los-angeles-on-june-4-2026,Los Angeles,2026-06-04,clean,depth_imbalance_1,120,all,0.14517143364324467,0.6481223486501216,-0.009627088482246943,0.809987043186066,8
highest-temperature-in-los-angeles-on-june-4-2026,Los Angeles,2026-06-04,clean,depth_imbalance_1,300,1-6h,0.21240956625459106,0.34792229553691834,-0.01580900161696358,0.8093242535358827,6
highest-temperature-in-los-angeles-on-june-4-2026,Los Angeles,2026-06-04,clean,depth_imbalance_1,300,6-24h,0.20334577565672274,0.6211104685574557,-0.005420669410109186,0.9006156177873975,7
highest-temperature-in-los-angeles-on-june-4-2026,Los Angeles,2026-06-04,clean,depth_imbalance_1,300,<1h,0.2500959472245295,0.5493671537870415,-0.01772027668878755,0.7454165026310817,4
highest-temperature-in-los-angeles-on-june-4-2026,Los Angeles,2026-06-04,clean,depth_imbalance_1,300,all,0.20463022838601022,0.5342489642592758,-0.009314641114164057,0.8026868917034102,8
highest-temperature-in-los-angeles-on-june-4-2026,Los Angeles,2026-06-04,clean,depth_imbalance_1,600,1-6h,0.17186918005002666,0.2499325704064213,-0.01654340244072382,0.8069669984284967,6
highest-temperature-in-los-angeles-on-june-4-2026,Los Angeles,2026-06-04,clean,depth_imbalance_1,600,6-24h,0.22185922912683873,0.536736496371993,-0.004404762246900086,0.8418089716076746,7
highest-temperature-in-los-angeles-on-june-4-2026,Los Angeles,2026-06-04,clean,depth_imbalance_1,600,<1h,0.29358251712337785,0.3807654962509857,-0.016550370872912175,0.6577513206567014,4
highest-temperature-in-los-angeles-on-june-4-2026,Los Angeles,2026-06-04,clean,depth_imbalance_1,600,all,0.19839738874775206,0.4354992291237467,-0.0091520614919202,0.7696888997285108,8
highest-temperature-in-los-angeles-on-june-4-2026,Los Angeles,2026-06-04,clean,depth_imbalance_1,900,1-6h,0.09249408868037426,0.22750163418094588,-0.01601321111577974,0.7775449624585299,6
highest-temperature-in-los-angeles-on-june-4-2026,Los Angeles,2026-06-04,clean,depth_imbalance_1,900,6-24h,0.2611404135431458,0.5000089456871697,-0.004114304411335258,0.7877762952580377,7
highest-temperature-in-los-angeles-on-june-4-2026,Los Angeles,2026-06-04,clean,depth_imbalance_1,900,<1h,0.2779705389775673,0.29337650885042665,-0.0167687379668884,0.5639537518849891,4
highest-temperature-in-los-angeles-on-june-4-2026,Los Angeles,2026-06-04,clean,depth_imbalance_1,900,all,0.1642080887125161,0.40504682342203846,-0.008797839688265656,0.7290574165735875,8
highest-temperature-in-los-angeles-on-june-4-2026,Los Angeles,2026-06-04,clean,microprice_minus_mid,30,1-6h,0.09248870292488823,0.647879119217419,-0.016969524764405518,0.8192771084337349,6
highest-temperature-in-los-angeles-on-june-4-2026,Los Angeles,2026-06-04,clean,microprice_minus_mid,30,6-24h,0.2892921512710833,0.8029388590064552,-0.006026326959234286,0.9390147768927751,7
highest-temperature-in-los-angeles-on-june-4-2026,Los Angeles,2026-06-04,clean,microprice_minus_mid,30,<1h,0.12340313554618981,0.6749581216110949,-0.018413118537290878,0.9545856867914695,4
highest-temperature-in-los-angeles-on-june-4-2026,Los Angeles,2026-06-04,clean,microprice_minus_mid,30,all,0.1303134409125362,0.7643648702239839,-0.010000914317153485,0.8233428164835424,8
highest-temperature-in-los-angeles-on-june-4-2026,Los Angeles,2026-06-04,clean,microprice_minus_mid,60,1-6h,0.09829904209423784,0.5749384705553899,-0.01668104389755328,0.820237471625633,6
highest-temperature-in-los-angeles-on-june-4-2026,Los Angeles,2026-06-04,clean,microprice_minus_mid,60,6-24h,0.17892456360106732,0.7638206863124088,-0.0059188284493343,0.9395640701409446,7
highest-temperature-in-los-angeles-on-june-4-2026,Los Angeles,2026-06-04,clean,microprice_minus_mid,60,<1h,0.10740007974541638,0.6348567816103258,-0.0182911661129867,0.9192035921418887,4
highest-temperature-in-los-angeles-on-june-4-2026,Los Angeles,2026-06-04,clean,microprice_minus_mid,60,all,0.14015572161566495,0.7146096975442725,-0.009845888338004542,0.8260310731536596,8
highest-temperature-in-los-angeles-on-june-4-2026,Los Angeles,2026-06-04,clean,microprice_minus_mid,120,1-6h,0.14746598515288123,0.4848739575838211,-0.01631629108423096,0.820848611838659,6
highest-temperature-in-los-angeles-on-june-4-2026,Los Angeles,2026-06-04,clean,microprice_minus_mid,120,6-24h,0.18837442563429305,0.7111063148865265,-0.005743573929030714,0.9131590261102857,7
highest-temperature-in-los-angeles-on-june-4-2026,Los Angeles,2026-06-04,clean,microprice_minus_mid,120,<1h,0.013669318294125682,0.652040917102864,-0.01844564949396035,0.8028703422262995,4
highest-temperature-in-los-angeles-on-june-4-2026,Los Angeles,2026-06-04,clean,microprice_minus_mid,120,all,0.1608582282868983,0.6481223486501216,-0.009633809252702057,0.809987043186066,8
highest-temperature-in-los-angeles-on-june-4-2026,Los Angeles,2026-06-04,clean,microprice_minus_mid,300,1-6h,0.1983424742461108,0.34792229553691834,-0.01582001013608842,0.8093242535358827,6
highest-temperature-in-los-angeles-on-june-4-2026,Los Angeles,2026-06-04,clean,microprice_minus_mid,300,6-24h,0.18687046874367963,0.6211104685574557,-0.005422504839782458,0.9006156177873975,7
highest-temperature-in-los-angeles-on-june-4-2026,Los Angeles,2026-06-04,clean,microprice_minus_mid,300,<1h,0.0711393916479515,0.5493671537870415,-0.01772370023743125,0.7454165026310817,4
highest-temperature-in-los-angeles-on-june-4-2026,Los Angeles,2026-06-04,clean,microprice_minus_mid,300,all,0.2074804948903191,0.5342489642592758,-0.009320843779492957,0.8026868917034102,8
highest-temperature-in-los-angeles-on-june-4-2026,Los Angeles,2026-06-04,clean,microprice_minus_mid,600,1-6h,0.13427436358564016,0.2499325704064213,-0.016552300840585798,0.8069669984284967,6
highest-temperature-in-los-angeles-on-june-4-2026,Los Angeles,2026-06-04,clean,microprice_minus_mid,600,6-24h,0.22740729079356536,0.536736496371993,-0.004401054613894986,0.8418089716076746,7
highest-temperature-in-los-angeles-on-june-4-2026,Los Angeles,2026-06-04,clean,microprice_minus_mid,600,<1h,0.01007241447624066,0.3807654962509857,-0.016555881738560752,0.6577513206567014,4
highest-temperature-in-los-angeles-on-june-4-2026,Los Angeles,2026-06-04,clean,microprice_minus_mid,600,all,0.18925540814795921,0.4354992291237467,-0.009155792055996485,0.7696888997285108,8
highest-temperature-in-los-angeles-on-june-4-2026,Los Angeles,2026-06-04,clean,microprice_minus_mid,900,1-6h,0.07605670748883399,0.22750163418094588,-0.01602680776508062,0.7775449624585299,6
highest-temperature-in-los-angeles-on-june-4-2026,Los Angeles,2026-06-04,clean,microprice_minus_mid,900,6-24h,0.2543694285792772,0.5000089456871697,-0.0041090389279123144,0.7877762952580377,7
highest-temperature-in-los-angeles-on-june-4-2026,Los Angeles,2026-06-04,clean,microprice_minus_mid,900,<1h,-0.01460321260421097,0.29337650885042665,-0.016778330107933725,0.5639537518849891,4
highest-temperature-in-los-angeles-on-june-4-2026,Los Angeles,2026-06-04,clean,microprice_minus_mid,900,all,0.16174752503021955,0.40504682342203846,-0.008802677378629957,0.7290574165735875,8
highest-temperature-in-lucknow-on-june-4-2026,Lucknow,2026-06-04,clean,depth_imbalance_1,30,1-6h,0.13506504457216817,0.5697287157638835,-0.005224719335522067,0.9968089606761721,3
highest-temperature-in-lucknow-on-june-4-2026,Lucknow,2026-06-04,clean,depth_imbalance_1,30,6-24h,0.0919433726802405,0.7518647097911165,-0.006883512593860233,1.0,3
highest-temperature-in-lucknow-on-june-4-2026,Lucknow,2026-06-04,clean,depth_imbalance_1,30,<1h,-0.34071153991510683,0.8327669215519683,-0.0010680897762673,0.9864417989417991,2
highest-temperature-in-lucknow-on-june-4-2026,Lucknow,2026-06-04,clean,depth_imbalance_1,30,all,0.08909796908227176,0.6814228330801938,-0.006276555567774699,0.9988204130229802,3
highest-temperature-in-lucknow-on-june-4-2026,Lucknow,2026-06-04,clean,depth_imbalance_1,60,1-6h,0.1411924257638746,0.52136084212479,-0.0052338199989908326,0.9953122993821356,3
highest-temperature-in-lucknow-on-june-4-2026,Lucknow,2026-06-04,clean,depth_imbalance_1,60,6-24h,0.11044061041575266,0.7075281545262769,-0.006914732421881867,1.0,3
highest-temperature-in-lucknow-on-june-4-2026,Lucknow,2026-06-04,clean,depth_imbalance_1,60,<1h,-0.39910378934197965,0.7858228211009175,-0.00105045154816515,0.9804343033509699,2
highest-temperature-in-lucknow-on-june-4-2026,Lucknow,2026-06-04,clean,depth_imbalance_1,60,all,0.10150414536095642,0.6355484531148688,-0.00630101892307,0.9982678243591696,3
highest-temperature-in-lucknow-on-june-4-2026,Lucknow,2026-06-04,clean,depth_imbalance_1,120,1-6h,0.1868471857636982,0.4430802140240117,-0.004983566933395033,0.9958393475160853,3
highest-temperature-in-lucknow-on-june-4-2026,Lucknow,2026-06-04,clean,depth_imbalance_1,120,6-24h,0.11853538781133377,0.6413387791296684,-0.006981046809996168,1.0,3
highest-temperature-in-lucknow-on-june-4-2026,Lucknow,2026-06-04,clean,depth_imbalance_1,120,<1h,-0.3947403848765362,0.7614193925233645,-0.0010773364485981,0.9715057319223985,2
highest-temperature-in-lucknow-on-june-4-2026,Lucknow,2026-06-04,clean,depth_imbalance_1,120,all,0.11734985481866882,0.5647762054919588,-0.0062545188508934665,0.9984490281078129,3
highest-temperature-in-lucknow-on-june-4-2026,Lucknow,2026-06-04,clean,depth_imbalance_1,300,1-6h,0.2198807593456991,0.35022858827990566,-0.004890299235129767,0.9979591054939213,3
highest-temperature-in-lucknow-on-june-4-2026,Lucknow,2026-06-04,clean,depth_imbalance_1,300,6-24h,0.027811125931792368,0.5298220324888402,-0.007141555476042467,1.0,3
highest-temperature-in-lucknow-on-june-4-2026,Lucknow,2026-06-04,clean,depth_imbalance_1,300,<1h,-0.3533784151327575,0.698897565457051,-0.0011695299341600999,0.9486882716049383,2
highest-temperature-in-lucknow-on-june-4-2026,Lucknow,2026-06-04,clean,depth_imbalance_1,300,all,0.0535668897993386,0.4615218518115694,-0.0063192439212996,0.9991555742602447,3
highest-temperature-in-lucknow-on-june-4-2026,Lucknow,2026-06-04,clean,depth_imbalance_1,600,1-6h,0.28607251787214755,0.28323725861960897,-0.004232873689711367,0.9976271817243184,3
highest-temperature-in-lucknow-on-june-4-2026,Lucknow,2026-06-04,clean,depth_imbalance_1,600,6-24h,-0.010470141928480038,0.4112278878727012,-0.0072514559890256335,1.0,3
highest-temperature-in-lucknow-on-june-4-2026,Lucknow,2026-06-04,clean,depth_imbalance_1,600,<1h,-0.3494287373571338,0.6121448579431773,-0.0012382452981192001,0.9090608465608465,2
highest-temperature-in-lucknow-on-june-4-2026,Lucknow,2026-06-04,clean,depth_imbalance_1,600,all,0.03116120091590494,0.3627670907976011,-0.0061451970392979,0.998921292776673,3
highest-temperature-in-lucknow-on-june-4-2026,Lucknow,2026-06-04,clean,depth_imbalance_1,900,1-6h,0.2834743319869449,0.23139736831065147,-0.003908785029593066,0.9966813517881637,3
highest-temperature-in-lucknow-on-june-4-2026,Lucknow,2026-06-04,clean,depth_imbalance_1,900,6-24h,-0.04894924149502616,0.35486238011951626,-0.0073080872105421,1.0,3
highest-temperature-in-lucknow-on-june-4-2026,Lucknow,2026-06-04,clean,depth_imbalance_1,900,<1h,-0.26869051892590395,0.35611510791366907,-0.0016347772845553,0.8486552028218695,2
highest-temperature-in-lucknow-on-june-4-2026,Lucknow,2026-06-04,clean,depth_imbalance_1,900,all,0.007358625591397365,0.30859117366294997,-0.006055604252237233,0.9984416211351504,3
highest-temperature-in-lucknow-on-june-4-2026,Lucknow,2026-06-04,clean,microprice_minus_mid,30,1-6h,0.10079256158801113,0.5697287157638835,-0.005249147111003699,0.9968089606761721,3
highest-temperature-in-lucknow-on-june-4-2026,Lucknow,2026-06-04,clean,microprice_minus_mid,30,6-24h,0.019024177128598798,0.7518647097911165,-0.006913448501168834,1.0,3
highest-temperature-in-lucknow-on-june-4-2026,Lucknow,2026-06-04,clean,microprice_minus_mid,30,<1h,-0.32225681773015413,0.8327669215519683,-0.0010680897762673,0.9864417989417991,2
highest-temperature-in-lucknow-on-june-4-2026,Lucknow,2026-06-04,clean,microprice_minus_mid,30,all,0.02722973555643557,0.6814228330801938,-0.006306430067060001,0.9988204130229802,3
highest-temperature-in-lucknow-on-june-4-2026,Lucknow,2026-06-04,clean,microprice_minus_mid,60,1-6h,0.10991510408363232,0.52136084212479,-0.005296631013085833,0.9953122993821356,3
highest-temperature-in-lucknow-on-june-4-2026,Lucknow,2026-06-04,clean,microprice_minus_mid,60,6-24h,0.015842264624034975,0.7075281545262769,-0.006948476479627367,1.0,3
highest-temperature-in-lucknow-on-june-4-2026,Lucknow,2026-06-04,clean,microprice_minus_mid,60,<1h,-0.3870959453350452,0.7858228211009175,-0.00105045154816515,0.9804343033509699,2
highest-temperature-in-lucknow-on-june-4-2026,Lucknow,2026-06-04,clean,microprice_minus_mid,60,all,0.014718059183929197,0.6355484531148688,-0.006347597388805699,0.9982678243591696,3
highest-temperature-in-lucknow-on-june-4-2026,Lucknow,2026-06-04,clean,microprice_minus_mid,120,1-6h,0.1536529256623858,0.4430802140240117,-0.0050729241524186995,0.9958393475160853,3
highest-temperature-in-lucknow-on-june-4-2026,Lucknow,2026-06-04,clean,microprice_minus_mid,120,6-24h,-0.009133328773380764,0.6413387791296684,-0.0070155491853813,1.0,3
highest-temperature-in-lucknow-on-june-4-2026,Lucknow,2026-06-04,clean,microprice_minus_mid,120,<1h,-0.3801075001413068,0.7614193925233645,-0.0010773364485981,0.9715057319223985,2
highest-temperature-in-lucknow-on-june-4-2026,Lucknow,2026-06-04,clean,microprice_minus_mid,120,all,0.016126245083588463,0.5647762054919588,-0.006312101835732466,0.9984490281078129,3
highest-temperature-in-lucknow-on-june-4-2026,Lucknow,2026-06-04,clean,microprice_minus_mid,300,1-6h,0.08646875241320306,0.35022858827990566,-0.004998527331270534,0.9979591054939213,3
highest-temperature-in-lucknow-on-june-4-2026,Lucknow,2026-06-04,clean,microprice_minus_mid,300,6-24h,-0.11628109213950726,0.5298220324888402,-0.0071769620191162,1.0,3
highest-temperature-in-lucknow-on-june-4-2026,Lucknow,2026-06-04,clean,microprice_minus_mid,300,<1h,-0.32414645201370307,0.698897565457051,-0.0011695299341600999,0.9486882716049383,2
highest-temperature-in-lucknow-on-june-4-2026,Lucknow,2026-06-04,clean,microprice_minus_mid,300,all,-0.0809946506444442,0.4615218518115694,-0.0063846151302937,0.9991555742602447,3
highest-temperature-in-lucknow-on-june-4-2026,Lucknow,2026-06-04,clean,microprice_minus_mid,600,1-6h,0.07334583969556707,0.28323725861960897,-0.0043377386029593,0.9976271817243184,3
highest-temperature-in-lucknow-on-june-4-2026,Lucknow,2026-06-04,clean,microprice_minus_mid,600,6-24h,-0.1639263651141307,0.4112278878727012,-0.0072834736554273005,1.0,3
highest-temperature-in-lucknow-on-june-4-2026,Lucknow,2026-06-04,clean,microprice_minus_mid,600,<1h,-0.3598345231145882,0.6121448579431773,-0.0012382452981192001,0.9090608465608465,2
highest-temperature-in-lucknow-on-june-4-2026,Lucknow,2026-06-04,clean,microprice_minus_mid,600,all,-0.11430710539220075,0.3627670907976011,-0.006207174961927966,0.998921292776673,3
highest-temperature-in-lucknow-on-june-4-2026,Lucknow,2026-06-04,clean,microprice_minus_mid,900,1-6h,0.04342946985522803,0.23139736831065147,-0.0040209002890547,0.9966813517881637,3
highest-temperature-in-lucknow-on-june-4-2026,Lucknow,2026-06-04,clean,microprice_minus_mid,900,6-24h,-0.21606278456322167,0.35486238011951626,-0.007342935457294167,1.0,3
highest-temperature-in-lucknow-on-june-4-2026,Lucknow,2026-06-04,clean,microprice_minus_mid,900,<1h,-0.3490566400250081,0.35611510791366907,-0.0016347772845553,0.8486552028218695,2
highest-temperature-in-lucknow-on-june-4-2026,Lucknow,2026-06-04,clean,microprice_minus_mid,900,all,-0.16335986242936004,0.30859117366294997,-0.006121336300490734,0.9984416211351504,3
highest-temperature-in-manila-on-june-11-2026,Manila,2026-06-11,degraded,depth_imbalance_1,30,6-24h,0.0854723439976457,0.6728259334651928,-0.007311889893471955,0.9936569115090287,11
highest-temperature-in-manila-on-june-11-2026,Manila,2026-06-11,degraded,depth_imbalance_1,30,>24h,0.057828058373997786,0.8363582916265533,-0.010869232134794682,0.9993404884151275,11
highest-temperature-in-manila-on-june-11-2026,Manila,2026-06-11,degraded,depth_imbalance_1,30,all,0.07090177203349762,0.7554741619943974,-0.009248530663994418,0.9965102883988728,11
highest-temperature-in-manila-on-june-11-2026,Manila,2026-06-11,degraded,depth_imbalance_1,60,6-24h,0.0912398234307957,0.652174884238529,-0.007219278446319908,0.9927678991248886,11
highest-temperature-in-manila-on-june-11-2026,Manila,2026-06-11,degraded,depth_imbalance_1,60,>24h,0.04971343122995431,0.8069706774041552,-0.010846130909941245,0.9993373740281247,11
highest-temperature-in-manila-on-june-11-2026,Manila,2026-06-11,degraded,depth_imbalance_1,60,all,0.06991597516373259,0.7299321959125179,-0.00918646065507849,0.9961379967692991,11
highest-temperature-in-manila-on-june-11-2026,Manila,2026-06-11,degraded,depth_imbalance_1,120,6-24h,0.09191327355933121,0.6182536024062113,-0.007245408764480373,0.9886401466962567,11
highest-temperature-in-manila-on-june-11-2026,Manila,2026-06-11,degraded,depth_imbalance_1,120,>24h,0.03665940063373537,0.7661432295781098,-0.01071223955353602,0.9992459682824414,11
highest-temperature-in-manila-on-june-11-2026,Manila,2026-06-11,degraded,depth_imbalance_1,120,all,0.0636453418875169,0.6913838267308594,-0.009135457798761864,0.994720791861532,11
highest-temperature-in-manila-on-june-11-2026,Manila,2026-06-11,degraded,depth_imbalance_1,300,6-24h,0.10002473005902483,0.572399182001041,-0.007031694944006127,0.9796751689935763,11
highest-temperature-in-manila-on-june-11-2026,Manila,2026-06-11,degraded,depth_imbalance_1,300,>24h,0.008030690013883263,0.6801344242202795,-0.010495082282402654,0.9992240426073117,11
highest-temperature-in-manila-on-june-11-2026,Manila,2026-06-11,degraded,depth_imbalance_1,300,all,0.04791451700013587,0.6205983801362615,-0.008915984585026555,0.9914072980009743,11
highest-temperature-in-manila-on-june-11-2026,Manila,2026-06-11,degraded,depth_imbalance_1,600,6-24h,0.11688951015093206,0.5326842634204173,-0.006190731746089246,0.9559997220242152,11
highest-temperature-in-manila-on-june-11-2026,Manila,2026-06-11,degraded,depth_imbalance_1,600,>24h,-0.014954207555721582,0.5724725889394146,-0.010362175750532254,0.9989191107111057,11
highest-temperature-in-manila-on-june-11-2026,Manila,2026-06-11,degraded,depth_imbalance_1,600,all,0.03965004182912571,0.539554358798748,-0.0084057164707466,0.9813251124051136,11
highest-temperature-in-manila-on-june-11-2026,Manila,2026-06-11,degraded,depth_imbalance_1,900,6-24h,0.13496723100949298,0.5055349106760386,-0.005450669433171782,0.9289542727236421,11
highest-temperature-in-manila-on-june-11-2026,Manila,2026-06-11,degraded,depth_imbalance_1,900,>24h,-0.021546512837567002,0.4896738852293007,-0.010391110152118717,0.9987122852931134,11
highest-temperature-in-manila-on-june-11-2026,Manila,2026-06-11,degraded,depth_imbalance_1,900,all,0.03721052216921122,0.4778220795513713,-0.008069350194387438,0.9690168122734502,11
highest-temperature-in-manila-on-june-11-2026,Manila,2026-06-11,degraded,microprice_minus_mid,30,6-24h,0.04902911228290674,0.6728259334651928,-0.007327775689606909,0.9936569115090287,11
highest-temperature-in-manila-on-june-11-2026,Manila,2026-06-11,degraded,microprice_minus_mid,30,>24h,0.052202700171671196,0.8363582916265533,-0.010878706869063164,0.9993404884151275,11
highest-temperature-in-manila-on-june-11-2026,Manila,2026-06-11,degraded,microprice_minus_mid,30,all,0.05941677950836357,0.7554741619943974,-0.009261418939966156,0.9965102883988728,11
highest-temperature-in-manila-on-june-11-2026,Manila,2026-06-11,degraded,microprice_minus_mid,60,6-24h,0.04801620176962444,0.652174884238529,-0.0072362195831816275,0.9927678991248886,11
highest-temperature-in-manila-on-june-11-2026,Manila,2026-06-11,degraded,microprice_minus_mid,60,>24h,0.049285321462586414,0.8069706774041552,-0.010855100657380783,0.9993373740281247,11
highest-temperature-in-manila-on-june-11-2026,Manila,2026-06-11,degraded,microprice_minus_mid,60,all,0.057013135701715005,0.7299321959125179,-0.009199700197562765,0.9961379967692991,11
highest-temperature-in-manila-on-june-11-2026,Manila,2026-06-11,degraded,microprice_minus_mid,120,6-24h,0.04056076894724766,0.6182536024062113,-0.007262116239238445,0.9886401466962567,11
highest-temperature-in-manila-on-june-11-2026,Manila,2026-06-11,degraded,microprice_minus_mid,120,>24h,0.04499824978638083,0.7661432295781098,-0.010721830618413345,0.9992459682824414,11
highest-temperature-in-manila-on-june-11-2026,Manila,2026-06-11,degraded,microprice_minus_mid,120,all,0.051602010557818524,0.6913838267308594,-0.009148924216218091,0.994720791861532,11
highest-temperature-in-manila-on-june-11-2026,Manila,2026-06-11,degraded,microprice_minus_mid,300,6-24h,0.04244645931942887,0.572399182001041,-0.007045125840398264,0.9796751689935763,11
highest-temperature-in-manila-on-june-11-2026,Manila,2026-06-11,degraded,microprice_minus_mid,300,>24h,0.026825729903089537,0.6801344242202795,-0.010504413199998518,0.9992240426073117,11
highest-temperature-in-manila-on-june-11-2026,Manila,2026-06-11,degraded,microprice_minus_mid,300,all,0.0387006685066428,0.6205983801362615,-0.008927557281125655,0.9914072980009743,11
highest-temperature-in-manila-on-june-11-2026,Manila,2026-06-11,degraded,microprice_minus_mid,600,6-24h,0.051487074948677956,0.5326842634204173,-0.006195436040521565,0.9559997220242152,11
highest-temperature-in-manila-on-june-11-2026,Manila,2026-06-11,degraded,microprice_minus_mid,600,>24h,0.01644799383930068,0.5724725889394146,-0.010370792374501218,0.9989191107111057,11
highest-temperature-in-manila-on-june-11-2026,Manila,2026-06-11,degraded,microprice_minus_mid,600,all,0.03545160269054306,0.539554358798748,-0.0084126206421585,0.9813251124051136,11
highest-temperature-in-manila-on-june-11-2026,Manila,2026-06-11,degraded,microprice_minus_mid,900,6-24h,0.05847092877400204,0.5055349106760386,-0.005451546347991354,0.9289542727236421,11
highest-temperature-in-manila-on-june-11-2026,Manila,2026-06-11,degraded,microprice_minus_mid,900,>24h,0.015930548120359714,0.4896738852293007,-0.010399567702027145,0.9987122852931134,11
highest-temperature-in-manila-on-june-11-2026,Manila,2026-06-11,degraded,microprice_minus_mid,900,all,0.032411764162108045,0.4778220795513713,-0.0080742821318796,0.9690168122734502,11
highest-temperature-in-mexico-city-on-june-6-2026,Mexico City,2026-06-06,degraded,depth_imbalance_1,30,>24h,0.08094379968947112,0.7112664078019431,-0.014408263254603464,0.9959866575491977,11
highest-temperature-in-mexico-city-on-june-6-2026,Mexico City,2026-06-06,degraded,depth_imbalance_1,30,all,0.08094379968947112,0.7112664078019431,-0.014408263254603464,0.9959866575491977,11
highest-temperature-in-mexico-city-on-june-6-2026,Mexico City,2026-06-06,degraded,depth_imbalance_1,60,>24h,0.07644611466955213,0.6704372866376991,-0.014283157092157455,0.9904318899988201,11
highest-temperature-in-mexico-city-on-june-6-2026,Mexico City,2026-06-06,degraded,depth_imbalance_1,60,all,0.07644611466955213,0.6704372866376991,-0.014283157092157455,0.9904318899988201,11
highest-temperature-in-mexico-city-on-june-6-2026,Mexico City,2026-06-06,degraded,depth_imbalance_1,120,>24h,0.08046974570126254,0.6205204977964717,-0.014495046089007708,0.9795480323845162,11
highest-temperature-in-mexico-city-on-june-6-2026,Mexico City,2026-06-06,degraded,depth_imbalance_1,120,all,0.08046974570126254,0.6205204977964717,-0.014495046089007708,0.9795480323845162,11
highest-temperature-in-mexico-city-on-june-6-2026,Mexico City,2026-06-06,degraded,depth_imbalance_1,300,>24h,0.16591705715113414,0.5346752094412847,-0.013469188047903919,0.9638973646316703,11
highest-temperature-in-mexico-city-on-june-6-2026,Mexico City,2026-06-06,degraded,depth_imbalance_1,300,all,0.16591705715113414,0.5346752094412847,-0.013469188047903919,0.9638973646316703,11
highest-temperature-in-mexico-city-on-june-6-2026,Mexico City,2026-06-06,degraded,depth_imbalance_1,600,>24h,0.2097496163201254,0.4506805817451564,-0.01153823206399191,0.9145061826723773,11
highest-temperature-in-mexico-city-on-june-6-2026,Mexico City,2026-06-06,degraded,depth_imbalance_1,600,all,0.2097496163201254,0.4506805817451564,-0.01153823206399191,0.9145061826723773,11
highest-temperature-in-mexico-city-on-june-6-2026,Mexico City,2026-06-06,degraded,depth_imbalance_1,900,>24h,0.23911433866898582,0.38786497321020036,-0.01140468581324171,0.8779337548262437,11
highest-temperature-in-mexico-city-on-june-6-2026,Mexico City,2026-06-06,degraded,depth_imbalance_1,900,all,0.23911433866898582,0.38786497321020036,-0.01140468581324171,0.8779337548262437,11
highest-temperature-in-mexico-city-on-june-6-2026,Mexico City,2026-06-06,degraded,microprice_minus_mid,30,>24h,0.060501776344029305,0.7112664078019431,-0.014413840649032601,0.9959866575491977,11
highest-temperature-in-mexico-city-on-june-6-2026,Mexico City,2026-06-06,degraded,microprice_minus_mid,30,all,0.060501776344029305,0.7112664078019431,-0.014413840649032601,0.9959866575491977,11
highest-temperature-in-mexico-city-on-june-6-2026,Mexico City,2026-06-06,degraded,microprice_minus_mid,60,>24h,0.0509133952001561,0.6704372866376991,-0.014275930149911954,0.9904318899988201,11
highest-temperature-in-mexico-city-on-june-6-2026,Mexico City,2026-06-06,degraded,microprice_minus_mid,60,all,0.0509133952001561,0.6704372866376991,-0.014275930149911954,0.9904318899988201,11
highest-temperature-in-mexico-city-on-june-6-2026,Mexico City,2026-06-06,degraded,microprice_minus_mid,120,>24h,0.050242482114034634,0.6205204977964717,-0.014480932009946173,0.9795480323845162,11
highest-temperature-in-mexico-city-on-june-6-2026,Mexico City,2026-06-06,degraded,microprice_minus_mid,120,all,0.050242482114034634,0.6205204977964717,-0.014480932009946173,0.9795480323845162,11
highest-temperature-in-mexico-city-on-june-6-2026,Mexico City,2026-06-06,degraded,microprice_minus_mid,300,>24h,0.13219730379130373,0.5346752094412847,-0.01349224879748953,0.9638973646316703,11
highest-temperature-in-mexico-city-on-june-6-2026,Mexico City,2026-06-06,degraded,microprice_minus_mid,300,all,0.13219730379130373,0.5346752094412847,-0.01349224879748953,0.9638973646316703,11
highest-temperature-in-mexico-city-on-june-6-2026,Mexico City,2026-06-06,degraded,microprice_minus_mid,600,>24h,0.16305000400389125,0.4506805817451564,-0.011627367703131518,0.9145061826723773,11
highest-temperature-in-mexico-city-on-june-6-2026,Mexico City,2026-06-06,degraded,microprice_minus_mid,600,all,0.16305000400389125,0.4506805817451564,-0.011627367703131518,0.9145061826723773,11
highest-temperature-in-mexico-city-on-june-6-2026,Mexico City,2026-06-06,degraded,microprice_minus_mid,900,>24h,0.19678324374325573,0.38786497321020036,-0.011466881757319664,0.8779337548262437,11
highest-temperature-in-mexico-city-on-june-6-2026,Mexico City,2026-06-06,degraded,microprice_minus_mid,900,all,0.19678324374325573,0.38786497321020036,-0.011466881757319664,0.8779337548262437,11
highest-temperature-in-moscow-on-june-4-2026,Moscow,2026-06-04,clean,depth_imbalance_1,30,1-6h,0.08032758392411013,0.5951033603974114,-0.021393774154244757,0.9933746355815847,7
highest-temperature-in-moscow-on-june-4-2026,Moscow,2026-06-04,clean,depth_imbalance_1,30,6-24h,0.060566299337856726,0.7818058006322144,-0.0089756624523847,0.9917242935233034,11
highest-temperature-in-moscow-on-june-4-2026,Moscow,2026-06-04,clean,depth_imbalance_1,30,<1h,0.05772264757436204,0.4018922503366471,-0.0449223416364339,0.9959810558216198,3
highest-temperature-in-moscow-on-june-4-2026,Moscow,2026-06-04,clean,depth_imbalance_1,30,all,0.06905690755900819,0.748359601579196,-0.012672288933685456,0.9910945752084683,11
highest-temperature-in-moscow-on-june-4-2026,Moscow,2026-06-04,clean,depth_imbalance_1,60,1-6h,0.0940989426899328,0.5359462928244106,-0.021259415074141357,0.9930825762319679,7
highest-temperature-in-moscow-on-june-4-2026,Moscow,2026-06-04,clean,depth_imbalance_1,60,6-24h,0.06986219149656632,0.7483670180024401,-0.009061699771436726,0.9848241002631621,11
highest-temperature-in-moscow-on-june-4-2026,Moscow,2026-06-04,clean,depth_imbalance_1,60,<1h,0.07303744366220606,0.3463097374433812,-0.04548090882390037,0.9929960350735721,3
highest-temperature-in-moscow-on-june-4-2026,Moscow,2026-06-04,clean,depth_imbalance_1,60,all,0.08254810951067264,0.7130473863862139,-0.0126762418188425,0.9848960644824362,11
highest-temperature-in-moscow-on-june-4-2026,Moscow,2026-06-04,clean,depth_imbalance_1,120,1-6h,0.12917804891063553,0.4556180398892581,-0.020887021910622385,0.9888727565679601,7
highest-temperature-in-moscow-on-june-4-2026,Moscow,2026-06-04,clean,depth_imbalance_1,120,6-24h,0.08897525692322589,0.7049899195164454,-0.009071165553582191,0.9778426948647717,11
highest-temperature-in-moscow-on-june-4-2026,Moscow,2026-06-04,clean,depth_imbalance_1,120,<1h,0.08196447312242597,0.2507296824929072,-0.04539886778157864,0.9871819904250728,3
highest-temperature-in-moscow-on-june-4-2026,Moscow,2026-06-04,clean,depth_imbalance_1,120,all,0.11201457623433306,0.6662964836049209,-0.012522893105891782,0.9777965310250281,11
highest-temperature-in-moscow-on-june-4-2026,Moscow,2026-06-04,clean,depth_imbalance_1,300,1-6h,0.12087212228240582,0.33907959668208176,-0.020623286456118727,0.972740882886392,7
highest-temperature-in-moscow-on-june-4-2026,Moscow,2026-06-04,clean,depth_imbalance_1,300,6-24h,0.12788469528073831,0.6457094779642769,-0.00923667077726889,0.9663519148617652,11
highest-temperature-in-moscow-on-june-4-2026,Moscow,2026-06-04,clean,depth_imbalance_1,300,<1h,0.20948117022545268,0.0826898337737688,-0.04347444303290584,0.9681779221289187,3
highest-temperature-in-moscow-on-june-4-2026,Moscow,2026-06-04,clean,depth_imbalance_1,300,all,0.15085573035018648,0.5951838040300291,-0.01221443792473702,0.9649041324079465,11
highest-temperature-in-moscow-on-june-4-2026,Moscow,2026-06-04,clean,depth_imbalance_1,600,1-6h,0.09147007038279224,0.2448528235154013,-0.021534497499531974,0.9520354734916848,7
highest-temperature-in-moscow-on-june-4-2026,Moscow,2026-06-04,clean,depth_imbalance_1,600,6-24h,0.15663713074363497,0.5657955629130333,-0.008959889359202692,0.9614707227010694,11
highest-temperature-in-moscow-on-june-4-2026,Moscow,2026-06-04,clean,depth_imbalance_1,600,<1h,0.24819806613684595,0.0518729205677545,-0.04033007335753013,0.9228777404612852,3
highest-temperature-in-moscow-on-june-4-2026,Moscow,2026-06-04,clean,depth_imbalance_1,600,all,0.17425788805618514,0.5247901569649097,-0.012233190512562681,0.9551138809966719,11
highest-temperature-in-moscow-on-june-4-2026,Moscow,2026-06-04,clean,depth_imbalance_1,900,1-6h,0.14966913151389213,0.20279592444499464,-0.02063169512022253,0.9376217737447637,7
highest-temperature-in-moscow-on-june-4-2026,Moscow,2026-06-04,clean,depth_imbalance_1,900,6-24h,0.16830234075778394,0.5341376695058617,-0.008814572658220127,0.9583701932469592,11
highest-temperature-in-moscow-on-june-4-2026,Moscow,2026-06-04,clean,depth_imbalance_1,900,<1h,0.23400824897329262,0.0206199891874012,-0.03846812558793387,0.8628645182174096,3
highest-temperature-in-moscow-on-june-4-2026,Moscow,2026-06-04,clean,depth_imbalance_1,900,all,0.20154861383727252,0.495943717545085,-0.011760618401189183,0.9478213280281806,11
highest-temperature-in-moscow-on-june-4-2026,Moscow,2026-06-04,clean,microprice_minus_mid,30,1-6h,0.06039671294447723,0.5951033603974114,-0.021419796523127543,0.9933746355815847,7
highest-temperature-in-moscow-on-june-4-2026,Moscow,2026-06-04,clean,microprice_minus_mid,30,6-24h,0.050344087494090035,0.7818058006322144,-0.0089883952725184,0.9917242935233034,11
highest-temperature-in-moscow-on-june-4-2026,Moscow,2026-06-04,clean,microprice_minus_mid,30,<1h,-0.021651402675929427,0.4018922503366471,-0.044878499737213466,0.9959810558216198,3
highest-temperature-in-moscow-on-june-4-2026,Moscow,2026-06-04,clean,microprice_minus_mid,30,all,0.05481486193261283,0.748359601579196,-0.012727099722286545,0.9910945752084683,11
highest-temperature-in-moscow-on-june-4-2026,Moscow,2026-06-04,clean,microprice_minus_mid,60,1-6h,0.07457955145508721,0.5359462928244106,-0.021293102179060143,0.9930825762319679,7
highest-temperature-in-moscow-on-june-4-2026,Moscow,2026-06-04,clean,microprice_minus_mid,60,6-24h,0.057181458964889235,0.7483670180024401,-0.009073505199669908,0.9848241002631621,11
highest-temperature-in-moscow-on-june-4-2026,Moscow,2026-06-04,clean,microprice_minus_mid,60,<1h,0.04080770516201993,0.3463097374433812,-0.04549559339634537,0.9929960350735721,3
highest-temperature-in-moscow-on-june-4-2026,Moscow,2026-06-04,clean,microprice_minus_mid,60,all,0.06601504544147273,0.7130473863862139,-0.012735926572063638,0.9848960644824362,11
highest-temperature-in-moscow-on-june-4-2026,Moscow,2026-06-04,clean,microprice_minus_mid,120,1-6h,0.09728346041524738,0.4556180398892581,-0.020937694389004058,0.9888727565679601,7
highest-temperature-in-moscow-on-june-4-2026,Moscow,2026-06-04,clean,microprice_minus_mid,120,6-24h,0.0704980450284836,0.7049899195164454,-0.009082062964918909,0.9778426948647717,11
highest-temperature-in-moscow-on-june-4-2026,Moscow,2026-06-04,clean,microprice_minus_mid,120,<1h,0.034103451696177504,0.2507296824929072,-0.045505013651453506,0.9871819904250728,3
highest-temperature-in-moscow-on-june-4-2026,Moscow,2026-06-04,clean,microprice_minus_mid,120,all,0.09100049583195667,0.6662964836049209,-0.012595174165049445,0.9777965310250281,11
highest-temperature-in-moscow-on-june-4-2026,Moscow,2026-06-04,clean,microprice_minus_mid,300,1-6h,0.03758574716574508,0.33907959668208176,-0.020673687046271257,0.972740882886392,7
highest-temperature-in-moscow-on-june-4-2026,Moscow,2026-06-04,clean,microprice_minus_mid,300,6-24h,0.09844776383308816,0.6457094779642769,-0.009244912562819792,0.9663519148617652,11
highest-temperature-in-moscow-on-june-4-2026,Moscow,2026-06-04,clean,microprice_minus_mid,300,<1h,0.1603100208655179,0.0826898337737688,-0.0433114912884296,0.9681779221289187,3
highest-temperature-in-moscow-on-june-4-2026,Moscow,2026-06-04,clean,microprice_minus_mid,300,all,0.12061541235408914,0.5951838040300291,-0.012281227557708146,0.9649041324079465,11
highest-temperature-in-moscow-on-june-4-2026,Moscow,2026-06-04,clean,microprice_minus_mid,600,1-6h,-0.0380742319534725,0.2448528235154013,-0.021596401962858787,0.9520354734916848,7
highest-temperature-in-moscow-on-june-4-2026,Moscow,2026-06-04,clean,microprice_minus_mid,600,6-24h,0.14399225105321323,0.5657955629130333,-0.008968621615794335,0.9614707227010694,11
highest-temperature-in-moscow-on-june-4-2026,Moscow,2026-06-04,clean,microprice_minus_mid,600,<1h,0.17332331526901756,0.0518729205677545,-0.04031981198098406,0.9228777404612852,3
highest-temperature-in-moscow-on-june-4-2026,Moscow,2026-06-04,clean,microprice_minus_mid,600,all,0.14954702520896343,0.5247901569649097,-0.012308340642447546,0.9551138809966719,11
highest-temperature-in-moscow-on-june-4-2026,Moscow,2026-06-04,clean,microprice_minus_mid,900,1-6h,0.02576136893289054,0.20279592444499464,-0.02066207425239543,0.9376217737447637,7
highest-temperature-in-moscow-on-june-4-2026,Moscow,2026-06-04,clean,microprice_minus_mid,900,6-24h,0.15800992785476317,0.5341376695058617,-0.008822402564501236,0.9583701932469592,11
highest-temperature-in-moscow-on-june-4-2026,Moscow,2026-06-04,clean,microprice_minus_mid,900,<1h,0.14132023275318598,0.0206199891874012,-0.03874424748554454,0.8628645182174096,3
highest-temperature-in-moscow-on-june-4-2026,Moscow,2026-06-04,clean,microprice_minus_mid,900,all,0.18254068730040507,0.495943717545085,-0.011833686227638418,0.9478213280281806,11
highest-temperature-in-munich-on-june-6-2026,Munich,2026-06-06,degraded,depth_imbalance_1,30,>24h,0.08364790152397653,0.7022481722535049,-0.007887674234699708,0.9964451000440531,11
highest-temperature-in-munich-on-june-6-2026,Munich,2026-06-06,degraded,depth_imbalance_1,30,all,0.08364790152397653,0.7022481722535049,-0.007887674234699708,0.9964451000440531,11
highest-temperature-in-munich-on-june-6-2026,Munich,2026-06-06,degraded,depth_imbalance_1,60,>24h,0.09223316937826417,0.6517645323214952,-0.007702975146689727,0.9946018363404928,11
highest-temperature-in-munich-on-june-6-2026,Munich,2026-06-06,degraded,depth_imbalance_1,60,all,0.09223316937826417,0.6517645323214952,-0.007702975146689727,0.9946018363404928,11
highest-temperature-in-munich-on-june-6-2026,Munich,2026-06-06,degraded,depth_imbalance_1,120,>24h,0.07058665501646438,0.5918967015253549,-0.007069890475024027,0.9867140503823358,11
highest-temperature-in-munich-on-june-6-2026,Munich,2026-06-06,degraded,depth_imbalance_1,120,all,0.07058665501646438,0.5918967015253549,-0.007069890475024027,0.9867140503823358,11
highest-temperature-in-munich-on-june-6-2026,Munich,2026-06-06,degraded,depth_imbalance_1,300,>24h,0.11996982619505686,0.5118179799033421,-0.005781853908805982,0.9692332070380382,11
highest-temperature-in-munich-on-june-6-2026,Munich,2026-06-06,degraded,depth_imbalance_1,300,all,0.11996982619505686,0.5118179799033421,-0.005781853908805982,0.9692332070380382,11
highest-temperature-in-munich-on-june-6-2026,Munich,2026-06-06,degraded,depth_imbalance_1,600,>24h,0.15806124651267045,0.45695400689526744,-0.006620901311535227,0.9562249889609447,11
highest-temperature-in-munich-on-june-6-2026,Munich,2026-06-06,degraded,depth_imbalance_1,600,all,0.15806124651267045,0.45695400689526744,-0.006620901311535227,0.9562249889609447,11
highest-temperature-in-munich-on-june-6-2026,Munich,2026-06-06,degraded,depth_imbalance_1,900,>24h,0.1917595303640919,0.41992806275001954,-0.006220060036615183,0.9372571125103356,11
highest-temperature-in-munich-on-june-6-2026,Munich,2026-06-06,degraded,depth_imbalance_1,900,all,0.1917595303640919,0.41992806275001954,-0.006220060036615183,0.9372571125103356,11
highest-temperature-in-munich-on-june-6-2026,Munich,2026-06-06,degraded,microprice_minus_mid,30,>24h,0.08209070305068068,0.7022481722535049,-0.0079309426045697,0.9964451000440531,11
highest-temperature-in-munich-on-june-6-2026,Munich,2026-06-06,degraded,microprice_minus_mid,30,all,0.08209070305068068,0.7022481722535049,-0.0079309426045697,0.9964451000440531,11
highest-temperature-in-munich-on-june-6-2026,Munich,2026-06-06,degraded,microprice_minus_mid,60,>24h,0.0903347378874965,0.6517645323214952,-0.007732714490282317,0.9946018363404928,11
highest-temperature-in-munich-on-june-6-2026,Munich,2026-06-06,degraded,microprice_minus_mid,60,all,0.0903347378874965,0.6517645323214952,-0.007732714490282317,0.9946018363404928,11
highest-temperature-in-munich-on-june-6-2026,Munich,2026-06-06,degraded,microprice_minus_mid,120,>24h,0.0634269903250646,0.5918967015253549,-0.007069712657168755,0.9867140503823358,11
highest-temperature-in-munich-on-june-6-2026,Munich,2026-06-06,degraded,microprice_minus_mid,120,all,0.0634269903250646,0.5918967015253549,-0.007069712657168755,0.9867140503823358,11
highest-temperature-in-munich-on-june-6-2026,Munich,2026-06-06,degraded,microprice_minus_mid,300,>24h,0.11018801811914168,0.5118179799033421,-0.005810544891858746,0.9692332070380382,11
highest-temperature-in-munich-on-june-6-2026,Munich,2026-06-06,degraded,microprice_minus_mid,300,all,0.11018801811914168,0.5118179799033421,-0.005810544891858746,0.9692332070380382,11
highest-temperature-in-munich-on-june-6-2026,Munich,2026-06-06,degraded,microprice_minus_mid,600,>24h,0.12542258299943837,0.45695400689526744,-0.006672614564919255,0.9562249889609447,11
highest-temperature-in-munich-on-june-6-2026,Munich,2026-06-06,degraded,microprice_minus_mid,600,all,0.12542258299943837,0.45695400689526744,-0.006672614564919255,0.9562249889609447,11
highest-temperature-in-munich-on-june-6-2026,Munich,2026-06-06,degraded,microprice_minus_mid,900,>24h,0.15620191556887306,0.41992806275001954,-0.006288425614250508,0.9372571125103356,11
highest-temperature-in-munich-on-june-6-2026,Munich,2026-06-06,degraded,microprice_minus_mid,900,all,0.15620191556887306,0.41992806275001954,-0.006288425614250508,0.9372571125103356,11
highest-temperature-in-nyc-on-june-7-2026,NYC,2026-06-07,degraded,depth_imbalance_1,30,1-6h,0.08257201935921606,0.9096147938601256,-0.004261936243943925,0.9990144176616355,8
highest-temperature-in-nyc-on-june-7-2026,NYC,2026-06-07,degraded,depth_imbalance_1,30,6-24h,0.11351716656089542,0.8382703345799016,-0.005233142217603267,0.998425045067617,9
highest-temperature-in-nyc-on-june-7-2026,NYC,2026-06-07,degraded,depth_imbalance_1,30,<1h,0.20440587156858223,0.7988400578103049,-0.0040065133322847,0.9966855392661541,7
highest-temperature-in-nyc-on-june-7-2026,NYC,2026-06-07,degraded,depth_imbalance_1,30,all,0.11583546720640141,0.8564709556343227,-0.0046960202636483666,0.998301368665978,9
highest-temperature-in-nyc-on-june-7-2026,NYC,2026-06-07,degraded,depth_imbalance_1,60,1-6h,0.1069073513592351,0.865937021668325,-0.004213728887407012,0.9981696328001802,8
highest-temperature-in-nyc-on-june-7-2026,NYC,2026-06-07,degraded,depth_imbalance_1,60,6-24h,0.13777264959628036,0.7697384266557598,-0.005138863142006756,0.9981060814292859,9
highest-temperature-in-nyc-on-june-7-2026,NYC,2026-06-07,degraded,depth_imbalance_1,60,<1h,0.26947902831561726,0.7015629493600036,-0.0038840836314243715,0.9909180829656139,7
highest-temperature-in-nyc-on-june-7-2026,NYC,2026-06-07,degraded,depth_imbalance_1,60,all,0.1406080894887156,0.7925883855484742,-0.004615957568352234,0.9976552496835994,9
highest-temperature-in-nyc-on-june-7-2026,NYC,2026-06-07,degraded,depth_imbalance_1,120,1-6h,0.13151172017030954,0.8110058546273288,-0.004093297196414988,0.9956634377111961,8
highest-temperature-in-nyc-on-june-7-2026,NYC,2026-06-07,degraded,depth_imbalance_1,120,6-24h,0.16477833985931215,0.7176451415260605,-0.004983127264631944,0.9953173620253466,9
highest-temperature-in-nyc-on-june-7-2026,NYC,2026-06-07,degraded,depth_imbalance_1,120,<1h,0.278063692206109,0.5926430045199383,-0.003614658393938243,0.9770702228508817,7
highest-temperature-in-nyc-on-june-7-2026,NYC,2026-06-07,degraded,depth_imbalance_1,120,all,0.16278905007320102,0.7379980036250906,-0.004471844558659645,0.9939344843236886,9
highest-temperature-in-nyc-on-june-7-2026,NYC,2026-06-07,degraded,depth_imbalance_1,300,1-6h,0.16697408607458303,0.7097667861179087,-0.0039706576772038,0.9896654651948638,8
highest-temperature-in-nyc-on-june-7-2026,NYC,2026-06-07,degraded,depth_imbalance_1,300,6-24h,0.1599947385436453,0.610386656282188,-0.004758793484267678,0.9879375297485863,9
highest-temperature-in-nyc-on-june-7-2026,NYC,2026-06-07,degraded,depth_imbalance_1,300,<1h,0.3449889610986804,0.46850321496215347,-0.0026962157360558288,0.8924349614733919,7
highest-temperature-in-nyc-on-june-7-2026,NYC,2026-06-07,degraded,depth_imbalance_1,300,all,0.17594856513893317,0.6326751918180584,-0.004248972537096845,0.9811359880003698,9
highest-temperature-in-nyc-on-june-7-2026,NYC,2026-06-07,degraded,depth_imbalance_1,600,1-6h,0.19562158986101452,0.5834028050226939,-0.0038519696261632127,0.9787114214913268,8
highest-temperature-in-nyc-on-june-7-2026,NYC,2026-06-07,degraded,depth_imbalance_1,600,6-24h,0.13774801257166314,0.5250592414267404,-0.004674653321934144,0.9747270695675869,9
highest-temperature-in-nyc-on-june-7-2026,NYC,2026-06-07,degraded,depth_imbalance_1,600,<1h,0.34639914058262794,0.321049876379515,-0.001450451960497,0.7988626172919256,7
highest-temperature-in-nyc-on-june-7-2026,NYC,2026-06-07,degraded,depth_imbalance_1,600,all,0.16893009501296397,0.5477056397370546,-0.0040795168116831,0.9611689967793475,9
highest-temperature-in-nyc-on-june-7-2026,NYC,2026-06-07,degraded,depth_imbalance_1,900,1-6h,0.24538765319257522,0.5029147240600795,-0.003835942270847625,0.9725444920027033,8
highest-temperature-in-nyc-on-june-7-2026,NYC,2026-06-07,degraded,depth_imbalance_1,900,6-24h,0.1259424824792993,0.4536791885267923,-0.004623150668732344,0.9627641422188107,9
highest-temperature-in-nyc-on-june-7-2026,NYC,2026-06-07,degraded,depth_imbalance_1,900,<1h,0.35221404762970243,0.24830040954211358,-0.0003951305825405264,0.759107375073719,7
highest-temperature-in-nyc-on-june-7-2026,NYC,2026-06-07,degraded,depth_imbalance_1,900,all,0.1719375817679902,0.47498707176753197,-0.003969246382038222,0.9457473509595365,9
highest-temperature-in-nyc-on-june-7-2026,NYC,2026-06-07,degraded,microprice_minus_mid,30,1-6h,0.0686802158726921,0.9096147938601256,-0.004260622655591962,0.9990144176616355,8
highest-temperature-in-nyc-on-june-7-2026,NYC,2026-06-07,degraded,microprice_minus_mid,30,6-24h,0.09002139180276159,0.8382703345799016,-0.005232258398239611,0.998425045067617,9
highest-temperature-in-nyc-on-june-7-2026,NYC,2026-06-07,degraded,microprice_minus_mid,30,<1h,0.13469232501297349,0.7988400578103049,-0.004008911591823114,0.9966855392661541,7
highest-temperature-in-nyc-on-june-7-2026,NYC,2026-06-07,degraded,microprice_minus_mid,30,all,0.09324344317175749,0.8564709556343227,-0.004695583038927922,0.998301368665978,9
highest-temperature-in-nyc-on-june-7-2026,NYC,2026-06-07,degraded,microprice_minus_mid,60,1-6h,0.08460568791881837,0.865937021668325,-0.0042125564640954,0.9981696328001802,8
highest-temperature-in-nyc-on-june-7-2026,NYC,2026-06-07,degraded,microprice_minus_mid,60,6-24h,0.0995623723492559,0.7697384266557598,-0.0051383018168320894,0.9981060814292859,9
highest-temperature-in-nyc-on-june-7-2026,NYC,2026-06-07,degraded,microprice_minus_mid,60,<1h,0.1663243025119622,0.7015629493600036,-0.003885659313972472,0.9909180829656139,7
highest-temperature-in-nyc-on-june-7-2026,NYC,2026-06-07,degraded,microprice_minus_mid,60,all,0.10237699281221291,0.7925883855484742,-0.004615762978427856,0.9976552496835994,9
highest-temperature-in-nyc-on-june-7-2026,NYC,2026-06-07,degraded,microprice_minus_mid,120,1-6h,0.08495695714622778,0.8110058546273288,-0.004093030002843712,0.9956634377111961,8
highest-temperature-in-nyc-on-june-7-2026,NYC,2026-06-07,degraded,microprice_minus_mid,120,6-24h,0.11180273480107135,0.7176451415260605,-0.004982451043557445,0.9953173620253466,9
highest-temperature-in-nyc-on-june-7-2026,NYC,2026-06-07,degraded,microprice_minus_mid,120,<1h,0.15266185993162493,0.5926430045199383,-0.003618086976648057,0.9770702228508817,7
highest-temperature-in-nyc-on-june-7-2026,NYC,2026-06-07,degraded,microprice_minus_mid,120,all,0.1086294572150248,0.7379980036250906,-0.0044718881426612,0.9939344843236886,9
highest-temperature-in-nyc-on-june-7-2026,NYC,2026-06-07,degraded,microprice_minus_mid,300,1-6h,0.07683174974246826,0.7097667861179087,-0.003967366858235837,0.9896654651948638,8
highest-temperature-in-nyc-on-june-7-2026,NYC,2026-06-07,degraded,microprice_minus_mid,300,6-24h,0.09793827546569599,0.610386656282188,-0.0047577970131461,0.9879375297485863,9
highest-temperature-in-nyc-on-june-7-2026,NYC,2026-06-07,degraded,microprice_minus_mid,300,<1h,0.1773120055954792,0.46850321496215347,-0.002696769477579943,0.8924349614733919,7
highest-temperature-in-nyc-on-june-7-2026,NYC,2026-06-07,degraded,microprice_minus_mid,300,all,0.11221192553641585,0.6326751918180584,-0.004247845142476966,0.9811359880003698,9
highest-temperature-in-nyc-on-june-7-2026,NYC,2026-06-07,degraded,microprice_minus_mid,600,1-6h,0.04522427500131232,0.5834028050226939,-0.0038490288721768125,0.9787114214913268,8
highest-temperature-in-nyc-on-june-7-2026,NYC,2026-06-07,degraded,microprice_minus_mid,600,6-24h,0.052158460063251394,0.5250592414267404,-0.004672873022012545,0.9747270695675869,9
highest-temperature-in-nyc-on-june-7-2026,NYC,2026-06-07,degraded,microprice_minus_mid,600,<1h,0.1636476004265847,0.321049876379515,-0.0014499346349833714,0.7988626172919256,7
highest-temperature-in-nyc-on-june-7-2026,NYC,2026-06-07,degraded,microprice_minus_mid,600,all,0.08539546035803396,0.5477056397370546,-0.004078215622896611,0.9611689967793475,9
highest-temperature-in-nyc-on-june-7-2026,NYC,2026-06-07,degraded,microprice_minus_mid,900,1-6h,0.06415381294675966,0.5029147240600795,-0.0038342046017495125,0.9725444920027033,8
highest-temperature-in-nyc-on-june-7-2026,NYC,2026-06-07,degraded,microprice_minus_mid,900,6-24h,0.039588541288032714,0.4536791885267923,-0.004621722698838322,0.9627641422188107,9
highest-temperature-in-nyc-on-june-7-2026,NYC,2026-06-07,degraded,microprice_minus_mid,900,<1h,0.20511639317481953,0.24830040954211358,-0.00039159791612900267,0.759107375073719,7
highest-temperature-in-nyc-on-june-7-2026,NYC,2026-06-07,degraded,microprice_minus_mid,900,all,0.08624844840824981,0.47498707176753197,-0.0039687570741976895,0.9457473509595365,9
highest-temperature-in-panama-city-on-june-9-2026,Panama City,2026-06-09,clean,depth_imbalance_1,30,1-6h,0.06974149935424753,0.7901166728467954,-0.010661866087541,0.9999184330138158,8
highest-temperature-in-panama-city-on-june-9-2026,Panama City,2026-06-09,clean,depth_imbalance_1,30,6-24h,0.0654683433530335,0.7996721693376794,-0.01355581117367451,0.9087059869937995,11
highest-temperature-in-panama-city-on-june-9-2026,Panama City,2026-06-09,clean,depth_imbalance_1,30,<1h,-0.04141576423954439,0.8035955733526678,-0.007968655637201163,0.9896843788487342,8
highest-temperature-in-panama-city-on-june-9-2026,Panama City,2026-06-09,clean,depth_imbalance_1,30,>24h,0.044347697047171404,0.7725963018905848,-0.010329831081422365,0.9986846437380579,11
highest-temperature-in-panama-city-on-june-9-2026,Panama City,2026-06-09,clean,depth_imbalance_1,30,all,0.05249971231656206,0.8117887770777219,-0.010789067493776873,0.9987680726500444,11
highest-temperature-in-panama-city-on-june-9-2026,Panama City,2026-06-09,clean,depth_imbalance_1,60,1-6h,0.08454410672195378,0.751885448564608,-0.010559877321751163,0.9996231042707349,8
highest-temperature-in-panama-city-on-june-9-2026,Panama City,2026-06-09,clean,depth_imbalance_1,60,6-24h,0.06552399745008404,0.7738940512348755,-0.013577513550922349,0.9085915196412091,11
highest-temperature-in-panama-city-on-june-9-2026,Panama City,2026-06-09,clean,depth_imbalance_1,60,<1h,-0.037246756062931555,0.770564518279977,-0.007857364766244926,0.9892159343418004,8
highest-temperature-in-panama-city-on-june-9-2026,Panama City,2026-06-09,clean,depth_imbalance_1,60,>24h,0.05240240753929439,0.7380241032922068,-0.010228241532548673,0.9984517932176334,11
highest-temperature-in-panama-city-on-june-9-2026,Panama City,2026-06-09,clean,depth_imbalance_1,60,all,0.05973864992227418,0.7832604915867688,-0.010752555119054326,0.9984667290131182,11
highest-temperature-in-panama-city-on-june-9-2026,Panama City,2026-06-09,clean,depth_imbalance_1,120,1-6h,0.1121372000719284,0.7146151961557612,-0.010424336329025124,0.9996990459475271,8
highest-temperature-in-panama-city-on-june-9-2026,Panama City,2026-06-09,clean,depth_imbalance_1,120,6-24h,0.06131419736276425,0.7411609917653733,-0.01358937211376066,0.9084770522886189,11
highest-temperature-in-panama-city-on-june-9-2026,Panama City,2026-06-09,clean,depth_imbalance_1,120,<1h,-0.031184778417448746,0.7482899559823886,-0.007783585816033162,0.987711153372882,8
highest-temperature-in-panama-city-on-june-9-2026,Panama City,2026-06-09,clean,depth_imbalance_1,120,>24h,0.08507552305648956,0.6811345650692261,-0.009924347466986656,0.9933639200379454,11
highest-temperature-in-panama-city-on-june-9-2026,Panama City,2026-06-09,clean,depth_imbalance_1,120,all,0.08112442127756007,0.7445512366243027,-0.010655036382026728,0.9948706631802744,11
highest-temperature-in-panama-city-on-june-9-2026,Panama City,2026-06-09,clean,depth_imbalance_1,300,1-6h,0.14685247118752898,0.6545128689004432,-0.010299516586556026,0.9982449034696909,8
highest-temperature-in-panama-city-on-june-9-2026,Panama City,2026-06-09,clean,depth_imbalance_1,300,6-24h,0.08897337938130588,0.6956708624214036,-0.01358877099554556,0.9080835621011633,11
highest-temperature-in-panama-city-on-june-9-2026,Panama City,2026-06-09,clean,depth_imbalance_1,300,<1h,-0.041872203269348686,0.6907285012083755,-0.007504596779963587,0.9527434875838867,8
highest-temperature-in-panama-city-on-june-9-2026,Panama City,2026-06-09,clean,depth_imbalance_1,300,>24h,0.12254375764172659,0.5887811849291402,-0.00961422075865569,0.985005630992304,11
highest-temperature-in-panama-city-on-june-9-2026,Panama City,2026-06-09,clean,depth_imbalance_1,300,all,0.1156011656093641,0.68065003167207,-0.010549704871094773,0.9869244461055565,11
highest-temperature-in-panama-city-on-june-9-2026,Panama City,2026-06-09,clean,depth_imbalance_1,600,1-6h,0.1615297448217229,0.5778031824318162,-0.01004850790422095,0.9965010575581656,8
highest-temperature-in-panama-city-on-june-9-2026,Panama City,2026-06-09,clean,depth_imbalance_1,600,6-24h,0.06514471711983735,0.6389218204028612,-0.013761446089498109,0.905179849414116,11
highest-temperature-in-panama-city-on-june-9-2026,Panama City,2026-06-09,clean,depth_imbalance_1,600,<1h,0.06516728909071803,0.612441379443577,-0.007353126435214449,0.8496685718046756,8
highest-temperature-in-panama-city-on-june-9-2026,Panama City,2026-06-09,clean,depth_imbalance_1,600,>24h,0.14730945953702998,0.5376375435172297,-0.008832358430118536,0.9801335998999575,11
highest-temperature-in-panama-city-on-june-9-2026,Panama City,2026-06-09,clean,depth_imbalance_1,600,all,0.116637236443492,0.6321275448757274,-0.010379000234826546,0.9805646284503179,11
highest-temperature-in-panama-city-on-june-9-2026,Panama City,2026-06-09,clean,depth_imbalance_1,900,1-6h,0.18193330797236748,0.5254675875813659,-0.009879705731184688,0.9977555015525854,8
highest-temperature-in-panama-city-on-june-9-2026,Panama City,2026-06-09,clean,depth_imbalance_1,900,6-24h,0.08166598159036102,0.6030373717359742,-0.0138246751126402,0.9037769130730176,11
highest-temperature-in-panama-city-on-june-9-2026,Panama City,2026-06-09,clean,depth_imbalance_1,900,<1h,0.019128980289772855,0.5970588083818273,-0.007749641815856175,0.6623475184978364,8
highest-temperature-in-panama-city-on-june-9-2026,Panama City,2026-06-09,clean,depth_imbalance_1,900,>24h,0.19305680194669578,0.488974788159476,-0.008480913354562,0.9757319936706232,11
highest-temperature-in-panama-city-on-june-9-2026,Panama City,2026-06-09,clean,depth_imbalance_1,900,all,0.1506130029467113,0.5909692161437956,-0.010314185416822455,0.9739000619517189,11
highest-temperature-in-panama-city-on-june-9-2026,Panama City,2026-06-09,clean,microprice_minus_mid,30,1-6h,0.07152688967161758,0.7901166728467954,-0.010680495207706475,0.9999184330138158,8
highest-temperature-in-panama-city-on-june-9-2026,Panama City,2026-06-09,clean,microprice_minus_mid,30,6-24h,0.049842198150063424,0.7996721693376794,-0.013561281508856191,0.9087059869937995,11
highest-temperature-in-panama-city-on-june-9-2026,Panama City,2026-06-09,clean,microprice_minus_mid,30,<1h,-0.043049598660024405,0.8035955733526678,-0.007962165461714988,0.9896843788487342,8
highest-temperature-in-panama-city-on-june-9-2026,Panama City,2026-06-09,clean,microprice_minus_mid,30,>24h,-0.04696122399808038,0.7725963018905848,-0.010337617032053546,0.9986846437380579,11
highest-temperature-in-panama-city-on-june-9-2026,Panama City,2026-06-09,clean,microprice_minus_mid,30,all,0.020871954442898372,0.8117887770777219,-0.010783048441017636,0.9987680726500444,11
highest-temperature-in-panama-city-on-june-9-2026,Panama City,2026-06-09,clean,microprice_minus_mid,60,1-6h,0.08561011835088972,0.751885448564608,-0.010582003239047863,0.9996231042707349,8
highest-temperature-in-panama-city-on-june-9-2026,Panama City,2026-06-09,clean,microprice_minus_mid,60,6-24h,0.04645411092357231,0.7738940512348755,-0.013583293832770321,0.9085915196412091,11
highest-temperature-in-panama-city-on-june-9-2026,Panama City,2026-06-09,clean,microprice_minus_mid,60,<1h,-0.03637210041534894,0.770564518279977,-0.007847342706377438,0.9892159343418004,8
highest-temperature-in-panama-city-on-june-9-2026,Panama City,2026-06-09,clean,microprice_minus_mid,60,>24h,-0.044664032120918455,0.7380241032922068,-0.010236578748415126,0.9984517932176334,11
highest-temperature-in-panama-city-on-june-9-2026,Panama City,2026-06-09,clean,microprice_minus_mid,60,all,0.020438307977590973,0.7832604915867688,-0.01074725217965699,0.9984667290131182,11
highest-temperature-in-panama-city-on-june-9-2026,Panama City,2026-06-09,clean,microprice_minus_mid,120,1-6h,0.12061376928426014,0.7146151961557612,-0.010448077467514624,0.9996990459475271,8
highest-temperature-in-panama-city-on-june-9-2026,Panama City,2026-06-09,clean,microprice_minus_mid,120,6-24h,0.036694209128171215,0.7411609917653733,-0.01359543310984233,0.9084770522886189,11
highest-temperature-in-panama-city-on-june-9-2026,Panama City,2026-06-09,clean,microprice_minus_mid,120,<1h,-0.04058174357026232,0.7482899559823886,-0.007775339468055162,0.987711153372882,8
highest-temperature-in-panama-city-on-june-9-2026,Panama City,2026-06-09,clean,microprice_minus_mid,120,>24h,-0.029238269832075413,0.6811345650692261,-0.009934389412080845,0.9933639200379454,11
highest-temperature-in-panama-city-on-june-9-2026,Panama City,2026-06-09,clean,microprice_minus_mid,120,all,0.027154750692845418,0.7445512366243027,-0.01065051643908099,0.9948706631802744,11
highest-temperature-in-panama-city-on-june-9-2026,Panama City,2026-06-09,clean,microprice_minus_mid,300,1-6h,0.15746089437060368,0.6545128689004432,-0.010323910947751525,0.9982449034696909,8
highest-temperature-in-panama-city-on-june-9-2026,Panama City,2026-06-09,clean,microprice_minus_mid,300,6-24h,0.05640320128324114,0.6956708624214036,-0.013595515955856879,0.9080835621011633,11
highest-temperature-in-panama-city-on-june-9-2026,Panama City,2026-06-09,clean,microprice_minus_mid,300,<1h,-0.03415384953560665,0.6907285012083755,-0.00748866361520505,0.9527434875838867,8
highest-temperature-in-panama-city-on-june-9-2026,Panama City,2026-06-09,clean,microprice_minus_mid,300,>24h,0.0013982645508868589,0.5887811849291402,-0.009627214076871136,0.985005630992304,11
highest-temperature-in-panama-city-on-june-9-2026,Panama City,2026-06-09,clean,microprice_minus_mid,300,all,0.055311674322567346,0.68065003167207,-0.010545895053721326,0.9869244461055565,11
highest-temperature-in-panama-city-on-june-9-2026,Panama City,2026-06-09,clean,microprice_minus_mid,600,1-6h,0.1596299978262285,0.5778031824318162,-0.010067225274799137,0.9965010575581656,8
highest-temperature-in-panama-city-on-june-9-2026,Panama City,2026-06-09,clean,microprice_minus_mid,600,6-24h,0.030531064129368197,0.6389218204028612,-0.01376904420003614,0.905179849414116,11
highest-temperature-in-panama-city-on-june-9-2026,Panama City,2026-06-09,clean,microprice_minus_mid,600,<1h,0.06686677218250073,0.612441379443577,-0.007343466283410063,0.8496685718046756,8
highest-temperature-in-panama-city-on-june-9-2026,Panama City,2026-06-09,clean,microprice_minus_mid,600,>24h,0.02675566561435476,0.5376375435172297,-0.008847717144680828,0.9801335998999575,11
highest-temperature-in-panama-city-on-june-9-2026,Panama City,2026-06-09,clean,microprice_minus_mid,600,all,0.04348847743882714,0.6321275448757274,-0.01037669016981918,0.9805646284503179,11
highest-temperature-in-panama-city-on-june-9-2026,Panama City,2026-06-09,clean,microprice_minus_mid,900,1-6h,0.17675561059956393,0.5254675875813659,-0.009925740901573988,0.9977555015525854,8
highest-temperature-in-panama-city-on-june-9-2026,Panama City,2026-06-09,clean,microprice_minus_mid,900,6-24h,0.044230678338508383,0.6030373717359742,-0.01382926816508719,0.9037769130730176,11
highest-temperature-in-panama-city-on-june-9-2026,Panama City,2026-06-09,clean,microprice_minus_mid,900,<1h,0.03913502902413633,0.5970588083818273,-0.0077339856727239,0.6623475184978364,8
highest-temperature-in-panama-city-on-june-9-2026,Panama City,2026-06-09,clean,microprice_minus_mid,900,>24h,0.052242155120334595,0.488974788159476,-0.008497522653628619,0.9757319936706232,11
highest-temperature-in-panama-city-on-june-9-2026,Panama City,2026-06-09,clean,microprice_minus_mid,900,all,0.056684157244605175,0.5909692161437956,-0.010315014509256835,0.9739000619517189,11
highest-temperature-in-qingdao-on-june-10-2026,Qingdao,2026-06-10,clean,depth_imbalance_1,30,1-6h,0.10050116162145516,0.8146653431826966,-0.005823765407924567,0.9913166720462002,6
highest-temperature-in-qingdao-on-june-10-2026,Qingdao,2026-06-10,clean,depth_imbalance_1,30,6-24h,0.11535841687264593,0.7437488868756448,-0.01279992399794864,0.998570554519139,10
highest-temperature-in-qingdao-on-june-10-2026,Qingdao,2026-06-10,clean,depth_imbalance_1,30,>24h,0.08788579610782007,0.679744094465689,-0.01258565230950375,0.9994694297330808,10
highest-temperature-in-qingdao-on-june-10-2026,Qingdao,2026-06-10,clean,depth_imbalance_1,30,all,0.08588539693013243,0.6942036738465973,-0.012798700436639379,0.9991125137860413,10
highest-temperature-in-qingdao-on-june-10-2026,Qingdao,2026-06-10,clean,depth_imbalance_1,60,1-6h,0.11202555112612803,0.7607577191176236,-0.005997600213128133,0.9813801190181337,6
highest-temperature-in-qingdao-on-june-10-2026,Qingdao,2026-06-10,clean,depth_imbalance_1,60,6-24h,0.11435743587345698,0.7039334706057858,-0.01282095228993349,0.997968037236371,10
highest-temperature-in-qingdao-on-june-10-2026,Qingdao,2026-06-10,clean,depth_imbalance_1,60,>24h,0.06573030744965057,0.6371054407855713,-0.01268420298968199,0.9992771941291247,10
highest-temperature-in-qingdao-on-june-10-2026,Qingdao,2026-06-10,clean,depth_imbalance_1,60,all,0.07033008307232935,0.650009487206506,-0.01287958207764274,0.9987478136817025,10
highest-temperature-in-qingdao-on-june-10-2026,Qingdao,2026-06-10,clean,depth_imbalance_1,120,1-6h,0.0774852997988993,0.7106318098619403,-0.006144312065300066,0.9540365880019935,6
highest-temperature-in-qingdao-on-june-10-2026,Qingdao,2026-06-10,clean,depth_imbalance_1,120,6-24h,0.11140923913018676,0.6524961294440488,-0.01281329398681585,0.9969886245889004,10
highest-temperature-in-qingdao-on-june-10-2026,Qingdao,2026-06-10,clean,depth_imbalance_1,120,>24h,0.0691886388843923,0.5927365921823342,-0.01268908088389642,0.9997299089764414,10
highest-temperature-in-qingdao-on-june-10-2026,Qingdao,2026-06-10,clean,depth_imbalance_1,120,all,0.062444314459850124,0.5987211924748277,-0.01291663887133267,0.9985419233959482,10
highest-temperature-in-qingdao-on-june-10-2026,Qingdao,2026-06-10,clean,depth_imbalance_1,300,1-6h,0.06736995438610831,0.6129128571151765,-0.007055334424449701,0.8269086857248892,6
highest-temperature-in-qingdao-on-june-10-2026,Qingdao,2026-06-10,clean,depth_imbalance_1,300,6-24h,0.09818836167475964,0.5781616036058915,-0.01331650666326191,0.9947238486787544,10
highest-temperature-in-qingdao-on-june-10-2026,Qingdao,2026-06-10,clean,depth_imbalance_1,300,>24h,0.07213548930158045,0.5324507454641887,-0.012792511935451539,0.9997683560972327,10
highest-temperature-in-qingdao-on-june-10-2026,Qingdao,2026-06-10,clean,depth_imbalance_1,300,all,0.05627422023169927,0.5280487783913791,-0.01328336521635628,0.9972052238256899,10
highest-temperature-in-qingdao-on-june-10-2026,Qingdao,2026-06-10,clean,depth_imbalance_1,600,1-6h,0.07333088907757887,0.4318576482417516,-0.009535780940201981,0.806357240409845,6
highest-temperature-in-qingdao-on-june-10-2026,Qingdao,2026-06-10,clean,depth_imbalance_1,600,6-24h,0.06844835616287143,0.5134307806845608,-0.013890372202964272,0.9926858910755989,10
highest-temperature-in-qingdao-on-june-10-2026,Qingdao,2026-06-10,clean,depth_imbalance_1,600,>24h,0.08187265964021206,0.4570597282891152,-0.01270030345209133,0.9998712021453493,10
highest-temperature-in-qingdao-on-june-10-2026,Qingdao,2026-06-10,clean,depth_imbalance_1,600,all,0.04791101821622169,0.45364012626078776,-0.01359259616074486,0.9964860351402564,10
highest-temperature-in-qingdao-on-june-10-2026,Qingdao,2026-06-10,clean,depth_imbalance_1,900,1-6h,-0.011167049215704872,0.3694608858183237,-0.01030338040401664,0.7870030912292596,6
highest-temperature-in-qingdao-on-june-10-2026,Qingdao,2026-06-10,clean,depth_imbalance_1,900,6-24h,0.08305947743528742,0.4777753581007459,-0.0144159552533212,0.989394225902781,10
highest-temperature-in-qingdao-on-june-10-2026,Qingdao,2026-06-10,clean,depth_imbalance_1,900,>24h,0.08879948733748093,0.4106784210539994,-0.012616303266831639,0.9999509799209912,10
highest-temperature-in-qingdao-on-june-10-2026,Qingdao,2026-06-10,clean,depth_imbalance_1,900,all,0.0497214541278306,0.40784681993395744,-0.013832594284756411,0.99485812200752,10
highest-temperature-in-qingdao-on-june-10-2026,Qingdao,2026-06-10,clean,microprice_minus_mid,30,1-6h,0.008406262496548774,0.8146653431826966,-0.005829871688059333,0.9913166720462002,6
highest-temperature-in-qingdao-on-june-10-2026,Qingdao,2026-06-10,clean,microprice_minus_mid,30,6-24h,0.08763627415661472,0.7437488868756448,-0.012775665577331318,0.998570554519139,10
highest-temperature-in-qingdao-on-june-10-2026,Qingdao,2026-06-10,clean,microprice_minus_mid,30,>24h,0.024122829569500452,0.679744094465689,-0.01258809397560277,0.9994694297330808,10
highest-temperature-in-qingdao-on-june-10-2026,Qingdao,2026-06-10,clean,microprice_minus_mid,30,all,0.030108811278251733,0.6942036738465973,-0.012800486819173559,0.9991125137860413,10
highest-temperature-in-qingdao-on-june-10-2026,Qingdao,2026-06-10,clean,microprice_minus_mid,60,1-6h,0.014025727490034801,0.7607577191176236,-0.005998337574271117,0.9813801190181337,6
highest-temperature-in-qingdao-on-june-10-2026,Qingdao,2026-06-10,clean,microprice_minus_mid,60,6-24h,0.07500588173958352,0.7039334706057858,-0.01279671383181206,0.997968037236371,10
highest-temperature-in-qingdao-on-june-10-2026,Qingdao,2026-06-10,clean,microprice_minus_mid,60,>24h,0.0034236053798384807,0.6371054407855713,-0.01268644365422537,0.9992771941291247,10
highest-temperature-in-qingdao-on-june-10-2026,Qingdao,2026-06-10,clean,microprice_minus_mid,60,all,0.01324386736162494,0.650009487206506,-0.01288078754002967,0.9987478136817025,10
highest-temperature-in-qingdao-on-june-10-2026,Qingdao,2026-06-10,clean,microprice_minus_mid,120,1-6h,-0.07154284858157142,0.7106318098619403,-0.006140221466905166,0.9540365880019935,6
highest-temperature-in-qingdao-on-june-10-2026,Qingdao,2026-06-10,clean,microprice_minus_mid,120,6-24h,0.06621574342564919,0.6524961294440488,-0.01278044347735409,0.9969886245889004,10
highest-temperature-in-qingdao-on-june-10-2026,Qingdao,2026-06-10,clean,microprice_minus_mid,120,>24h,-0.002025611146988967,0.5927365921823342,-0.012690511639252838,0.9997299089764414,10
highest-temperature-in-qingdao-on-june-10-2026,Qingdao,2026-06-10,clean,microprice_minus_mid,120,all,-0.00246746033662483,0.5987211924748277,-0.012913581313127451,0.9985419233959482,10
highest-temperature-in-qingdao-on-june-10-2026,Qingdao,2026-06-10,clean,microprice_minus_mid,300,1-6h,-0.1659155605019423,0.6129128571151765,-0.007045704408734868,0.8269086857248892,6
highest-temperature-in-qingdao-on-june-10-2026,Qingdao,2026-06-10,clean,microprice_minus_mid,300,6-24h,0.024634520920785313,0.5781616036058915,-0.01325948296365755,0.9947238486787544,10
highest-temperature-in-qingdao-on-june-10-2026,Qingdao,2026-06-10,clean,microprice_minus_mid,300,>24h,-0.010206632943165508,0.5324507454641887,-0.012792979950434092,0.9997683560972327,10
highest-temperature-in-qingdao-on-june-10-2026,Qingdao,2026-06-10,clean,microprice_minus_mid,300,all,-0.022621428604652806,0.5280487783913791,-0.013271767851978668,0.9972052238256899,10
highest-temperature-in-qingdao-on-june-10-2026,Qingdao,2026-06-10,clean,microprice_minus_mid,600,1-6h,-0.1848944854240861,0.4318576482417516,-0.00951822090963418,0.806357240409845,6
highest-temperature-in-qingdao-on-june-10-2026,Qingdao,2026-06-10,clean,microprice_minus_mid,600,6-24h,-0.016070739115482808,0.5134307806845608,-0.013832031969176001,0.9926858910755989,10
highest-temperature-in-qingdao-on-june-10-2026,Qingdao,2026-06-10,clean,microprice_minus_mid,600,>24h,0.0030226280341451293,0.4570597282891152,-0.01270278620182846,0.9998712021453493,10
highest-temperature-in-qingdao-on-june-10-2026,Qingdao,2026-06-10,clean,microprice_minus_mid,600,all,-0.029443364161257875,0.45364012626078776,-0.0135794588033788,0.9964860351402564,10
highest-temperature-in-qingdao-on-june-10-2026,Qingdao,2026-06-10,clean,microprice_minus_mid,900,1-6h,-0.24603797277916456,0.3694608858183237,-0.01028330285425204,0.7870030912292596,6
highest-temperature-in-qingdao-on-june-10-2026,Qingdao,2026-06-10,clean,microprice_minus_mid,900,6-24h,-0.015330095298882998,0.4777753581007459,-0.014347359580988008,0.989394225902781,10
highest-temperature-in-qingdao-on-june-10-2026,Qingdao,2026-06-10,clean,microprice_minus_mid,900,>24h,0.01120711687347409,0.4106784210539994,-0.012619937465954379,0.9999509799209912,10
highest-temperature-in-qingdao-on-june-10-2026,Qingdao,2026-06-10,clean,microprice_minus_mid,900,all,-0.0292736920896011,0.40784681993395744,-0.013815382247135088,0.99485812200752,10
highest-temperature-in-sao-paulo-on-june-5-2026,Sao Paulo,2026-06-05,clean,depth_imbalance_1,30,1-6h,0.12805769453286742,0.8838331097120878,-0.0062973364623292,0.9974494587430438,11
highest-temperature-in-sao-paulo-on-june-5-2026,Sao Paulo,2026-06-05,clean,depth_imbalance_1,30,6-24h,0.027723366297945404,0.8683117227954008,-0.006172380707627981,0.999805683410387,11
highest-temperature-in-sao-paulo-on-june-5-2026,Sao Paulo,2026-06-05,clean,depth_imbalance_1,30,>24h,0.02230487775116009,0.9243578934100252,-0.005650606900787027,1.0,11
highest-temperature-in-sao-paulo-on-june-5-2026,Sao Paulo,2026-06-05,clean,depth_imbalance_1,30,all,0.023687599240202827,0.8829071599325644,-0.006075482874783472,0.9997871085496063,11
highest-temperature-in-sao-paulo-on-june-5-2026,Sao Paulo,2026-06-05,clean,depth_imbalance_1,60,1-6h,0.11422301220027863,0.8588645857451778,-0.006318867925254518,0.997098429188937,11
highest-temperature-in-sao-paulo-on-june-5-2026,Sao Paulo,2026-06-05,clean,depth_imbalance_1,60,6-24h,0.05497225027909995,0.8385167889368345,-0.0061165512566283,0.9994226722340126,11
highest-temperature-in-sao-paulo-on-june-5-2026,Sao Paulo,2026-06-05,clean,depth_imbalance_1,60,>24h,0.025382053107327014,0.9004916785758151,-0.0056389963203052,1.0,11
highest-temperature-in-sao-paulo-on-june-5-2026,Sao Paulo,2026-06-05,clean,depth_imbalance_1,60,all,0.04125868516962143,0.8549132861717318,-0.006036247241614,0.9994878715248855,11
highest-temperature-in-sao-paulo-on-june-5-2026,Sao Paulo,2026-06-05,clean,depth_imbalance_1,120,1-6h,0.11841532029909664,0.8247181928504368,-0.006297033730918364,0.9941453948701482,11
highest-temperature-in-sao-paulo-on-june-5-2026,Sao Paulo,2026-06-05,clean,depth_imbalance_1,120,6-24h,0.07941634613464807,0.7925704711002003,-0.006053016846940082,0.9990494869094548,11
highest-temperature-in-sao-paulo-on-june-5-2026,Sao Paulo,2026-06-05,clean,depth_imbalance_1,120,>24h,0.01999019426027849,0.8651969437744992,-0.005623171484355518,1.0,11
highest-temperature-in-sao-paulo-on-june-5-2026,Sao Paulo,2026-06-05,clean,depth_imbalance_1,120,all,0.054596935145950945,0.8125049988470635,-0.005988885766555701,0.9991257185978586,11
highest-temperature-in-sao-paulo-on-june-5-2026,Sao Paulo,2026-06-05,clean,depth_imbalance_1,300,1-6h,0.13215778707831335,0.776762097173678,-0.0062837509941362085,0.9855725884991956,11
highest-temperature-in-sao-paulo-on-june-5-2026,Sao Paulo,2026-06-05,clean,depth_imbalance_1,300,6-24h,0.08511426739249171,0.7234398627853765,-0.0059643800818347725,0.9993530665005683,11
highest-temperature-in-sao-paulo-on-june-5-2026,Sao Paulo,2026-06-05,clean,depth_imbalance_1,300,>24h,0.02098111201605938,0.7981773682923236,-0.005537754283590737,1.0,11
highest-temperature-in-sao-paulo-on-june-5-2026,Sao Paulo,2026-06-05,clean,depth_imbalance_1,300,all,0.06057878366535137,0.7453197568060926,-0.005907218294865191,0.9990750574485527,11
highest-temperature-in-sao-paulo-on-june-5-2026,Sao Paulo,2026-06-05,clean,depth_imbalance_1,600,1-6h,0.11469573207664564,0.6981886481265058,-0.006305108992054572,0.9723168116275371,11
highest-temperature-in-sao-paulo-on-june-5-2026,Sao Paulo,2026-06-05,clean,depth_imbalance_1,600,6-24h,0.10948231215617218,0.6436724418574902,-0.0059027082087858,0.9994476689757417,11
highest-temperature-in-sao-paulo-on-june-5-2026,Sao Paulo,2026-06-05,clean,depth_imbalance_1,600,>24h,0.03676394400795894,0.7309045952240516,-0.005391964711490336,1.0,11
highest-temperature-in-sao-paulo-on-june-5-2026,Sao Paulo,2026-06-05,clean,depth_imbalance_1,600,all,0.07497035817991199,0.6689184286004829,-0.005842397873591854,0.998674326444543,11
highest-temperature-in-sao-paulo-on-june-5-2026,Sao Paulo,2026-06-05,clean,depth_imbalance_1,900,1-6h,0.11190587786216463,0.6699038686550352,-0.0063350019775025275,0.928772919752842,11
highest-temperature-in-sao-paulo-on-june-5-2026,Sao Paulo,2026-06-05,clean,depth_imbalance_1,900,6-24h,0.12034551512337725,0.5953549785455529,-0.005842239825245236,0.9993860804719256,11
highest-temperature-in-sao-paulo-on-june-5-2026,Sao Paulo,2026-06-05,clean,depth_imbalance_1,900,>24h,0.06699731900283204,0.6752872121813756,-0.0052599662177542274,1.0,11
highest-temperature-in-sao-paulo-on-june-5-2026,Sao Paulo,2026-06-05,clean,depth_imbalance_1,900,all,0.08813368688402379,0.6186959289711838,-0.005763413113626082,0.9968107457152745,11
highest-temperature-in-sao-paulo-on-june-5-2026,Sao Paulo,2026-06-05,clean,microprice_minus_mid,30,1-6h,0.06047443601626406,0.8838331097120878,-0.00629126921915111,0.9974494587430438,11
highest-temperature-in-sao-paulo-on-june-5-2026,Sao Paulo,2026-06-05,clean,microprice_minus_mid,30,6-24h,0.008691970081096227,0.8683117227954008,-0.006177074246680182,0.999805683410387,11
highest-temperature-in-sao-paulo-on-june-5-2026,Sao Paulo,2026-06-05,clean,microprice_minus_mid,30,>24h,0.02422364160504043,0.9243578934100252,-0.005650907836995082,1.0,11
highest-temperature-in-sao-paulo-on-june-5-2026,Sao Paulo,2026-06-05,clean,microprice_minus_mid,30,all,0.009185407215160174,0.8829071599325644,-0.006079244398054063,0.9997871085496063,11
highest-temperature-in-sao-paulo-on-june-5-2026,Sao Paulo,2026-06-05,clean,microprice_minus_mid,60,1-6h,0.047986639016215,0.8588645857451778,-0.006313919894855172,0.997098429188937,11
highest-temperature-in-sao-paulo-on-june-5-2026,Sao Paulo,2026-06-05,clean,microprice_minus_mid,60,6-24h,0.03114635528708599,0.8385167889368345,-0.00612207712937271,0.9994226722340126,11
highest-temperature-in-sao-paulo-on-june-5-2026,Sao Paulo,2026-06-05,clean,microprice_minus_mid,60,>24h,0.021950633118120042,0.9004916785758151,-0.0056397503346867816,1.0,11
highest-temperature-in-sao-paulo-on-june-5-2026,Sao Paulo,2026-06-05,clean,microprice_minus_mid,60,all,0.022567709639930742,0.8549132861717318,-0.006040642901088063,0.9994878715248855,11
highest-temperature-in-sao-paulo-on-june-5-2026,Sao Paulo,2026-06-05,clean,microprice_minus_mid,120,1-6h,0.05796339322076115,0.8247181928504368,-0.006291985648213146,0.9941453948701482,11
highest-temperature-in-sao-paulo-on-june-5-2026,Sao Paulo,2026-06-05,clean,microprice_minus_mid,120,6-24h,0.048759494393305985,0.7925704711002003,-0.006058229074017219,0.9990494869094548,11
highest-temperature-in-sao-paulo-on-june-5-2026,Sao Paulo,2026-06-05,clean,microprice_minus_mid,120,>24h,0.017759784250903046,0.8651969437744992,-0.005623936209038582,1.0,11
highest-temperature-in-sao-paulo-on-june-5-2026,Sao Paulo,2026-06-05,clean,microprice_minus_mid,120,all,0.029236552146377368,0.8125049988470635,-0.005993036026958018,0.9991257185978586,11
highest-temperature-in-sao-paulo-on-june-5-2026,Sao Paulo,2026-06-05,clean,microprice_minus_mid,300,1-6h,0.07466037917722138,0.776762097173678,-0.006280511239325645,0.9855725884991956,11
highest-temperature-in-sao-paulo-on-june-5-2026,Sao Paulo,2026-06-05,clean,microprice_minus_mid,300,6-24h,0.04921897226747471,0.7234398627853765,-0.005970042275602563,0.9993530665005683,11
highest-temperature-in-sao-paulo-on-june-5-2026,Sao Paulo,2026-06-05,clean,microprice_minus_mid,300,>24h,0.02331790438517873,0.7981773682923236,-0.005539574052319645,1.0,11
highest-temperature-in-sao-paulo-on-june-5-2026,Sao Paulo,2026-06-05,clean,microprice_minus_mid,300,all,0.02927592058944252,0.7453197568060926,-0.005911963925977064,0.9990750574485527,11
highest-temperature-in-sao-paulo-on-june-5-2026,Sao Paulo,2026-06-05,clean,microprice_minus_mid,600,1-6h,0.07628582765821303,0.6981886481265058,-0.006306301209984474,0.9723168116275371,11
highest-temperature-in-sao-paulo-on-june-5-2026,Sao Paulo,2026-06-05,clean,microprice_minus_mid,600,6-24h,0.064055660590506,0.6436724418574902,-0.005912417801965082,0.9994476689757417,11
highest-temperature-in-sao-paulo-on-june-5-2026,Sao Paulo,2026-06-05,clean,microprice_minus_mid,600,>24h,0.04638602229289698,0.7309045952240516,-0.0053937582642741635,1.0,11
highest-temperature-in-sao-paulo-on-june-5-2026,Sao Paulo,2026-06-05,clean,microprice_minus_mid,600,all,0.0353995397269995,0.6689184286004829,-0.005849717400939391,0.998674326444543,11
highest-temperature-in-sao-paulo-on-june-5-2026,Sao Paulo,2026-06-05,clean,microprice_minus_mid,900,1-6h,0.07676910487090499,0.6699038686550352,-0.006337838799895018,0.928772919752842,11
highest-temperature-in-sao-paulo-on-june-5-2026,Sao Paulo,2026-06-05,clean,microprice_minus_mid,900,6-24h,0.07098598630529387,0.5953549785455529,-0.005854873043845763,0.9993860804719256,11
highest-temperature-in-sao-paulo-on-june-5-2026,Sao Paulo,2026-06-05,clean,microprice_minus_mid,900,>24h,0.07702230801048444,0.6752872121813756,-0.005261913867165336,1.0,11
highest-temperature-in-sao-paulo-on-june-5-2026,Sao Paulo,2026-06-05,clean,microprice_minus_mid,900,all,0.04320751085144956,0.6186959289711838,-0.005772812961525237,0.9968107457152745,11
highest-temperature-in-seattle-on-june-10-2026,Seattle,2026-06-10,clean,depth_imbalance_1,30,1-6h,0.12195903520232693,0.7492977233001468,-0.00942259909625091,0.9962525862549383,9
highest-temperature-in-seattle-on-june-10-2026,Seattle,2026-06-10,clean,depth_imbalance_1,30,6-24h,0.046082815618511935,0.8751579941578925,-0.0061730237102017825,0.9997944587245636,11
highest-temperature-in-seattle-on-june-10-2026,Seattle,2026-06-10,clean,depth_imbalance_1,30,<1h,0.05736489510074361,0.8759341410918812,-0.009949003752948245,0.9919139459400168,9
highest-temperature-in-seattle-on-june-10-2026,Seattle,2026-06-10,clean,depth_imbalance_1,30,>24h,0.09120606380451281,0.8033586826863456,-0.010351516835937982,0.9999623408902614,11
highest-temperature-in-seattle-on-june-10-2026,Seattle,2026-06-10,clean,depth_imbalance_1,30,all,0.08785907970229158,0.8199290862331566,-0.008246631401617301,0.9987167536748802,11
highest-temperature-in-seattle-on-june-10-2026,Seattle,2026-06-10,clean,depth_imbalance_1,60,1-6h,0.1327400022687307,0.7204632858957486,-0.009426476537015456,0.9950550504359952,9
highest-temperature-in-seattle-on-june-10-2026,Seattle,2026-06-10,clean,depth_imbalance_1,60,6-24h,0.041809366191948756,0.8532947723603139,-0.006177663451934737,0.9996063074192274,11
highest-temperature-in-seattle-on-june-10-2026,Seattle,2026-06-10,clean,depth_imbalance_1,60,<1h,0.0077652559359682434,0.8510121969648076,-0.010157819614482234,0.9895156563771192,9
highest-temperature-in-seattle-on-june-10-2026,Seattle,2026-06-10,clean,depth_imbalance_1,60,>24h,0.11041153559703729,0.7592318954850351,-0.010317491880738891,0.9997848050872077,11
highest-temperature-in-seattle-on-june-10-2026,Seattle,2026-06-10,clean,depth_imbalance_1,60,all,0.09489852192904501,0.7904540154406955,-0.008242165780964246,0.9981960100719003,11
highest-temperature-in-seattle-on-june-10-2026,Seattle,2026-06-10,clean,depth_imbalance_1,120,1-6h,0.1441328567261767,0.6805982833280626,-0.009315541745034999,0.9942051998012088,9
highest-temperature-in-seattle-on-june-10-2026,Seattle,2026-06-10,clean,depth_imbalance_1,120,6-24h,0.045552567175900595,0.8146942259980418,-0.0061535190217128,0.998554046753013,11
highest-temperature-in-seattle-on-june-10-2026,Seattle,2026-06-10,clean,depth_imbalance_1,120,<1h,0.008525395961166055,0.8172132428186658,-0.010274293573541779,0.9480499234540835,9
highest-temperature-in-seattle-on-june-10-2026,Seattle,2026-06-10,clean,depth_imbalance_1,120,>24h,0.09666306544586414,0.7235511040548227,-0.010369247834383928,0.9998655031795048,11
highest-temperature-in-seattle-on-june-10-2026,Seattle,2026-06-10,clean,depth_imbalance_1,120,all,0.09433970717729197,0.7540418164748506,-0.008223750263725101,0.9968078040816536,11
highest-temperature-in-seattle-on-june-10-2026,Seattle,2026-06-10,clean,depth_imbalance_1,300,1-6h,0.1504756924898796,0.6165472485377715,-0.00945380977116949,0.9947362253524007,9
highest-temperature-in-seattle-on-june-10-2026,Seattle,2026-06-10,clean,depth_imbalance_1,300,6-24h,0.01821932083444499,0.7384173256720271,-0.006161021410807981,0.9983494882799048,11
highest-temperature-in-seattle-on-june-10-2026,Seattle,2026-06-10,clean,depth_imbalance_1,300,<1h,0.13625220997164056,0.706566718864768,-0.010065442812311332,0.9228336435654028,9
highest-temperature-in-seattle-on-june-10-2026,Seattle,2026-06-10,clean,depth_imbalance_1,300,>24h,0.10698543777222129,0.6469609389581787,-0.010334011628943273,0.9999946201271801,11
highest-temperature-in-seattle-on-june-10-2026,Seattle,2026-06-10,clean,depth_imbalance_1,300,all,0.08737101279627281,0.6830373623726254,-0.008268785664248853,0.9964037935681481,11
highest-temperature-in-seattle-on-june-10-2026,Seattle,2026-06-10,clean,depth_imbalance_1,600,1-6h,0.0946170144496159,0.5612482895039577,-0.010137628258497379,0.9922367099671396,9
highest-temperature-in-seattle-on-june-10-2026,Seattle,2026-06-10,clean,depth_imbalance_1,600,6-24h,-0.018496314553720184,0.6499411397440862,-0.006297600041857101,0.9971451584421868,11
highest-temperature-in-seattle-on-june-10-2026,Seattle,2026-06-10,clean,depth_imbalance_1,600,<1h,0.2429746403205052,0.5715318263495941,-0.009484464657858878,0.8629390644325802,9
highest-temperature-in-seattle-on-june-10-2026,Seattle,2026-06-10,clean,depth_imbalance_1,600,>24h,0.11077822309608223,0.5621352827899951,-0.010385869149597382,0.9992037788226686,11
highest-temperature-in-seattle-on-june-10-2026,Seattle,2026-06-10,clean,depth_imbalance_1,600,all,0.06609486494178671,0.6056182326694723,-0.008496860628381954,0.9937589436526497,11
highest-temperature-in-seattle-on-june-10-2026,Seattle,2026-06-10,clean,depth_imbalance_1,900,1-6h,0.055974221122050825,0.49976701223748665,-0.010626080987139956,0.9936450406355605,9
highest-temperature-in-seattle-on-june-10-2026,Seattle,2026-06-10,clean,depth_imbalance_1,900,6-24h,-0.039848098574299114,0.6058065577529456,-0.006376575305721246,0.9960070978000511,11
highest-temperature-in-seattle-on-june-10-2026,Seattle,2026-06-10,clean,depth_imbalance_1,900,<1h,0.22208561692686893,0.4828657492547486,-0.009695838054235033,0.8142349250026343,9
highest-temperature-in-seattle-on-june-10-2026,Seattle,2026-06-10,clean,depth_imbalance_1,900,>24h,0.12745069778109272,0.5085649051946934,-0.010588940025521146,0.9991983989498489,11
highest-temperature-in-seattle-on-june-10-2026,Seattle,2026-06-10,clean,depth_imbalance_1,900,all,0.058544919379959266,0.5533724978691791,-0.008731466567690456,0.9925809127910804,11
highest-temperature-in-seattle-on-june-10-2026,Seattle,2026-06-10,clean,microprice_minus_mid,30,1-6h,0.06628789806878732,0.7492977233001468,-0.009422299678387834,0.9962525862549383,9
highest-temperature-in-seattle-on-june-10-2026,Seattle,2026-06-10,clean,microprice_minus_mid,30,6-24h,0.06774168146775435,0.8751579941578925,-0.006175994765612464,0.9997944587245636,11
highest-temperature-in-seattle-on-june-10-2026,Seattle,2026-06-10,clean,microprice_minus_mid,30,<1h,0.04603993418603688,0.8759341410918812,-0.009942496898842476,0.9919139459400168,9
highest-temperature-in-seattle-on-june-10-2026,Seattle,2026-06-10,clean,microprice_minus_mid,30,>24h,0.07638956135308345,0.8033586826863456,-0.010319518223559919,0.9999623408902614,11
highest-temperature-in-seattle-on-june-10-2026,Seattle,2026-06-10,clean,microprice_minus_mid,30,all,0.07330375973659015,0.8199290862331566,-0.008247598512210646,0.9987167536748802,11
highest-temperature-in-seattle-on-june-10-2026,Seattle,2026-06-10,clean,microprice_minus_mid,60,1-6h,0.06824529249442537,0.7204632858957486,-0.009425044221816621,0.9950550504359952,9
highest-temperature-in-seattle-on-june-10-2026,Seattle,2026-06-10,clean,microprice_minus_mid,60,6-24h,0.05318504537795546,0.8532947723603139,-0.006180570114285546,0.9996063074192274,11
highest-temperature-in-seattle-on-june-10-2026,Seattle,2026-06-10,clean,microprice_minus_mid,60,<1h,-0.019261995844914642,0.8510121969648076,-0.010150649447525655,0.9895156563771192,9
highest-temperature-in-seattle-on-june-10-2026,Seattle,2026-06-10,clean,microprice_minus_mid,60,>24h,0.09232321807213766,0.7592318954850351,-0.010288309651113582,0.9997848050872077,11
highest-temperature-in-seattle-on-june-10-2026,Seattle,2026-06-10,clean,microprice_minus_mid,60,all,0.07660715718375796,0.7904540154406955,-0.008243782622254418,0.9981960100719003,11
highest-temperature-in-seattle-on-june-10-2026,Seattle,2026-06-10,clean,microprice_minus_mid,120,1-6h,0.07735362705059473,0.6805982833280626,-0.009314174774887588,0.9942051998012088,9
highest-temperature-in-seattle-on-june-10-2026,Seattle,2026-06-10,clean,microprice_minus_mid,120,6-24h,0.05678058369474553,0.8146942259980418,-0.006156996399165754,0.998554046753013,11
highest-temperature-in-seattle-on-june-10-2026,Seattle,2026-06-10,clean,microprice_minus_mid,120,<1h,-0.0302525098857696,0.8172132428186658,-0.010266652184918366,0.9480499234540835,9
highest-temperature-in-seattle-on-june-10-2026,Seattle,2026-06-10,clean,microprice_minus_mid,120,>24h,0.08727972392538419,0.7235511040548227,-0.010339639632390681,0.9998655031795048,11
highest-temperature-in-seattle-on-june-10-2026,Seattle,2026-06-10,clean,microprice_minus_mid,120,all,0.07572807373573985,0.7540418164748506,-0.00822523974194722,0.9968078040816536,11
highest-temperature-in-seattle-on-june-10-2026,Seattle,2026-06-10,clean,microprice_minus_mid,300,1-6h,0.09652324629194087,0.6165472485377715,-0.0094549268837279,0.9947362253524007,9
highest-temperature-in-seattle-on-june-10-2026,Seattle,2026-06-10,clean,microprice_minus_mid,300,6-24h,0.035703895700629894,0.7384173256720271,-0.0061646768492688185,0.9983494882799048,11
highest-temperature-in-seattle-on-june-10-2026,Seattle,2026-06-10,clean,microprice_minus_mid,300,<1h,0.07082290952461918,0.706566718864768,-0.0100577712718262,0.9228336435654028,9
highest-temperature-in-seattle-on-june-10-2026,Seattle,2026-06-10,clean,microprice_minus_mid,300,>24h,0.08720745901119423,0.6469609389581787,-0.010273739843490736,0.9999946201271801,11
highest-temperature-in-seattle-on-june-10-2026,Seattle,2026-06-10,clean,microprice_minus_mid,300,all,0.07057226632818686,0.6830373623726254,-0.008261062994197,0.9964037935681481,11
highest-temperature-in-seattle-on-june-10-2026,Seattle,2026-06-10,clean,microprice_minus_mid,600,1-6h,0.04872300231615606,0.5612482895039577,-0.010136234932510056,0.9922367099671396,9
highest-temperature-in-seattle-on-june-10-2026,Seattle,2026-06-10,clean,microprice_minus_mid,600,6-24h,0.017937710700859245,0.6499411397440862,-0.006301988446243336,0.9971451584421868,11
highest-temperature-in-seattle-on-june-10-2026,Seattle,2026-06-10,clean,microprice_minus_mid,600,<1h,0.15777688661383094,0.5715318263495941,-0.009477544277873078,0.8629390644325802,9
highest-temperature-in-seattle-on-june-10-2026,Seattle,2026-06-10,clean,microprice_minus_mid,600,>24h,0.09064337904250956,0.5621352827899951,-0.010326157549594164,0.9992037788226686,11
highest-temperature-in-seattle-on-june-10-2026,Seattle,2026-06-10,clean,microprice_minus_mid,600,all,0.05651720646088503,0.6056182326694723,-0.008488712658026363,0.9937589436526497,11
highest-temperature-in-seattle-on-june-10-2026,Seattle,2026-06-10,clean,microprice_minus_mid,900,1-6h,0.00941046404533084,0.49976701223748665,-0.010625277495932468,0.9936450406355605,9
highest-temperature-in-seattle-on-june-10-2026,Seattle,2026-06-10,clean,microprice_minus_mid,900,6-24h,0.0033182623408237856,0.6058065577529456,-0.006380745022206446,0.9960070978000511,11
highest-temperature-in-seattle-on-june-10-2026,Seattle,2026-06-10,clean,microprice_minus_mid,900,<1h,0.051265901216771735,0.4828657492547486,-0.009685554346593732,0.8142349250026343,9
highest-temperature-in-seattle-on-june-10-2026,Seattle,2026-06-10,clean,microprice_minus_mid,900,>24h,0.09600219682472245,0.5085649051946934,-0.010525214214684565,0.9991983989498489,11
highest-temperature-in-seattle-on-june-10-2026,Seattle,2026-06-10,clean,microprice_minus_mid,900,all,0.04301754160383931,0.5533724978691791,-0.008721998674220254,0.9925809127910804,11
highest-temperature-in-seoul-on-june-9-2026,Seoul,2026-06-09,clean,depth_imbalance_1,30,1-6h,0.13990681790323986,0.7318802742840412,-0.0025295657126557665,0.9974577902277096,3
highest-temperature-in-seoul-on-june-9-2026,Seoul,2026-06-09,clean,depth_imbalance_1,30,6-24h,0.1136546975454358,0.6791918714476788,-0.0089212761782127,0.9983242461296503,7
highest-temperature-in-seoul-on-june-9-2026,Seoul,2026-06-09,clean,depth_imbalance_1,30,>24h,0.11423250335104915,0.8440816431988021,-0.006425215855348119,0.9986362069990751,10
highest-temperature-in-seoul-on-june-9-2026,Seoul,2026-06-09,clean,depth_imbalance_1,30,all,0.11105138915789428,0.793372434738926,-0.00665136309031987,0.9981786526230405,10
highest-temperature-in-seoul-on-june-9-2026,Seoul,2026-06-09,clean,depth_imbalance_1,60,1-6h,0.09065430977747167,0.6266395998322495,-0.0025583036460444333,0.995814262094195,3
highest-temperature-in-seoul-on-june-9-2026,Seoul,2026-06-09,clean,depth_imbalance_1,60,6-24h,0.12332963538815989,0.613374758009325,-0.008699605975343786,0.9972060080914308,7
highest-temperature-in-seoul-on-june-9-2026,Seoul,2026-06-09,clean,depth_imbalance_1,60,>24h,0.14118929997782098,0.7859056086503505,-0.006309879069801991,0.997458111365483,10
highest-temperature-in-seoul-on-june-9-2026,Seoul,2026-06-09,clean,depth_imbalance_1,60,all,0.12990662407500267,0.736948233252887,-0.006517135719681361,0.9967512267506917,10
highest-temperature-in-seoul-on-june-9-2026,Seoul,2026-06-09,clean,depth_imbalance_1,120,1-6h,0.11204639002845822,0.4879173844804919,-0.0025812357876509335,0.9922940512570649,3
highest-temperature-in-seoul-on-june-9-2026,Seoul,2026-06-09,clean,depth_imbalance_1,120,6-24h,0.11984379393496929,0.5429309545004444,-0.008870486628691443,0.9954917927066422,7
highest-temperature-in-seoul-on-june-9-2026,Seoul,2026-06-09,clean,depth_imbalance_1,120,>24h,0.14631951747137623,0.7256517508679081,-0.0062061305065045395,0.9952649948287228,10
highest-temperature-in-seoul-on-june-9-2026,Seoul,2026-06-09,clean,depth_imbalance_1,120,all,0.1317148312728284,0.6748748416946757,-0.00652788113442974,0.9941418772452858,10
highest-temperature-in-seoul-on-june-9-2026,Seoul,2026-06-09,clean,depth_imbalance_1,300,1-6h,0.08903687412046261,0.27956758224016265,-0.002879135049476,0.9802373943067715,3
highest-temperature-in-seoul-on-june-9-2026,Seoul,2026-06-09,clean,depth_imbalance_1,300,6-24h,0.139578121788895,0.43001263118366806,-0.009516281371264628,0.9919748148803459,7
highest-temperature-in-seoul-on-june-9-2026,Seoul,2026-06-09,clean,depth_imbalance_1,300,>24h,0.16128514080282158,0.6199790995822545,-0.00601639220781621,0.9897402175717662,10
highest-temperature-in-seoul-on-june-9-2026,Seoul,2026-06-09,clean,depth_imbalance_1,300,all,0.14781363152048366,0.5748787371292977,-0.006709833399423751,0.9877913347065228,10
highest-temperature-in-seoul-on-june-9-2026,Seoul,2026-06-09,clean,depth_imbalance_1,600,1-6h,-0.08171983171135395,0.18785627107142236,-0.0035192855337099,0.9538531326721914,3
highest-temperature-in-seoul-on-june-9-2026,Seoul,2026-06-09,clean,depth_imbalance_1,600,6-24h,0.14567150030065015,0.3466003940713388,-0.0094480521676724,0.9865162566131238,7
highest-temperature-in-seoul-on-june-9-2026,Seoul,2026-06-09,clean,depth_imbalance_1,600,>24h,0.1872730052572861,0.508778466515518,-0.00582012814640695,0.983712967304092,10
highest-temperature-in-seoul-on-june-9-2026,Seoul,2026-06-09,clean,depth_imbalance_1,600,all,0.16552342239482964,0.4767895320925259,-0.0066032638748282895,0.9804633485387688,10
highest-temperature-in-seoul-on-june-9-2026,Seoul,2026-06-09,clean,depth_imbalance_1,900,1-6h,0.023599670736253898,0.11831095445574102,-0.0038021617052589,0.9325511877277468,3
highest-temperature-in-seoul-on-june-9-2026,Seoul,2026-06-09,clean,depth_imbalance_1,900,6-24h,0.15888940536012458,0.28601160239472506,-0.009268506489588144,0.9813509314946268,7
highest-temperature-in-seoul-on-june-9-2026,Seoul,2026-06-09,clean,depth_imbalance_1,900,>24h,0.20023027015549913,0.4383643297635512,-0.0057251004371130995,0.9774090053879754,10
highest-temperature-in-seoul-on-june-9-2026,Seoul,2026-06-09,clean,depth_imbalance_1,900,all,0.1820780959320003,0.4138063287009019,-0.00655140456682132,0.9729515133375845,10
highest-temperature-in-seoul-on-june-9-2026,Seoul,2026-06-09,clean,microprice_minus_mid,30,1-6h,0.026901411922339764,0.7318802742840412,-0.0025298888887501335,0.9974577902277096,3
highest-temperature-in-seoul-on-june-9-2026,Seoul,2026-06-09,clean,microprice_minus_mid,30,6-24h,0.08561110271060872,0.6791918714476788,-0.008930284120453559,0.9983242461296503,7
highest-temperature-in-seoul-on-june-9-2026,Seoul,2026-06-09,clean,microprice_minus_mid,30,>24h,0.05533235448885132,0.8440816431988021,-0.0064276492637477395,0.9986362069990751,10
highest-temperature-in-seoul-on-june-9-2026,Seoul,2026-06-09,clean,microprice_minus_mid,30,all,0.04403313875645196,0.793372434738926,-0.00665704256101778,0.9981786526230405,10
highest-temperature-in-seoul-on-june-9-2026,Seoul,2026-06-09,clean,microprice_minus_mid,60,1-6h,-0.04485498652338304,0.6266395998322495,-0.0025586628791150335,0.995814262094195,3
highest-temperature-in-seoul-on-june-9-2026,Seoul,2026-06-09,clean,microprice_minus_mid,60,6-24h,0.09165978594104254,0.613374758009325,-0.008729382515730586,0.9972060080914308,7
highest-temperature-in-seoul-on-june-9-2026,Seoul,2026-06-09,clean,microprice_minus_mid,60,>24h,0.07737029910492874,0.7859056086503505,-0.006312407487160001,0.997458111365483,10
highest-temperature-in-seoul-on-june-9-2026,Seoul,2026-06-09,clean,microprice_minus_mid,60,all,0.05760902954142627,0.736948233252887,-0.00653125632306676,0.9967512267506917,10
highest-temperature-in-seoul-on-june-9-2026,Seoul,2026-06-09,clean,microprice_minus_mid,120,1-6h,-0.0598813769048007,0.4879173844804919,-0.0025815586073688335,0.9922940512570649,3
highest-temperature-in-seoul-on-june-9-2026,Seoul,2026-06-09,clean,microprice_minus_mid,120,6-24h,0.07779147744405965,0.5429309545004444,-0.008897380182644085,0.9954917927066422,7
highest-temperature-in-seoul-on-june-9-2026,Seoul,2026-06-09,clean,microprice_minus_mid,120,>24h,0.08817400056065584,0.7256517508679081,-0.0062090196449084995,0.9952649948287228,10
highest-temperature-in-seoul-on-june-9-2026,Seoul,2026-06-09,clean,microprice_minus_mid,120,all,0.0632824578000014,0.6748748416946757,-0.006541290472614469,0.9941418772452858,10
highest-temperature-in-seoul-on-june-9-2026,Seoul,2026-06-09,clean,microprice_minus_mid,300,1-6h,-0.14518947220444722,0.27956758224016265,-0.0028796137215572003,0.9802373943067715,3
highest-temperature-in-seoul-on-june-9-2026,Seoul,2026-06-09,clean,microprice_minus_mid,300,6-24h,0.08306593171052438,0.43001263118366806,-0.009510477018805029,0.9919748148803459,7
highest-temperature-in-seoul-on-june-9-2026,Seoul,2026-06-09,clean,microprice_minus_mid,300,>24h,0.09797094110254254,0.6199790995822545,-0.00601950032651593,0.9897402175717662,10
highest-temperature-in-seoul-on-june-9-2026,Seoul,2026-06-09,clean,microprice_minus_mid,300,all,0.0733225861313414,0.5748787371292977,-0.006710638054534179,0.9877913347065228,10
highest-temperature-in-seoul-on-june-9-2026,Seoul,2026-06-09,clean,microprice_minus_mid,600,1-6h,-0.3699415797482255,0.18785627107142236,-0.0035196938336016,0.9538531326721914,3
highest-temperature-in-seoul-on-june-9-2026,Seoul,2026-06-09,clean,microprice_minus_mid,600,6-24h,0.08947304847163096,0.3466003940713388,-0.009410881269847229,0.9865162566131238,7
highest-temperature-in-seoul-on-june-9-2026,Seoul,2026-06-09,clean,microprice_minus_mid,600,>24h,0.1094749049035384,0.508778466515518,-0.00582421593379661,0.983712967304092,10
highest-temperature-in-seoul-on-june-9-2026,Seoul,2026-06-09,clean,microprice_minus_mid,600,all,0.07994199988336556,0.4767895320925259,-0.00659352306859939,0.9804633485387688,10
highest-temperature-in-seoul-on-june-9-2026,Seoul,2026-06-09,clean,microprice_minus_mid,900,1-6h,-0.32802607486349716,0.11831095445574102,-0.0038027011895491332,0.9325511877277468,3
highest-temperature-in-seoul-on-june-9-2026,Seoul,2026-06-09,clean,microprice_minus_mid,900,6-24h,0.0951564662340256,0.28601160239472506,-0.009254778416552286,0.9813509314946268,7
highest-temperature-in-seoul-on-june-9-2026,Seoul,2026-06-09,clean,microprice_minus_mid,900,>24h,0.11240544259590039,0.4383643297635512,-0.00572890255768317,0.9774090053879754,10
highest-temperature-in-seoul-on-june-9-2026,Seoul,2026-06-09,clean,microprice_minus_mid,900,all,0.08754110980658203,0.4138063287009019,-0.00655042344785713,0.9729515133375845,10
highest-temperature-in-shanghai-on-june-10-2026,Shanghai,2026-06-10,clean,depth_imbalance_1,30,1-6h,0.1554431788709459,0.838369757391806,-0.00359668409439638,0.9959276086149345,5
highest-temperature-in-shanghai-on-june-10-2026,Shanghai,2026-06-10,clean,depth_imbalance_1,30,6-24h,0.09920778023664702,0.7778258405928546,-0.00638079145686789,0.99897332701145,10
highest-temperature-in-shanghai-on-june-10-2026,Shanghai,2026-06-10,clean,depth_imbalance_1,30,>24h,0.13318970768621743,0.8427012305532698,-0.007974582616738446,0.9997538214704598,11
highest-temperature-in-shanghai-on-june-10-2026,Shanghai,2026-06-10,clean,depth_imbalance_1,30,all,0.12837449947105228,0.8020496637322225,-0.006471868271184955,0.9990862485525216,11
highest-temperature-in-shanghai-on-june-10-2026,Shanghai,2026-06-10,clean,depth_imbalance_1,60,1-6h,0.1819429866079266,0.7816431318425427,-0.00360342342752652,0.9927897072207544,5
highest-temperature-in-shanghai-on-june-10-2026,Shanghai,2026-06-10,clean,depth_imbalance_1,60,6-24h,0.10825405500288521,0.7134473609582921,-0.006187043418936869,0.9984718931079618,10
highest-temperature-in-shanghai-on-june-10-2026,Shanghai,2026-06-10,clean,depth_imbalance_1,60,>24h,0.13607054011584455,0.805322907003913,-0.007915314659760872,0.9995658467454505,11
highest-temperature-in-shanghai-on-june-10-2026,Shanghai,2026-06-10,clean,depth_imbalance_1,60,all,0.1373577467781325,0.749650452625015,-0.006355362356284946,0.9985725492555766,11
highest-temperature-in-shanghai-on-june-10-2026,Shanghai,2026-06-10,clean,depth_imbalance_1,120,1-6h,0.19634740137684473,0.7081288309521419,-0.00373641537465646,0.9871875611792478,5
highest-temperature-in-shanghai-on-june-10-2026,Shanghai,2026-06-10,clean,depth_imbalance_1,120,6-24h,0.11628783239460747,0.6260101087812946,-0.00591010502614615,0.9971626686534686,10
highest-temperature-in-shanghai-on-june-10-2026,Shanghai,2026-06-10,clean,depth_imbalance_1,120,>24h,0.14766183128919866,0.7535359870319188,-0.007836083585973782,0.9993168140730302,11
highest-temperature-in-shanghai-on-june-10-2026,Shanghai,2026-06-10,clean,depth_imbalance_1,120,all,0.14994618461838446,0.6787573166588569,-0.006202680457100428,0.9974999398968669,11
highest-temperature-in-shanghai-on-june-10-2026,Shanghai,2026-06-10,clean,depth_imbalance_1,300,1-6h,0.21256081409116573,0.5806341632220875,-0.004646861995357359,0.9742415173551905,5
highest-temperature-in-shanghai-on-june-10-2026,Shanghai,2026-06-10,clean,depth_imbalance_1,300,6-24h,0.11228270337276061,0.5136206823667459,-0.00562836972340984,0.9942740779679008,10
highest-temperature-in-shanghai-on-june-10-2026,Shanghai,2026-06-10,clean,depth_imbalance_1,300,>24h,0.13149444361492302,0.6598422043320359,-0.0077947035455733,0.9984353708041284,11
highest-temperature-in-shanghai-on-june-10-2026,Shanghai,2026-06-10,clean,depth_imbalance_1,300,all,0.13682500158810934,0.5739890752915142,-0.006146057326289455,0.9948313024601562,11
highest-temperature-in-shanghai-on-june-10-2026,Shanghai,2026-06-10,clean,depth_imbalance_1,600,1-6h,0.25017036559941797,0.5006411413532377,-0.00582580166796306,0.9415697337847849,5
highest-temperature-in-shanghai-on-june-10-2026,Shanghai,2026-06-10,clean,depth_imbalance_1,600,6-24h,0.09562268366134423,0.4285111057833122,-0.00542245340400933,0.990559923769393,10
highest-temperature-in-shanghai-on-june-10-2026,Shanghai,2026-06-10,clean,depth_imbalance_1,600,>24h,0.13398953310183223,0.5702038829607436,-0.007696569660826818,0.9972192705714803,11
highest-temperature-in-shanghai-on-june-10-2026,Shanghai,2026-06-10,clean,depth_imbalance_1,600,all,0.1300931991009906,0.49010076971377037,-0.0061454052444063455,0.9910501619707323,11
highest-temperature-in-shanghai-on-june-10-2026,Shanghai,2026-06-10,clean,depth_imbalance_1,900,1-6h,0.20897103872166778,0.45124854779751916,-0.00680726516716354,0.909452582650396,5
highest-temperature-in-shanghai-on-june-10-2026,Shanghai,2026-06-10,clean,depth_imbalance_1,900,6-24h,0.08498925396947046,0.3741692187637942,-0.00560170820297521,0.9867435617462839,10
highest-temperature-in-shanghai-on-june-10-2026,Shanghai,2026-06-10,clean,depth_imbalance_1,900,>24h,0.13192295022889014,0.5114316768429658,-0.007701514130480591,0.9961473893153272,11
highest-temperature-in-shanghai-on-june-10-2026,Shanghai,2026-06-10,clean,depth_imbalance_1,900,all,0.12612609657289528,0.43736326913333046,-0.006357578796458682,0.9873287559540281,11
highest-temperature-in-shanghai-on-june-10-2026,Shanghai,2026-06-10,clean,microprice_minus_mid,30,1-6h,0.13866892664759206,0.838369757391806,-0.0035964695344884597,0.9959276086149345,5
highest-temperature-in-shanghai-on-june-10-2026,Shanghai,2026-06-10,clean,microprice_minus_mid,30,6-24h,0.09197307061506929,0.7778258405928546,-0.0063839620428909295,0.99897332701145,10
highest-temperature-in-shanghai-on-june-10-2026,Shanghai,2026-06-10,clean,microprice_minus_mid,30,>24h,0.11130906614009885,0.8427012305532698,-0.007975297113603973,0.9997538214704598,11
highest-temperature-in-shanghai-on-june-10-2026,Shanghai,2026-06-10,clean,microprice_minus_mid,30,all,0.10267391738817154,0.8020496637322225,-0.0064741867701653,0.9990862485525216,11
highest-temperature-in-shanghai-on-june-10-2026,Shanghai,2026-06-10,clean,microprice_minus_mid,60,1-6h,0.1568830550360452,0.7816431318425427,-0.0036033834014245203,0.9927897072207544,5
highest-temperature-in-shanghai-on-june-10-2026,Shanghai,2026-06-10,clean,microprice_minus_mid,60,6-24h,0.09024195381968445,0.7134473609582921,-0.00619207265931342,0.9984718931079618,10
highest-temperature-in-shanghai-on-june-10-2026,Shanghai,2026-06-10,clean,microprice_minus_mid,60,>24h,0.11539353207522494,0.805322907003913,-0.007916049950534946,0.9995658467454505,11
highest-temperature-in-shanghai-on-june-10-2026,Shanghai,2026-06-10,clean,microprice_minus_mid,60,all,0.10920082108924492,0.749650452625015,-0.0063586649134052455,0.9985725492555766,11
highest-temperature-in-shanghai-on-june-10-2026,Shanghai,2026-06-10,clean,microprice_minus_mid,120,1-6h,0.07763670342930955,0.7081288309521419,-0.0037362922054341,0.9871875611792478,5
highest-temperature-in-shanghai-on-june-10-2026,Shanghai,2026-06-10,clean,microprice_minus_mid,120,6-24h,0.09690136159177765,0.6260101087812946,-0.00591492181076287,0.9971626686534686,10
highest-temperature-in-shanghai-on-june-10-2026,Shanghai,2026-06-10,clean,microprice_minus_mid,120,>24h,0.12164827282899392,0.7535359870319188,-0.007837166078001672,0.9993168140730302,11
highest-temperature-in-shanghai-on-june-10-2026,Shanghai,2026-06-10,clean,microprice_minus_mid,120,all,0.11664812539841683,0.6787573166588569,-0.006205898914202764,0.9974999398968669,11
highest-temperature-in-shanghai-on-june-10-2026,Shanghai,2026-06-10,clean,microprice_minus_mid,300,1-6h,0.003201711078304928,0.5806341632220875,-0.004644833847390161,0.9742415173551905,5
highest-temperature-in-shanghai-on-june-10-2026,Shanghai,2026-06-10,clean,microprice_minus_mid,300,6-24h,0.0790242787958878,0.5136206823667459,-0.00564070776989693,0.9942740779679008,10
highest-temperature-in-shanghai-on-june-10-2026,Shanghai,2026-06-10,clean,microprice_minus_mid,300,>24h,0.10372645903447765,0.6598422043320359,-0.007795952159831846,0.9984353708041284,11
highest-temperature-in-shanghai-on-june-10-2026,Shanghai,2026-06-10,clean,microprice_minus_mid,300,all,0.09834827468204259,0.5739890752915142,-0.006152901415680264,0.9948313024601562,11
highest-temperature-in-shanghai-on-june-10-2026,Shanghai,2026-06-10,clean,microprice_minus_mid,600,1-6h,-0.06339360873839872,0.5006411413532377,-0.00582214527461464,0.9415697337847849,5
highest-temperature-in-shanghai-on-june-10-2026,Shanghai,2026-06-10,clean,microprice_minus_mid,600,6-24h,0.05864092452193028,0.4285111057833122,-0.00543508649392356,0.990559923769393,10
highest-temperature-in-shanghai-on-june-10-2026,Shanghai,2026-06-10,clean,microprice_minus_mid,600,>24h,0.09974305101091764,0.5702038829607436,-0.007698619493300991,0.9972192705714803,11
highest-temperature-in-shanghai-on-june-10-2026,Shanghai,2026-06-10,clean,microprice_minus_mid,600,all,0.0857929615317747,0.49010076971377037,-0.006152380399987945,0.9910501619707323,11
highest-temperature-in-shanghai-on-june-10-2026,Shanghai,2026-06-10,clean,microprice_minus_mid,900,1-6h,-0.09992184897144218,0.45124854779751916,-0.00680203907658294,0.909452582650396,5
highest-temperature-in-shanghai-on-june-10-2026,Shanghai,2026-06-10,clean,microprice_minus_mid,900,6-24h,0.05247985533371395,0.3741692187637942,-0.00561898808542656,0.9867435617462839,10
highest-temperature-in-shanghai-on-june-10-2026,Shanghai,2026-06-10,clean,microprice_minus_mid,900,>24h,0.07663407151713653,0.5114316768429658,-0.007704057669101127,0.9961473893153272,11
highest-temperature-in-shanghai-on-june-10-2026,Shanghai,2026-06-10,clean,microprice_minus_mid,900,all,0.0660838650907536,0.43736326913333046,-0.006366766355117218,0.9873287559540281,11
highest-temperature-in-shenzhen-on-june-9-2026,Shenzhen,2026-06-09,clean,depth_imbalance_1,30,1-6h,0.09932443521543292,0.6394661526765592,-0.024596670035163113,0.9877909089624523,7
highest-temperature-in-shenzhen-on-june-9-2026,Shenzhen,2026-06-09,clean,depth_imbalance_1,30,6-24h,0.08392898711931668,0.7532138221037521,-0.0142743128798276,0.9992558349418867,10
highest-temperature-in-shenzhen-on-june-9-2026,Shenzhen,2026-06-09,clean,depth_imbalance_1,30,<1h,0.019856018325865976,0.16993309720582445,-0.06697476528754595,0.9371877675559821,2
highest-temperature-in-shenzhen-on-june-9-2026,Shenzhen,2026-06-09,clean,depth_imbalance_1,30,>24h,0.05147782859497076,0.8149631246363758,-0.011562205694297644,0.9971055054643648,11
highest-temperature-in-shenzhen-on-june-9-2026,Shenzhen,2026-06-09,clean,depth_imbalance_1,30,all,0.055876039503256654,0.7614029771755998,-0.014430269912848874,0.9970734893394801,11
highest-temperature-in-shenzhen-on-june-9-2026,Shenzhen,2026-06-09,clean,depth_imbalance_1,60,1-6h,0.13185834402427207,0.5541935841199154,-0.024237609898042585,0.982025702270976,7
highest-temperature-in-shenzhen-on-june-9-2026,Shenzhen,2026-06-09,clean,depth_imbalance_1,60,6-24h,0.0932033723620046,0.7028615666333221,-0.014195146617224718,0.9984817199829475,10
highest-temperature-in-shenzhen-on-june-9-2026,Shenzhen,2026-06-09,clean,depth_imbalance_1,60,<1h,0.024480460605872556,0.08195707518966336,-0.06802819014012865,0.9118497970644739,2
highest-temperature-in-shenzhen-on-june-9-2026,Shenzhen,2026-06-09,clean,depth_imbalance_1,60,>24h,0.04628978509076305,0.7711271140140937,-0.011544689066081826,0.9953941132828373,11
highest-temperature-in-shenzhen-on-june-9-2026,Shenzhen,2026-06-09,clean,depth_imbalance_1,60,all,0.06083980218214344,0.7102801932904328,-0.014334476177754763,0.9953063318686848,11
highest-temperature-in-shenzhen-on-june-9-2026,Shenzhen,2026-06-09,clean,depth_imbalance_1,120,1-6h,0.1535425693601085,0.4852131219465403,-0.023800221852193958,0.9699007088081386,7
highest-temperature-in-shenzhen-on-june-9-2026,Shenzhen,2026-06-09,clean,depth_imbalance_1,120,6-24h,0.10440457810328341,0.6369939433396177,-0.01411008711778361,0.9973447064856641,10
highest-temperature-in-shenzhen-on-june-9-2026,Shenzhen,2026-06-09,clean,depth_imbalance_1,120,<1h,0.08933719040391665,0.05062330974959825,-0.0644040862259307,0.8737629935240678,2
highest-temperature-in-shenzhen-on-june-9-2026,Shenzhen,2026-06-09,clean,depth_imbalance_1,120,>24h,0.04858013137913635,0.7265152818222559,-0.011515250820970163,0.9924827739601109,11
highest-temperature-in-shenzhen-on-june-9-2026,Shenzhen,2026-06-09,clean,depth_imbalance_1,120,all,0.0702970222154321,0.6539924818188816,-0.0141921872134032,0.9924841437348552,11
highest-temperature-in-shenzhen-on-june-9-2026,Shenzhen,2026-06-09,clean,depth_imbalance_1,300,1-6h,0.17474977798452032,0.33875396750329884,-0.023292386115207002,0.9348205904804967,7
highest-temperature-in-shenzhen-on-june-9-2026,Shenzhen,2026-06-09,clean,depth_imbalance_1,300,6-24h,0.10213287181185361,0.5417866447433648,-0.01391445596373237,0.9987137489899494,10
highest-temperature-in-shenzhen-on-june-9-2026,Shenzhen,2026-06-09,clean,depth_imbalance_1,300,<1h,0.23553270885265132,0.0512006547841027,-0.05406290509913745,0.6718819373016375,2
highest-temperature-in-shenzhen-on-june-9-2026,Shenzhen,2026-06-09,clean,depth_imbalance_1,300,>24h,0.08351620789240653,0.641403326891547,-0.011373452765903673,0.9888426485103192,11
highest-temperature-in-shenzhen-on-june-9-2026,Shenzhen,2026-06-09,clean,depth_imbalance_1,300,all,0.08571795147051942,0.5648792204624228,-0.0139314414680678,0.9898195545358432,11
highest-temperature-in-shenzhen-on-june-9-2026,Shenzhen,2026-06-09,clean,depth_imbalance_1,600,1-6h,0.09427588102170799,0.20936262852743612,-0.025111368539929613,0.8697834772567722,7
highest-temperature-in-shenzhen-on-june-9-2026,Shenzhen,2026-06-09,clean,depth_imbalance_1,600,6-24h,0.1220710678496263,0.47602646289609074,-0.01370946599400007,0.9953359980257812,10
highest-temperature-in-shenzhen-on-june-9-2026,Shenzhen,2026-06-09,clean,depth_imbalance_1,600,<1h,0.16651785812514874,0.06847034485670256,-0.0590921472633793,0.233349709914248,2
highest-temperature-in-shenzhen-on-june-9-2026,Shenzhen,2026-06-09,clean,depth_imbalance_1,600,>24h,0.11411255449581749,0.5564195712885702,-0.011259492266072882,0.9739924475422675,11
highest-temperature-in-shenzhen-on-june-9-2026,Shenzhen,2026-06-09,clean,depth_imbalance_1,600,all,0.09936038782182642,0.49295272362474984,-0.014029924146518446,0.9769604987403905,11
highest-temperature-in-shenzhen-on-june-9-2026,Shenzhen,2026-06-09,clean,depth_imbalance_1,900,1-6h,0.0811226571147985,0.14931338591522827,-0.0213731695554799,0.8018373506240394,7
highest-temperature-in-shenzhen-on-june-9-2026,Shenzhen,2026-06-09,clean,depth_imbalance_1,900,6-24h,0.13768395762695648,0.4291805822536256,-0.01275151123626389,0.9930883247579951,10
highest-temperature-in-shenzhen-on-june-9-2026,Shenzhen,2026-06-09,clean,depth_imbalance_1,900,<1h,0.32441403687895704,0.044176354794950454,-0.0704387371184636,0.18519643277844494,2
highest-temperature-in-shenzhen-on-june-9-2026,Shenzhen,2026-06-09,clean,depth_imbalance_1,900,>24h,0.12583563148876453,0.5003134763874475,-0.01103279135255589,0.9730293009882487,11
highest-temperature-in-shenzhen-on-june-9-2026,Shenzhen,2026-06-09,clean,depth_imbalance_1,900,all,0.10444074503778761,0.44432345996800876,-0.01289319494980268,0.9739487346033148,11
highest-temperature-in-shenzhen-on-june-9-2026,Shenzhen,2026-06-09,clean,microprice_minus_mid,30,1-6h,0.0146862787399145,0.6394661526765592,-0.024616791513991355,0.9877909089624523,7
highest-temperature-in-shenzhen-on-june-9-2026,Shenzhen,2026-06-09,clean,microprice_minus_mid,30,6-24h,0.05513882072838102,0.7532138221037521,-0.014276639315741621,0.9992558349418867,10
highest-temperature-in-shenzhen-on-june-9-2026,Shenzhen,2026-06-09,clean,microprice_minus_mid,30,<1h,-0.18903133933663344,0.16993309720582445,-0.06712321436862555,0.9371877675559821,2
highest-temperature-in-shenzhen-on-june-9-2026,Shenzhen,2026-06-09,clean,microprice_minus_mid,30,>24h,0.03523398076630057,0.8149631246363758,-0.011578974097177371,0.9971055054643648,11
highest-temperature-in-shenzhen-on-june-9-2026,Shenzhen,2026-06-09,clean,microprice_minus_mid,30,all,0.036695294547102346,0.7614029771755998,-0.014446732623665191,0.9970734893394801,11
highest-temperature-in-shenzhen-on-june-9-2026,Shenzhen,2026-06-09,clean,microprice_minus_mid,60,1-6h,0.015649019854131956,0.5541935841199154,-0.024256827061533287,0.982025702270976,7
highest-temperature-in-shenzhen-on-june-9-2026,Shenzhen,2026-06-09,clean,microprice_minus_mid,60,6-24h,0.05460270512164362,0.7028615666333221,-0.014197679503114579,0.9984817199829475,10
highest-temperature-in-shenzhen-on-june-9-2026,Shenzhen,2026-06-09,clean,microprice_minus_mid,60,<1h,-0.20313614672836242,0.08195707518966336,-0.0681857696338739,0.9118497970644739,2
highest-temperature-in-shenzhen-on-june-9-2026,Shenzhen,2026-06-09,clean,microprice_minus_mid,60,>24h,0.03312794252099063,0.7711271140140937,-0.011562749411998863,0.9953941132828373,11
highest-temperature-in-shenzhen-on-june-9-2026,Shenzhen,2026-06-09,clean,microprice_minus_mid,60,all,0.0409272543205532,0.7102801932904328,-0.014350962641542155,0.9953063318686848,11
highest-temperature-in-shenzhen-on-june-9-2026,Shenzhen,2026-06-09,clean,microprice_minus_mid,120,1-6h,0.00815112760352567,0.4852131219465403,-0.023794393417627024,0.9699007088081386,7
highest-temperature-in-shenzhen-on-june-9-2026,Shenzhen,2026-06-09,clean,microprice_minus_mid,120,6-24h,0.055789183793253073,0.6369939433396177,-0.014112200688821849,0.9973447064856641,10
highest-temperature-in-shenzhen-on-june-9-2026,Shenzhen,2026-06-09,clean,microprice_minus_mid,120,<1h,-0.13095933001476867,0.05062330974959825,-0.06437682258755606,0.8737629935240678,2
highest-temperature-in-shenzhen-on-june-9-2026,Shenzhen,2026-06-09,clean,microprice_minus_mid,120,>24h,0.032782957173108876,0.7265152818222559,-0.01153124927895312,0.9924827739601109,11
highest-temperature-in-shenzhen-on-june-9-2026,Shenzhen,2026-06-09,clean,microprice_minus_mid,120,all,0.04194840751242942,0.6539924818188816,-0.014203541079742654,0.9924841437348552,11
highest-temperature-in-shenzhen-on-june-9-2026,Shenzhen,2026-06-09,clean,microprice_minus_mid,300,1-6h,-0.03536895245492796,0.33875396750329884,-0.02332456554488104,0.9348205904804967,7
highest-temperature-in-shenzhen-on-june-9-2026,Shenzhen,2026-06-09,clean,microprice_minus_mid,300,6-24h,0.04419247949707505,0.5417866447433648,-0.01392307916939225,0.9987137489899494,10
highest-temperature-in-shenzhen-on-june-9-2026,Shenzhen,2026-06-09,clean,microprice_minus_mid,300,<1h,0.2660990416290308,0.0512006547841027,-0.0543963800821932,0.6718819373016375,2
highest-temperature-in-shenzhen-on-june-9-2026,Shenzhen,2026-06-09,clean,microprice_minus_mid,300,>24h,0.04533103985160672,0.641403326891547,-0.011388559651197144,0.9888426485103192,11
highest-temperature-in-shenzhen-on-june-9-2026,Shenzhen,2026-06-09,clean,microprice_minus_mid,300,all,0.04015007350655575,0.5648792204624228,-0.013951613113296126,0.9898195545358432,11
highest-temperature-in-shenzhen-on-june-9-2026,Shenzhen,2026-06-09,clean,microprice_minus_mid,600,1-6h,0.0353252799734938,0.20936262852743612,-0.025175326014947354,0.8697834772567722,7
highest-temperature-in-shenzhen-on-june-9-2026,Shenzhen,2026-06-09,clean,microprice_minus_mid,600,6-24h,0.053640819298834755,0.47602646289609074,-0.01371436157699546,0.9953359980257812,10
highest-temperature-in-shenzhen-on-june-9-2026,Shenzhen,2026-06-09,clean,microprice_minus_mid,600,<1h,0.2664278738285362,0.06847034485670256,-0.05946456791995145,0.233349709914248,2
highest-temperature-in-shenzhen-on-june-9-2026,Shenzhen,2026-06-09,clean,microprice_minus_mid,600,>24h,0.07415502265678407,0.5564195712885702,-0.011277132483578964,0.9739924475422675,11
highest-temperature-in-shenzhen-on-june-9-2026,Shenzhen,2026-06-09,clean,microprice_minus_mid,600,all,0.05231106649915385,0.49295272362474984,-0.014053164425058863,0.9769604987403905,11
highest-temperature-in-shenzhen-on-june-9-2026,Shenzhen,2026-06-09,clean,microprice_minus_mid,900,1-6h,0.010059621259372986,0.14931338591522827,-0.02147504044577196,0.8018373506240394,7
highest-temperature-in-shenzhen-on-june-9-2026,Shenzhen,2026-06-09,clean,microprice_minus_mid,900,6-24h,0.0795003280928804,0.4291805822536256,-0.012754194609382541,0.9930883247579951,10
highest-temperature-in-shenzhen-on-june-9-2026,Shenzhen,2026-06-09,clean,microprice_minus_mid,900,<1h,0.4362836410689404,0.044176354794950454,-0.0718724540835105,0.18519643277844494,2
highest-temperature-in-shenzhen-on-june-9-2026,Shenzhen,2026-06-09,clean,microprice_minus_mid,900,>24h,0.09046674066549874,0.5003134763874475,-0.01105542445579532,0.9730293009882487,11
highest-temperature-in-shenzhen-on-june-9-2026,Shenzhen,2026-06-09,clean,microprice_minus_mid,900,all,0.06619069377870465,0.44432345996800876,-0.012924238731354355,0.9739487346033148,11
highest-temperature-in-singapore-on-june-6-2026,Singapore,2026-06-06,degraded,depth_imbalance_1,30,>24h,0.0741850979004028,0.83308052232607,-0.0076440505741596915,0.9923565479895438,11
highest-temperature-in-singapore-on-june-6-2026,Singapore,2026-06-06,degraded,depth_imbalance_1,30,all,0.0741850979004028,0.83308052232607,-0.0076440505741596915,0.9923565479895438,11
highest-temperature-in-singapore-on-june-6-2026,Singapore,2026-06-06,degraded,depth_imbalance_1,60,>24h,0.10571509276431774,0.7851981053335926,-0.00767015453285251,0.9877235194488514,11
highest-temperature-in-singapore-on-june-6-2026,Singapore,2026-06-06,degraded,depth_imbalance_1,60,all,0.10571509276431774,0.7851981053335926,-0.00767015453285251,0.9877235194488514,11
highest-temperature-in-singapore-on-june-6-2026,Singapore,2026-06-06,degraded,depth_imbalance_1,120,>24h,0.10376185100284727,0.7381730468279354,-0.007681654942695037,0.9745974164094697,11
highest-temperature-in-singapore-on-june-6-2026,Singapore,2026-06-06,degraded,depth_imbalance_1,120,all,0.10376185100284727,0.7381730468279354,-0.007681654942695037,0.9745974164094697,11
highest-temperature-in-singapore-on-june-6-2026,Singapore,2026-06-06,degraded,depth_imbalance_1,300,>24h,0.18023748897129882,0.6135490765670439,-0.0075060062596662095,0.9455198487670731,11
highest-temperature-in-singapore-on-june-6-2026,Singapore,2026-06-06,degraded,depth_imbalance_1,300,all,0.18023748897129882,0.6135490765670439,-0.0075060062596662095,0.9455198487670731,11
highest-temperature-in-singapore-on-june-6-2026,Singapore,2026-06-06,degraded,depth_imbalance_1,600,>24h,0.2028876866260334,0.4739006241299318,-0.0075371935809805,0.9068603207650789,11
highest-temperature-in-singapore-on-june-6-2026,Singapore,2026-06-06,degraded,depth_imbalance_1,600,all,0.2028876866260334,0.4739006241299318,-0.0075371935809805,0.9068603207650789,11
highest-temperature-in-singapore-on-june-6-2026,Singapore,2026-06-06,degraded,depth_imbalance_1,900,>24h,0.18110633501582543,0.407853513484746,-0.00734474394578371,0.8714328608396257,11
highest-temperature-in-singapore-on-june-6-2026,Singapore,2026-06-06,degraded,depth_imbalance_1,900,all,0.18110633501582543,0.407853513484746,-0.00734474394578371,0.8714328608396257,11
highest-temperature-in-singapore-on-june-6-2026,Singapore,2026-06-06,degraded,microprice_minus_mid,30,>24h,0.029802155334955876,0.83308052232607,-0.007637902324774509,0.9923565479895438,11
highest-temperature-in-singapore-on-june-6-2026,Singapore,2026-06-06,degraded,microprice_minus_mid,30,all,0.029802155334955876,0.83308052232607,-0.007637902324774509,0.9923565479895438,11
highest-temperature-in-singapore-on-june-6-2026,Singapore,2026-06-06,degraded,microprice_minus_mid,60,>24h,0.04358182532844485,0.7851981053335926,-0.007663740624633874,0.9877235194488514,11
highest-temperature-in-singapore-on-june-6-2026,Singapore,2026-06-06,degraded,microprice_minus_mid,60,all,0.04358182532844485,0.7851981053335926,-0.007663740624633874,0.9877235194488514,11
highest-temperature-in-singapore-on-june-6-2026,Singapore,2026-06-06,degraded,microprice_minus_mid,120,>24h,0.028510641364002987,0.7381730468279354,-0.0076771970162726,0.9745974164094697,11
highest-temperature-in-singapore-on-june-6-2026,Singapore,2026-06-06,degraded,microprice_minus_mid,120,all,0.028510641364002987,0.7381730468279354,-0.0076771970162726,0.9745974164094697,11
highest-temperature-in-singapore-on-june-6-2026,Singapore,2026-06-06,degraded,microprice_minus_mid,300,>24h,0.05605769509079663,0.6135490765670439,-0.0075042754466824735,0.9455198487670731,11
highest-temperature-in-singapore-on-june-6-2026,Singapore,2026-06-06,degraded,microprice_minus_mid,300,all,0.05605769509079663,0.6135490765670439,-0.0075042754466824735,0.9455198487670731,11
highest-temperature-in-singapore-on-june-6-2026,Singapore,2026-06-06,degraded,microprice_minus_mid,600,>24h,0.036793566174172065,0.4739006241299318,-0.007535065642134709,0.9068603207650789,11
highest-temperature-in-singapore-on-june-6-2026,Singapore,2026-06-06,degraded,microprice_minus_mid,600,all,0.036793566174172065,0.4739006241299318,-0.007535065642134709,0.9068603207650789,11
highest-temperature-in-singapore-on-june-6-2026,Singapore,2026-06-06,degraded,microprice_minus_mid,900,>24h,-0.021411225429632662,0.407853513484746,-0.007348762205196536,0.8714328608396257,11
highest-temperature-in-singapore-on-june-6-2026,Singapore,2026-06-06,degraded,microprice_minus_mid,900,all,-0.021411225429632662,0.407853513484746,-0.007348762205196536,0.8714328608396257,11
highest-temperature-in-taipei-on-june-8-2026,Taipei,2026-06-08,clean,depth_imbalance_1,30,1-6h,-0.07251184597354145,0.9958269114688884,-0.0005488819964621334,0.9957434048212196,3
highest-temperature-in-taipei-on-june-8-2026,Taipei,2026-06-08,clean,depth_imbalance_1,30,6-24h,0.09742612181730367,0.6478493280887311,-0.01593237880437149,0.997961285672762,11
highest-temperature-in-taipei-on-june-8-2026,Taipei,2026-06-08,clean,depth_imbalance_1,30,<1h,,1.0,-0.0005,0.9090909090909092,1
highest-temperature-in-taipei-on-june-8-2026,Taipei,2026-06-08,clean,depth_imbalance_1,30,>24h,0.08131170629096349,0.7535429102886244,-0.0092717139486455,0.9995450861984799,11
highest-temperature-in-taipei-on-june-8-2026,Taipei,2026-06-08,clean,depth_imbalance_1,30,all,0.09351175982362857,0.6758506196620693,-0.014155828170347008,0.9984326117702923,11
highest-temperature-in-taipei-on-june-8-2026,Taipei,2026-06-08,clean,depth_imbalance_1,60,1-6h,-0.06778647285392406,0.9959584242457719,-0.0005477578000570334,0.9875356962990605,3
highest-temperature-in-taipei-on-june-8-2026,Taipei,2026-06-08,clean,depth_imbalance_1,60,6-24h,0.12449187749780567,0.5843586727823309,-0.015560222366789419,0.9968602621455439,11
highest-temperature-in-taipei-on-june-8-2026,Taipei,2026-06-08,clean,depth_imbalance_1,60,<1h,,1.0,-0.0005,0.5909090909090909,1
highest-temperature-in-taipei-on-june-8-2026,Taipei,2026-06-08,clean,depth_imbalance_1,60,>24h,0.085499696130606,0.6925811344269402,-0.0092290286436174,0.9992844384619791,11
highest-temperature-in-taipei-on-june-8-2026,Taipei,2026-06-08,clean,depth_imbalance_1,60,all,0.11085979719505455,0.613364838350451,-0.013876833967467382,0.9975328116894769,11
highest-temperature-in-taipei-on-june-8-2026,Taipei,2026-06-08,clean,depth_imbalance_1,120,1-6h,-0.0442593496962405,0.9965357967667435,-0.0005465364749342666,0.9653357967510946,3
highest-temperature-in-taipei-on-june-8-2026,Taipei,2026-06-08,clean,depth_imbalance_1,120,6-24h,0.14965836389920642,0.5111457718166138,-0.015019921741333918,0.9946082191209092,11
highest-temperature-in-taipei-on-june-8-2026,Taipei,2026-06-08,clean,depth_imbalance_1,120,<1h,,1.0,-0.0005,0.4090909090909091,1
highest-temperature-in-taipei-on-june-8-2026,Taipei,2026-06-08,clean,depth_imbalance_1,120,>24h,0.09979641170845112,0.6421565981017836,-0.009145632941110636,0.99886295254311,11
highest-temperature-in-taipei-on-june-8-2026,Taipei,2026-06-08,clean,depth_imbalance_1,120,all,0.13032930830077494,0.5476790248624694,-0.013453413546460818,0.9957737533935928,11
highest-temperature-in-taipei-on-june-8-2026,Taipei,2026-06-08,clean,depth_imbalance_1,300,1-6h,0.0008171089027020489,0.9951624004111035,-0.0005431659988876667,0.8908967137102682,3
highest-temperature-in-taipei-on-june-8-2026,Taipei,2026-06-08,clean,depth_imbalance_1,300,6-24h,0.17752018345619866,0.41473773792800017,-0.014270452584536946,0.9884245016791234,11
highest-temperature-in-taipei-on-june-8-2026,Taipei,2026-06-08,clean,depth_imbalance_1,300,<1h,,1.0,-0.0005,0.0909090909090909,1
highest-temperature-in-taipei-on-june-8-2026,Taipei,2026-06-08,clean,depth_imbalance_1,300,>24h,0.09029394422094196,0.5317620866346918,-0.009224613451701764,0.9984713445577746,11
highest-temperature-in-taipei-on-june-8-2026,Taipei,2026-06-08,clean,depth_imbalance_1,300,all,0.1385091949700502,0.4479065491988981,-0.01296306274545672,0.9910804394900411,11
highest-temperature-in-taipei-on-june-8-2026,Taipei,2026-06-08,clean,depth_imbalance_1,600,1-6h,-0.0844291643255051,0.9931505288819021,-0.0005429697127861333,0.7260790516388074,3
highest-temperature-in-taipei-on-june-8-2026,Taipei,2026-06-08,clean,depth_imbalance_1,600,6-24h,0.1158143556487376,0.34444623993987744,-0.014283789283918118,0.978411694480153,11
highest-temperature-in-taipei-on-june-8-2026,Taipei,2026-06-08,clean,depth_imbalance_1,600,<1h,,,,0.0,1
highest-temperature-in-taipei-on-june-8-2026,Taipei,2026-06-08,clean,depth_imbalance_1,600,>24h,0.06717567283808182,0.43231782200971575,-0.009199871846150127,0.9973007704146539,11
highest-temperature-in-taipei-on-june-8-2026,Taipei,2026-06-08,clean,depth_imbalance_1,600,all,0.08703510130684015,0.3697218758517733,-0.01289914843644812,0.9831962412538114,11
highest-temperature-in-taipei-on-june-8-2026,Taipei,2026-06-08,clean,depth_imbalance_1,900,1-6h,-0.4046374425178804,0.9936170212765957,-0.0005483532745023667,0.6185899925156199,3
highest-temperature-in-taipei-on-june-8-2026,Taipei,2026-06-08,clean,depth_imbalance_1,900,6-24h,0.13437713990432507,0.29529450194921963,-0.012938989075859646,0.9712666895101012,11
highest-temperature-in-taipei-on-june-8-2026,Taipei,2026-06-08,clean,depth_imbalance_1,900,<1h,,,,0.0,1
highest-temperature-in-taipei-on-june-8-2026,Taipei,2026-06-08,clean,depth_imbalance_1,900,>24h,0.07718754964164988,0.366040575661688,-0.009189746645976127,0.996485133492581,11
highest-temperature-in-taipei-on-june-8-2026,Taipei,2026-06-08,clean,depth_imbalance_1,900,all,0.09678343172796841,0.3162248965448539,-0.011989896711266584,0.9778546197243454,11
highest-temperature-in-taipei-on-june-8-2026,Taipei,2026-06-08,clean,microprice_minus_mid,30,1-6h,0.023599716686655905,0.9958269114688884,-0.0005488819964621334,0.9957434048212196,3
highest-temperature-in-taipei-on-june-8-2026,Taipei,2026-06-08,clean,microprice_minus_mid,30,6-24h,0.0720379250917132,0.6478493280887311,-0.015935525769504744,0.997961285672762,11
highest-temperature-in-taipei-on-june-8-2026,Taipei,2026-06-08,clean,microprice_minus_mid,30,<1h,,1.0,-0.0005,0.9090909090909092,1
highest-temperature-in-taipei-on-june-8-2026,Taipei,2026-06-08,clean,microprice_minus_mid,30,>24h,0.05201400637131414,0.7535429102886244,-0.009271939664619309,0.9995450861984799,11
highest-temperature-in-taipei-on-june-8-2026,Taipei,2026-06-08,clean,microprice_minus_mid,30,all,0.06775403670426589,0.6758506196620693,-0.014160743435674965,0.9984326117702923,11
highest-temperature-in-taipei-on-june-8-2026,Taipei,2026-06-08,clean,microprice_minus_mid,60,1-6h,0.02831049911684015,0.9959584242457719,-0.0005477578000570334,0.9875356962990605,3
highest-temperature-in-taipei-on-june-8-2026,Taipei,2026-06-08,clean,microprice_minus_mid,60,6-24h,0.09987266091571033,0.5843586727823309,-0.015558638357129938,0.9968602621455439,11
highest-temperature-in-taipei-on-june-8-2026,Taipei,2026-06-08,clean,microprice_minus_mid,60,<1h,,1.0,-0.0005,0.5909090909090909,1
highest-temperature-in-taipei-on-june-8-2026,Taipei,2026-06-08,clean,microprice_minus_mid,60,>24h,0.044240564211764186,0.6925811344269402,-0.00922802534135759,0.9992844384619791,11
highest-temperature-in-taipei-on-june-8-2026,Taipei,2026-06-08,clean,microprice_minus_mid,60,all,0.08306818417286317,0.613364838350451,-0.013877457923135345,0.9975328116894769,11
highest-temperature-in-taipei-on-june-8-2026,Taipei,2026-06-08,clean,microprice_minus_mid,120,1-6h,0.1479185566481417,0.9965357967667435,-0.0005465364749342666,0.9653357967510946,3
highest-temperature-in-taipei-on-june-8-2026,Taipei,2026-06-08,clean,microprice_minus_mid,120,6-24h,0.12100999708480015,0.5111457718166138,-0.015024142664654565,0.9946082191209092,11
highest-temperature-in-taipei-on-june-8-2026,Taipei,2026-06-08,clean,microprice_minus_mid,120,<1h,,1.0,-0.0005,0.4090909090909091,1
highest-temperature-in-taipei-on-june-8-2026,Taipei,2026-06-08,clean,microprice_minus_mid,120,>24h,0.051973313892295425,0.6421565981017836,-0.009144734053363008,0.99886295254311,11
highest-temperature-in-taipei-on-june-8-2026,Taipei,2026-06-08,clean,microprice_minus_mid,120,all,0.09685815443476442,0.5476790248624694,-0.013458237229683435,0.9957737533935928,11
highest-temperature-in-taipei-on-june-8-2026,Taipei,2026-06-08,clean,microprice_minus_mid,300,1-6h,0.10903660563072474,0.9951624004111035,-0.0005431659988876667,0.8908967137102682,3
highest-temperature-in-taipei-on-june-8-2026,Taipei,2026-06-08,clean,microprice_minus_mid,300,6-24h,0.14501217734707586,0.41473773792800017,-0.014273719192722219,0.9884245016791234,11
highest-temperature-in-taipei-on-june-8-2026,Taipei,2026-06-08,clean,microprice_minus_mid,300,<1h,,1.0,-0.0005,0.0909090909090909,1
highest-temperature-in-taipei-on-june-8-2026,Taipei,2026-06-08,clean,microprice_minus_mid,300,>24h,0.025880697883952888,0.5317620866346918,-0.009223416140218583,0.9984713445577746,11
highest-temperature-in-taipei-on-june-8-2026,Taipei,2026-06-08,clean,microprice_minus_mid,300,all,0.101492208884663,0.4479065491988981,-0.012966766884055708,0.9910804394900411,11
highest-temperature-in-taipei-on-june-8-2026,Taipei,2026-06-08,clean,microprice_minus_mid,600,1-6h,0.1491868573905516,0.9931505288819021,-0.0005429697127861333,0.7260790516388074,3
highest-temperature-in-taipei-on-june-8-2026,Taipei,2026-06-08,clean,microprice_minus_mid,600,6-24h,0.06812886601956557,0.34444623993987744,-0.01429604793624049,0.978411694480153,11
highest-temperature-in-taipei-on-june-8-2026,Taipei,2026-06-08,clean,microprice_minus_mid,600,<1h,,,,0.0,1
highest-temperature-in-taipei-on-june-8-2026,Taipei,2026-06-08,clean,microprice_minus_mid,600,>24h,-0.004023087389696971,0.43231782200971575,-0.009198667804267863,0.9973007704146539,11
highest-temperature-in-taipei-on-june-8-2026,Taipei,2026-06-08,clean,microprice_minus_mid,600,all,0.032438711836761336,0.3697218758517733,-0.0129093638044507,0.9831962412538114,11
highest-temperature-in-taipei-on-june-8-2026,Taipei,2026-06-08,clean,microprice_minus_mid,900,1-6h,0.3346826962459698,0.9936170212765957,-0.0005483532745023667,0.6185899925156199,3
highest-temperature-in-taipei-on-june-8-2026,Taipei,2026-06-08,clean,microprice_minus_mid,900,6-24h,0.0732684249581149,0.29529450194921963,-0.012951880025414591,0.9712666895101012,11
highest-temperature-in-taipei-on-june-8-2026,Taipei,2026-06-08,clean,microprice_minus_mid,900,<1h,,,,0.0,1
highest-temperature-in-taipei-on-june-8-2026,Taipei,2026-06-08,clean,microprice_minus_mid,900,>24h,0.009999212152437181,0.366040575661688,-0.009189621523929846,0.996485133492581,11
highest-temperature-in-taipei-on-june-8-2026,Taipei,2026-06-08,clean,microprice_minus_mid,900,all,0.03479914356439282,0.3162248965448539,-0.012000400600621509,0.9778546197243454,11
highest-temperature-in-tokyo-on-june-12-2026,Tokyo,2026-06-12,degraded,depth_imbalance_1,30,>24h,0.07839816531788589,0.8171380312363492,-0.014583680999831046,0.9982868958229738,11
highest-temperature-in-tokyo-on-june-12-2026,Tokyo,2026-06-12,degraded,depth_imbalance_1,30,all,0.07839816531788589,0.8171380312363492,-0.014583680999831046,0.9982868958229738,11
highest-temperature-in-tokyo-on-june-12-2026,Tokyo,2026-06-12,degraded,depth_imbalance_1,60,>24h,0.08538546551841855,0.7796877722571787,-0.014520500455650174,0.9971573571229734,11
highest-temperature-in-tokyo-on-june-12-2026,Tokyo,2026-06-12,degraded,depth_imbalance_1,60,all,0.08538546551841855,0.7796877722571787,-0.014520500455650174,0.9971573571229734,11
highest-temperature-in-tokyo-on-june-12-2026,Tokyo,2026-06-12,degraded,depth_imbalance_1,120,>24h,0.08634401713823724,0.7286771676220895,-0.014283345178354973,0.9937753849002869,11
highest-temperature-in-tokyo-on-june-12-2026,Tokyo,2026-06-12,degraded,depth_imbalance_1,120,all,0.08634401713823724,0.7286771676220895,-0.014283345178354973,0.9937753849002869,11
highest-temperature-in-tokyo-on-june-12-2026,Tokyo,2026-06-12,degraded,depth_imbalance_1,300,>24h,0.06493076798200102,0.6537394977824048,-0.013846164768577583,0.9839114506768525,11
highest-temperature-in-tokyo-on-june-12-2026,Tokyo,2026-06-12,degraded,depth_imbalance_1,300,all,0.06493076798200102,0.6537394977824048,-0.013846164768577583,0.9839114506768525,11
highest-temperature-in-tokyo-on-june-12-2026,Tokyo,2026-06-12,degraded,depth_imbalance_1,600,>24h,0.04855492046404142,0.5795644165178656,-0.01368034121501169,0.9798087798946002,11
highest-temperature-in-tokyo-on-june-12-2026,Tokyo,2026-06-12,degraded,depth_imbalance_1,600,all,0.04855492046404142,0.5795644165178656,-0.01368034121501169,0.9798087798946002,11
highest-temperature-in-tokyo-on-june-12-2026,Tokyo,2026-06-12,degraded,depth_imbalance_1,900,>24h,0.065558251458189,0.5122171312904501,-0.014268821976464273,0.9856018087587072,11
highest-temperature-in-tokyo-on-june-12-2026,Tokyo,2026-06-12,degraded,depth_imbalance_1,900,all,0.065558251458189,0.5122171312904501,-0.014268821976464273,0.9856018087587072,11
highest-temperature-in-tokyo-on-june-12-2026,Tokyo,2026-06-12,degraded,microprice_minus_mid,30,>24h,0.08148281782804903,0.8171380312363492,-0.014614502675174062,0.9982868958229738,11
highest-temperature-in-tokyo-on-june-12-2026,Tokyo,2026-06-12,degraded,microprice_minus_mid,30,all,0.08148281782804903,0.8171380312363492,-0.014614502675174062,0.9982868958229738,11
highest-temperature-in-tokyo-on-june-12-2026,Tokyo,2026-06-12,degraded,microprice_minus_mid,60,>24h,0.08037206206782882,0.7796877722571787,-0.014544297456105065,0.9971573571229734,11
highest-temperature-in-tokyo-on-june-12-2026,Tokyo,2026-06-12,degraded,microprice_minus_mid,60,all,0.08037206206782882,0.7796877722571787,-0.014544297456105065,0.9971573571229734,11
highest-temperature-in-tokyo-on-june-12-2026,Tokyo,2026-06-12,degraded,microprice_minus_mid,120,>24h,0.07504767551245724,0.7286771676220895,-0.014287332302661028,0.9937753849002869,11
highest-temperature-in-tokyo-on-june-12-2026,Tokyo,2026-06-12,degraded,microprice_minus_mid,120,all,0.07504767551245724,0.7286771676220895,-0.014287332302661028,0.9937753849002869,11
highest-temperature-in-tokyo-on-june-12-2026,Tokyo,2026-06-12,degraded,microprice_minus_mid,300,>24h,0.056273867687220404,0.6537394977824048,-0.0138484728750296,0.9839114506768525,11
highest-temperature-in-tokyo-on-june-12-2026,Tokyo,2026-06-12,degraded,microprice_minus_mid,300,all,0.056273867687220404,0.6537394977824048,-0.0138484728750296,0.9839114506768525,11
highest-temperature-in-tokyo-on-june-12-2026,Tokyo,2026-06-12,degraded,microprice_minus_mid,600,>24h,0.04631223710209671,0.5795644165178656,-0.01368390543877081,0.9798087798946002,11
highest-temperature-in-tokyo-on-june-12-2026,Tokyo,2026-06-12,degraded,microprice_minus_mid,600,all,0.04631223710209671,0.5795644165178656,-0.01368390543877081,0.9798087798946002,11
highest-temperature-in-tokyo-on-june-12-2026,Tokyo,2026-06-12,degraded,microprice_minus_mid,900,>24h,0.06346056396806916,0.5122171312904501,-0.014268468432913656,0.9856018087587072,11
highest-temperature-in-tokyo-on-june-12-2026,Tokyo,2026-06-12,degraded,microprice_minus_mid,900,all,0.06346056396806916,0.5122171312904501,-0.014268468432913656,0.9856018087587072,11
highest-temperature-in-toronto-on-june-7-2026,Toronto,2026-06-07,degraded,depth_imbalance_1,30,1-6h,0.022943586668801554,0.8572487289264432,-0.00592356402263628,0.9978892543859649,10
highest-temperature-in-toronto-on-june-7-2026,Toronto,2026-06-07,degraded,depth_imbalance_1,30,6-24h,0.05909060976571444,0.9199276232439915,-0.004543549181606546,0.9993274296603519,11
highest-temperature-in-toronto-on-june-7-2026,Toronto,2026-06-07,degraded,depth_imbalance_1,30,<1h,0.04245644763445103,0.8653758289981461,-0.00897233947460469,0.9956555582973902,10
highest-temperature-in-toronto-on-june-7-2026,Toronto,2026-06-07,degraded,depth_imbalance_1,30,all,0.03108160832709762,0.8957835359197571,-0.005179252780305345,0.9985520841360938,11
highest-temperature-in-toronto-on-june-7-2026,Toronto,2026-06-07,degraded,depth_imbalance_1,60,1-6h,0.03290324200393889,0.824102446416021,-0.00588112462900787,0.996778363821033,10
highest-temperature-in-toronto-on-june-7-2026,Toronto,2026-06-07,degraded,depth_imbalance_1,60,6-24h,0.08095541264772999,0.8922403500529227,-0.004472202864794491,0.9993274296603519,11
highest-temperature-in-toronto-on-june-7-2026,Toronto,2026-06-07,degraded,depth_imbalance_1,60,<1h,0.015988376388459683,0.8337774503483463,-0.0090080369526676,0.9929074463837223,10
highest-temperature-in-toronto-on-june-7-2026,Toronto,2026-06-07,degraded,depth_imbalance_1,60,all,0.04287078277002555,0.8675930876467635,-0.005127057772769273,0.9980903116637804,11
highest-temperature-in-toronto-on-june-7-2026,Toronto,2026-06-07,degraded,depth_imbalance_1,120,1-6h,0.04138629924714973,0.7723520892480777,-0.0058033183606229,0.9948053728070174,10
highest-temperature-in-toronto-on-june-7-2026,Toronto,2026-06-07,degraded,depth_imbalance_1,120,6-24h,0.06782527117105312,0.8631158288639127,-0.0043823462119129365,0.998654859320704,11
highest-temperature-in-toronto-on-june-7-2026,Toronto,2026-06-07,degraded,depth_imbalance_1,120,<1h,0.05632665181763602,0.8087363969895467,-0.00891167877660857,0.9840156389564475,10
highest-temperature-in-toronto-on-june-7-2026,Toronto,2026-06-07,degraded,depth_imbalance_1,120,all,0.03957330039950739,0.8336568162385253,-0.005038234460206136,0.9964465492557568,11
highest-temperature-in-toronto-on-june-7-2026,Toronto,2026-06-07,degraded,depth_imbalance_1,300,1-6h,0.010215325799686877,0.7088452414611879,-0.00584895971277225,0.992696040558631,10
highest-temperature-in-toronto-on-june-7-2026,Toronto,2026-06-07,degraded,depth_imbalance_1,300,6-24h,0.05834281492938331,0.8133051165975793,-0.004240712898590791,0.9964129581885438,11
highest-temperature-in-toronto-on-june-7-2026,Toronto,2026-06-07,degraded,depth_imbalance_1,300,<1h,0.055083137236155016,0.7752316299001099,-0.00881272190562745,0.9349325455865903,10
highest-temperature-in-toronto-on-june-7-2026,Toronto,2026-06-07,degraded,depth_imbalance_1,300,all,0.039535678210982486,0.783346870216631,-0.0049386355242767,0.9908087451376789,11
highest-temperature-in-toronto-on-june-7-2026,Toronto,2026-06-07,degraded,depth_imbalance_1,600,1-6h,0.01541136413841732,0.6420900724132299,-0.00579528435386528,0.9893914473684211,10
highest-temperature-in-toronto-on-june-7-2026,Toronto,2026-06-07,degraded,depth_imbalance_1,600,6-24h,0.09155178094976238,0.7568168051686898,-0.003916041417648764,0.9947315323394238,11
highest-temperature-in-toronto-on-june-7-2026,Toronto,2026-06-07,degraded,depth_imbalance_1,600,<1h,0.07860274204306543,0.7455375304332215,-0.0087445598871456,0.8062310895465086,10
highest-temperature-in-toronto-on-june-7-2026,Toronto,2026-06-07,degraded,depth_imbalance_1,600,all,0.067551069485382,0.7277316763757624,-0.004675982414134519,0.980515265665537,11
highest-temperature-in-toronto-on-june-7-2026,Toronto,2026-06-07,degraded,depth_imbalance_1,900,1-6h,0.01602100662148666,0.5986553917259522,-0.00583706480449631,0.9912885212268101,10
highest-temperature-in-toronto-on-june-7-2026,Toronto,2026-06-07,degraded,depth_imbalance_1,900,6-24h,0.08456305266155432,0.7142336258085867,-0.003805341568982472,0.9933863916601279,11
highest-temperature-in-toronto-on-june-7-2026,Toronto,2026-06-07,degraded,depth_imbalance_1,900,<1h,0.11024839203406817,0.6924466108424276,-0.0084404965781901,0.7603936900334969,10
highest-temperature-in-toronto-on-june-7-2026,Toronto,2026-06-07,degraded,depth_imbalance_1,900,all,0.08069419587355234,0.6880142672059039,-0.004584540208023827,0.9760747609342505,11
highest-temperature-in-toronto-on-june-7-2026,Toronto,2026-06-07,degraded,microprice_minus_mid,30,1-6h,0.029106573968223044,0.8572487289264432,-0.00592222285659663,0.9978892543859649,10
highest-temperature-in-toronto-on-june-7-2026,Toronto,2026-06-07,degraded,microprice_minus_mid,30,6-24h,0.05958547358145842,0.9199276232439915,-0.004544873207555054,0.9993274296603519,11
highest-temperature-in-toronto-on-june-7-2026,Toronto,2026-06-07,degraded,microprice_minus_mid,30,<1h,0.00347717915103612,0.8653758289981461,-0.00897282067277686,0.9956555582973902,10
highest-temperature-in-toronto-on-june-7-2026,Toronto,2026-06-07,degraded,microprice_minus_mid,30,all,0.044509231729833565,0.8957835359197571,-0.005179228803209891,0.9985520841360938,11
highest-temperature-in-toronto-on-june-7-2026,Toronto,2026-06-07,degraded,microprice_minus_mid,60,1-6h,0.032857344254025186,0.824102446416021,-0.00588049774046997,0.996778363821033,10
highest-temperature-in-toronto-on-june-7-2026,Toronto,2026-06-07,degraded,microprice_minus_mid,60,6-24h,0.08370486794944243,0.8922403500529227,-0.0044747036927880275,0.9993274296603519,11
highest-temperature-in-toronto-on-june-7-2026,Toronto,2026-06-07,degraded,microprice_minus_mid,60,<1h,-0.045650099308364556,0.8337774503483463,-0.009007938169933111,0.9929074463837223,10
highest-temperature-in-toronto-on-june-7-2026,Toronto,2026-06-07,degraded,microprice_minus_mid,60,all,0.05743306657559573,0.8675930876467635,-0.005128034330732318,0.9980903116637804,11
highest-temperature-in-toronto-on-june-7-2026,Toronto,2026-06-07,degraded,microprice_minus_mid,120,1-6h,0.034956584796772355,0.7723520892480777,-0.0058037823680964305,0.9948053728070174,10
highest-temperature-in-toronto-on-june-7-2026,Toronto,2026-06-07,degraded,microprice_minus_mid,120,6-24h,0.09016603273428682,0.8631158288639127,-0.004386385885696064,0.998654859320704,11
highest-temperature-in-toronto-on-june-7-2026,Toronto,2026-06-07,degraded,microprice_minus_mid,120,<1h,-0.01607127394745606,0.8087363969895467,-0.00891158298649897,0.9840156389564475,10
highest-temperature-in-toronto-on-june-7-2026,Toronto,2026-06-07,degraded,microprice_minus_mid,120,all,0.0727089585758678,0.8336568162385253,-0.0050406152217751365,0.9964465492557568,11
highest-temperature-in-toronto-on-june-7-2026,Toronto,2026-06-07,degraded,microprice_minus_mid,300,1-6h,-0.001013139696582649,0.7088452414611879,-0.00584996061602861,0.992696040558631,10
highest-temperature-in-toronto-on-june-7-2026,Toronto,2026-06-07,degraded,microprice_minus_mid,300,6-24h,0.10100042722475533,0.8133051165975793,-0.004244790981589946,0.9964129581885438,11
highest-temperature-in-toronto-on-june-7-2026,Toronto,2026-06-07,degraded,microprice_minus_mid,300,<1h,-0.027211703507249507,0.7752316299001099,-0.00881276465939817,0.9349325455865903,10
highest-temperature-in-toronto-on-june-7-2026,Toronto,2026-06-07,degraded,microprice_minus_mid,300,all,0.09553978281576829,0.783346870216631,-0.004941174849008218,0.9908087451376789,11
highest-temperature-in-toronto-on-june-7-2026,Toronto,2026-06-07,degraded,microprice_minus_mid,600,1-6h,0.003594128026389374,0.6420900724132299,-0.00579586654263312,0.9893914473684211,10
highest-temperature-in-toronto-on-june-7-2026,Toronto,2026-06-07,degraded,microprice_minus_mid,600,6-24h,0.15088359362779963,0.7568168051686898,-0.003920430567291155,0.9947315323394238,11
highest-temperature-in-toronto-on-june-7-2026,Toronto,2026-06-07,degraded,microprice_minus_mid,600,<1h,-0.02631174399217891,0.7455375304332215,-0.00874508435197225,0.8062310895465086,10
highest-temperature-in-toronto-on-june-7-2026,Toronto,2026-06-07,degraded,microprice_minus_mid,600,all,0.13248662213160053,0.7277316763757624,-0.004678613807180891,0.980515265665537,11
highest-temperature-in-toronto-on-june-7-2026,Toronto,2026-06-07,degraded,microprice_minus_mid,900,1-6h,-0.02243977708232851,0.5986553917259522,-0.00584001588775835,0.9912885212268101,10
highest-temperature-in-toronto-on-june-7-2026,Toronto,2026-06-07,degraded,microprice_minus_mid,900,6-24h,0.15165564337223492,0.7142336258085867,-0.0038046039126371817,0.9933863916601279,11
highest-temperature-in-toronto-on-june-7-2026,Toronto,2026-06-07,degraded,microprice_minus_mid,900,<1h,-0.006762409008588923,0.6924466108424276,-0.008440524391741689,0.7603936900334969,10
highest-temperature-in-toronto-on-june-7-2026,Toronto,2026-06-07,degraded,microprice_minus_mid,900,all,0.13367404001579913,0.6880142672059039,-0.0045841842101741,0.9760747609342505,11
highest-temperature-in-wuhan-on-june-10-2026,Wuhan,2026-06-10,clean,depth_imbalance_1,30,1-6h,0.12327231217795682,0.6077412488670835,-0.011043563585028567,0.991031202817012,6
highest-temperature-in-wuhan-on-june-10-2026,Wuhan,2026-06-10,clean,depth_imbalance_1,30,6-24h,0.08404732831885307,0.7909611772201723,-0.008430879879074038,0.9995268762382834,8
highest-temperature-in-wuhan-on-june-10-2026,Wuhan,2026-06-10,clean,depth_imbalance_1,30,>24h,0.04817284595728878,0.8213512496293157,-0.01045203733183281,0.9998713242266184,10
highest-temperature-in-wuhan-on-june-10-2026,Wuhan,2026-06-10,clean,depth_imbalance_1,30,all,0.062310028935036545,0.8027986146348244,-0.00877278776742306,0.9983812244007171,10
highest-temperature-in-wuhan-on-june-10-2026,Wuhan,2026-06-10,clean,depth_imbalance_1,60,1-6h,0.15243562427438387,0.5288939829054773,-0.010773814187898531,0.988329800083561,6
highest-temperature-in-wuhan-on-june-10-2026,Wuhan,2026-06-10,clean,depth_imbalance_1,60,6-24h,0.09085424227256654,0.7511877293491199,-0.008366367078401599,0.9992407674894589,8
highest-temperature-in-wuhan-on-june-10-2026,Wuhan,2026-06-10,clean,depth_imbalance_1,60,>24h,0.05690391949104993,0.7717342508753763,-0.01035753653612759,0.9996506498974445,10
highest-temperature-in-wuhan-on-june-10-2026,Wuhan,2026-06-10,clean,depth_imbalance_1,60,all,0.07081591182183036,0.7578841214538157,-0.00866228541727504,0.9977503183609813,10
highest-temperature-in-wuhan-on-june-10-2026,Wuhan,2026-06-10,clean,depth_imbalance_1,120,1-6h,0.19540760633115253,0.44338869662861785,-0.010619580740199733,0.9843017896508753,6
highest-temperature-in-wuhan-on-june-10-2026,Wuhan,2026-06-10,clean,depth_imbalance_1,120,6-24h,0.11330756923417538,0.7059680594350866,-0.008209086844746787,0.9990492766847381,8
highest-temperature-in-wuhan-on-june-10-2026,Wuhan,2026-06-10,clean,depth_imbalance_1,120,>24h,0.06648610500411332,0.7249236835470078,-0.01030643507387228,0.999413417245101,10
highest-temperature-in-wuhan-on-june-10-2026,Wuhan,2026-06-10,clean,depth_imbalance_1,120,all,0.07983761273446274,0.7123444325271068,-0.00856244792806194,0.9968780768894419,10
highest-temperature-in-wuhan-on-june-10-2026,Wuhan,2026-06-10,clean,depth_imbalance_1,300,1-6h,0.27750803561012055,0.30113419596305446,-0.01221943905889795,0.9693381317557703,6
highest-temperature-in-wuhan-on-june-10-2026,Wuhan,2026-06-10,clean,depth_imbalance_1,300,6-24h,0.11886325588752142,0.6232006829275745,-0.008122439563244337,0.9986983208310309,8
highest-temperature-in-wuhan-on-june-10-2026,Wuhan,2026-06-10,clean,depth_imbalance_1,300,>24h,0.07479100723045383,0.632029625620889,-0.01012423490166586,0.9981948230033181,10
highest-temperature-in-wuhan-on-june-10-2026,Wuhan,2026-06-10,clean,depth_imbalance_1,300,all,0.08558797635238484,0.6292591514000453,-0.0087006000210707,0.9936839431970089,10
highest-temperature-in-wuhan-on-june-10-2026,Wuhan,2026-06-10,clean,depth_imbalance_1,600,1-6h,0.34092033163235375,0.18975195079491888,-0.013862412891922983,0.9599594177624932,6
highest-temperature-in-wuhan-on-june-10-2026,Wuhan,2026-06-10,clean,depth_imbalance_1,600,6-24h,0.13428890838753474,0.5401073145623724,-0.00806766341712555,0.9981777336570347,8
highest-temperature-in-wuhan-on-june-10-2026,Wuhan,2026-06-10,clean,depth_imbalance_1,600,>24h,0.09534838165026213,0.552632953841791,-0.00989428165622906,0.9972037081034669,10
highest-temperature-in-wuhan-on-june-10-2026,Wuhan,2026-06-10,clean,depth_imbalance_1,600,all,0.11071553231141555,0.5547531848297911,-0.008850854292908281,0.9917466275671204,10
highest-temperature-in-wuhan-on-june-10-2026,Wuhan,2026-06-10,clean,depth_imbalance_1,900,1-6h,0.36042475809401564,0.11421201992343145,-0.013678861057018417,0.9489867306829501,6
highest-temperature-in-wuhan-on-june-10-2026,Wuhan,2026-06-10,clean,depth_imbalance_1,900,6-24h,0.1536227018722463,0.4781366754619732,-0.008012478212359288,0.9974085832156866,8
highest-temperature-in-wuhan-on-june-10-2026,Wuhan,2026-06-10,clean,depth_imbalance_1,900,>24h,0.11058732766463361,0.49855721139807097,-0.00980818173142846,0.995553540618402,10
highest-temperature-in-wuhan-on-june-10-2026,Wuhan,2026-06-10,clean,depth_imbalance_1,900,all,0.12491020314922245,0.5021560148688856,-0.00875676738106182,0.9895790849484658,10
highest-temperature-in-wuhan-on-june-10-2026,Wuhan,2026-06-10,clean,microprice_minus_mid,30,1-6h,0.07344733690467266,0.6077412488670835,-0.011083502915137017,0.991031202817012,6
highest-temperature-in-wuhan-on-june-10-2026,Wuhan,2026-06-10,clean,microprice_minus_mid,30,6-24h,0.012017923755735538,0.7909611772201723,-0.0084327676768401,0.9995268762382834,8
highest-temperature-in-wuhan-on-june-10-2026,Wuhan,2026-06-10,clean,microprice_minus_mid,30,>24h,0.026102914536709147,0.8213512496293157,-0.01046576470559854,0.9998713242266184,10
highest-temperature-in-wuhan-on-june-10-2026,Wuhan,2026-06-10,clean,microprice_minus_mid,30,all,0.02374203571754057,0.8027986146348244,-0.00878682835022061,0.9983812244007171,10
highest-temperature-in-wuhan-on-june-10-2026,Wuhan,2026-06-10,clean,microprice_minus_mid,60,1-6h,0.07350707503423827,0.5288939829054773,-0.0108193029091425,0.988329800083561,6
highest-temperature-in-wuhan-on-june-10-2026,Wuhan,2026-06-10,clean,microprice_minus_mid,60,6-24h,0.00894304125357859,0.7511877293491199,-0.00836953940502405,0.9992407674894589,8
highest-temperature-in-wuhan-on-june-10-2026,Wuhan,2026-06-10,clean,microprice_minus_mid,60,>24h,0.02891817058509179,0.7717342508753763,-0.01037112963143284,0.9996506498974445,10
highest-temperature-in-wuhan-on-june-10-2026,Wuhan,2026-06-10,clean,microprice_minus_mid,60,all,0.026650192605151952,0.7578841214538157,-0.0086770435944209,0.9977503183609813,10
highest-temperature-in-wuhan-on-june-10-2026,Wuhan,2026-06-10,clean,microprice_minus_mid,120,1-6h,0.0756382716038456,0.44338869662861785,-0.0106588062573666,0.9843017896508753,6
highest-temperature-in-wuhan-on-june-10-2026,Wuhan,2026-06-10,clean,microprice_minus_mid,120,6-24h,0.01996388064763324,0.7059680594350866,-0.008211385686173925,0.9990492766847381,8
highest-temperature-in-wuhan-on-june-10-2026,Wuhan,2026-06-10,clean,microprice_minus_mid,120,>24h,0.023144392293555558,0.7249236835470078,-0.01031837814452959,0.999413417245101,10
highest-temperature-in-wuhan-on-june-10-2026,Wuhan,2026-06-10,clean,microprice_minus_mid,120,all,0.025524303555360506,0.7123444325271068,-0.00857480804448682,0.9968780768894419,10
highest-temperature-in-wuhan-on-june-10-2026,Wuhan,2026-06-10,clean,microprice_minus_mid,300,1-6h,0.0867233329848179,0.30113419596305446,-0.01224981727401255,0.9693381317557703,6
highest-temperature-in-wuhan-on-june-10-2026,Wuhan,2026-06-10,clean,microprice_minus_mid,300,6-24h,0.009400925435388703,0.6232006829275745,-0.008127746757430037,0.9986983208310309,8
highest-temperature-in-wuhan-on-june-10-2026,Wuhan,2026-06-10,clean,microprice_minus_mid,300,>24h,0.034096753792478396,0.632029625620889,-0.01013713020424656,0.9981948230033181,10
highest-temperature-in-wuhan-on-june-10-2026,Wuhan,2026-06-10,clean,microprice_minus_mid,300,all,0.02862250631136517,0.6292591514000453,-0.00871319604803957,0.9936839431970089,10
highest-temperature-in-wuhan-on-june-10-2026,Wuhan,2026-06-10,clean,microprice_minus_mid,600,1-6h,0.03632677318687575,0.18975195079491888,-0.0138949216127826,0.9599594177624932,6
highest-temperature-in-wuhan-on-june-10-2026,Wuhan,2026-06-10,clean,microprice_minus_mid,600,6-24h,0.007457476106903348,0.5401073145623724,-0.008071730042328,0.9981777336570347,8
highest-temperature-in-wuhan-on-june-10-2026,Wuhan,2026-06-10,clean,microprice_minus_mid,600,>24h,0.04684902041310232,0.552632953841791,-0.00990578185523791,0.9972037081034669,10
highest-temperature-in-wuhan-on-june-10-2026,Wuhan,2026-06-10,clean,microprice_minus_mid,600,all,0.03765814447473842,0.5547531848297911,-0.008864300880485319,0.9917466275671204,10
highest-temperature-in-wuhan-on-june-10-2026,Wuhan,2026-06-10,clean,microprice_minus_mid,900,1-6h,0.053687280501449795,0.11421201992343145,-0.013745747620187668,0.9489867306829501,6
highest-temperature-in-wuhan-on-june-10-2026,Wuhan,2026-06-10,clean,microprice_minus_mid,900,6-24h,0.005215018304353164,0.4781366754619732,-0.00801449016911215,0.9974085832156866,8
highest-temperature-in-wuhan-on-june-10-2026,Wuhan,2026-06-10,clean,microprice_minus_mid,900,>24h,0.04084246472286275,0.49855721139807097,-0.00982424930959076,0.995553540618402,10
highest-temperature-in-wuhan-on-june-10-2026,Wuhan,2026-06-10,clean,microprice_minus_mid,900,all,0.03589870173280859,0.5021560148688856,-0.00877667668584205,0.9895790849484658,10
