event_slug,city,event_date,cohort,factor,horizon_seconds,lifecycle_bucket,ic,zero_rate,crossing_markout,coverage,tokens
highest-temperature-in-amsterdam-on-june-8-2026,Amsterdam,2026-06-08,clean,depth_imbalance_1,30,6-24h,0.06071407855564075,0.7473740145237646,-0.010537933420755466,0.9969976433168782,9
highest-temperature-in-amsterdam-on-june-8-2026,Amsterdam,2026-06-08,clean,depth_imbalance_1,30,>24h,0.04347037650097261,0.8496508653441491,-0.0064200112463881995,0.9995631502928568,11
highest-temperature-in-amsterdam-on-june-8-2026,Amsterdam,2026-06-08,clean,depth_imbalance_1,30,all,0.041964486686971676,0.8101556167628668,-0.008073583870053436,0.9982386230561271,11
highest-temperature-in-amsterdam-on-june-8-2026,Amsterdam,2026-06-08,clean,depth_imbalance_1,60,6-24h,0.07651789324167096,0.7078243280339864,-0.010457393406747055,0.995552856600118,9
highest-temperature-in-amsterdam-on-june-8-2026,Amsterdam,2026-06-08,clean,depth_imbalance_1,60,>24h,0.053549681697349395,0.8146749302815114,-0.006344185569325672,0.9992756422163585,11
highest-temperature-in-amsterdam-on-june-8-2026,Amsterdam,2026-06-08,clean,depth_imbalance_1,60,all,0.05136047531307075,0.7749629637576695,-0.007999213654229982,0.9973805661793562,11
highest-temperature-in-amsterdam-on-june-8-2026,Amsterdam,2026-06-08,clean,depth_imbalance_1,120,6-24h,0.08605587084885374,0.6682019829420418,-0.010300373582174034,0.9935478095857871,9
highest-temperature-in-amsterdam-on-june-8-2026,Amsterdam,2026-06-08,clean,depth_imbalance_1,120,>24h,0.0757453011284695,0.7690794484382665,-0.006240480474234918,0.9989866275102159,11
highest-temperature-in-amsterdam-on-june-8-2026,Amsterdam,2026-06-08,clean,depth_imbalance_1,120,all,0.06406832907257551,0.7346873775858427,-0.007866742715634346,0.9961788971488992,11
highest-temperature-in-amsterdam-on-june-8-2026,Amsterdam,2026-06-08,clean,depth_imbalance_1,300,6-24h,0.11851647025381078,0.5908764098609706,-0.0101994910376,0.9861811452749352,9
highest-temperature-in-amsterdam-on-june-8-2026,Amsterdam,2026-06-08,clean,depth_imbalance_1,300,>24h,0.08930188446753436,0.6832066907780372,-0.006094527652410391,0.9986065876307254,11
highest-temperature-in-amsterdam-on-june-8-2026,Amsterdam,2026-06-08,clean,depth_imbalance_1,300,all,0.07129144778198199,0.6581777358734783,-0.007753492781973537,0.9921854961358455,11
highest-temperature-in-amsterdam-on-june-8-2026,Amsterdam,2026-06-08,clean,depth_imbalance_1,600,6-24h,0.14113619923565315,0.5254750484198438,-0.010113271626401956,0.9805723506005491,9
highest-temperature-in-amsterdam-on-june-8-2026,Amsterdam,2026-06-08,clean,depth_imbalance_1,600,>24h,0.1171905659682662,0.6044568214461686,-0.006010338565062292,0.993187527031949,11
highest-temperature-in-amsterdam-on-june-8-2026,Amsterdam,2026-06-08,clean,depth_imbalance_1,600,all,0.0969957508353684,0.5880054659222614,-0.007668167319434891,0.987219355819225,11
highest-temperature-in-amsterdam-on-june-8-2026,Amsterdam,2026-06-08,clean,depth_imbalance_1,900,6-24h,0.13261271697529103,0.4806312968107137,-0.010404515247128621,0.9788133022610889,9
highest-temperature-in-amsterdam-on-june-8-2026,Amsterdam,2026-06-08,clean,depth_imbalance_1,900,>24h,0.1460008046985153,0.5483792887519997,-0.00600409302777711,0.9922919644897964,11
highest-temperature-in-amsterdam-on-june-8-2026,Amsterdam,2026-06-08,clean,depth_imbalance_1,900,all,0.11057225569696216,0.5392606402287957,-0.0077907209644931105,0.985963570683943,11
highest-temperature-in-amsterdam-on-june-8-2026,Amsterdam,2026-06-08,clean,microprice_minus_mid,30,6-24h,0.01592814306989749,0.7473740145237646,-0.010517057036640345,0.9969976433168782,9
highest-temperature-in-amsterdam-on-june-8-2026,Amsterdam,2026-06-08,clean,microprice_minus_mid,30,>24h,0.02639739215035615,0.8496508653441491,-0.006432242274447209,0.9995631502928568,11
highest-temperature-in-amsterdam-on-june-8-2026,Amsterdam,2026-06-08,clean,microprice_minus_mid,30,all,0.018893499138033044,0.8101556167628668,-0.008068311762847355,0.9982386230561271,11
highest-temperature-in-amsterdam-on-june-8-2026,Amsterdam,2026-06-08,clean,microprice_minus_mid,60,6-24h,0.03730632062324907,0.7078243280339864,-0.010434437929535422,0.995552856600118,9
highest-temperature-in-amsterdam-on-june-8-2026,Amsterdam,2026-06-08,clean,microprice_minus_mid,60,>24h,0.03557682151010143,0.8146749302815114,-0.006356449483049218,0.9992756422163585,11
highest-temperature-in-amsterdam-on-june-8-2026,Amsterdam,2026-06-08,clean,microprice_minus_mid,60,all,0.02942499490792611,0.7749629637576695,-0.0079930433861831,0.9973805661793562,11
highest-temperature-in-amsterdam-on-june-8-2026,Amsterdam,2026-06-08,clean,microprice_minus_mid,120,6-24h,0.05182931615380552,0.6682019829420418,-0.010277172873547845,0.9935478095857871,9
highest-temperature-in-amsterdam-on-june-8-2026,Amsterdam,2026-06-08,clean,microprice_minus_mid,120,>24h,0.0503121326368603,0.7690794484382665,-0.006254201582728673,0.9989866275102159,11
highest-temperature-in-amsterdam-on-june-8-2026,Amsterdam,2026-06-08,clean,microprice_minus_mid,120,all,0.04115708320573912,0.7346873775858427,-0.0078610667195621,0.9961788971488992,11
highest-temperature-in-amsterdam-on-june-8-2026,Amsterdam,2026-06-08,clean,microprice_minus_mid,300,6-24h,0.06549258305731999,0.5908764098609706,-0.010175023000904455,0.9861811452749352,9
highest-temperature-in-amsterdam-on-june-8-2026,Amsterdam,2026-06-08,clean,microprice_minus_mid,300,>24h,0.044294292005530554,0.6832066907780372,-0.006109720711287309,0.9986065876307254,11
highest-temperature-in-amsterdam-on-june-8-2026,Amsterdam,2026-06-08,clean,microprice_minus_mid,300,all,0.0340396949615372,0.6581777358734783,-0.007747503005778617,0.9921854961358455,11
highest-temperature-in-amsterdam-on-june-8-2026,Amsterdam,2026-06-08,clean,microprice_minus_mid,600,6-24h,0.08466555677870888,0.5254750484198438,-0.010084983324539712,0.9805723506005491,9
highest-temperature-in-amsterdam-on-june-8-2026,Amsterdam,2026-06-08,clean,microprice_minus_mid,600,>24h,0.05559760691519682,0.6044568214461686,-0.006024098367218545,0.993187527031949,11
highest-temperature-in-amsterdam-on-june-8-2026,Amsterdam,2026-06-08,clean,microprice_minus_mid,600,all,0.05246854023391771,0.5880054659222614,-0.007659271124342528,0.987219355819225,11
highest-temperature-in-amsterdam-on-june-8-2026,Amsterdam,2026-06-08,clean,microprice_minus_mid,900,6-24h,0.06686008668932333,0.4806312968107137,-0.010363624775807444,0.9788133022610889,9
highest-temperature-in-amsterdam-on-june-8-2026,Amsterdam,2026-06-08,clean,microprice_minus_mid,900,>24h,0.0676805786328562,0.5483792887519997,-0.0060217005785170915,0.9922919644897964,11
highest-temperature-in-amsterdam-on-june-8-2026,Amsterdam,2026-06-08,clean,microprice_minus_mid,900,all,0.05038120172644045,0.5392606402287957,-0.007778517659062182,0.985963570683943,11
highest-temperature-in-ankara-on-june-10-2026,Ankara,2026-06-10,clean,depth_imbalance_1,30,1-6h,-0.1410713545902022,0.644845971563981,-0.001560148844786725,0.464924610454319,4
highest-temperature-in-ankara-on-june-10-2026,Ankara,2026-06-10,clean,depth_imbalance_1,30,6-24h,0.06004943830033234,0.8198449693192789,-0.007844205632317445,0.9983350435952318,9
highest-temperature-in-ankara-on-june-10-2026,Ankara,2026-06-10,clean,depth_imbalance_1,30,>24h,0.08560489997594921,0.8800372407579566,-0.006171967669044227,0.9996519997854086,11
highest-temperature-in-ankara-on-june-10-2026,Ankara,2026-06-10,clean,depth_imbalance_1,30,all,0.07504249738921749,0.8656850680602208,-0.006539909626683,0.9993902742351618,11
highest-temperature-in-ankara-on-june-10-2026,Ankara,2026-06-10,clean,depth_imbalance_1,60,1-6h,0.004465791820745649,0.8247422680412371,-0.0026052673969072003,0.3791049508538298,4
highest-temperature-in-ankara-on-june-10-2026,Ankara,2026-06-10,clean,depth_imbalance_1,60,6-24h,0.06339713476199227,0.7920697283270559,-0.00782811862715889,0.9979613408821666,9
highest-temperature-in-ankara-on-june-10-2026,Ankara,2026-06-10,clean,depth_imbalance_1,60,>24h,0.09024146641263343,0.853272698824978,-0.006131299099398982,0.9995617841104919,11
highest-temperature-in-ankara-on-june-10-2026,Ankara,2026-06-10,clean,depth_imbalance_1,60,all,0.07886073954650946,0.8390714051346246,-0.006514184719791745,0.999215050534212,11
highest-temperature-in-ankara-on-june-10-2026,Ankara,2026-06-10,clean,depth_imbalance_1,120,1-6h,0.0652054089018227,0.7483086340206185,-0.0025670505798969,0.3791049508538298,4
highest-temperature-in-ankara-on-june-10-2026,Ankara,2026-06-10,clean,depth_imbalance_1,120,6-24h,0.07227560279434996,0.7478436361751153,-0.00788780877373401,0.9967838708960269,9
highest-temperature-in-ankara-on-june-10-2026,Ankara,2026-06-10,clean,depth_imbalance_1,120,>24h,0.10376873856531295,0.816256725586702,-0.0060723737687647,0.999162716069194,11
highest-temperature-in-ankara-on-june-10-2026,Ankara,2026-06-10,clean,depth_imbalance_1,120,all,0.09089864902004628,0.8022240974709671,-0.006492602558007509,0.9986079757365469,11
highest-temperature-in-ankara-on-june-10-2026,Ankara,2026-06-10,clean,depth_imbalance_1,300,1-6h,0.1418048815531087,0.6287328490718321,-0.0025537732041969,0.3575214023644517,4
highest-temperature-in-ankara-on-june-10-2026,Ankara,2026-06-10,clean,depth_imbalance_1,300,6-24h,0.05559260579984857,0.6698896020982816,-0.009239485318200267,0.992729097966516,9
highest-temperature-in-ankara-on-june-10-2026,Ankara,2026-06-10,clean,depth_imbalance_1,300,>24h,0.11101069769471784,0.7492942121849843,-0.005931385463646927,0.9989667840066584,11
highest-temperature-in-ankara-on-june-10-2026,Ankara,2026-06-10,clean,depth_imbalance_1,300,all,0.10252327365698122,0.735553898448758,-0.0068348885065671735,0.9979009619924258,11
highest-temperature-in-ankara-on-june-10-2026,Ankara,2026-06-10,clean,depth_imbalance_1,600,1-6h,0.15046391777856316,0.45622304683582393,-0.002552941028984,0.3384517823979707,4
highest-temperature-in-ankara-on-june-10-2026,Ankara,2026-06-10,clean,depth_imbalance_1,600,6-24h,0.07682236596160595,0.6069323283487218,-0.009994250481038901,0.9480262666970124,9
highest-temperature-in-ankara-on-june-10-2026,Ankara,2026-06-10,clean,depth_imbalance_1,600,>24h,0.13800405797396745,0.6876663466226697,-0.005733476036775536,0.9985468868670057,11
highest-temperature-in-ankara-on-june-10-2026,Ankara,2026-06-10,clean,depth_imbalance_1,600,all,0.13308373453604289,0.6726915936721765,-0.0069688999901968175,0.9952956431827573,11
highest-temperature-in-ankara-on-june-10-2026,Ankara,2026-06-10,clean,depth_imbalance_1,900,1-6h,-0.17143396976231706,0.11384569377990425,-0.0025993122009569,0.3092924763328351,4
highest-temperature-in-ankara-on-june-10-2026,Ankara,2026-06-10,clean,depth_imbalance_1,900,6-24h,0.06328000583034415,0.5568025260979511,-0.010767441443193568,0.9390262975051241,9
highest-temperature-in-ankara-on-june-10-2026,Ankara,2026-06-10,clean,depth_imbalance_1,900,>24h,0.15195888254695433,0.6428005723471585,-0.005532151152434773,0.9981435888629242,11
highest-temperature-in-ankara-on-june-10-2026,Ankara,2026-06-10,clean,depth_imbalance_1,900,all,0.13733406935697862,0.626066711434201,-0.007080655300520791,0.9941681691077245,11
highest-temperature-in-ankara-on-june-10-2026,Ankara,2026-06-10,clean,microprice_minus_mid,30,1-6h,-0.05982773957465405,0.644845971563981,-0.001560148844786725,0.464924610454319,4
highest-temperature-in-ankara-on-june-10-2026,Ankara,2026-06-10,clean,microprice_minus_mid,30,6-24h,0.046992071890061556,0.8198449693192789,-0.007846672543072645,0.9983350435952318,9
highest-temperature-in-ankara-on-june-10-2026,Ankara,2026-06-10,clean,microprice_minus_mid,30,>24h,0.08103905813336221,0.8800372407579566,-0.006182083063405536,0.9996519997854086,11
highest-temperature-in-ankara-on-june-10-2026,Ankara,2026-06-10,clean,microprice_minus_mid,30,all,0.07283404601930527,0.8656850680602208,-0.006548442419499009,0.9993902742351618,11
highest-temperature-in-ankara-on-june-10-2026,Ankara,2026-06-10,clean,microprice_minus_mid,60,1-6h,0.056266203807055104,0.8247422680412371,-0.0026052673969072003,0.3791049508538298,4
highest-temperature-in-ankara-on-june-10-2026,Ankara,2026-06-10,clean,microprice_minus_mid,60,6-24h,0.04853729950376132,0.7920697283270559,-0.007828860209824878,0.9979613408821666,9
highest-temperature-in-ankara-on-june-10-2026,Ankara,2026-06-10,clean,microprice_minus_mid,60,>24h,0.08080419024523272,0.853272698824978,-0.006141752262515754,0.9995617841104919,11
highest-temperature-in-ankara-on-june-10-2026,Ankara,2026-06-10,clean,microprice_minus_mid,60,all,0.07236535271526652,0.8390714051346246,-0.006522412878023545,0.999215050534212,11
highest-temperature-in-ankara-on-june-10-2026,Ankara,2026-06-10,clean,microprice_minus_mid,120,1-6h,0.10553920799066235,0.7483086340206185,-0.0025670505798969,0.3791049508538298,4
highest-temperature-in-ankara-on-june-10-2026,Ankara,2026-06-10,clean,microprice_minus_mid,120,6-24h,0.0520130069554408,0.7478436361751153,-0.007890304421338855,0.9967838708960269,9
highest-temperature-in-ankara-on-june-10-2026,Ankara,2026-06-10,clean,microprice_minus_mid,120,>24h,0.08513484430006114,0.816256725586702,-0.006083524069632418,0.999162716069194,11
highest-temperature-in-ankara-on-june-10-2026,Ankara,2026-06-10,clean,microprice_minus_mid,120,all,0.07622628099928408,0.8022240974709671,-0.006501811349619463,0.9986079757365469,11
highest-temperature-in-ankara-on-june-10-2026,Ankara,2026-06-10,clean,microprice_minus_mid,300,1-6h,0.07262344654609004,0.6287328490718321,-0.0025537732041969,0.3575214023644517,4
highest-temperature-in-ankara-on-june-10-2026,Ankara,2026-06-10,clean,microprice_minus_mid,300,6-24h,0.0328194307055117,0.6698896020982816,-0.0092387372630208,0.992729097966516,9
highest-temperature-in-ankara-on-june-10-2026,Ankara,2026-06-10,clean,microprice_minus_mid,300,>24h,0.07973099209126733,0.7492942121849843,-0.005941735528807127,0.9989667840066584,11
highest-temperature-in-ankara-on-june-10-2026,Ankara,2026-06-10,clean,microprice_minus_mid,300,all,0.07469566231715487,0.735553898448758,-0.006842410188001836,0.9979009619924258,11
highest-temperature-in-ankara-on-june-10-2026,Ankara,2026-06-10,clean,microprice_minus_mid,600,1-6h,0.08020128268616254,0.45622304683582393,-0.002552941028984,0.3384517823979707,4
highest-temperature-in-ankara-on-june-10-2026,Ankara,2026-06-10,clean,microprice_minus_mid,600,6-24h,0.049318686727171275,0.6069323283487218,-0.009985504477050332,0.9480262666970124,9
highest-temperature-in-ankara-on-june-10-2026,Ankara,2026-06-10,clean,microprice_minus_mid,600,>24h,0.09170948120906507,0.6876663466226697,-0.0057424846890737095,0.9985468868670057,11
highest-temperature-in-ankara-on-june-10-2026,Ankara,2026-06-10,clean,microprice_minus_mid,600,all,0.09091483533417569,0.6726915936721765,-0.0069730661638013275,0.9952956431827573,11
highest-temperature-in-ankara-on-june-10-2026,Ankara,2026-06-10,clean,microprice_minus_mid,900,1-6h,-0.20232824657665083,0.11384569377990425,-0.0025993122009569,0.3092924763328351,4
highest-temperature-in-ankara-on-june-10-2026,Ankara,2026-06-10,clean,microprice_minus_mid,900,6-24h,0.0333752958586048,0.5568025260979511,-0.010747512606026945,0.9390262975051241,9
highest-temperature-in-ankara-on-june-10-2026,Ankara,2026-06-10,clean,microprice_minus_mid,900,>24h,0.09709452976041266,0.6428005723471585,-0.0055422487308749,0.9981435888629242,11
highest-temperature-in-ankara-on-june-10-2026,Ankara,2026-06-10,clean,microprice_minus_mid,900,all,0.08861722949690419,0.626066711434201,-0.007082009668724546,0.9941681691077245,11
highest-temperature-in-beijing-on-june-8-2026,Beijing,2026-06-08,clean,depth_imbalance_1,30,1-6h,,1.0,-0.002,0.8894736842105263,1
highest-temperature-in-beijing-on-june-8-2026,Beijing,2026-06-08,clean,depth_imbalance_1,30,6-24h,0.08327819947028721,0.7334239008696005,-0.011465868664964211,0.9950496049887978,11
highest-temperature-in-beijing-on-june-8-2026,Beijing,2026-06-08,clean,depth_imbalance_1,30,>24h,0.090941132363751,0.8179152493018328,-0.008165172126862836,0.9997483620662835,11
highest-temperature-in-beijing-on-june-8-2026,Beijing,2026-06-08,clean,depth_imbalance_1,30,all,0.07898127068228802,0.7557248900501453,-0.010513685847496483,0.9978205961373923,11
highest-temperature-in-beijing-on-june-8-2026,Beijing,2026-06-08,clean,depth_imbalance_1,60,1-6h,,1.0,-0.002,0.7947368421052632,1
highest-temperature-in-beijing-on-june-8-2026,Beijing,2026-06-08,clean,depth_imbalance_1,60,6-24h,0.10071856801849224,0.6768718053366798,-0.011245166097902446,0.9911939245040959,11
highest-temperature-in-beijing-on-june-8-2026,Beijing,2026-06-08,clean,depth_imbalance_1,60,>24h,0.10058372668733946,0.7623240820961336,-0.008112701435911264,0.9995966318070846,11
highest-temperature-in-beijing-on-june-8-2026,Beijing,2026-06-08,clean,depth_imbalance_1,60,all,0.09184317145907918,0.696843218148805,-0.010348732234863474,0.9960894818068554,11
highest-temperature-in-beijing-on-june-8-2026,Beijing,2026-06-08,clean,depth_imbalance_1,120,1-6h,,1.0,-0.002,0.5473684210526316,1
highest-temperature-in-beijing-on-june-8-2026,Beijing,2026-06-08,clean,depth_imbalance_1,120,6-24h,0.10837117057964987,0.6183788429669835,-0.010866085940985128,0.9840413119615423,11
highest-temperature-in-beijing-on-june-8-2026,Beijing,2026-06-08,clean,depth_imbalance_1,120,>24h,0.11167199103758842,0.7035750621714676,-0.007994841410551899,0.9994798555432802,11
highest-temperature-in-beijing-on-june-8-2026,Beijing,2026-06-08,clean,depth_imbalance_1,120,all,0.10383837974444124,0.6359922841754266,-0.010026569517111518,0.9931543575391687,11
highest-temperature-in-beijing-on-june-8-2026,Beijing,2026-06-08,clean,depth_imbalance_1,300,1-6h,,,,0.0,1
highest-temperature-in-beijing-on-june-8-2026,Beijing,2026-06-08,clean,depth_imbalance_1,300,6-24h,0.1289026612160588,0.5379242352190666,-0.010837719670430245,0.9756739664905729,11
highest-temperature-in-beijing-on-june-8-2026,Beijing,2026-06-08,clean,depth_imbalance_1,300,>24h,0.12762605947593875,0.5869298364439174,-0.007793902084650237,0.9988393952375971,11
highest-temperature-in-beijing-on-june-8-2026,Beijing,2026-06-08,clean,depth_imbalance_1,300,all,0.12189808932940137,0.5332343871939116,-0.00991919259722701,0.9888834561930825,11
highest-temperature-in-beijing-on-june-8-2026,Beijing,2026-06-08,clean,depth_imbalance_1,600,1-6h,,,,0.0,1
highest-temperature-in-beijing-on-june-8-2026,Beijing,2026-06-08,clean,depth_imbalance_1,600,6-24h,0.10749805371372682,0.4786834606072535,-0.010790978741004263,0.9667334291783228,11
highest-temperature-in-beijing-on-june-8-2026,Beijing,2026-06-08,clean,depth_imbalance_1,600,>24h,0.1540752772908066,0.4647243607600458,-0.007597172176680155,0.997879237816631,11
highest-temperature-in-beijing-on-june-8-2026,Beijing,2026-06-08,clean,depth_imbalance_1,600,all,0.12947526328216655,0.4383621261665704,-0.0097444575799974,0.9846954108455844,11
highest-temperature-in-beijing-on-june-8-2026,Beijing,2026-06-08,clean,depth_imbalance_1,900,1-6h,,,,0.0,1
highest-temperature-in-beijing-on-june-8-2026,Beijing,2026-06-08,clean,depth_imbalance_1,900,6-24h,0.09908891668759308,0.44781994683412046,-0.011137329251761382,0.9604288260639687,11
highest-temperature-in-beijing-on-june-8-2026,Beijing,2026-06-08,clean,depth_imbalance_1,900,>24h,0.16495169520421304,0.39848085232965735,-0.0074542999926859,0.9971874482145708,11
highest-temperature-in-beijing-on-june-8-2026,Beijing,2026-06-08,clean,depth_imbalance_1,900,all,0.1351651677134639,0.38852625631218113,-0.009785866861126036,0.9812194267999925,11
highest-temperature-in-beijing-on-june-8-2026,Beijing,2026-06-08,clean,microprice_minus_mid,30,1-6h,,1.0,-0.002,0.8894736842105263,1
highest-temperature-in-beijing-on-june-8-2026,Beijing,2026-06-08,clean,microprice_minus_mid,30,6-24h,0.06452938080305115,0.7334239008696005,-0.011477358324131364,0.9950496049887978,11
highest-temperature-in-beijing-on-june-8-2026,Beijing,2026-06-08,clean,microprice_minus_mid,30,>24h,0.08629580743822908,0.8179152493018328,-0.008173936939754609,0.9997483620662835,11
highest-temperature-in-beijing-on-june-8-2026,Beijing,2026-06-08,clean,microprice_minus_mid,30,all,0.0700628605035454,0.7557248900501453,-0.010525948126103827,0.9978205961373923,11
highest-temperature-in-beijing-on-june-8-2026,Beijing,2026-06-08,clean,microprice_minus_mid,60,1-6h,,1.0,-0.002,0.7947368421052632,1
highest-temperature-in-beijing-on-june-8-2026,Beijing,2026-06-08,clean,microprice_minus_mid,60,6-24h,0.07377535296754405,0.6768718053366798,-0.011256421508888663,0.9911939245040959,11
highest-temperature-in-beijing-on-june-8-2026,Beijing,2026-06-08,clean,microprice_minus_mid,60,>24h,0.09969196768555368,0.7623240820961336,-0.008122109584517272,0.9995966318070846,11
highest-temperature-in-beijing-on-june-8-2026,Beijing,2026-06-08,clean,microprice_minus_mid,60,all,0.08248256940763117,0.696843218148805,-0.010361076811735119,0.9960894818068554,11
highest-temperature-in-beijing-on-june-8-2026,Beijing,2026-06-08,clean,microprice_minus_mid,120,1-6h,,1.0,-0.002,0.5473684210526316,1
highest-temperature-in-beijing-on-june-8-2026,Beijing,2026-06-08,clean,microprice_minus_mid,120,6-24h,0.07475428615890692,0.6183788429669835,-0.01087679793541871,0.9840413119615423,11
highest-temperature-in-beijing-on-june-8-2026,Beijing,2026-06-08,clean,microprice_minus_mid,120,>24h,0.10691368120881112,0.7035750621714676,-0.008003844195868118,0.9994798555432802,11
highest-temperature-in-beijing-on-june-8-2026,Beijing,2026-06-08,clean,microprice_minus_mid,120,all,0.09023288301096734,0.6359922841754266,-0.010038447083076855,0.9931543575391687,11
highest-temperature-in-beijing-on-june-8-2026,Beijing,2026-06-08,clean,microprice_minus_mid,300,1-6h,,,,0.0,1
highest-temperature-in-beijing-on-june-8-2026,Beijing,2026-06-08,clean,microprice_minus_mid,300,6-24h,0.08385762554983114,0.5379242352190666,-0.010834541394742499,0.9756739664905729,11
highest-temperature-in-beijing-on-june-8-2026,Beijing,2026-06-08,clean,microprice_minus_mid,300,>24h,0.11329751397982914,0.5869298364439174,-0.007802915835902018,0.9988393952375971,11
highest-temperature-in-beijing-on-june-8-2026,Beijing,2026-06-08,clean,microprice_minus_mid,300,all,0.10158633213040114,0.5332343871939116,-0.00992245309276271,0.9888834561930825,11
highest-temperature-in-beijing-on-june-8-2026,Beijing,2026-06-08,clean,microprice_minus_mid,600,1-6h,,,,0.0,1
highest-temperature-in-beijing-on-june-8-2026,Beijing,2026-06-08,clean,microprice_minus_mid,600,6-24h,0.05243600060992293,0.4786834606072535,-0.01078152310872192,0.9667334291783228,11
highest-temperature-in-beijing-on-june-8-2026,Beijing,2026-06-08,clean,microprice_minus_mid,600,>24h,0.12941830164174145,0.4647243607600458,-0.0076031450434111,0.997879237816631,11
highest-temperature-in-beijing-on-june-8-2026,Beijing,2026-06-08,clean,microprice_minus_mid,600,all,0.10407468631113587,0.4383621261665704,-0.009742498183568964,0.9846954108455844,11
highest-temperature-in-beijing-on-june-8-2026,Beijing,2026-06-08,clean,microprice_minus_mid,900,1-6h,,,,0.0,1
highest-temperature-in-beijing-on-june-8-2026,Beijing,2026-06-08,clean,microprice_minus_mid,900,6-24h,0.04727300820832039,0.44781994683412046,-0.011119069637496981,0.9604288260639687,11
highest-temperature-in-beijing-on-june-8-2026,Beijing,2026-06-08,clean,microprice_minus_mid,900,>24h,0.1406825738479935,0.39848085232965735,-0.0074585625718549455,0.9971874482145708,11
highest-temperature-in-beijing-on-june-8-2026,Beijing,2026-06-08,clean,microprice_minus_mid,900,all,0.11048113241392375,0.38852625631218113,-0.009777976808694765,0.9812194267999925,11
highest-temperature-in-buenos-aires-on-june-9-2026,Buenos Aires,2026-06-09,clean,depth_imbalance_1,30,1-6h,,,,0.0,1
highest-temperature-in-buenos-aires-on-june-9-2026,Buenos Aires,2026-06-09,clean,depth_imbalance_1,30,6-24h,0.11119733135697732,0.7851423268825687,-0.010487656499984701,0.997457038872508,10
highest-temperature-in-buenos-aires-on-june-9-2026,Buenos Aires,2026-06-09,clean,depth_imbalance_1,30,>24h,0.036436381134084754,0.8687048718731748,-0.006715073119479883,0.9996097082849211,11
highest-temperature-in-buenos-aires-on-june-9-2026,Buenos Aires,2026-06-09,clean,depth_imbalance_1,30,all,0.06791091992717929,0.8203402818282645,-0.008758948817754745,0.9987059216984769,11
highest-temperature-in-buenos-aires-on-june-9-2026,Buenos Aires,2026-06-09,clean,depth_imbalance_1,60,1-6h,,,,0.0,1
highest-temperature-in-buenos-aires-on-june-9-2026,Buenos Aires,2026-06-09,clean,depth_imbalance_1,60,6-24h,0.1308371126883621,0.7416119384509999,-0.010312716737406271,0.9961699546695568,10
highest-temperature-in-buenos-aires-on-june-9-2026,Buenos Aires,2026-06-09,clean,depth_imbalance_1,60,>24h,0.04936790315775544,0.8338452664140974,-0.006681209383723246,0.999478585522077,11
highest-temperature-in-buenos-aires-on-june-9-2026,Buenos Aires,2026-06-09,clean,depth_imbalance_1,60,all,0.08423891487664624,0.7809346834451482,-0.008637504810035999,0.9981140863114145,11
highest-temperature-in-buenos-aires-on-june-9-2026,Buenos Aires,2026-06-09,clean,depth_imbalance_1,120,1-6h,,,,0.0,1
highest-temperature-in-buenos-aires-on-june-9-2026,Buenos Aires,2026-06-09,clean,depth_imbalance_1,120,6-24h,0.15509266106315173,0.6941798579071993,-0.01033726307362385,0.9920862142317814,10
highest-temperature-in-buenos-aires-on-june-9-2026,Buenos Aires,2026-06-09,clean,depth_imbalance_1,120,>24h,0.05419803957968654,0.7814282325135028,-0.006666081618701672,0.9993643117550103,11
highest-temperature-in-buenos-aires-on-june-9-2026,Buenos Aires,2026-06-09,clean,depth_imbalance_1,120,all,0.0970621176926631,0.7322809845862868,-0.008638753017510837,0.9962396741065852,11
highest-temperature-in-buenos-aires-on-june-9-2026,Buenos Aires,2026-06-09,clean,depth_imbalance_1,300,1-6h,,,,0.0,1
highest-temperature-in-buenos-aires-on-june-9-2026,Buenos Aires,2026-06-09,clean,depth_imbalance_1,300,6-24h,0.18269278197937475,0.6057087301395587,-0.010219099308469221,0.9832895071269967,10
highest-temperature-in-buenos-aires-on-june-9-2026,Buenos Aires,2026-06-09,clean,depth_imbalance_1,300,>24h,0.0636520494445309,0.7019255062216279,-0.006556722064315091,0.9991734712752421,11
highest-temperature-in-buenos-aires-on-june-9-2026,Buenos Aires,2026-06-09,clean,depth_imbalance_1,300,all,0.11410092553298332,0.6501467134030448,-0.008522820537733782,0.9924069127599754,11
highest-temperature-in-buenos-aires-on-june-9-2026,Buenos Aires,2026-06-09,clean,depth_imbalance_1,600,1-6h,,,,0.0,1
highest-temperature-in-buenos-aires-on-june-9-2026,Buenos Aires,2026-06-09,clean,depth_imbalance_1,600,6-24h,0.20539838181558595,0.5218849885558238,-0.0101835715122015,0.9829543851126061,10
highest-temperature-in-buenos-aires-on-june-9-2026,Buenos Aires,2026-06-09,clean,depth_imbalance_1,600,>24h,0.053731559389768306,0.6320303813600519,-0.006479496733816081,0.9989570092125933,11
highest-temperature-in-buenos-aires-on-june-9-2026,Buenos Aires,2026-06-09,clean,depth_imbalance_1,600,all,0.12327036811336695,0.573834813233689,-0.008441815344734873,0.9923409726821972,11
highest-temperature-in-buenos-aires-on-june-9-2026,Buenos Aires,2026-06-09,clean,depth_imbalance_1,900,1-6h,,,,0.0,1
highest-temperature-in-buenos-aires-on-june-9-2026,Buenos Aires,2026-06-09,clean,depth_imbalance_1,900,6-24h,0.2162751221356575,0.45625565549433456,-0.0097472420145343,0.9814527908078399,10
highest-temperature-in-buenos-aires-on-june-9-2026,Buenos Aires,2026-06-09,clean,depth_imbalance_1,900,>24h,0.05173383711617969,0.5971571796174765,-0.006487588164286382,0.9983781903626142,11
highest-temperature-in-buenos-aires-on-june-9-2026,Buenos Aires,2026-06-09,clean,depth_imbalance_1,900,all,0.12668970373042396,0.5256689352949064,-0.008196111784501154,0.9912643455506758,11
highest-temperature-in-buenos-aires-on-june-9-2026,Buenos Aires,2026-06-09,clean,microprice_minus_mid,30,1-6h,,,,0.0,1
highest-temperature-in-buenos-aires-on-june-9-2026,Buenos Aires,2026-06-09,clean,microprice_minus_mid,30,6-24h,0.09561153249768099,0.7851423268825687,-0.01049649982840319,0.997457038872508,10
highest-temperature-in-buenos-aires-on-june-9-2026,Buenos Aires,2026-06-09,clean,microprice_minus_mid,30,>24h,0.05063057374416138,0.8687048718731748,-0.006734529593823564,0.9996097082849211,11
highest-temperature-in-buenos-aires-on-june-9-2026,Buenos Aires,2026-06-09,clean,microprice_minus_mid,30,all,0.06596683263384479,0.8203402818282645,-0.0087710578999914,0.9987059216984769,11
highest-temperature-in-buenos-aires-on-june-9-2026,Buenos Aires,2026-06-09,clean,microprice_minus_mid,60,1-6h,,,,0.0,1
highest-temperature-in-buenos-aires-on-june-9-2026,Buenos Aires,2026-06-09,clean,microprice_minus_mid,60,6-24h,0.1124064887286594,0.7416119384509999,-0.01032180532104497,0.9961699546695568,10
highest-temperature-in-buenos-aires-on-june-9-2026,Buenos Aires,2026-06-09,clean,microprice_minus_mid,60,>24h,0.06737390277452605,0.8338452664140974,-0.006701258182860645,0.999478585522077,11
highest-temperature-in-buenos-aires-on-june-9-2026,Buenos Aires,2026-06-09,clean,microprice_minus_mid,60,all,0.08210345039921411,0.7809346834451482,-0.008650043425373418,0.9981140863114145,11
highest-temperature-in-buenos-aires-on-june-9-2026,Buenos Aires,2026-06-09,clean,microprice_minus_mid,120,1-6h,,,,0.0,1
highest-temperature-in-buenos-aires-on-june-9-2026,Buenos Aires,2026-06-09,clean,microprice_minus_mid,120,6-24h,0.13100248302998468,0.6941798579071993,-0.01034663189742014,0.9920862142317814,10
highest-temperature-in-buenos-aires-on-june-9-2026,Buenos Aires,2026-06-09,clean,microprice_minus_mid,120,>24h,0.07709904555818146,0.7814282325135028,-0.006685859611541064,0.9993643117550103,11
highest-temperature-in-buenos-aires-on-june-9-2026,Buenos Aires,2026-06-09,clean,microprice_minus_mid,120,all,0.0980133071400402,0.7322809845862868,-0.008651312806252863,0.9962396741065852,11
highest-temperature-in-buenos-aires-on-june-9-2026,Buenos Aires,2026-06-09,clean,microprice_minus_mid,300,1-6h,,,,0.0,1
highest-temperature-in-buenos-aires-on-june-9-2026,Buenos Aires,2026-06-09,clean,microprice_minus_mid,300,6-24h,0.16675495229034834,0.6057087301395587,-0.01022829664682743,0.9832895071269967,10
highest-temperature-in-buenos-aires-on-june-9-2026,Buenos Aires,2026-06-09,clean,microprice_minus_mid,300,>24h,0.08544697640722865,0.7019255062216279,-0.006577130108633381,0.9991734712752421,11
highest-temperature-in-buenos-aires-on-june-9-2026,Buenos Aires,2026-06-09,clean,microprice_minus_mid,300,all,0.11968642578813488,0.6501467134030448,-0.00853526919325759,0.9924069127599754,11
highest-temperature-in-buenos-aires-on-june-9-2026,Buenos Aires,2026-06-09,clean,microprice_minus_mid,600,1-6h,,,,0.0,1
highest-temperature-in-buenos-aires-on-june-9-2026,Buenos Aires,2026-06-09,clean,microprice_minus_mid,600,6-24h,0.1555814386566488,0.5218849885558238,-0.01019411136883451,0.9829543851126061,10
highest-temperature-in-buenos-aires-on-june-9-2026,Buenos Aires,2026-06-09,clean,microprice_minus_mid,600,>24h,0.07646084574866371,0.6320303813600519,-0.006501098156355182,0.9989570092125933,11
highest-temperature-in-buenos-aires-on-june-9-2026,Buenos Aires,2026-06-09,clean,microprice_minus_mid,600,all,0.1166972967997359,0.573834813233689,-0.008455270618280364,0.9923409726821972,11
highest-temperature-in-buenos-aires-on-june-9-2026,Buenos Aires,2026-06-09,clean,microprice_minus_mid,900,1-6h,,,,0.0,1
highest-temperature-in-buenos-aires-on-june-9-2026,Buenos Aires,2026-06-09,clean,microprice_minus_mid,900,6-24h,0.16076505730867674,0.45625565549433456,-0.009759234129733351,0.9814527908078399,10
highest-temperature-in-buenos-aires-on-june-9-2026,Buenos Aires,2026-06-09,clean,microprice_minus_mid,900,>24h,0.07750108608918703,0.5971571796174765,-0.006508115091035746,0.9983781903626142,11
highest-temperature-in-buenos-aires-on-june-9-2026,Buenos Aires,2026-06-09,clean,microprice_minus_mid,900,all,0.11700499572100674,0.5256689352949064,-0.008209848232409299,0.9912643455506758,11
highest-temperature-in-busan-on-june-6-2026,Busan,2026-06-06,clean,depth_imbalance_1,30,1-6h,,1.0,-0.0005,0.5714285714285714,1
highest-temperature-in-busan-on-june-6-2026,Busan,2026-06-06,clean,depth_imbalance_1,30,6-24h,0.05795099059270237,0.7801845356245881,-0.010479664549446753,0.9970471022701567,11
highest-temperature-in-busan-on-june-6-2026,Busan,2026-06-06,clean,depth_imbalance_1,30,>24h,0.03752602149272052,0.7991048644180442,-0.010021862174187381,0.9995437442902358,11
highest-temperature-in-busan-on-june-6-2026,Busan,2026-06-06,clean,depth_imbalance_1,30,all,0.05104371226504323,0.7729807309548637,-0.010785061527549463,0.9978602143399393,11
highest-temperature-in-busan-on-june-6-2026,Busan,2026-06-06,clean,depth_imbalance_1,60,1-6h,,1.0,-0.0005,0.5714285714285714,1
highest-temperature-in-busan-on-june-6-2026,Busan,2026-06-06,clean,depth_imbalance_1,60,6-24h,0.04134564461102113,0.7443513992922545,-0.010457916529890728,0.993602170034327,11
highest-temperature-in-busan-on-june-6-2026,Busan,2026-06-06,clean,depth_imbalance_1,60,>24h,0.03642209488432847,0.7522043024008888,-0.009964253974334609,0.9991969937505206,11
highest-temperature-in-busan-on-june-6-2026,Busan,2026-06-06,clean,depth_imbalance_1,60,all,0.045321571255073474,0.733222873765018,-0.01077871678799351,0.9954963539793379,11
highest-temperature-in-busan-on-june-6-2026,Busan,2026-06-06,clean,depth_imbalance_1,120,1-6h,,1.0,-0.0005,0.4761904761904761,1
highest-temperature-in-busan-on-june-6-2026,Busan,2026-06-06,clean,depth_imbalance_1,120,6-24h,0.054446373692085555,0.6937228940330978,-0.010476004100035791,0.9889338265026801,11
highest-temperature-in-busan-on-june-6-2026,Busan,2026-06-06,clean,depth_imbalance_1,120,>24h,0.029081701541188488,0.6952579685222573,-0.009943115293400808,0.9988407966165792,11
highest-temperature-in-busan-on-june-6-2026,Busan,2026-06-06,clean,depth_imbalance_1,120,all,0.05177766635388373,0.6808920750510946,-0.010795532322350108,0.9921074922801371,11
highest-temperature-in-busan-on-june-6-2026,Busan,2026-06-06,clean,depth_imbalance_1,300,1-6h,,1.0,-0.0005,0.2857142857142857,1
highest-temperature-in-busan-on-june-6-2026,Busan,2026-06-06,clean,depth_imbalance_1,300,6-24h,0.06679761518743926,0.6322215406219556,-0.010682347334251491,0.9784555349187223,11
highest-temperature-in-busan-on-june-6-2026,Busan,2026-06-06,clean,depth_imbalance_1,300,>24h,0.03381801048882194,0.6305946918292691,-0.0096180729468205,0.9980937594103058,11
highest-temperature-in-busan-on-june-6-2026,Busan,2026-06-06,clean,depth_imbalance_1,300,all,0.06341099000854934,0.6165474076657355,-0.010850878298240009,0.9847841919192991,11
highest-temperature-in-busan-on-june-6-2026,Busan,2026-06-06,clean,depth_imbalance_1,600,1-6h,,,,0.0,1
highest-temperature-in-busan-on-june-6-2026,Busan,2026-06-06,clean,depth_imbalance_1,600,6-24h,0.10414867032037392,0.5917452764341303,-0.010843172798345027,0.9709341306049442,11
highest-temperature-in-busan-on-june-6-2026,Busan,2026-06-06,clean,depth_imbalance_1,600,>24h,0.0690570048472774,0.5565289009114583,-0.009235102435140809,0.9958661050198743,11
highest-temperature-in-busan-on-june-6-2026,Busan,2026-06-06,clean,depth_imbalance_1,600,all,0.08641219321367132,0.5676459497156409,-0.010729031892352137,0.978794603404376,11
highest-temperature-in-busan-on-june-6-2026,Busan,2026-06-06,clean,depth_imbalance_1,900,1-6h,,,,0.0,1
highest-temperature-in-busan-on-june-6-2026,Busan,2026-06-06,clean,depth_imbalance_1,900,6-24h,0.07230142960755394,0.5412403721883958,-0.011074437338091873,0.9614487115709608,11
highest-temperature-in-busan-on-june-6-2026,Busan,2026-06-06,clean,depth_imbalance_1,900,>24h,0.09059491672592666,0.5167103127052429,-0.008929837502482864,0.9946980189628711,11
highest-temperature-in-busan-on-june-6-2026,Busan,2026-06-06,clean,depth_imbalance_1,900,all,0.09131370205643373,0.5205869583963422,-0.010674619827274781,0.9718903848847131,11
highest-temperature-in-busan-on-june-6-2026,Busan,2026-06-06,clean,microprice_minus_mid,30,1-6h,,1.0,-0.0005,0.5714285714285714,1
highest-temperature-in-busan-on-june-6-2026,Busan,2026-06-06,clean,microprice_minus_mid,30,6-24h,0.04486128932454581,0.7801845356245881,-0.010486331102884628,0.9970471022701567,11
highest-temperature-in-busan-on-june-6-2026,Busan,2026-06-06,clean,microprice_minus_mid,30,>24h,0.0198670699533422,0.7991048644180442,-0.009969625719565382,0.9995437442902358,11
highest-temperature-in-busan-on-june-6-2026,Busan,2026-06-06,clean,microprice_minus_mid,30,all,0.037929206634835906,0.7729807309548637,-0.01077324699459851,0.9978602143399393,11
highest-temperature-in-busan-on-june-6-2026,Busan,2026-06-06,clean,microprice_minus_mid,60,1-6h,,1.0,-0.0005,0.5714285714285714,1
highest-temperature-in-busan-on-june-6-2026,Busan,2026-06-06,clean,microprice_minus_mid,60,6-24h,0.02132711130996218,0.7443513992922545,-0.010462964895944482,0.993602170034327,11
highest-temperature-in-busan-on-june-6-2026,Busan,2026-06-06,clean,microprice_minus_mid,60,>24h,0.010286250154581584,0.7522043024008888,-0.009914906183997483,0.9991969937505206,11
highest-temperature-in-busan-on-june-6-2026,Busan,2026-06-06,clean,microprice_minus_mid,60,all,0.024612733377335147,0.733222873765018,-0.010765431663395565,0.9954963539793379,11
highest-temperature-in-busan-on-june-6-2026,Busan,2026-06-06,clean,microprice_minus_mid,120,1-6h,,1.0,-0.0005,0.4761904761904761,1
highest-temperature-in-busan-on-june-6-2026,Busan,2026-06-06,clean,microprice_minus_mid,120,6-24h,0.0288361091892929,0.6937228940330978,-0.010482687992832173,0.9889338265026801,11
highest-temperature-in-busan-on-june-6-2026,Busan,2026-06-06,clean,microprice_minus_mid,120,>24h,-0.012872507925060617,0.6952579685222573,-0.009895653461502273,0.9988407966165792,11
highest-temperature-in-busan-on-june-6-2026,Busan,2026-06-06,clean,microprice_minus_mid,120,all,0.02266945914744681,0.6808920750510946,-0.010783209168509255,0.9921074922801371,11
highest-temperature-in-busan-on-june-6-2026,Busan,2026-06-06,clean,microprice_minus_mid,300,1-6h,,1.0,-0.0005,0.2857142857142857,1
highest-temperature-in-busan-on-june-6-2026,Busan,2026-06-06,clean,microprice_minus_mid,300,6-24h,0.04256476834789237,0.6322215406219556,-0.010691326723331845,0.9784555349187223,11
highest-temperature-in-busan-on-june-6-2026,Busan,2026-06-06,clean,microprice_minus_mid,300,>24h,0.0014017003403424657,0.6305946918292691,-0.009576461153325062,0.9980937594103058,11
highest-temperature-in-busan-on-june-6-2026,Busan,2026-06-06,clean,microprice_minus_mid,300,all,0.03299935926585143,0.6165474076657355,-0.010840890552649918,0.9847841919192991,11
highest-temperature-in-busan-on-june-6-2026,Busan,2026-06-06,clean,microprice_minus_mid,600,1-6h,,,,0.0,1
highest-temperature-in-busan-on-june-6-2026,Busan,2026-06-06,clean,microprice_minus_mid,600,6-24h,0.08660748670139215,0.5917452764341303,-0.010853976467395336,0.9709341306049442,11
highest-temperature-in-busan-on-june-6-2026,Busan,2026-06-06,clean,microprice_minus_mid,600,>24h,0.025276613547225414,0.5565289009114583,-0.009233199968790882,0.9958661050198743,11
highest-temperature-in-busan-on-june-6-2026,Busan,2026-06-06,clean,microprice_minus_mid,600,all,0.06054582745529368,0.5676459497156409,-0.010727580119535783,0.978794603404376,11
highest-temperature-in-busan-on-june-6-2026,Busan,2026-06-06,clean,microprice_minus_mid,900,1-6h,,,,0.0,1
highest-temperature-in-busan-on-june-6-2026,Busan,2026-06-06,clean,microprice_minus_mid,900,6-24h,0.06641620692903624,0.5412403721883958,-0.0110788067012508,0.9614487115709608,11
highest-temperature-in-busan-on-june-6-2026,Busan,2026-06-06,clean,microprice_minus_mid,900,>24h,0.04338309312797579,0.5167103127052429,-0.008939605749603237,0.9946980189628711,11
highest-temperature-in-busan-on-june-6-2026,Busan,2026-06-06,clean,microprice_minus_mid,900,all,0.07222667380671187,0.5205869583963422,-0.010671616465029145,0.9718903848847131,11
highest-temperature-in-cape-town-on-june-8-2026,Cape Town,2026-06-08,clean,depth_imbalance_1,30,1-6h,0.11040428736531199,0.9782225023636937,-0.00145016617482735,0.9868727958573278,2
highest-temperature-in-cape-town-on-june-8-2026,Cape Town,2026-06-08,clean,depth_imbalance_1,30,6-24h,0.05509010062504835,0.7207477016775572,-0.017449476579030992,0.9980151308618849,9
highest-temperature-in-cape-town-on-june-8-2026,Cape Town,2026-06-08,clean,depth_imbalance_1,30,>24h,0.03011728393886577,0.8426885433205005,-0.007930939576877927,0.9994114126895517,11
highest-temperature-in-cape-town-on-june-8-2026,Cape Town,2026-06-08,clean,depth_imbalance_1,30,all,0.04299644516727734,0.7824188090440529,-0.012610163222749972,0.9985956052841403,11
highest-temperature-in-cape-town-on-june-8-2026,Cape Town,2026-06-08,clean,depth_imbalance_1,60,1-6h,0.09607237602218276,0.9737765847615114,-0.0014522965563126002,0.9863956966206866,2
highest-temperature-in-cape-town-on-june-8-2026,Cape Town,2026-06-08,clean,depth_imbalance_1,60,6-24h,0.06371576374993408,0.6832843828322738,-0.017387555417801466,0.9973425032038283,9
highest-temperature-in-cape-town-on-june-8-2026,Cape Town,2026-06-08,clean,depth_imbalance_1,60,>24h,0.037302323615151366,0.8107970275687961,-0.007852304275448245,0.9988434744037533,11
highest-temperature-in-cape-town-on-june-8-2026,Cape Town,2026-06-08,clean,depth_imbalance_1,60,all,0.044990368751055554,0.7486816354158922,-0.012552859638206681,0.9978941437109031,11
highest-temperature-in-cape-town-on-june-8-2026,Cape Town,2026-06-08,clean,depth_imbalance_1,120,1-6h,0.12559187540428976,0.9621180263526774,-0.0014465470516774,0.9776237667961252,2
highest-temperature-in-cape-town-on-june-8-2026,Cape Town,2026-06-08,clean,depth_imbalance_1,120,6-24h,0.08843713698219827,0.6343935984729512,-0.017293949882075832,0.9956547939988245,9
highest-temperature-in-cape-town-on-june-8-2026,Cape Town,2026-06-08,clean,depth_imbalance_1,120,>24h,0.03911372985841199,0.7685478475318978,-0.007725355573691137,0.998358816175084,11
highest-temperature-in-cape-town-on-june-8-2026,Cape Town,2026-06-08,clean,depth_imbalance_1,120,all,0.049709719614450115,0.7040820741770809,-0.012463046390293891,0.9966378414820137,11
highest-temperature-in-cape-town-on-june-8-2026,Cape Town,2026-06-08,clean,depth_imbalance_1,300,1-6h,0.18277563094449029,0.9359462380750976,-0.00144385603176835,0.9747611713762778,2
highest-temperature-in-cape-town-on-june-8-2026,Cape Town,2026-06-08,clean,depth_imbalance_1,300,6-24h,0.08903408827097774,0.5706567531164208,-0.016702721337959834,0.9926139304589144,9
highest-temperature-in-cape-town-on-june-8-2026,Cape Town,2026-06-08,clean,depth_imbalance_1,300,>24h,0.045769839273480155,0.6968553273965646,-0.007433494154792181,0.9974733676006836,11
highest-temperature-in-cape-town-on-june-8-2026,Cape Town,2026-06-08,clean,depth_imbalance_1,300,all,0.04643140820668441,0.6394874148457474,-0.012036271671910036,0.9944568685473243,11
highest-temperature-in-cape-town-on-june-8-2026,Cape Town,2026-06-08,clean,depth_imbalance_1,600,1-6h,0.1684305239642877,0.9130563638323095,-0.00143700231107275,0.9655735235034151,2
highest-temperature-in-cape-town-on-june-8-2026,Cape Town,2026-06-08,clean,depth_imbalance_1,600,6-24h,0.0782509223679935,0.5128059502130106,-0.017232310248378954,0.991457945684374,9
highest-temperature-in-cape-town-on-june-8-2026,Cape Town,2026-06-08,clean,depth_imbalance_1,600,>24h,0.0456891317718074,0.6235325194123887,-0.007099195612301582,0.9959840193997785,11
highest-temperature-in-cape-town-on-june-8-2026,Cape Town,2026-06-08,clean,depth_imbalance_1,600,all,0.043579167219575526,0.5752654089116781,-0.012178075146312363,0.9928755985206373,11
highest-temperature-in-cape-town-on-june-8-2026,Cape Town,2026-06-08,clean,depth_imbalance_1,900,1-6h,0.1094095087576301,0.8843159135362857,-0.0014371724384371499,0.943797151912861,2
highest-temperature-in-cape-town-on-june-8-2026,Cape Town,2026-06-08,clean,depth_imbalance_1,900,6-24h,0.09118201803168414,0.4851790444300751,-0.017557721500652133,0.9865297866734113,9
highest-temperature-in-cape-town-on-june-8-2026,Cape Town,2026-06-08,clean,depth_imbalance_1,900,>24h,0.06934202916409306,0.585049398872559,-0.006933796810325473,0.9950559776805071,11
highest-temperature-in-cape-town-on-june-8-2026,Cape Town,2026-06-08,clean,depth_imbalance_1,900,all,0.06749223652148678,0.5421710696932295,-0.012256575508631183,0.9896333376499773,11
highest-temperature-in-cape-town-on-june-8-2026,Cape Town,2026-06-08,clean,microprice_minus_mid,30,1-6h,0.1304740457061629,0.9782225023636937,-0.00145016617482735,0.9868727958573278,2
highest-temperature-in-cape-town-on-june-8-2026,Cape Town,2026-06-08,clean,microprice_minus_mid,30,6-24h,0.027941137876442677,0.7207477016775572,-0.01746155528656231,0.9980151308618849,9
highest-temperature-in-cape-town-on-june-8-2026,Cape Town,2026-06-08,clean,microprice_minus_mid,30,>24h,0.03336842152006254,0.8426885433205005,-0.007938606701937264,0.9994114126895517,11
highest-temperature-in-cape-town-on-june-8-2026,Cape Town,2026-06-08,clean,microprice_minus_mid,30,all,0.036461125961342426,0.7824188090440529,-0.012617339489542644,0.9985956052841403,11
highest-temperature-in-cape-town-on-june-8-2026,Cape Town,2026-06-08,clean,microprice_minus_mid,60,1-6h,0.10082303537546085,0.9737765847615114,-0.0014522965563126002,0.9863956966206866,2
highest-temperature-in-cape-town-on-june-8-2026,Cape Town,2026-06-08,clean,microprice_minus_mid,60,6-24h,0.034914577289311875,0.6832843828322738,-0.01740670355140039,0.9973425032038283,9
highest-temperature-in-cape-town-on-june-8-2026,Cape Town,2026-06-08,clean,microprice_minus_mid,60,>24h,0.04206060107232735,0.8107970275687961,-0.007859618814884391,0.9988434744037533,11
highest-temperature-in-cape-town-on-june-8-2026,Cape Town,2026-06-08,clean,microprice_minus_mid,60,all,0.03860502870218578,0.7486816354158922,-0.012563903544002908,0.9978941437109031,11
highest-temperature-in-cape-town-on-june-8-2026,Cape Town,2026-06-08,clean,microprice_minus_mid,120,1-6h,0.14642601387706244,0.9621180263526774,-0.0014465470516774,0.9776237667961252,2
highest-temperature-in-cape-town-on-june-8-2026,Cape Town,2026-06-08,clean,microprice_minus_mid,120,6-24h,0.0369117494587643,0.6343935984729512,-0.01731367076603338,0.9956547939988245,9
highest-temperature-in-cape-town-on-june-8-2026,Cape Town,2026-06-08,clean,microprice_minus_mid,120,>24h,0.041421184348253696,0.7685478475318978,-0.00773122082321619,0.998358816175084,11
highest-temperature-in-cape-town-on-june-8-2026,Cape Town,2026-06-08,clean,microprice_minus_mid,120,all,0.038572528182498296,0.7040820741770809,-0.012474007304049455,0.9966378414820137,11
highest-temperature-in-cape-town-on-june-8-2026,Cape Town,2026-06-08,clean,microprice_minus_mid,300,1-6h,0.18208529085237724,0.9359462380750976,-0.00144385603176835,0.9747611713762778,2
highest-temperature-in-cape-town-on-june-8-2026,Cape Town,2026-06-08,clean,microprice_minus_mid,300,6-24h,0.03611615547675213,0.5706567531164208,-0.016698384033714975,0.9926139304589144,9
highest-temperature-in-cape-town-on-june-8-2026,Cape Town,2026-06-08,clean,microprice_minus_mid,300,>24h,0.06135741574857538,0.6968553273965646,-0.0074394551858301735,0.9974733676006836,11
highest-temperature-in-cape-town-on-june-8-2026,Cape Town,2026-06-08,clean,microprice_minus_mid,300,all,0.04939999822460803,0.6394874148457474,-0.01203323691419549,0.9944568685473243,11
highest-temperature-in-cape-town-on-june-8-2026,Cape Town,2026-06-08,clean,microprice_minus_mid,600,1-6h,0.15965997629199666,0.9130563638323095,-0.00143700231107275,0.9655735235034151,2
highest-temperature-in-cape-town-on-june-8-2026,Cape Town,2026-06-08,clean,microprice_minus_mid,600,6-24h,0.017789236268934337,0.5128059502130106,-0.017221387776181867,0.991457945684374,9
highest-temperature-in-cape-town-on-june-8-2026,Cape Town,2026-06-08,clean,microprice_minus_mid,600,>24h,0.06107591993159667,0.6235325194123887,-0.007107003269064937,0.9959840193997785,11
highest-temperature-in-cape-town-on-june-8-2026,Cape Town,2026-06-08,clean,microprice_minus_mid,600,all,0.043816171756770425,0.5752654089116781,-0.012171257652004174,0.9928755985206373,11
highest-temperature-in-cape-town-on-june-8-2026,Cape Town,2026-06-08,clean,microprice_minus_mid,900,1-6h,0.1658846985176346,0.8843159135362857,-0.0014371724384371499,0.943797151912861,2
highest-temperature-in-cape-town-on-june-8-2026,Cape Town,2026-06-08,clean,microprice_minus_mid,900,6-24h,0.028154413944759166,0.4851790444300751,-0.017533580395500865,0.9865297866734113,9
highest-temperature-in-cape-town-on-june-8-2026,Cape Town,2026-06-08,clean,microprice_minus_mid,900,>24h,0.08635297383952609,0.585049398872559,-0.006943459026367927,0.9950559776805071,11
highest-temperature-in-cape-town-on-june-8-2026,Cape Town,2026-06-08,clean,microprice_minus_mid,900,all,0.06743319688633614,0.5421710696932295,-0.012242470407331028,0.9896333376499773,11
highest-temperature-in-chengdu-on-june-10-2026,Chengdu,2026-06-10,clean,depth_imbalance_1,30,6-24h,0.10326648684586573,0.7590729621552331,-0.011965322053134726,0.9931829255076843,11
highest-temperature-in-chengdu-on-june-10-2026,Chengdu,2026-06-10,clean,depth_imbalance_1,30,>24h,0.08649938932164355,0.7854365017072067,-0.011893967197383672,0.9999959066729275,11
highest-temperature-in-chengdu-on-june-10-2026,Chengdu,2026-06-10,clean,depth_imbalance_1,30,all,0.08455785518944582,0.767343282602559,-0.012285392142365636,0.9981951670861043,11
highest-temperature-in-chengdu-on-june-10-2026,Chengdu,2026-06-10,clean,depth_imbalance_1,60,6-24h,0.1097338052741164,0.7130291125605708,-0.011835248694586091,0.9908235821364648,11
highest-temperature-in-chengdu-on-june-10-2026,Chengdu,2026-06-10,clean,depth_imbalance_1,60,>24h,0.08749133209197582,0.7448018047907599,-0.011881985589434846,0.9999959066729275,11
highest-temperature-in-chengdu-on-june-10-2026,Chengdu,2026-06-10,clean,depth_imbalance_1,60,all,0.08460811927608959,0.7227724244319149,-0.012220995378046318,0.9971566039446587,11
highest-temperature-in-chengdu-on-june-10-2026,Chengdu,2026-06-10,clean,depth_imbalance_1,120,6-24h,0.11742066561341938,0.6521301634935597,-0.011679711182566516,0.9863424551664806,11
highest-temperature-in-chengdu-on-june-10-2026,Chengdu,2026-06-10,clean,depth_imbalance_1,120,>24h,0.08495862775731668,0.6862455977639247,-0.011825256932527001,0.9999931995143883,11
highest-temperature-in-chengdu-on-june-10-2026,Chengdu,2026-06-10,clean,depth_imbalance_1,120,all,0.08275708037397143,0.661696784240954,-0.0121204868133503,0.9963458065791467,11
highest-temperature-in-chengdu-on-june-10-2026,Chengdu,2026-06-10,clean,depth_imbalance_1,300,6-24h,0.13804183868242323,0.5577046491779183,-0.011064599331646356,0.9627462132699454,11
highest-temperature-in-chengdu-on-june-10-2026,Chengdu,2026-06-10,clean,depth_imbalance_1,300,>24h,0.07253921620464233,0.5918067173082586,-0.011646309211935326,0.9999918459351186,11
highest-temperature-in-chengdu-on-june-10-2026,Chengdu,2026-06-10,clean,depth_imbalance_1,300,all,0.08026462033826186,0.5641286266530874,-0.011753522584092737,0.9934931303137443,11
highest-temperature-in-chengdu-on-june-10-2026,Chengdu,2026-06-10,clean,depth_imbalance_1,600,6-24h,0.15780445331641074,0.4715243715041422,-0.011589472195571892,0.9469801038951402,11
highest-temperature-in-chengdu-on-june-10-2026,Chengdu,2026-06-10,clean,depth_imbalance_1,600,>24h,0.057672987948933274,0.47543966740956667,-0.011503470476635037,0.9999918459351186,11
highest-temperature-in-chengdu-on-june-10-2026,Chengdu,2026-06-10,clean,depth_imbalance_1,600,all,0.07248737183149873,0.45685279855461475,-0.011912481687112508,0.9893008017949146,11
highest-temperature-in-chengdu-on-june-10-2026,Chengdu,2026-06-10,clean,depth_imbalance_1,900,6-24h,0.18711601840383216,0.4333702929229288,-0.011350732375161435,0.9327788468782319,11
highest-temperature-in-chengdu-on-june-10-2026,Chengdu,2026-06-10,clean,depth_imbalance_1,900,>24h,0.05634387694664839,0.39885284197452714,-0.011339191029104,0.9999918459351186,11
highest-temperature-in-chengdu-on-june-10-2026,Chengdu,2026-06-10,clean,depth_imbalance_1,900,all,0.0778577499442687,0.39236731142395237,-0.01176010541990821,0.9849419640218936,11
highest-temperature-in-chengdu-on-june-10-2026,Chengdu,2026-06-10,clean,microprice_minus_mid,30,6-24h,0.05628468988015996,0.7590729621552331,-0.011973689031409808,0.9931829255076843,11
highest-temperature-in-chengdu-on-june-10-2026,Chengdu,2026-06-10,clean,microprice_minus_mid,30,>24h,0.09192091221124374,0.7854365017072067,-0.011898349683686145,0.9999959066729275,11
highest-temperature-in-chengdu-on-june-10-2026,Chengdu,2026-06-10,clean,microprice_minus_mid,30,all,0.08115222843563777,0.767343282602559,-0.012293660734157318,0.9981951670861043,11
highest-temperature-in-chengdu-on-june-10-2026,Chengdu,2026-06-10,clean,microprice_minus_mid,60,6-24h,0.05987213582150395,0.7130291125605708,-0.011841338828639273,0.9908235821364648,11
highest-temperature-in-chengdu-on-june-10-2026,Chengdu,2026-06-10,clean,microprice_minus_mid,60,>24h,0.08972637729743208,0.7448018047907599,-0.011886501838026982,0.9999959066729275,11
highest-temperature-in-chengdu-on-june-10-2026,Chengdu,2026-06-10,clean,microprice_minus_mid,60,all,0.07789703210176102,0.7227724244319149,-0.012228387651992053,0.9971566039446587,11
highest-temperature-in-chengdu-on-june-10-2026,Chengdu,2026-06-10,clean,microprice_minus_mid,120,6-24h,0.05945469613661358,0.6521301634935597,-0.01168675425839839,0.9863424551664806,11
highest-temperature-in-chengdu-on-june-10-2026,Chengdu,2026-06-10,clean,microprice_minus_mid,120,>24h,0.08759565467168286,0.6862455977639247,-0.011829439030760901,0.9999931995143883,11
highest-temperature-in-chengdu-on-june-10-2026,Chengdu,2026-06-10,clean,microprice_minus_mid,120,all,0.07432571967743579,0.661696784240954,-0.012128340723481545,0.9963458065791467,11
highest-temperature-in-chengdu-on-june-10-2026,Chengdu,2026-06-10,clean,microprice_minus_mid,300,6-24h,0.0606978324709601,0.5577046491779183,-0.011075172350565009,0.9627462132699454,11
highest-temperature-in-chengdu-on-june-10-2026,Chengdu,2026-06-10,clean,microprice_minus_mid,300,>24h,0.08483244365173542,0.5918067173082586,-0.011651260075652753,0.9999918459351186,11
highest-temperature-in-chengdu-on-june-10-2026,Chengdu,2026-06-10,clean,microprice_minus_mid,300,all,0.0768299991493881,0.5641286266530874,-0.011763491462468965,0.9934931303137443,11
highest-temperature-in-chengdu-on-june-10-2026,Chengdu,2026-06-10,clean,microprice_minus_mid,600,6-24h,0.058731124506272235,0.4715243715041422,-0.011598362402701883,0.9469801038951402,11
highest-temperature-in-chengdu-on-june-10-2026,Chengdu,2026-06-10,clean,microprice_minus_mid,600,>24h,0.07652389778865451,0.47543966740956667,-0.011508610571803165,0.9999918459351186,11
highest-temperature-in-chengdu-on-june-10-2026,Chengdu,2026-06-10,clean,microprice_minus_mid,600,all,0.0705297974192078,0.45685279855461475,-0.011922378277560826,0.9893008017949146,11
highest-temperature-in-chengdu-on-june-10-2026,Chengdu,2026-06-10,clean,microprice_minus_mid,900,6-24h,0.06080580901622694,0.4333702929229288,-0.011367846278324838,0.9327788468782319,11
highest-temperature-in-chengdu-on-june-10-2026,Chengdu,2026-06-10,clean,microprice_minus_mid,900,>24h,0.07400755931427111,0.39885284197452714,-0.011343961558655228,0.9999918459351186,11
highest-temperature-in-chengdu-on-june-10-2026,Chengdu,2026-06-10,clean,microprice_minus_mid,900,all,0.07069383028890051,0.39236731142395237,-0.011772671629486637,0.9849419640218936,11
highest-temperature-in-chongqing-on-june-6-2026,Chongqing,2026-06-06,clean,depth_imbalance_1,30,6-24h,0.1169805208648252,0.695040972755954,-0.012601062857984556,0.9951666803038862,7
highest-temperature-in-chongqing-on-june-6-2026,Chongqing,2026-06-06,clean,depth_imbalance_1,30,>24h,0.034276643782052967,0.7964196272117444,-0.010240484068370127,0.9975614320613854,11
highest-temperature-in-chongqing-on-june-6-2026,Chongqing,2026-06-06,clean,depth_imbalance_1,30,all,0.053191269898440474,0.7817075054840824,-0.009792524858869845,0.9952833532231424,11
highest-temperature-in-chongqing-on-june-6-2026,Chongqing,2026-06-06,clean,depth_imbalance_1,60,6-24h,0.11833073468102213,0.6355746581412192,-0.0117412753603984,0.9921088982237934,7
highest-temperature-in-chongqing-on-june-6-2026,Chongqing,2026-06-06,clean,depth_imbalance_1,60,>24h,0.027090270549899553,0.7563406229486994,-0.010055034443327327,0.9960879534395051,11
highest-temperature-in-chongqing-on-june-6-2026,Chongqing,2026-06-06,clean,depth_imbalance_1,60,all,0.044274043776484084,0.7377097740948073,-0.009177870191128463,0.9923966087559676,11
highest-temperature-in-chongqing-on-june-6-2026,Chongqing,2026-06-06,clean,depth_imbalance_1,120,6-24h,0.12946404374476458,0.5756330618957316,-0.010862676298451415,0.9888425543084665,7
highest-temperature-in-chongqing-on-june-6-2026,Chongqing,2026-06-06,clean,depth_imbalance_1,120,>24h,0.04399169210960261,0.7035129231363152,-0.0097781972563364,0.9916395153212322,11
highest-temperature-in-chongqing-on-june-6-2026,Chongqing,2026-06-06,clean,depth_imbalance_1,120,all,0.054783958399657974,0.6901605775586794,-0.008543093442571781,0.9865218774206675,11
highest-temperature-in-chongqing-on-june-6-2026,Chongqing,2026-06-06,clean,depth_imbalance_1,300,6-24h,0.12953662887401016,0.48848464777387335,-0.009390608542589985,0.9776602760207261,7
highest-temperature-in-chongqing-on-june-6-2026,Chongqing,2026-06-06,clean,depth_imbalance_1,300,>24h,0.0613622151183874,0.624684082942037,-0.008962965718658981,0.989874643914019,11
highest-temperature-in-chongqing-on-june-6-2026,Chongqing,2026-06-06,clean,depth_imbalance_1,300,all,0.04432415517053645,0.6146443473157693,-0.007495824224597864,0.9801104117871794,11
highest-temperature-in-chongqing-on-june-6-2026,Chongqing,2026-06-06,clean,depth_imbalance_1,600,6-24h,0.1400832446613894,0.4318796126041307,-0.006574528076371629,0.9754623446159335,7
highest-temperature-in-chongqing-on-june-6-2026,Chongqing,2026-06-06,clean,depth_imbalance_1,600,>24h,0.08408882138163176,0.5370512362077835,-0.008480027507808664,0.9845479927435548,11
highest-temperature-in-chongqing-on-june-6-2026,Chongqing,2026-06-06,clean,depth_imbalance_1,600,all,0.05971302622170118,0.5462531435015842,-0.005826522849292263,0.9747841442671735,11
highest-temperature-in-chongqing-on-june-6-2026,Chongqing,2026-06-06,clean,depth_imbalance_1,900,6-24h,0.14401758745573812,0.392160653322304,-0.007303827770531813,0.9710409230944075,7
highest-temperature-in-chongqing-on-june-6-2026,Chongqing,2026-06-06,clean,depth_imbalance_1,900,>24h,0.10377758629361832,0.4833034792584366,-0.008671939214558062,0.9820441136311651,11
highest-temperature-in-chongqing-on-june-6-2026,Chongqing,2026-06-06,clean,depth_imbalance_1,900,all,0.07400018611888502,0.5011828197996385,-0.006273392093120437,0.9710150107629133,11
highest-temperature-in-chongqing-on-june-6-2026,Chongqing,2026-06-06,clean,microprice_minus_mid,30,6-24h,0.06449696081280275,0.695040972755954,-0.012620207941541528,0.9951666803038862,7
highest-temperature-in-chongqing-on-june-6-2026,Chongqing,2026-06-06,clean,microprice_minus_mid,30,>24h,0.0446725919684382,0.7964196272117444,-0.010250647486867482,0.9975614320613854,11
highest-temperature-in-chongqing-on-june-6-2026,Chongqing,2026-06-06,clean,microprice_minus_mid,30,all,0.05747296330428477,0.7817075054840824,-0.009812336954445973,0.9952833532231424,11
highest-temperature-in-chongqing-on-june-6-2026,Chongqing,2026-06-06,clean,microprice_minus_mid,60,6-24h,0.06685293357353136,0.6355746581412192,-0.011761679555731442,0.9921088982237934,7
highest-temperature-in-chongqing-on-june-6-2026,Chongqing,2026-06-06,clean,microprice_minus_mid,60,>24h,0.036667422736283935,0.7563406229486994,-0.010068535801860455,0.9960879534395051,11
highest-temperature-in-chongqing-on-june-6-2026,Chongqing,2026-06-06,clean,microprice_minus_mid,60,all,0.05378501672322815,0.7377097740948073,-0.009199421180576263,0.9923966087559676,11
highest-temperature-in-chongqing-on-june-6-2026,Chongqing,2026-06-06,clean,microprice_minus_mid,120,6-24h,0.059996688610396774,0.5756330618957316,-0.01088930550553,0.9888425543084665,7
highest-temperature-in-chongqing-on-june-6-2026,Chongqing,2026-06-06,clean,microprice_minus_mid,120,>24h,0.04974740837213165,0.7035129231363152,-0.009791290402132528,0.9916395153212322,11
highest-temperature-in-chongqing-on-june-6-2026,Chongqing,2026-06-06,clean,microprice_minus_mid,120,all,0.05813084281258785,0.6901605775586794,-0.008568186900157345,0.9865218774206675,11
highest-temperature-in-chongqing-on-june-6-2026,Chongqing,2026-06-06,clean,microprice_minus_mid,300,6-24h,0.06102124390057615,0.48848464777387335,-0.009383858201615343,0.9776602760207261,7
highest-temperature-in-chongqing-on-june-6-2026,Chongqing,2026-06-06,clean,microprice_minus_mid,300,>24h,0.058146739185728456,0.624684082942037,-0.00897309077746422,0.989874643914019,11
highest-temperature-in-chongqing-on-june-6-2026,Chongqing,2026-06-06,clean,microprice_minus_mid,300,all,0.04729591799951433,0.6146443473157693,-0.007501241345931381,0.9801104117871794,11
highest-temperature-in-chongqing-on-june-6-2026,Chongqing,2026-06-06,clean,microprice_minus_mid,600,6-24h,0.08807634907747501,0.4318796126041307,-0.006601327699400658,0.9754623446159335,7
highest-temperature-in-chongqing-on-june-6-2026,Chongqing,2026-06-06,clean,microprice_minus_mid,600,>24h,0.08737331597371259,0.5370512362077835,-0.008498800934895719,0.9845479927435548,11
highest-temperature-in-chongqing-on-june-6-2026,Chongqing,2026-06-06,clean,microprice_minus_mid,600,all,0.06990560740762286,0.5462531435015842,-0.005851930656833155,0.9747841442671735,11
highest-temperature-in-chongqing-on-june-6-2026,Chongqing,2026-06-06,clean,microprice_minus_mid,900,6-24h,0.08589076978333864,0.392160653322304,-0.007368141983824386,0.9710409230944075,7
highest-temperature-in-chongqing-on-june-6-2026,Chongqing,2026-06-06,clean,microprice_minus_mid,900,>24h,0.09536849730947318,0.4833034792584366,-0.0086905523188277,0.9820441136311651,11
highest-temperature-in-chongqing-on-june-6-2026,Chongqing,2026-06-06,clean,microprice_minus_mid,900,all,0.07872817947492632,0.5011828197996385,-0.006318490978146482,0.9710150107629133,11
highest-temperature-in-dallas-on-june-8-2026,Dallas,2026-06-08,clean,depth_imbalance_1,30,6-24h,0.05118293663118112,0.7862368021497786,-0.006808108822500991,0.9899902045015448,11
highest-temperature-in-dallas-on-june-8-2026,Dallas,2026-06-08,clean,depth_imbalance_1,30,>24h,0.06795141984149167,0.8557792608739535,-0.0076211553499142826,0.9994303908277409,11
highest-temperature-in-dallas-on-june-8-2026,Dallas,2026-06-08,clean,depth_imbalance_1,30,all,0.06088304247386081,0.8134137648240931,-0.007277417998499545,0.9978731964394517,11
highest-temperature-in-dallas-on-june-8-2026,Dallas,2026-06-08,clean,depth_imbalance_1,60,6-24h,0.05291397854122997,0.761619383241684,-0.006717008718854483,0.9895860643740911,11
highest-temperature-in-dallas-on-june-8-2026,Dallas,2026-06-08,clean,depth_imbalance_1,60,>24h,0.07942397126630198,0.8190823593755621,-0.007564346114870436,0.9990421680186664,11
highest-temperature-in-dallas-on-june-8-2026,Dallas,2026-06-08,clean,depth_imbalance_1,60,all,0.0658937448160337,0.7815870785070866,-0.0071963395072108085,0.9967032938034922,11
highest-temperature-in-dallas-on-june-8-2026,Dallas,2026-06-08,clean,depth_imbalance_1,120,6-24h,0.07192054770130213,0.7328308979935806,-0.006522605204834082,0.9841458127227513,11
highest-temperature-in-dallas-on-june-8-2026,Dallas,2026-06-08,clean,depth_imbalance_1,120,>24h,0.08685356830118748,0.7725714387879905,-0.007528148395907791,0.9982040941762168,11
highest-temperature-in-dallas-on-june-8-2026,Dallas,2026-06-08,clean,depth_imbalance_1,120,all,0.0728540075601578,0.7419484552695816,-0.007074893042559091,0.9950566449615285,11
highest-temperature-in-dallas-on-june-8-2026,Dallas,2026-06-08,clean,depth_imbalance_1,300,6-24h,0.11539298152320482,0.6786547613664566,-0.006399475793132545,0.9709536811593352,11
highest-temperature-in-dallas-on-june-8-2026,Dallas,2026-06-08,clean,depth_imbalance_1,300,>24h,0.1026951718861351,0.6897319864535061,-0.0073994641512452365,0.9970263866281567,11
highest-temperature-in-dallas-on-june-8-2026,Dallas,2026-06-08,clean,depth_imbalance_1,300,all,0.09703353483531331,0.6686413511788081,-0.006957242363310464,0.9917393777472718,11
highest-temperature-in-dallas-on-june-8-2026,Dallas,2026-06-08,clean,depth_imbalance_1,600,6-24h,0.14293046092014852,0.6239960293501567,-0.006427672727672346,0.9641436913321747,11
highest-temperature-in-dallas-on-june-8-2026,Dallas,2026-06-08,clean,depth_imbalance_1,600,>24h,0.11379232207771367,0.6180802939063542,-0.007321697482955019,0.995143778958465,11
highest-temperature-in-dallas-on-june-8-2026,Dallas,2026-06-08,clean,depth_imbalance_1,600,all,0.11087461120414357,0.6012468699428469,-0.006964766248613827,0.9874637440918534,11
highest-temperature-in-dallas-on-june-8-2026,Dallas,2026-06-08,clean,depth_imbalance_1,900,6-24h,0.15766986803504957,0.5873236824011698,-0.006250082091999246,0.9378875067644586,11
highest-temperature-in-dallas-on-june-8-2026,Dallas,2026-06-08,clean,depth_imbalance_1,900,>24h,0.1242817123061073,0.5574952960711793,-0.007346400082989854,0.9942709557664827,11
highest-temperature-in-dallas-on-june-8-2026,Dallas,2026-06-08,clean,depth_imbalance_1,900,all,0.12296670175717371,0.5508238452759092,-0.006898991172240309,0.9825727244829519,11
highest-temperature-in-dallas-on-june-8-2026,Dallas,2026-06-08,clean,microprice_minus_mid,30,6-24h,0.05147510352439979,0.7862368021497786,-0.006811253747864746,0.9899902045015448,11
highest-temperature-in-dallas-on-june-8-2026,Dallas,2026-06-08,clean,microprice_minus_mid,30,>24h,0.0764712693129363,0.8557792608739535,-0.007628926732038791,0.9994303908277409,11
highest-temperature-in-dallas-on-june-8-2026,Dallas,2026-06-08,clean,microprice_minus_mid,30,all,0.07244287390878193,0.8134137648240931,-0.007278719992296164,0.9978731964394517,11
highest-temperature-in-dallas-on-june-8-2026,Dallas,2026-06-08,clean,microprice_minus_mid,60,6-24h,0.05032341290230082,0.761619383241684,-0.006720427888998,0.9895860643740911,11
highest-temperature-in-dallas-on-june-8-2026,Dallas,2026-06-08,clean,microprice_minus_mid,60,>24h,0.08727591587514248,0.8190823593755621,-0.007571732306175036,0.9990421680186664,11
highest-temperature-in-dallas-on-june-8-2026,Dallas,2026-06-08,clean,microprice_minus_mid,60,all,0.07775507376359099,0.7815870785070866,-0.007197678220348027,0.9967032938034922,11
highest-temperature-in-dallas-on-june-8-2026,Dallas,2026-06-08,clean,microprice_minus_mid,120,6-24h,0.0613695267232656,0.7328308979935806,-0.006526529456572918,0.9841458127227513,11
highest-temperature-in-dallas-on-june-8-2026,Dallas,2026-06-08,clean,microprice_minus_mid,120,>24h,0.09359470649104407,0.7725714387879905,-0.0075352893130851,0.9982040941762168,11
highest-temperature-in-dallas-on-june-8-2026,Dallas,2026-06-08,clean,microprice_minus_mid,120,all,0.08398112172838071,0.7419484552695816,-0.007076473339019782,0.9950566449615285,11
highest-temperature-in-dallas-on-june-8-2026,Dallas,2026-06-08,clean,microprice_minus_mid,300,6-24h,0.08128966901535198,0.6786547613664566,-0.006402205468097181,0.9709536811593352,11
highest-temperature-in-dallas-on-june-8-2026,Dallas,2026-06-08,clean,microprice_minus_mid,300,>24h,0.11456268755647979,0.6897319864535061,-0.00740692804700711,0.9970263866281567,11
highest-temperature-in-dallas-on-june-8-2026,Dallas,2026-06-08,clean,microprice_minus_mid,300,all,0.10984227570534978,0.6686413511788081,-0.006958325186408264,0.9917393777472718,11
highest-temperature-in-dallas-on-june-8-2026,Dallas,2026-06-08,clean,microprice_minus_mid,600,6-24h,0.07846240965260366,0.6239960293501567,-0.00643396356196169,0.9641436913321747,11
highest-temperature-in-dallas-on-june-8-2026,Dallas,2026-06-08,clean,microprice_minus_mid,600,>24h,0.12297402041719256,0.6180802939063542,-0.007329401810808009,0.995143778958465,11
highest-temperature-in-dallas-on-june-8-2026,Dallas,2026-06-08,clean,microprice_minus_mid,600,all,0.11927960142105039,0.6012468699428469,-0.006967989907841946,0.9874637440918534,11
highest-temperature-in-dallas-on-june-8-2026,Dallas,2026-06-08,clean,microprice_minus_mid,900,6-24h,0.0746048612983703,0.5873236824011698,-0.006255765740737691,0.9378875067644586,11
highest-temperature-in-dallas-on-june-8-2026,Dallas,2026-06-08,clean,microprice_minus_mid,900,>24h,0.13444150263727997,0.5574952960711793,-0.007354354318432654,0.9942709557664827,11
highest-temperature-in-dallas-on-june-8-2026,Dallas,2026-06-08,clean,microprice_minus_mid,900,all,0.1301390368890565,0.5508238452759092,-0.006901223672359491,0.9825727244829519,11
highest-temperature-in-denver-on-june-6-2026,Denver,2026-06-06,clean,depth_imbalance_1,30,1-6h,,1.0,-0.0005,0.9821428571428572,1
highest-temperature-in-denver-on-june-6-2026,Denver,2026-06-06,clean,depth_imbalance_1,30,6-24h,0.04151769605819887,0.7992806331570047,-0.019217339594220454,0.9968408119862011,11
highest-temperature-in-denver-on-june-6-2026,Denver,2026-06-06,clean,depth_imbalance_1,30,>24h,0.038980027874764345,0.8189355512615105,-0.008881107885429783,0.9997331121511933,11
highest-temperature-in-denver-on-june-6-2026,Denver,2026-06-06,clean,depth_imbalance_1,30,all,0.03197954838211484,0.7941418438832396,-0.015310740628722954,0.9982603229736345,11
highest-temperature-in-denver-on-june-6-2026,Denver,2026-06-06,clean,depth_imbalance_1,60,1-6h,,1.0,-0.0005,0.9821428571428572,1
highest-temperature-in-denver-on-june-6-2026,Denver,2026-06-06,clean,depth_imbalance_1,60,6-24h,0.05389891482497461,0.768976394368934,-0.019271216175929643,0.995344036323914,11
highest-temperature-in-denver-on-june-6-2026,Denver,2026-06-06,clean,depth_imbalance_1,60,>24h,0.032425042618531776,0.7816421598824569,-0.008847337515442763,0.9996057222274225,11
highest-temperature-in-denver-on-june-6-2026,Denver,2026-06-06,clean,depth_imbalance_1,60,all,0.0331305634139091,0.7587252641349373,-0.015341005782731919,0.9975444292371095,11
highest-temperature-in-denver-on-june-6-2026,Denver,2026-06-06,clean,depth_imbalance_1,120,1-6h,,1.0,-0.0005,0.9642857142857144,1
highest-temperature-in-denver-on-june-6-2026,Denver,2026-06-06,clean,depth_imbalance_1,120,6-24h,0.06365130555196336,0.7277563436584188,-0.01946872098708542,0.9892412829195457,11
highest-temperature-in-denver-on-june-6-2026,Denver,2026-06-06,clean,depth_imbalance_1,120,>24h,0.0269850224724822,0.7296235921463009,-0.008739494865443946,0.9982496251153495,11
highest-temperature-in-denver-on-june-6-2026,Denver,2026-06-06,clean,depth_imbalance_1,120,all,0.03385806897771438,0.7099463902904476,-0.01543599793253201,0.9943830089353402,11
highest-temperature-in-denver-on-june-6-2026,Denver,2026-06-06,clean,depth_imbalance_1,300,1-6h,,1.0,-0.0004999999999999,0.4821428571428571,1
highest-temperature-in-denver-on-june-6-2026,Denver,2026-06-06,clean,depth_imbalance_1,300,6-24h,0.08251438350705494,0.6764762091742128,-0.018934489575829636,0.9793162487272377,11
highest-temperature-in-denver-on-june-6-2026,Denver,2026-06-06,clean,depth_imbalance_1,300,>24h,0.06062952988335447,0.6604664520772112,-0.008511315125022909,0.997006626656717,11
highest-temperature-in-denver-on-june-6-2026,Denver,2026-06-06,clean,depth_imbalance_1,300,all,0.05393313354719427,0.6485376125886597,-0.014998789735988345,0.9891804723856648,11
highest-temperature-in-denver-on-june-6-2026,Denver,2026-06-06,clean,depth_imbalance_1,600,1-6h,,1.0,-0.0004999999999999,0.125,1
highest-temperature-in-denver-on-june-6-2026,Denver,2026-06-06,clean,depth_imbalance_1,600,6-24h,0.11074077709533262,0.6218369940665283,-0.018299772587421673,0.9730824506650753,11
highest-temperature-in-denver-on-june-6-2026,Denver,2026-06-06,clean,depth_imbalance_1,600,>24h,0.08815476756222342,0.5910636081235647,-0.008428807304770672,0.9961872461261813,11
highest-temperature-in-denver-on-june-6-2026,Denver,2026-06-06,clean,depth_imbalance_1,600,all,0.07543513868540615,0.5866276551107023,-0.014647214764180837,0.9873108382068168,11
highest-temperature-in-denver-on-june-6-2026,Denver,2026-06-06,clean,depth_imbalance_1,900,1-6h,,1.0,-0.0004999999999999,0.125,1
highest-temperature-in-denver-on-june-6-2026,Denver,2026-06-06,clean,depth_imbalance_1,900,6-24h,0.12934811910603924,0.5816471980571797,-0.017513107588058133,0.9563827589687672,11
highest-temperature-in-denver-on-june-6-2026,Denver,2026-06-06,clean,depth_imbalance_1,900,>24h,0.1139265221376926,0.5485841954717245,-0.008447587327127972,0.995662577521464,11
highest-temperature-in-denver-on-june-6-2026,Denver,2026-06-06,clean,depth_imbalance_1,900,all,0.09863133980912377,0.5440012775018336,-0.014145350844245001,0.9788927233256774,11
highest-temperature-in-denver-on-june-6-2026,Denver,2026-06-06,clean,microprice_minus_mid,30,1-6h,,1.0,-0.0005,0.9821428571428572,1
highest-temperature-in-denver-on-june-6-2026,Denver,2026-06-06,clean,microprice_minus_mid,30,6-24h,0.04297321461581581,0.7992806331570047,-0.01924839062748098,0.9968408119862011,11
highest-temperature-in-denver-on-june-6-2026,Denver,2026-06-06,clean,microprice_minus_mid,30,>24h,0.038805965525827144,0.8189355512615105,-0.008902689801556292,0.9997331121511933,11
highest-temperature-in-denver-on-june-6-2026,Denver,2026-06-06,clean,microprice_minus_mid,30,all,0.02704736152129378,0.7941418438832396,-0.0153342209629432,0.9982603229736345,11
highest-temperature-in-denver-on-june-6-2026,Denver,2026-06-06,clean,microprice_minus_mid,60,1-6h,,1.0,-0.0005,0.9821428571428572,1
highest-temperature-in-denver-on-june-6-2026,Denver,2026-06-06,clean,microprice_minus_mid,60,6-24h,0.052549207846121965,0.768976394368934,-0.01929609380305551,0.995344036323914,11
highest-temperature-in-denver-on-june-6-2026,Denver,2026-06-06,clean,microprice_minus_mid,60,>24h,0.02991366624673936,0.7816421598824569,-0.008868491613179572,0.9996057222274225,11
highest-temperature-in-denver-on-june-6-2026,Denver,2026-06-06,clean,microprice_minus_mid,60,all,0.022711094235435526,0.7587252641349373,-0.015360712263582417,0.9975444292371095,11
highest-temperature-in-denver-on-june-6-2026,Denver,2026-06-06,clean,microprice_minus_mid,120,1-6h,,1.0,-0.0005,0.9642857142857144,1
highest-temperature-in-denver-on-june-6-2026,Denver,2026-06-06,clean,microprice_minus_mid,120,6-24h,0.05487249180107404,0.7277563436584188,-0.01948772079725098,0.9892412829195457,11
highest-temperature-in-denver-on-june-6-2026,Denver,2026-06-06,clean,microprice_minus_mid,120,>24h,0.030247860896726073,0.7296235921463009,-0.008760445995102128,0.9982496251153495,11
highest-temperature-in-denver-on-june-6-2026,Denver,2026-06-06,clean,microprice_minus_mid,120,all,0.022361014663819,0.7099463902904476,-0.015452109001428134,0.9943830089353402,11
highest-temperature-in-denver-on-june-6-2026,Denver,2026-06-06,clean,microprice_minus_mid,300,1-6h,,1.0,-0.0004999999999999,0.4821428571428571,1
highest-temperature-in-denver-on-june-6-2026,Denver,2026-06-06,clean,microprice_minus_mid,300,6-24h,0.06533759834292326,0.6764762091742128,-0.018964554681312716,0.9793162487272377,11
highest-temperature-in-denver-on-june-6-2026,Denver,2026-06-06,clean,microprice_minus_mid,300,>24h,0.05054249544922252,0.6604664520772112,-0.008534326603833282,0.997006626656717,11
highest-temperature-in-denver-on-june-6-2026,Denver,2026-06-06,clean,microprice_minus_mid,300,all,0.029717113777709307,0.6485376125886597,-0.01502119278006619,0.9891804723856648,11
highest-temperature-in-denver-on-june-6-2026,Denver,2026-06-06,clean,microprice_minus_mid,600,1-6h,,1.0,-0.0004999999999999,0.125,1
highest-temperature-in-denver-on-june-6-2026,Denver,2026-06-06,clean,microprice_minus_mid,600,6-24h,0.09580546757557944,0.6218369940665283,-0.018333424024906283,0.9730824506650753,11
highest-temperature-in-denver-on-june-6-2026,Denver,2026-06-06,clean,microprice_minus_mid,600,>24h,0.0734883212273413,0.5910636081235647,-0.008449936323109563,0.9961872461261813,11
highest-temperature-in-denver-on-june-6-2026,Denver,2026-06-06,clean,microprice_minus_mid,600,all,0.04882225026317189,0.5866276551107023,-0.014671883065503662,0.9873108382068168,11
highest-temperature-in-denver-on-june-6-2026,Denver,2026-06-06,clean,microprice_minus_mid,900,1-6h,,1.0,-0.0004999999999999,0.125,1
highest-temperature-in-denver-on-june-6-2026,Denver,2026-06-06,clean,microprice_minus_mid,900,6-24h,0.12155118375214398,0.5816471980571797,-0.017594318593727763,0.9563827589687672,11
highest-temperature-in-denver-on-june-6-2026,Denver,2026-06-06,clean,microprice_minus_mid,900,>24h,0.09314525823262941,0.5485841954717245,-0.00847325908125971,0.995662577521464,11
highest-temperature-in-denver-on-june-6-2026,Denver,2026-06-06,clean,microprice_minus_mid,900,all,0.07421812436918324,0.5440012775018336,-0.01420048118485171,0.9788927233256774,11
highest-temperature-in-helsinki-on-june-7-2026,Helsinki,2026-06-07,degraded,depth_imbalance_1,30,1-6h,-0.2785198919577885,0.4223313451254628,-0.00558106913540055,0.666159020541594,3
highest-temperature-in-helsinki-on-june-7-2026,Helsinki,2026-06-07,degraded,depth_imbalance_1,30,6-24h,0.08303535024503371,0.8205017417010957,-0.0100028048838159,0.9984830235929907,10
highest-temperature-in-helsinki-on-june-7-2026,Helsinki,2026-06-07,degraded,depth_imbalance_1,30,>24h,0.12064990916618465,0.6181514564690254,-0.0070196580160723915,0.99975812485027,11
highest-temperature-in-helsinki-on-june-7-2026,Helsinki,2026-06-07,degraded,depth_imbalance_1,30,all,0.10934803441016111,0.6575489969419208,-0.008241120807608545,0.9992745361393333,11
highest-temperature-in-helsinki-on-june-7-2026,Helsinki,2026-06-07,degraded,depth_imbalance_1,60,1-6h,-0.11694840725371185,0.3688774460833284,-0.0054183927091963,0.666159020541594,3
highest-temperature-in-helsinki-on-june-7-2026,Helsinki,2026-06-07,degraded,depth_imbalance_1,60,6-24h,0.08610776943011718,0.787158637196493,-0.00993695426228135,0.9980176853264326,10
highest-temperature-in-helsinki-on-june-7-2026,Helsinki,2026-06-07,degraded,depth_imbalance_1,60,>24h,0.12447320280591036,0.5831540394637249,-0.006950347005451701,0.9997068096185008,11
highest-temperature-in-helsinki-on-june-7-2026,Helsinki,2026-06-07,degraded,depth_imbalance_1,60,all,0.11317414535405573,0.620289439198179,-0.008161612638489472,0.999055396697424,11
highest-temperature-in-helsinki-on-june-7-2026,Helsinki,2026-06-07,degraded,depth_imbalance_1,120,1-6h,-0.11468327258804505,0.31454350066337444,-0.0054373676337731505,0.6658090642861259,3
highest-temperature-in-helsinki-on-june-7-2026,Helsinki,2026-06-07,degraded,depth_imbalance_1,120,6-24h,0.09852114685792855,0.7553743264313544,-0.00971043976247332,0.9967104463244592,10
highest-temperature-in-helsinki-on-june-7-2026,Helsinki,2026-06-07,degraded,depth_imbalance_1,120,>24h,0.1284393740053971,0.5444670821475969,-0.006859672332075536,0.9993187787844224,11
highest-temperature-in-helsinki-on-june-7-2026,Helsinki,2026-06-07,degraded,depth_imbalance_1,120,all,0.11852718088352399,0.5833415027169073,-0.007993896800635135,0.998275430046953,11
highest-temperature-in-helsinki-on-june-7-2026,Helsinki,2026-06-07,degraded,depth_imbalance_1,300,1-6h,0.013627482227929852,0.196607522450219,-0.0050146662869569505,0.6593694500762255,3
highest-temperature-in-helsinki-on-june-7-2026,Helsinki,2026-06-07,degraded,depth_imbalance_1,300,6-24h,0.10498268962492226,0.6964326619749613,-0.009922191522534731,0.9915248634057645,10
highest-temperature-in-helsinki-on-june-7-2026,Helsinki,2026-06-07,degraded,depth_imbalance_1,300,>24h,0.12319737587355899,0.4746072773867179,-0.0067680948491876,0.9975330091216272,11
highest-temperature-in-helsinki-on-june-7-2026,Helsinki,2026-06-07,degraded,depth_imbalance_1,300,all,0.11345686422328162,0.517807024013179,-0.008012342826003717,0.9954559658368808,11
highest-temperature-in-helsinki-on-june-7-2026,Helsinki,2026-06-07,degraded,depth_imbalance_1,600,1-6h,-0.05412357188423825,0.12483247838290154,-0.00468084958125565,0.6537680544422965,3
highest-temperature-in-helsinki-on-june-7-2026,Helsinki,2026-06-07,degraded,depth_imbalance_1,600,6-24h,0.12100253260963299,0.6453851824578386,-0.00998837010705614,0.9861347796965036,10
highest-temperature-in-helsinki-on-june-7-2026,Helsinki,2026-06-07,degraded,depth_imbalance_1,600,>24h,0.10515136958272428,0.4160463668415879,-0.006621077664526662,0.9949505243732961,11
highest-temperature-in-helsinki-on-june-7-2026,Helsinki,2026-06-07,degraded,depth_imbalance_1,600,all,0.10475658291962002,0.463931586448128,-0.007929933296885246,0.9917571094002569,11
highest-temperature-in-helsinki-on-june-7-2026,Helsinki,2026-06-07,degraded,depth_imbalance_1,900,1-6h,0.0073128809498835545,0.1125738692059935,-0.0042944978276815,0.6447341537397645,3
highest-temperature-in-helsinki-on-june-7-2026,Helsinki,2026-06-07,degraded,depth_imbalance_1,900,6-24h,0.13504435452820285,0.6081987141708709,-0.00956632342723516,0.9797956494190165,10
highest-temperature-in-helsinki-on-june-7-2026,Helsinki,2026-06-07,degraded,depth_imbalance_1,900,>24h,0.0819948494905859,0.3806810300312781,-0.0066509425485612,0.9924376943225531,11
highest-temperature-in-helsinki-on-june-7-2026,Helsinki,2026-06-07,degraded,depth_imbalance_1,900,all,0.0913441074906268,0.42934731304518947,-0.007727509631873546,0.9879495231106227,11
highest-temperature-in-helsinki-on-june-7-2026,Helsinki,2026-06-07,degraded,microprice_minus_mid,30,1-6h,-0.34481331757267014,0.4223313451254628,-0.00558106913540055,0.666159020541594,3
highest-temperature-in-helsinki-on-june-7-2026,Helsinki,2026-06-07,degraded,microprice_minus_mid,30,6-24h,0.0657604338175246,0.8205017417010957,-0.01002407669041932,0.9984830235929907,10
highest-temperature-in-helsinki-on-june-7-2026,Helsinki,2026-06-07,degraded,microprice_minus_mid,30,>24h,0.035495310045284396,0.6181514564690254,-0.007024741931822191,0.99975812485027,11
highest-temperature-in-helsinki-on-june-7-2026,Helsinki,2026-06-07,degraded,microprice_minus_mid,30,all,0.03282823416317368,0.6575489969419208,-0.008254891514926982,0.9992745361393333,11
highest-temperature-in-helsinki-on-june-7-2026,Helsinki,2026-06-07,degraded,microprice_minus_mid,60,1-6h,-0.19702719419153997,0.3688774460833284,-0.0054183927091963,0.666159020541594,3
highest-temperature-in-helsinki-on-june-7-2026,Helsinki,2026-06-07,degraded,microprice_minus_mid,60,6-24h,0.06487446570809786,0.787158637196493,-0.00995872398858035,0.9980176853264326,10
highest-temperature-in-helsinki-on-june-7-2026,Helsinki,2026-06-07,degraded,microprice_minus_mid,60,>24h,0.03942689304011009,0.5831540394637249,-0.006955592237292473,0.9997068096185008,11
highest-temperature-in-helsinki-on-june-7-2026,Helsinki,2026-06-07,degraded,microprice_minus_mid,60,all,0.033854575910849956,0.620289439198179,-0.008175778386707045,0.999055396697424,11
highest-temperature-in-helsinki-on-june-7-2026,Helsinki,2026-06-07,degraded,microprice_minus_mid,120,1-6h,-0.1987157412687925,0.31454350066337444,-0.0054373676337731505,0.6658090642861259,3
highest-temperature-in-helsinki-on-june-7-2026,Helsinki,2026-06-07,degraded,microprice_minus_mid,120,6-24h,0.0771448753034904,0.7553743264313544,-0.00973220560876258,0.9967104463244592,10
highest-temperature-in-helsinki-on-june-7-2026,Helsinki,2026-06-07,degraded,microprice_minus_mid,120,>24h,0.03406486686902734,0.5444670821475969,-0.006866252928023383,0.9993187787844224,11
highest-temperature-in-helsinki-on-june-7-2026,Helsinki,2026-06-07,degraded,microprice_minus_mid,120,all,0.03307431633697353,0.5833415027169073,-0.008008907381257755,0.998275430046953,11
highest-temperature-in-helsinki-on-june-7-2026,Helsinki,2026-06-07,degraded,microprice_minus_mid,300,1-6h,-0.09681857450069715,0.196607522450219,-0.0050146662869569505,0.6593694500762255,3
highest-temperature-in-helsinki-on-june-7-2026,Helsinki,2026-06-07,degraded,microprice_minus_mid,300,6-24h,0.07907699827093578,0.6964326619749613,-0.0099433751353388,0.9915248634057645,10
highest-temperature-in-helsinki-on-june-7-2026,Helsinki,2026-06-07,degraded,microprice_minus_mid,300,>24h,0.01342215902683292,0.4746072773867179,-0.0067755927381135,0.9975330091216272,11
highest-temperature-in-helsinki-on-june-7-2026,Helsinki,2026-06-07,degraded,microprice_minus_mid,300,all,0.017989806900043957,0.517807024013179,-0.008027433928072992,0.9954559658368808,11
highest-temperature-in-helsinki-on-june-7-2026,Helsinki,2026-06-07,degraded,microprice_minus_mid,600,1-6h,-0.1021255658291845,0.12483247838290154,-0.00468084958125565,0.6537680544422965,3
highest-temperature-in-helsinki-on-june-7-2026,Helsinki,2026-06-07,degraded,microprice_minus_mid,600,6-24h,0.07918541463913259,0.6453851824578386,-0.0100001642960384,0.9861347796965036,10
highest-temperature-in-helsinki-on-june-7-2026,Helsinki,2026-06-07,degraded,microprice_minus_mid,600,>24h,-0.009117083235713985,0.4160463668415879,-0.006630996855736509,0.9949505243732961,11
highest-temperature-in-helsinki-on-june-7-2026,Helsinki,2026-06-07,degraded,microprice_minus_mid,600,all,0.0006935315773651148,0.463931586448128,-0.00794136146050619,0.9917571094002569,11
highest-temperature-in-helsinki-on-june-7-2026,Helsinki,2026-06-07,degraded,microprice_minus_mid,900,1-6h,-0.03770892713937095,0.1125738692059935,-0.0042944978276815,0.6447341537397645,3
highest-temperature-in-helsinki-on-june-7-2026,Helsinki,2026-06-07,degraded,microprice_minus_mid,900,6-24h,0.08506264352312057,0.6081987141708709,-0.00957478124542365,0.9797956494190165,10
highest-temperature-in-helsinki-on-june-7-2026,Helsinki,2026-06-07,degraded,microprice_minus_mid,900,>24h,-0.02116357829936011,0.3806810300312781,-0.006667309692348328,0.9924376943225531,11
highest-temperature-in-helsinki-on-june-7-2026,Helsinki,2026-06-07,degraded,microprice_minus_mid,900,all,-0.002170236372424691,0.42934731304518947,-0.007740915225388645,0.9879495231106227,11
highest-temperature-in-hong-kong-on-june-6-2026,Hong Kong,2026-06-06,clean,depth_imbalance_1,30,6-24h,,1.0,-0.0005,0.9970703125,1
highest-temperature-in-hong-kong-on-june-6-2026,Hong Kong,2026-06-06,clean,depth_imbalance_1,30,>24h,0.06280095582334898,0.7852284108708307,-0.00515096994054332,0.9917042771907694,10
highest-temperature-in-hong-kong-on-june-6-2026,Hong Kong,2026-06-06,clean,depth_imbalance_1,30,all,0.0627292171388228,0.7855308579321554,-0.00514475203215421,0.9917043400742825,10
highest-temperature-in-hong-kong-on-june-6-2026,Hong Kong,2026-06-06,clean,depth_imbalance_1,60,6-24h,,1.0,-0.0005,0.9970703125,1
highest-temperature-in-hong-kong-on-june-6-2026,Hong Kong,2026-06-06,clean,depth_imbalance_1,60,>24h,0.07067449320318611,0.7273467972373419,-0.00505454606394371,0.9890999775233951,10
highest-temperature-in-hong-kong-on-june-6-2026,Hong Kong,2026-06-06,clean,depth_imbalance_1,60,all,0.07056163618532842,0.7276906448420022,-0.005048240432299339,0.989100578589594,10
highest-temperature-in-hong-kong-on-june-6-2026,Hong Kong,2026-06-06,clean,depth_imbalance_1,120,6-24h,,1.0,-0.0005,0.9970703125,1
highest-temperature-in-hong-kong-on-june-6-2026,Hong Kong,2026-06-06,clean,depth_imbalance_1,120,>24h,0.07156680129074894,0.6647951260621852,-0.00497360199984296,0.9842555710027625,10
highest-temperature-in-hong-kong-on-june-6-2026,Hong Kong,2026-06-06,clean,depth_imbalance_1,120,all,0.07142361178556046,0.6651744124361418,-0.00496725218815695,0.984255169283254,10
highest-temperature-in-hong-kong-on-june-6-2026,Hong Kong,2026-06-06,clean,depth_imbalance_1,300,6-24h,,1.0,-0.0005,0.974609375,1
highest-temperature-in-hong-kong-on-june-6-2026,Hong Kong,2026-06-06,clean,depth_imbalance_1,300,>24h,0.08695831737390461,0.5635572217246997,-0.0045605161977075506,0.9708076797191293,10
highest-temperature-in-hong-kong-on-june-6-2026,Hong Kong,2026-06-06,clean,depth_imbalance_1,300,all,0.08672713532935236,0.5639617213795376,-0.00455463537578653,0.9707975283286953,10
highest-temperature-in-hong-kong-on-june-6-2026,Hong Kong,2026-06-06,clean,depth_imbalance_1,600,6-24h,,1.0,-0.0005,0.962890625,1
highest-temperature-in-hong-kong-on-june-6-2026,Hong Kong,2026-06-06,clean,depth_imbalance_1,600,>24h,0.08505555383635117,0.4947818014096564,-0.0044988141476561706,0.9595384174922443,10
highest-temperature-in-hong-kong-on-june-6-2026,Hong Kong,2026-06-06,clean,depth_imbalance_1,600,all,0.08478229854691935,0.4951978919670353,-0.00449226214732968,0.959522421035125,10
highest-temperature-in-hong-kong-on-june-6-2026,Hong Kong,2026-06-06,clean,depth_imbalance_1,900,6-24h,,1.0,-0.0005,0.9560546875,1
highest-temperature-in-hong-kong-on-june-6-2026,Hong Kong,2026-06-06,clean,depth_imbalance_1,900,>24h,0.09597018545412832,0.44368207077708127,-0.00474942032662749,0.9537297218379444,10
highest-temperature-in-hong-kong-on-june-6-2026,Hong Kong,2026-06-06,clean,depth_imbalance_1,900,all,0.09566660953126918,0.4440992545143647,-0.0047426131172879395,0.9537102288645121,10
highest-temperature-in-hong-kong-on-june-6-2026,Hong Kong,2026-06-06,clean,microprice_minus_mid,30,6-24h,,1.0,-0.0005,0.9970703125,1
highest-temperature-in-hong-kong-on-june-6-2026,Hong Kong,2026-06-06,clean,microprice_minus_mid,30,>24h,0.07278821796449006,0.7852284108708307,-0.00515536655565456,0.9917042771907694,10
highest-temperature-in-hong-kong-on-june-6-2026,Hong Kong,2026-06-06,clean,microprice_minus_mid,30,all,0.0728032644147989,0.7855308579321554,-0.005149207076122221,0.9917043400742825,10
highest-temperature-in-hong-kong-on-june-6-2026,Hong Kong,2026-06-06,clean,microprice_minus_mid,60,6-24h,,1.0,-0.0005,0.9970703125,1
highest-temperature-in-hong-kong-on-june-6-2026,Hong Kong,2026-06-06,clean,microprice_minus_mid,60,>24h,0.07856896987223172,0.7273467972373419,-0.00505818050625971,0.9890999775233951,10
highest-temperature-in-hong-kong-on-june-6-2026,Hong Kong,2026-06-06,clean,microprice_minus_mid,60,all,0.07858600812934399,0.7276906448420022,-0.00505193506779451,0.989100578589594,10
highest-temperature-in-hong-kong-on-june-6-2026,Hong Kong,2026-06-06,clean,microprice_minus_mid,120,6-24h,,1.0,-0.0005,0.9970703125,1
highest-temperature-in-hong-kong-on-june-6-2026,Hong Kong,2026-06-06,clean,microprice_minus_mid,120,>24h,0.06872069871011119,0.6647951260621852,-0.00497259130868848,0.9842555710027625,10
highest-temperature-in-hong-kong-on-june-6-2026,Hong Kong,2026-06-06,clean,microprice_minus_mid,120,all,0.06874553690256843,0.6651744124361418,-0.00496631242258025,0.984255169283254,10
highest-temperature-in-hong-kong-on-june-6-2026,Hong Kong,2026-06-06,clean,microprice_minus_mid,300,6-24h,,1.0,-0.0005,0.974609375,1
highest-temperature-in-hong-kong-on-june-6-2026,Hong Kong,2026-06-06,clean,microprice_minus_mid,300,>24h,0.10591556042778713,0.5635572217246997,-0.004572027659397409,0.9708076797191293,10
highest-temperature-in-hong-kong-on-june-6-2026,Hong Kong,2026-06-06,clean,microprice_minus_mid,300,all,0.1058767228764534,0.5639617213795376,-0.0045661850467778,0.9707975283286953,10
highest-temperature-in-hong-kong-on-june-6-2026,Hong Kong,2026-06-06,clean,microprice_minus_mid,600,6-24h,,1.0,-0.0005,0.962890625,1
highest-temperature-in-hong-kong-on-june-6-2026,Hong Kong,2026-06-06,clean,microprice_minus_mid,600,>24h,0.14056001177160765,0.4947818014096564,-0.00452250186835804,0.9595384174922443,10
highest-temperature-in-hong-kong-on-june-6-2026,Hong Kong,2026-06-06,clean,microprice_minus_mid,600,all,0.14052915421099177,0.4951978919670353,-0.00451595336484285,0.959522421035125,10
highest-temperature-in-hong-kong-on-june-6-2026,Hong Kong,2026-06-06,clean,microprice_minus_mid,900,6-24h,,1.0,-0.0005,0.9560546875,1
highest-temperature-in-hong-kong-on-june-6-2026,Hong Kong,2026-06-06,clean,microprice_minus_mid,900,>24h,0.14829101558370028,0.44368207077708127,-0.00476531836767727,0.9537297218379444,10
highest-temperature-in-hong-kong-on-june-6-2026,Hong Kong,2026-06-06,clean,microprice_minus_mid,900,all,0.14823536986407743,0.4440992545143647,-0.00475853910346216,0.9537102288645121,10
highest-temperature-in-houston-on-june-8-2026,Houston,2026-06-08,clean,depth_imbalance_1,30,6-24h,0.056484067143361086,0.622856318414425,-0.015988335504488,0.9947911719816694,8
highest-temperature-in-houston-on-june-8-2026,Houston,2026-06-08,clean,depth_imbalance_1,30,>24h,0.17202284717134556,0.7758332465435406,-0.008240208317613908,0.9991467904950059,11
highest-temperature-in-houston-on-june-8-2026,Houston,2026-06-08,clean,depth_imbalance_1,30,all,0.14476095369350886,0.7232336317909511,-0.010783080898309065,0.9972387617799153,11
highest-temperature-in-houston-on-june-8-2026,Houston,2026-06-08,clean,depth_imbalance_1,60,6-24h,0.0609329890265415,0.569746184354155,-0.01616588996271469,0.9924303829716364,8
highest-temperature-in-houston-on-june-8-2026,Houston,2026-06-08,clean,depth_imbalance_1,60,>24h,0.16744894428849724,0.7349886072168045,-0.008221063286765763,0.9986335058770603,11
highest-temperature-in-houston-on-june-8-2026,Houston,2026-06-08,clean,depth_imbalance_1,60,all,0.1361076284013448,0.6790882906630387,-0.010847822263550919,0.9959844186810553,11
highest-temperature-in-houston-on-june-8-2026,Houston,2026-06-08,clean,depth_imbalance_1,120,6-24h,0.07405526906710444,0.5108436657064869,-0.016469584029153713,0.9890500593971784,8
highest-temperature-in-houston-on-june-8-2026,Houston,2026-06-08,clean,depth_imbalance_1,120,>24h,0.17490522921217047,0.6783205567304236,-0.008120689430636546,0.9980856850794979,11
highest-temperature-in-houston-on-june-8-2026,Houston,2026-06-08,clean,depth_imbalance_1,120,all,0.1413273579179131,0.6238596960258507,-0.010953624735988217,0.9941858721423766,11
highest-temperature-in-houston-on-june-8-2026,Houston,2026-06-08,clean,depth_imbalance_1,300,6-24h,0.10538163576186717,0.43825274692895466,-0.016682225743562075,0.9802063255324522,8
highest-temperature-in-houston-on-june-8-2026,Houston,2026-06-08,clean,depth_imbalance_1,300,>24h,0.16071052041890058,0.5819320801175473,-0.008011921484162155,0.9952366533809854,11
highest-temperature-in-houston-on-june-8-2026,Houston,2026-06-08,clean,depth_imbalance_1,300,all,0.1329070734012199,0.5415617476560752,-0.011076467489984983,0.9883568938512794,11
highest-temperature-in-houston-on-june-8-2026,Houston,2026-06-08,clean,depth_imbalance_1,600,6-24h,0.1717903922162642,0.36832086186186036,-0.0171401605409273,0.9772430162933671,8
highest-temperature-in-houston-on-june-8-2026,Houston,2026-06-08,clean,depth_imbalance_1,600,>24h,0.1333191378302424,0.4944550605014626,-0.0079916089850695,0.9920203396636583,11
highest-temperature-in-houston-on-june-8-2026,Houston,2026-06-08,clean,depth_imbalance_1,600,all,0.13152475921272322,0.4621467840187497,-0.011260119203529864,0.9847635419055528,11
highest-temperature-in-houston-on-june-8-2026,Houston,2026-06-08,clean,depth_imbalance_1,900,6-24h,0.20160390908087583,0.32099340891483086,-0.016116999270815013,0.9681463304364163,8
highest-temperature-in-houston-on-june-8-2026,Houston,2026-06-08,clean,depth_imbalance_1,900,>24h,0.13387847856653112,0.44208150507415545,-0.007992029701770391,0.9914583078731772,11
highest-temperature-in-houston-on-june-8-2026,Houston,2026-06-08,clean,depth_imbalance_1,900,all,0.14179455578615488,0.41102095093748986,-0.010767436474234764,0.9802702811756283,11
highest-temperature-in-houston-on-june-8-2026,Houston,2026-06-08,clean,microprice_minus_mid,30,6-24h,0.0182959406134657,0.622856318414425,-0.016019245447465524,0.9947911719816694,8
highest-temperature-in-houston-on-june-8-2026,Houston,2026-06-08,clean,microprice_minus_mid,30,>24h,0.1377039149274448,0.7758332465435406,-0.008258260090889872,0.9991467904950059,11
highest-temperature-in-houston-on-june-8-2026,Houston,2026-06-08,clean,microprice_minus_mid,30,all,0.10915056006886216,0.7232336317909511,-0.01080791833109489,0.9972387617799153,11
highest-temperature-in-houston-on-june-8-2026,Houston,2026-06-08,clean,microprice_minus_mid,60,6-24h,0.0016181121295444475,0.569746184354155,-0.016206538874895888,0.9924303829716364,8
highest-temperature-in-houston-on-june-8-2026,Houston,2026-06-08,clean,microprice_minus_mid,60,>24h,0.13774731511358118,0.7349886072168045,-0.008239417548659365,0.9986335058770603,11
highest-temperature-in-houston-on-june-8-2026,Houston,2026-06-08,clean,microprice_minus_mid,60,all,0.09907525498981501,0.6790882906630387,-0.010877129600087883,0.9959844186810553,11
highest-temperature-in-houston-on-june-8-2026,Houston,2026-06-08,clean,microprice_minus_mid,120,6-24h,0.01318008388616784,0.5108436657064869,-0.016511490581227813,0.9890500593971784,8
highest-temperature-in-houston-on-june-8-2026,Houston,2026-06-08,clean,microprice_minus_mid,120,>24h,0.15154528940201442,0.6783205567304236,-0.008137529939400145,0.9980856850794979,11
highest-temperature-in-houston-on-june-8-2026,Houston,2026-06-08,clean,microprice_minus_mid,120,all,0.10798661441953339,0.6238596960258507,-0.010982833075504827,0.9941858721423766,11
highest-temperature-in-houston-on-june-8-2026,Houston,2026-06-08,clean,microprice_minus_mid,300,6-24h,0.024667574353518972,0.43825274692895466,-0.016706296762029,0.9802063255324522,8
highest-temperature-in-houston-on-june-8-2026,Houston,2026-06-08,clean,microprice_minus_mid,300,>24h,0.13707201658323223,0.5819320801175473,-0.008028167108838809,0.9952366533809854,11
highest-temperature-in-houston-on-june-8-2026,Houston,2026-06-08,clean,microprice_minus_mid,300,all,0.09182144849137837,0.5415617476560752,-0.011097623107620946,0.9883568938512794,11
highest-temperature-in-houston-on-june-8-2026,Houston,2026-06-08,clean,microprice_minus_mid,600,6-24h,0.0949941532428574,0.36832086186186036,-0.017184323962603613,0.9772430162933671,8
highest-temperature-in-houston-on-june-8-2026,Houston,2026-06-08,clean,microprice_minus_mid,600,>24h,0.10895327284874803,0.4944550605014626,-0.008009830210632927,0.9920203396636583,11
highest-temperature-in-houston-on-june-8-2026,Houston,2026-06-08,clean,microprice_minus_mid,600,all,0.09724770886589833,0.4621467840187497,-0.01129259083244112,0.9847635419055528,11
highest-temperature-in-houston-on-june-8-2026,Houston,2026-06-08,clean,microprice_minus_mid,900,6-24h,0.11849495422078266,0.32099340891483086,-0.016123355868749512,0.9681463304364163,8
highest-temperature-in-houston-on-june-8-2026,Houston,2026-06-08,clean,microprice_minus_mid,900,>24h,0.10141567221716935,0.44208150507415545,-0.008012198744214409,0.9914583078731772,11
highest-temperature-in-houston-on-june-8-2026,Houston,2026-06-08,clean,microprice_minus_mid,900,all,0.10025331922608158,0.41102095093748986,-0.01078446676247719,0.9802702811756283,11
highest-temperature-in-istanbul-on-june-7-2026,Istanbul,2026-06-07,degraded,depth_imbalance_1,30,1-6h,,1.0,-0.0022777777777777,0.2647058823529412,1
highest-temperature-in-istanbul-on-june-7-2026,Istanbul,2026-06-07,degraded,depth_imbalance_1,30,6-24h,0.06860665080532483,0.6639164197938721,-0.011553942115019982,0.9976419338866577,11
highest-temperature-in-istanbul-on-june-7-2026,Istanbul,2026-06-07,degraded,depth_imbalance_1,30,>24h,0.0811883611632942,0.6859187677290838,-0.010098428394431454,0.9996290883917642,11
highest-temperature-in-istanbul-on-june-7-2026,Istanbul,2026-06-07,degraded,depth_imbalance_1,30,all,0.061140393204394454,0.6655592723089128,-0.011313970162491636,0.9984177567592489,11
highest-temperature-in-istanbul-on-june-7-2026,Istanbul,2026-06-07,degraded,depth_imbalance_1,60,1-6h,,,,0.0,1
highest-temperature-in-istanbul-on-june-7-2026,Istanbul,2026-06-07,degraded,depth_imbalance_1,60,6-24h,0.07231766253795263,0.619317225552959,-0.011550390714200281,0.9960237679324365,11
highest-temperature-in-istanbul-on-june-7-2026,Istanbul,2026-06-07,degraded,depth_imbalance_1,60,>24h,0.08821194143068295,0.6297474442553942,-0.010030123955520082,0.9987417592307161,11
highest-temperature-in-istanbul-on-june-7-2026,Istanbul,2026-06-07,degraded,depth_imbalance_1,60,all,0.067754863552549,0.6179306003135953,-0.011294801585222482,0.9972232106015178,11
highest-temperature-in-istanbul-on-june-7-2026,Istanbul,2026-06-07,degraded,depth_imbalance_1,120,1-6h,,,,0.0,1
highest-temperature-in-istanbul-on-june-7-2026,Istanbul,2026-06-07,degraded,depth_imbalance_1,120,6-24h,0.06821460227145347,0.5733682252913705,-0.011484119654054981,0.9912559906010198,11
highest-temperature-in-istanbul-on-june-7-2026,Istanbul,2026-06-07,degraded,depth_imbalance_1,120,>24h,0.09341097551450224,0.5684701418038117,-0.009889450265507692,0.9977596059687184,11
highest-temperature-in-istanbul-on-june-7-2026,Istanbul,2026-06-07,degraded,depth_imbalance_1,120,all,0.07113991252722464,0.5668073503398383,-0.0112165551790997,0.9950255208612458,11
highest-temperature-in-istanbul-on-june-7-2026,Istanbul,2026-06-07,degraded,depth_imbalance_1,300,1-6h,,,,0.0,1
highest-temperature-in-istanbul-on-june-7-2026,Istanbul,2026-06-07,degraded,depth_imbalance_1,300,6-24h,0.10732090559030341,0.5080619910681704,-0.011367917225280227,0.9812531628213037,11
highest-temperature-in-istanbul-on-june-7-2026,Istanbul,2026-06-07,degraded,depth_imbalance_1,300,>24h,0.07880969679822378,0.4828551802574747,-0.009888502046863926,0.9990910708433851,11
highest-temperature-in-istanbul-on-june-7-2026,Istanbul,2026-06-07,degraded,depth_imbalance_1,300,all,0.08867326773426089,0.49361904573304477,-0.011142580181184717,0.9910429256379416,11
highest-temperature-in-istanbul-on-june-7-2026,Istanbul,2026-06-07,degraded,depth_imbalance_1,600,1-6h,,,,0.0,1
highest-temperature-in-istanbul-on-june-7-2026,Istanbul,2026-06-07,degraded,depth_imbalance_1,600,6-24h,0.0918401202615578,0.4491697786103348,-0.011830634915032027,0.9675095476299146,11
highest-temperature-in-istanbul-on-june-7-2026,Istanbul,2026-06-07,degraded,depth_imbalance_1,600,>24h,0.10312674401436887,0.4248735352021951,-0.009704981829710137,0.9988542985925348,11
highest-temperature-in-istanbul-on-june-7-2026,Istanbul,2026-06-07,degraded,depth_imbalance_1,600,all,0.088429234641082,0.4359375684883895,-0.011432388201051646,0.9841112282855328,11
highest-temperature-in-istanbul-on-june-7-2026,Istanbul,2026-06-07,degraded,depth_imbalance_1,900,1-6h,,,,0.0,1
highest-temperature-in-istanbul-on-june-7-2026,Istanbul,2026-06-07,degraded,depth_imbalance_1,900,6-24h,0.07200128776475224,0.41370503402734776,-0.010934143026076383,0.9570546037613196,11
highest-temperature-in-istanbul-on-june-7-2026,Istanbul,2026-06-07,degraded,depth_imbalance_1,900,>24h,0.1118494331479206,0.38491903001854444,-0.009512349443544309,0.9996104888935874,11
highest-temperature-in-istanbul-on-june-7-2026,Istanbul,2026-06-07,degraded,depth_imbalance_1,900,all,0.08763878864888058,0.39913996522098594,-0.010724344719188018,0.9796835299783769,11
highest-temperature-in-istanbul-on-june-7-2026,Istanbul,2026-06-07,degraded,microprice_minus_mid,30,1-6h,,1.0,-0.0022777777777777,0.2647058823529412,1
highest-temperature-in-istanbul-on-june-7-2026,Istanbul,2026-06-07,degraded,microprice_minus_mid,30,6-24h,0.016353961560317865,0.6639164197938721,-0.011593537236319555,0.9976419338866577,11
highest-temperature-in-istanbul-on-june-7-2026,Istanbul,2026-06-07,degraded,microprice_minus_mid,30,>24h,0.03738429335222054,0.6859187677290838,-0.010138984101204673,0.9996290883917642,11
highest-temperature-in-istanbul-on-june-7-2026,Istanbul,2026-06-07,degraded,microprice_minus_mid,30,all,0.016595502218437783,0.6655592723089128,-0.01136684226350649,0.9984177567592489,11
highest-temperature-in-istanbul-on-june-7-2026,Istanbul,2026-06-07,degraded,microprice_minus_mid,60,1-6h,,,,0.0,1
highest-temperature-in-istanbul-on-june-7-2026,Istanbul,2026-06-07,degraded,microprice_minus_mid,60,6-24h,0.01060582573535782,0.619317225552959,-0.011593532837811737,0.9960237679324365,11
highest-temperature-in-istanbul-on-june-7-2026,Istanbul,2026-06-07,degraded,microprice_minus_mid,60,>24h,0.04600207092352495,0.6297474442553942,-0.0100700530070525,0.9987417592307161,11
highest-temperature-in-istanbul-on-june-7-2026,Istanbul,2026-06-07,degraded,microprice_minus_mid,60,all,0.01617878759105001,0.6179306003135953,-0.011349534479057328,0.9972232106015178,11
highest-temperature-in-istanbul-on-june-7-2026,Istanbul,2026-06-07,degraded,microprice_minus_mid,120,1-6h,,,,0.0,1
highest-temperature-in-istanbul-on-june-7-2026,Istanbul,2026-06-07,degraded,microprice_minus_mid,120,6-24h,0.008196855365111293,0.5733682252913705,-0.01153497656609511,0.9912559906010198,11
highest-temperature-in-istanbul-on-june-7-2026,Istanbul,2026-06-07,degraded,microprice_minus_mid,120,>24h,0.056720422546781224,0.5684701418038117,-0.009927347606432836,0.9977596059687184,11
highest-temperature-in-istanbul-on-june-7-2026,Istanbul,2026-06-07,degraded,microprice_minus_mid,120,all,0.01859734461116103,0.5668073503398383,-0.011275798571184954,0.9950255208612458,11
highest-temperature-in-istanbul-on-june-7-2026,Istanbul,2026-06-07,degraded,microprice_minus_mid,300,1-6h,,,,0.0,1
highest-temperature-in-istanbul-on-june-7-2026,Istanbul,2026-06-07,degraded,microprice_minus_mid,300,6-24h,0.04662143961059477,0.5080619910681704,-0.0114197808087717,0.9812531628213037,11
highest-temperature-in-istanbul-on-june-7-2026,Istanbul,2026-06-07,degraded,microprice_minus_mid,300,>24h,0.04834221648872232,0.4828551802574747,-0.009905310689418446,0.9990910708433851,11
highest-temperature-in-istanbul-on-june-7-2026,Istanbul,2026-06-07,degraded,microprice_minus_mid,300,all,0.03501951024091863,0.49361904573304477,-0.011195977576549528,0.9910429256379416,11
highest-temperature-in-istanbul-on-june-7-2026,Istanbul,2026-06-07,degraded,microprice_minus_mid,600,1-6h,,,,0.0,1
highest-temperature-in-istanbul-on-june-7-2026,Istanbul,2026-06-07,degraded,microprice_minus_mid,600,6-24h,0.019282087776134594,0.4491697786103348,-0.011863407322972419,0.9675095476299146,11
highest-temperature-in-istanbul-on-june-7-2026,Istanbul,2026-06-07,degraded,microprice_minus_mid,600,>24h,0.06801926039591125,0.4248735352021951,-0.009729410799137691,0.9988542985925348,11
highest-temperature-in-istanbul-on-june-7-2026,Istanbul,2026-06-07,degraded,microprice_minus_mid,600,all,0.02992024057683781,0.4359375684883895,-0.011474080994540854,0.9841112282855328,11
highest-temperature-in-istanbul-on-june-7-2026,Istanbul,2026-06-07,degraded,microprice_minus_mid,900,1-6h,,,,0.0,1
highest-temperature-in-istanbul-on-june-7-2026,Istanbul,2026-06-07,degraded,microprice_minus_mid,900,6-24h,-0.004052010465492442,0.41370503402734776,-0.010904125125860037,0.9570546037613196,11
highest-temperature-in-istanbul-on-june-7-2026,Istanbul,2026-06-07,degraded,microprice_minus_mid,900,>24h,0.07525786395045664,0.38491903001854444,-0.009544727737029544,0.9996104888935874,11
highest-temperature-in-istanbul-on-june-7-2026,Istanbul,2026-06-07,degraded,microprice_minus_mid,900,all,0.0244836366464608,0.39913996522098594,-0.010725850781012137,0.9796835299783769,11
highest-temperature-in-jeddah-on-june-6-2026,Jeddah,2026-06-06,degraded,depth_imbalance_1,30,1-6h,0.0420717100454307,0.8893754054304512,-0.0010240883606709,0.9351769553975438,2
highest-temperature-in-jeddah-on-june-6-2026,Jeddah,2026-06-06,degraded,depth_imbalance_1,30,6-24h,0.09117818685254352,0.5636443805149941,-0.013274865233337832,0.9847223738434755,6
highest-temperature-in-jeddah-on-june-6-2026,Jeddah,2026-06-06,degraded,depth_imbalance_1,30,<1h,,1.0,-0.001,0.0588235294117647,1
highest-temperature-in-jeddah-on-june-6-2026,Jeddah,2026-06-06,degraded,depth_imbalance_1,30,>24h,0.11992401641823756,0.7869927336949997,-0.00990400676518171,0.9843971686903735,11
highest-temperature-in-jeddah-on-june-6-2026,Jeddah,2026-06-06,degraded,depth_imbalance_1,30,all,0.1308783001890466,0.7379812374314298,-0.008754336241111408,0.9805110402214237,11
highest-temperature-in-jeddah-on-june-6-2026,Jeddah,2026-06-06,degraded,depth_imbalance_1,60,1-6h,0.05544474210523265,0.8428379416282642,-0.0010395185291858,0.9195216548157723,2
highest-temperature-in-jeddah-on-june-6-2026,Jeddah,2026-06-06,degraded,depth_imbalance_1,60,6-24h,0.09213328600103322,0.5216002592894403,-0.013156703980099266,0.9778218699940832,6
highest-temperature-in-jeddah-on-june-6-2026,Jeddah,2026-06-06,degraded,depth_imbalance_1,60,<1h,,,,0.0,1
highest-temperature-in-jeddah-on-june-6-2026,Jeddah,2026-06-06,degraded,depth_imbalance_1,60,>24h,0.11156742699648405,0.7463263385139871,-0.009902506119873346,0.9797230299424061,11
highest-temperature-in-jeddah-on-june-6-2026,Jeddah,2026-06-06,degraded,depth_imbalance_1,60,all,0.11749420326978387,0.703215014510564,-0.008701283679978682,0.974226567165314,11
highest-temperature-in-jeddah-on-june-6-2026,Jeddah,2026-06-06,degraded,depth_imbalance_1,120,1-6h,0.08686785026164229,0.7342024109896271,-0.00109575974208015,0.8521937621202327,2
highest-temperature-in-jeddah-on-june-6-2026,Jeddah,2026-06-06,degraded,depth_imbalance_1,120,6-24h,0.11936540562631205,0.4732717154758647,-0.012726852468012634,0.9563890218122202,6
highest-temperature-in-jeddah-on-june-6-2026,Jeddah,2026-06-06,degraded,depth_imbalance_1,120,<1h,,,,0.0,1
highest-temperature-in-jeddah-on-june-6-2026,Jeddah,2026-06-06,degraded,depth_imbalance_1,120,>24h,0.10152337799714477,0.6991055158559519,-0.009892667589794908,0.9803623026845908,11
highest-temperature-in-jeddah-on-june-6-2026,Jeddah,2026-06-06,degraded,depth_imbalance_1,120,all,0.1137547622484189,0.6642174516758566,-0.008511398937245836,0.9692999677181743,11
highest-temperature-in-jeddah-on-june-6-2026,Jeddah,2026-06-06,degraded,depth_imbalance_1,300,1-6h,0.20078067536884248,0.575881933905287,-0.0010062951032923,0.8105809631544926,2
highest-temperature-in-jeddah-on-june-6-2026,Jeddah,2026-06-06,degraded,depth_imbalance_1,300,6-24h,0.13066399822499172,0.4038432075423896,-0.012163576776833149,0.9413199923498777,6
highest-temperature-in-jeddah-on-june-6-2026,Jeddah,2026-06-06,degraded,depth_imbalance_1,300,<1h,,,,0.0,1
highest-temperature-in-jeddah-on-june-6-2026,Jeddah,2026-06-06,degraded,depth_imbalance_1,300,>24h,0.09555970782251134,0.6215825151316614,-0.010094582139867274,0.9725870905642505,11
highest-temperature-in-jeddah-on-june-6-2026,Jeddah,2026-06-06,degraded,depth_imbalance_1,300,all,0.11857944766241393,0.6006232804731095,-0.008289095980523782,0.9575630489464142,11
highest-temperature-in-jeddah-on-june-6-2026,Jeddah,2026-06-06,degraded,depth_imbalance_1,600,1-6h,0.34539159816102877,0.4341778844198625,-0.00075923177030375,0.7142655138978669,2
highest-temperature-in-jeddah-on-june-6-2026,Jeddah,2026-06-06,degraded,depth_imbalance_1,600,6-24h,0.1540344728454664,0.3649678905549574,-0.0104254054509861,0.9249980810275836,6
highest-temperature-in-jeddah-on-june-6-2026,Jeddah,2026-06-06,degraded,depth_imbalance_1,600,<1h,,,,0.0,1
highest-temperature-in-jeddah-on-june-6-2026,Jeddah,2026-06-06,degraded,depth_imbalance_1,600,>24h,0.14491201709765844,0.5658435767223317,-0.01010585615423381,0.97098346027627,11
highest-temperature-in-jeddah-on-june-6-2026,Jeddah,2026-06-06,degraded,depth_imbalance_1,600,all,0.17450780628965926,0.5587881073071643,-0.007475869064042426,0.9504039037289821,11
highest-temperature-in-jeddah-on-june-6-2026,Jeddah,2026-06-06,degraded,depth_imbalance_1,900,1-6h,-0.0470327798866891,0.29003021148036257,-0.00091389728096675,0.5574701034259857,2
highest-temperature-in-jeddah-on-june-6-2026,Jeddah,2026-06-06,degraded,depth_imbalance_1,900,6-24h,0.12784866704093378,0.3479666680791282,-0.01032872659526505,0.9087130888009812,6
highest-temperature-in-jeddah-on-june-6-2026,Jeddah,2026-06-06,degraded,depth_imbalance_1,900,<1h,,,,0.0,1
highest-temperature-in-jeddah-on-june-6-2026,Jeddah,2026-06-06,degraded,depth_imbalance_1,900,>24h,0.17127050876843664,0.5401261474456279,-0.00984772698023521,0.9604718616546101,11
highest-temperature-in-jeddah-on-june-6-2026,Jeddah,2026-06-06,degraded,depth_imbalance_1,900,all,0.18691624774300059,0.536523421670399,-0.0073682946338816365,0.9350274104754154,11
highest-temperature-in-jeddah-on-june-6-2026,Jeddah,2026-06-06,degraded,microprice_minus_mid,30,1-6h,0.12058949122541596,0.8893754054304512,-0.0010240883606709,0.9351769553975438,2
highest-temperature-in-jeddah-on-june-6-2026,Jeddah,2026-06-06,degraded,microprice_minus_mid,30,6-24h,0.04892898950051911,0.5636443805149941,-0.013264226111095784,0.9847223738434755,6
highest-temperature-in-jeddah-on-june-6-2026,Jeddah,2026-06-06,degraded,microprice_minus_mid,30,<1h,,1.0,-0.001,0.0588235294117647,1
highest-temperature-in-jeddah-on-june-6-2026,Jeddah,2026-06-06,degraded,microprice_minus_mid,30,>24h,0.11478361496066208,0.7869927336949997,-0.009923972706783026,0.9843971686903735,11
highest-temperature-in-jeddah-on-june-6-2026,Jeddah,2026-06-06,degraded,microprice_minus_mid,30,all,0.11437509057741678,0.7379812374314298,-0.008753438845723055,0.9805110402214237,11
highest-temperature-in-jeddah-on-june-6-2026,Jeddah,2026-06-06,degraded,microprice_minus_mid,60,1-6h,0.18901874951851905,0.8428379416282642,-0.0010395185291858,0.9195216548157723,2
highest-temperature-in-jeddah-on-june-6-2026,Jeddah,2026-06-06,degraded,microprice_minus_mid,60,6-24h,0.043281983470484786,0.5216002592894403,-0.01313756573649795,0.9778218699940832,6
highest-temperature-in-jeddah-on-june-6-2026,Jeddah,2026-06-06,degraded,microprice_minus_mid,60,<1h,,,,0.0,1
highest-temperature-in-jeddah-on-june-6-2026,Jeddah,2026-06-06,degraded,microprice_minus_mid,60,>24h,0.10602477249911021,0.7463263385139871,-0.009921595434655827,0.9797230299424061,11
highest-temperature-in-jeddah-on-june-6-2026,Jeddah,2026-06-06,degraded,microprice_minus_mid,60,all,0.10059523882018792,0.703215014510564,-0.008696141220648991,0.974226567165314,11
highest-temperature-in-jeddah-on-june-6-2026,Jeddah,2026-06-06,degraded,microprice_minus_mid,120,1-6h,0.3147607099182817,0.7342024109896271,-0.00109575974208015,0.8521937621202327,2
highest-temperature-in-jeddah-on-june-6-2026,Jeddah,2026-06-06,degraded,microprice_minus_mid,120,6-24h,0.06678649490963072,0.4732717154758647,-0.012703647707533251,0.9563890218122202,6
highest-temperature-in-jeddah-on-june-6-2026,Jeddah,2026-06-06,degraded,microprice_minus_mid,120,<1h,,,,0.0,1
highest-temperature-in-jeddah-on-june-6-2026,Jeddah,2026-06-06,degraded,microprice_minus_mid,120,>24h,0.09010776104668851,0.6991055158559519,-0.009911337453137182,0.9803623026845908,11
highest-temperature-in-jeddah-on-june-6-2026,Jeddah,2026-06-06,degraded,microprice_minus_mid,120,all,0.09152999736740787,0.6642174516758566,-0.008504081291046963,0.9692999677181743,11
highest-temperature-in-jeddah-on-june-6-2026,Jeddah,2026-06-06,degraded,microprice_minus_mid,300,1-6h,0.4782478465175517,0.575881933905287,-0.0010062951032923,0.8105809631544926,2
highest-temperature-in-jeddah-on-june-6-2026,Jeddah,2026-06-06,degraded,microprice_minus_mid,300,6-24h,0.07151467716935493,0.4038432075423896,-0.012149278090435684,0.9413199923498777,6
highest-temperature-in-jeddah-on-june-6-2026,Jeddah,2026-06-06,degraded,microprice_minus_mid,300,<1h,,,,0.0,1
highest-temperature-in-jeddah-on-june-6-2026,Jeddah,2026-06-06,degraded,microprice_minus_mid,300,>24h,0.08027174791667106,0.6215825151316614,-0.010132627460439846,0.9725870905642505,11
highest-temperature-in-jeddah-on-june-6-2026,Jeddah,2026-06-06,degraded,microprice_minus_mid,300,all,0.09197341493393649,0.6006232804731095,-0.008287676573505164,0.9575630489464142,11
highest-temperature-in-jeddah-on-june-6-2026,Jeddah,2026-06-06,degraded,microprice_minus_mid,600,1-6h,0.6747754454404592,0.4341778844198625,-0.00075923177030375,0.7142655138978669,2
highest-temperature-in-jeddah-on-june-6-2026,Jeddah,2026-06-06,degraded,microprice_minus_mid,600,6-24h,0.09019021991131819,0.3649678905549574,-0.010562502737706316,0.9249980810275836,6
highest-temperature-in-jeddah-on-june-6-2026,Jeddah,2026-06-06,degraded,microprice_minus_mid,600,<1h,,,,0.0,1
highest-temperature-in-jeddah-on-june-6-2026,Jeddah,2026-06-06,degraded,microprice_minus_mid,600,>24h,0.13548620908572107,0.5658435767223317,-0.010145260324978346,0.97098346027627,11
highest-temperature-in-jeddah-on-june-6-2026,Jeddah,2026-06-06,degraded,microprice_minus_mid,600,all,0.15343227324477204,0.5587881073071643,-0.007547186037841245,0.9504039037289821,11
highest-temperature-in-jeddah-on-june-6-2026,Jeddah,2026-06-06,degraded,microprice_minus_mid,900,1-6h,0.4324556125108292,0.29003021148036257,-0.00091389728096675,0.5574701034259857,2
highest-temperature-in-jeddah-on-june-6-2026,Jeddah,2026-06-06,degraded,microprice_minus_mid,900,6-24h,0.09926772895690089,0.3479666680791282,-0.010472818712968316,0.9087130888009812,6
highest-temperature-in-jeddah-on-june-6-2026,Jeddah,2026-06-06,degraded,microprice_minus_mid,900,<1h,,,,0.0,1
highest-temperature-in-jeddah-on-june-6-2026,Jeddah,2026-06-06,degraded,microprice_minus_mid,900,>24h,0.1652687661419787,0.5401261474456279,-0.0098951725369745,0.9604718616546101,11
highest-temperature-in-jeddah-on-june-6-2026,Jeddah,2026-06-06,degraded,microprice_minus_mid,900,all,0.1721905818683177,0.536523421670399,-0.007444506524168818,0.9350274104754154,11
highest-temperature-in-karachi-on-june-9-2026,Karachi,2026-06-09,clean,depth_imbalance_1,30,1-6h,0.1430091756045585,0.9882352941176472,-0.0004999999999999,0.9272727272727272,1
highest-temperature-in-karachi-on-june-9-2026,Karachi,2026-06-09,clean,depth_imbalance_1,30,6-24h,0.08527650095361715,0.5932550880164925,-0.022508988419673186,0.9826274988239261,7
highest-temperature-in-karachi-on-june-9-2026,Karachi,2026-06-09,clean,depth_imbalance_1,30,>24h,0.045193926200588604,0.8665174759577483,-0.011668604748087029,0.9972418318369709,11
highest-temperature-in-karachi-on-june-9-2026,Karachi,2026-06-09,clean,depth_imbalance_1,30,all,0.04835424493448008,0.7812208190652554,-0.014169469938742381,0.9929000566419526,11
highest-temperature-in-karachi-on-june-9-2026,Karachi,2026-06-09,clean,depth_imbalance_1,60,1-6h,0.1436823804055812,0.9881889763779528,-0.0004999999999999,0.9236363636363636,1
highest-temperature-in-karachi-on-june-9-2026,Karachi,2026-06-09,clean,depth_imbalance_1,60,6-24h,0.08992072315612931,0.5489516108124333,-0.022448063137276743,0.9816268453521417,7
highest-temperature-in-karachi-on-june-9-2026,Karachi,2026-06-09,clean,depth_imbalance_1,60,>24h,0.044094701690162025,0.8344338486982555,-0.011618907558211855,0.9956719044221489,11
highest-temperature-in-karachi-on-june-9-2026,Karachi,2026-06-09,clean,depth_imbalance_1,60,all,0.04663111924259562,0.7473142719571366,-0.01412446496354071,0.9911079099902816,11
highest-temperature-in-karachi-on-june-9-2026,Karachi,2026-06-09,clean,depth_imbalance_1,120,1-6h,0.1599137367619236,0.986725663716814,-0.0004999999999999,0.8218181818181818,1
highest-temperature-in-karachi-on-june-9-2026,Karachi,2026-06-09,clean,depth_imbalance_1,120,6-24h,0.09579853850619337,0.4998667657368131,-0.02234149030915744,0.9792395905795832,7
highest-temperature-in-karachi-on-june-9-2026,Karachi,2026-06-09,clean,depth_imbalance_1,120,>24h,0.049301941775479106,0.8002681167609084,-0.011554245960485517,0.9948435037799459,11
highest-temperature-in-karachi-on-june-9-2026,Karachi,2026-06-09,clean,depth_imbalance_1,120,all,0.04961462711032188,0.7108843829078345,-0.014054394344297737,0.989639118043563,11
highest-temperature-in-karachi-on-june-9-2026,Karachi,2026-06-09,clean,depth_imbalance_1,300,1-6h,0.3129625399655384,0.978102189781022,-0.0004999999999999,0.4981818181818181,1
highest-temperature-in-karachi-on-june-9-2026,Karachi,2026-06-09,clean,depth_imbalance_1,300,6-24h,0.08335901906391738,0.4207290450578653,-0.021958238747746887,0.9764401269239528,7
highest-temperature-in-karachi-on-june-9-2026,Karachi,2026-06-09,clean,depth_imbalance_1,300,>24h,0.042385926131194115,0.7365823183252473,-0.011449330275465037,0.9904943294758218,11
highest-temperature-in-karachi-on-june-9-2026,Karachi,2026-06-09,clean,depth_imbalance_1,300,all,0.03758592719159434,0.6427414605357226,-0.013855390245306298,0.9846693020193026,11
highest-temperature-in-karachi-on-june-9-2026,Karachi,2026-06-09,clean,depth_imbalance_1,600,1-6h,,1.0,-0.0004999999999999,0.44,1
highest-temperature-in-karachi-on-june-9-2026,Karachi,2026-06-09,clean,depth_imbalance_1,600,6-24h,0.08830975469900779,0.3493204300436942,-0.022119742707981303,0.9716351830855928,7
highest-temperature-in-karachi-on-june-9-2026,Karachi,2026-06-09,clean,depth_imbalance_1,600,>24h,0.031627634384519814,0.661668554291201,-0.011361168128383154,0.981458527617601,11
highest-temperature-in-karachi-on-june-9-2026,Karachi,2026-06-09,clean,depth_imbalance_1,600,all,0.03167241434586696,0.5714330880993408,-0.013887229862342247,0.9744151833119555,11
highest-temperature-in-karachi-on-june-9-2026,Karachi,2026-06-09,clean,depth_imbalance_1,900,1-6h,,1.0,-0.0004999999999999,0.1236363636363636,1
highest-temperature-in-karachi-on-june-9-2026,Karachi,2026-06-09,clean,depth_imbalance_1,900,6-24h,0.0781457214831793,0.29426793052388217,-0.02239383790087927,0.968782201410687,7
highest-temperature-in-karachi-on-june-9-2026,Karachi,2026-06-09,clean,depth_imbalance_1,900,>24h,0.01863383253151331,0.6063109234012726,-0.011303096459286828,0.9735684921123788,11
highest-temperature-in-karachi-on-june-9-2026,Karachi,2026-06-09,clean,depth_imbalance_1,900,all,0.014178387503266927,0.513220903807437,-0.013980459625954018,0.9656541221637965,11
highest-temperature-in-karachi-on-june-9-2026,Karachi,2026-06-09,clean,microprice_minus_mid,30,1-6h,0.1958603926758085,0.9882352941176472,-0.0004999999999999,0.9272727272727272,1
highest-temperature-in-karachi-on-june-9-2026,Karachi,2026-06-09,clean,microprice_minus_mid,30,6-24h,0.027044672435522197,0.5932550880164925,-0.02250279677729237,0.9826274988239261,7
highest-temperature-in-karachi-on-june-9-2026,Karachi,2026-06-09,clean,microprice_minus_mid,30,>24h,0.0370917399429423,0.8665174759577483,-0.011680191881334727,0.9972418318369709,11
highest-temperature-in-karachi-on-june-9-2026,Karachi,2026-06-09,clean,microprice_minus_mid,30,all,0.02351658935742168,0.7812208190652554,-0.014171484219674372,0.9929000566419526,11
highest-temperature-in-karachi-on-june-9-2026,Karachi,2026-06-09,clean,microprice_minus_mid,60,1-6h,0.1963572276686073,0.9881889763779528,-0.0004999999999999,0.9236363636363636,1
highest-temperature-in-karachi-on-june-9-2026,Karachi,2026-06-09,clean,microprice_minus_mid,60,6-24h,0.026878112096881412,0.5489516108124333,-0.022442534208478027,0.9816268453521417,7
highest-temperature-in-karachi-on-june-9-2026,Karachi,2026-06-09,clean,microprice_minus_mid,60,>24h,0.03355690827919911,0.8344338486982555,-0.011630660018136545,0.9956719044221489,11
highest-temperature-in-karachi-on-june-9-2026,Karachi,2026-06-09,clean,microprice_minus_mid,60,all,0.01868943402869941,0.7473142719571366,-0.01412681088392248,0.9911079099902816,11
highest-temperature-in-karachi-on-june-9-2026,Karachi,2026-06-09,clean,microprice_minus_mid,120,1-6h,0.2118461186014394,0.986725663716814,-0.0004999999999999,0.8218181818181818,1
highest-temperature-in-karachi-on-june-9-2026,Karachi,2026-06-09,clean,microprice_minus_mid,120,6-24h,0.026631904345345157,0.4998667657368131,-0.022333482031303246,0.9792395905795832,7
highest-temperature-in-karachi-on-june-9-2026,Karachi,2026-06-09,clean,microprice_minus_mid,120,>24h,0.03212079757520258,0.8002681167609084,-0.011568634547993666,0.9948435037799459,11
highest-temperature-in-karachi-on-june-9-2026,Karachi,2026-06-09,clean,microprice_minus_mid,120,all,0.01895036901688451,0.7108843829078345,-0.01405644394333398,0.989639118043563,11
highest-temperature-in-karachi-on-june-9-2026,Karachi,2026-06-09,clean,microprice_minus_mid,300,1-6h,0.3129625399655384,0.978102189781022,-0.0004999999999999,0.4981818181818181,1
highest-temperature-in-karachi-on-june-9-2026,Karachi,2026-06-09,clean,microprice_minus_mid,300,6-24h,0.00836880991191464,0.4207290450578653,-0.021949595964277844,0.9764401269239528,7
highest-temperature-in-karachi-on-june-9-2026,Karachi,2026-06-09,clean,microprice_minus_mid,300,>24h,0.026348205745404266,0.7365823183252473,-0.011470478663543872,0.9904943294758218,11
highest-temperature-in-karachi-on-june-9-2026,Karachi,2026-06-09,clean,microprice_minus_mid,300,all,0.009319483618939492,0.6427414605357226,-0.013859478846863844,0.9846693020193026,11
highest-temperature-in-karachi-on-june-9-2026,Karachi,2026-06-09,clean,microprice_minus_mid,600,1-6h,,1.0,-0.0004999999999999,0.44,1
highest-temperature-in-karachi-on-june-9-2026,Karachi,2026-06-09,clean,microprice_minus_mid,600,6-24h,0.006800957647816829,0.3493204300436942,-0.02210868553166693,0.9716351830855928,7
highest-temperature-in-karachi-on-june-9-2026,Karachi,2026-06-09,clean,microprice_minus_mid,600,>24h,0.020895891658035955,0.661668554291201,-0.011384703748302909,0.981458527617601,11
highest-temperature-in-karachi-on-june-9-2026,Karachi,2026-06-09,clean,microprice_minus_mid,600,all,0.0074936466427145,0.5714330880993408,-0.013890596317738856,0.9744151833119555,11
highest-temperature-in-karachi-on-june-9-2026,Karachi,2026-06-09,clean,microprice_minus_mid,900,1-6h,,1.0,-0.0004999999999999,0.1236363636363636,1
highest-temperature-in-karachi-on-june-9-2026,Karachi,2026-06-09,clean,microprice_minus_mid,900,6-24h,-0.014090439134134788,0.29426793052388217,-0.02238738271921457,0.968782201410687,7
highest-temperature-in-karachi-on-june-9-2026,Karachi,2026-06-09,clean,microprice_minus_mid,900,>24h,0.009924894732563309,0.6063109234012726,-0.011327585715233028,0.9735684921123788,11
highest-temperature-in-karachi-on-june-9-2026,Karachi,2026-06-09,clean,microprice_minus_mid,900,all,-0.007363768895923028,0.513220903807437,-0.013986185005911155,0.9656541221637965,11
highest-temperature-in-kuala-lumpur-on-june-9-2026,Kuala Lumpur,2026-06-09,clean,depth_imbalance_1,30,1-6h,,1.0,-0.0005,0.8913043478260869,1
highest-temperature-in-kuala-lumpur-on-june-9-2026,Kuala Lumpur,2026-06-09,clean,depth_imbalance_1,30,6-24h,0.08747627314805846,0.7803524041131508,-0.01247775632238692,0.9922228918144544,10
highest-temperature-in-kuala-lumpur-on-june-9-2026,Kuala Lumpur,2026-06-09,clean,depth_imbalance_1,30,>24h,0.06486525685035206,0.7684298012765545,-0.014783249962752544,0.998473595652209,11
highest-temperature-in-kuala-lumpur-on-june-9-2026,Kuala Lumpur,2026-06-09,clean,depth_imbalance_1,30,all,0.06919475180187756,0.7671048816804398,-0.013677793683296791,0.9984696135018531,11
highest-temperature-in-kuala-lumpur-on-june-9-2026,Kuala Lumpur,2026-06-09,clean,depth_imbalance_1,60,1-6h,,1.0,-0.0005,0.8913043478260869,1
highest-temperature-in-kuala-lumpur-on-june-9-2026,Kuala Lumpur,2026-06-09,clean,depth_imbalance_1,60,6-24h,0.0930956083658072,0.74496065333753,-0.0124290574325958,0.9889125478236245,10
highest-temperature-in-kuala-lumpur-on-june-9-2026,Kuala Lumpur,2026-06-09,clean,depth_imbalance_1,60,>24h,0.06301549213064521,0.7181247088729582,-0.014712813604198937,0.9979566311801977,11
highest-temperature-in-kuala-lumpur-on-june-9-2026,Kuala Lumpur,2026-06-09,clean,depth_imbalance_1,60,all,0.06790107112800953,0.7217409052941011,-0.013617512130971827,0.9976865677620204,11
highest-temperature-in-kuala-lumpur-on-june-9-2026,Kuala Lumpur,2026-06-09,clean,depth_imbalance_1,120,1-6h,,1.0,-0.0005,0.8478260869565217,1
highest-temperature-in-kuala-lumpur-on-june-9-2026,Kuala Lumpur,2026-06-09,clean,depth_imbalance_1,120,6-24h,0.1109057916764741,0.7044252581986828,-0.01234486865172556,0.9850421527681184,10
highest-temperature-in-kuala-lumpur-on-june-9-2026,Kuala Lumpur,2026-06-09,clean,depth_imbalance_1,120,>24h,0.06655912778482607,0.6663687165160961,-0.014628624616761055,0.9982786523902526,11
highest-temperature-in-kuala-lumpur-on-june-9-2026,Kuala Lumpur,2026-06-09,clean,depth_imbalance_1,120,all,0.07090253878138855,0.6739493811466359,-0.0135228312069256,0.9973870714732594,11
highest-temperature-in-kuala-lumpur-on-june-9-2026,Kuala Lumpur,2026-06-09,clean,depth_imbalance_1,300,1-6h,,,,0.0,1
highest-temperature-in-kuala-lumpur-on-june-9-2026,Kuala Lumpur,2026-06-09,clean,depth_imbalance_1,300,6-24h,0.157430110396309,0.6270508217855251,-0.01220623639662527,0.9695981895069667,10
highest-temperature-in-kuala-lumpur-on-june-9-2026,Kuala Lumpur,2026-06-09,clean,depth_imbalance_1,300,>24h,0.06714936462117439,0.58486150046558,-0.014532766569522819,0.9971983335127479,11
highest-temperature-in-kuala-lumpur-on-june-9-2026,Kuala Lumpur,2026-06-09,clean,depth_imbalance_1,300,all,0.06969592412347955,0.5960197762800061,-0.013410014571718127,0.9951637065047962,11
highest-temperature-in-kuala-lumpur-on-june-9-2026,Kuala Lumpur,2026-06-09,clean,depth_imbalance_1,600,1-6h,,,,0.0,1
highest-temperature-in-kuala-lumpur-on-june-9-2026,Kuala Lumpur,2026-06-09,clean,depth_imbalance_1,600,6-24h,0.1471576164880658,0.5629992539037527,-0.01196924187033287,0.9551683476731945,10
highest-temperature-in-kuala-lumpur-on-june-9-2026,Kuala Lumpur,2026-06-09,clean,depth_imbalance_1,600,>24h,0.07860161248152958,0.49440148645179066,-0.014274465241912736,0.9960565961919005,11
highest-temperature-in-kuala-lumpur-on-june-9-2026,Kuala Lumpur,2026-06-09,clean,depth_imbalance_1,600,all,0.06483435860957026,0.5160841075058259,-0.01318901953776132,0.991644870089894,11
highest-temperature-in-kuala-lumpur-on-june-9-2026,Kuala Lumpur,2026-06-09,clean,depth_imbalance_1,900,1-6h,,,,0.0,1
highest-temperature-in-kuala-lumpur-on-june-9-2026,Kuala Lumpur,2026-06-09,clean,depth_imbalance_1,900,6-24h,0.16641390807942585,0.5052907442394441,-0.0119044722023812,0.9448854562578483,10
highest-temperature-in-kuala-lumpur-on-june-9-2026,Kuala Lumpur,2026-06-09,clean,depth_imbalance_1,900,>24h,0.08257417336113179,0.44701450424868483,-0.01411311899193392,0.9945245410692348,11
highest-temperature-in-kuala-lumpur-on-june-9-2026,Kuala Lumpur,2026-06-09,clean,depth_imbalance_1,900,all,0.060016289324314624,0.4668594734479424,-0.013117703495350753,0.9884574196018531,11
highest-temperature-in-kuala-lumpur-on-june-9-2026,Kuala Lumpur,2026-06-09,clean,microprice_minus_mid,30,1-6h,,1.0,-0.0005,0.8913043478260869,1
highest-temperature-in-kuala-lumpur-on-june-9-2026,Kuala Lumpur,2026-06-09,clean,microprice_minus_mid,30,6-24h,0.07953388865719971,0.7803524041131508,-0.01249628126298075,0.9922228918144544,10
highest-temperature-in-kuala-lumpur-on-june-9-2026,Kuala Lumpur,2026-06-09,clean,microprice_minus_mid,30,>24h,0.040014550979984534,0.7684298012765545,-0.014783594016043162,0.998473595652209,11
highest-temperature-in-kuala-lumpur-on-june-9-2026,Kuala Lumpur,2026-06-09,clean,microprice_minus_mid,30,all,0.04904875118476984,0.7671048816804398,-0.013705981915113281,0.9984696135018531,11
highest-temperature-in-kuala-lumpur-on-june-9-2026,Kuala Lumpur,2026-06-09,clean,microprice_minus_mid,60,1-6h,,1.0,-0.0005,0.8913043478260869,1
highest-temperature-in-kuala-lumpur-on-june-9-2026,Kuala Lumpur,2026-06-09,clean,microprice_minus_mid,60,6-24h,0.07783678853195872,0.74496065333753,-0.01244985769227162,0.9889125478236245,10
highest-temperature-in-kuala-lumpur-on-june-9-2026,Kuala Lumpur,2026-06-09,clean,microprice_minus_mid,60,>24h,0.034295263481797865,0.7181247088729582,-0.014716206917856063,0.9979566311801977,11
highest-temperature-in-kuala-lumpur-on-june-9-2026,Kuala Lumpur,2026-06-09,clean,microprice_minus_mid,60,all,0.042171661185899316,0.7217409052941011,-0.013647786366516045,0.9976865677620204,11
highest-temperature-in-kuala-lumpur-on-june-9-2026,Kuala Lumpur,2026-06-09,clean,microprice_minus_mid,120,1-6h,,1.0,-0.0005,0.8478260869565217,1
highest-temperature-in-kuala-lumpur-on-june-9-2026,Kuala Lumpur,2026-06-09,clean,microprice_minus_mid,120,6-24h,0.09063256214029712,0.7044252581986828,-0.01236316889040124,0.9850421527681184,10
highest-temperature-in-kuala-lumpur-on-june-9-2026,Kuala Lumpur,2026-06-09,clean,microprice_minus_mid,120,>24h,0.032039163594229536,0.6663687165160961,-0.01463745805529331,0.9982786523902526,11
highest-temperature-in-kuala-lumpur-on-june-9-2026,Kuala Lumpur,2026-06-09,clean,microprice_minus_mid,120,all,0.04020750040350152,0.6739493811466359,-0.0135550156448978,0.9973870714732594,11
highest-temperature-in-kuala-lumpur-on-june-9-2026,Kuala Lumpur,2026-06-09,clean,microprice_minus_mid,300,1-6h,,,,0.0,1
highest-temperature-in-kuala-lumpur-on-june-9-2026,Kuala Lumpur,2026-06-09,clean,microprice_minus_mid,300,6-24h,0.13346310074427348,0.6270508217855251,-0.01221980203666641,0.9695981895069667,10
highest-temperature-in-kuala-lumpur-on-june-9-2026,Kuala Lumpur,2026-06-09,clean,microprice_minus_mid,300,>24h,0.03046279402704356,0.58486150046558,-0.01454093267989609,0.9971983335127479,11
highest-temperature-in-kuala-lumpur-on-june-9-2026,Kuala Lumpur,2026-06-09,clean,microprice_minus_mid,300,all,0.037732688672322046,0.5960197762800061,-0.013433911449984464,0.9951637065047962,11
highest-temperature-in-kuala-lumpur-on-june-9-2026,Kuala Lumpur,2026-06-09,clean,microprice_minus_mid,600,1-6h,,,,0.0,1
highest-temperature-in-kuala-lumpur-on-june-9-2026,Kuala Lumpur,2026-06-09,clean,microprice_minus_mid,600,6-24h,0.11790365572728737,0.5629992539037527,-0.01201476348184433,0.9551683476731945,10
highest-temperature-in-kuala-lumpur-on-june-9-2026,Kuala Lumpur,2026-06-09,clean,microprice_minus_mid,600,>24h,0.027405822496101462,0.49440148645179066,-0.014299832562009292,0.9960565961919005,11
highest-temperature-in-kuala-lumpur-on-june-9-2026,Kuala Lumpur,2026-06-09,clean,microprice_minus_mid,600,all,0.026176163690923123,0.5160841075058259,-0.013241390679444864,0.991644870089894,11
highest-temperature-in-kuala-lumpur-on-june-9-2026,Kuala Lumpur,2026-06-09,clean,microprice_minus_mid,900,1-6h,,,,0.0,1
highest-temperature-in-kuala-lumpur-on-june-9-2026,Kuala Lumpur,2026-06-09,clean,microprice_minus_mid,900,6-24h,0.1314050110625142,0.5052907442394441,-0.011951985802538711,0.9448854562578483,10
highest-temperature-in-kuala-lumpur-on-june-9-2026,Kuala Lumpur,2026-06-09,clean,microprice_minus_mid,900,>24h,0.018105702010439092,0.44701450424868483,-0.01413734767834101,0.9945245410692348,11
highest-temperature-in-kuala-lumpur-on-june-9-2026,Kuala Lumpur,2026-06-09,clean,microprice_minus_mid,900,all,0.0137642197548573,0.4668594734479424,-0.01316977107733429,0.9884574196018531,11
highest-temperature-in-lucknow-on-june-6-2026,Lucknow,2026-06-06,degraded,depth_imbalance_1,30,1-6h,0.05549772919416963,0.8847942542626239,-0.0016584734315627499,0.8976003474178034,4
highest-temperature-in-lucknow-on-june-6-2026,Lucknow,2026-06-06,degraded,depth_imbalance_1,30,6-24h,0.07325092600288265,0.8145659317819841,-0.008115980636046972,0.9981044163289802,11
highest-temperature-in-lucknow-on-june-6-2026,Lucknow,2026-06-06,degraded,depth_imbalance_1,30,>24h,0.07801908711848839,0.8405989360523765,-0.006849882320721764,0.9992064892313874,11
highest-temperature-in-lucknow-on-june-6-2026,Lucknow,2026-06-06,degraded,depth_imbalance_1,30,all,0.06041713214721042,0.8137942513568425,-0.007935266474479756,0.9985580333080328,11
highest-temperature-in-lucknow-on-june-6-2026,Lucknow,2026-06-06,degraded,depth_imbalance_1,60,1-6h,0.0733945786554394,0.8393581725197956,-0.0016621180893001,0.8681761140483641,4
highest-temperature-in-lucknow-on-june-6-2026,Lucknow,2026-06-06,degraded,depth_imbalance_1,60,6-24h,0.07578385854723733,0.7798721169655952,-0.008149611288445808,0.995183496689679,11
highest-temperature-in-lucknow-on-june-6-2026,Lucknow,2026-06-06,degraded,depth_imbalance_1,60,>24h,0.08754942736139028,0.7960693272713847,-0.006768709403702627,0.9995874759677567,11
highest-temperature-in-lucknow-on-june-6-2026,Lucknow,2026-06-06,degraded,depth_imbalance_1,60,all,0.0643415926194589,0.7743287895460775,-0.007929052362238473,0.9970250523954732,11
highest-temperature-in-lucknow-on-june-6-2026,Lucknow,2026-06-06,degraded,depth_imbalance_1,120,1-6h,0.11015979978391204,0.7817643639273891,-0.0016525219324093,0.864005604692675,4
highest-temperature-in-lucknow-on-june-6-2026,Lucknow,2026-06-06,degraded,depth_imbalance_1,120,6-24h,0.07094833137862398,0.730460007941404,-0.008151797065561399,0.9934495347698303,11
highest-temperature-in-lucknow-on-june-6-2026,Lucknow,2026-06-06,degraded,depth_imbalance_1,120,>24h,0.10223798890964408,0.7402549247540006,-0.006698403150338545,0.9994229240743867,11
highest-temperature-in-lucknow-on-june-6-2026,Lucknow,2026-06-06,degraded,depth_imbalance_1,120,all,0.07203372983914488,0.7216204808133347,-0.0079000022788877,0.9959727891320561,11
highest-temperature-in-lucknow-on-june-6-2026,Lucknow,2026-06-06,degraded,depth_imbalance_1,300,1-6h,0.13226621607919578,0.6917672498489743,-0.001619465011237275,0.7881440123280232,4
highest-temperature-in-lucknow-on-june-6-2026,Lucknow,2026-06-06,degraded,depth_imbalance_1,300,6-24h,0.05207432161350993,0.6648203784675304,-0.008491649598682482,0.9876196078880694,11
highest-temperature-in-lucknow-on-june-6-2026,Lucknow,2026-06-06,degraded,depth_imbalance_1,300,>24h,0.10797246530121507,0.6568430728357662,-0.006436101551471019,0.9992991856643475,11
highest-temperature-in-lucknow-on-june-6-2026,Lucknow,2026-06-06,degraded,depth_imbalance_1,300,all,0.06529870803914616,0.6472763817979179,-0.008033273908772872,0.9926152256484115,11
highest-temperature-in-lucknow-on-june-6-2026,Lucknow,2026-06-06,degraded,depth_imbalance_1,600,1-6h,0.14610362083430134,0.4402352359158523,-0.0017757231684877664,0.668144454078846,4
highest-temperature-in-lucknow-on-june-6-2026,Lucknow,2026-06-06,degraded,depth_imbalance_1,600,6-24h,0.07012530015945412,0.5868757399530016,-0.008806257017836818,0.9652653951932191,11
highest-temperature-in-lucknow-on-june-6-2026,Lucknow,2026-06-06,degraded,depth_imbalance_1,600,>24h,0.14709877420791423,0.5640889765840459,-0.006104350630619218,0.9991418663080789,11
highest-temperature-in-lucknow-on-june-6-2026,Lucknow,2026-06-06,degraded,depth_imbalance_1,600,all,0.08604664245767005,0.5652268274356423,-0.008116671260497109,0.9799215227167615,11
highest-temperature-in-lucknow-on-june-6-2026,Lucknow,2026-06-06,degraded,depth_imbalance_1,900,1-6h,0.2588018685885875,0.30996812770967436,-0.0014605259170635335,0.6356445480135655,4
highest-temperature-in-lucknow-on-june-6-2026,Lucknow,2026-06-06,degraded,depth_imbalance_1,900,6-24h,0.06498119127700616,0.5236456605761859,-0.008920623490965245,0.9278107181612508,11
highest-temperature-in-lucknow-on-june-6-2026,Lucknow,2026-06-06,degraded,depth_imbalance_1,900,>24h,0.14850956038516713,0.5113893601477411,-0.0058282701043255725,0.999071092395343,11
highest-temperature-in-lucknow-on-june-6-2026,Lucknow,2026-06-06,degraded,depth_imbalance_1,900,all,0.0925679700592331,0.5101128859412986,-0.008076568604470336,0.9589501246568166,11
highest-temperature-in-lucknow-on-june-6-2026,Lucknow,2026-06-06,degraded,microprice_minus_mid,30,1-6h,0.0450348670271766,0.8847942542626239,-0.0016584734315627499,0.8976003474178034,4
highest-temperature-in-lucknow-on-june-6-2026,Lucknow,2026-06-06,degraded,microprice_minus_mid,30,6-24h,0.047478518661584306,0.8145659317819841,-0.008108096265295,0.9981044163289802,11
highest-temperature-in-lucknow-on-june-6-2026,Lucknow,2026-06-06,degraded,microprice_minus_mid,30,>24h,0.0761594010609334,0.8405989360523765,-0.006870049766646327,0.9992064892313874,11
highest-temperature-in-lucknow-on-june-6-2026,Lucknow,2026-06-06,degraded,microprice_minus_mid,30,all,0.05410778254250766,0.8137942513568425,-0.007940295790304364,0.9985580333080328,11
highest-temperature-in-lucknow-on-june-6-2026,Lucknow,2026-06-06,degraded,microprice_minus_mid,60,1-6h,0.063249095345449,0.8393581725197956,-0.0016621180893001,0.8681761140483641,4
highest-temperature-in-lucknow-on-june-6-2026,Lucknow,2026-06-06,degraded,microprice_minus_mid,60,6-24h,0.041823674217353966,0.7798721169655952,-0.008141652187836518,0.995183496689679,11
highest-temperature-in-lucknow-on-june-6-2026,Lucknow,2026-06-06,degraded,microprice_minus_mid,60,>24h,0.08758385491510867,0.7960693272713847,-0.006787785025856246,0.9995874759677567,11
highest-temperature-in-lucknow-on-june-6-2026,Lucknow,2026-06-06,degraded,microprice_minus_mid,60,all,0.05409109368515697,0.7743287895460775,-0.0079334038989518,0.9970250523954732,11
highest-temperature-in-lucknow-on-june-6-2026,Lucknow,2026-06-06,degraded,microprice_minus_mid,120,1-6h,0.10823910360311527,0.7817643639273891,-0.0016525219324093,0.864005604692675,4
highest-temperature-in-lucknow-on-june-6-2026,Lucknow,2026-06-06,degraded,microprice_minus_mid,120,6-24h,0.03404050876400086,0.730460007941404,-0.00814448596721088,0.9934495347698303,11
highest-temperature-in-lucknow-on-june-6-2026,Lucknow,2026-06-06,degraded,microprice_minus_mid,120,>24h,0.08802264189562045,0.7402549247540006,-0.0067156607732268,0.9994229240743867,11
highest-temperature-in-lucknow-on-june-6-2026,Lucknow,2026-06-06,degraded,microprice_minus_mid,120,all,0.05257128845501113,0.7216204808133347,-0.007903964587936192,0.9959727891320561,11
highest-temperature-in-lucknow-on-june-6-2026,Lucknow,2026-06-06,degraded,microprice_minus_mid,300,1-6h,0.10091886510610316,0.6917672498489743,-0.001619465011237275,0.7881440123280232,4
highest-temperature-in-lucknow-on-june-6-2026,Lucknow,2026-06-06,degraded,microprice_minus_mid,300,6-24h,-0.0002916200567442356,0.6648203784675304,-0.008482115720897783,0.9876196078880694,11
highest-temperature-in-lucknow-on-june-6-2026,Lucknow,2026-06-06,degraded,microprice_minus_mid,300,>24h,0.08172181175720374,0.6568430728357662,-0.006457256033676645,0.9992991856643475,11
highest-temperature-in-lucknow-on-june-6-2026,Lucknow,2026-06-06,degraded,microprice_minus_mid,300,all,0.037808403971267945,0.6472763817979179,-0.008036603580677572,0.9926152256484115,11
highest-temperature-in-lucknow-on-june-6-2026,Lucknow,2026-06-06,degraded,microprice_minus_mid,600,1-6h,0.11998990179824187,0.4402352359158523,-0.0017757231684877664,0.668144454078846,4
highest-temperature-in-lucknow-on-june-6-2026,Lucknow,2026-06-06,degraded,microprice_minus_mid,600,6-24h,0.003292870817180453,0.5868757399530016,-0.008805078152167382,0.9652653951932191,11
highest-temperature-in-lucknow-on-june-6-2026,Lucknow,2026-06-06,degraded,microprice_minus_mid,600,>24h,0.10748127102354882,0.5640889765840459,-0.006123060420409027,0.9991418663080789,11
highest-temperature-in-lucknow-on-june-6-2026,Lucknow,2026-06-06,degraded,microprice_minus_mid,600,all,0.04769285668258593,0.5652268274356423,-0.00812512138749359,0.9799215227167615,11
highest-temperature-in-lucknow-on-june-6-2026,Lucknow,2026-06-06,degraded,microprice_minus_mid,900,1-6h,0.2159079092175018,0.30996812770967436,-0.0014605259170635335,0.6356445480135655,4
highest-temperature-in-lucknow-on-june-6-2026,Lucknow,2026-06-06,degraded,microprice_minus_mid,900,6-24h,-0.012512867900712255,0.5236456605761859,-0.008920521405917318,0.9278107181612508,11
highest-temperature-in-lucknow-on-june-6-2026,Lucknow,2026-06-06,degraded,microprice_minus_mid,900,>24h,0.09828941966478605,0.5113893601477411,-0.005850769434106063,0.999071092395343,11
highest-temperature-in-lucknow-on-june-6-2026,Lucknow,2026-06-06,degraded,microprice_minus_mid,900,all,0.0397589864393285,0.5101128859412986,-0.008086842545486764,0.9589501246568166,11
highest-temperature-in-manila-on-june-8-2026,Manila,2026-06-08,clean,depth_imbalance_1,30,1-6h,-0.1028547273883184,0.990644482128667,-0.0008636486519697666,0.9292038146453448,3
highest-temperature-in-manila-on-june-8-2026,Manila,2026-06-08,clean,depth_imbalance_1,30,6-24h,0.04205992086898296,0.7128681007259017,-0.02028701053421639,0.9779336655650636,9
highest-temperature-in-manila-on-june-8-2026,Manila,2026-06-08,clean,depth_imbalance_1,30,>24h,0.04856633840513816,0.8688426276807658,-0.0078664063745477,0.9997170362580363,11
highest-temperature-in-manila-on-june-8-2026,Manila,2026-06-08,clean,depth_imbalance_1,30,all,0.04877900965941069,0.7913417884854933,-0.014573180260318529,0.9975462006350515,11
highest-temperature-in-manila-on-june-8-2026,Manila,2026-06-08,clean,depth_imbalance_1,60,1-6h,-0.11543547224114614,0.9881577210008582,-0.0008625841750841333,0.9234735915216127,3
highest-temperature-in-manila-on-june-8-2026,Manila,2026-06-08,clean,depth_imbalance_1,60,6-24h,0.05993309860799896,0.6776500830884741,-0.020327617816499555,0.9760827975801093,9
highest-temperature-in-manila-on-june-8-2026,Manila,2026-06-08,clean,depth_imbalance_1,60,>24h,0.04910029084092391,0.8423898224617061,-0.007748775078925346,0.9995030722397733,11
highest-temperature-in-manila-on-june-8-2026,Manila,2026-06-08,clean,depth_imbalance_1,60,all,0.053707133864334254,0.7605061686375137,-0.014557185124426856,0.9963798183949714,11
highest-temperature-in-manila-on-june-8-2026,Manila,2026-06-08,clean,depth_imbalance_1,120,1-6h,-0.26500001919860094,0.9721028762382146,-0.0008618868600071333,0.9068073179552494,3
highest-temperature-in-manila-on-june-8-2026,Manila,2026-06-08,clean,depth_imbalance_1,120,6-24h,0.07743427083765349,0.6372809172674139,-0.0205665740176438,0.9427327379073139,9
highest-temperature-in-manila-on-june-8-2026,Manila,2026-06-08,clean,depth_imbalance_1,120,>24h,0.06415468152770534,0.8026862757609053,-0.007598788428734891,0.9994751506497891,11
highest-temperature-in-manila-on-june-8-2026,Manila,2026-06-08,clean,depth_imbalance_1,120,all,0.0689693361063886,0.7210653511757893,-0.01465247197852071,0.994662210513761,11
highest-temperature-in-manila-on-june-8-2026,Manila,2026-06-08,clean,depth_imbalance_1,300,1-6h,-0.4888769997439659,0.9616519174041298,-0.0008525073746312333,0.7830715285312201,3
highest-temperature-in-manila-on-june-8-2026,Manila,2026-06-08,clean,depth_imbalance_1,300,6-24h,0.11206658441421712,0.5837562458656562,-0.020659622075859568,0.8910431821186428,9
highest-temperature-in-manila-on-june-8-2026,Manila,2026-06-08,clean,depth_imbalance_1,300,>24h,0.06292925925781505,0.714278585464917,-0.007169149805126482,0.999214179747366,11
highest-temperature-in-manila-on-june-8-2026,Manila,2026-06-08,clean,depth_imbalance_1,300,all,0.07370068351705007,0.6502881330079338,-0.014573278208907019,0.9912247526612781,11
highest-temperature-in-manila-on-june-8-2026,Manila,2026-06-08,clean,depth_imbalance_1,600,1-6h,-0.44150693359158283,0.9105263157894737,-0.0008633771929823999,0.6405655927166376,3
highest-temperature-in-manila-on-june-8-2026,Manila,2026-06-08,clean,depth_imbalance_1,600,6-24h,0.12809900579581857,0.4731283533954657,-0.023189092263997374,0.8573492968182516,9
highest-temperature-in-manila-on-june-8-2026,Manila,2026-06-08,clean,depth_imbalance_1,600,>24h,0.0281891201901072,0.6124418121736679,-0.007425294990795209,0.998417966394252,11
highest-temperature-in-manila-on-june-8-2026,Manila,2026-06-08,clean,depth_imbalance_1,600,all,0.05678083440244519,0.5646158424304922,-0.014679602664121617,0.9834188145397948,11
highest-temperature-in-manila-on-june-8-2026,Manila,2026-06-08,clean,depth_imbalance_1,900,1-6h,-0.4435102507730634,0.9406010656010656,-0.0008508158508158001,0.5001446609116782,3
highest-temperature-in-manila-on-june-8-2026,Manila,2026-06-08,clean,depth_imbalance_1,900,6-24h,0.1429993534733357,0.4310866854614507,-0.02358637704259046,0.8437326124619402,9
highest-temperature-in-manila-on-june-8-2026,Manila,2026-06-08,clean,depth_imbalance_1,900,>24h,0.07891815180045002,0.5648509081380285,-0.007262958841064527,0.9978635026166173,11
highest-temperature-in-manila-on-june-8-2026,Manila,2026-06-08,clean,depth_imbalance_1,900,all,0.11128445791522634,0.5186776777579348,-0.014775096924710008,0.9766107466633752,11
highest-temperature-in-manila-on-june-8-2026,Manila,2026-06-08,clean,microprice_minus_mid,30,1-6h,0.07992246401224924,0.990644482128667,-0.0008636486519697666,0.9292038146453448,3
highest-temperature-in-manila-on-june-8-2026,Manila,2026-06-08,clean,microprice_minus_mid,30,6-24h,-0.009714964930804862,0.7128681007259017,-0.020272550408033677,0.9779336655650636,9
highest-temperature-in-manila-on-june-8-2026,Manila,2026-06-08,clean,microprice_minus_mid,30,>24h,0.08642773836938512,0.8688426276807658,-0.007868421852898318,0.9997170362580363,11
highest-temperature-in-manila-on-june-8-2026,Manila,2026-06-08,clean,microprice_minus_mid,30,all,0.03493840481955485,0.7913417884854933,-0.014565984237492181,0.9975462006350515,11
highest-temperature-in-manila-on-june-8-2026,Manila,2026-06-08,clean,microprice_minus_mid,60,1-6h,0.10437427478054946,0.9881577210008582,-0.0008625841750841333,0.9234735915216127,3
highest-temperature-in-manila-on-june-8-2026,Manila,2026-06-08,clean,microprice_minus_mid,60,6-24h,-0.0029542089294802613,0.6776500830884741,-0.02031543841769329,0.9760827975801093,9
highest-temperature-in-manila-on-june-8-2026,Manila,2026-06-08,clean,microprice_minus_mid,60,>24h,0.0885243610995816,0.8423898224617061,-0.007751889457338609,0.9995030722397733,11
highest-temperature-in-manila-on-june-8-2026,Manila,2026-06-08,clean,microprice_minus_mid,60,all,0.036317447390015044,0.7605061686375137,-0.01455151204565912,0.9963798183949714,11
highest-temperature-in-manila-on-june-8-2026,Manila,2026-06-08,clean,microprice_minus_mid,120,1-6h,-0.047239045920955756,0.9721028762382146,-0.0008618868600071333,0.9068073179552494,3
highest-temperature-in-manila-on-june-8-2026,Manila,2026-06-08,clean,microprice_minus_mid,120,6-24h,0.006045324244126252,0.6372809172674139,-0.020551701871735703,0.9427327379073139,9
highest-temperature-in-manila-on-june-8-2026,Manila,2026-06-08,clean,microprice_minus_mid,120,>24h,0.1168109764106951,0.8026862757609053,-0.007600654697996046,0.9994751506497891,11
highest-temperature-in-manila-on-june-8-2026,Manila,2026-06-08,clean,microprice_minus_mid,120,all,0.05313150774392483,0.7210653511757893,-0.01464386947950741,0.994662210513761,11
highest-temperature-in-manila-on-june-8-2026,Manila,2026-06-08,clean,microprice_minus_mid,300,1-6h,0.1939850016777658,0.9616519174041298,-0.0008525073746312333,0.7830715285312201,3
highest-temperature-in-manila-on-june-8-2026,Manila,2026-06-08,clean,microprice_minus_mid,300,6-24h,0.030247838746983162,0.5837562458656562,-0.020646802316333743,0.8910431821186428,9
highest-temperature-in-manila-on-june-8-2026,Manila,2026-06-08,clean,microprice_minus_mid,300,>24h,0.11285962857657603,0.714278585464917,-0.0071694650892694,0.999214179747366,11
highest-temperature-in-manila-on-june-8-2026,Manila,2026-06-08,clean,microprice_minus_mid,300,all,0.04794267943078128,0.6502881330079338,-0.014564181474159782,0.9912247526612781,11
highest-temperature-in-manila-on-june-8-2026,Manila,2026-06-08,clean,microprice_minus_mid,600,1-6h,0.0557646325296246,0.9105263157894737,-0.0008633771929823999,0.6405655927166376,3
highest-temperature-in-manila-on-june-8-2026,Manila,2026-06-08,clean,microprice_minus_mid,600,6-24h,0.028429111820629974,0.4731283533954657,-0.023180483343075813,0.8573492968182516,9
highest-temperature-in-manila-on-june-8-2026,Manila,2026-06-08,clean,microprice_minus_mid,600,>24h,0.0737909280366909,0.6124418121736679,-0.007427402765784727,0.998417966394252,11
highest-temperature-in-manila-on-june-8-2026,Manila,2026-06-08,clean,microprice_minus_mid,600,all,0.02059490586331829,0.5646158424304922,-0.014673094552785192,0.9834188145397948,11
highest-temperature-in-manila-on-june-8-2026,Manila,2026-06-08,clean,microprice_minus_mid,900,1-6h,-0.0012296193809155503,0.9406010656010656,-0.0008508158508158001,0.5001446609116782,3
highest-temperature-in-manila-on-june-8-2026,Manila,2026-06-08,clean,microprice_minus_mid,900,6-24h,0.03937880544101831,0.4310866854614507,-0.0235853306758522,0.8437326124619402,9
highest-temperature-in-manila-on-june-8-2026,Manila,2026-06-08,clean,microprice_minus_mid,900,>24h,0.12351803647336732,0.5648509081380285,-0.007266696255302473,0.9978635026166173,11
highest-temperature-in-manila-on-june-8-2026,Manila,2026-06-08,clean,microprice_minus_mid,900,all,0.06898966331618775,0.5186776777579348,-0.01477313788835481,0.9766107466633752,11
highest-temperature-in-mexico-city-on-june-8-2026,Mexico City,2026-06-08,clean,depth_imbalance_1,30,6-24h,0.10878984295618867,0.677943641317629,-0.017010190488712898,0.9974279752806908,9
highest-temperature-in-mexico-city-on-june-8-2026,Mexico City,2026-06-08,clean,depth_imbalance_1,30,>24h,0.08758213431803262,0.7436056508277354,-0.007536270907484991,0.9998347690931108,11
highest-temperature-in-mexico-city-on-june-8-2026,Mexico City,2026-06-08,clean,depth_imbalance_1,30,all,0.09601472370660552,0.7036940843159679,-0.010952366701954272,0.9989547851392927,11
highest-temperature-in-mexico-city-on-june-8-2026,Mexico City,2026-06-08,clean,depth_imbalance_1,60,6-24h,0.13411236712653526,0.6407706705432006,-0.0167445906570268,0.9959346055664015,9
highest-temperature-in-mexico-city-on-june-8-2026,Mexico City,2026-06-08,clean,depth_imbalance_1,60,>24h,0.07501102278533846,0.7161352595283307,-0.0074976783727846545,0.9996562092453348,11
highest-temperature-in-mexico-city-on-june-8-2026,Mexico City,2026-06-08,clean,depth_imbalance_1,60,all,0.09160439204180139,0.6733858320914745,-0.010847877393743745,0.9983281518556715,11
highest-temperature-in-mexico-city-on-june-8-2026,Mexico City,2026-06-08,clean,depth_imbalance_1,120,6-24h,0.13933155035673928,0.5880347464754756,-0.016640132903343312,0.994515327207953,9
highest-temperature-in-mexico-city-on-june-8-2026,Mexico City,2026-06-08,clean,depth_imbalance_1,120,>24h,0.07312723064474841,0.6794450866771957,-0.0074145786193259905,0.9995469703660319,11
highest-temperature-in-mexico-city-on-june-8-2026,Mexico City,2026-06-08,clean,depth_imbalance_1,120,all,0.09505134534794492,0.6329482247226275,-0.0107644395532087,0.9979230394481714,11
highest-temperature-in-mexico-city-on-june-8-2026,Mexico City,2026-06-08,clean,depth_imbalance_1,300,6-24h,0.15009464501870473,0.5287183878853319,-0.015892033447170245,0.9899107372820686,9
highest-temperature-in-mexico-city-on-june-8-2026,Mexico City,2026-06-08,clean,depth_imbalance_1,300,>24h,0.05627771068542154,0.614910741605862,-0.007386768441481,0.9993085645855037,11
highest-temperature-in-mexico-city-on-june-8-2026,Mexico City,2026-06-08,clean,depth_imbalance_1,300,all,0.08911732210513196,0.5745018344882077,-0.010495113706187064,0.9961219476069207,11
highest-temperature-in-mexico-city-on-june-8-2026,Mexico City,2026-06-08,clean,depth_imbalance_1,600,6-24h,0.15888600014546697,0.465528387555937,-0.01592266574243179,0.9851071401684379,9
highest-temperature-in-mexico-city-on-june-8-2026,Mexico City,2026-06-08,clean,depth_imbalance_1,600,>24h,0.06460789314272432,0.5429553780144816,-0.0073161965972757545,0.9990032177070124,11
highest-temperature-in-mexico-city-on-june-8-2026,Mexico City,2026-06-08,clean,depth_imbalance_1,600,all,0.10033120628067928,0.5084695138590885,-0.010503992224101264,0.9943533810358872,11
highest-temperature-in-mexico-city-on-june-8-2026,Mexico City,2026-06-08,clean,depth_imbalance_1,900,6-24h,0.18943390803171262,0.41669449511833556,-0.016069411367493278,0.9790729553739461,9
highest-temperature-in-mexico-city-on-june-8-2026,Mexico City,2026-06-08,clean,depth_imbalance_1,900,>24h,0.05302617233604955,0.4918876401884233,-0.007337481948481882,0.9988264719664446,11
highest-temperature-in-mexico-city-on-june-8-2026,Mexico City,2026-06-08,clean,depth_imbalance_1,900,all,0.09728508247071602,0.46238053240677446,-0.010634138222170846,0.992402936005265,11
highest-temperature-in-mexico-city-on-june-8-2026,Mexico City,2026-06-08,clean,microprice_minus_mid,30,6-24h,0.07911665530682349,0.677943641317629,-0.017011055977818944,0.9974279752806908,9
highest-temperature-in-mexico-city-on-june-8-2026,Mexico City,2026-06-08,clean,microprice_minus_mid,30,>24h,0.1084116006031965,0.7436056508277354,-0.007546233093196664,0.9998347690931108,11
highest-temperature-in-mexico-city-on-june-8-2026,Mexico City,2026-06-08,clean,microprice_minus_mid,30,all,0.09974184336622813,0.7036940843159679,-0.01093829709544293,0.9989547851392927,11
highest-temperature-in-mexico-city-on-june-8-2026,Mexico City,2026-06-08,clean,microprice_minus_mid,60,6-24h,0.09426435592470953,0.6407706705432006,-0.016745105879376467,0.9959346055664015,9
highest-temperature-in-mexico-city-on-june-8-2026,Mexico City,2026-06-08,clean,microprice_minus_mid,60,>24h,0.09224029327199693,0.7161352595283307,-0.007516091393449762,0.9996562092453348,11
highest-temperature-in-mexico-city-on-june-8-2026,Mexico City,2026-06-08,clean,microprice_minus_mid,60,all,0.08993115301291242,0.6733858320914745,-0.010837729636437027,0.9983281518556715,11
highest-temperature-in-mexico-city-on-june-8-2026,Mexico City,2026-06-08,clean,microprice_minus_mid,120,6-24h,0.09433578351504895,0.5880347464754756,-0.016643125263741555,0.994515327207953,9
highest-temperature-in-mexico-city-on-june-8-2026,Mexico City,2026-06-08,clean,microprice_minus_mid,120,>24h,0.09502241474230147,0.6794450866771957,-0.007440031499663464,0.9995469703660319,11
highest-temperature-in-mexico-city-on-june-8-2026,Mexico City,2026-06-08,clean,microprice_minus_mid,120,all,0.09341762473302051,0.6329482247226275,-0.0107591713119942,0.9979230394481714,11
highest-temperature-in-mexico-city-on-june-8-2026,Mexico City,2026-06-08,clean,microprice_minus_mid,300,6-24h,0.08635032160105122,0.5287183878853319,-0.01589413492394766,0.9899107372820686,9
highest-temperature-in-mexico-city-on-june-8-2026,Mexico City,2026-06-08,clean,microprice_minus_mid,300,>24h,0.06558282648655714,0.614910741605862,-0.007413505538975792,0.9993085645855037,11
highest-temperature-in-mexico-city-on-june-8-2026,Mexico City,2026-06-08,clean,microprice_minus_mid,300,all,0.07654890003170658,0.5745018344882077,-0.010491731096542072,0.9961219476069207,11
highest-temperature-in-mexico-city-on-june-8-2026,Mexico City,2026-06-08,clean,microprice_minus_mid,600,6-24h,0.09291016398843878,0.465528387555937,-0.015926111736519612,0.9851071401684379,9
highest-temperature-in-mexico-city-on-june-8-2026,Mexico City,2026-06-08,clean,microprice_minus_mid,600,>24h,0.059071849030605965,0.5429553780144816,-0.007345464443603681,0.9990032177070124,11
highest-temperature-in-mexico-city-on-june-8-2026,Mexico City,2026-06-08,clean,microprice_minus_mid,600,all,0.07616136221346195,0.5084695138590885,-0.010501434582436355,0.9943533810358872,11
highest-temperature-in-mexico-city-on-june-8-2026,Mexico City,2026-06-08,clean,microprice_minus_mid,900,6-24h,0.08651108141166168,0.41669449511833556,-0.016073028521996397,0.9790729553739461,9
highest-temperature-in-mexico-city-on-june-8-2026,Mexico City,2026-06-08,clean,microprice_minus_mid,900,>24h,0.043001262397394574,0.4918876401884233,-0.007364133369813509,0.9988264719664446,11
highest-temperature-in-mexico-city-on-june-8-2026,Mexico City,2026-06-08,clean,microprice_minus_mid,900,all,0.0555605993398929,0.46238053240677446,-0.010631295761893401,0.992402936005265,11
highest-temperature-in-moscow-on-june-7-2026,Moscow,2026-06-07,degraded,depth_imbalance_1,30,1-6h,0.02780010690226299,0.8009689433852675,-0.01133346224312322,0.9734275695618677,5
highest-temperature-in-moscow-on-june-7-2026,Moscow,2026-06-07,degraded,depth_imbalance_1,30,6-24h,0.08045923748510359,0.7477038543022914,-0.014438972380324645,0.9976616878336444,11
highest-temperature-in-moscow-on-june-7-2026,Moscow,2026-06-07,degraded,depth_imbalance_1,30,>24h,0.06346189910385328,0.8845809078228772,-0.007652755891289645,0.999868440711123,11
highest-temperature-in-moscow-on-june-7-2026,Moscow,2026-06-07,degraded,depth_imbalance_1,30,all,0.08203086551759166,0.7710244564546396,-0.013256978217214617,0.998555504232569,11
highest-temperature-in-moscow-on-june-7-2026,Moscow,2026-06-07,degraded,depth_imbalance_1,60,1-6h,-0.02263631369467055,0.7388687043406044,-0.011730081975481359,0.9652604055413919,5
highest-temperature-in-moscow-on-june-7-2026,Moscow,2026-06-07,degraded,depth_imbalance_1,60,6-24h,0.08933272093389738,0.7074551396347015,-0.01424154026658802,0.9965964137370725,11
highest-temperature-in-moscow-on-june-7-2026,Moscow,2026-06-07,degraded,depth_imbalance_1,60,>24h,0.06548878426304836,0.853375118166014,-0.0076223545193710085,0.9996447213963731,11
highest-temperature-in-moscow-on-june-7-2026,Moscow,2026-06-07,degraded,depth_imbalance_1,60,all,0.0909020223589263,0.7303015870856107,-0.013101157151026117,0.9979170309397414,11
highest-temperature-in-moscow-on-june-7-2026,Moscow,2026-06-07,degraded,depth_imbalance_1,120,1-6h,0.022399093740405246,0.6620973604425124,-0.01181249061143982,0.9248911758139029,5
highest-temperature-in-moscow-on-june-7-2026,Moscow,2026-06-07,degraded,depth_imbalance_1,120,6-24h,0.11539560358399911,0.6670340904230444,-0.013977680809379008,0.9950629359540527,11
highest-temperature-in-moscow-on-june-7-2026,Moscow,2026-06-07,degraded,depth_imbalance_1,120,>24h,0.06628359133698436,0.8086938943009087,-0.007566268332029819,0.9994811907622073,11
highest-temperature-in-moscow-on-june-7-2026,Moscow,2026-06-07,degraded,depth_imbalance_1,120,all,0.10599492822822248,0.6849312090202461,-0.012880835205358727,0.9969275753337936,11
highest-temperature-in-moscow-on-june-7-2026,Moscow,2026-06-07,degraded,depth_imbalance_1,300,1-6h,0.1309129508285679,0.5737301193828065,-0.012381117643062,0.7646677223196992,5
highest-temperature-in-moscow-on-june-7-2026,Moscow,2026-06-07,degraded,depth_imbalance_1,300,6-24h,0.13305412828665783,0.6074264615701416,-0.013225789874856354,0.991901891916707,11
highest-temperature-in-moscow-on-june-7-2026,Moscow,2026-06-07,degraded,depth_imbalance_1,300,>24h,0.09718502482525017,0.7422431655859278,-0.007386588583793282,0.999209279160488,11
highest-temperature-in-moscow-on-june-7-2026,Moscow,2026-06-07,degraded,depth_imbalance_1,300,all,0.13615859829773716,0.6185041108431045,-0.012245704510408045,0.9941792221736538,11
highest-temperature-in-moscow-on-june-7-2026,Moscow,2026-06-07,degraded,depth_imbalance_1,600,1-6h,0.13929807549259193,0.3419783062877486,-0.015733542478616323,0.6002058391425309,5
highest-temperature-in-moscow-on-june-7-2026,Moscow,2026-06-07,degraded,depth_imbalance_1,600,6-24h,0.13913777477323153,0.5463174729067487,-0.013011414603025646,0.9855742565709472,11
highest-temperature-in-moscow-on-june-7-2026,Moscow,2026-06-07,degraded,depth_imbalance_1,600,>24h,0.13840360286707526,0.6648973325892175,-0.007183088381999382,0.9991322718401668,11
highest-temperature-in-moscow-on-june-7-2026,Moscow,2026-06-07,degraded,depth_imbalance_1,600,all,0.1538682086261502,0.5494628555042724,-0.012036638197939509,0.9895235533949837,11
highest-temperature-in-moscow-on-june-7-2026,Moscow,2026-06-07,degraded,depth_imbalance_1,900,1-6h,0.18893318972839596,0.2326691806367903,-0.018887590926077426,0.5596361767107837,5
highest-temperature-in-moscow-on-june-7-2026,Moscow,2026-06-07,degraded,depth_imbalance_1,900,6-24h,0.14096698199431923,0.5085251607308711,-0.012343657095643355,0.9769872411785907,11
highest-temperature-in-moscow-on-june-7-2026,Moscow,2026-06-07,degraded,depth_imbalance_1,900,>24h,0.15882771539547477,0.6160269006818502,-0.006728460965303254,0.9985456386294406,11
highest-temperature-in-moscow-on-june-7-2026,Moscow,2026-06-07,degraded,depth_imbalance_1,900,all,0.16026594439605277,0.5081491533730275,-0.011431997188230935,0.9844277311874183,11
highest-temperature-in-moscow-on-june-7-2026,Moscow,2026-06-07,degraded,microprice_minus_mid,30,1-6h,0.12147152381735404,0.8009689433852675,-0.01133346224312322,0.9734275695618677,5
highest-temperature-in-moscow-on-june-7-2026,Moscow,2026-06-07,degraded,microprice_minus_mid,30,6-24h,0.07434919507754266,0.7477038543022914,-0.014445788439887836,0.9976616878336444,11
highest-temperature-in-moscow-on-june-7-2026,Moscow,2026-06-07,degraded,microprice_minus_mid,30,>24h,0.06464635977675924,0.8845809078228772,-0.007657877952180564,0.999868440711123,11
highest-temperature-in-moscow-on-june-7-2026,Moscow,2026-06-07,degraded,microprice_minus_mid,30,all,0.0670236431476478,0.7710244564546396,-0.013264376015860556,0.998555504232569,11
highest-temperature-in-moscow-on-june-7-2026,Moscow,2026-06-07,degraded,microprice_minus_mid,60,1-6h,0.1400718583998913,0.7388687043406044,-0.011730081975481359,0.9652604055413919,5
highest-temperature-in-moscow-on-june-7-2026,Moscow,2026-06-07,degraded,microprice_minus_mid,60,6-24h,0.07971882040444618,0.7074551396347015,-0.01424913548452531,0.9965964137370725,11
highest-temperature-in-moscow-on-june-7-2026,Moscow,2026-06-07,degraded,microprice_minus_mid,60,>24h,0.06685139714677252,0.853375118166014,-0.007626602358665835,0.9996447213963731,11
highest-temperature-in-moscow-on-june-7-2026,Moscow,2026-06-07,degraded,microprice_minus_mid,60,all,0.07457204486758708,0.7303015870856107,-0.013109030816705726,0.9979170309397414,11
highest-temperature-in-moscow-on-june-7-2026,Moscow,2026-06-07,degraded,microprice_minus_mid,120,1-6h,0.22725837224133671,0.6620973604425124,-0.01181249061143982,0.9248911758139029,5
highest-temperature-in-moscow-on-june-7-2026,Moscow,2026-06-07,degraded,microprice_minus_mid,120,6-24h,0.10333658473578883,0.6670340904230444,-0.01398544637019891,0.9950629359540527,11
highest-temperature-in-moscow-on-june-7-2026,Moscow,2026-06-07,degraded,microprice_minus_mid,120,>24h,0.07052050657720303,0.8086938943009087,-0.007569981051661809,0.9994811907622073,11
highest-temperature-in-moscow-on-june-7-2026,Moscow,2026-06-07,degraded,microprice_minus_mid,120,all,0.08699958127488405,0.6849312090202461,-0.012888711459286727,0.9969275753337936,11
highest-temperature-in-moscow-on-june-7-2026,Moscow,2026-06-07,degraded,microprice_minus_mid,300,1-6h,0.33043378321225636,0.5737301193828065,-0.012381117643062,0.7646677223196992,5
highest-temperature-in-moscow-on-june-7-2026,Moscow,2026-06-07,degraded,microprice_minus_mid,300,6-24h,0.10255681477522649,0.6074264615701416,-0.0132361252293455,0.991901891916707,11
highest-temperature-in-moscow-on-june-7-2026,Moscow,2026-06-07,degraded,microprice_minus_mid,300,>24h,0.11295142843083826,0.7422431655859278,-0.007389602128315137,0.999209279160488,11
highest-temperature-in-moscow-on-june-7-2026,Moscow,2026-06-07,degraded,microprice_minus_mid,300,all,0.09972453014392753,0.6185041108431045,-0.012255430830218973,0.9941792221736538,11
highest-temperature-in-moscow-on-june-7-2026,Moscow,2026-06-07,degraded,microprice_minus_mid,600,1-6h,0.3274138442359075,0.3419783062877486,-0.015733542478616323,0.6002058391425309,5
highest-temperature-in-moscow-on-june-7-2026,Moscow,2026-06-07,degraded,microprice_minus_mid,600,6-24h,0.1062561009974345,0.5463174729067487,-0.013021288030232381,0.9855742565709472,11
highest-temperature-in-moscow-on-june-7-2026,Moscow,2026-06-07,degraded,microprice_minus_mid,600,>24h,0.12886811509612162,0.6648973325892175,-0.00718465420126641,0.9991322718401668,11
highest-temperature-in-moscow-on-june-7-2026,Moscow,2026-06-07,degraded,microprice_minus_mid,600,all,0.09899233035534234,0.5494628555042724,-0.012045659733880982,0.9895235533949837,11
highest-temperature-in-moscow-on-june-7-2026,Moscow,2026-06-07,degraded,microprice_minus_mid,900,1-6h,0.2933567202919921,0.2326691806367903,-0.018887590926077426,0.5596361767107837,5
highest-temperature-in-moscow-on-june-7-2026,Moscow,2026-06-07,degraded,microprice_minus_mid,900,6-24h,0.1110875183511957,0.5085251607308711,-0.012354827102907773,0.9769872411785907,11
highest-temperature-in-moscow-on-june-7-2026,Moscow,2026-06-07,degraded,microprice_minus_mid,900,>24h,0.130658478787213,0.6160269006818502,-0.006731618338341636,0.9985456386294406,11
highest-temperature-in-moscow-on-june-7-2026,Moscow,2026-06-07,degraded,microprice_minus_mid,900,all,0.10267586628636421,0.5081491533730275,-0.0114421679131762,0.9844277311874183,11
highest-temperature-in-munich-on-june-9-2026,Munich,2026-06-09,clean,depth_imbalance_1,30,6-24h,0.07556296400099081,0.7293055862958603,-0.009164821027927534,0.9955951466882808,6
highest-temperature-in-munich-on-june-9-2026,Munich,2026-06-09,clean,depth_imbalance_1,30,>24h,0.09897644248768399,0.8097106054046864,-0.008330075249279327,0.9991863723242538,11
highest-temperature-in-munich-on-june-9-2026,Munich,2026-06-09,clean,depth_imbalance_1,30,all,0.09460848923488471,0.7912684574538352,-0.00782229375306809,0.9987171027811063,11
highest-temperature-in-munich-on-june-9-2026,Munich,2026-06-09,clean,depth_imbalance_1,60,6-24h,0.09340968563415837,0.6697876971864202,-0.009088241069645966,0.9935183852228451,6
highest-temperature-in-munich-on-june-9-2026,Munich,2026-06-09,clean,depth_imbalance_1,60,>24h,0.09995334048846936,0.7618506657869076,-0.008302386431457063,0.9988887582588604,11
highest-temperature-in-munich-on-june-9-2026,Munich,2026-06-09,clean,depth_imbalance_1,60,all,0.09699351783748479,0.7432947633641387,-0.007786378531033536,0.9981913981971207,11
highest-temperature-in-munich-on-june-9-2026,Munich,2026-06-09,clean,depth_imbalance_1,120,6-24h,0.12032017085450225,0.6126000800883988,-0.008944014536962001,0.9908560830754727,6
highest-temperature-in-munich-on-june-9-2026,Munich,2026-06-09,clean,depth_imbalance_1,120,>24h,0.11626900621376592,0.6988777398240492,-0.008234878720521636,0.998084402981341,11
highest-temperature-in-munich-on-june-9-2026,Munich,2026-06-09,clean,depth_imbalance_1,120,all,0.11514154482623778,0.6849302475828662,-0.0077054198135655455,0.9971894714015417,11
highest-temperature-in-munich-on-june-9-2026,Munich,2026-06-09,clean,depth_imbalance_1,300,6-24h,0.18324194795292822,0.5114510531649121,-0.007868114591026933,0.9811182035826592,6
highest-temperature-in-munich-on-june-9-2026,Munich,2026-06-09,clean,depth_imbalance_1,300,>24h,0.12330339123941618,0.5963164637349735,-0.008219112596434845,0.9967539833764808,11
highest-temperature-in-munich-on-june-9-2026,Munich,2026-06-09,clean,depth_imbalance_1,300,all,0.13208819733975052,0.5890981920368817,-0.007465941322138681,0.9945924803210139,11
highest-temperature-in-munich-on-june-9-2026,Munich,2026-06-09,clean,depth_imbalance_1,600,6-24h,0.22845343986493252,0.42157196789300827,-0.007376919534346667,0.9687933072993072,6
highest-temperature-in-munich-on-june-9-2026,Munich,2026-06-09,clean,depth_imbalance_1,600,>24h,0.14614055971095155,0.5038660676535224,-0.008043952538795482,0.9943880567786395,11
highest-temperature-in-munich-on-june-9-2026,Munich,2026-06-09,clean,depth_imbalance_1,600,all,0.15563209812200612,0.5008881128679683,-0.007246744828879418,0.991006006043916,11
highest-temperature-in-munich-on-june-9-2026,Munich,2026-06-09,clean,depth_imbalance_1,900,6-24h,0.24829360801463826,0.3599476630345438,-0.007234503885237466,0.9568643758739909,6
highest-temperature-in-munich-on-june-9-2026,Munich,2026-06-09,clean,depth_imbalance_1,900,>24h,0.15450603176784694,0.4480028950880081,-0.007849710723322254,0.9931251668031624,11
highest-temperature-in-munich-on-june-9-2026,Munich,2026-06-09,clean,depth_imbalance_1,900,all,0.16019600425661942,0.4459057405300777,-0.0071318024623172,0.9888688628160824,11
highest-temperature-in-munich-on-june-9-2026,Munich,2026-06-09,clean,microprice_minus_mid,30,6-24h,0.06818544470817921,0.7293055862958603,-0.009150106722855668,0.9955951466882808,6
highest-temperature-in-munich-on-june-9-2026,Munich,2026-06-09,clean,microprice_minus_mid,30,>24h,0.08002011191154348,0.8097106054046864,-0.008346744140548328,0.9991863723242538,11
highest-temperature-in-munich-on-june-9-2026,Munich,2026-06-09,clean,microprice_minus_mid,30,all,0.07810791716814991,0.7912684574538352,-0.007833392284042645,0.9987171027811063,11
highest-temperature-in-munich-on-june-9-2026,Munich,2026-06-09,clean,microprice_minus_mid,60,6-24h,0.08300069109348533,0.6697876971864202,-0.009072978513897616,0.9935183852228451,6
highest-temperature-in-munich-on-june-9-2026,Munich,2026-06-09,clean,microprice_minus_mid,60,>24h,0.07740052549199776,0.7618506657869076,-0.008318233715080737,0.9988887582588604,11
highest-temperature-in-munich-on-june-9-2026,Munich,2026-06-09,clean,microprice_minus_mid,60,all,0.07668928071013048,0.7432947633641387,-0.007796968188732881,0.9981913981971207,11
highest-temperature-in-munich-on-june-9-2026,Munich,2026-06-09,clean,microprice_minus_mid,120,6-24h,0.11835415540500754,0.6126000800883988,-0.008932727456066382,0.9908560830754727,6
highest-temperature-in-munich-on-june-9-2026,Munich,2026-06-09,clean,microprice_minus_mid,120,>24h,0.09197771191837506,0.6988777398240492,-0.0082506979341435,0.998084402981341,11
highest-temperature-in-munich-on-june-9-2026,Munich,2026-06-09,clean,microprice_minus_mid,120,all,0.09380969626799351,0.6849302475828662,-0.007717201576236655,0.9971894714015417,11
highest-temperature-in-munich-on-june-9-2026,Munich,2026-06-09,clean,microprice_minus_mid,300,6-24h,0.19983971960209002,0.5114510531649121,-0.007861080030045717,0.9811182035826592,6
highest-temperature-in-munich-on-june-9-2026,Munich,2026-06-09,clean,microprice_minus_mid,300,>24h,0.08367263814604052,0.5963164637349735,-0.008238094468928335,0.9967539833764808,11
highest-temperature-in-munich-on-june-9-2026,Munich,2026-06-09,clean,microprice_minus_mid,300,all,0.09849436519493261,0.5890981920368817,-0.007480843420165428,0.9945924803210139,11
highest-temperature-in-munich-on-june-9-2026,Munich,2026-06-09,clean,microprice_minus_mid,600,6-24h,0.23397595863092638,0.42157196789300827,-0.007391168280356,0.9687933072993072,6
highest-temperature-in-munich-on-june-9-2026,Munich,2026-06-09,clean,microprice_minus_mid,600,>24h,0.09612874640842174,0.5038660676535224,-0.008062571056620308,0.9943880567786395,11
highest-temperature-in-munich-on-june-9-2026,Munich,2026-06-09,clean,microprice_minus_mid,600,all,0.10919087041315692,0.5008881128679683,-0.0072642762328123,0.991006006043916,11
highest-temperature-in-munich-on-june-9-2026,Munich,2026-06-09,clean,microprice_minus_mid,900,6-24h,0.22792349602393888,0.3599476630345438,-0.0072809664543632,0.9568643758739909,6
highest-temperature-in-munich-on-june-9-2026,Munich,2026-06-09,clean,microprice_minus_mid,900,>24h,0.08920635217958826,0.4480028950880081,-0.007868523849494491,0.9931251668031624,11
highest-temperature-in-munich-on-june-9-2026,Munich,2026-06-09,clean,microprice_minus_mid,900,all,0.10013031864962642,0.4459057405300777,-0.007154376397464582,0.9888688628160824,11
highest-temperature-in-nyc-on-june-6-2026,NYC,2026-06-06,clean,depth_imbalance_1,30,1-6h,,1.0,-0.0005,0.9153298391934941,3
highest-temperature-in-nyc-on-june-6-2026,NYC,2026-06-06,clean,depth_imbalance_1,30,6-24h,0.09767074913561498,0.8196969416564606,-0.00537074161573226,0.9970421711006928,10
highest-temperature-in-nyc-on-june-6-2026,NYC,2026-06-06,clean,depth_imbalance_1,30,>24h,0.08459014255785532,0.85253655220354,-0.006548359852595619,0.9994549536442308,11
highest-temperature-in-nyc-on-june-6-2026,NYC,2026-06-06,clean,depth_imbalance_1,30,all,0.08477675852849288,0.8330299158206991,-0.005629661297250182,0.9981675780387735,11
highest-temperature-in-nyc-on-june-6-2026,NYC,2026-06-06,clean,depth_imbalance_1,60,1-6h,,1.0,-0.0005,0.8963423025379305,3
highest-temperature-in-nyc-on-june-6-2026,NYC,2026-06-06,clean,depth_imbalance_1,60,6-24h,0.11687893604771424,0.7695549302880297,-0.00531288051234565,0.9949526783415614,10
highest-temperature-in-nyc-on-june-6-2026,NYC,2026-06-06,clean,depth_imbalance_1,60,>24h,0.09126922984559448,0.8011741208677602,-0.006503845189467546,0.9988982907433013,11
highest-temperature-in-nyc-on-june-6-2026,NYC,2026-06-06,clean,depth_imbalance_1,60,all,0.09241208224094065,0.7827852834506408,-0.005582384814427046,0.996683253996391,11
highest-temperature-in-nyc-on-june-6-2026,NYC,2026-06-06,clean,depth_imbalance_1,120,1-6h,,1.0,-0.0005,0.8402592449703565,3
highest-temperature-in-nyc-on-june-6-2026,NYC,2026-06-06,clean,depth_imbalance_1,120,6-24h,0.13924299703498785,0.7053382404743396,-0.00500477576641402,0.9917378471373638,10
highest-temperature-in-nyc-on-june-6-2026,NYC,2026-06-06,clean,depth_imbalance_1,120,>24h,0.10150891928499291,0.7247992070682576,-0.006413689001254499,0.9980728919805583,11
highest-temperature-in-nyc-on-june-6-2026,NYC,2026-06-06,clean,depth_imbalance_1,120,all,0.10461284487600335,0.7134367367200899,-0.005370667116147191,0.9946607773378983,11
highest-temperature-in-nyc-on-june-6-2026,NYC,2026-06-06,clean,depth_imbalance_1,300,1-6h,,1.0,-0.0005,0.5839144388556722,3
highest-temperature-in-nyc-on-june-6-2026,NYC,2026-06-06,clean,depth_imbalance_1,300,6-24h,0.15590812771378765,0.6119812314939227,-0.00468351464865374,0.9864956288680118,10
highest-temperature-in-nyc-on-june-6-2026,NYC,2026-06-06,clean,depth_imbalance_1,300,>24h,0.09591247516240764,0.62259050194595,-0.006240714419891182,0.9950680137942538,11
highest-temperature-in-nyc-on-june-6-2026,NYC,2026-06-06,clean,depth_imbalance_1,300,all,0.09725841279773362,0.6181010137200512,-0.005124263282219118,0.9904993135237491,11
highest-temperature-in-nyc-on-june-6-2026,NYC,2026-06-06,clean,depth_imbalance_1,600,1-6h,,1.0,-0.0005,0.4823283505313358,3
highest-temperature-in-nyc-on-june-6-2026,NYC,2026-06-06,clean,depth_imbalance_1,600,6-24h,0.18859274361502973,0.539135703779395,-0.00436648151658801,0.9770034313786062,10
highest-temperature-in-nyc-on-june-6-2026,NYC,2026-06-06,clean,depth_imbalance_1,600,>24h,0.10502951124828858,0.5461730601569911,-0.006038132237961754,0.9920697684569415,11
highest-temperature-in-nyc-on-june-6-2026,NYC,2026-06-06,clean,depth_imbalance_1,600,all,0.111983506902234,0.5444324968617476,-0.004865308384225281,0.9839858149163843,11
highest-temperature-in-nyc-on-june-6-2026,NYC,2026-06-06,clean,depth_imbalance_1,900,1-6h,,1.0,-0.0005,0.35333578458452797,3
highest-temperature-in-nyc-on-june-6-2026,NYC,2026-06-06,clean,depth_imbalance_1,900,6-24h,0.19961328120483093,0.4874302943823373,-0.0043723431092353,0.9673844824626798,10
highest-temperature-in-nyc-on-june-6-2026,NYC,2026-06-06,clean,depth_imbalance_1,900,>24h,0.1292034681551183,0.48566899172128725,-0.006004072616378809,0.9911045572771332,11
highest-temperature-in-nyc-on-june-6-2026,NYC,2026-06-06,clean,depth_imbalance_1,900,all,0.13370332912481053,0.49090242928103006,-0.004852663231504682,0.9791559768589168,11
highest-temperature-in-nyc-on-june-6-2026,NYC,2026-06-06,clean,microprice_minus_mid,30,1-6h,,1.0,-0.0005,0.9153298391934941,3
highest-temperature-in-nyc-on-june-6-2026,NYC,2026-06-06,clean,microprice_minus_mid,30,6-24h,0.06364831325905088,0.8196969416564606,-0.005368491952137859,0.9970421711006928,10
highest-temperature-in-nyc-on-june-6-2026,NYC,2026-06-06,clean,microprice_minus_mid,30,>24h,0.0807851466533142,0.85253655220354,-0.006550920152285455,0.9994549536442308,11
highest-temperature-in-nyc-on-june-6-2026,NYC,2026-06-06,clean,microprice_minus_mid,30,all,0.06994302121500592,0.8330299158206991,-0.005628644483371891,0.9981675780387735,11
highest-temperature-in-nyc-on-june-6-2026,NYC,2026-06-06,clean,microprice_minus_mid,60,1-6h,,1.0,-0.0005,0.8963423025379305,3
highest-temperature-in-nyc-on-june-6-2026,NYC,2026-06-06,clean,microprice_minus_mid,60,6-24h,0.06684137481873753,0.7695549302880297,-0.00531314150930076,0.9949526783415614,10
highest-temperature-in-nyc-on-june-6-2026,NYC,2026-06-06,clean,microprice_minus_mid,60,>24h,0.08897062952244997,0.8011741208677602,-0.00650598424618489,0.9988982907433013,11
highest-temperature-in-nyc-on-june-6-2026,NYC,2026-06-06,clean,microprice_minus_mid,60,all,0.07516267481887198,0.7827852834506408,-0.005582786280574464,0.996683253996391,11
highest-temperature-in-nyc-on-june-6-2026,NYC,2026-06-06,clean,microprice_minus_mid,120,1-6h,,1.0,-0.0005,0.8402592449703565,3
highest-temperature-in-nyc-on-june-6-2026,NYC,2026-06-06,clean,microprice_minus_mid,120,6-24h,0.07195022933917623,0.7053382404743396,-0.00501254928139222,0.9917378471373638,10
highest-temperature-in-nyc-on-june-6-2026,NYC,2026-06-06,clean,microprice_minus_mid,120,>24h,0.09400643081964058,0.7247992070682576,-0.006416096366071119,0.9980728919805583,11
highest-temperature-in-nyc-on-june-6-2026,NYC,2026-06-06,clean,microprice_minus_mid,120,all,0.0796303079406885,0.7134367367200899,-0.005375606927506781,0.9946607773378983,11
highest-temperature-in-nyc-on-june-6-2026,NYC,2026-06-06,clean,microprice_minus_mid,300,1-6h,,1.0,-0.0005,0.5839144388556722,3
highest-temperature-in-nyc-on-june-6-2026,NYC,2026-06-06,clean,microprice_minus_mid,300,6-24h,0.07486303399114413,0.6119812314939227,-0.00469475395662531,0.9864956288680118,10
highest-temperature-in-nyc-on-june-6-2026,NYC,2026-06-06,clean,microprice_minus_mid,300,>24h,0.08249845633081426,0.62259050194595,-0.006241976446619665,0.9950680137942538,11
highest-temperature-in-nyc-on-june-6-2026,NYC,2026-06-06,clean,microprice_minus_mid,300,all,0.06655960190448224,0.6181010137200512,-0.005131055644146954,0.9904993135237491,11
highest-temperature-in-nyc-on-june-6-2026,NYC,2026-06-06,clean,microprice_minus_mid,600,1-6h,,1.0,-0.0005,0.4823283505313358,3
highest-temperature-in-nyc-on-june-6-2026,NYC,2026-06-06,clean,microprice_minus_mid,600,6-24h,0.09941191636477978,0.539135703779395,-0.00442452771223642,0.9770034313786062,10
highest-temperature-in-nyc-on-june-6-2026,NYC,2026-06-06,clean,microprice_minus_mid,600,>24h,0.06977380650787536,0.5461730601569911,-0.006041213199921927,0.9920697684569415,11
highest-temperature-in-nyc-on-june-6-2026,NYC,2026-06-06,clean,microprice_minus_mid,600,all,0.06475126982059881,0.5444324968617476,-0.0049013317648254,0.9839858149163843,11
highest-temperature-in-nyc-on-june-6-2026,NYC,2026-06-06,clean,microprice_minus_mid,900,1-6h,,1.0,-0.0005,0.35333578458452797,3
highest-temperature-in-nyc-on-june-6-2026,NYC,2026-06-06,clean,microprice_minus_mid,900,6-24h,0.1034093793219922,0.4874302943823373,-0.00443391197510303,0.9673844824626798,10
highest-temperature-in-nyc-on-june-6-2026,NYC,2026-06-06,clean,microprice_minus_mid,900,>24h,0.08135918050104708,0.48566899172128725,-0.006011128699670273,0.9911045572771332,11
highest-temperature-in-nyc-on-june-6-2026,NYC,2026-06-06,clean,microprice_minus_mid,900,all,0.07268517257955853,0.49090242928103006,-0.004892134902570373,0.9791559768589168,11
highest-temperature-in-paris-on-june-10-2026,Paris,2026-06-10,clean,depth_imbalance_1,30,1-6h,-0.33524524556637525,0.8913343861034346,-0.00093977003553095,0.950392226778392,2
highest-temperature-in-paris-on-june-10-2026,Paris,2026-06-10,clean,depth_imbalance_1,30,6-24h,0.09346177301377365,0.7271475229097626,-0.0065647745152061995,0.9893328355441208,9
highest-temperature-in-paris-on-june-10-2026,Paris,2026-06-10,clean,depth_imbalance_1,30,>24h,0.06559118235447498,0.921451918903612,-0.005302376683099263,0.9994391384745057,11
highest-temperature-in-paris-on-june-10-2026,Paris,2026-06-10,clean,depth_imbalance_1,30,all,0.07031333443169373,0.844409152803933,-0.005621742787400518,0.9978540497581619,11
highest-temperature-in-paris-on-june-10-2026,Paris,2026-06-10,clean,depth_imbalance_1,60,1-6h,-0.4073680255582192,0.8096624555862614,-0.0009537603632056,0.950392226778392,2
highest-temperature-in-paris-on-june-10-2026,Paris,2026-06-10,clean,depth_imbalance_1,60,6-24h,0.09003545352882295,0.6859312985886431,-0.006305850398903589,0.9782717939209087,9
highest-temperature-in-paris-on-june-10-2026,Paris,2026-06-10,clean,depth_imbalance_1,60,>24h,0.07276652629101958,0.8956551564318557,-0.005256233184472264,0.9993683309850202,11
highest-temperature-in-paris-on-june-10-2026,Paris,2026-06-10,clean,depth_imbalance_1,60,all,0.07202629160525059,0.8138118570117224,-0.005494375359167554,0.99684695014885,11
highest-temperature-in-paris-on-june-10-2026,Paris,2026-06-10,clean,depth_imbalance_1,120,1-6h,-0.23493557293668277,0.8061633281972265,-0.00068278120184895,0.7635942235692637,2
highest-temperature-in-paris-on-june-10-2026,Paris,2026-06-10,clean,depth_imbalance_1,120,6-24h,0.09843460494991915,0.6376270832107171,-0.005917300508025044,0.9642819353235778,9
highest-temperature-in-paris-on-june-10-2026,Paris,2026-06-10,clean,depth_imbalance_1,120,>24h,0.08644333475009162,0.8546317632411675,-0.005189796842378945,0.9991372741423874,11
highest-temperature-in-paris-on-june-10-2026,Paris,2026-06-10,clean,depth_imbalance_1,120,all,0.08529613299867746,0.7725025870754078,-0.005311167283123964,0.9940945370677273,11
highest-temperature-in-paris-on-june-10-2026,Paris,2026-06-10,clean,depth_imbalance_1,300,1-6h,-0.2419393447531585,0.6967032967032967,-0.00070089910089905,0.6752986272062755,2
highest-temperature-in-paris-on-june-10-2026,Paris,2026-06-10,clean,depth_imbalance_1,300,6-24h,0.12548032451687102,0.5663614897324503,-0.005215418337277778,0.9279133393297305,9
highest-temperature-in-paris-on-june-10-2026,Paris,2026-06-10,clean,depth_imbalance_1,300,>24h,0.10466939988541978,0.7822545391159199,-0.005033969405480073,0.9980822954433517,11
highest-temperature-in-paris-on-june-10-2026,Paris,2026-06-10,clean,depth_imbalance_1,300,all,0.11046975710831647,0.705688717564263,-0.004960805060524991,0.9881844131415044,11
highest-temperature-in-paris-on-june-10-2026,Paris,2026-06-10,clean,depth_imbalance_1,600,1-6h,-0.1960843231007448,0.6729323308270676,-0.00052400888585095,0.5112765198787662,2
highest-temperature-in-paris-on-june-10-2026,Paris,2026-06-10,clean,depth_imbalance_1,600,6-24h,0.13183984157724662,0.4915225091734443,-0.004309759664944589,0.8801565501708187,9
highest-temperature-in-paris-on-june-10-2026,Paris,2026-06-10,clean,depth_imbalance_1,600,>24h,0.1064795481958806,0.7028823339233828,-0.004813365068758709,0.9971200136404899,11
highest-temperature-in-paris-on-june-10-2026,Paris,2026-06-10,clean,depth_imbalance_1,600,all,0.10761711046598893,0.6348090582416335,-0.004486786558373755,0.9835425527490759,11
highest-temperature-in-paris-on-june-10-2026,Paris,2026-06-10,clean,depth_imbalance_1,900,1-6h,-0.544315237257413,0.587962962962963,-0.0007199074074073499,0.42440720270993043,2
highest-temperature-in-paris-on-june-10-2026,Paris,2026-06-10,clean,depth_imbalance_1,900,6-24h,0.14615648431499453,0.37490100178586405,-0.004703306713896888,0.8363687340385693,9
highest-temperature-in-paris-on-june-10-2026,Paris,2026-06-10,clean,depth_imbalance_1,900,>24h,0.10714068302088565,0.6428199463174266,-0.0047220218551525086,0.9960011853731896,11
highest-temperature-in-paris-on-june-10-2026,Paris,2026-06-10,clean,depth_imbalance_1,900,all,0.10834584416251308,0.5835550486986921,-0.004413644479675018,0.9785075041007741,11
highest-temperature-in-paris-on-june-10-2026,Paris,2026-06-10,clean,microprice_minus_mid,30,1-6h,-0.3416205418262024,0.8913343861034346,-0.00093977003553095,0.950392226778392,2
highest-temperature-in-paris-on-june-10-2026,Paris,2026-06-10,clean,microprice_minus_mid,30,6-24h,0.0727610708444985,0.7271475229097626,-0.006581936735619001,0.9893328355441208,9
highest-temperature-in-paris-on-june-10-2026,Paris,2026-06-10,clean,microprice_minus_mid,30,>24h,0.06331315990036795,0.921451918903612,-0.0053060221570903005,0.9994391384745057,11
highest-temperature-in-paris-on-june-10-2026,Paris,2026-06-10,clean,microprice_minus_mid,30,all,0.06446204710700579,0.844409152803933,-0.0056319711910964,0.9978540497581619,11
highest-temperature-in-paris-on-june-10-2026,Paris,2026-06-10,clean,microprice_minus_mid,60,1-6h,-0.36784875973852726,0.8096624555862614,-0.0009537603632056,0.950392226778392,2
highest-temperature-in-paris-on-june-10-2026,Paris,2026-06-10,clean,microprice_minus_mid,60,6-24h,0.06678670594528938,0.6859312985886431,-0.006320433731756856,0.9782717939209087,9
highest-temperature-in-paris-on-june-10-2026,Paris,2026-06-10,clean,microprice_minus_mid,60,>24h,0.06476760843304018,0.8956551564318557,-0.005260021484975137,0.9993683309850202,11
highest-temperature-in-paris-on-june-10-2026,Paris,2026-06-10,clean,microprice_minus_mid,60,all,0.06125570685588229,0.8138118570117224,-0.005503435543587327,0.99684695014885,11
highest-temperature-in-paris-on-june-10-2026,Paris,2026-06-10,clean,microprice_minus_mid,120,1-6h,-0.10185542606675606,0.8061633281972265,-0.00068278120184895,0.7635942235692637,2
highest-temperature-in-paris-on-june-10-2026,Paris,2026-06-10,clean,microprice_minus_mid,120,6-24h,0.06331811910251059,0.6376270832107171,-0.005926758106150055,0.9642819353235778,9
highest-temperature-in-paris-on-june-10-2026,Paris,2026-06-10,clean,microprice_minus_mid,120,>24h,0.07255852626201564,0.8546317632411675,-0.005193445375859481,0.9991372741423874,11
highest-temperature-in-paris-on-june-10-2026,Paris,2026-06-10,clean,microprice_minus_mid,120,all,0.06770037078673946,0.7725025870754078,-0.005318053134631128,0.9940945370677273,11
highest-temperature-in-paris-on-june-10-2026,Paris,2026-06-10,clean,microprice_minus_mid,300,1-6h,-0.1101181834781615,0.6967032967032967,-0.00070089910089905,0.6752986272062755,2
highest-temperature-in-paris-on-june-10-2026,Paris,2026-06-10,clean,microprice_minus_mid,300,6-24h,0.06752714738427133,0.5663614897324503,-0.005231825414187933,0.9279133393297305,9
highest-temperature-in-paris-on-june-10-2026,Paris,2026-06-10,clean,microprice_minus_mid,300,>24h,0.08427398891280385,0.7822545391159199,-0.005037254259226328,0.9980822954433517,11
highest-temperature-in-paris-on-june-10-2026,Paris,2026-06-10,clean,microprice_minus_mid,300,all,0.08399216614977789,0.705688717564263,-0.004970137485319628,0.9881844131415044,11
highest-temperature-in-paris-on-june-10-2026,Paris,2026-06-10,clean,microprice_minus_mid,600,1-6h,-0.0586714799518802,0.6729323308270676,-0.00052400888585095,0.5112765198787662,2
highest-temperature-in-paris-on-june-10-2026,Paris,2026-06-10,clean,microprice_minus_mid,600,6-24h,0.035960358447622444,0.4915225091734443,-0.004316377436178122,0.8801565501708187,9
highest-temperature-in-paris-on-june-10-2026,Paris,2026-06-10,clean,microprice_minus_mid,600,>24h,0.07826094380165463,0.7028823339233828,-0.004816484230923491,0.9971200136404899,11
highest-temperature-in-paris-on-june-10-2026,Paris,2026-06-10,clean,microprice_minus_mid,600,all,0.06869342915131262,0.6348090582416335,-0.004491715265599109,0.9835425527490759,11
highest-temperature-in-paris-on-june-10-2026,Paris,2026-06-10,clean,microprice_minus_mid,900,1-6h,-0.31217917025248254,0.587962962962963,-0.0007199074074073499,0.42440720270993043,2
highest-temperature-in-paris-on-june-10-2026,Paris,2026-06-10,clean,microprice_minus_mid,900,6-24h,0.028913182000648484,0.37490100178586405,-0.004722592457455375,0.8363687340385693,9
highest-temperature-in-paris-on-june-10-2026,Paris,2026-06-10,clean,microprice_minus_mid,900,>24h,0.07604425910050087,0.6428199463174266,-0.004727375551024354,0.9960011853731896,11
highest-temperature-in-paris-on-june-10-2026,Paris,2026-06-10,clean,microprice_minus_mid,900,all,0.06554745596991106,0.5835550486986921,-0.0044239132347808725,0.9785075041007741,11
highest-temperature-in-qingdao-on-june-9-2026,Qingdao,2026-06-09,clean,depth_imbalance_1,30,6-24h,0.11340807994094831,0.761006722239317,-0.018015061667772964,0.9961615345622598,11
highest-temperature-in-qingdao-on-june-9-2026,Qingdao,2026-06-09,clean,depth_imbalance_1,30,>24h,0.03322293780971231,0.8085415951930987,-0.010966277879725463,0.9994622414554215,11
highest-temperature-in-qingdao-on-june-9-2026,Qingdao,2026-06-09,clean,depth_imbalance_1,30,all,0.055663901075606356,0.7787097753872433,-0.01449382434755882,0.9983497020950487,11
highest-temperature-in-qingdao-on-june-9-2026,Qingdao,2026-06-09,clean,depth_imbalance_1,60,6-24h,0.11199960913132105,0.7264183439206507,-0.017737971448868416,0.994227145367175,11
highest-temperature-in-qingdao-on-june-9-2026,Qingdao,2026-06-09,clean,depth_imbalance_1,60,>24h,0.04586957785602141,0.7733600741194858,-0.010943334541680718,0.9994084379704262,11
highest-temperature-in-qingdao-on-june-9-2026,Qingdao,2026-06-09,clean,depth_imbalance_1,60,all,0.06996035098418171,0.7426975561937716,-0.0143502544844123,0.9975916779508739,11
highest-temperature-in-qingdao-on-june-9-2026,Qingdao,2026-06-09,clean,depth_imbalance_1,120,6-24h,0.12672835991063472,0.685950822021737,-0.016848171301616137,0.9896982323743125,11
highest-temperature-in-qingdao-on-june-9-2026,Qingdao,2026-06-09,clean,depth_imbalance_1,120,>24h,0.0543342087305468,0.7475428805408456,-0.010882512104439263,0.9994615816926932,11
highest-temperature-in-qingdao-on-june-9-2026,Qingdao,2026-06-09,clean,depth_imbalance_1,120,all,0.08007437910674738,0.713112082354357,-0.013891192599634063,0.9958840687315939,11
highest-temperature-in-qingdao-on-june-9-2026,Qingdao,2026-06-09,clean,depth_imbalance_1,300,6-24h,0.12742874956600522,0.62740223092758,-0.017538488649100282,0.9808077912189809,11
highest-temperature-in-qingdao-on-june-9-2026,Qingdao,2026-06-09,clean,depth_imbalance_1,300,>24h,0.05216553709663816,0.6979565970445499,-0.010854183582521718,0.9993270984371555,11
highest-temperature-in-qingdao-on-june-9-2026,Qingdao,2026-06-09,clean,depth_imbalance_1,300,all,0.06834508162927799,0.6618077191613865,-0.014160118117693809,0.9930951740037469,11
highest-temperature-in-qingdao-on-june-9-2026,Qingdao,2026-06-09,clean,depth_imbalance_1,600,6-24h,0.12134979920953712,0.5945749560950021,-0.01681354825827317,0.9619126284111513,11
highest-temperature-in-qingdao-on-june-9-2026,Qingdao,2026-06-09,clean,depth_imbalance_1,600,>24h,0.050110528231312935,0.6423020116235824,-0.010749592491503436,0.9990977629207354,11
highest-temperature-in-qingdao-on-june-9-2026,Qingdao,2026-06-09,clean,depth_imbalance_1,600,all,0.06250838253378443,0.6149500355274733,-0.013718451342039665,0.9872268648822863,11
highest-temperature-in-qingdao-on-june-9-2026,Qingdao,2026-06-09,clean,depth_imbalance_1,900,6-24h,0.11301258756896448,0.5761860392069227,-0.0185137717944671,0.9466903279164367,11
highest-temperature-in-qingdao-on-june-9-2026,Qingdao,2026-06-09,clean,depth_imbalance_1,900,>24h,0.05809481597123228,0.6058614066072682,-0.010741966620528773,0.9986626942848033,11
highest-temperature-in-qingdao-on-june-9-2026,Qingdao,2026-06-09,clean,depth_imbalance_1,900,all,0.06808553554792511,0.5858512271699406,-0.014441985117402993,0.9823453301645351,11
highest-temperature-in-qingdao-on-june-9-2026,Qingdao,2026-06-09,clean,microprice_minus_mid,30,6-24h,0.08260992012832852,0.761006722239317,-0.017893457292562646,0.9961615345622598,11
highest-temperature-in-qingdao-on-june-9-2026,Qingdao,2026-06-09,clean,microprice_minus_mid,30,>24h,-0.0293820378871917,0.8085415951930987,-0.010983781019634835,0.9994622414554215,11
highest-temperature-in-qingdao-on-june-9-2026,Qingdao,2026-06-09,clean,microprice_minus_mid,30,all,-0.0009246731203847919,0.7787097753872433,-0.014476136927288198,0.9983497020950487,11
highest-temperature-in-qingdao-on-june-9-2026,Qingdao,2026-06-09,clean,microprice_minus_mid,60,6-24h,0.08088650409866932,0.7264183439206507,-0.017596104921190344,0.994227145367175,11
highest-temperature-in-qingdao-on-june-9-2026,Qingdao,2026-06-09,clean,microprice_minus_mid,60,>24h,-0.0050120177028076494,0.7733600741194858,-0.010961504087120745,0.9994084379704262,11
highest-temperature-in-qingdao-on-june-9-2026,Qingdao,2026-06-09,clean,microprice_minus_mid,60,all,0.02151917344170293,0.7426975561937716,-0.01432205269769069,0.9975916779508739,11
highest-temperature-in-qingdao-on-june-9-2026,Qingdao,2026-06-09,clean,microprice_minus_mid,120,6-24h,0.08476058299074303,0.685950822021737,-0.016772505154922318,0.9896982323743125,11
highest-temperature-in-qingdao-on-june-9-2026,Qingdao,2026-06-09,clean,microprice_minus_mid,120,>24h,0.0019445282131517589,0.7475428805408456,-0.010899030519101727,0.9994615816926932,11
highest-temperature-in-qingdao-on-june-9-2026,Qingdao,2026-06-09,clean,microprice_minus_mid,120,all,0.03014791153615553,0.713112082354357,-0.013889442380968182,0.9958840687315939,11
highest-temperature-in-qingdao-on-june-9-2026,Qingdao,2026-06-09,clean,microprice_minus_mid,300,6-24h,0.06730926118370871,0.62740223092758,-0.017433746969952427,0.9808077912189809,11
highest-temperature-in-qingdao-on-june-9-2026,Qingdao,2026-06-09,clean,microprice_minus_mid,300,>24h,0.00543723214982796,0.6979565970445499,-0.010873206856422074,0.9993270984371555,11
highest-temperature-in-qingdao-on-june-9-2026,Qingdao,2026-06-09,clean,microprice_minus_mid,300,all,0.02256813312596844,0.6618077191613865,-0.014146127144124644,0.9930951740037469,11
highest-temperature-in-qingdao-on-june-9-2026,Qingdao,2026-06-09,clean,microprice_minus_mid,600,6-24h,0.04928868723652342,0.5945749560950021,-0.016753498473089965,0.9619126284111513,11
highest-temperature-in-qingdao-on-june-9-2026,Qingdao,2026-06-09,clean,microprice_minus_mid,600,>24h,-0.00610600900931273,0.6423020116235824,-0.010769980013042154,0.9990977629207354,11
highest-temperature-in-qingdao-on-june-9-2026,Qingdao,2026-06-09,clean,microprice_minus_mid,600,all,0.01297996731670171,0.6149500355274733,-0.013724426283368736,0.9872268648822863,11
highest-temperature-in-qingdao-on-june-9-2026,Qingdao,2026-06-09,clean,microprice_minus_mid,900,6-24h,0.01762689542260843,0.5761860392069227,-0.018488268835329193,0.9466903279164367,11
highest-temperature-in-qingdao-on-june-9-2026,Qingdao,2026-06-09,clean,microprice_minus_mid,900,>24h,-0.006179498280584601,0.6058614066072682,-0.010762387174106337,0.9986626942848033,11
highest-temperature-in-qingdao-on-june-9-2026,Qingdao,2026-06-09,clean,microprice_minus_mid,900,all,0.00480114930295288,0.5858512271699406,-0.014467800682960101,0.9823453301645351,11
highest-temperature-in-san-francisco-on-june-7-2026,San Francisco,2026-06-07,clean,depth_imbalance_1,30,6-24h,0.06661497464486055,0.6901368270207515,-0.022311259199472577,0.9980731602542305,9
highest-temperature-in-san-francisco-on-june-7-2026,San Francisco,2026-06-07,clean,depth_imbalance_1,30,>24h,0.08264834034655712,0.8363199266757881,-0.008775181461090763,0.9997371345361885,11
highest-temperature-in-san-francisco-on-june-7-2026,San Francisco,2026-06-07,clean,depth_imbalance_1,30,all,0.08245879953883067,0.7809525585142552,-0.013703496409864574,0.9989901673036043,11
highest-temperature-in-san-francisco-on-june-7-2026,San Francisco,2026-06-07,clean,depth_imbalance_1,60,6-24h,0.07715447300056016,0.6448142160859152,-0.022107458465358457,0.997083124281239,9
highest-temperature-in-san-francisco-on-june-7-2026,San Francisco,2026-06-07,clean,depth_imbalance_1,60,>24h,0.07773837894747855,0.7911178112402882,-0.008688138194501227,0.9995878264449566,11
highest-temperature-in-san-francisco-on-june-7-2026,San Francisco,2026-06-07,clean,depth_imbalance_1,60,all,0.0768034406252295,0.7359723679859957,-0.013563980944190408,0.9984644842571554,11
highest-temperature-in-san-francisco-on-june-7-2026,San Francisco,2026-06-07,clean,depth_imbalance_1,120,6-24h,0.08077824075870138,0.587713945441845,-0.021637154436040733,0.9958899751172766,9
highest-temperature-in-san-francisco-on-june-7-2026,San Francisco,2026-06-07,clean,depth_imbalance_1,120,>24h,0.08376213824340088,0.737433262660382,-0.008583037741845899,0.9991431681762443,11
highest-temperature-in-san-francisco-on-june-7-2026,San Francisco,2026-06-07,clean,depth_imbalance_1,120,all,0.07725970525212605,0.6834436340524506,-0.013298699200407826,0.9976151451664026,11
highest-temperature-in-san-francisco-on-june-7-2026,San Francisco,2026-06-07,clean,depth_imbalance_1,300,6-24h,0.10477307211745862,0.5315550328379762,-0.021322820115094065,0.9941494434279421,9
highest-temperature-in-san-francisco-on-june-7-2026,San Francisco,2026-06-07,clean,depth_imbalance_1,300,>24h,0.08416167688517748,0.656570519659018,-0.008390306897562991,0.9984762125246047,11
highest-temperature-in-san-francisco-on-june-7-2026,San Francisco,2026-06-07,clean,depth_imbalance_1,300,all,0.07712189804048603,0.6142646364866458,-0.01307895340701079,0.9966259507194972,11
highest-temperature-in-san-francisco-on-june-7-2026,San Francisco,2026-06-07,clean,depth_imbalance_1,600,6-24h,0.12813442447682466,0.48467934908555477,-0.019819779164614068,0.9879534005198304,9
highest-temperature-in-san-francisco-on-june-7-2026,San Francisco,2026-06-07,clean,depth_imbalance_1,600,>24h,0.09974937669579012,0.5692662540181286,-0.00802437348044911,0.9981306378023086,11
highest-temperature-in-san-francisco-on-june-7-2026,San Francisco,2026-06-07,clean,depth_imbalance_1,600,all,0.09055698569628488,0.5409281259762913,-0.012159736684445565,0.9940840676543523,11
highest-temperature-in-san-francisco-on-june-7-2026,San Francisco,2026-06-07,clean,depth_imbalance_1,900,6-24h,0.12132565618762486,0.4570878409821613,-0.02004461389151614,0.9844228993173653,9
highest-temperature-in-san-francisco-on-june-7-2026,San Francisco,2026-06-07,clean,depth_imbalance_1,900,>24h,0.12693167728601232,0.5283910793149177,-0.007860326183019064,0.9974272790048707,11
highest-temperature-in-san-francisco-on-june-7-2026,San Francisco,2026-06-07,clean,depth_imbalance_1,900,all,0.10391629227669208,0.5058437318744639,-0.012135627435724428,0.9924073616263837,11
highest-temperature-in-san-francisco-on-june-7-2026,San Francisco,2026-06-07,clean,microprice_minus_mid,30,6-24h,0.044170411978321875,0.6901368270207515,-0.022303774227932713,0.9980731602542305,9
highest-temperature-in-san-francisco-on-june-7-2026,San Francisco,2026-06-07,clean,microprice_minus_mid,30,>24h,0.08514980275627503,0.8363199266757881,-0.008781599929269981,0.9997371345361885,11
highest-temperature-in-san-francisco-on-june-7-2026,San Francisco,2026-06-07,clean,microprice_minus_mid,30,all,0.07182014292563185,0.7809525585142552,-0.013709491887002346,0.9989901673036043,11
highest-temperature-in-san-francisco-on-june-7-2026,San Francisco,2026-06-07,clean,microprice_minus_mid,60,6-24h,0.05955482998367526,0.6448142160859152,-0.022096952516080168,0.997083124281239,9
highest-temperature-in-san-francisco-on-june-7-2026,San Francisco,2026-06-07,clean,microprice_minus_mid,60,>24h,0.07892572770584061,0.7911178112402882,-0.008694503175149809,0.9995878264449566,11
highest-temperature-in-san-francisco-on-june-7-2026,San Francisco,2026-06-07,clean,microprice_minus_mid,60,all,0.06621891904857388,0.7359723679859957,-0.01356856312963569,0.9984644842571554,11
highest-temperature-in-san-francisco-on-june-7-2026,San Francisco,2026-06-07,clean,microprice_minus_mid,120,6-24h,0.0666247909316187,0.587713945441845,-0.02162900855478629,0.9958899751172766,9
highest-temperature-in-san-francisco-on-june-7-2026,San Francisco,2026-06-07,clean,microprice_minus_mid,120,>24h,0.08677019521934061,0.737433262660382,-0.008589559976081447,0.9991431681762443,11
highest-temperature-in-san-francisco-on-june-7-2026,San Francisco,2026-06-07,clean,microprice_minus_mid,120,all,0.06736677371485328,0.6834436340524506,-0.013304532457137336,0.9976151451664026,11
highest-temperature-in-san-francisco-on-june-7-2026,San Francisco,2026-06-07,clean,microprice_minus_mid,300,6-24h,0.09430073804288916,0.5315550328379762,-0.02131601194742259,0.9941494434279421,9
highest-temperature-in-san-francisco-on-june-7-2026,San Francisco,2026-06-07,clean,microprice_minus_mid,300,>24h,0.08283644974149386,0.656570519659018,-0.008396923664344226,0.9984762125246047,11
highest-temperature-in-san-francisco-on-june-7-2026,San Francisco,2026-06-07,clean,microprice_minus_mid,300,all,0.07044457803688088,0.6142646364866458,-0.013085452847048611,0.9966259507194972,11
highest-temperature-in-san-francisco-on-june-7-2026,San Francisco,2026-06-07,clean,microprice_minus_mid,600,6-24h,0.11195497669091758,0.48467934908555477,-0.019821199800760646,0.9879534005198304,9
highest-temperature-in-san-francisco-on-june-7-2026,San Francisco,2026-06-07,clean,microprice_minus_mid,600,>24h,0.09521578112488252,0.5692662540181286,-0.008031403097411582,0.9981306378023086,11
highest-temperature-in-san-francisco-on-june-7-2026,San Francisco,2026-06-07,clean,microprice_minus_mid,600,all,0.0778037331083123,0.5409281259762913,-0.012169800276853137,0.9940840676543523,11
highest-temperature-in-san-francisco-on-june-7-2026,San Francisco,2026-06-07,clean,microprice_minus_mid,900,6-24h,0.10084870913064682,0.4570878409821613,-0.020027144305872976,0.9844228993173653,9
highest-temperature-in-san-francisco-on-june-7-2026,San Francisco,2026-06-07,clean,microprice_minus_mid,900,>24h,0.09875722504623172,0.5283910793149177,-0.007870389994707837,0.9974272790048707,11
highest-temperature-in-san-francisco-on-june-7-2026,San Francisco,2026-06-07,clean,microprice_minus_mid,900,all,0.07698850557046356,0.5058437318744639,-0.012139774898393456,0.9924073616263837,11
highest-temperature-in-seattle-on-june-6-2026,Seattle,2026-06-06,clean,depth_imbalance_1,30,6-24h,0.08016436425730022,0.7520539693836134,-0.012133037321588045,0.9978543505011076,11
highest-temperature-in-seattle-on-june-6-2026,Seattle,2026-06-06,clean,depth_imbalance_1,30,>24h,0.07723477601445063,0.8076468287978721,-0.007574031227377264,0.999632412905103,11
highest-temperature-in-seattle-on-june-6-2026,Seattle,2026-06-06,clean,depth_imbalance_1,30,all,0.08699992814940934,0.7653150834595926,-0.010979465627270837,0.9985809794431799,11
highest-temperature-in-seattle-on-june-6-2026,Seattle,2026-06-06,clean,depth_imbalance_1,60,6-24h,0.08658257213677824,0.6921837494717873,-0.01234103797814239,0.9965998402732619,11
highest-temperature-in-seattle-on-june-6-2026,Seattle,2026-06-06,clean,depth_imbalance_1,60,>24h,0.08875772547160642,0.7573708906443127,-0.007485611599797682,0.999227588182677,11
highest-temperature-in-seattle-on-june-6-2026,Seattle,2026-06-06,clean,depth_imbalance_1,60,all,0.09396037329756159,0.7085145381417873,-0.011103709467187983,0.997729700026887,11
highest-temperature-in-seattle-on-june-6-2026,Seattle,2026-06-06,clean,depth_imbalance_1,120,6-24h,0.0939752575871867,0.6207516068011084,-0.012615185900320935,0.9929174115917155,11
highest-temperature-in-seattle-on-june-6-2026,Seattle,2026-06-06,clean,depth_imbalance_1,120,>24h,0.10702413294085628,0.6921882107877746,-0.007372060005727699,0.9992095588571259,11
highest-temperature-in-seattle-on-june-6-2026,Seattle,2026-06-06,clean,depth_imbalance_1,120,all,0.10186358186092609,0.6406518312754452,-0.011244360813627908,0.9953239493251406,11
highest-temperature-in-seattle-on-june-6-2026,Seattle,2026-06-06,clean,depth_imbalance_1,300,6-24h,0.1037314968650913,0.5192360246110379,-0.013042639649010618,0.985525472941832,11
highest-temperature-in-seattle-on-june-6-2026,Seattle,2026-06-06,clean,depth_imbalance_1,300,>24h,0.1278034763839694,0.596283065723473,-0.0071202074429006,0.999440486888361,11
highest-temperature-in-seattle-on-june-6-2026,Seattle,2026-06-06,clean,depth_imbalance_1,300,all,0.11574956953666696,0.54200696707668,-0.011474474886726064,0.9912797842466475,11
highest-temperature-in-seattle-on-june-6-2026,Seattle,2026-06-06,clean,depth_imbalance_1,600,6-24h,0.1163808972783031,0.4319020248110904,-0.012271154957125073,0.982627656058607,11
highest-temperature-in-seattle-on-june-6-2026,Seattle,2026-06-06,clean,depth_imbalance_1,600,>24h,0.1457235771410753,0.5131386683304071,-0.006910447100943318,0.9992304010970194,11
highest-temperature-in-seattle-on-june-6-2026,Seattle,2026-06-06,clean,depth_imbalance_1,600,all,0.12641356462410874,0.45528850847946406,-0.0108440041100553,0.9903748338570915,11
highest-temperature-in-seattle-on-june-6-2026,Seattle,2026-06-06,clean,depth_imbalance_1,900,6-24h,0.1192900259312382,0.36571668879188957,-0.011207983968190963,0.9735263460467434,11
highest-temperature-in-seattle-on-june-6-2026,Seattle,2026-06-06,clean,depth_imbalance_1,900,>24h,0.16336862194419163,0.4620951450087,-0.00671485073426421,0.9990304465590246,11
highest-temperature-in-seattle-on-june-6-2026,Seattle,2026-06-06,clean,depth_imbalance_1,900,all,0.13604537437787198,0.39565551564443024,-0.010005595329727536,0.985069481342848,11
highest-temperature-in-seattle-on-june-6-2026,Seattle,2026-06-06,clean,microprice_minus_mid,30,6-24h,0.06723970132599394,0.7520539693836134,-0.01213807493689259,0.9978543505011076,11
highest-temperature-in-seattle-on-june-6-2026,Seattle,2026-06-06,clean,microprice_minus_mid,30,>24h,0.0664394623072922,0.8076468287978721,-0.0075885306236035096,0.999632412905103,11
highest-temperature-in-seattle-on-june-6-2026,Seattle,2026-06-06,clean,microprice_minus_mid,30,all,0.07746566719969263,0.7653150834595926,-0.010983882189571054,0.9985809794431799,11
highest-temperature-in-seattle-on-june-6-2026,Seattle,2026-06-06,clean,microprice_minus_mid,60,6-24h,0.06942478488346497,0.6921837494717873,-0.012346222565119008,0.9965998402732619,11
highest-temperature-in-seattle-on-june-6-2026,Seattle,2026-06-06,clean,microprice_minus_mid,60,>24h,0.07557197325835378,0.7573708906443127,-0.007500418872257763,0.999227588182677,11
highest-temperature-in-seattle-on-june-6-2026,Seattle,2026-06-06,clean,microprice_minus_mid,60,all,0.07866951860184886,0.7085145381417873,-0.011108014444179626,0.997729700026887,11
highest-temperature-in-seattle-on-june-6-2026,Seattle,2026-06-06,clean,microprice_minus_mid,120,6-24h,0.06342191988659236,0.6207516068011084,-0.01261748693069969,0.9929174115917155,11
highest-temperature-in-seattle-on-june-6-2026,Seattle,2026-06-06,clean,microprice_minus_mid,120,>24h,0.08698581612566515,0.6921882107877746,-0.007387705888957873,0.9992095588571259,11
highest-temperature-in-seattle-on-june-6-2026,Seattle,2026-06-06,clean,microprice_minus_mid,120,all,0.07450745865471514,0.6406518312754452,-0.011246424194160764,0.9953239493251406,11
highest-temperature-in-seattle-on-june-6-2026,Seattle,2026-06-06,clean,microprice_minus_mid,300,6-24h,0.07045959036154416,0.5192360246110379,-0.013043026583203955,0.985525472941832,11
highest-temperature-in-seattle-on-june-6-2026,Seattle,2026-06-06,clean,microprice_minus_mid,300,>24h,0.084066699842003,0.596283065723473,-0.007135752763629746,0.999440486888361,11
highest-temperature-in-seattle-on-june-6-2026,Seattle,2026-06-06,clean,microprice_minus_mid,300,all,0.07832482186764149,0.54200696707668,-0.011474584427933782,0.9912797842466475,11
highest-temperature-in-seattle-on-june-6-2026,Seattle,2026-06-06,clean,microprice_minus_mid,600,6-24h,0.08407331480593662,0.4319020248110904,-0.012265409269546008,0.982627656058607,11
highest-temperature-in-seattle-on-june-6-2026,Seattle,2026-06-06,clean,microprice_minus_mid,600,>24h,0.08008102195364387,0.5131386683304071,-0.006926408306713591,0.9992304010970194,11
highest-temperature-in-seattle-on-june-6-2026,Seattle,2026-06-06,clean,microprice_minus_mid,600,all,0.0876199886798129,0.45528850847946406,-0.010840032081659472,0.9903748338570915,11
highest-temperature-in-seattle-on-june-6-2026,Seattle,2026-06-06,clean,microprice_minus_mid,900,6-24h,0.06887776755376622,0.36571668879188957,-0.011203355906612826,0.9735263460467434,11
highest-temperature-in-seattle-on-june-6-2026,Seattle,2026-06-06,clean,microprice_minus_mid,900,>24h,0.0907287856777109,0.4620951450087,-0.006729072096776137,0.9990304465590246,11
highest-temperature-in-seattle-on-june-6-2026,Seattle,2026-06-06,clean,microprice_minus_mid,900,all,0.08963888722118848,0.39565551564443024,-0.010002987430207165,0.985069481342848,11
highest-temperature-in-seoul-on-june-10-2026,Seoul,2026-06-10,clean,depth_imbalance_1,30,1-6h,,,,0.0,1
highest-temperature-in-seoul-on-june-10-2026,Seoul,2026-06-10,clean,depth_imbalance_1,30,6-24h,0.1701254297668448,0.6091459685863001,-0.007251201874856725,0.9832470416120795,8
highest-temperature-in-seoul-on-june-10-2026,Seoul,2026-06-10,clean,depth_imbalance_1,30,>24h,0.13677376506140576,0.8873735628715618,-0.0046407379336545545,0.9992863757105129,11
highest-temperature-in-seoul-on-june-10-2026,Seoul,2026-06-10,clean,depth_imbalance_1,30,all,0.14804307157055072,0.8071984113012817,-0.00518253276335661,0.9986165851597856,11
highest-temperature-in-seoul-on-june-10-2026,Seoul,2026-06-10,clean,depth_imbalance_1,60,1-6h,,,,0.0,1
highest-temperature-in-seoul-on-june-10-2026,Seoul,2026-06-10,clean,depth_imbalance_1,60,6-24h,0.17832816588802755,0.5134605580281765,-0.007094801144905113,0.9766148922526419,8
highest-temperature-in-seoul-on-june-10-2026,Seoul,2026-06-10,clean,depth_imbalance_1,60,>24h,0.14807727086270164,0.8510151251736762,-0.004573944635806127,0.9988923950367354,11
highest-temperature-in-seoul-on-june-10-2026,Seoul,2026-06-10,clean,depth_imbalance_1,60,all,0.15553020491339606,0.7559078628161567,-0.005096756206561,0.9979049180726306,11
highest-temperature-in-seoul-on-june-10-2026,Seoul,2026-06-10,clean,depth_imbalance_1,120,1-6h,,,,0.0,1
highest-temperature-in-seoul-on-june-10-2026,Seoul,2026-06-10,clean,depth_imbalance_1,120,6-24h,0.18206290499236263,0.3915225201600198,-0.007178234895671313,0.9664578840241785,8
highest-temperature-in-seoul-on-june-10-2026,Seoul,2026-06-10,clean,depth_imbalance_1,120,>24h,0.1582382796345131,0.7992105812921113,-0.004484632429698182,0.9979916710131661,11
highest-temperature-in-seoul-on-june-10-2026,Seoul,2026-06-10,clean,depth_imbalance_1,120,all,0.1587239393915207,0.69266979372794,-0.005077615163281737,0.9964976050834129,11
highest-temperature-in-seoul-on-june-10-2026,Seoul,2026-06-10,clean,depth_imbalance_1,300,1-6h,,,,0.0,1
highest-temperature-in-seoul-on-june-10-2026,Seoul,2026-06-10,clean,depth_imbalance_1,300,6-24h,0.16541888977850855,0.2597923649487181,-0.007111514428323937,0.9453372371203277,8
highest-temperature-in-seoul-on-june-10-2026,Seoul,2026-06-10,clean,depth_imbalance_1,300,>24h,0.18971786186609166,0.7028034160070399,-0.004240214468770718,0.9951539476815671,11
highest-temperature-in-seoul-on-june-10-2026,Seoul,2026-06-10,clean,depth_imbalance_1,300,all,0.17555215082297512,0.5974916895761192,-0.0049106183002016,0.9918257267087768,11
highest-temperature-in-seoul-on-june-10-2026,Seoul,2026-06-10,clean,depth_imbalance_1,600,1-6h,,,,0.0,1
highest-temperature-in-seoul-on-june-10-2026,Seoul,2026-06-10,clean,depth_imbalance_1,600,6-24h,0.1876072376601811,0.1500521927245024,-0.005833629015088475,0.9249499686906195,8
highest-temperature-in-seoul-on-june-10-2026,Seoul,2026-06-10,clean,depth_imbalance_1,600,>24h,0.20025867371034412,0.6201344884543855,-0.003992520642756791,0.9912116016043133,11
highest-temperature-in-seoul-on-june-10-2026,Seoul,2026-06-10,clean,depth_imbalance_1,600,all,0.18237635734228075,0.5236541839870927,-0.0042984449754461815,0.9848865907857274,11
highest-temperature-in-seoul-on-june-10-2026,Seoul,2026-06-10,clean,depth_imbalance_1,900,1-6h,,,,0.0,1
highest-temperature-in-seoul-on-june-10-2026,Seoul,2026-06-10,clean,depth_imbalance_1,900,6-24h,0.2132352116053719,0.11861202051112578,-0.006702624328146525,0.8846378224492588,8
highest-temperature-in-seoul-on-june-10-2026,Seoul,2026-06-10,clean,depth_imbalance_1,900,>24h,0.19614049333736921,0.570481667759671,-0.00394412969125861,0.9867781770242839,11
highest-temperature-in-seoul-on-june-10-2026,Seoul,2026-06-10,clean,depth_imbalance_1,900,all,0.16990508579181626,0.4829793426291481,-0.004569078374582409,0.9781933191917468,11
highest-temperature-in-seoul-on-june-10-2026,Seoul,2026-06-10,clean,microprice_minus_mid,30,1-6h,,,,0.0,1
highest-temperature-in-seoul-on-june-10-2026,Seoul,2026-06-10,clean,microprice_minus_mid,30,6-24h,0.1467095832664236,0.6091459685863001,-0.007257160475375488,0.9832470416120795,8
highest-temperature-in-seoul-on-june-10-2026,Seoul,2026-06-10,clean,microprice_minus_mid,30,>24h,0.08474281605465134,0.8873735628715618,-0.004640817565420473,0.9992863757105129,11
highest-temperature-in-seoul-on-june-10-2026,Seoul,2026-06-10,clean,microprice_minus_mid,30,all,0.09845326137675445,0.8071984113012817,-0.005186226929267909,0.9986165851597856,11
highest-temperature-in-seoul-on-june-10-2026,Seoul,2026-06-10,clean,microprice_minus_mid,60,1-6h,,,,0.0,1
highest-temperature-in-seoul-on-june-10-2026,Seoul,2026-06-10,clean,microprice_minus_mid,60,6-24h,0.1540352425315049,0.5134605580281765,-0.007096507074544375,0.9766148922526419,8
highest-temperature-in-seoul-on-june-10-2026,Seoul,2026-06-10,clean,microprice_minus_mid,60,>24h,0.09158385833681133,0.8510151251736762,-0.004574317573850618,0.9988923950367354,11
highest-temperature-in-seoul-on-june-10-2026,Seoul,2026-06-10,clean,microprice_minus_mid,60,all,0.10336933855520246,0.7559078628161567,-0.0050988624678901,0.9979049180726306,11
highest-temperature-in-seoul-on-june-10-2026,Seoul,2026-06-10,clean,microprice_minus_mid,120,1-6h,,,,0.0,1
highest-temperature-in-seoul-on-june-10-2026,Seoul,2026-06-10,clean,microprice_minus_mid,120,6-24h,0.1388577818469523,0.3915225201600198,-0.0071895750828868624,0.9664578840241785,8
highest-temperature-in-seoul-on-june-10-2026,Seoul,2026-06-10,clean,microprice_minus_mid,120,>24h,0.09745980262590029,0.7992105812921113,-0.004484887443259573,0.9979916710131661,11
highest-temperature-in-seoul-on-june-10-2026,Seoul,2026-06-10,clean,microprice_minus_mid,120,all,0.0966807740797378,0.69266979372794,-0.005083814747461964,0.9964976050834129,11
highest-temperature-in-seoul-on-june-10-2026,Seoul,2026-06-10,clean,microprice_minus_mid,300,1-6h,,,,0.0,1
highest-temperature-in-seoul-on-june-10-2026,Seoul,2026-06-10,clean,microprice_minus_mid,300,6-24h,0.11400050343281835,0.2597923649487181,-0.007124946410183825,0.9453372371203277,8
highest-temperature-in-seoul-on-june-10-2026,Seoul,2026-06-10,clean,microprice_minus_mid,300,>24h,0.1217378929086287,0.7028034160070399,-0.0042402540072146175,0.9951539476815671,11
highest-temperature-in-seoul-on-june-10-2026,Seoul,2026-06-10,clean,microprice_minus_mid,300,all,0.1054738458643182,0.5974916895761192,-0.004917893212632909,0.9918257267087768,11
highest-temperature-in-seoul-on-june-10-2026,Seoul,2026-06-10,clean,microprice_minus_mid,600,1-6h,,,,0.0,1
highest-temperature-in-seoul-on-june-10-2026,Seoul,2026-06-10,clean,microprice_minus_mid,600,6-24h,0.1157182745014027,0.1500521927245024,-0.005844698214420912,0.9249499686906195,8
highest-temperature-in-seoul-on-june-10-2026,Seoul,2026-06-10,clean,microprice_minus_mid,600,>24h,0.11164302084961991,0.6201344884543855,-0.003992285331091808,0.9912116016043133,11
highest-temperature-in-seoul-on-june-10-2026,Seoul,2026-06-10,clean,microprice_minus_mid,600,all,0.09511419042431118,0.5236541839870927,-0.004303834608104955,0.9848865907857274,11
highest-temperature-in-seoul-on-june-10-2026,Seoul,2026-06-10,clean,microprice_minus_mid,900,1-6h,,,,0.0,1
highest-temperature-in-seoul-on-june-10-2026,Seoul,2026-06-10,clean,microprice_minus_mid,900,6-24h,0.11779284557727734,0.11861202051112578,-0.006723765276669288,0.8846378224492588,8
highest-temperature-in-seoul-on-june-10-2026,Seoul,2026-06-10,clean,microprice_minus_mid,900,>24h,0.09955027585972727,0.570481667759671,-0.003944212712715309,0.9867781770242839,11
highest-temperature-in-seoul-on-june-10-2026,Seoul,2026-06-10,clean,microprice_minus_mid,900,all,0.07552022612863594,0.4829793426291481,-0.004578948700113836,0.9781933191917468,11
highest-temperature-in-shanghai-on-june-9-2026,Shanghai,2026-06-09,clean,depth_imbalance_1,30,6-24h,0.11455324161506227,0.6731829830554107,-0.007821345766884338,0.9945000486405516,8
highest-temperature-in-shanghai-on-june-9-2026,Shanghai,2026-06-09,clean,depth_imbalance_1,30,>24h,0.046377469387226415,0.858881287772509,-0.007343877194801827,0.9990943548011786,11
highest-temperature-in-shanghai-on-june-9-2026,Shanghai,2026-06-09,clean,depth_imbalance_1,30,all,0.044664881667816986,0.8005572822126364,-0.007103473968151191,0.9979365153648092,11
highest-temperature-in-shanghai-on-june-9-2026,Shanghai,2026-06-09,clean,depth_imbalance_1,60,6-24h,0.12671734167028964,0.6010366481167684,-0.007666776158682825,0.9926180906688218,8
highest-temperature-in-shanghai-on-june-9-2026,Shanghai,2026-06-09,clean,depth_imbalance_1,60,>24h,0.06067202119654213,0.8091908039124278,-0.007280544508962581,0.9986688766236669,11
highest-temperature-in-shanghai-on-june-9-2026,Shanghai,2026-06-09,clean,depth_imbalance_1,60,all,0.05966697569485358,0.7466637054540812,-0.0070172266774941,0.9971861941124733,11
highest-temperature-in-shanghai-on-june-9-2026,Shanghai,2026-06-09,clean,depth_imbalance_1,120,6-24h,0.12723787373101456,0.5218337550797892,-0.007104532035667663,0.9891595405532608,8
highest-temperature-in-shanghai-on-june-9-2026,Shanghai,2026-06-09,clean,depth_imbalance_1,120,>24h,0.07639313715897798,0.7521438801852333,-0.0071774047688158,0.9973277779843749,11
highest-temperature-in-shanghai-on-june-9-2026,Shanghai,2026-06-09,clean,depth_imbalance_1,120,all,0.07078252297420144,0.6875930160109286,-0.006760203759581609,0.9951008526597122,11
highest-temperature-in-shanghai-on-june-9-2026,Shanghai,2026-06-09,clean,depth_imbalance_1,300,6-24h,0.12414164436458988,0.41972119739986974,-0.005881590721691338,0.978540121568644,8
highest-temperature-in-shanghai-on-june-9-2026,Shanghai,2026-06-09,clean,depth_imbalance_1,300,>24h,0.051900393847261375,0.6588402897373015,-0.006861705472022191,0.995597708769219,11
highest-temperature-in-shanghai-on-june-9-2026,Shanghai,2026-06-09,clean,depth_imbalance_1,300,all,0.040656452228002654,0.5995066340951486,-0.006131664483054064,0.9907808003782397,11
highest-temperature-in-shanghai-on-june-9-2026,Shanghai,2026-06-09,clean,depth_imbalance_1,600,6-24h,0.10085500198076172,0.3369187789865875,-0.004903365311108463,0.9672325942986265,8
highest-temperature-in-shanghai-on-june-9-2026,Shanghai,2026-06-09,clean,depth_imbalance_1,600,>24h,0.05671013407873557,0.5689833025554786,-0.0064953234632744725,0.993083382165939,11
highest-temperature-in-shanghai-on-june-9-2026,Shanghai,2026-06-09,clean,depth_imbalance_1,600,all,0.020177543962709852,0.5220731400731342,-0.005565579800074936,0.985447414618219,11
highest-temperature-in-shanghai-on-june-9-2026,Shanghai,2026-06-09,clean,depth_imbalance_1,900,6-24h,0.11461632849077773,0.2924429934338842,-0.0033555509802851748,0.9555465843091968,8
highest-temperature-in-shanghai-on-june-9-2026,Shanghai,2026-06-09,clean,depth_imbalance_1,900,>24h,0.04556658945681433,0.5194851481219865,-0.0064168882075539635,0.9907247846903299,11
highest-temperature-in-shanghai-on-june-9-2026,Shanghai,2026-06-09,clean,depth_imbalance_1,900,all,0.013935768467968594,0.47850790550398103,-0.004951496724030973,0.9807771091740084,11
highest-temperature-in-shanghai-on-june-9-2026,Shanghai,2026-06-09,clean,microprice_minus_mid,30,6-24h,0.0888781530366667,0.6731829830554107,-0.007835778998912975,0.9945000486405516,8
highest-temperature-in-shanghai-on-june-9-2026,Shanghai,2026-06-09,clean,microprice_minus_mid,30,>24h,0.0625685806142329,0.858881287772509,-0.007349869933085373,0.9990943548011786,11
highest-temperature-in-shanghai-on-june-9-2026,Shanghai,2026-06-09,clean,microprice_minus_mid,30,all,0.05378206912195753,0.8005572822126364,-0.007113396330736818,0.9979365153648092,11
highest-temperature-in-shanghai-on-june-9-2026,Shanghai,2026-06-09,clean,microprice_minus_mid,60,6-24h,0.09585197369482991,0.6010366481167684,-0.0076787784798505,0.9926180906688218,8
highest-temperature-in-shanghai-on-june-9-2026,Shanghai,2026-06-09,clean,microprice_minus_mid,60,>24h,0.07780075218757915,0.8091908039124278,-0.0072872226749881915,0.9986688766236669,11
highest-temperature-in-shanghai-on-june-9-2026,Shanghai,2026-06-09,clean,microprice_minus_mid,60,all,0.07037025925685776,0.7466637054540812,-0.007025924430844427,0.9971861941124733,11
highest-temperature-in-shanghai-on-june-9-2026,Shanghai,2026-06-09,clean,microprice_minus_mid,120,6-24h,0.09136578157309838,0.5218337550797892,-0.007117803034790675,0.9891595405532608,8
highest-temperature-in-shanghai-on-june-9-2026,Shanghai,2026-06-09,clean,microprice_minus_mid,120,>24h,0.08082536895875828,0.7521438801852333,-0.007184097344472218,0.9973277779843749,11
highest-temperature-in-shanghai-on-june-9-2026,Shanghai,2026-06-09,clean,microprice_minus_mid,120,all,0.06844673805763891,0.6875930160109286,-0.006769096790954582,0.9951008526597122,11
highest-temperature-in-shanghai-on-june-9-2026,Shanghai,2026-06-09,clean,microprice_minus_mid,300,6-24h,0.08319114085419638,0.41972119739986974,-0.0058895273385666125,0.978540121568644,8
highest-temperature-in-shanghai-on-june-9-2026,Shanghai,2026-06-09,clean,microprice_minus_mid,300,>24h,0.07024388949343953,0.6588402897373015,-0.006868968897940345,0.995597708769219,11
highest-temperature-in-shanghai-on-june-9-2026,Shanghai,2026-06-09,clean,microprice_minus_mid,300,all,0.04914374892761692,0.5995066340951486,-0.006137387859900318,0.9907808003782397,11
highest-temperature-in-shanghai-on-june-9-2026,Shanghai,2026-06-09,clean,microprice_minus_mid,600,6-24h,0.028395169965298575,0.3369187789865875,-0.004899548811299813,0.9672325942986265,8
highest-temperature-in-shanghai-on-june-9-2026,Shanghai,2026-06-09,clean,microprice_minus_mid,600,>24h,0.06146626589961648,0.5689833025554786,-0.006504403375432482,0.993083382165939,11
highest-temperature-in-shanghai-on-june-9-2026,Shanghai,2026-06-09,clean,microprice_minus_mid,600,all,0.015405932656117166,0.5220731400731342,-0.0055660158776710544,0.985447414618219,11
highest-temperature-in-shanghai-on-june-9-2026,Shanghai,2026-06-09,clean,microprice_minus_mid,900,6-24h,0.03169222709135354,0.2924429934338842,-0.0033730046640454998,0.9555465843091968,8
highest-temperature-in-shanghai-on-june-9-2026,Shanghai,2026-06-09,clean,microprice_minus_mid,900,>24h,0.04154225932412071,0.5194851481219865,-0.006426276888084473,0.9907247846903299,11
highest-temperature-in-shanghai-on-june-9-2026,Shanghai,2026-06-09,clean,microprice_minus_mid,900,all,-0.0004809077526679483,0.47850790550398103,-0.00495786932301441,0.9807771091740084,11
highest-temperature-in-singapore-on-june-10-2026,Singapore,2026-06-10,clean,depth_imbalance_1,30,6-24h,0.08218347798529169,0.7229953379081034,-0.008989729676725755,0.9970513652951443,9
highest-temperature-in-singapore-on-june-10-2026,Singapore,2026-06-10,clean,depth_imbalance_1,30,>24h,0.0458486259276163,0.8615066720230335,-0.007996179062069937,0.9996971822694182,11
highest-temperature-in-singapore-on-june-10-2026,Singapore,2026-06-10,clean,depth_imbalance_1,30,all,0.0483557710876213,0.8214230496239948,-0.007787105879305209,0.9987635519516661,11
highest-temperature-in-singapore-on-june-10-2026,Singapore,2026-06-10,clean,depth_imbalance_1,60,6-24h,0.08971514160537068,0.6736391728947417,-0.009048884852107078,0.9957444982408195,9
highest-temperature-in-singapore-on-june-10-2026,Singapore,2026-06-10,clean,depth_imbalance_1,60,>24h,0.05578011265762335,0.8280354670887697,-0.007913300069599928,0.9994506599569468,11
highest-temperature-in-singapore-on-june-10-2026,Singapore,2026-06-10,clean,depth_imbalance_1,60,all,0.05546705434680189,0.7847309478986341,-0.007762465052001946,0.9981587635496012,11
highest-temperature-in-singapore-on-june-10-2026,Singapore,2026-06-10,clean,depth_imbalance_1,120,6-24h,0.10798591197772305,0.614160993952514,-0.009192450932238978,0.9937080830478023,9
highest-temperature-in-singapore-on-june-10-2026,Singapore,2026-06-10,clean,depth_imbalance_1,120,>24h,0.07406519418641322,0.7818472948199577,-0.007811343137491946,0.9990602733138879,11
highest-temperature-in-singapore-on-june-10-2026,Singapore,2026-06-10,clean,depth_imbalance_1,120,all,0.07312891439237656,0.7370361821592162,-0.007752026879373982,0.997153410521014,11
highest-temperature-in-singapore-on-june-10-2026,Singapore,2026-06-10,clean,depth_imbalance_1,300,6-24h,0.12581279464145118,0.5317940179859372,-0.0093669128471442,0.9874709877726597,9
highest-temperature-in-singapore-on-june-10-2026,Singapore,2026-06-10,clean,depth_imbalance_1,300,>24h,0.09176330862235567,0.6965012008825048,-0.007621863182546854,0.9984639152890583,11
highest-temperature-in-singapore-on-june-10-2026,Singapore,2026-06-10,clean,depth_imbalance_1,300,all,0.09203369360821136,0.6572523961764725,-0.007709343643072345,0.9949241783074974,11
highest-temperature-in-singapore-on-june-10-2026,Singapore,2026-06-10,clean,depth_imbalance_1,600,6-24h,0.12602106493475304,0.4724233412532057,-0.00959609233450972,0.9791005034881982,9
highest-temperature-in-singapore-on-june-10-2026,Singapore,2026-06-10,clean,depth_imbalance_1,600,>24h,0.11467767215441699,0.6220091642815855,-0.007469230250005545,0.9972102030811931,11
highest-temperature-in-singapore-on-june-10-2026,Singapore,2026-06-10,clean,depth_imbalance_1,600,all,0.10174818930480424,0.5912080847631965,-0.0076885887449913365,0.991474109661415,11
highest-temperature-in-singapore-on-june-10-2026,Singapore,2026-06-10,clean,depth_imbalance_1,900,6-24h,0.1370217064057136,0.4329102260453138,-0.009590107530187023,0.9723879361889891,9
highest-temperature-in-singapore-on-june-10-2026,Singapore,2026-06-10,clean,depth_imbalance_1,900,>24h,0.12676711284972125,0.566815450195036,-0.007361455264999746,0.9955923257381918,11
highest-temperature-in-singapore-on-june-10-2026,Singapore,2026-06-10,clean,depth_imbalance_1,900,all,0.114845111536355,0.5436576646212674,-0.007605911448300363,0.9885615664436116,11
highest-temperature-in-singapore-on-june-10-2026,Singapore,2026-06-10,clean,microprice_minus_mid,30,6-24h,0.02263146274957897,0.7229953379081034,-0.008973346928092055,0.9970513652951443,9
highest-temperature-in-singapore-on-june-10-2026,Singapore,2026-06-10,clean,microprice_minus_mid,30,>24h,0.04956691383635108,0.8615066720230335,-0.00803136835863641,0.9996971822694182,11
highest-temperature-in-singapore-on-june-10-2026,Singapore,2026-06-10,clean,microprice_minus_mid,30,all,0.029749606695491496,0.8214230496239948,-0.007808182530730864,0.9987635519516661,11
highest-temperature-in-singapore-on-june-10-2026,Singapore,2026-06-10,clean,microprice_minus_mid,60,6-24h,0.015864351032257185,0.6736391728947417,-0.009024770415030477,0.9957444982408195,9
highest-temperature-in-singapore-on-june-10-2026,Singapore,2026-06-10,clean,microprice_minus_mid,60,>24h,0.05904910815874702,0.8280354670887697,-0.007950303233759027,0.9994506599569468,11
highest-temperature-in-singapore-on-june-10-2026,Singapore,2026-06-10,clean,microprice_minus_mid,60,all,0.035417331332963334,0.7847309478986341,-0.007781790585352218,0.9981587635496012,11
highest-temperature-in-singapore-on-june-10-2026,Singapore,2026-06-10,clean,microprice_minus_mid,120,6-24h,0.019603224543571558,0.614160993952514,-0.009159293596877666,0.9937080830478023,9
highest-temperature-in-singapore-on-june-10-2026,Singapore,2026-06-10,clean,microprice_minus_mid,120,>24h,0.07486557182388302,0.7818472948199577,-0.007849367997310027,0.9990602733138879,11
highest-temperature-in-singapore-on-june-10-2026,Singapore,2026-06-10,clean,microprice_minus_mid,120,all,0.048458860077505016,0.7370361821592162,-0.007768709245284536,0.997153410521014,11
highest-temperature-in-singapore-on-june-10-2026,Singapore,2026-06-10,clean,microprice_minus_mid,300,6-24h,0.019000596423196712,0.5317940179859372,-0.00933484937076539,0.9874709877726597,9
highest-temperature-in-singapore-on-june-10-2026,Singapore,2026-06-10,clean,microprice_minus_mid,300,>24h,0.09340179862477825,0.6965012008825048,-0.007660340959998146,0.9984639152890583,11
highest-temperature-in-singapore-on-june-10-2026,Singapore,2026-06-10,clean,microprice_minus_mid,300,all,0.06426319915779291,0.6572523961764725,-0.007726661384685373,0.9949241783074974,11
highest-temperature-in-singapore-on-june-10-2026,Singapore,2026-06-10,clean,microprice_minus_mid,600,6-24h,-0.020322622243585792,0.4724233412532057,-0.0095377345921454,0.9791005034881982,9
highest-temperature-in-singapore-on-june-10-2026,Singapore,2026-06-10,clean,microprice_minus_mid,600,>24h,0.1165217725852521,0.6220091642815855,-0.007510154900182736,0.9972102030811931,11
highest-temperature-in-singapore-on-june-10-2026,Singapore,2026-06-10,clean,microprice_minus_mid,600,all,0.06711614925113943,0.5912080847631965,-0.007698536058028946,0.991474109661415,11
highest-temperature-in-singapore-on-june-10-2026,Singapore,2026-06-10,clean,microprice_minus_mid,900,6-24h,-0.027221288112949542,0.4329102260453138,-0.009514867673505744,0.9723879361889891,9
highest-temperature-in-singapore-on-june-10-2026,Singapore,2026-06-10,clean,microprice_minus_mid,900,>24h,0.12913662843483317,0.566815450195036,-0.007399587263625527,0.9955923257381918,11
highest-temperature-in-singapore-on-june-10-2026,Singapore,2026-06-10,clean,microprice_minus_mid,900,all,0.07491238303714885,0.5436576646212674,-0.0076093357480040555,0.9885615664436116,11
highest-temperature-in-taipei-on-june-7-2026,Taipei,2026-06-07,degraded,depth_imbalance_1,30,6-24h,0.07638290491797202,0.7111482699783203,-0.0166028626713348,0.9985346926722197,11
highest-temperature-in-taipei-on-june-7-2026,Taipei,2026-06-07,degraded,depth_imbalance_1,30,>24h,0.1031775498045589,0.6835013223438248,-0.008940056368911509,0.9986023349055348,11
highest-temperature-in-taipei-on-june-7-2026,Taipei,2026-06-07,degraded,depth_imbalance_1,30,all,0.07749174911832224,0.6709716564730107,-0.014637229090097374,0.9988629192292916,11
highest-temperature-in-taipei-on-june-7-2026,Taipei,2026-06-07,degraded,depth_imbalance_1,60,6-24h,0.0880200587668231,0.6444316492365371,-0.01638898645571551,0.9971258841865297,11
highest-temperature-in-taipei-on-june-7-2026,Taipei,2026-06-07,degraded,depth_imbalance_1,60,>24h,0.12087118798105738,0.6303481773488898,-0.008832060338905262,0.9973824519071214,11
highest-temperature-in-taipei-on-june-7-2026,Taipei,2026-06-07,degraded,depth_imbalance_1,60,all,0.09970110511361813,0.6065683854361353,-0.014439063485327563,0.9978733850036356,11
highest-temperature-in-taipei-on-june-7-2026,Taipei,2026-06-07,degraded,depth_imbalance_1,120,6-24h,0.10626909040479136,0.5753437320806915,-0.015250222534640173,0.9941917875685452,11
highest-temperature-in-taipei-on-june-7-2026,Taipei,2026-06-07,degraded,depth_imbalance_1,120,>24h,0.12547954915183163,0.5749757413087352,-0.00875537154362111,0.9978146244392468,11
highest-temperature-in-taipei-on-june-7-2026,Taipei,2026-06-07,degraded,depth_imbalance_1,120,all,0.11899105260962602,0.5389490600681165,-0.013660034864969773,0.9966575590031347,11
highest-temperature-in-taipei-on-june-7-2026,Taipei,2026-06-07,degraded,depth_imbalance_1,300,6-24h,0.10288874267233368,0.4906071180020081,-0.013219197018113691,0.9843460579024456,11
highest-temperature-in-taipei-on-june-7-2026,Taipei,2026-06-07,degraded,depth_imbalance_1,300,>24h,0.15950898062990235,0.48922247817699044,-0.00835891637850001,0.9960770830344191,11
highest-temperature-in-taipei-on-june-7-2026,Taipei,2026-06-07,degraded,depth_imbalance_1,300,all,0.13408847683687178,0.45020550994565073,-0.012091223505265127,0.9917017044152975,11
highest-temperature-in-taipei-on-june-7-2026,Taipei,2026-06-07,degraded,depth_imbalance_1,600,6-24h,0.11058052266453204,0.4197339837201163,-0.0113460742969689,0.96832084703221,11
highest-temperature-in-taipei-on-june-7-2026,Taipei,2026-06-07,degraded,depth_imbalance_1,600,>24h,0.19753629194944694,0.40550810746530463,-0.008101842719023537,0.9959478102683043,11
highest-temperature-in-taipei-on-june-7-2026,Taipei,2026-06-07,degraded,depth_imbalance_1,600,all,0.1453651964885032,0.37071270311116306,-0.010683799521411326,0.9850170961756395,11
highest-temperature-in-taipei-on-june-7-2026,Taipei,2026-06-07,degraded,depth_imbalance_1,900,6-24h,0.0795402614589687,0.38296538543361525,-0.010924533031716782,0.9594304227094154,11
highest-temperature-in-taipei-on-june-7-2026,Taipei,2026-06-07,degraded,depth_imbalance_1,900,>24h,0.20913983853401266,0.3393378847921578,-0.007908495926636172,0.992754062885211,11
highest-temperature-in-taipei-on-june-7-2026,Taipei,2026-06-07,degraded,depth_imbalance_1,900,all,0.14295907412865358,0.321168890899161,-0.010150814239248818,0.9801843096616331,11
highest-temperature-in-taipei-on-june-7-2026,Taipei,2026-06-07,degraded,microprice_minus_mid,30,6-24h,0.04569668399033418,0.7111482699783203,-0.016595530747978246,0.9985346926722197,11
highest-temperature-in-taipei-on-june-7-2026,Taipei,2026-06-07,degraded,microprice_minus_mid,30,>24h,0.05672290349477054,0.6835013223438248,-0.008947946880932419,0.9986023349055348,11
highest-temperature-in-taipei-on-june-7-2026,Taipei,2026-06-07,degraded,microprice_minus_mid,30,all,0.051539652341157385,0.6709716564730107,-0.014643708922960436,0.9988629192292916,11
highest-temperature-in-taipei-on-june-7-2026,Taipei,2026-06-07,degraded,microprice_minus_mid,60,6-24h,0.04743605352865401,0.6444316492365371,-0.016376009223510846,0.9971258841865297,11
highest-temperature-in-taipei-on-june-7-2026,Taipei,2026-06-07,degraded,microprice_minus_mid,60,>24h,0.05988598231694724,0.6303481773488898,-0.008838021498124264,0.9973824519071214,11
highest-temperature-in-taipei-on-june-7-2026,Taipei,2026-06-07,degraded,microprice_minus_mid,60,all,0.05651145002733699,0.6065683854361353,-0.01444133298012229,0.9978733850036356,11
highest-temperature-in-taipei-on-june-7-2026,Taipei,2026-06-07,degraded,microprice_minus_mid,120,6-24h,0.08355843292746039,0.5753437320806915,-0.015272882668994998,0.9941917875685452,11
highest-temperature-in-taipei-on-june-7-2026,Taipei,2026-06-07,degraded,microprice_minus_mid,120,>24h,0.05505592136451514,0.5749757413087352,-0.008761546985324801,0.9978146244392468,11
highest-temperature-in-taipei-on-june-7-2026,Taipei,2026-06-07,degraded,microprice_minus_mid,120,all,0.07572882061964405,0.5389490600681165,-0.013685082803980364,0.9966575590031347,11
highest-temperature-in-taipei-on-june-7-2026,Taipei,2026-06-07,degraded,microprice_minus_mid,300,6-24h,0.0917376706331658,0.4906071180020081,-0.013233200004806111,0.9843460579024456,11
highest-temperature-in-taipei-on-june-7-2026,Taipei,2026-06-07,degraded,microprice_minus_mid,300,>24h,0.07901144800654078,0.48922247817699044,-0.0083672615974153,0.9960770830344191,11
highest-temperature-in-taipei-on-june-7-2026,Taipei,2026-06-07,degraded,microprice_minus_mid,300,all,0.09763180453705847,0.45020550994565073,-0.012110627157502956,0.9917017044152975,11
highest-temperature-in-taipei-on-june-7-2026,Taipei,2026-06-07,degraded,microprice_minus_mid,600,6-24h,0.0879075353507223,0.4197339837201163,-0.011412811641252518,0.96832084703221,11
highest-temperature-in-taipei-on-june-7-2026,Taipei,2026-06-07,degraded,microprice_minus_mid,600,>24h,0.058362831540002574,0.40550810746530463,-0.008109139003073883,0.9959478102683043,11
highest-temperature-in-taipei-on-june-7-2026,Taipei,2026-06-07,degraded,microprice_minus_mid,600,all,0.09021137248583266,0.37071270311116306,-0.010736933464151218,0.9850170961756395,11
highest-temperature-in-taipei-on-june-7-2026,Taipei,2026-06-07,degraded,microprice_minus_mid,900,6-24h,0.05333926166951584,0.38296538543361525,-0.011019966124144827,0.9594304227094154,11
highest-temperature-in-taipei-on-june-7-2026,Taipei,2026-06-07,degraded,microprice_minus_mid,900,>24h,0.04343677105027213,0.3393378847921578,-0.007920040151319873,0.992754062885211,11
highest-temperature-in-taipei-on-june-7-2026,Taipei,2026-06-07,degraded,microprice_minus_mid,900,all,0.06262278860081105,0.321168890899161,-0.010226313594697299,0.9801843096616331,11
highest-temperature-in-tel-aviv-on-june-7-2026,Tel Aviv,2026-06-07,degraded,depth_imbalance_1,30,1-6h,,1.0,-0.001,0.5263157894736842,1
highest-temperature-in-tel-aviv-on-june-7-2026,Tel Aviv,2026-06-07,degraded,depth_imbalance_1,30,6-24h,0.08520159704125256,0.6994899518839165,-0.0111533491807745,0.9970203490341538,10
highest-temperature-in-tel-aviv-on-june-7-2026,Tel Aviv,2026-06-07,degraded,depth_imbalance_1,30,>24h,0.04534616317635185,0.8454830371877847,-0.006222998181349826,0.9992469309959424,11
highest-temperature-in-tel-aviv-on-june-7-2026,Tel Aviv,2026-06-07,degraded,depth_imbalance_1,30,all,0.06936165088210663,0.7542031211937638,-0.009152375284865065,0.997534008298386,11
highest-temperature-in-tel-aviv-on-june-7-2026,Tel Aviv,2026-06-07,degraded,depth_imbalance_1,60,1-6h,,,,0.0,1
highest-temperature-in-tel-aviv-on-june-7-2026,Tel Aviv,2026-06-07,degraded,depth_imbalance_1,60,6-24h,0.09277626113836127,0.662309103025408,-0.011002641014758351,0.9955934924248444,10
highest-temperature-in-tel-aviv-on-june-7-2026,Tel Aviv,2026-06-07,degraded,depth_imbalance_1,60,>24h,0.0517907978612511,0.8149082534743356,-0.00620476805630949,0.9986175597481391,11
highest-temperature-in-tel-aviv-on-june-7-2026,Tel Aviv,2026-06-07,degraded,depth_imbalance_1,60,all,0.07617904138693626,0.7199074235533433,-0.009033079913699765,0.99621483626537,11
highest-temperature-in-tel-aviv-on-june-7-2026,Tel Aviv,2026-06-07,degraded,depth_imbalance_1,120,1-6h,,,,0.0,1
highest-temperature-in-tel-aviv-on-june-7-2026,Tel Aviv,2026-06-07,degraded,depth_imbalance_1,120,6-24h,0.09915362212323889,0.6201719811271198,-0.010595125993355969,0.993519151310624,10
highest-temperature-in-tel-aviv-on-june-7-2026,Tel Aviv,2026-06-07,degraded,depth_imbalance_1,120,>24h,0.06291505822259312,0.7811368165351363,-0.006188466905177745,0.9971398478259084,11
highest-temperature-in-tel-aviv-on-june-7-2026,Tel Aviv,2026-06-07,degraded,depth_imbalance_1,120,all,0.08680729435970128,0.6818294416554306,-0.0087398190880171,0.9937890460746519,11
highest-temperature-in-tel-aviv-on-june-7-2026,Tel Aviv,2026-06-07,degraded,depth_imbalance_1,300,1-6h,,,,0.0,1
highest-temperature-in-tel-aviv-on-june-7-2026,Tel Aviv,2026-06-07,degraded,depth_imbalance_1,300,6-24h,0.08756698965477104,0.5598063220495417,-0.00984915769627158,0.9857092433142963,10
highest-temperature-in-tel-aviv-on-june-7-2026,Tel Aviv,2026-06-07,degraded,depth_imbalance_1,300,>24h,0.07853406802406757,0.7349204512175643,-0.006116324002075909,0.9933350960708771,11
highest-temperature-in-tel-aviv-on-june-7-2026,Tel Aviv,2026-06-07,degraded,depth_imbalance_1,300,all,0.08841428445161369,0.6283198529047236,-0.008182879622245919,0.9860468872221987,11
highest-temperature-in-tel-aviv-on-june-7-2026,Tel Aviv,2026-06-07,degraded,depth_imbalance_1,600,1-6h,,,,0.0,1
highest-temperature-in-tel-aviv-on-june-7-2026,Tel Aviv,2026-06-07,degraded,depth_imbalance_1,600,6-24h,0.1050193604195849,0.5025464931682194,-0.00869791258490359,0.9832888609204471,10
highest-temperature-in-tel-aviv-on-june-7-2026,Tel Aviv,2026-06-07,degraded,depth_imbalance_1,600,>24h,0.11300694081008608,0.6787941272561913,-0.005924887512162308,0.9880382655795887,11
highest-temperature-in-tel-aviv-on-june-7-2026,Tel Aviv,2026-06-07,degraded,depth_imbalance_1,600,all,0.10334885939173268,0.5736723505947658,-0.007333201729503081,0.9809476393118939,11
highest-temperature-in-tel-aviv-on-june-7-2026,Tel Aviv,2026-06-07,degraded,depth_imbalance_1,900,1-6h,,,,0.0,1
highest-temperature-in-tel-aviv-on-june-7-2026,Tel Aviv,2026-06-07,degraded,depth_imbalance_1,900,6-24h,0.10624877138895569,0.46752515292969327,-0.00794684789400191,0.9774410925116281,10
highest-temperature-in-tel-aviv-on-june-7-2026,Tel Aviv,2026-06-07,degraded,depth_imbalance_1,900,>24h,0.14317097633528392,0.6454708705219813,-0.005720428341419636,0.9790613932291531,11
highest-temperature-in-tel-aviv-on-june-7-2026,Tel Aviv,2026-06-07,degraded,depth_imbalance_1,900,all,0.10564052976045607,0.5410416226897401,-0.006752248414151008,0.9700067977693589,11
highest-temperature-in-tel-aviv-on-june-7-2026,Tel Aviv,2026-06-07,degraded,microprice_minus_mid,30,1-6h,,1.0,-0.001,0.5263157894736842,1
highest-temperature-in-tel-aviv-on-june-7-2026,Tel Aviv,2026-06-07,degraded,microprice_minus_mid,30,6-24h,0.06086679781530001,0.6994899518839165,-0.01116011500424556,0.9970203490341538,10
highest-temperature-in-tel-aviv-on-june-7-2026,Tel Aviv,2026-06-07,degraded,microprice_minus_mid,30,>24h,0.044662023377786526,0.8454830371877847,-0.006215582862771136,0.9992469309959424,11
highest-temperature-in-tel-aviv-on-june-7-2026,Tel Aviv,2026-06-07,degraded,microprice_minus_mid,30,all,0.05618208710132142,0.7542031211937638,-0.009148459822737726,0.997534008298386,11
highest-temperature-in-tel-aviv-on-june-7-2026,Tel Aviv,2026-06-07,degraded,microprice_minus_mid,60,1-6h,,,,0.0,1
highest-temperature-in-tel-aviv-on-june-7-2026,Tel Aviv,2026-06-07,degraded,microprice_minus_mid,60,6-24h,0.05920872756112885,0.662309103025408,-0.01100517199074698,0.9955934924248444,10
highest-temperature-in-tel-aviv-on-june-7-2026,Tel Aviv,2026-06-07,degraded,microprice_minus_mid,60,>24h,0.052835990224985814,0.8149082534743356,-0.006196809040637055,0.9986175597481391,11
highest-temperature-in-tel-aviv-on-june-7-2026,Tel Aviv,2026-06-07,degraded,microprice_minus_mid,60,all,0.061792078807523264,0.7199074235533433,-0.009025844540767073,0.99621483626537,11
highest-temperature-in-tel-aviv-on-june-7-2026,Tel Aviv,2026-06-07,degraded,microprice_minus_mid,120,1-6h,,,,0.0,1
highest-temperature-in-tel-aviv-on-june-7-2026,Tel Aviv,2026-06-07,degraded,microprice_minus_mid,120,6-24h,0.05185136548215324,0.6201719811271198,-0.0106019526586533,0.993519151310624,10
highest-temperature-in-tel-aviv-on-june-7-2026,Tel Aviv,2026-06-07,degraded,microprice_minus_mid,120,>24h,0.060289492130216,0.7811368165351363,-0.0061802179502238545,0.9971398478259084,11
highest-temperature-in-tel-aviv-on-june-7-2026,Tel Aviv,2026-06-07,degraded,microprice_minus_mid,120,all,0.06669368998291812,0.6818294416554306,-0.008734490891074946,0.9937890460746519,11
highest-temperature-in-tel-aviv-on-june-7-2026,Tel Aviv,2026-06-07,degraded,microprice_minus_mid,300,1-6h,,,,0.0,1
highest-temperature-in-tel-aviv-on-june-7-2026,Tel Aviv,2026-06-07,degraded,microprice_minus_mid,300,6-24h,0.005167101214527847,0.5598063220495417,-0.00984724824665429,0.9857092433142963,10
highest-temperature-in-tel-aviv-on-june-7-2026,Tel Aviv,2026-06-07,degraded,microprice_minus_mid,300,>24h,0.07043559806447028,0.7349204512175643,-0.006101760855321391,0.9933350960708771,11
highest-temperature-in-tel-aviv-on-june-7-2026,Tel Aviv,2026-06-07,degraded,microprice_minus_mid,300,all,0.047958931375679394,0.6283198529047236,-0.008167361387621346,0.9860468872221987,11
highest-temperature-in-tel-aviv-on-june-7-2026,Tel Aviv,2026-06-07,degraded,microprice_minus_mid,600,1-6h,,,,0.0,1
highest-temperature-in-tel-aviv-on-june-7-2026,Tel Aviv,2026-06-07,degraded,microprice_minus_mid,600,6-24h,-0.017650777390940058,0.5025464931682194,-0.00871099641093424,0.9832888609204471,10
highest-temperature-in-tel-aviv-on-june-7-2026,Tel Aviv,2026-06-07,degraded,microprice_minus_mid,600,>24h,0.0966492762543803,0.6787941272561913,-0.005906294749987818,0.9880382655795887,11
highest-temperature-in-tel-aviv-on-june-7-2026,Tel Aviv,2026-06-07,degraded,microprice_minus_mid,600,all,0.047852704618902606,0.5736723505947658,-0.007324211004915437,0.9809476393118939,11
highest-temperature-in-tel-aviv-on-june-7-2026,Tel Aviv,2026-06-07,degraded,microprice_minus_mid,900,1-6h,,,,0.0,1
highest-temperature-in-tel-aviv-on-june-7-2026,Tel Aviv,2026-06-07,degraded,microprice_minus_mid,900,6-24h,-0.042639954181484,0.46752515292969327,-0.007954495187369601,0.9774410925116281,10
highest-temperature-in-tel-aviv-on-june-7-2026,Tel Aviv,2026-06-07,degraded,microprice_minus_mid,900,>24h,0.11847847965804391,0.6454708705219813,-0.005707994401260455,0.9790613932291531,11
highest-temperature-in-tel-aviv-on-june-7-2026,Tel Aviv,2026-06-07,degraded,microprice_minus_mid,900,all,0.03955734524770665,0.5410416226897401,-0.006742721820650736,0.9700067977693589,11
highest-temperature-in-tokyo-on-june-10-2026,Tokyo,2026-06-10,clean,depth_imbalance_1,30,1-6h,,1.0,-0.0005,0.44256756756756754,2
highest-temperature-in-tokyo-on-june-10-2026,Tokyo,2026-06-10,clean,depth_imbalance_1,30,6-24h,0.09573211101047045,0.836926191159051,-0.006182436740960561,0.9344253847431927,10
highest-temperature-in-tokyo-on-june-10-2026,Tokyo,2026-06-10,clean,depth_imbalance_1,30,>24h,0.09765884825934372,0.8209558873654902,-0.006014514013602854,0.9995668105613216,11
highest-temperature-in-tokyo-on-june-10-2026,Tokyo,2026-06-10,clean,depth_imbalance_1,30,all,0.08918607955955,0.8041046172187168,-0.006553324893425209,0.9984507368458359,11
highest-temperature-in-tokyo-on-june-10-2026,Tokyo,2026-06-10,clean,depth_imbalance_1,60,1-6h,,1.0,-0.0005,0.3935810810810811,2
highest-temperature-in-tokyo-on-june-10-2026,Tokyo,2026-06-10,clean,depth_imbalance_1,60,6-24h,0.10744940542474068,0.8015853710975561,-0.0061233713338553096,0.8820737391641711,10
highest-temperature-in-tokyo-on-june-10-2026,Tokyo,2026-06-10,clean,depth_imbalance_1,60,>24h,0.10018005096298627,0.7748163175800012,-0.005971505051772672,0.9991817401525402,11
highest-temperature-in-tokyo-on-june-10-2026,Tokyo,2026-06-10,clean,depth_imbalance_1,60,all,0.09111721094671807,0.7567896677451571,-0.006504289152265618,0.9976634743583084,11
highest-temperature-in-tokyo-on-june-10-2026,Tokyo,2026-06-10,clean,depth_imbalance_1,120,1-6h,,1.0,-0.0005,0.38288288288288286,2
highest-temperature-in-tokyo-on-june-10-2026,Tokyo,2026-06-10,clean,depth_imbalance_1,120,6-24h,0.13460845127635643,0.7567863894421702,-0.0060551642208676705,0.7554123354502644,10
highest-temperature-in-tokyo-on-june-10-2026,Tokyo,2026-06-10,clean,depth_imbalance_1,120,>24h,0.11091469615149972,0.7127613891696334,-0.005876716249181072,0.9988660336356375,11
highest-temperature-in-tokyo-on-june-10-2026,Tokyo,2026-06-10,clean,depth_imbalance_1,120,all,0.10154802211639162,0.6939103117476632,-0.006407439329456363,0.9963191410097909,11
highest-temperature-in-tokyo-on-june-10-2026,Tokyo,2026-06-10,clean,depth_imbalance_1,300,1-6h,,1.0,-0.0005,0.36430180180180183,2
highest-temperature-in-tokyo-on-june-10-2026,Tokyo,2026-06-10,clean,depth_imbalance_1,300,6-24h,0.15723935657282292,0.6064236644758769,-0.007182574247214912,0.6709898061912225,10
highest-temperature-in-tokyo-on-june-10-2026,Tokyo,2026-06-10,clean,depth_imbalance_1,300,>24h,0.1198054357711089,0.6059072388855079,-0.005683934987655946,0.9974208436490053,11
highest-temperature-in-tokyo-on-june-10-2026,Tokyo,2026-06-10,clean,depth_imbalance_1,300,all,0.10838353486035092,0.5877866879064203,-0.006205913251547664,0.9925851643346825,11
highest-temperature-in-tokyo-on-june-10-2026,Tokyo,2026-06-10,clean,depth_imbalance_1,600,1-6h,,1.0,-0.0005,0.1903153153153153,2
highest-temperature-in-tokyo-on-june-10-2026,Tokyo,2026-06-10,clean,depth_imbalance_1,600,6-24h,0.19355563628687858,0.47434896843077434,-0.007379428681369257,0.6379600602250504,10
highest-temperature-in-tokyo-on-june-10-2026,Tokyo,2026-06-10,clean,depth_imbalance_1,600,>24h,0.1135770051936566,0.5062852055365659,-0.005504071745848364,0.9968889865780602,11
highest-temperature-in-tokyo-on-june-10-2026,Tokyo,2026-06-10,clean,depth_imbalance_1,600,all,0.1094108645126015,0.4916434695233256,-0.0058845931605116175,0.9894112409191973,11
highest-temperature-in-tokyo-on-june-10-2026,Tokyo,2026-06-10,clean,depth_imbalance_1,900,1-6h,,1.0,-0.0005,0.04166666666666665,2
highest-temperature-in-tokyo-on-june-10-2026,Tokyo,2026-06-10,clean,depth_imbalance_1,900,6-24h,0.22228488592365023,0.4482938068381155,-0.0056928914488375,0.6251785841395113,10
highest-temperature-in-tokyo-on-june-10-2026,Tokyo,2026-06-10,clean,depth_imbalance_1,900,>24h,0.12262806987268768,0.44162391973312015,-0.005264687745112,0.9964075127719038,11
highest-temperature-in-tokyo-on-june-10-2026,Tokyo,2026-06-10,clean,depth_imbalance_1,900,all,0.12578714153051582,0.4346640394749171,-0.0052524570579517,0.987475560394738,11
highest-temperature-in-tokyo-on-june-10-2026,Tokyo,2026-06-10,clean,microprice_minus_mid,30,1-6h,,1.0,-0.0005,0.44256756756756754,2
highest-temperature-in-tokyo-on-june-10-2026,Tokyo,2026-06-10,clean,microprice_minus_mid,30,6-24h,0.0651264640572546,0.836926191159051,-0.00617853639855194,0.9344253847431927,10
highest-temperature-in-tokyo-on-june-10-2026,Tokyo,2026-06-10,clean,microprice_minus_mid,30,>24h,0.08783461467143874,0.8209558873654902,-0.006020814037378045,0.9995668105613216,11
highest-temperature-in-tokyo-on-june-10-2026,Tokyo,2026-06-10,clean,microprice_minus_mid,30,all,0.07898083107792898,0.8041046172187168,-0.006555265243074654,0.9984507368458359,11
highest-temperature-in-tokyo-on-june-10-2026,Tokyo,2026-06-10,clean,microprice_minus_mid,60,1-6h,,1.0,-0.0005,0.3935810810810811,2
highest-temperature-in-tokyo-on-june-10-2026,Tokyo,2026-06-10,clean,microprice_minus_mid,60,6-24h,0.07118175239606128,0.8015853710975561,-0.00611842981432561,0.8820737391641711,10
highest-temperature-in-tokyo-on-june-10-2026,Tokyo,2026-06-10,clean,microprice_minus_mid,60,>24h,0.085315270300104,0.7748163175800012,-0.005977495312771619,0.9991817401525402,11
highest-temperature-in-tokyo-on-june-10-2026,Tokyo,2026-06-10,clean,microprice_minus_mid,60,all,0.0755487997627363,0.7567896677451571,-0.006505653271744045,0.9976634743583084,11
highest-temperature-in-tokyo-on-june-10-2026,Tokyo,2026-06-10,clean,microprice_minus_mid,120,1-6h,,1.0,-0.0005,0.38288288288288286,2
highest-temperature-in-tokyo-on-june-10-2026,Tokyo,2026-06-10,clean,microprice_minus_mid,120,6-24h,0.08988129310699611,0.7567863894421702,-0.00604778324495343,0.7554123354502644,10
highest-temperature-in-tokyo-on-june-10-2026,Tokyo,2026-06-10,clean,microprice_minus_mid,120,>24h,0.09052599962790175,0.7127613891696334,-0.005883308273643791,0.9988660336356375,11
highest-temperature-in-tokyo-on-june-10-2026,Tokyo,2026-06-10,clean,microprice_minus_mid,120,all,0.08041430556312304,0.6939103117476632,-0.006408143140277537,0.9963191410097909,11
highest-temperature-in-tokyo-on-june-10-2026,Tokyo,2026-06-10,clean,microprice_minus_mid,300,1-6h,,1.0,-0.0005,0.36430180180180183,2
highest-temperature-in-tokyo-on-june-10-2026,Tokyo,2026-06-10,clean,microprice_minus_mid,300,6-24h,0.09621553569438562,0.6064236644758769,-0.0071809936672798,0.6709898061912225,10
highest-temperature-in-tokyo-on-june-10-2026,Tokyo,2026-06-10,clean,microprice_minus_mid,300,>24h,0.0757619449200469,0.6059072388855079,-0.005689321627777191,0.9974208436490053,11
highest-temperature-in-tokyo-on-june-10-2026,Tokyo,2026-06-10,clean,microprice_minus_mid,300,all,0.06455297638786085,0.5877866879064203,-0.006207814192399219,0.9925851643346825,11
highest-temperature-in-tokyo-on-june-10-2026,Tokyo,2026-06-10,clean,microprice_minus_mid,600,1-6h,,1.0,-0.0005,0.1903153153153153,2
highest-temperature-in-tokyo-on-june-10-2026,Tokyo,2026-06-10,clean,microprice_minus_mid,600,6-24h,0.09961222001686763,0.47434896843077434,-0.007397343759982814,0.6379600602250504,10
highest-temperature-in-tokyo-on-june-10-2026,Tokyo,2026-06-10,clean,microprice_minus_mid,600,>24h,0.0562229615986145,0.5062852055365659,-0.0055079053653728,0.9968889865780602,11
highest-temperature-in-tokyo-on-june-10-2026,Tokyo,2026-06-10,clean,microprice_minus_mid,600,all,0.05246000704536782,0.4916434695233256,-0.005891536405431827,0.9894112409191973,11
highest-temperature-in-tokyo-on-june-10-2026,Tokyo,2026-06-10,clean,microprice_minus_mid,900,1-6h,,1.0,-0.0005,0.04166666666666665,2
highest-temperature-in-tokyo-on-june-10-2026,Tokyo,2026-06-10,clean,microprice_minus_mid,900,6-24h,0.11088811090526152,0.4482938068381155,-0.005726286172007643,0.6251785841395113,10
highest-temperature-in-tokyo-on-june-10-2026,Tokyo,2026-06-10,clean,microprice_minus_mid,900,>24h,0.05183266880312276,0.44162391973312015,-0.005264522567465118,0.9964075127719038,11
highest-temperature-in-tokyo-on-june-10-2026,Tokyo,2026-06-10,clean,microprice_minus_mid,900,all,0.057145000411161835,0.4346640394749171,-0.005261980349329954,0.987475560394738,11
highest-temperature-in-warsaw-on-june-7-2026,Warsaw,2026-06-07,clean,depth_imbalance_1,30,1-6h,0.11774775111622146,0.9025130838352917,-0.0008883307001086,0.9573529411764705,2
highest-temperature-in-warsaw-on-june-7-2026,Warsaw,2026-06-07,clean,depth_imbalance_1,30,6-24h,0.05014858338039997,0.815532171713504,-0.005823947170114709,0.9766865718656937,10
highest-temperature-in-warsaw-on-june-7-2026,Warsaw,2026-06-07,clean,depth_imbalance_1,30,>24h,0.04245281543057945,0.8231890800442995,-0.004986709143874727,0.9977809632338901,11
highest-temperature-in-warsaw-on-june-7-2026,Warsaw,2026-06-07,clean,depth_imbalance_1,30,all,0.05103980552326122,0.8048151224622714,-0.005399675132615845,0.996077468535788,11
highest-temperature-in-warsaw-on-june-7-2026,Warsaw,2026-06-07,clean,depth_imbalance_1,60,1-6h,0.1603554765971399,0.8819212631802046,-0.0008943994065595501,0.9245475113122172,2
highest-temperature-in-warsaw-on-june-7-2026,Warsaw,2026-06-07,clean,depth_imbalance_1,60,6-24h,0.0547759145323432,0.7785402195090712,-0.0058070111309723,0.9654271587317966,10
highest-temperature-in-warsaw-on-june-7-2026,Warsaw,2026-06-07,clean,depth_imbalance_1,60,>24h,0.05233474650082706,0.7935967876591072,-0.005012006898362727,0.9968509811769445,11
highest-temperature-in-warsaw-on-june-7-2026,Warsaw,2026-06-07,clean,depth_imbalance_1,60,all,0.07074902357914295,0.7703501230389651,-0.005394833808738136,0.9941207337387574,11
highest-temperature-in-warsaw-on-june-7-2026,Warsaw,2026-06-07,clean,depth_imbalance_1,120,1-6h,-0.09788436872129805,0.7566099719175541,-0.0008829809781168,0.9245475113122172,2
highest-temperature-in-warsaw-on-june-7-2026,Warsaw,2026-06-07,clean,depth_imbalance_1,120,6-24h,0.0764782472786978,0.7279890642370513,-0.0057275989698317206,0.9504944332729466,10
highest-temperature-in-warsaw-on-june-7-2026,Warsaw,2026-06-07,clean,depth_imbalance_1,120,>24h,0.05816120701889613,0.7553328188449014,-0.0050397004916487,0.9961479694235812,11
highest-temperature-in-warsaw-on-june-7-2026,Warsaw,2026-06-07,clean,depth_imbalance_1,120,all,0.09383045167493399,0.7247897953785336,-0.005358667272911791,0.9918788397453911,11
highest-temperature-in-warsaw-on-june-7-2026,Warsaw,2026-06-07,clean,depth_imbalance_1,300,1-6h,0.1919850471040531,0.7908250966910184,-0.0010853566824237,0.6501131221719457,2
highest-temperature-in-warsaw-on-june-7-2026,Warsaw,2026-06-07,clean,depth_imbalance_1,300,6-24h,0.07442517249440339,0.6521299412670766,-0.005755138618138469,0.897406880751395,10
highest-temperature-in-warsaw-on-june-7-2026,Warsaw,2026-06-07,clean,depth_imbalance_1,300,>24h,0.07960469827043852,0.688691966128432,-0.005138941762466482,0.9930164255736532,11
highest-temperature-in-warsaw-on-june-7-2026,Warsaw,2026-06-07,clean,depth_imbalance_1,300,all,0.11020479304272214,0.6507639491093733,-0.005416028753101827,0.9828340672570367,11
highest-temperature-in-warsaw-on-june-7-2026,Warsaw,2026-06-07,clean,depth_imbalance_1,600,1-6h,-0.0590858064461388,0.9549632352941175,-0.00099310661764705,0.32307692307692304,2
highest-temperature-in-warsaw-on-june-7-2026,Warsaw,2026-06-07,clean,depth_imbalance_1,600,6-24h,0.10660072723536519,0.60079577590029,-0.00568500096849878,0.8642335966625652,10
highest-temperature-in-warsaw-on-june-7-2026,Warsaw,2026-06-07,clean,depth_imbalance_1,600,>24h,0.08696121701401177,0.6384712117004768,-0.005198753443479246,0.9890830056371239,11
highest-temperature-in-warsaw-on-june-7-2026,Warsaw,2026-06-07,clean,depth_imbalance_1,600,all,0.12638376248230102,0.5953904920503043,-0.0054626750503727,0.9692345028146282,11
highest-temperature-in-warsaw-on-june-7-2026,Warsaw,2026-06-07,clean,depth_imbalance_1,900,1-6h,,0.0,-0.0008333333333333,0.19852941176470584,2
highest-temperature-in-warsaw-on-june-7-2026,Warsaw,2026-06-07,clean,depth_imbalance_1,900,6-24h,0.10305008502450413,0.5522691130566282,-0.00614573222155878,0.8449258209097309,10
highest-temperature-in-warsaw-on-june-7-2026,Warsaw,2026-06-07,clean,depth_imbalance_1,900,>24h,0.10866241436766585,0.5968668845033562,-0.005038637710960719,0.9848788667885796,11
highest-temperature-in-warsaw-on-june-7-2026,Warsaw,2026-06-07,clean,depth_imbalance_1,900,all,0.1218709378108911,0.5497193866918593,-0.005824283684463082,0.9621520571721739,11
highest-temperature-in-warsaw-on-june-7-2026,Warsaw,2026-06-07,clean,microprice_minus_mid,30,1-6h,0.050272347325497,0.9025130838352917,-0.0008883307001086,0.9573529411764705,2
highest-temperature-in-warsaw-on-june-7-2026,Warsaw,2026-06-07,clean,microprice_minus_mid,30,6-24h,0.04567829752268798,0.815532171713504,-0.00583148402502667,0.9766865718656937,10
highest-temperature-in-warsaw-on-june-7-2026,Warsaw,2026-06-07,clean,microprice_minus_mid,30,>24h,0.02609555025597202,0.8231890800442995,-0.004991480300763972,0.9977809632338901,11
highest-temperature-in-warsaw-on-june-7-2026,Warsaw,2026-06-07,clean,microprice_minus_mid,30,all,0.036120641151411045,0.8048151224622714,-0.005407171315923582,0.996077468535788,11
highest-temperature-in-warsaw-on-june-7-2026,Warsaw,2026-06-07,clean,microprice_minus_mid,60,1-6h,0.11042759612999019,0.8819212631802046,-0.0008943994065595501,0.9245475113122172,2
highest-temperature-in-warsaw-on-june-7-2026,Warsaw,2026-06-07,clean,microprice_minus_mid,60,6-24h,0.04253208696617685,0.7785402195090712,-0.00581433762578547,0.9654271587317966,10
highest-temperature-in-warsaw-on-june-7-2026,Warsaw,2026-06-07,clean,microprice_minus_mid,60,>24h,0.025654473775482464,0.7935967876591072,-0.005016874161364064,0.9968509811769445,11
highest-temperature-in-warsaw-on-june-7-2026,Warsaw,2026-06-07,clean,microprice_minus_mid,60,all,0.04459563406072254,0.7703501230389651,-0.005402068753496609,0.9941207337387574,11
highest-temperature-in-warsaw-on-june-7-2026,Warsaw,2026-06-07,clean,microprice_minus_mid,120,1-6h,-0.19363871434108695,0.7566099719175541,-0.0008829809781168,0.9245475113122172,2
highest-temperature-in-warsaw-on-june-7-2026,Warsaw,2026-06-07,clean,microprice_minus_mid,120,6-24h,0.05650557499199063,0.7279890642370513,-0.0057356037260811,0.9504944332729466,10
highest-temperature-in-warsaw-on-june-7-2026,Warsaw,2026-06-07,clean,microprice_minus_mid,120,>24h,0.028143305642747887,0.7553328188449014,-0.005045301842343845,0.9961479694235812,11
highest-temperature-in-warsaw-on-june-7-2026,Warsaw,2026-06-07,clean,microprice_minus_mid,120,all,0.0631527874018023,0.7247897953785336,-0.005366529974415891,0.9918788397453911,11
highest-temperature-in-warsaw-on-june-7-2026,Warsaw,2026-06-07,clean,microprice_minus_mid,300,1-6h,0.1919850471040531,0.7908250966910184,-0.0010853566824237,0.6501131221719457,2
highest-temperature-in-warsaw-on-june-7-2026,Warsaw,2026-06-07,clean,microprice_minus_mid,300,6-24h,0.027245832982624285,0.6521299412670766,-0.0057592440661719,0.897406880751395,10
highest-temperature-in-warsaw-on-june-7-2026,Warsaw,2026-06-07,clean,microprice_minus_mid,300,>24h,0.03719701371235702,0.688691966128432,-0.005143290116928218,0.9930164255736532,11
highest-temperature-in-warsaw-on-june-7-2026,Warsaw,2026-06-07,clean,microprice_minus_mid,300,all,0.058111547980295296,0.6507639491093733,-0.005420462918469718,0.9828340672570367,11
highest-temperature-in-warsaw-on-june-7-2026,Warsaw,2026-06-07,clean,microprice_minus_mid,600,1-6h,-0.0590858064461388,0.9549632352941175,-0.00099310661764705,0.32307692307692304,2
highest-temperature-in-warsaw-on-june-7-2026,Warsaw,2026-06-07,clean,microprice_minus_mid,600,6-24h,0.04699224049585714,0.60079577590029,-0.00568939231716902,0.8642335966625652,10
highest-temperature-in-warsaw-on-june-7-2026,Warsaw,2026-06-07,clean,microprice_minus_mid,600,>24h,0.04439142661420889,0.6384712117004768,-0.005203703789579527,0.9890830056371239,11
highest-temperature-in-warsaw-on-june-7-2026,Warsaw,2026-06-07,clean,microprice_minus_mid,600,all,0.06282922854694917,0.5953904920503043,-0.0054676260358352095,0.9692345028146282,11
highest-temperature-in-warsaw-on-june-7-2026,Warsaw,2026-06-07,clean,microprice_minus_mid,900,1-6h,,0.0,-0.0008333333333333,0.19852941176470584,2
highest-temperature-in-warsaw-on-june-7-2026,Warsaw,2026-06-07,clean,microprice_minus_mid,900,6-24h,0.043590214466767405,0.5522691130566282,-0.0061483154568164,0.8449258209097309,10
highest-temperature-in-warsaw-on-june-7-2026,Warsaw,2026-06-07,clean,microprice_minus_mid,900,>24h,0.056540389350326924,0.5968668845033562,-0.005041070876882683,0.9848788667885796,11
highest-temperature-in-warsaw-on-june-7-2026,Warsaw,2026-06-07,clean,microprice_minus_mid,900,all,0.04368064125046673,0.5497193866918593,-0.005827251684722909,0.9621520571721739,11
highest-temperature-in-wellington-on-june-9-2026,Wellington,2026-06-09,clean,depth_imbalance_1,30,1-6h,0.0774471981069792,0.9686387323605652,-0.00151344256472935,0.9980449060454748,2
highest-temperature-in-wellington-on-june-9-2026,Wellington,2026-06-09,clean,depth_imbalance_1,30,6-24h,0.08054484694871122,0.8020373476914949,-0.0076200365414457,0.9806304023896297,8
highest-temperature-in-wellington-on-june-9-2026,Wellington,2026-06-09,clean,depth_imbalance_1,30,>24h,0.09514194119159658,0.8639739741047506,-0.0075494342185791095,0.9990746839677326,11
highest-temperature-in-wellington-on-june-9-2026,Wellington,2026-06-09,clean,depth_imbalance_1,30,all,0.0915021697001917,0.8443547203487252,-0.007171563746655973,0.997737974997817,11
highest-temperature-in-wellington-on-june-9-2026,Wellington,2026-06-09,clean,depth_imbalance_1,60,1-6h,0.07886560972154985,0.9425594979826712,-0.0015108915569028,0.996364136399376,2
highest-temperature-in-wellington-on-june-9-2026,Wellington,2026-06-09,clean,depth_imbalance_1,60,6-24h,0.09086894795499909,0.745939719240764,-0.007495391777990763,0.934406879681147,8
highest-temperature-in-wellington-on-june-9-2026,Wellington,2026-06-09,clean,depth_imbalance_1,60,>24h,0.08087199210108202,0.8239327626672207,-0.007520988940741055,0.9986217215842189,11
highest-temperature-in-wellington-on-june-9-2026,Wellington,2026-06-09,clean,depth_imbalance_1,60,all,0.08312095496442841,0.8031351434892968,-0.007098761627666536,0.9966341400717463,11
highest-temperature-in-wellington-on-june-9-2026,Wellington,2026-06-09,clean,depth_imbalance_1,120,1-6h,0.08551507825102306,0.8971844347117509,-0.00151095610516605,0.990800184669479,2
highest-temperature-in-wellington-on-june-9-2026,Wellington,2026-06-09,clean,depth_imbalance_1,120,6-24h,0.08189936813536523,0.6318235483758537,-0.008365313548647028,0.8564969581792087,8
highest-temperature-in-wellington-on-june-9-2026,Wellington,2026-06-09,clean,depth_imbalance_1,120,>24h,0.10301301437163088,0.7694259856632261,-0.007447165251128701,0.9975673987085559,11
highest-temperature-in-wellington-on-june-9-2026,Wellington,2026-06-09,clean,depth_imbalance_1,120,all,0.10423700324581765,0.7493067415809999,-0.007004474964514554,0.9939989351311223,11
highest-temperature-in-wellington-on-june-9-2026,Wellington,2026-06-09,clean,depth_imbalance_1,300,1-6h,0.09546640605810106,0.7875785816571796,-0.0014995518970558502,0.9764253992173235,2
highest-temperature-in-wellington-on-june-9-2026,Wellington,2026-06-09,clean,depth_imbalance_1,300,6-24h,0.04001491755682945,0.5343454588991216,-0.0083018755127633,0.8426449914200854,8
highest-temperature-in-wellington-on-june-9-2026,Wellington,2026-06-09,clean,depth_imbalance_1,300,>24h,0.12135488782398997,0.6795061399373783,-0.007260752968738209,0.9954829223492104,11
highest-temperature-in-wellington-on-june-9-2026,Wellington,2026-06-09,clean,depth_imbalance_1,300,all,0.1173230388510921,0.6679458836004423,-0.006824659062214436,0.9894019881945536,11
highest-temperature-in-wellington-on-june-9-2026,Wellington,2026-06-09,clean,depth_imbalance_1,600,1-6h,0.0745914913259346,0.5916345016197246,-0.0014231751751428,0.9611286194806306,2
highest-temperature-in-wellington-on-june-9-2026,Wellington,2026-06-09,clean,depth_imbalance_1,600,6-24h,0.09433000248694454,0.4579687187721272,-0.008469146381489157,0.8306927478607666,8
highest-temperature-in-wellington-on-june-9-2026,Wellington,2026-06-09,clean,depth_imbalance_1,600,>24h,0.15229475618453805,0.5734375869610614,-0.0070682321549576455,0.991504050470398,11
highest-temperature-in-wellington-on-june-9-2026,Wellington,2026-06-09,clean,depth_imbalance_1,600,all,0.14623701671776276,0.5761716151584909,-0.006829264060506237,0.9842855927696452,11
highest-temperature-in-wellington-on-june-9-2026,Wellington,2026-06-09,clean,depth_imbalance_1,900,1-6h,0.1257398380468085,0.5332555690847453,-0.001447581714523,0.933007530697467,2
highest-temperature-in-wellington-on-june-9-2026,Wellington,2026-06-09,clean,depth_imbalance_1,900,6-24h,0.1361403277968947,0.4059444350451682,-0.008181777422143858,0.8185724612044315,8
highest-temperature-in-wellington-on-june-9-2026,Wellington,2026-06-09,clean,depth_imbalance_1,900,>24h,0.19917215977686184,0.5048961984454396,-0.006785688883477137,0.989566094672778,11
highest-temperature-in-wellington-on-june-9-2026,Wellington,2026-06-09,clean,depth_imbalance_1,900,all,0.18575860543175907,0.5124150538570199,-0.0066303193777252365,0.9799931561526172,11
highest-temperature-in-wellington-on-june-9-2026,Wellington,2026-06-09,clean,microprice_minus_mid,30,1-6h,0.04085025241990205,0.9686387323605652,-0.00151344256472935,0.9980449060454748,2
highest-temperature-in-wellington-on-june-9-2026,Wellington,2026-06-09,clean,microprice_minus_mid,30,6-24h,0.06996335329132358,0.8020373476914949,-0.007613397512150188,0.9806304023896297,8
highest-temperature-in-wellington-on-june-9-2026,Wellington,2026-06-09,clean,microprice_minus_mid,30,>24h,0.08362938600496304,0.8639739741047506,-0.0075566938129658,0.9990746839677326,11
highest-temperature-in-wellington-on-june-9-2026,Wellington,2026-06-09,clean,microprice_minus_mid,30,all,0.07783449254102591,0.8443547203487252,-0.0071729941468530005,0.997737974997817,11
highest-temperature-in-wellington-on-june-9-2026,Wellington,2026-06-09,clean,microprice_minus_mid,60,1-6h,0.022619960740605502,0.9425594979826712,-0.0015108915569028,0.996364136399376,2
highest-temperature-in-wellington-on-june-9-2026,Wellington,2026-06-09,clean,microprice_minus_mid,60,6-24h,0.07942482825314463,0.745939719240764,-0.007490595154478525,0.934406879681147,8
highest-temperature-in-wellington-on-june-9-2026,Wellington,2026-06-09,clean,microprice_minus_mid,60,>24h,0.06471157804127901,0.8239327626672207,-0.0075280506774712645,0.9986217215842189,11
highest-temperature-in-wellington-on-june-9-2026,Wellington,2026-06-09,clean,microprice_minus_mid,60,all,0.06675492115610353,0.8031351434892968,-0.007100870750291818,0.9966341400717463,11
highest-temperature-in-wellington-on-june-9-2026,Wellington,2026-06-09,clean,microprice_minus_mid,120,1-6h,-0.008704485380950353,0.8971844347117509,-0.00151095610516605,0.990800184669479,2
highest-temperature-in-wellington-on-june-9-2026,Wellington,2026-06-09,clean,microprice_minus_mid,120,6-24h,0.07271826591928607,0.6318235483758537,-0.008364427196045115,0.8564969581792087,8
highest-temperature-in-wellington-on-june-9-2026,Wellington,2026-06-09,clean,microprice_minus_mid,120,>24h,0.08149098568453238,0.7694259856632261,-0.007454048676892128,0.9975673987085559,11
highest-temperature-in-wellington-on-june-9-2026,Wellington,2026-06-09,clean,microprice_minus_mid,120,all,0.08500527086702235,0.7493067415809999,-0.007008393376782882,0.9939989351311223,11
highest-temperature-in-wellington-on-june-9-2026,Wellington,2026-06-09,clean,microprice_minus_mid,300,1-6h,0.021724500067858005,0.7875785816571796,-0.0014995518970558502,0.9764253992173235,2
highest-temperature-in-wellington-on-june-9-2026,Wellington,2026-06-09,clean,microprice_minus_mid,300,6-24h,0.022694010540360875,0.5343454588991216,-0.008305819356804,0.8426449914200854,8
highest-temperature-in-wellington-on-june-9-2026,Wellington,2026-06-09,clean,microprice_minus_mid,300,>24h,0.09083046372575734,0.6795061399373783,-0.0072686520204678275,0.9954829223492104,11
highest-temperature-in-wellington-on-june-9-2026,Wellington,2026-06-09,clean,microprice_minus_mid,300,all,0.08732736129220735,0.6679458836004423,-0.006830378708274154,0.9894019881945536,11
highest-temperature-in-wellington-on-june-9-2026,Wellington,2026-06-09,clean,microprice_minus_mid,600,1-6h,0.036142580197048996,0.5916345016197246,-0.0014231751751428,0.9611286194806306,2
highest-temperature-in-wellington-on-june-9-2026,Wellington,2026-06-09,clean,microprice_minus_mid,600,6-24h,0.053009865071729646,0.4579687187721272,-0.008472579240790286,0.8306927478607666,8
highest-temperature-in-wellington-on-june-9-2026,Wellington,2026-06-09,clean,microprice_minus_mid,600,>24h,0.12956472810510028,0.5734375869610614,-0.007077328339753946,0.991504050470398,11
highest-temperature-in-wellington-on-june-9-2026,Wellington,2026-06-09,clean,microprice_minus_mid,600,all,0.1167491207367303,0.5761716151584909,-0.006835227939177909,0.9842855927696452,11
highest-temperature-in-wellington-on-june-9-2026,Wellington,2026-06-09,clean,microprice_minus_mid,900,1-6h,0.03361642959055161,0.5332555690847453,-0.001447581714523,0.933007530697467,2
highest-temperature-in-wellington-on-june-9-2026,Wellington,2026-06-09,clean,microprice_minus_mid,900,6-24h,0.10494719768890874,0.4059444350451682,-0.008191113682327241,0.8185724612044315,8
highest-temperature-in-wellington-on-june-9-2026,Wellington,2026-06-09,clean,microprice_minus_mid,900,>24h,0.1780875797338402,0.5048961984454396,-0.006794786444007037,0.989566094672778,11
highest-temperature-in-wellington-on-june-9-2026,Wellington,2026-06-09,clean,microprice_minus_mid,900,all,0.15764225491311715,0.5124150538570199,-0.006637806017260091,0.9799931561526172,11
highest-temperature-in-wuhan-on-june-10-2026,Wuhan,2026-06-10,clean,depth_imbalance_1,30,6-24h,0.11232292879348726,0.738748660721631,-0.008556603881256425,0.9960567880039359,8
highest-temperature-in-wuhan-on-june-10-2026,Wuhan,2026-06-10,clean,depth_imbalance_1,30,>24h,0.04762487549140492,0.8197127413953004,-0.00957687334462451,0.9998745894726646,10
highest-temperature-in-wuhan-on-june-10-2026,Wuhan,2026-06-10,clean,depth_imbalance_1,30,all,0.06133336210648499,0.8028867035488287,-0.00873900441229971,0.998381752299324,10
highest-temperature-in-wuhan-on-june-10-2026,Wuhan,2026-06-10,clean,depth_imbalance_1,60,6-24h,0.12477224812193347,0.6880567040126623,-0.008387253400478176,0.9948116511414139,8
highest-temperature-in-wuhan-on-june-10-2026,Wuhan,2026-06-10,clean,depth_imbalance_1,60,>24h,0.056753371043910095,0.7742325469774552,-0.00950740490770776,0.9996550778289237,10
highest-temperature-in-wuhan-on-june-10-2026,Wuhan,2026-06-10,clean,depth_imbalance_1,60,all,0.0693328552071991,0.7579486170058207,-0.00862770021486303,0.9977510892261693,10
highest-temperature-in-wuhan-on-june-10-2026,Wuhan,2026-06-10,clean,depth_imbalance_1,120,6-24h,0.14558631039896602,0.6328162242354413,-0.008214380398104137,0.9931041781033778,8
highest-temperature-in-wuhan-on-june-10-2026,Wuhan,2026-06-10,clean,depth_imbalance_1,120,>24h,0.06965955649462734,0.7292853139831085,-0.00945350655217487,0.9994275808776383,10
highest-temperature-in-wuhan-on-june-10-2026,Wuhan,2026-06-10,clean,depth_imbalance_1,120,all,0.08164891267370297,0.7124556413468531,-0.00852384646946273,0.9968791626768567,10
highest-temperature-in-wuhan-on-june-10-2026,Wuhan,2026-06-10,clean,depth_imbalance_1,300,6-24h,0.1520679208443747,0.5374609296233843,-0.008796026775897213,0.9878370510664526,8
highest-temperature-in-wuhan-on-june-10-2026,Wuhan,2026-06-10,clean,depth_imbalance_1,300,>24h,0.07827490029295854,0.645127924867765,-0.0092714517392866,0.9982223604642307,10
highest-temperature-in-wuhan-on-june-10-2026,Wuhan,2026-06-10,clean,depth_imbalance_1,300,all,0.08787022377405206,0.629405009240456,-0.008647835329521271,0.9936862354754974,10
highest-temperature-in-wuhan-on-june-10-2026,Wuhan,2026-06-10,clean,depth_imbalance_1,600,6-24h,0.16384617482503477,0.44848512063515056,-0.00945198490188275,0.9846246220071522,8
highest-temperature-in-wuhan-on-june-10-2026,Wuhan,2026-06-10,clean,depth_imbalance_1,600,>24h,0.10229337790741722,0.5718256373587922,-0.00902195317438804,0.9972621550160052,10
highest-temperature-in-wuhan-on-june-10-2026,Wuhan,2026-06-10,clean,depth_imbalance_1,600,all,0.11216462951144172,0.5548434345410695,-0.00878138920854673,0.9917496516376125,10
highest-temperature-in-wuhan-on-june-10-2026,Wuhan,2026-06-10,clean,depth_imbalance_1,900,6-24h,0.17524209528487544,0.3806077288954779,-0.00940143463947065,0.9816799680327396,8
highest-temperature-in-wuhan-on-june-10-2026,Wuhan,2026-06-10,clean,depth_imbalance_1,900,>24h,0.1155972904552119,0.5216619072954746,-0.00889251586522263,0.9957037098075616,10
highest-temperature-in-wuhan-on-june-10-2026,Wuhan,2026-06-10,clean,depth_imbalance_1,900,all,0.12626498048834373,0.5022609099876904,-0.008685671370077851,0.9895830634159506,10
highest-temperature-in-wuhan-on-june-10-2026,Wuhan,2026-06-10,clean,microprice_minus_mid,30,6-24h,0.039995845852559525,0.738748660721631,-0.008571595497091137,0.9960567880039359,8
highest-temperature-in-wuhan-on-june-10-2026,Wuhan,2026-06-10,clean,microprice_minus_mid,30,>24h,0.010548328604931382,0.8197127413953004,-0.00958938872328865,0.9998745894726646,10
highest-temperature-in-wuhan-on-june-10-2026,Wuhan,2026-06-10,clean,microprice_minus_mid,30,all,0.02306388490535207,0.8028867035488287,-0.00875303459050668,0.998381752299324,10
highest-temperature-in-wuhan-on-june-10-2026,Wuhan,2026-06-10,clean,microprice_minus_mid,60,6-24h,0.03504574827574486,0.6880567040126623,-0.008403896584287113,0.9948116511414139,8
highest-temperature-in-wuhan-on-june-10-2026,Wuhan,2026-06-10,clean,microprice_minus_mid,60,>24h,0.01416354574488506,0.7742325469774552,-0.009520316905448651,0.9996550778289237,10
highest-temperature-in-wuhan-on-june-10-2026,Wuhan,2026-06-10,clean,microprice_minus_mid,60,all,0.025578112470493852,0.7579486170058207,-0.00864244740316492,0.9977510892261693,10
highest-temperature-in-wuhan-on-june-10-2026,Wuhan,2026-06-10,clean,microprice_minus_mid,120,6-24h,0.037801087785015924,0.6328162242354413,-0.008227774722722462,0.9931041781033778,8
highest-temperature-in-wuhan-on-june-10-2026,Wuhan,2026-06-10,clean,microprice_minus_mid,120,>24h,0.014875293965806757,0.7292853139831085,-0.00946489273883833,0.9994275808776383,10
highest-temperature-in-wuhan-on-june-10-2026,Wuhan,2026-06-10,clean,microprice_minus_mid,120,all,0.028126111985708913,0.7124556413468531,-0.0085361975729593,0.9968791626768567,10
highest-temperature-in-wuhan-on-june-10-2026,Wuhan,2026-06-10,clean,microprice_minus_mid,300,6-24h,0.01833261481630234,0.5374609296233843,-0.008807099469900888,0.9878370510664526,8
highest-temperature-in-wuhan-on-june-10-2026,Wuhan,2026-06-10,clean,microprice_minus_mid,300,>24h,0.026695056854511984,0.645127924867765,-0.009285126043806439,0.9982223604642307,10
highest-temperature-in-wuhan-on-june-10-2026,Wuhan,2026-06-10,clean,microprice_minus_mid,300,all,0.03233242935574621,0.629405009240456,-0.008660427669178631,0.9936862354754974,10
highest-temperature-in-wuhan-on-june-10-2026,Wuhan,2026-06-10,clean,microprice_minus_mid,600,6-24h,-0.00223775345854816,0.44848512063515056,-0.009466332470799463,0.9846246220071522,8
highest-temperature-in-wuhan-on-june-10-2026,Wuhan,2026-06-10,clean,microprice_minus_mid,600,>24h,0.04448074617051515,0.5718256373587922,-0.00903414669871498,0.9972621550160052,10
highest-temperature-in-wuhan-on-june-10-2026,Wuhan,2026-06-10,clean,microprice_minus_mid,600,all,0.04066123362280416,0.5548434345410695,-0.008794831470785521,0.9917496516376125,10
highest-temperature-in-wuhan-on-june-10-2026,Wuhan,2026-06-10,clean,microprice_minus_mid,900,6-24h,-0.015176653319756463,0.3806077288954779,-0.009430437879804862,0.9816799680327396,8
highest-temperature-in-wuhan-on-june-10-2026,Wuhan,2026-06-10,clean,microprice_minus_mid,900,>24h,0.041610840582826866,0.5216619072954746,-0.0089071600269491,0.9957037098075616,10
highest-temperature-in-wuhan-on-june-10-2026,Wuhan,2026-06-10,clean,microprice_minus_mid,900,all,0.038569831951670255,0.5022609099876904,-0.00870558341079197,0.9895830634159506,10
